2013-03-15,1.0,1.0,1046491.4718559985
2013-03-18,0.9835051546391752,0.9835051546391752,300840.9367528096
2013-03-19,0.9896907216494845,0.9896907216494845,346927.9771436558
2013-03-20,1.0154639175257731,1.0154639175257731,160924.32061900527
2013-03-21,1.0257731958762886,1.0257731958762886,224192.7401549818
2013-03-22,1.029896907216495,1.029896907216495,195677.5137178189
2013-03-25,1.0268041237113403,1.0268041237113403,97938.45258921842
2013-03-26,1.016494845360825,1.016494845360825,17241.10025893859
2013-03-27,1.0195876288659798,1.0195876288659798,83907.84381935978
2013-03-28,0.991752577319588,0.991752577319588,29647.680030720756
2013-03-29,0.9927835051546395,0.9927835051546395,241456.9582644268
2013-04-01,0.9979381443298974,0.9979381443298974,66328.96607802175
2013-04-02,0.9865979381443304,0.9865979381443304,9950.308155474364
2013-04-03,0.980412371134021,0.980412371134021,21828.067096922026
2013-04-08,0.9824742268041241,0.9824742268041241,199761.02514477348
2013-04-09,0.991752577319588,0.991752577319588,57992.41232039876
2013-04-10,0.9886597938144334,0.9886597938144334,22091.99589020373
2013-04-11,0.9865979381443303,0.9865979381443303,47730.97642685874
2013-04-12,0.9783505154639179,0.9783505154639179,87872.55518121192
2013-04-15,0.9608247422680417,0.9608247422680417,17311.738135486004
2013-04-16,0.9721649484536087,0.9721649484536087,27245.02898433758
2013-04-17,0.9804123711340211,0.9804123711340211,35173.48846427073
2013-04-18,0.9835051546391758,0.9835051546391758,16051.173120371697
2013-04-19,1.0041237113402066,1.0041237113402066,23416.777156724776
2013-04-22,1.0103092783505159,1.0103092783505159,12517.67388671583
2013-04-23,0.9814432989690726,0.9814432989690726,19195.842951759754
2013-04-24,1.001030927835052,1.001030927835052,10630.679339128774
2013-04-25,0.9886597938144335,0.9886597938144335,62471.17477476184
2013-04-26,0.9721649484536088,0.9721649484536088,44731.75640490695
2013-05-02,0.9752577319587634,0.9752577319587634,48058.80039029015
2013-05-03,0.9958762886597944,0.9958762886597944,31870.52557316506
2013-05-06,1.0134020618556707,1.0134020618556707,70236.20389486484
2013-05-07,1.015463917525774,1.015463917525774,58566.505607975014
2013-05-08,1.0257731958762895,1.0257731958762895,54294.84056439867
2013-05-09,1.0257731958762895,1.0257731958762895,26097.484571699137
2013-05-10,1.0319587628865987,1.0319587628865987,74488.60406301917
2013-05-13,1.0350515463917533,1.0350515463917533,74544.79328300006
2013-05-14,1.0237113402061864,1.0237113402061864,35723.500657569464
2013-05-15,1.0391752577319595,1.0391752577319595,91962.48823330719
2013-05-16,1.0505154639175265,1.0505154639175265,102997.4088750414
2013-05-17,1.0649484536082483,1.0649484536082483,88946.57198598965
2013-05-20,1.0783505154639186,1.0783505154639186,95747.71517247747
2013-05-21,1.0907216494845373,1.0907216494845373,92437.36741246002
2013-05-22,1.082474226804125,1.082474226804125,130338.120073975
2013-05-23,1.0742268041237126,1.0742268041237126,41882.481329989896
2013-05-24,1.0896907216494858,1.0896907216494858,51263.512416743506
2013-05-27,1.1000000000000012,1.1000000000000012,23816.523321731733
2013-05-28,1.1041237113402074,1.1041237113402074,26322.883614136794
2013-05-29,1.1103092783505166,1.1103092783505166,23347.74468646253
2013-05-30,1.1134020618556715,1.1134020618556715,44540.07089445783
2013-05-31,1.1092783505154653,1.1092783505154653,18475.015529719098
2013-06-03,1.1020618556701043,1.1020618556701043,12298.054306904778
2013-06-04,1.0793814432989703,1.0793814432989703,27886.54933589091
2013-06-05,1.0835051546391765,1.0835051546391765,8705.155040697675
2013-06-06,1.0639175257731972,1.0639175257731972,15587.852866472067
2013-06-07,1.0443298969072177,1.0443298969072177,23611.67347974423
2013-06-13,1.014432989690723,1.014432989690723,14965.918471597792
2013-06-14,1.037113402061857,1.037113402061857,22957.630959166585
2013-06-17,1.037113402061857,1.037113402061857,29270.40955370616
2013-06-18,1.0402061855670115,1.0402061855670115,7472.203013688267
2013-06-19,1.0360824742268053,1.0360824742268053,58723.19326140746
2013-06-20,1.003092783505156,1.003092783505156,39809.25965332329
2013-06-21,0.9958762886597952,0.9958762886597952,64491.09696276085
2013-06-24,0.9360824742268055,0.9360824742268055,16675.355084045208
2013-06-25,0.9319587628865993,0.9319587628865993,85198.59047263526
2013-06-26,0.9505154639175273,0.9505154639175273,34357.299908891066
2013-06-27,0.9340206185567025,0.9340206185567025,22692.738922113782
2013-06-28,0.9360824742268056,0.9360824742268056,10494.219804889452
2013-07-01,0.953608247422682,0.953608247422682,42087.65225323443
2013-07-02,0.9711340206185581,0.9711340206185581,12489.097654839828
2013-07-03,0.9711340206185581,0.9711340206185581,11525.85388373873
2013-07-04,0.9793814432989705,0.9793814432989705,7371.704580236718
2013-07-05,0.9752577319587643,0.9752577319587643,12432.908434858931
2013-07-08,0.9391752577319603,0.9391752577319603,6779.951823523609
2013-07-09,0.9422680412371149,0.9422680412371149,3579.092772154654
2013-07-10,0.9721649484536098,0.9721649484536098,8403.338659085997
2013-07-11,1.0010309278350533,1.0010309278350533,14488.470642388678
2013-07-12,0.9927835051546409,0.9927835051546409,14041.204451340735
2013-07-15,1.0103092783505172,1.0103092783505172,11390.357593270508
2013-07-16,1.0226804123711357,1.0226804123711357,8628.737701523654
2013-07-17,1.0092783505154657,1.0092783505154657,6302.182913057463
2013-07-18,1.0072164948453626,1.0072164948453626,5668.36851167294
2013-07-19,0.9845360824742284,0.9845360824742284,6474.282466827527
2013-07-22,1.0030927835051564,1.0030927835051564,4109.84009003136
2013-07-23,1.0268041237113419,1.0268041237113419,11969.267099702269
2013-07-24,1.0319587628865994,1.0319587628865994,8979.679515461488
2013-07-25,1.0144329896907232,1.0144329896907232,6066.830351651762
2013-07-26,1.01237113402062,1.01237113402062,8726.025322404865
2013-07-29,0.9917525773195891,0.9917525773195891,2742.6760975818656
2013-07-30,0.9865979381443314,0.9865979381443314,9194.482876417032
2013-07-31,0.9927835051546408,0.9927835051546408,9969.25194963935
2013-08-01,1.0206185567010326,1.0206185567010326,21587.25615414675
2013-08-02,1.0226804123711357,1.0226804123711357,8295.776437979706
2013-08-05,1.040206185567012,1.040206185567012,12459.237097935695
2013-08-06,1.0505154639175274,1.0505154639175274,11161.105575748446
2013-08-07,1.0371134020618573,1.0371134020618573,59744.8738212887
2013-08-08,1.0391752577319604,1.0391752577319604,57162.09618970961
2013-08-09,1.0443298969072181,1.0443298969072181,5729.373950509343
2013-08-12,1.062886597938146,1.062886597938146,22235.19813084076
2013-08-13,1.0670103092783523,1.0670103092783523,46917.03544027831
2013-08-14,1.0618556701030946,1.0618556701030946,34778.23743686225
2013-08-15,1.0484536082474243,1.0484536082474243,5792.6269581449815
2013-08-16,1.0257731958762903,1.0257731958762903,28391.28907194789
2013-08-19,1.0432989690721666,1.0432989690721666,63024.397780630905
2013-08-20,1.0371134020618573,1.0371134020618573,5048.360604340865
2013-08-21,1.0443298969072181,1.0443298969072181,3597.073322548541
2013-08-22,1.0494845360824758,1.0494845360824758,9652.34474894709
2013-08-23,1.0463917525773212,1.0463917525773212,9146.962850376045
2013-08-26,1.0690721649484554,1.0690721649484554,14888.537888652669
2013-08-27,1.077319587628868,1.077319587628868,12463.0900730201
2013-08-28,1.0711340206185587,1.0711340206185587,9942.923286562587
2013-08-29,1.0711340206185587,1.0711340206185587,8545.89873720896
2013-08-30,1.0597938144329917,1.0597938144329917,21034.033148277686
2013-09-02,1.0618556701030948,1.0618556701030948,4370.8791519997585
2013-09-03,1.0824742268041256,1.0824742268041256,29910.96666148839
2013-09-04,1.081443298969074,1.081443298969074,10036.679013616429
2013-09-05,1.0876288659793834,1.0876288659793834,21935.30823677128
2013-09-06,1.095876288659796,1.095876288659796,41999.033826293125
2013-09-09,1.1041237113402085,1.1041237113402085,15936.8681928677
2013-09-10,1.1134020618556726,1.1134020618556726,10729.572366295153
2013-09-11,1.1092783505154664,1.1092783505154664,5964.084349400978
2013-09-12,1.1030927835051572,1.1030927835051572,11550.898221787358
2013-09-13,1.1061855670103116,1.1061855670103116,5583.281978559009
2013-09-16,1.1051546391752602,1.1051546391752602,5503.653826814651
2013-09-17,1.1020618556701054,1.1020618556701054,3234.25150210046
2013-09-18,1.10515463917526,1.10515463917526,2000.336231319951
2013-09-23,1.1268041237113424,1.1268041237113424,9632.758792268034
2013-09-24,1.1268041237113424,1.1268041237113424,6820.408061909856
2013-09-25,1.1288659793814455,1.1288659793814455,19209.97052706924
2013-09-26,1.1154639175257755,1.1154639175257755,3854.5804906895687
2013-09-27,1.1092783505154662,1.1092783505154662,2213.8552672473616
2013-09-30,1.1329896907216517,1.1329896907216517,5326.095891675016
2013-10-08,1.1371134020618578,1.1371134020618578,9997.507100258317
2013-10-09,1.1505154639175281,1.1505154639175281,13478.991170274727
2013-10-10,1.1453608247422704,1.1453608247422704,39169.344708055134
2013-10-11,1.1628865979381466,1.1628865979381466,12096.09419623058
2013-10-14,1.1742268041237138,1.1742268041237138,16564.582050368583
2013-10-15,1.1773195876288682,1.1773195876288682,7928.459479933154
2013-10-16,1.1443298969072189,1.1443298969072189,42014.76680788778
2013-10-17,1.1360824742268065,1.1360824742268065,92310.21923467469
2013-10-18,1.1474226804123735,1.1474226804123735,11008.270897400405
2013-10-21,1.1752577319587652,1.1752577319587652,11264.493740513297
2013-10-22,1.1639175257731982,1.1639175257731982,9922.695167369466
2013-10-23,1.1350515463917548,1.1350515463917548,34787.86987457326
2013-10-24,1.1309278350515486,1.1309278350515486,40030.80572067655
2013-10-25,1.1010309278350539,1.1010309278350539,17130.96938777603
2013-10-28,1.0989690721649508,1.0989690721649508,10400.142996578577
2013-10-29,1.0690721649484558,1.0690721649484558,30866.50448242068
2013-10-30,1.0865979381443323,1.0865979381443323,10875.98541950252
2013-10-31,1.0742268041237137,1.0742268041237137,6172.145003958815
2013-11-01,1.0701030927835076,1.0701030927835076,6232.508280281151
2013-11-04,1.0752577319587653,1.0752577319587653,7325.468879223866
2013-11-05,1.0896907216494869,1.0896907216494869,8103.127683759487
2013-11-06,1.0814432989690745,1.0814432989690745,4146.443353333202
2013-11-07,1.0649484536082499,1.0649484536082499,5822.166433792082
2013-11-08,1.0494845360824767,1.0494845360824767,2714.0998657058663
2013-11-11,1.0536082474226829,1.0536082474226829,200183.88916028687
2013-11-12,1.0618556701030952,1.0618556701030952,13735.214013387618
2013-11-13,1.0443298969072188,1.0443298969072188,15886.137354256374
2013-11-14,1.0567010309278373,1.0567010309278373,21939.803374369756
2013-11-15,1.0793814432989715,1.0793814432989715,28549.26105040847
2013-11-18,1.1041237113402085,1.1041237113402085,28895.065564233766
2013-11-19,1.1092783505154664,1.1092783505154664,42788.572637339
2013-11-20,1.1206185567010334,1.1206185567010334,28098.14188427612
2013-11-21,1.1164948453608272,1.1164948453608272,23302.151147963745
2013-11-22,1.110309278350518,1.110309278350518,23644.744849218703
2013-11-25,1.1061855670103118,1.1061855670103118,50086.42852845797
2013-11-26,1.110309278350518,1.110309278350518,12498.73009255084
2013-11-27,1.1216494845360852,1.1216494845360852,20854.54872559585
2013-11-28,1.1329896907216521,1.1329896907216521,38872.02346404192
2013-11-29,1.13814432989691,1.13814432989691,15172.052638613426
2013-12-02,1.089690721649487,1.089690721649487,31303.817154500583
2013-12-03,1.1134020618556728,1.1134020618556728,24259.93653769527
2013-12-04,1.1340206185567039,1.1340206185567039,22378.079290220754
2013-12-05,1.1340206185567039,1.1340206185567039,5268.622346665983
2013-12-06,1.1319587628866008,1.1319587628866008,8914.500020283647
2013-12-09,1.1391752577319616,1.1391752577319616,11386.18353692907
2013-12-10,1.1391752577319616,1.1391752577319616,13198.366151627273
2013-12-11,1.1278350515463946,1.1278350515463946,9522.306839848441
2013-12-12,1.1298969072164977,1.1298969072164977,10954.97140873281
2013-12-13,1.1319587628866008,1.1319587628866008,16263.728912528006
2013-12-16,1.1123711340206213,1.1123711340206213,10722.829659897445
2013-12-17,1.1051546391752605,1.1051546391752605,20170.645648114067
2013-12-18,1.1030927835051574,1.1030927835051574,5291.740197172409
2013-12-19,1.094845360824745,1.094845360824745,3546.3424839372165
2013-12-20,1.0804123711340232,1.0804123711340232,6912.879463935561
2013-12-23,1.0783505154639201,1.0783505154639201,10063.649839207259
2013-12-24,1.0845360824742294,1.0845360824742294,16892.08493254296
2013-12-25,1.0979381443298994,1.0979381443298994,18463.456604465886
2013-12-26,1.0783505154639201,1.0783505154639201,13927.541686350805
2013-12-27,1.0958762886597964,1.0958762886597964,10708.38100333093
2013-12-30,1.0989690721649512,1.0989690721649512,11559.888496984302
2013-12-31,1.1041237113402087,1.1041237113402087,600270.400299699
2014-01-02,1.110309278350518,1.110309278350518,14580.299881900317
2014-01-03,1.1030927835051572,1.1030927835051572,183035.58138463102
2014-01-06,1.0721649484536107,1.0721649484536107,961268.8002890857
2014-01-07,1.0762886597938168,1.0762886597938168,13072.502298870062
2014-01-08,1.0773195876288684,1.0773195876288684,147262.9552947354
2014-01-09,1.0670103092783527,1.0670103092783527,82663.33286709717
2014-01-10,1.0463917525773219,1.0463917525773219,70905.6583157801
2014-01-13,1.0412371134020642,1.0412371134020642,91808.04814867397
2014-01-14,1.0597938144329921,1.0597938144329921,8492.278167284332
2014-01-15,1.0659793814433014,1.0659793814433014,21795.637889961625
2014-01-16,1.0721649484536107,1.0721649484536107,2485.8110919549054
2014-01-17,1.0577319587628888,1.0577319587628888,2074.8270829517696
2014-01-20,1.0505154639175278,1.0505154639175278,10030.899550989821
2014-01-21,1.0628865979381463,1.0628865979381463,3878.3405037100624
2014-01-22,1.0948453608247444,1.0948453608247444,16185.706167068816
2014-01-23,1.103092783505157,1.103092783505157,377593.80584043043
2014-01-24,1.1206185567010332,1.1206185567010332,716084.7307930117
2014-01-27,1.1195876288659818,1.1195876288659818,104315.44743516472
2014-01-28,1.1175257731958788,1.1175257731958788,108881.86507269801
2014-01-29,1.125773195876291,1.125773195876291,6205.216373433286
2014-01-30,1.1195876288659818,1.1195876288659818,14364.212195916638
2014-02-07,1.1412371134020645,1.1412371134020645,15481.253889136879
2014-02-10,1.174226804123714,1.174226804123714,106025.20512886917
2014-02-11,1.1773195876288685,1.1773195876288685,174719.89790871524
2014-02-12,1.1896907216494872,1.1896907216494872,207903.3247418911
2014-02-13,1.172164948453611,1.172164948453611,27767.42818953141
2014-02-14,1.1917525773195903,1.1917525773195903,28261.25116284924
2014-02-17,1.2144329896907242,1.2144329896907242,28825.069850200416
2014-02-18,1.2113402061855698,1.2113402061855698,298524.6565645685
2014-02-19,1.2123711340206214,1.2123711340206214,58855.79982056238
2014-02-20,1.1948453608247451,1.1948453608247451,24481.161523791492
2014-02-21,1.187628865979384,1.187628865979384,106293.95014100638
2014-02-24,1.1824742268041264,1.1824742268041264,61331.65739354924
2014-02-25,1.1412371134020645,1.1412371134020645,74776.6139505784
2014-02-26,1.1474226804123737,1.1474226804123737,130552.60235367352
2014-02-27,1.1319587628866006,1.1319587628866006,60282.042764306076
2014-02-28,1.144329896907219,1.144329896907219,54563.26449527885
2014-03-03,1.1680412371134048,1.1680412371134048,36097.88140327076
2014-03-04,1.167010309278353,1.167010309278353,142256.0141725519
2014-03-05,1.1608247422680438,1.1608247422680438,178923.1726445434
2014-03-06,1.1597938144329925,1.1597938144329925,70220.79199452723
2014-03-07,1.1556701030927863,1.1556701030927863,25030.21047331912
2014-03-10,1.1123711340206213,1.1123711340206213,42461.390836421655
2014-03-11,1.113402061855673,1.113402061855673,122743.5851013569
2014-03-12,1.113402061855673,1.113402061855673,36357.63614021102
2014-03-13,1.1257731958762915,1.1257731958762915,30133.475972612745
2014-03-14,1.1185567010309305,1.1185567010309305,91634.34318861875
2014-03-17,1.1432989690721678,1.1432989690721678,47651.669356371414
2014-03-18,1.149484536082477,1.149484536082477,26226.23815576965
2014-03-19,1.1453608247422709,1.1453608247422709,27631.610817806155
2014-03-20,1.1164948453608274,1.1164948453608274,15877.468160316464
2014-03-21,1.1371134020618585,1.1371134020618585,61304.365486701376
2014-03-24,1.1474226804123742,1.1474226804123742,44227.016668849974
2014-03-25,1.1474226804123742,1.1474226804123742,30344.426358483885
2014-03-26,1.1515463917525803,1.1515463917525803,49396.42490709254
2014-03-27,1.1360824742268072,1.1360824742268072,49563.7082420071
2014-03-28,1.11134020618557,1.11134020618557,77272.69964275838
2014-03-31,1.1051546391752607,1.1051546391752607,25747.827082789438
2014-04-01,1.122680412371137,1.122680412371137,47474.111421231784
2014-04-02,1.1237113402061885,1.1237113402061885,42762.56505551927
2014-04-03,1.1216494845360854,1.1216494845360854,36046.508402145366
2014-04-04,1.1329896907216523,1.1329896907216523,61514.99479131548
2014-04-08,1.1463917525773226,1.1463917525773226,62539.886163767056
2014-04-09,1.156701030927838,1.156701030927838,68860.04962721841
2014-04-10,1.1618556701030958,1.1618556701030958,118799.42293995494
2014-04-11,1.156701030927838,1.156701030927838,40589.80818917222
2014-04-14,1.1659793814433017,1.1659793814433017,54393.73359156505
2014-04-15,1.1577319587628894,1.1577319587628894,36616.10655212315
2014-04-16,1.1567010309278378,1.1567010309278378,44244.676137986826
2014-04-17,1.1556701030927863,1.1556701030927863,22371.015502566013
2014-04-18,1.1608247422680438,1.1608247422680438,54443.50118640527
2014-04-21,1.1412371134020645,1.1412371134020645,57793.02085978083
2014-04-22,1.1350515463917552,1.1350515463917552,74315.541265478
2014-04-23,1.1298969072164975,1.1298969072164975,58665.07755388436
2014-04-24,1.1185567010309303,1.1185567010309303,30894.11747052558
2014-04-25,1.093814432989693,1.093814432989693,84984.10819293675
2014-04-28,1.0608247422680435,1.0608247422680435,28328.999308083352
2014-04-29,1.075257731958765,1.075257731958765,83121.51582088426
2014-04-30,1.0835051546391776,1.0835051546391776,59060.00750003581
2014-05-05,1.0927835051546417,1.0927835051546417,20534.751793590283
2014-05-06,1.096907216494848,1.096907216494848,40493.162730805074
2014-05-07,1.0793814432989715,1.0793814432989715,29394.989081435237
2014-05-08,1.0804123711340232,1.0804123711340232,29070.05484931713
2014-05-09,1.0701030927835078,1.0701030927835078,52088.04908480605
2014-05-12,1.0979381443298994,1.0979381443298994,38165.00253605372
2014-05-13,1.0958762886597964,1.0958762886597964,47911.42409331168
2014-05-14,1.092783505154642,1.092783505154642,18287.82515686845
2014-05-15,1.0752577319587655,1.0752577319587655,9259.020209080807
2014-05-16,1.0731958762886624,1.0731958762886624,40067.40898397839
2014-05-19,1.06494845360825,1.06494845360825,29657.954630945835
2014-05-20,1.0701030927835078,1.0701030927835078,73648.655494619
2014-05-21,1.0793814432989717,1.0793814432989717,54518.955281808194
2014-05-22,1.0793814432989717,1.0793814432989717,62599.60727757532
2014-05-23,1.092783505154642,1.092783505154642,42458.82218636539
2014-05-26,1.104123711340209,1.104123711340209,39794.48991549975
2014-05-27,1.1000000000000028,1.1000000000000028,40873.32293913297
2014-05-28,1.113402061855673,1.113402061855673,45237.78046599206
2014-05-29,1.1010309278350545,1.1010309278350545,44859.54674520636
2014-05-30,1.104123711340209,1.104123711340209,33769.400127262365
2014-06-03,1.1010309278350545,1.1010309278350545,45261.540479012554
2014-06-04,1.0927835051546422,1.0927835051546422,17970.596874919156
2014-06-05,1.1051546391752607,1.1051546391752607,23920.55364901065
2014-06-06,1.1020618556701058,1.1020618556701058,25433.16745089641
2014-06-09,1.0938144329896935,1.0938144329896935,19512.107989937947
2014-06-10,1.1082474226804153,1.1082474226804153,18570.69774431514
2014-06-11,1.1134020618556733,1.1134020618556733,76279.27423349611
2014-06-12,1.1113402061855702,1.1113402061855702,9027.841704016542
2014-06-13,1.1237113402061887,1.1237113402061887,31442.52425753914
2014-06-16,1.1288659793814462,1.1288659793814462,42699.95421039769
2014-06-17,1.1195876288659823,1.1195876288659823,27498.36209613717
2014-06-18,1.1144329896907244,1.1144329896907244,30890.264495441177
2014-06-19,1.0835051546391778,1.0835051546391778,62345.632003261664
2014-06-20,1.0938144329896933,1.0938144329896933,38606.16818321802
2014-06-23,1.1020618556701058,1.1020618556701058,32986.60402261421
2014-06-24,1.1092783505154669,1.1092783505154669,25509.263708813396
2014-06-25,1.1030927835051576,1.1030927835051576,13187.449388888126
2014-06-26,1.1175257731958792,1.1175257731958792,18972.3703968643
2014-06-27,1.1237113402061885,1.1237113402061885,28837.913100481765
2014-06-30,1.1350515463917554,1.1350515463917554,30203.792767903127
2014-07-01,1.143298969072168,1.143298969072168,35432.60103869693
2014-07-02,1.1515463917525803,1.1515463917525803,29099.915406221266
2014-07-03,1.162886597938147,1.162886597938147,72560.5111145318
2014-07-04,1.1597938144329927,1.1597938144329927,19093.09694950897
2014-07-07,1.161855670103096,1.161855670103096,34414.7734539001
2014-07-08,1.1701030927835083,1.1701030927835083,63971.908570137355
2014-07-09,1.152577319587632,1.152577319587632,36880.99858917595
2014-07-10,1.1515463917525806,1.1515463917525806,55874.560349004474
2014-07-11,1.1670103092783537,1.1670103092783537,59275.77410476246
2014-07-14,1.1835051546391786,1.1835051546391786,109105.33762759346
2014-07-15,1.185567010309282,1.185567010309282,75371.89860111887
2014-07-16,1.176288659793818,1.176288659793818,51106.182600796994
2014-07-17,1.1680412371134057,1.1680412371134057,44922.799752842
2014-07-18,1.1701030927835088,1.1701030927835088,62723.2235615333
2014-07-21,1.1670103092783541,1.1670103092783541,32302.700945132423
2014-07-22,1.183505154639179,1.183505154639179,96156.45161268137
2014-07-23,1.1752577319587665,1.1752577319587665,20493.332311432936
2014-07-24,1.1742268041237152,1.1742268041237152,52604.66882737327
2014-07-25,1.1845360824742308,1.1845360824742308,96078.42886722219
2014-07-28,1.2051546391752619,1.2051546391752619,40164.054442345536
2014-07-29,1.2164948453608286,1.2164948453608286,172987.98560827546
2014-07-30,1.218556701030932,1.218556701030932,122944.26088700297
2014-07-31,1.2329896907216535,1.2329896907216535,76085.98331676182
2014-08-01,1.2216494845360866,1.2216494845360866,80318.15536572303
2014-08-04,1.2381443298969113,1.2381443298969113,123296.80810722597
2014-08-05,1.243298969072169,1.243298969072169,36918.565096248894
2014-08-06,1.252577319587633,1.252577319587633,29222.247365151106
2014-08-07,1.2412371134020659,1.2412371134020659,39960.48892538617
2014-08-08,1.2474226804123751,1.2474226804123751,116553.13846574716
2014-08-11,1.267010309278355,1.267010309278355,73613.65763760233
2014-08-12,1.2742268041237157,1.2742268041237157,61502.47262229117
2014-08-13,1.2742268041237157,1.2742268041237157,94062.03857305055
2014-08-14,1.2659793814433034,1.2659793814433034,39147.51118257684
2014-08-15,1.2814432989690767,1.2814432989690767,73841.30424883922
2014-08-18,1.3000000000000043,1.3000000000000043,155350.9921594143
2014-08-19,1.303092783505159,1.303092783505159,79232.90071694912
2014-08-20,1.303092783505159,1.303092783505159,89105.18612696428
2014-08-21,1.3010309278350558,1.3010309278350558,48910.30788394352
2014-08-22,1.3092783505154681,1.3092783505154681,33847.743953978585
2014-08-25,1.2989690721649527,1.2989690721649527,55355.05087512395
2014-08-26,1.2783505154639216,1.2783505154639216,88583.75016554155
2014-08-27,1.2793814432989734,1.2793814432989734,241012.26072343515
2014-08-28,1.2680412371134062,1.2680412371134062,104160.68626927448
2014-08-29,1.2835051546391796,1.2835051546391796,50125.27936055904
2014-09-01,1.305154639175262,1.305154639175262,44716.66558582637
2014-09-02,1.325773195876293,1.325773195876293,102091.95973020635
2014-09-03,1.3360824742268085,1.3360824742268085,113716.0644785974
2014-09-04,1.3453608247422724,1.3453608247422724,138316.34714874838
2014-09-05,1.3515463917525818,1.3515463917525818,133976.29179742385
2014-09-09,1.3618556701030973,1.3618556701030973,131909.49174589795
2014-09-10,1.3639175257732004,1.3639175257732004,64488.207231447544
2014-09-11,1.3618556701030973,1.3618556701030973,92465.30148182197
2014-09-12,1.378350515463922,1.378350515463922,115963.31219657625
2014-09-15,1.3907216494845405,1.3907216494845405,102116.68298699796
2014-09-16,1.3453608247422724,1.3453608247422724,138072.00431214576
2014-09-17,1.3567010309278396,1.3567010309278396,233800.77569045822
2014-09-18,1.3659793814433034,1.3659793814433034,106251.2463338209
2014-09-19,1.378350515463922,1.378350515463922,114262.86585932579
2014-09-22,1.3587628865979426,1.3587628865979426,147554.17599486499
2014-09-23,1.3773195876288704,1.3773195876288704,152441.35380817493
2014-09-24,1.3958762886597984,1.3958762886597984,185601.98387210138
2014-09-25,1.3938144329896953,1.3938144329896953,134196.87462100602
2014-09-26,1.398969072164953,1.398969072164953,120473.86169538568
2014-09-29,1.4144329896907266,1.4144329896907266,115428.39082235812
2014-09-30,1.4237113402061905,1.4237113402061905,107282.55933141315
2014-10-08,1.4484536082474277,1.4484536082474277,162028.51906194416
2014-10-09,1.4494845360824793,1.4494845360824793,146133.07035123382
2014-10-10,1.4422680412371185,1.4422680412371185,108592.57086011065
2014-10-13,1.4432989690721698,1.4432989690721698,322690.83737520996
2014-10-14,1.4371134020618603,1.4371134020618603,152941.2773253764
2014-10-15,1.4432989690721698,1.4432989690721698,160114.5536887663
2014-10-16,1.4216494845360874,1.4216494845360874,184268.2123303834
2014-10-17,1.4072164948453656,1.4072164948453656,168053.60885018154
2014-10-20,1.426804123711345,1.426804123711345,177979.83591137838
2014-10-21,1.4134020618556749,1.4134020618556749,222042.13789537008
2014-10-22,1.3958762886597986,1.3958762886597986,142058.22811821912
2014-10-23,1.3783505154639222,1.3783505154639222,141793.33608116632
2014-10-24,1.3824742268041283,1.3824742268041283,83022.62279371788
2014-10-27,1.3927835051546438,1.3927835051546438,109088.64140222772
2014-10-28,1.4257731958762934,1.4257731958762934,134182.4259644395
2014-10-29,1.4474226804123758,1.4474226804123758,169293.94574610272
2014-10-30,1.4443298969072214,1.4443298969072214,191504.42062015188
2014-10-31,1.445360824742273,1.445360824742273,152955.40490068588
2014-11-03,1.4567010309278399,1.4567010309278399,237522.1074594788
2014-11-04,1.4484536082474275,1.4484536082474275,155486.48844988254
2014-11-05,1.4463917525773244,1.4463917525773244,218129.12061590038
2014-11-06,1.45670103092784,1.45670103092784,235588.8772108789
2014-11-07,1.4412371134020667,1.4412371134020667,236191.8678115882
2014-11-10,1.45670103092784,1.45670103092784,208155.69460991956
2014-11-11,1.4123711340206235,1.4123711340206235,179878.71046547568
2014-11-12,1.4360824742268092,1.4360824742268092,265000.88359893695
2014-11-13,1.424742268041242,1.424742268041242,251855.1747734632
2014-11-14,1.4206185567010359,1.4206185567010359,260412.95351718238
2014-11-17,1.4360824742268092,1.4360824742268092,183228.23013885124
2014-11-18,1.4350515463917577,1.4350515463917577,191510.52116403554
2014-11-19,1.4422680412371187,1.4422680412371187,275880.0798310098
2014-11-20,1.4402061855670156,1.4402061855670156,121824.97162498349
2014-11-21,1.4567010309278405,1.4567010309278405,264765.8521187883
2014-11-24,1.480412371134026,1.480412371134026,311033.6612573444
2014-11-25,1.5020618556701086,1.5020618556701086,272850.03600838274
2014-11-26,1.5072164948453664,1.5072164948453664,387567.23184641125
2014-11-27,1.519587628865985,1.519587628865985,164495.06527847706
2014-11-28,1.5144329896907274,1.5144329896907274,166060.0153252593
2014-12-01,1.5072164948453664,1.5072164948453664,135177.77786124396
2014-12-02,1.5268041237113459,1.5268041237113459,346542.03747270134
2014-12-03,1.5463917525773254,1.5463917525773254,334577.9076731116
2014-12-04,1.577319587628872,1.577319587628872,246501.14481242624
2014-12-05,1.5453608247422739,1.5453608247422739,186154.5647154564
2014-12-08,1.5659793814433045,1.5659793814433045,160858.8200425704
2014-12-09,1.5020618556701084,1.5020618556701084,160197.713734338
2014-12-10,1.5608247422680468,1.5608247422680468,174565.77890533904
2014-12-11,1.580412371134026,1.580412371134026,170944.62448851299
2014-12-12,1.5896907216494902,1.5896907216494902,350088.7010378956
2014-12-15,1.6154639175257788,1.6154639175257788,227795.2718588999
2014-12-16,1.6185567010309336,1.6185567010309336,185309.47884694368
2014-12-17,1.6061855670103151,1.6061855670103151,206786.60412992787
2014-12-18,1.6103092783505213,1.6103092783505213,135407.02987876604
2014-12-19,1.5958762886597997,1.5958762886597997,204165.29674750476
2014-12-22,1.5350515463917582,1.5350515463917582,200646.2461704154
2014-12-23,1.501030927835057,1.501030927835057,134315.35360485147
2014-12-24,1.5206185567010368,1.5206185567010368,194933.24736401477
2014-12-25,1.5505154639175316,1.5505154639175316,194016.56037518356
2014-12-26,1.5659793814433047,1.5659793814433047,89554.69988681148
2014-12-29,1.5422680412371192,1.5422680412371192,205048.27020434744
2014-12-30,1.515463917525779,1.515463917525779,333302.2518389167
2014-12-31,1.5350515463917584,1.5350515463917584,176029.90943741272
2015-01-05,1.5597938144329957,1.5597938144329957,94896.52876008114
2015-01-06,1.5835051546391814,1.5835051546391814,84023.11199063489
2015-01-07,1.5845360824742327,1.5845360824742327,47846.24459813384
2015-01-08,1.570103092783511,1.570103092783511,57198.37837175442
2015-01-09,1.5618556701030983,1.5618556701030983,122457.50170133988
2015-01-12,1.5391752577319644,1.5391752577319644,92530.15989574276
2015-01-13,1.5608247422680468,1.5608247422680468,157356.78677210383
2015-01-14,1.5546391752577375,1.5546391752577375,166832.5368296824
2015-01-15,1.5804123711340263,1.5804123711340263,136074.87889339612
2015-01-16,1.5948453608247481,1.5948453608247481,133865.51876374724
2015-01-19,1.5257731958762943,1.5257731958762943,136794.7430716657
2015-01-20,1.579381443298975,1.579381443298975,73715.44039608202
2015-01-21,1.618556701030934,1.618556701030934,128358.01196184818
2015-01-22,1.6453608247422744,1.6453608247422744,162646.92156299108
2015-01-23,1.629896907216501,1.629896907216501,90086.08936720225
2015-01-26,1.6649484536082537,1.6649484536082537,154911.43191853518
2015-01-27,1.6690721649484601,1.6690721649484601,164128.39048294455
2015-01-28,1.6608247422680478,1.6608247422680478,254347.7285718158
2015-01-29,1.6505154639175323,1.6505154639175323,122191.64642051597
2015-01-30,1.630927835051553,1.630927835051553,187849.23159008025
2015-02-02,1.623711340206192,1.623711340206192,107716.6611909227
2015-02-03,1.653608247422687,1.653608247422687,141117.78111636743
2015-02-04,1.6453608247422746,1.6453608247422746,107556.12056240586
2015-02-05,1.6340206185567074,1.6340206185567074,285371.24178892595
2015-02-06,1.6020618556701094,1.6020618556701094,242961.2239536297
2015-02-09,1.5927835051546453,1.5927835051546453,123819.52839367684
2015-02-10,1.612371134020625,1.612371134020625,91001.81311226236
2015-02-11,1.6298969072165015,1.6298969072165015,131010.78530746061
2015-02-12,1.6432989690721718,1.6432989690721718,76519.12193250029
2015-02-13,1.6690721649484606,1.6690721649484606,190990.69060889797
2015-02-16,1.7020618556701104,1.7020618556701104,122355.39786160317
2015-02-17,1.710309278350523,1.710309278350523,105996.94997825021
2015-02-25,1.7061855670103168,1.7061855670103168,181801.34503259347
2015-02-26,1.726804123711348,1.726804123711348,194407.31626499357
2015-02-27,1.7443298969072243,1.7443298969072243,145328.11963985034
2015-03-02,1.78144329896908,1.78144329896908,204204.14757960584
2015-03-03,1.7690721649484615,1.7690721649484615,364337.002900023
2015-03-04,1.8030927835051629,1.8030927835051629,291813.09504879307
2015-03-05,1.7989690721649567,1.7989690721649567,231996.9411884429
2015-03-06,1.7731958762886677,1.7731958762886677,261425.9648831237
2015-03-09,1.8030927835051629,1.8030927835051629,215611.84356075616
2015-03-10,1.813402061855678,1.813402061855678,118001.5360162262
2015-03-11,1.8123711340206268,1.8123711340206268,136709.0143760377
2015-03-12,1.8103092783505235,1.8103092783505235,183562.47572742333
2015-03-13,1.8329896907216576,1.8329896907216576,175874.50610900842
2015-03-16,1.891752577319596,1.891752577319596,203086.78480512855
2015-03-17,1.917525773195885,1.917525773195885,288188.40873813967
2015-03-18,1.94742268041238,1.94742268041238,283609.147850325
2015-03-19,1.967010309278359,1.967010309278359,184084.55385136014
2015-03-20,1.9845360824742357,1.9845360824742357,297834.9740244601
2015-03-23,2.060824742268051,2.060824742268051,186817.27642997395
2015-03-24,2.042268041237123,2.042268041237123,260594.36442740643
2015-03-25,2.060824742268051,2.060824742268051,200335.76059486382
2015-03-26,2.044329896907226,2.044329896907226,146633.63603094936
2015-03-27,2.0773195876288755,2.0773195876288755,199865.02657473928
2015-03-30,2.1134020618556795,2.1134020618556795,177178.09601256525
2015-03-31,2.105154639175267,2.105154639175267,129702.37918504828
2015-04-01,2.159793814433,2.159793814433,111083.51925217808
2015-04-02,2.1979381443299073,2.1979381443299073,99287.95711253105
2015-04-03,2.230927835051557,2.230927835051557,187489.2995009455
2015-04-07,2.2876288659793924,2.2876288659793924,208932.71125194113
2015-04-08,2.2546391752577426,2.2546391752577426,154197.9893654063
2015-04-09,2.243298969072176,2.243298969072176,510808.81397742743
2015-04-10,2.31237113402063,2.31237113402063,121016.1679385156
2015-04-15,2.25936033086599,2.25936033086599,298540.17655
2015-04-16,2.279300963103104,2.279300963103104,201366.43434
2015-04-17,2.294906675288671,2.294906675288671,356451.09495
2015-04-20,2.2602273148762997,2.2602273148762997,157475.08954
2015-04-21,2.340856827835063,2.340856827835063,971612.57459
2015-04-22,2.4131054953608366,2.4131054953608366,187364.04159
2015-04-23,2.4284222128763004,2.4284222128763004,163893.8551
2015-04-24,2.43680305830929,2.43680305830929,199435.3068
2015-04-27,2.463390567958774,2.463390567958774,114424.461
2015-04-28,2.3896969270824857,2.3896969270824857,193914.527
2015-04-29,2.4417159677010427,2.4417159677010427,142273.47346
2015-04-30,2.45732167988661,2.45732167988661,88104.54419
2015-05-04,2.4740833707525893,2.4740833707525893,81220.75029
2015-05-05,2.381316081649496,2.381316081649496,330245.71713999996
2015-05-06,2.3405678331649598,2.3405678331649598,353131.75473
2015-05-07,2.291438739247434,2.291438739247434,152329.99766
2015-05-08,2.3928758684536198,2.3928758684536198,241595.96731
2015-05-11,2.5182995552783627,2.5182995552783627,240360.09149999998
2015-05-12,2.5477770116288787,2.5477770116288787,227050.6597
2015-05-13,2.571185579907229,2.571185579907229,147665.96958
2015-05-14,2.561070766453621,2.561070766453621,102088.6107
2015-05-15,2.546621032948466,2.546621032948466,148601.75321
2015-05-18,2.5948831428556827,2.5948831428556827,117425.38279999999
2015-05-19,2.660773927639189,2.660773927639189,192849.3143
2015-05-20,2.7058570961752713,2.7058570961752713,231448.95729999998
2015-05-21,2.8286798309690866,2.8286798309690866,264188.78505999997
2015-05-22,2.867116122092798,2.867116122092798,385233.60026
2015-05-25,2.9191351627113553,2.9191351627113553,164456.24159
2015-05-26,3.035311020092799,3.035311020092799,296602.17667
2015-05-27,3.068834401824758,3.068834401824758,261316.14694
2015-05-28,2.8705840581340354,2.8705840581340354,227947.50006999998
2015-05-29,2.9292499761649635,2.9292499761649635,287300.46447999997
2015-06-01,3.1147845543711505,3.1147845543711505,515929.4716
2015-06-02,3.197437030020635,3.197437030020635,2415522.13412
2015-06-03,3.1757624297629032,3.1757624297629032,1292868.12562
2015-06-04,3.181831317835068,3.181831317835068,3230044.47021
2015-06-05,3.2563919427216663,3.2563919427216663,479774.09086
2015-06-08,3.191079147278367,3.191079147278367,354358.46742
2015-06-09,3.2092858114948624,3.2092858114948624,196055.26090999998
2015-06-10,3.2627498254639344,3.2627498254639344,155392.77052
2015-06-11,3.3234387061855846,3.3234387061855846,106751.49339
2015-06-12,3.381237640206203,3.381237640206203,114179.34754
2015-06-15,3.3043650579587798,3.3043650579587798,118819.32243
2015-06-16,3.1746064510824903,3.1746064510824903,174292.85091
2015-06-17,3.245410145257749,3.245410145257749,298884.93894
2015-06-18,3.1338582025979544,3.1338582025979544,135031.17249
2015-06-19,2.9306949495154795,2.9306949495154795,353613.96392
2015-06-23,2.930116960175273,2.930116960175273,1243853.45135
2015-06-24,2.9760671127216654,2.9760671127216654,401314.87586
2015-06-25,2.883299823618572,2.883299823618572,249418.98101
2015-06-26,2.5948831428556836,2.5948831428556836,183225.74752
2015-06-29,2.4431609410515596,2.4431609410515596,731888.17454
2015-06-30,2.628406524587643,2.628406524587643,1175424.41658
2015-07-01,2.4165734314020746,2.4165734314020746,593173.42781
2015-07-02,2.3119573608247546,2.3119573608247546,3105096.16589
2015-07-03,2.1411615107938258,2.1411615107938258,5026752.47598
2015-07-06,2.1411615107938258,2.1411615107938258,12056898.58323
2015-07-07,1.9741225914742375,1.9741225914742375,6253015.02771
2015-07-08,1.776739231793824,1.776739231793824,1672552.31133
2015-07-09,1.9544709539072271,1.9544709539072271,745589.32972
2015-07-10,2.149831350896919,2.149831350896919,1031951.71979
2015-07-13,2.364843385453621,2.364843385453621,2522145.34383
2015-07-14,2.279011968433002,2.279011968433002,1596539.64937
2015-07-15,2.0813396140824856,2.0813396140824856,1833478.46094
2015-07-16,2.1934695460824862,2.1934695460824862,1098685.57736
2015-07-17,2.334209950422693,2.334209950422693,698945.61275
2015-07-20,2.3449027532165077,2.3449027532165077,1306643.73115
2015-07-21,2.383050049670116,2.383050049670116,753904.86112
2015-07-22,2.415128458051559,2.415128458051559,750508.77977
2015-07-23,2.500092891061869,2.500092891061869,555192.29541
2015-07-24,2.448073850443312,2.448073850443312,413658.74389
2015-07-27,2.233639805226816,2.233639805226816,1025110.3053199999
2015-07-28,2.2255479544639294,2.2255479544639294,601807.37763
2015-07-29,2.3547285720000124,2.3547285720000124,572788.92198
2015-07-30,2.2697641389897028,2.2697641389897028,451901.02521
2015-07-31,2.2449105973608368,2.2449105973608368,483078.54101
2015-08-03,2.1694829884639293,2.1694829884639293,317511.27112
2015-08-04,2.3287190516907343,2.3287190516907343,497559.70678
2015-08-05,2.280456941783518,2.280456941783518,556284.99747
2015-08-06,2.266296202948466,2.266296202948466,315998.21093
2015-08-07,2.341723811845374,2.341723811845374,487141.23934
2015-08-10,2.4726383974020756,2.4726383974020756,587918.37849
2015-08-11,2.463968557298983,2.463968557298983,558375.33422
2015-08-12,2.4235093034845496,2.4235093034845496,385825.76688999997
2015-08-13,2.4830422055257872,2.4830422055257872,650377.64058
2015-08-14,2.5067397684742403,2.5067397684742403,453489.68114
2015-08-17,2.5778324573196016,2.5778324573196016,561402.59999
2015-08-18,2.357907513371147,2.357907513371147,867825.35052
2015-08-19,2.4373810476494975,2.4373810476494975,794977.40113
2015-08-20,2.342012806515476,2.342012806515476,443374.74205
2015-08-21,2.2246809704536203,2.2246809704536203,826293.50912
2015-08-24,2.0021550744742376,2.0021550744742376,592908.84272
2015-08-25,1.8018817680927932,1.8018817680927932,561564.0999799999
2015-08-26,1.802170762762896,1.802170762762896,515554.92907
2015-08-27,1.8784653556701132,1.8784653556701132,492649.41985
2015-08-28,1.9914622716804231,1.9914622716804231,588296.35719
2015-08-31,1.9134337107525878,1.9134337107525878,484254.85654
2015-09-01,1.7819411358556798,1.7819411358556798,230080.21625
2015-09-02,1.7371469619897,1.7371469619897,601974.60457
2015-09-07,1.7796291784948548,1.7796291784948548,429295.60816999996
2015-09-08,1.8770203823195974,1.8770203823195974,726937.7989599999
2015-09-09,1.9310623856288762,1.9310623856288762,1036561.91454
2015-09-10,1.8810663077010408,1.8810663077010408,349247.73724
2015-09-11,1.8955160412061953,1.8955160412061953,347080.65936
2015-09-14,1.7333900312783594,1.7333900312783594,540034.20415
2015-09-15,1.6475586142577403,1.6475586142577403,423375.08726
2015-09-16,1.7891660026082568,1.7891660026082568,550078.12906
2015-09-17,1.7466837861031017,1.7466837861031017,592276.58744
2015-09-18,1.7700923543814526,1.7700923543814526,217485.50780999998
2015-09-21,1.8475429259690817,1.8475429259690817,450150.86929
2015-09-22,1.839740069876298,1.839740069876298,586971.14096
2015-09-23,1.8125745708866072,1.8125745708866072,293288.5634
2015-09-24,1.8377171071855762,1.8377171071855762,243251.05586
2015-09-25,1.7686473810309367,1.7686473810309367,332281.07516999997
2015-09-28,1.818065469618566,1.818065469618566,136191.45256
2015-09-29,1.7989918213917617,1.7989918213917617,169331.02143
2015-09-30,1.8007257894123805,1.8007257894123805,68474.85037
2015-10-08,1.875286414298979,1.875286414298979,335956.63168
2015-10-09,1.8972500092268143,1.8972500092268143,253376.30346
2015-10-12,1.97903550086599,1.97903550086599,529511.50622
2015-10-13,1.996953170412382,1.996953170412382,310712.23608
2015-10-14,1.9801914795464024,1.9801914795464024,265295.2318
2015-10-15,2.053885120422691,2.053885120422691,346046.37218999997
2015-10-16,2.074692736670114,2.074692736670114,543520.77131
2015-10-19,2.0865415181443407,2.0865415181443407,374951.43423
2015-10-20,2.1070601397216606,2.1070601397216606,370783.36001999996
2015-10-21,1.9848153942680518,1.9848153942680518,464796.97122
2015-10-22,2.0547521044330006,2.0547521044330006,334296.96157
2015-10-23,2.1096610917525886,2.1096610917525886,439131.0721
2015-10-26,2.1085051130721766,2.1085051130721766,362001.65489
2015-10-27,2.127289766628878,2.127289766628878,351042.56337
2015-10-28,2.0680458592577433,2.0680458592577433,312539.13313
2015-10-29,2.0911654328659908,2.0911654328659908,311162.37435
2015-10-30,2.0894314648453722,2.0894314648453722,204781.98732
2015-11-02,2.04723824301032,2.04723824301032,193567.47383
2015-11-03,2.037412424226815,2.037412424226815,165774.58548
2015-11-04,2.1709279618144444,2.1709279618144444,445693.01141
2015-11-05,2.1645700790721767,2.1645700790721767,292286.34715
2015-11-06,2.217456103701043,2.217456103701043,389715.51133
2015-11-09,2.2434656240103217,2.2434656240103217,343145.09932
2015-11-10,2.244910597360837,2.244910597360837,316604.12224
2015-11-11,2.2894157765567136,2.2894157765567136,188374.27557
2015-11-12,2.2963516486391877,2.2963516486391877,210502.06498
2015-11-13,2.2492455174123833,2.2492455174123833,141878.31391
2015-11-16,2.30588847275259,2.30588847275259,150749.35946
2015-11-17,2.2683191656391877,2.2683191656391877,181818.06321
2015-11-18,2.2336398052268165,2.2336398052268165,123548.63773999999
2015-11-19,2.30588847275259,2.30588847275259,246115.67625
2015-11-20,2.3258291049897037,2.3258291049897037,165748.24151
2015-11-23,2.3003975740206317,2.3003975740206317,375228.61861
2015-11-24,2.3278520676804257,2.3278520676804257,221253.84091
2015-11-25,2.3602194707319724,2.3602194707319724,193755.31779
2015-11-26,2.3385448704742404,2.3385448704742404,123884.23701
2015-11-27,2.1986714501443423,2.1986714501443423,458966.93611999997
2015-11-30,2.1966484874536207,2.1966484874536207,292895.69463
2015-12-01,2.211098220958775,2.211098220958775,202036.48749
2015-12-02,2.211965204969084,2.211965204969084,385469.5506
2015-12-03,2.2498235067525894,2.2498235067525894,212428.61096
2015-12-04,2.22092403974228,2.22092403974228,216616.1568
2015-12-07,2.2582043521855795,2.2582043521855795,215986.1923
2015-12-08,2.203873354206198,2.203873354206198,138835.01267999999
2015-12-09,2.186533674000012,2.186533674000012,122528.09525
2015-12-10,2.1787308179072284,2.1787308179072284,125510.69081
2015-12-11,2.1642810844020737,2.1642810844020737,135349.59091
2015-12-14,2.2122541996391876,2.2122541996391876,243491.58776
2015-12-15,2.2189010770515587,2.2189010770515587,180371.43563999998
2015-12-16,2.236818746597951,2.236818746597951,154368.79186
2015-12-17,2.3015535527010442,2.3015535527010442,189950.33221
2015-12-18,2.2865258298556834,2.2865258298556834,195342.82833
2015-12-21,2.318604238237127,2.318604238237127,192975.30719999998
2015-12-22,2.339122859814447,2.339122859814447,84686.70043
2015-12-23,2.3084894247835193,2.3084894247835193,96221.92311999999
2015-12-24,2.3090674141237253,2.3090674141237253,104211.01836999999
2015-12-25,2.319182227577334,2.319182227577334,104125.11412
2015-12-28,2.2634062562474364,2.2634062562474364,143397.10105
2015-12-29,2.2873928138659934,2.2873928138659934,171777.57447
2015-12-30,2.305021488742282,2.305021488742282,176968.48195
2015-12-31,2.2651402242680554,2.2651402242680554,125815.36455
2016-01-04,2.074981731340219,2.074981731340219,258408.00173
2016-01-05,2.0582200404742395,2.0582200404742395,695990.5065499999
2016-01-06,2.1015692409897038,2.1015692409897038,331716.3979
2016-01-07,1.9137227054226922,1.9137227054226922,38916.91603
2016-01-08,1.9515810072061979,1.9515810072061979,514808.13479
2016-01-11,1.826157320381455,1.826157320381455,434472.77097
2016-01-12,1.8232673736804241,1.8232673736804241,503035.81637
2016-01-13,1.7666244183402178,1.7666244183402178,305656.48462
2016-01-14,1.8258683257113517,1.8258683257113517,429938.17196
2016-01-15,1.7556426208763,1.7556426208763,505541.92968999996
2016-01-18,1.780785157175269,1.780785157175269,374621.56191
2016-01-19,1.8377171071855787,1.8377171071855787,579590.2478
2016-01-20,1.8226893843402179,1.8226893843402179,294493.51368
2016-01-21,1.7599775409278462,1.7599775409278462,460194.7942
2016-01-22,1.7830971145360937,1.7830971145360937,343311.18087
2016-01-25,1.796390869360836,1.796390869360836,251658.21846
2016-01-26,1.6857059107113508,1.6857059107113508,824796.48439
2016-01-27,1.6443796728866085,1.6443796728866085,862430.56362
2016-01-28,1.5755989414020717,1.5755989414020717,353408.93911
2016-01-29,1.6307969233917627,1.6307969233917627,446729.58936
2016-02-01,1.6125902591752679,1.6125902591752679,503054.14261
2016-02-02,1.6695222091855775,1.6695222091855775,663145.30291
2016-02-03,1.6781920492886702,1.6781920492886702,181008.27247999999
2016-02-04,1.7062245322886702,1.7062245322886702,396575.25204
2016-02-05,1.6943757508144435,1.6943757508144435,1482648.9401099999
2016-02-15,1.696976702845371,1.696976702845371,164369.19195
2016-02-16,1.7669134130103197,1.7669134130103197,402606.87578
2016-02-17,1.7842530932165055,1.7842530932165055,692057.23729
2016-02-18,1.7755832531134126,1.7755832531134126,975836.7729099999
2016-02-19,1.782519125195887,1.782519125195887,739057.17055
2016-02-22,1.8218224003299077,1.8218224003299077,803219.62757
2016-02-23,1.8128635655567116,1.8128635655567116,319511.12205999997
2016-02-24,1.8215334056598045,1.8215334056598045,376403.78875
2016-02-25,1.6729901452268139,1.6729901452268139,772720.18265
2016-02-26,1.6880178680721751,1.6880178680721751,635777.35425
2016-02-29,1.5836907921649581,1.5836907921649581,683101.43288
2016-03-01,1.6305079287216593,1.6305079287216593,516104.71627
2016-03-02,1.7195182871134125,1.7195182871134125,635176.0244999999
2016-03-03,1.718073313762897,1.718073313762897,457307.26600999996
2016-03-04,1.6672102518247522,1.6672102518247522,403559.84025999997
2016-03-07,1.7143163830515566,1.7143163830515566,672319.8768099999
2016-03-08,1.724720191175268,1.724720191175268,618185.30924
2016-03-09,1.6767470759381542,1.6767470759381542,386199.16403
2016-03-10,1.6466916302474326,1.6466916302474326,197637.0445
2016-03-11,1.6464026355773294,1.6464026355773294,352145.57394
2016-03-14,1.7091144789897006,1.7091144789897006,490130.70723999996
2016-03-15,1.685994905381453,1.685994905381453,270550.28112
2016-03-16,1.6674992464948548,1.6674992464948548,309368.69361
2016-03-17,1.7221192391443396,1.7221192391443396,786709.9761099999
2016-03-18,1.790610975958773,1.790610975958773,1227524.7715099999
2016-03-21,1.827313299061866,1.827313299061866,507680.37282
2016-03-22,1.818643458958773,1.818643458958773,568451.33005
2016-03-23,1.8359831391649586,1.8359831391649586,871661.26163
2016-03-24,1.7992808160618659,1.7992808160618659,555799.35211
2016-03-25,1.82211139500001,1.82211139500001,741443.01792
2016-03-28,1.806794677484546,1.806794677484546,578326.88263
2016-03-29,1.775583253113412,1.775583253113412,495302.14308999997
2016-03-30,1.8608366807938248,1.8608366807938248,465621.65202
2016-03-31,1.846097952618567,1.846097952618567,335441.20618
2016-04-01,1.8400290645464021,1.8400290645464021,538537.17942
2016-04-05,1.8825112810515572,1.8825112810515572,539698.60488
2016-04-06,1.894071067855681,1.894071067855681,408401.40379
2016-04-07,1.8709514942474335,1.8709514942474335,521370.07409999997
2016-04-08,1.8539008087113507,1.8539008087113507,377049.78871
2016-04-11,1.8871351957732068,1.8871351957732068,416204.94586
2016-04-12,1.8781763610000108,1.8781763610000108,217424.80213999999
2016-04-13,1.9079428120206299,1.9079428120206299,1336593.38887
2016-04-14,1.9206585775051659,1.9206585775051659,555368.68547
2016-04-15,1.9180576254742379,1.9180576254742379,219798.05022
2016-04-18,1.885112233082485,1.885112233082485,543678.83513
2016-04-19,1.888580169123722,1.888580169123722,283430.19167
2016-04-20,1.8053497041340307,1.8053497041340307,818945.83227
2016-04-21,1.7908999706288762,1.7908999706288762,589684.56987
2016-04-22,1.8015927734226906,1.8015927734226906,291618.58478
2016-04-25,1.7926339386494947,1.7926339386494947,296512.83625
2016-04-26,1.816042506927845,1.816042506927845,260967.94838
2016-04-27,1.806794677484546,1.806794677484546,289418.29059
2016-04-28,1.792055949309288,1.792055949309288,278104.12817
2016-04-29,1.7946569013402158,1.7946569013402158,214741.15336999999
2016-05-03,1.8521668406907317,1.8521668406907317,396150.31234999996
2016-05-04,1.8521668406907317,1.8521668406907317,431593.26051
2016-05-05,1.8651716008453707,1.8651716008453707,228285.39012
2016-05-06,1.7917669546391848,1.7917669546391848,392058.97927
2016-05-09,1.7264541591958853,1.7264541591958853,625024.43293
2016-05-10,1.7209632604639264,1.7209632604639264,309321.73261999997
2016-05-11,1.7177843190927924,1.7177843190927924,287523.81553
2016-05-12,1.7183623084329986,1.7183623084329986,643040.27224
2016-05-13,1.712582415030937,1.712582415030937,450756.7806
2016-05-16,1.7435048447319683,1.7435048447319683,242414.92116
2016-05-17,1.7409038927010403,1.7409038927010403,295263.21576
2016-05-18,1.6929307774639264,1.6929307774639264,226388.62428
2016-05-19,1.701311622896916,1.701311622896916,316190.63645
2016-05-20,1.7241422018350607,1.7241422018350607,225914.43282
2016-05-23,1.7429268553917618,1.7429268553917618,190258.44212
2016-05-24,1.7267431538659885,1.7267431538659885,310417.87085
2016-05-25,1.7163393457422773,1.7163393457422773,125940.21205999999
2016-05-26,1.724720191175267,1.724720191175267,255143.64023
2016-05-27,1.7261651645257823,1.7261651645257823,219367.38358
2016-05-30,1.7183623084329986,1.7183623084329986,147024.55118
2016-05-31,1.7940789120000094,1.7940789120000094,564791.809
2016-06-01,1.7946569013402154,1.7946569013402154,577717.53515
2016-06-02,1.8093956295154734,1.8093956295154734,387199.0895
2016-06-03,1.820377426979391,1.820377426979391,629697.62413
2016-06-06,1.8247123470309372,1.8247123470309372,387288.42991999997
2016-06-07,1.8229783790103187,1.8229783790103187,267764.69263999996
2016-06-08,1.817776474948463,1.817776474948463,151139.93745
2016-06-13,1.7302110899072254,1.7302110899072254,423129.9738
2016-06-14,1.7380139460000088,1.7380139460000088,527925.14107
2016-06-15,1.7937899173299057,1.7937899173299057,965592.40475
2016-06-16,1.7868540452474315,1.7868540452474315,249935.5519
2016-06-17,1.8007257894123803,1.8007257894123803,297927.3929
2016-06-20,1.8030377467732053,1.8030377467732053,359934.22594
2016-06-21,1.7816521411855764,1.7816521411855764,273942.9263
2016-06-22,1.8154645175876385,1.8154645175876385,199164.99476
2016-06-23,1.8053497041340303,1.8053497041340303,226976.20935
2016-06-24,1.7790511891546485,1.7790511891546485,509833.70602
2016-06-27,1.8302032457628965,1.8302032457628965,344880.36517
2016-06-28,1.8472539312989793,1.8472539312989793,351697.72645
2016-06-29,1.847542925969082,1.847542925969082,270126.48682
2016-06-30,1.8486989046494946,1.8486989046494946,201289.69321
2016-07-01,1.8460979526185666,1.8460979526185666,247839.4882
2016-07-04,1.8828002757216593,1.8828002757216593,335859.27353
2016-07-05,1.8923370998350615,1.8923370998350615,268317.91601
2016-07-06,1.903607891969082,1.903607891969082,209338.34874
2016-07-07,1.9111217533917626,1.9111217533917626,230002.32973
2016-07-08,1.903607891969082,1.903607891969082,204568.94478
2016-07-11,1.9085208013608346,1.9085208013608346,240875.517
2016-07-12,1.9325073589793913,1.9325073589793913,1107100.7576899999
2016-07-13,1.9460901084742364,1.9460901084742364,245380.33586999998
2016-07-14,1.9527369858866075,1.9527369858866075,289126.21614
2016-07-15,1.948113071164958,1.948113071164958,139894.49843
2016-07-18,1.9403102150721745,1.9403102150721745,197182.32467
2016-07-19,1.9397322257319682,1.9397322257319682,420841.48458
2016-07-20,1.9365532843608342,1.9365532843608342,187124.65508
2016-07-21,1.9458011138041333,1.9458011138041333,195081.67940999998
2016-07-22,1.9333743429897003,1.9333743429897003,516089.8262
2016-07-25,1.9362642896907314,1.9362642896907314,186787.91042
2016-07-26,1.9637187833505252,1.9637187833505252,249485.41363
2016-07-27,1.877020382319597,1.877020382319597,1807790.79941
2016-07-28,1.885979217092793,1.885979217092793,638454.13068
2016-07-29,1.8726854622680507,1.8726854622680507,210031.30969
2016-08-01,1.8446529792680504,1.8446529792680504,439123.05436999997
2016-08-02,1.8625706488144425,1.8625706488144425,199508.61176
2016-08-03,1.8689285315567101,1.8689285315567101,282322.59953999997
2016-08-04,1.8801993236907308,1.8801993236907308,232082.35796999998
2016-08-05,1.874130435618566,1.874130435618566,305157.09458
2016-08-08,1.9001399559278445,1.9001399559278445,263479.78865
2016-08-09,1.9192136041546488,1.9192136041546488,349597.08119
2016-08-10,1.9096767800412466,1.9096767800412466,357707.58778
2016-08-11,1.8781763610000095,1.8781763610000095,357929.79344
2016-08-12,1.9047638706494943,1.9047638706494943,412824.89996999997
2016-08-15,1.9443561404536183,1.9443561404536183,582004.72992
2016-08-16,1.9533149752268142,1.9533149752268142,333132.09994
2016-08-17,1.9579388899484638,1.9579388899484638,512027.12786999997
2016-08-18,1.95851687928867,1.95851687928867,1197913.00384
2016-08-19,1.9588058739587733,1.9588058739587733,1215169.44958
2016-08-22,1.9371312737010413,1.9371312737010413,376562.99796
2016-08-23,1.941755188422691,1.941755188422691,137409.00213
2016-08-24,1.942911167103103,1.942911167103103,249205.93847
2016-08-25,1.9299064069484637,1.9299064069484637,297479.54541
2016-08-26,1.9394432310618661,1.9394432310618661,210227.17137999999
2016-08-29,1.942911167103103,1.942911167103103,133704.81087
2016-08-30,1.9417551884226907,1.9417551884226907,171145.31919
2016-08-31,1.944934129793825,1.944934129793825,142039.8139
2016-09-01,1.9267274655773299,1.9267274655773299,204016.8668
2016-09-02,1.9174796361340307,1.9174796361340307,159479.52203999998
2016-09-05,1.9310623856288762,1.9310623856288762,173453.28003999998
2016-09-06,1.9657417460412474,1.9657417460412474,346562.94308
2016-09-07,1.9611178313195978,1.9611178313195978,269085.32731
2016-09-08,1.9720996287835155,1.9720996287835155,93012.54033999999
2016-09-09,1.9530259805567114,1.9530259805567114,237912.39307
2016-09-12,1.899561966587639,1.899561966587639,447845.19922
2016-09-13,1.9079428120206288,1.9079428120206288,151356.41616
2016-09-14,1.8958050358762986,1.8958050358762986,167740.07472
2016-09-19,1.918924609484546,1.918924609484546,96229.94085
2016-09-20,1.915167678773206,1.915167678773206,101471.24549
2016-09-21,1.9206585775051646,1.9206585775051646,202172.78889999999
2016-09-22,1.9310623856288762,1.9310623856288762,95662.9728
2016-09-23,1.9278834442577422,1.9278834442577422,94011.32042
2016-09-26,1.890892126484546,1.890892126484546,329342.00443
2016-09-27,1.9015849292783604,1.9015849292783604,202147.59032
2016-09-28,1.8992729719175356,1.8992729719175356,147896.19297
2016-09-29,1.9093877853711438,1.9093877853711438,271364.65340999997
2016-09-30,1.9171906414639275,1.9171906414639275,91226.87733
2016-10-10,1.9538929645670204,1.9538929645670204,395712.77337
2016-10-11,1.9599618526391855,1.9599618526391855,176572.17700999998
2016-10-12,1.95851687928867,1.95851687928867,123052.68387
2016-10-13,1.9608288366494948,1.9608288366494948,129686.78275
2016-10-14,1.9570719059381547,1.9570719059381547,110696.21655
2016-10-17,1.9420441830927937,1.9420441830927937,287167.59924
2016-10-18,1.9709436501031035,1.9709436501031035,302642.96353
2016-10-19,1.9622738100000106,1.9622738100000106,155042.28118
2016-10-20,1.9634297886804228,1.9634297886804228,113793.35111
2016-10-21,1.960539841979392,1.960539841979392,178341.80456
2016-10-24,1.975856559494856,1.975856559494856,290860.3366
2016-10-25,1.9830814262474337,1.9830814262474337,260112.34205
2016-10-26,1.974700580814444,1.974700580814444,192503.40652
2016-10-27,1.9709436501031037,1.9709436501031037,147111.60082
2016-10-28,1.9559159272577427,1.9559159272577427,191931.85691
2016-10-31,1.9489800551752685,1.9489800551752685,241972.80062
2016-11-01,1.9694986767525886,1.9694986767525886,205490.98373
2016-11-02,1.949847039185578,1.949847039185578,109624.13150999999
2016-11-03,1.9593838632989802,1.9593838632989802,124147.67671
2016-11-04,1.953314975226815,1.953314975226815,89617.60438
2016-11-07,1.9547599485773304,1.9547599485773304,117593.75512999999
2016-11-08,1.9677647087319698,1.9677647087319698,238872.22989
2016-11-09,1.949558044515475,1.949558044515475,305677.10164
2016-11-10,1.9784575115257843,1.9784575115257843,183005.83264
2016-11-11,1.9940632237113516,1.9940632237113516,193281.12633
2016-11-14,1.9981091490927945,1.9981091490927945,193953.47026
2016-11-15,2.005334015845372,2.005334015845372,196424.07649
2016-11-16,2.0073569785360936,2.0073569785360936,61796.08128
2016-11-17,2.007645973206197,2.007645973206197,113123.29796
2016-11-18,1.998398143762898,1.998398143762898,66692.62353
2016-11-21,1.9981091490927947,1.9981091490927947,122381.48533
2016-11-22,2.0160268186391868,2.0160268186391868,116375.06017
2016-11-23,2.0036000478247535,2.0036000478247535,108264.55357999999
2016-11-24,1.9998431171134134,1.9998431171134134,169241.68101
2016-11-25,2.0096689358969186,2.0096689358969186,219685.802
2016-11-28,2.0151598346288777,2.0151598346288777,109593.20598
2016-11-29,2.003600047824754,2.003600047824754,141564.47705
2016-11-30,1.991462271680424,1.991462271680424,186884.12318
2016-12-01,2.0030220584845475,2.0030220584845475,195104.58721
2016-12-02,1.971232644773207,1.971232644773207,178479.25136
2016-12-05,1.9582278846185677,1.9582278846185677,194555.9454
2016-12-06,1.9608288366494955,1.9608288366494955,97298.58972
2016-12-07,1.9842374049278457,1.9842374049278457,85062.38835
2016-12-08,1.9744115861443408,1.9744115861443408,72800.9884
2016-12-09,1.9692096820824851,1.9692096820824851,109427.12443
2016-12-12,1.8897361478041341,1.8897361478041341,459906.15592
2016-12-13,1.895227046536093,1.895227046536093,244049.39269
2016-12-14,1.883667259731969,1.883667259731969,159728.07167
2016-12-15,1.8955160412061962,1.8955160412061962,183748.04536
2016-12-16,1.9076538173505262,1.9076538173505262,139374.49137
2016-12-19,1.9090987907010417,1.9090987907010417,246666.60884
2016-12-20,1.901006939938155,1.901006939938155,89284.29589
2016-12-21,1.916612652123722,1.916612652123722,144129.00526
2016-12-22,1.913433710752588,1.913433710752588,98164.50456
2016-12-23,1.8998509612577426,1.8998509612577426,87652.11514
2016-12-26,1.9007179452680518,1.9007179452680518,223856.16699
2016-12-27,1.9041858813092891,1.9041858813092891,181081.57744
2016-12-28,1.8955160412061962,1.8955160412061962,118750.59903
2016-12-29,1.8943600625257837,1.8943600625257837,79903.55179
2016-12-30,1.8937820731855775,1.8937820731855775,98532.17474999999
2017-01-03,1.9102547693814538,1.9102547693814538,76100.85699
2017-01-04,1.9336633376598042,1.9336633376598042,185919.7048
2017-01-05,1.9327963536494948,1.9327963536494948,95967.64654
2017-01-06,1.923837518876299,1.923837518876299,71313.12679
2017-01-09,1.938576247051557,1.938576247051557,68626.04185
2017-01-10,1.9313513802989797,1.9313513802989797,93779.95164
2017-01-11,1.9160346627835156,1.9160346627835156,102546.7667
2017-01-12,1.8926260945051652,1.8926260945051652,161227.38718
2017-01-13,1.8718184782577423,1.8718184782577423,235465.84003
2017-01-16,1.818643458958773,1.818643458958773,245592.23301999999
2017-01-17,1.8345381658144433,1.8345381658144433,161974.18146
2017-01-18,1.8356941444948558,1.8356941444948558,345526.36513
2017-01-19,1.8293362617525877,1.8293362617525877,206951.35598
2017-01-20,1.8527448300309382,1.8527448300309382,196668.04456
2017-01-23,1.87066249957733,1.87066249957733,137336.84256
2017-01-24,1.8625706488144436,1.8625706488144436,90189.15398999999
2017-01-25,1.8697955155670207,1.8697955155670207,56675.04259
2017-01-26,1.8825112810515572,1.8825112810515572,54377.39025
2017-02-03,1.8764423929793923,1.8764423929793923,80139.50213
2017-02-06,1.8926260945051656,1.8926260945051656,86484.96273
2017-02-07,1.8897361478041346,1.8897361478041346,122800.69807
2017-02-08,1.9024519132886708,1.9024519132886708,66505.92496
2017-02-09,1.91169974273197,1.91169974273197,79264.42417
2017-02-10,1.915745668113413,1.915745668113413,112448.66325
2017-02-13,1.923259529536094,1.923259529536094,120185.7727
2017-02-14,1.9247045028866092,1.9247045028866092,100911.14977999999
2017-02-15,1.9067868333402171,1.9067868333402171,78921.95256
2017-02-16,1.9192136041546501,1.9192136041546501,98494.37688
2017-02-17,1.9059198493299077,1.9059198493299077,84235.41677
2017-02-20,1.9307733909587739,1.9307733909587739,71024.48851
2017-02-21,1.9458011138041347,1.9458011138041347,101985.5256
2017-02-22,1.954759948577331,1.954759948577331,201750.13999
2017-02-23,1.957649895278362,1.957649895278362,90267.04050999999
2017-02-24,1.9582278846185681,1.9582278846185681,118558.17351
2017-02-27,1.9420441830927948,1.9420441830927948,106409.02178
2017-02-28,1.9486910605051664,1.9486910605051664,98005.29535
2017-03-01,1.955048943247434,1.955048943247434,234609.08831
2017-03-02,1.945801113804135,1.945801113804135,154594.43369
2017-03-03,1.9498470391855784,1.9498470391855784,159815.12131
2017-03-06,1.9683426980721765,1.9683426980721765,185057.22613
2017-03-07,1.9735446021340322,1.9735446021340322,143728.11875999998
2017-03-08,1.966319735381455,1.966319735381455,78841.77526
2017-03-09,1.9429111671031043,1.9429111671031043,125424.78656
2017-03-10,1.9489800551752692,1.9489800551752692,113497.84049
2017-03-13,1.970076666092795,1.970076666092795,144547.07261
2017-03-14,1.9608288366494961,1.9608288366494961,141074.25013
2017-03-15,1.9590948686288776,1.9590948686288776,126070.78652
2017-03-16,1.9767235435051662,1.9767235435051662,249531.22923
2017-03-17,1.9570719059381558,1.9570719059381558,273855.87666
2017-03-20,1.963429788680424,1.963429788680424,140806.22887
2017-03-21,1.971810634113414,1.971810634113414,164230.59975999998
2017-03-22,1.9645857673608367,1.9645857673608367,133711.68321
2017-03-23,1.9686316927422802,1.9686316927422802,132111.57338
2017-03-24,1.9810584635567134,1.9810584635567134,175621.50331
2017-03-27,1.9692096820824865,1.9692096820824865,121979.45344
2017-03-28,1.9648747620309401,1.9648747620309401,177904.26558
2017-03-29,1.9582278846185688,1.9582278846185688,239333.82206
2017-03-30,1.9287504282680532,1.9287504282680532,330228.53629
2017-03-31,1.9325073589793935,1.9325073589793935,257806.67197999998
2017-04-05,1.9822144422371257,1.9822144422371257,350429.77972
2017-04-06,1.9816364528969195,1.9816364528969195,153154.67846
2017-04-07,1.9851043889381563,1.9851043889381563,307231.39587
2017-04-10,1.9830814262474348,1.9830814262474348,224277.67051
2017-04-11,2.005334015845373,2.005334015845373,172863.40419
2017-04-12,1.9897283036598057,1.9897283036598057,161345.36235
2017-04-13,2.0012880904639294,2.0012880904639294,103483.69572
2017-04-14,1.9747005808144447,1.9747005808144447,241256.93187
2017-04-17,1.9524479912165065,1.9524479912165065,211217.93373
2017-04-18,1.9434891564433103,1.9434891564433103,140036.52679
2017-04-19,1.9206585775051659,1.9206585775051659,464042.15921
2017-04-20,1.9197915934948564,1.9197915934948564,261818.97315
2017-04-21,1.9079428120206297,1.9079428120206297,181030.03489
2017-04-24,1.8565017607422787,1.8565017607422787,997293.36378
2017-04-25,1.8622816541443405,1.8622816541443405,224263.92583
2017-04-26,1.865749590185578,1.865749590185578,97310.04362
2017-04-27,1.8723964675979492,1.8723964675979492,360102.59827
2017-04-28,1.8787543503402173,1.8787543503402173,151215.53319
2017-05-02,1.8767313876494955,1.8767313876494955,173294.07082999998
2017-05-03,1.87528641429898,1.87528641429898,90720.61495
2017-05-04,1.866327579525784,1.866327579525784,140309.12961
2017-05-05,1.8449419739381552,1.8449419739381552,362468.97401
2017-05-08,1.81084060286599,1.81084060286599,444208.58597
2017-05-09,1.8177764749484642,1.8177764749484642,294821.09522
2017-05-10,1.783675103876299,1.783675103876299,329111.78104
2017-05-11,1.7784731998144434,1.7784731998144434,901001.57187
2017-05-12,1.7735602904226908,1.7735602904226908,311406.34242
2017-05-15,1.7825191251958872,1.7825191251958872,178222.684
2017-05-16,1.8197994376391862,1.8197994376391862,412638.20139999996
2017-05-17,1.824712347030939,1.824712347030939,303445.88192
2017-05-18,1.8076616614948564,1.8076616614948564,314136.95217999996
2017-05-19,1.8070836721546504,1.8070836721546504,156478.60024
2017-05-22,1.7804961625051656,1.7804961625051656,317434.52999
2017-05-23,1.7484177541237222,1.7484177541237222,321955.38432
2017-05-24,1.7559316155464029,1.7559316155464029,637584.77967
2017-05-25,1.7692253703711454,1.7692253703711454,692148.86849
2017-05-26,1.7706703437216607,1.7706703437216607,436201.16448
2017-05-31,1.7608445249381555,1.7608445249381555,521560.20884
2017-06-01,1.7293441058969183,1.7293441058969183,363199.73283
2017-06-02,1.7487067487938257,1.7487067487938257,854486.13858
2017-06-05,1.759110556917537,1.759110556917537,616803.9689
2017-06-06,1.7672024076804236,1.7672024076804236,357355.95305
2017-06-07,1.805638698804135,1.805638698804135,779433.3134399999
2017-06-08,1.8047717147938258,1.8047717147938258,370649.34939
2017-06-09,1.811129597536094,1.811129597536094,557756.82362
2017-06-12,1.7888770079381557,1.7888770079381557,367264.72194
2017-06-13,1.814308538907228,1.814308538907228,528345.4992
2017-06-14,1.808239650835063,1.808239650835063,259843.1754
2017-06-15,1.8244233523608364,1.8244233523608364,345225.12756
2017-06-16,1.8232673736804244,1.8232673736804244,210284.44088
2017-06-19,1.8365611285051666,1.8365611285051666,436709.71764
2017-06-20,1.8420520272371252,1.8420520272371252,410089.70865
2017-06-21,1.8452309686082593,1.8452309686082593,401097.25176
2017-06-22,1.8189324536288776,1.8189324536288776,482335.1829
2017-06-23,1.8244233523608364,1.8244233523608364,617102.9156899999
2017-06-26,1.857657739422692,1.857657739422692,521301.3507
2017-06-27,1.8527448300309393,1.8527448300309393,344681.06731
2017-06-28,1.8469649366288774,1.8469649366288774,423065.83196
2017-06-29,1.8579467340927949,1.8579467340927949,456888.05327
2017-06-30,1.8637266274948565,1.8637266274948565,307831.58023
2017-07-03,1.8761533983092895,1.8761533983092895,324214.0934
2017-07-04,1.8683505422165059,1.8683505422165059,258387.38470999998
2017-07-05,1.8799103290206298,1.8799103290206298,398776.69162
2017-07-06,1.8799103290206298,1.8799103290206298,505185.7134
2017-07-07,1.8917591104948568,1.8917591104948568,168104.30874
2017-07-10,1.8854012277525887,1.8854012277525887,234827.8578
2017-07-11,1.864593611505166,1.864593611505166,212214.42303
2017-07-12,1.861992659474238,1.861992659474238,761223.90322
2017-07-13,1.8640156221649595,1.8640156221649595,635086.68408
2017-07-14,1.859102712773207,1.859102712773207,371455.70395
2017-07-17,1.786276055907227,1.786276055907227,1086362.32635
2017-07-18,1.8024597574330001,1.8024597574330001,509992.91523
2017-07-19,1.8429190112474332,1.8429190112474332,344907.85453
2017-07-20,1.851588851350526,1.851588851350526,369747.92746
2017-07-21,1.8582357287628972,1.8582357287628972,470541.10206999996
2017-07-24,1.872685462268052,1.872685462268052,330882.55397999997
2017-07-25,1.8721074729278455,1.8721074729278455,199859.1011
2017-07-26,1.8686395368866087,1.8686395368866087,176945.57415
2017-07-27,1.8804883183608356,1.8804883183608356,269212.4656
2017-07-28,1.890892126484547,1.890892126484547,287875.45026
2017-07-31,1.9169016467938256,1.9169016467938256,357595.33956
2017-08-01,1.91169974273197,1.91169974273197,228615.26244
2017-08-02,1.903029902628877,1.903029902628877,328050.00451
2017-08-03,1.9038968866391865,1.9038968866391865,271969.41933
2017-08-04,1.8929150891752689,1.8929150891752689,400451.25179999997
2017-08-07,1.9197915934948566,1.9197915934948566,319449.271
2017-08-08,1.917768630804135,1.917768630804135,245792.67627
2017-08-09,1.9304843962886709,1.9304843962886709,206016.71774
2017-08-10,1.9145896894330008,1.9145896894330008,379030.16802
2017-08-11,1.878754350340217,1.878754350340217,536067.71858
2017-08-14,1.9169016467938254,1.9169016467938254,420391.34631
2017-08-15,1.9180576254742376,1.9180576254742376,272963.61785
2017-08-16,1.9203695828350624,1.9203695828350624,195463.09428
2017-08-17,1.9394432310618668,1.9394432310618668,346691.22676
2017-08-18,1.931062385628877,1.931062385628877,357099.38568999997
2017-08-21,1.9498470391855782,1.9498470391855782,196550.06939
2017-08-22,1.9420441830927946,1.9420441830927946,232748.97495
2017-08-23,1.9270164602474338,1.9270164602474338,195062.20778
2017-08-24,1.912855721412382,1.912855721412382,225591.43284
2017-08-25,1.9330853483195987,1.9330853483195987,556627.46908
2017-08-28,1.9550489432474338,1.9550489432474338,772060.4380099999
2017-08-29,1.948402065835063,1.948402065835063,324121.31681
2017-08-30,1.9619848153299084,1.9619848153299084,306257.81437
2017-08-31,1.9686316927422798,1.9686316927422798,245757.16918
2017-09-01,1.9888613196494964,1.9888613196494964,487353.13649
2017-09-04,1.996953170412383,1.996953170412383,441752.86981
2017-09-05,1.9983981437628986,1.9983981437628986,271718.57892
2017-09-06,2.009379941226816,2.009379941226816,192415.21149
2017-09-07,1.9946412130515583,1.9946412130515583,215904.86961
2017-09-08,2.0009990957938264,2.0009990957938264,250988.16530999998
2017-09-11,2.025274648082486,2.025274648082486,350129.68754
2017-09-12,2.0206507333608363,2.0206507333608363,347868.68768
2017-09-13,2.0342334828556816,2.0342334828556816,219832.41191999998
2017-09-14,2.029898562804135,2.029898562804135,295784.36821
2017-09-15,2.0142928506185678,2.0142928506185678,331635.07521
2017-09-18,2.033366498845372,2.033366498845372,278214.08561
2017-09-19,2.0160268186391863,2.0160268186391863,392676.34447999997
2017-09-20,2.0368344348866088,2.0368344348866088,255164.25725
2017-09-21,2.0131368719381553,2.0131368719381553,303641.74361
2017-09-22,1.9981091490927942,1.9981091490927942,279523.26638
2017-09-25,1.9738335968041345,1.9738335968041345,347089.82248
2017-09-26,1.9825034369072272,1.9825034369072272,272224.8413
2017-09-27,2.000421106453619,2.000421106453619,256854.85288999998
2017-09-28,2.0009990957938255,2.0009990957938255,134861.65477
2017-09-29,2.0131368719381553,2.0131368719381553,167317.42581
2017-10-09,2.034233482855681,2.034233482855681,413135.30066
2017-10-10,2.0408803602680523,2.0408803602680523,208032.60413999998
2017-10-11,2.0296095681340316,2.0296095681340316,284088.79092
2017-10-12,2.0258526374226915,2.0258526374226915,219306.67791
2017-10-13,2.041747344278362,2.041747344278362,276656.35521
2017-10-16,2.0122698879278462,2.0122698879278462,398992.02494
2017-10-17,2.009090946556712,2.009090946556712,213224.65701
2017-10-18,1.9989761331031037,1.9989761331031037,256476.87419
2017-10-19,1.9787465061958873,1.9787465061958873,345756.58852
2017-10-20,1.9986871384330007,1.9986871384330007,361007.45636999997
2017-10-23,2.012269887927846,2.012269887927846,432816.53703
2017-10-24,2.0102469252371242,2.0102469252371242,338453.58188
2017-10-25,2.021517717371145,2.021517717371145,385571.49030999996
2017-10-26,2.024985653412382,2.024985653412382,325666.44792
2017-10-27,2.020650733360836,2.020650733360836,266717.80618
2017-10-30,1.9793244955360934,1.9793244955360934,416736.40682
2017-10-31,1.9937742290412481,1.9937742290412481,332905.31272
2017-11-01,1.9888613196494955,1.9888613196494955,329941.04339999997
2017-11-02,1.9692096820824851,1.9692096820824851,265621.66795
2017-11-03,1.9518700018762993,1.9518700018762993,338142.0358
2017-11-06,1.9790355008659906,1.9790355008659906,301110.43171
2017-11-07,1.9905952876701143,1.9905952876701143,320988.67516
2017-11-08,1.9943522183814544,1.9943522183814544,282279.07472
2017-11-09,2.0108249145773307,2.0108249145773307,262154.57242
2017-11-10,2.0171827973195993,2.0171827973195993,432214.06189
2017-11-13,2.026141632092795,2.026141632092795,415615.07000999997
2017-11-14,2.011402903917537,2.011402903917537,400545.17378
2017-11-15,1.9868383569587742,1.9868383569587742,269355.63935
2017-11-16,1.99204026102063,1.99204026102063,528676.51691
2017-11-17,1.939154236391764,1.939154236391764,436169.09356
2017-11-20,1.953892964567022,1.953892964567022,411476.77593999996
2017-11-21,1.9619848153299084,1.9619848153299084,349584.4819
2017-11-22,1.9536039698969185,1.9536039698969185,396361.06411
2017-11-23,1.9050528653195988,1.9050528653195988,363852.60513
2017-11-24,1.9088097960309391,1.9088097960309391,308455.81778
2017-11-27,1.8833782650618667,1.8833782650618667,231847.55302
2017-11-28,1.9131447160824855,1.9131447160824855,523084.72293
2017-11-29,1.9192136041546506,1.9192136041546506,508799.41885
2017-11-30,1.9062088440000113,1.9062088440000113,294994.04911
2017-12-01,1.9192136041546506,1.9192136041546506,382782.46566
2017-12-04,1.908231806690733,1.908231806690733,265415.49775
2017-12-05,1.8666165741958873,1.8666165741958873,492766.24963
2017-12-06,1.8749974196288772,1.8749974196288772,448918.42965
2017-12-07,1.8637266274948565,1.8637266274948565,362530.82506999996
2017-12-08,1.8842452490721762,1.8842452490721762,440747.21739
2017-12-11,1.911988737402073,1.911988737402073,241400.10562
2017-12-12,1.8955160412061967,1.8955160412061967,232224.38633
2017-12-13,1.911988737402073,1.911988737402073,230684.98217
2017-12-14,1.9163236574536195,1.9163236574536195,260362.03707
2017-12-15,1.9010069399381555,1.9010069399381555,233511.80469
2017-12-18,1.8865572064330007,1.8865572064330007,242056.41409
2017-12-19,1.9012959346082585,1.9012959346082585,275759.51484
2017-12-20,1.8868462011031037,1.8868462011031037,295239.16257
2017-12-21,1.8975390038969182,1.8975390038969182,559367.24196
2017-12-22,1.8975390038969182,1.8975390038969182,292462.73721
2017-12-25,1.8801993236907326,1.8801993236907326,356826.78287
2017-12-26,1.8926260945051658,1.8926260945051658,384780.02582
2017-12-27,1.87528641429898,1.87528641429898,295423.57036
2017-12-28,1.8851122330824852,1.8851122330824852,257246.57627
2017-12-29,1.9041858813092896,1.9041858813092896,269860.75634
2018-01-02,1.9296174122783618,1.9296174122783618,602179.6293799999
2018-01-03,1.9420441830927948,1.9420441830927948,402642.38287
2018-01-04,1.9495580445154754,1.9495580445154754,490835.12208999996
2018-01-05,1.9530259805567123,1.9530259805567123,335503.05724
2018-01-08,1.961984815329908,1.961984815329908,319001.42351
2018-01-09,1.9602508473092897,1.9602508473092897,265000.86657
2018-01-10,1.9504250285257843,1.9504250285257843,335985.26643
2018-01-11,1.9550489432474338,1.9550489432474338,236816.25484
2018-01-12,1.9452231244639286,1.9452231244639286,364916.67244
2018-01-15,1.9036078919690829,1.9036078919690829,489351.84203999996
2018-01-16,1.913722705422691,1.913722705422691,532244.40676
2018-01-17,1.9027409079587734,1.9027409079587734,695318.16262
2018-01-18,1.909965774711351,1.909965774711351,354547.45677
2018-01-19,1.9044748759793921,1.9044748759793921,390555.0822
2018-01-22,1.928750428268052,1.928750428268052,776267.45548
2018-01-23,1.93135138029898,1.93135138029898,481227.59077
2018-01-24,1.946090108474238,1.946090108474238,975177.02827
2018-01-25,1.943200161773207,1.943200161773207,650519.66894
2018-01-26,1.9449341297938256,1.9449341297938256,380246.5722
2018-01-29,1.9197915934948562,1.9197915934948562,571220.88307
2018-01-30,1.9195025988247532,1.9195025988247532,335753.89765
2018-01-31,1.8787543503402169,1.8787543503402169,512389.07110999996
2018-02-01,1.8224003896701133,1.8224003896701133,989840.31105
2018-02-02,1.8215334056598038,1.8215334056598038,1451768.08032
2018-02-05,1.8183544642886698,1.8183544642886698,620135.90841
2018-02-06,1.7359909833092877,1.7359909833092877,947591.45551
2018-02-07,1.7380139460000095,1.7380139460000095,842107.90885
2018-02-08,1.7533306635154735,1.7533306635154735,774829.99103
2018-02-09,1.6865728947216587,1.6865728947216587,2440094.18579
2018-02-12,1.7322340525979476,1.7322340525979476,799944.95756
2018-02-13,1.742926855391762,1.742926855391762,421339.72923
2018-02-14,1.748706748793824,1.748706748793824,296132.56677
2018-02-22,1.7851200772268137,1.7851200772268137,436178.25668
2018-02-23,1.7877210292577415,1.7877210292577415,429809.88828
2018-02-26,1.8359831391649581,1.8359831391649581,996638.2006999999
2018-02-27,1.8276022937319685,1.8276022937319685,664738.5403999999
2018-02-28,1.8281802830721745,1.8281802830721745,599482.23593
2018-03-01,1.853322819371144,1.853322819371144,564290.12818
2018-03-02,1.8443639845979478,1.8443639845979478,405426.82596
2018-03-05,1.842052027237123,1.842052027237123,435252.78156
2018-03-06,1.866905568865989,1.866905568865989,524786.77247
2018-03-07,1.8492768939897002,1.8492768939897002,411459.59509
2018-03-08,1.8660385848556795,1.8660385848556795,375635.23206
2018-03-09,1.8911811211546488,1.8911811211546488,567422.76983
2018-03-12,1.9116997427319684,1.9116997427319684,1540783.2095599999
2018-03-13,1.9027409079587725,1.9027409079587725,628880.96106
2018-03-14,1.8784653556701125,1.8784653556701125,669229.61459
2018-03-15,1.8749974196288755,1.8749974196288755,796542.00387
2018-03-16,1.8645936115051638,1.8645936115051638,410298.16963
2018-03-19,1.8718184782577412,1.8718184782577412,394896.1103
2018-03-20,1.8726854622680504,1.8726854622680504,454167.75202
2018-03-21,1.8573687447525862,1.8573687447525862,604772.79234
2018-03-22,1.8570797500824834,1.8570797500824834,382927.93019
2018-03-23,1.7605555302680498,1.7605555302680498,1109412.15471
2018-03-26,1.7958128800206277,1.7958128800206277,1766696.49699
2018-03-27,1.836561128505164,1.836561128505164,759692.51679
2018-03-28,1.815753512257741,1.815753512257741,827733.26435
2018-03-29,1.8348271604845454,1.8348271604845454,929666.10201
2018-03-30,1.8591027127732052,1.8591027127732052,943934.2252399999
2018-04-02,1.8565017607422776,1.8565017607422776,530656.89622
2018-04-03,1.8417630325670198,1.8417630325670198,565433.2274
2018-04-04,1.8267353097216588,1.8267353097216588,352089.44983
2018-04-09,1.8296252564226898,1.8296252564226898,471033.61977
2018-04-10,1.8437859952577413,1.8437859952577413,587650.35723
2018-04-11,1.8469649366288752,1.8469649366288752,542582.6969
2018-04-12,1.83713911784537,1.83713911784537,524485.5349
2018-04-13,1.8310702297732049,1.8310702297732049,529451.94594
2018-04-16,1.825579331041246,1.825579331041246,669666.00818
2018-04-17,1.7929229333195964,1.7929229333195964,707946.08737
2018-04-18,1.8125745708866068,1.8125745708866068,1089655.3226
2018-04-19,1.8212444109896992,1.8212444109896992,632406.47148
2018-04-20,1.7891660026082559,1.7891660026082559,905162.77374
2018-04-23,1.7698033597113485,1.7698033597113485,835322.61849
2018-04-24,1.8073726668247505,1.8073726668247505,895342.19988
2018-04-25,1.8091066348453693,1.8091066348453693,474308.28978
2018-04-26,1.7767392317938226,1.7767392317938226,660920.95553
2018-04-27,1.784542087886606,1.784542087886606,766700.01281
2018-05-02,1.7799181731649565,1.7799181731649565,447919.64957
2018-05-03,1.7972578533711423,1.7972578533711423,984965.5312099999
2018-05-04,1.7961018746907298,1.7961018746907298,796201.8230399999
2018-05-07,1.8307812351031012,1.8307812351031012,698230.88939
2018-05-08,1.8394510752061939,1.8394510752061939,439145.96217
2018-05-09,1.8322262084536165,1.8322262084536165,415846.43879
2018-05-10,1.839740069876297,1.839740069876297,398352.89732
2018-05-11,1.8252903363711421,1.8252903363711421,361987.91021
2018-05-14,1.8166204962680492,1.8166204962680492,567083.73439
2018-05-15,1.833960176474235,1.833960176474235,799639.1384299999
2018-05-16,1.8293362617525857,1.8293362617525857,523565.78673
2018-05-17,1.817776474948462,1.817776474948462,559473.76323
2018-05-18,1.8293362617525857,1.8293362617525857,592504.5200499999
2018-05-21,1.8498548833299053,1.8498548833299053,999219.90976
2018-05-22,1.8573687447525857,1.8573687447525857,579631.48184
2018-05-23,1.8328041977938228,1.8328041977938228,835565.44117
2018-05-24,1.827024304391761,1.827024304391761,428303.70042999997
2018-05-25,1.8027487521031011,1.8027487521031011,539160.27158
2018-05-28,1.7992808160618639,1.7992808160618639,597661.06583
2018-05-29,1.7767392317938224,1.7767392317938224,541070.7821
2018-05-30,1.7359909833092861,1.7359909833092861,859987.44675
2018-05-31,1.7565096048866062,1.7565096048866062,813370.07375
2018-06-01,1.7359909833092864,1.7359909833092864,784690.65354
2018-06-04,1.7357019886391833,1.7357019886391833,557388.00804
2018-06-05,1.765179444989699,1.765179444989699,630130.58155
2018-06-06,1.7634454769690806,1.7634454769690806,1155831.37524
2018-06-07,1.7539086528556784,1.7539086528556784,601988.34925
2018-06-08,1.7325230472680495,1.7325230472680495,814381.45312
2018-06-11,1.721830244474235,1.721830244474235,696820.9143
2018-06-12,1.7359909833092866,1.7359909833092866,891864.79584
2018-06-13,1.7114264363505236,1.7114264363505236,742501.3582799999
2018-06-14,1.7085364896494928,1.7085364896494928,828057.40972
2018-06-15,1.678192049288668,1.678192049288668,1338917.38518
2018-06-19,1.5718420106907292,1.5718420106907292,2296560.78333
2018-06-20,1.5857137548556777,1.5857137548556777,1652659.17781
2018-06-21,1.5576812718556774,1.5576812718556774,2222329.20282
2018-06-22,1.5779108987628943,1.5779108987628943,1135084.9261699999
2018-06-25,1.5634611652577397,1.5634611652577397,858631.30499
2018-06-26,1.577043914752585,1.577043914752585,1086456.24833
2018-06-27,1.555658309164956,1.555658309164956,874500.6834399999
2018-06-28,1.5440985223608321,1.5440985223608321,958012.21373
2018-06-29,1.5984295203402137,1.5984295203402137,1546056.58512
2018-07-02,1.5727089947010384,1.5727089947010384,1289342.6152
2018-07-03,1.5891816908969145,1.5891816908969145,2047693.8802999998
2018-07-04,1.5675070906391826,1.5675070906391826,1090870.58139
2018-07-05,1.525891858144337,1.525891858144337,1153501.65198
2018-07-06,1.526469847484543,1.526469847484543,1500373.85036
2018-07-09,1.565773122618564,1.565773122618564,936685.05193
2018-07-10,1.5741539680515537,1.5741539680515537,518427.56719
2018-07-11,1.5443875170309351,1.5443875170309351,3081608.79855
2018-07-12,1.5894706855670178,1.5894706855670178,1741168.04467
2018-07-13,1.5935166109484613,1.5935166109484613,634415.48554
2018-07-16,1.5952505789690798,1.5952505789690798,800739.8582199999
2018-07-17,1.5897596802371212,1.5897596802371212,877168.29675
2018-07-18,1.5822458188144406,1.5822458188144406,664394.9234
2018-07-19,1.5689520639896986,1.5689520639896986,861410.02113
2018-07-20,1.588314706886606,1.588314706886606,1362468.89436
2018-07-23,1.6001634883608327,1.6001634883608327,901922.46543
2018-07-24,1.6270399926804207,1.6270399926804207,2275207.27756
2018-07-25,1.6273289873505237,1.6273289873505237,758844.92819
2018-07-26,1.6177921632371215,1.6177921632371215,870392.16951
2018-07-27,1.6094113178041318,1.6094113178041318,904175.44756
2018-07-30,1.585135765515472,1.585135765515472,1183646.026
2018-07-31,1.5886037015567092,1.5886037015567092,794703.65292
2018-08-01,1.563750159927843,1.563750159927843,1284044.04106
2018-08-02,1.527625826164956,1.527625826164956,1855641.7574399998
2018-08-03,1.5128870979896984,1.5128870979896984,1852172.3711299999
2018-08-06,1.4810976842783579,1.4810976842783579,2035569.92715
2018-08-07,1.5178000073814508,1.5178000073814508,1444965.60911
2018-08-08,1.4984373644845435,1.4984373644845435,1027037.9966899999
2018-08-09,1.536295666268049,1.536295666268049,1547838.81196
2018-08-10,1.542653549010317,1.542653549010317,800428.3121399999
2018-08-13,1.5521903731237194,1.5521903731237194,1250165.69564
2018-08-14,1.5443875170309358,1.5443875170309358,612756.16064
2018-08-15,1.5137540820000077,1.5137540820000077,1012423.96568
2018-08-16,1.5004603271752655,1.5004603271752655,943157.65082
2018-08-17,1.4735838228556777,1.4735838228556777,817590.8359
2018-08-20,1.4819646682886674,1.4819646682886674,1628656.38497
2018-08-21,1.4969923911340282,1.4969923911340282,870489.52766
2018-08-22,1.487166572350523,1.487166572350523,622385.4543699999
2018-08-23,1.4943914391031006,1.4943914391031006,1183476.50828
2018-08-24,1.4889005403711417,1.4889005403711417,746888.20198
2018-08-27,1.525891858144338,1.525891858144338,1285853.7572599999
2018-08-28,1.5276258261649562,1.5276258261649562,872453.87151
2018-08-29,1.5198229700721728,1.5198229700721728,949666.9021899999
2018-08-30,1.4969923911340282,1.4969923911340282,1084270.84421
2018-08-31,1.480519694938152,1.480519694938152,955019.30966
2018-09-03,1.4874555670206264,1.4874555670206264,1561827.46003
2018-09-04,1.4981483698144409,1.4981483698144409,1131507.8732
2018-09-05,1.4787857269175335,1.4787857269175335,1048424.7187699999
2018-09-06,1.4721388495051626,1.4721388495051626,911574.66696
2018-09-07,1.4698268921443378,1.4698268921443378,1355124.65368
2018-09-10,1.4472853078762964,1.4472853078762964,1087846.75179
2018-09-11,1.4452623451855748,1.4452623451855748,1309695.05011
2018-09-12,1.4406384304639253,1.4406384304639253,875165.00964
2018-09-13,1.448730281226812,1.448730281226812,2017103.94957
2018-09-14,1.4334135637113479,1.4334135637113479,1159528.69416
2018-09-17,1.4160738835051623,1.4160738835051623,926059.2689
2018-09-18,1.436881499752585,1.436881499752585,1366994.3302499999
2018-09-19,1.4539321852886673,1.4539321852886673,1771817.53568
2018-09-20,1.4536431906185643,1.4536431906185643,899479.34856
2018-09-21,1.4813866789484613,1.4813866789484613,2174582.47528
2018-09-25,1.4732948281855744,1.4732948281855744,1216786.7402599999
2018-09-26,1.4761847748866053,1.4761847748866053,1727175.96043
2018-09-27,1.4608680573711412,1.4608680573711412,1281367.2646299999
2018-09-28,1.4802307002680488,1.4802307002680488,1416756.94419
2018-10-08,1.4282116596494918,1.4282116596494918,1369884.14922
2018-10-09,1.4238767395979453,1.4238767395979453,914541.22706
2018-10-10,1.4235877449278422,1.4235877449278422,1158955.99916
2018-10-11,1.3160817276494912,1.3160817276494912,2799701.97558
2018-10-12,1.310879823587635,1.310879823587635,2125700.66625
2018-10-15,1.288338239319594,1.288338239319594,1283629.40988
2018-10-16,1.264351681701037,1.264351681701037,1444481.10914
2018-10-17,1.2698425804329958,1.2698425804329958,2858484.53577
2018-10-18,1.2418100974329955,1.2418100974329955,2137499.32864
2018-10-19,1.2675306230721712,1.2675306230721712,2615588.55081
2018-10-22,1.3415132586185634,1.3415132586185634,5575971.56254
2018-10-23,1.3091458555670168,1.3091458555670168,3225847.76125
2018-10-24,1.3053889248556767,1.3053889248556767,2107681.39077
2018-10-25,1.3050999301855735,1.3050999301855735,2203251.58698
2018-10-26,1.2987420474433053,1.2987420474433053,2314907.64035
2018-10-29,1.2831363352577385,1.2831363352577385,1352442.1502999999
2018-10-30,1.2949851167319653,1.2949851167319653,2260791.39902
2018-10-31,1.3146367542989759,1.3146367542989759,3194806.54686
2018-11-01,1.3238845837422748,1.3238845837422748,3972604.24338
2018-11-02,1.3727246829896975,1.3727246829896975,11619492.46847
2018-11-05,1.3657888109072231,1.3657888109072231,3624986.39611
2018-11-06,1.368389762938151,1.368389762938151,2174162.11715
2018-11-07,1.3553850027835117,1.3553850027835117,2433865.55497
2018-11-08,1.3464261680103156,1.3464261680103156,2355436.12011
2018-11-09,1.3470041573505216,1.3470041573505216,1291450.1328
2018-11-12,1.3822615071030993,1.3822615071030993,3827261.1247199997
2018-11-13,1.409716000762893,1.409716000762893,4614106.25685
2018-11-14,1.403358118020625,1.403358118020625,2144680.92394
2018-11-15,1.428211659649491,1.428211659649491,2416101.70146
2018-11-16,1.4368814997525838,1.4368814997525838,3522895.49463
2018-11-19,1.4374594890927899,1.4374594890927899,3910194.23306
2018-11-20,1.3993121926391812,1.3993121926391812,3849771.47439
2018-11-21,1.4024911340103152,1.4024911340103152,3232581.50906
2018-11-22,1.4024911340103152,1.4024911340103152,2288538.4717699997
2018-11-23,1.342958231969078,1.342958231969078,3803710.76093
2018-11-26,1.3455591840000058,1.3455591840000058,2948105.57632
2018-11-27,1.35249505608248,1.35249505608248,1343011.00904
2018-11-28,1.3724356883195934,1.3724356883195934,1936410.07868
2018-11-29,1.3446921999896964,1.3446921999896964,1930936.25987
2018-11-30,1.352206061412377,1.352206061412377,2312738.27169
2018-12-03,1.395266267257738,1.395266267257738,4526737.05304
2018-12-04,1.4007571659896967,1.4007571659896967,1964050.63016
2018-12-05,1.3915093365463977,1.3915093365463977,2377164.16841
2018-12-06,1.361453890855676,1.361453890855676,2320980.4981299997
2018-12-07,1.3617428855257787,1.3617428855257787,898733.69967
2018-12-10,1.3449811946597994,1.3449811946597994,1971810.64741
2018-12-11,1.359430928164954,1.359430928164954,1313591.66689
2018-12-12,1.3562519867938199,1.3562519867938199,1348373.72502
2018-12-13,1.3764816137010365,1.3764816137010365,2410909.64859
2018-12-14,1.346715162680418,1.346715162680418,2481445.05557
2018-12-17,1.3394902959278405,1.3394902959278405,2548837.51239
2018-12-18,1.3296644771443353,1.3296644771443353,2783136.20001
2018-12-19,1.310301834247428,1.310301834247428,2395767.59279
2018-12-20,1.3183936850103146,1.3183936850103146,2218284.83073
2018-12-21,1.3114578129278405,1.3114578129278405,2024408.1016
2018-12-24,1.3227286050618612,1.3227286050618612,2023290.20096
2018-12-25,1.3053889248556756,1.3053889248556756,2983258.74081
2018-12-26,1.300765010134026,1.300765010134026,1546654.4786999999
2018-12-27,1.2845813086082527,1.2845813086082527,1842050.5596999999
2018-12-28,1.286315276628871,1.286315276628871,2168778.7841499997
2019-01-02,1.274177500484541,1.274177500484541,1911923.93126
2019-01-03,1.270998559113407,1.270998559113407,2106537.14616
2019-01-04,1.3056779195257784,1.3056779195257784,2915889.19179
2019-01-07,1.3282195037938196,1.3282195037938196,2741232.1068599997
2019-01-08,1.3253295570927888,1.3253295570927888,1476660.84119
2019-01-09,1.3244625730824795,1.3244625730824795,4310447.33239
2019-01-10,1.3267745304433043,1.3267745304433043,1970865.7006599999
2019-01-11,1.3337104025257784,1.3337104025257784,2020495.44936
2019-01-14,1.3267745304433043,1.3267745304433043,1214048.11277
2019-01-15,1.3452701893299024,1.3452701893299024,2679447.4794799997
2019-01-16,1.3429582319690776,1.3429582319690776,1806174.6541199998
2019-01-17,1.3322654291752631,1.3322654291752631,1711693.7238
2019-01-18,1.3464261680103147,1.3464261680103147,2557356.92321
2019-01-21,1.3513390774020673,1.3513390774020673,2470479.09171
2019-01-22,1.3316874398350567,1.3316874398350567,2098842.41614
2019-01-23,1.3331324131855724,1.3331324131855724,1354868.08632
2019-01-24,1.3423802426288711,1.3423802426288711,2142551.64393
2019-01-25,1.3357333652165,1.3357333652165,1826700.04292
2019-01-28,1.3311094504948504,1.3311094504948504,2329712.95149
2019-01-29,1.3134807756185618,1.3134807756185618,3185462.45524
2019-01-30,1.3039439515051596,1.3039439515051596,2074701.0311099999
2019-01-31,1.29556310607217,1.29556310607217,3644342.34172
2019-02-01,1.3345773865360877,1.3345773865360877,4257100.79314
2019-02-11,1.3634768535463968,1.3634768535463968,3305061.78826
2019-02-12,1.3707017202989744,1.3707017202989744,3073320.7565099997
2019-02-13,1.3958442565979436,1.3958442565979436,3605629.30511
2019-02-14,1.4016241500000053,1.4016241500000053,2256348.43121
2019-02-15,1.3917983312165,1.3917983312165,2619545.87326
2019-02-18,1.4467073185360881,1.4467073185360881,3742188.4278599997
2019-02-19,1.44034943579382,1.44034943579382,3737000.95655
2019-02-20,1.4374594890927892,1.4374594890927892,2562644.0434499998
2019-02-21,1.4389044624433047,1.4389044624433047,3545156.14928
2019-02-22,1.4842766256494906,1.4842766256494906,2636638.52823
2019-02-25,1.583401797494852,1.583401797494852,6826400.69788
2019-02-26,1.562305186577326,1.562305186577326,5213722.503409999
2019-02-27,1.549878415762893,1.549878415762893,4302928.99243
2019-02-28,1.5513233891134086,1.5513233891134086,2815137.25122
2019-03-01,1.5698190480000067,1.5698190480000067,3796130.56991
2019-03-04,1.5912046535876356,1.5912046535876356,4328431.10078
2019-03-05,1.6374438008041308,1.6374438008041308,3599484.2877599997
2019-03-06,1.669522209185574,1.669522209185574,6759682.87577
2019-03-07,1.6831049586804192,1.6831049586804192,5726048.57807
2019-03-08,1.6276179820206251,1.6276179820206251,6728127.38127
2019-03-11,1.6871508840618625,1.6871508840618625,5287536.01657
2019-03-12,1.7146053777216563,1.7146053777216563,4990419.55979
2019-03-13,1.6741461239072233,1.6741461239072233,5914174.30401
2019-03-14,1.6351318434433058,1.6351318434433058,3735217.58432
2019-03-15,1.6530495129896972,1.6530495129896972,3859344.64401
2019-03-18,1.7059355376185634,1.7059355376185634,3433236.6562099997
2019-03-19,1.7027565962474296,1.7027565962474296,2226303.7061199998
2019-03-20,1.7030455909175326,1.7030455909175326,3010184.56893
2019-03-21,1.7218302444742337,1.7218302444742337,3480575.62491
2019-03-22,1.7403259033608318,1.7403259033608318,3242524.63965
2019-03-25,1.7151833670618626,1.7151833670618626,3045456.85398
2019-03-26,1.6637423157835118,1.6637423157835118,4597561.0983
2019-03-27,1.6842609373608315,1.6842609373608315,3126808.17873
2019-03-28,1.6605633744123778,1.6605633744123778,2396486.89771
2019-03-29,1.7172063297525841,1.7172063297525841,5284078.08416
2019-04-01,1.7851200772268112,1.7851200772268112,3520495.90258
2019-04-02,1.7836751038762957,1.7836751038762957,3515233.98092
2019-04-03,1.8044827201237186,1.8044827201237186,2825344.9669
2019-04-04,1.820955416319595,1.820955416319595,2765181.06637
2019-04-08,1.8004367947422752,1.8004367947422752,3800124.54484
2019-04-09,1.8082396508350587,1.8082396508350587,2759195.25823
2019-04-10,1.8039047307835123,1.8039047307835123,2718732.0657
2019-04-11,1.7732712957525845,1.7732712957525845,2718571.7111
2019-04-12,1.7686473810309349,1.7686473810309349,2212341.40202
2019-04-15,1.7452388127525842,1.7452388127525842,3313710.62815
2019-04-16,1.786565050577327,1.786565050577327,3672978.23711
2019-04-17,1.7897439919484608,1.7897439919484608,2697322.43582
2019-04-18,1.783675103876296,1.783675103876296,1638460.92337
2019-04-19,1.7989918213917597,1.7989918213917597,2262328.5124
2019-04-22,1.7695143650412444,1.7695143650412444,1941000.8018
2019-04-23,1.7362799779793885,1.7362799779793885,2101752.85213
2019-04-24,1.753330663515471,1.753330663515471,3310138.15674
2019-04-25,1.6909078147732026,1.6909078147732026,2928378.52435
2019-04-26,1.6753021025876353,1.6753021025876353,3167824.5946299997
2019-04-29,1.633975864762893,1.633975864762893,5763211.90201
2019-04-30,1.6391777688247484,1.6391777688247484,3710331.69579
2019-05-06,1.518377996721655,1.518377996721655,7497060.90458
2019-05-07,1.5316717515463976,1.5316717515463976,4559710.54036
2019-05-08,1.5250248741340267,1.5250248741340267,3453723.10175
2019-05-09,1.514043076670109,1.514043076670109,3532177.73519
2019-05-10,1.5651951332783567,1.5651951332783567,5405926.96314
2019-05-13,1.542364554340212,1.542364554340212,3509469.23305
2019-05-14,1.5362956662680471,1.5362956662680471,2341227.55716
2019-05-15,1.5669291012989752,1.5669291012989752,2533980.6587
2019-05-16,1.5810898401340272,1.5810898401340272,5275517.4393
2019-05-17,1.531671751546398,1.531671751546398,2556493.29915
2019-05-20,1.5201119647422743,1.5201119647422743,2886823.77515
2019-05-21,1.5455434957113465,1.5455434957113465,3174845.83533
2019-05-22,1.540630586319594,1.540630586319594,2139179.61577
2019-05-23,1.5108641352989751,1.5108641352989751,2309111.96695
2019-05-24,1.5024832898659854,1.5024832898659854,2869594.81877
2019-05-27,1.535139687587635,1.535139687587635,3981200.3953299997
2019-05-28,1.531960746216501,1.531960746216501,2876995.18356
2019-05-29,1.5325387355567073,1.5325387355567073,3302757.26358
2019-05-30,1.5279148208350577,1.5279148208350577,1946007.30149
2019-05-31,1.5204009594123773,1.5204009594123773,2040316.42331
2019-06-03,1.5085521779381503,1.5085521779381503,2214661.96216
2019-06-04,1.488322551030934,1.488322551030934,3213624.15917
2019-06-05,1.483120646969078,1.483120646969078,2321726.14702
2019-06-06,1.4498862599072224,1.4498862599072224,3154872.52451
2019-06-10,1.4652029774226865,1.4652029774226865,2891768.42378
2019-06-11,1.5258918581443361,1.5258918581443361,3782128.17716
2019-06-12,1.5097081566185628,1.5097081566185628,2657019.59789
2019-06-13,1.5146210660103154,1.5146210660103154,2012031.0172599999
2019-06-14,1.4917904870721712,1.4917904870721712,2287657.6668599998
2019-06-17,1.491212497731965,1.491212497731965,2068493.01731
2019-06-18,1.4877445616907277,1.4877445616907277,2123661.87205
2019-06-19,1.5068182099175322,1.5068182099175322,6786742.71452
2019-06-20,1.5383186289587694,1.5383186289587694,6075137.1060999995
2019-06-21,1.5582592611958828,1.5582592611958828,6946998.81098
2019-06-24,1.5579702665257795,1.5579702665257795,3124071.84202
2019-06-25,1.5426535490103155,1.5426535490103155,4047943.41602
2019-06-26,1.5423645543402122,1.5423645543402122,2082603.07672
2019-06-27,1.5556583091649547,1.5556583091649547,2930087.44623
2019-06-28,1.540919580989697,1.540919580989697,2874550.9213
2019-07-01,1.5834017974948518,1.5834017974948518,4413798.16287
2019-07-02,1.577910898762893,1.577910898762893,3324416.58848
2019-07-03,1.568952063989697,1.568952063989697,2597260.02003
2019-07-04,1.5623051865773256,1.5623051865773256,2085537.5659
2019-07-05,1.5701080426701093,1.5701080426701093,1808813.63268
2019-07-08,1.5146210660103152,1.5146210660103152,3439355.3295899997
2019-07-09,1.516355034030934,1.516355034030934,2201628.56935
2019-07-10,1.507685193927841,1.507685193927841,2079315.80742
2019-07-11,1.5082631832680473,1.5082631832680473,2257769.8602
2019-07-12,1.5151990553505215,1.5151990553505215,1740454.4667
2019-07-15,1.5319607462165008,1.5319607462165008,4297874.38636
2019-07-16,1.535717676927841,1.535717676927841,1807546.83134
2019-07-17,1.53282773022681,1.53282773022681,1590459.91925
2019-07-18,1.511153129969078,1.511153129969078,1765324.31977
2019-07-19,1.5204009594123769,1.5204009594123769,2752503.88985
2019-07-22,1.4915014924020673,1.4915014924020673,2861215.14553
2019-07-23,1.502483289865985,1.502483289865985,1818140.54345
2019-07-24,1.5166440287010368,1.5166440287010368,2638953.36142
2019-07-25,1.523868895453614,1.523868895453614,1966722.82503
2019-07-26,1.5273368314948512,1.5273368314948512,1838405.92872
2019-07-29,1.5258918581443357,1.5258918581443357,1547968.24103
2019-07-30,1.5348506929175316,1.5348506929175316,2034504.7144499999
2019-07-31,1.5310937622061915,1.5310937622061915,2082217.08029
2019-08-01,1.520400959412377,1.520400959412377,2076193.47428
2019-08-02,1.4998823378350574,1.4998823378350574,3231700.70415
2019-08-05,1.4836986363092841,1.4836986363092841,3258310.40463
2019-08-06,1.4487302812268097,1.4487302812268097,6065321.1137999995
2019-08-07,1.4423723984845416,1.4423723984845416,2491106.4202199997
2019-08-08,1.4504642492474284,1.4504642492474284,2398214.14583
2019-08-09,1.4368814997525832,1.4368814997525832,2561456.27402
2019-08-12,1.4628910200618614,1.4628910200618614,2143575.62259
2019-08-13,1.4533541959484593,1.4533541959484593,1604340.90066
2019-08-14,1.4600010733608304,1.4600010733608304,2475313.7829
2019-08-15,1.4669369454433048,1.4669369454433048,2931690.99223
2019-08-16,1.4712718654948513,1.4712718654948513,2708519.76846
2019-08-19,1.525602863474233,1.525602863474233,3059595.54814
2019-08-20,1.5192449807319648,1.5192449807319648,2289761.74829
2019-08-21,1.5218459327628928,1.5218459327628928,1684372.7361299999
2019-08-22,1.5235799007835116,1.5235799007835116,2445458.04716
2019-08-23,1.5244468847938206,1.5244468847938206,1693093.73559
2019-08-26,1.5137540820000062,1.5137540820000062,2469604.01375
2019-08-27,1.5362956662680474,1.5362956662680474,3001053.51985
2019-08-28,1.5357176769278411,1.5357176769278411,1626780.23615
2019-08-29,1.5400525969793872,1.5400525969793872,1966264.66903
2019-08-30,1.5273368314948512,1.5273368314948512,1900252.40716
2019-09-02,1.562883175917532,1.562883175917532,2540441.80369
2019-09-03,1.5715530160206244,1.5715530160206244,2084128.7362
2019-09-04,1.594961584298975,1.594961584298975,2808483.68071
2019-09-05,1.6050763977525833,1.6050763977525833,4663173.6190599995
2019-09-06,1.6097003124742326,1.6097003124742326,2084068.0305299999
2019-09-09,1.6403337475051605,1.6403337475051605,2969381.19557
2019-09-10,1.638888774154645,1.638888774154645,2515109.21306
2019-09-11,1.6322418967422736,1.6322418967422736,2153346.9446799997
2019-09-12,1.6365768167938202,1.6365768167938202,2029487.90625
2019-09-16,1.6371548061340264,1.6371548061340264,2319770.96629
2019-09-17,1.6030534350618613,1.6030534350618613,2466868.8224299997
2019-09-18,1.604209413742274,1.604209413742274,1809707.03688
2019-09-19,1.6186591472474285,1.6186591472474285,1897505.7619399999
2019-09-20,1.6212600992783563,1.6212600992783563,2267898.54397
2019-09-23,1.614613221865985,1.614613221865985,2412002.35065
2019-09-24,1.6151912112061915,1.6151912112061915,2731803.25638
2019-09-25,1.5897596802371192,1.5897596802371192,2259862.48773
2019-09-26,1.5536353464742325,1.5536353464742325,3453018.6869
2019-09-27,1.5608602132268097,1.5608602132268097,1949364.43958
2019-09-30,1.5388966182989745,1.5388966182989745,1855341.66526
2019-10-08,1.5423645543402116,1.5423645543402116,1899877.86463
2019-10-09,1.555947303835057,1.555947303835057,2064384.50338
2019-10-10,1.5729979893711397,1.5729979893711397,2194200.7152
2019-10-11,1.5810898401340263,1.5810898401340263,2624577.57153
2019-10-14,1.5990075096804182,1.5990075096804182,2446541.5861
2019-10-15,1.5796448667835108,1.5796448667835108,1433251.70558
2019-10-16,1.5703970373402119,1.5703970373402119,1513347.68289
2019-10-17,1.5706860320103149,1.5706860320103149,1256609.6597799999
2019-10-18,1.549011431752583,1.549011431752583,1929911.13582
2019-10-21,1.5461214850515517,1.5461214850515517,1814751.33444
2019-10-22,1.5605712185567064,1.5605712185567064,2020873.42806
2019-10-23,1.5513233891134075,1.5513233891134075,1364170.9439
2019-10-24,1.5484334424123762,1.5484334424123762,2041979.52959
2019-10-25,1.5614382025670155,1.5614382025670155,2421045.2047
2019-10-28,1.5828238081546449,1.5828238081546449,3621302.82187
2019-10-29,1.5634611652577375,1.5634611652577375,1929761.08973
2019-10-30,1.5440985223608301,1.5440985223608301,2162401.25263
2019-10-31,1.5360066715979435,1.5360066715979435,1604347.773
2019-11-01,1.5507453997732012,1.5507453997732012,2303610.65878
2019-11-04,1.5550803198247478,1.5550803198247478,2338860.03603
2019-11-05,1.5666401066288713,1.5666401066288713,2683094.40124
2019-11-06,1.5530573571340256,1.5530573571340256,2391490.70653
2019-11-07,1.5631721705876338,1.5631721705876338,2081131.25057
2019-11-08,1.557392277185572,1.557392277185572,2545830.86364
2019-11-11,1.5215569380927882,1.5215569380927882,2819973.0878
2019-11-12,1.5224239221030975,1.5224239221030975,2371229.90282
2019-11-13,1.5224239221030975,1.5224239221030975,1597520.1032099999
2019-11-14,1.5313827568762934,1.5313827568762934,1838151.65214
2019-11-15,1.5221349274329945,1.5221349274329945,1630968.92738
2019-11-18,1.527625826164953,1.527625826164953,1544714.18804
2019-11-19,1.552190373123716,1.552190373123716,2418184.02048
2019-11-20,1.5423645543402107,1.5423645543402107,2692921.84744
2019-11-21,1.5446765117010355,1.5446765117010355,1423448.31257
2019-11-22,1.5287818048453654,1.5287818048453654,3009174.33495
2019-11-25,1.5299377835257777,1.5299377835257777,2030931.09765
2019-11-26,1.524735879463922,1.524735879463922,2122793.6664299998
2019-11-27,1.5316717515463965,1.5316717515463965,2056063.2450299999
2019-11-28,1.5287818048453654,1.5287818048453654,1650946.8197599999
2019-11-29,1.5287818048453654,1.5287818048453654,2916150.34071
2019-12-02,1.5336947142371182,1.5336947142371182,1978114.8739699998
2019-12-03,1.5403415916494891,1.5403415916494891,2211386.14676
2019-12-04,1.537162650278355,1.537162650278355,1681143.88172
2019-12-05,1.5516123837835096,1.5516123837835096,2508309.03263
2019-12-06,1.5666401066288707,1.5666401066288707,2162291.29519
2019-12-09,1.5701080426701077,1.5701080426701077,2258074.53394
2019-12-10,1.5773329094226853,1.5773329094226853,1978465.36331
2019-12-11,1.5712640213505202,1.5712640213505202,1497513.81153
2019-12-12,1.5680850799793862,1.5680850799793862,1903129.62684
2019-12-13,1.5894706855670153,1.5894706855670153,3360010.72812
2019-12-16,1.6146132218659843,1.6146132218659843,3124729.29588
2019-12-17,1.6400447528350564,1.6400447528350564,3205497.61712
2019-12-18,1.6385997794845408,1.6385997794845408,2365732.03082
2019-12-19,1.6426457048659842,1.6426457048659842,1866655.8276799999
2019-12-20,1.6264620033402108,1.6264620033402108,2855043.7842099997
2019-12-23,1.5891816908969116,1.5891816908969116,3210656.45368
2019-12-24,1.6131682485154686,1.6131682485154686,2298836.67326
2019-12-25,1.620393115268046,1.620393115268046,2474483.3751499997
2019-12-26,1.632530891412376,1.632530891412376,2131314.22264
2019-12-27,1.6195261312577367,1.6195261312577367,1974088.82812
2019-12-30,1.6420677155257781,1.6420677155257781,2425493.89946
2019-12-31,1.6487145929381493,1.6487145929381493,1966420.4420699999
2020-01-02,1.6799260173092834,1.6799260173092834,2698320.07051
2020-01-03,1.6831049586804177,1.6831049586804177,1769558.8266
2020-01-06,1.702178606907222,1.702178606907222,2545623.54805
2020-01-07,1.7241422018350572,1.7241422018350572,2435743.99457
2020-01-08,1.7001556442165005,1.7001556442165005,2892265.52304
2020-01-09,1.7215412498041294,1.7215412498041294,2686095.32304
2020-01-10,1.7143163830515522,1.7143163830515522,2329999.29899
2020-01-13,1.7429268553917583,1.7429268553917583,2331373.76699
2020-01-14,1.735412993969078,1.735412993969078,2153983.7815199997
2020-01-15,1.7302110899072225,1.7302110899072225,2013199.31506
2020-01-16,1.7325230472680473,1.7325230472680473,2229979.26263
2020-01-17,1.722697228484542,1.722697228484542,2976135.5604
2020-01-20,1.7515966954948514,1.7515966954948514,1942046.54287
2020-01-21,1.7310780739175318,1.7310780739175318,3377805.50716
2020-01-22,1.744371828742274,1.744371828742274,3129152.79206
2020-01-23,1.679348027969078,1.679348027969078,4730679.46949
2020-02-03,1.5429425436804178,1.5429425436804178,7543307.17122
2020-02-04,1.568952063989696,1.568952063989696,6171172.33065
2020-02-05,1.602764440391758,1.602764440391758,3612022.8720899997
2020-02-06,1.6504485609587682,1.6504485609587682,3370560.91541
2020-02-07,1.6663432678144383,1.6663432678144383,2585588.4959299997
2020-02-10,1.6825269693402116,1.6825269693402116,3200550.67771
2020-02-11,1.6750131079175312,1.6750131079175312,2378696.70023
2020-02-12,1.7091144789896964,1.7091144789896964,2202738.45226
2020-02-13,1.6937977614742323,1.6937977614742323,2352461.54228
2020-02-14,1.695820724164954,1.695820724164954,2431484.28916
2020-02-17,1.7533306635154695,1.7533306635154695,4498587.9484
2020-02-18,1.767491402350521,1.767491402350521,4656607.09819
2020-02-19,1.7533306635154695,1.7533306635154695,3122239.21802
2020-02-20,1.7862760559072222,1.7862760559072222,3089135.15624
2020-02-21,1.8145975335773254,1.8145975335773254,3439153.74095
2020-02-24,1.8313592244433048,1.8313592244433048,3506630.95663
2020-02-25,1.8434970005876348,1.8434970005876348,3548883.24834
2020-02-26,1.7966798640309336,1.7966798640309336,3264850.58153
2020-02-27,1.7961018746907276,1.7961018746907276,2926135.85073
2020-02-28,1.7068025216288716,1.7068025216288716,6248073.81525
2020-03-02,1.7692253703711398,1.7692253703711398,4373750.74691
2020-03-03,1.7813631465154698,1.7813631465154698,4407702.39729
2020-03-04,1.7871430399175319,1.7871430399175319,2123589.7124799998
2020-03-05,1.8099736188556763,1.8099736188556763,1634833.47324
2020-03-06,1.7995698107319649,1.7995698107319649,1465353.55111
2020-03-09,1.733101036608253,1.733101036608253,2104004.6888699997
2020-03-10,1.7715373277319646,1.7715373277319646,3686522.47386
2020-03-11,1.7455278074226863,1.7455278074226863,3673024.05271
2020-03-12,1.722986223154645,1.722986223154645,1860404.2890599999
2020-03-13,1.7105594523402117,1.7105594523402117,4130345.0634
2020-03-16,1.6276179820206238,1.6276179820206238,3082832.07507
2020-03-17,1.6307969233917579,1.6307969233917579,4210217.68966
2020-03-18,1.6062323764329949,1.6062323764329949,3149426.19506
2020-03-19,1.6206821099381497,1.6206821099381497,4198472.8606
2020-03-20,1.6325308914123766,1.6325308914123766,2507328.5787899997
2020-03-23,1.5672180959690776,1.5672180959690776,4066451.77303
2020-03-24,1.5894706855670158,1.5894706855670158,3575187.12969
2020-03-25,1.627906976690727,1.627906976690727,3185471.6183599997
2020-03-26,1.6123012645051598,1.6123012645051598,2081615.75054
2020-03-27,1.6053653924226856,1.6053653924226856,1696353.51553
2020-03-30,1.5744429627216547,1.5744429627216547,3131922.34508
2020-03-31,1.5744429627216547,1.5744429627216547,2515825.08181
2020-04-01,1.5686630693195927,1.5686630693195927,2069801.05269
2020-04-02,1.615191211206191,1.615191211206191,2734727.43705
2020-04-03,1.5958285683092839,1.5958285683092839,2300239.77601
2020-04-07,1.6432236942061913,1.6432236942061913,2662598.79258
2020-04-08,1.6481366035979441,1.6481366035979441,1773873.51073
2020-04-09,1.663453321113408,1.663453321113408,1724825.6201499999
2020-04-10,1.6333978754226863,1.6333978754226863,2727362.57935
2020-04-13,1.616636184556707,1.616636184556707,2054416.1742099999
2020-04-14,1.6513155449690784,1.6513155449690784,1935817.91205
2020-04-15,1.6481366035979443,1.6481366035979443,1826181.18125
2020-04-16,1.6611413637525836,1.6611413637525836,1843087.13765
2020-04-17,1.663164326443305,1.663164326443305,2519140.98586
2020-04-20,1.6810819959896968,1.6810819959896968,1789487.46721
2020-04-21,1.6703891931958823,1.6703891931958823,2666430.12213
2020-04-22,1.6859949053814491,1.6859949053814491,2030712.32816
2020-04-23,1.6773250652783565,1.6773250652783565,1189511.56819
2020-04-24,1.6524715236494902,1.6524715236494902,2123888.65927
2020-04-27,1.6466916302474286,1.6466916302474286,1660539.46101
2020-04-28,1.6339758647628924,1.6339758647628924,2846873.71734
2020-04-29,1.6371548061340264,1.6371548061340264,1740006.61921
2020-04-30,1.678192049288666,1.678192049288666,2569381.22743
2020-05-06,1.7042015695979444,1.7042015695979444,2502504.19611
2020-05-07,1.7021786069072227,1.7021786069072227,2511505.81612
2020-05-08,1.7238532071649546,1.7238532071649546,2307939.08759
2020-05-11,1.7172063297525835,1.7172063297525835,2777810.13651
2020-05-12,1.72154124980413,1.72154124980413,3397005.67973
2020-05-13,1.730500084577326,1.730500084577326,2080449.74352
2020-05-14,1.72154124980413,1.72154124980413,1205963.95015
2020-05-15,1.7247201911752643,1.7247201911752643,2360590.37511
2020-05-18,1.7157613564020684,1.7157613564020684,1561552.56643
2020-05-19,1.7351239992989753,1.7351239992989753,1275494.8501
2020-05-20,1.72154124980413,1.72154124980413,1918218.9947
2020-05-21,1.7010226282268104,1.7010226282268104,1477469.4865299999
2020-05-22,1.6718341665463978,1.6718341665463978,2492154.45207
2020-05-25,1.6648982944639235,1.6648982944639235,1614445.53124
2020-05-26,1.6961097188350576,1.6961097188350576,2421299.48128
2020-05-27,1.685416916041243,1.685416916041243,2643911.75473
2020-05-28,1.6807930013195935,1.6807930013195935,1686678.4061999999
2020-05-29,1.694664745484542,1.694664745484542,1653725.5359
2020-06-01,1.7515966954948514,1.7515966954948514,2118586.64896
2020-06-02,1.7498627274742329,1.7498627274742329,1255957.93287
2020-06-03,1.746972780773202,1.746972780773202,1794071.31799
2020-06-04,1.750151722144336,1.750151722144336,1552820.11307
2020-06-05,1.7541976475257792,1.7541976475257792,983166.12352
2020-06-08,1.7504407168144391,1.7504407168144391,1205391.2551499999
2020-06-09,1.7608445249381506,1.7608445249381506,1335595.75418
2020-06-10,1.7631564822989754,1.7631564822989754,1173536.8138599999
2020-06-11,1.7599775409278413,1.7599775409278413,1640771.175
2020-06-12,1.7602665355979445,1.7602665355979445,2190464.45302
2020-06-15,1.7582435729072228,1.7582435729072228,2697656.8896999997
2020-06-16,1.7900329866185631,1.7900329866185631,1643135.25996
2020-06-17,1.804482720123718,1.804482720123718,1912032.74331
2020-06-18,1.8091066348453673,1.8091066348453673,2075123.6800199999
2020-06-19,1.8224003896701098,1.8224003896701098,2374918.05862
2020-06-22,1.8212444109896972,1.8212444109896972,2327879.1821
2020-06-23,1.8293362617525841,1.8293362617525841,2279492.18155
2020-06-24,1.8296252564226874,1.8296252564226874,1549847.82602
2020-06-29,1.8215334056598007,1.8215334056598007,1879141.72407
2020-06-30,1.8484099099793885,1.8484099099793885,2617472.71736
2020-07-01,1.8565017607422751,1.8565017607422751,2587564.29368
2020-07-02,1.8897361478041306,1.8897361478041306,2665602.0051599997
2020-07-03,1.9148786841030998,1.9148786841030998,3508327.27922
2020-07-06,2.005912005185574,2.005912005185574,6254150.1092
2020-07-07,2.0258526374226875,2.0258526374226875,5110381.98144
2020-07-08,2.0663118912371212,2.0663118912371212,3004241.14022
2020-07-09,2.121509873226812,2.121509873226812,2967377.90846
2020-07-10,2.118330931855678,2.118330931855678,2972657.0109699997
2020-07-13,2.1856666899896986,2.1856666899896986,2548272.83512
2020-07-14,2.156767222979389,2.156767222979389,3817287.0686
2020-07-15,2.1116840544433066,2.1116840544433066,4094943.3492799997
2020-07-16,2.0062009998556776,2.0062009998556776,4485554.55559
2020-07-17,2.007645973206193,2.007645973206193,3606226.0533
2020-07-20,2.0666008859072242,2.0666008859072242,4233091.12796
2020-07-21,2.078160672711348,2.078160672711348,2253911.04129
2020-07-22,2.0983902996185644,2.0983902996185644,2601437.25736
2020-07-23,2.0960783422577394,2.0960783422577394,2637428.84733
2020-07-24,1.9966641757422752,1.9966641757422752,3425852.32688
2020-07-27,1.995508197061863,1.995508197061863,2420020.08065
2020-07-28,2.0160268186391823,2.0160268186391823,2345889.29446
2020-07-29,2.073247763319595,2.073247763319595,2455057.5607499997
2020-07-30,2.0660228965670173,2.0660228965670173,2405844.73401
2020-07-31,2.0876974968247493,2.0876974968247493,3120936.90959
2020-08-03,2.1379825694226873,2.1379825694226873,2708400.6478999997
2020-08-04,2.125266803938151,2.125266803938151,2032722.48761
2020-08-05,2.145496430845368,2.145496430845368,1908990.58747
2020-08-06,2.1509873295773265,2.1509873295773265,1599548.5888999999
2020-08-07,2.1241108252577385,2.1241108252577385,1657976.07819
2020-08-10,2.1342256387113467,2.1342256387113467,1395087.31078
2020-08-11,2.0957893475876355,2.0957893475876355,1333398.89616
2020-08-12,2.069201837938151,2.069201837938151,2332260.29885
2020-08-13,2.0787386620515527,2.0787386620515527,1751775.50146
2020-08-14,2.1082161184020682,2.1082161184020682,2724478.48733
2020-08-17,2.1382715640927903,2.1382715640927903,2654834.19377
2020-08-18,2.153588281608254,2.153588281608254,2011324.31163
2020-08-19,2.117174953175264,2.117174953175264,1653795.40469
2020-08-20,2.096367336927841,2.096367336927841,1799296.58717
2020-08-21,2.1087941077422743,2.1087941077422743,1633946.94138
2020-08-24,2.120064899876295,2.120064899876295,1703286.5611999999
2020-08-25,2.1093720970824807,2.1093720970824807,1569047.99859
2020-08-26,2.0738257526598,2.0738257526598,2283489.59265
2020-08-27,2.092321411546398,2.092321411546398,1884176.85851
2020-08-28,2.127867755969078,2.127867755969078,3168811.92081
2020-08-31,2.1171749531752635,2.1171749531752635,2669928.1431899997
2020-09-01,2.1322026760206243,2.1322026760206243,1680548.27892
2020-09-02,2.1307577026701088,2.1307577026701088,3394493.83946
2020-09-03,2.119197915865985,2.119197915865985,1586794.67125
2020-09-04,2.1047481823608303,2.1047481823608303,2086847.89206
2020-09-07,2.06082099250516,2.06082099250516,2438309.66817
2020-09-08,2.0738257526597987,2.0738257526597987,1907838.32513
2020-09-09,2.0220957067113448,2.0220957067113448,2498607.57933
2020-09-10,1.9874163462989736,1.9874163462989736,3181975.88808
2020-09-11,2.004178037164953,2.004178037164953,2577330.23403
2020-09-14,2.0194947546804167,2.0194947546804167,2722976.88104
2020-09-15,2.0275866054433034,2.0275866054433034,1601606.85473
2020-09-16,2.0212287227010353,2.0212287227010353,1448004.3287799999
2020-09-17,2.025563642752582,2.025563642752582,2137768.49529
2020-09-18,2.0622659658556746,2.0622659658556746,2344536.58887
2020-09-21,2.047527237680417,2.047527237680417,3152959.72321
2020-09-22,2.0220957067113448,2.0220957067113448,2150231.4838799997
2020-09-23,2.03192152549485,2.03192152549485,1420226.3305
2020-09-24,1.9926182503608292,1.9926182503608292,3006779.32446
2020-09-25,1.9865493622886643,1.9865493622886643,2054176.7877
2020-09-28,1.9680537034020662,1.9680537034020662,1869601.77076
2020-09-29,1.982503436907221,1.982503436907221,2617873.60386
2020-09-30,1.9689206874123755,1.9689206874123755,2651845.87126
2020-10-09,2.0200727440206228,2.0200727440206228,2226186.87634
2020-10-12,2.0819176034226845,2.0819176034226845,1973564.2395
2020-10-13,2.0824955927628905,2.0824955927628905,2234967.43608
2020-10-14,2.073247763319592,2.073247763319592,1643311.65002
2020-10-15,2.057642051134025,2.057642051134025,1743153.00554
2020-10-16,2.0463712590000047,2.0463712590000047,1716183.6526
2020-10-19,2.026430626762891,2.026430626762891,3422318.79873
2020-10-20,2.0431923176288707,2.0431923176288707,1663606.81543
2020-10-21,2.026430626762891,2.026430626762891,1909642.3143799999
2020-10-22,2.013714861278355,2.013714861278355,1808189.3951299998
2020-10-23,1.9807694688866027,1.9807694688866027,2118042.58871
2020-10-26,1.9790355008659841,1.9790355008659841,2146173.36711
2020-10-27,1.9784575115257779,1.9784575115257779,1333996.78974
2020-10-28,1.9900172983299016,1.9900172983299016,1503215.56295
2020-10-29,1.9929072450309322,1.9929072450309322,1927761.2387899999
2020-10-30,1.9478240764948496,1.9478240764948496,2447258.60024
2020-11-02,1.954759948577324,1.954759948577324,1630050.3246
2020-11-03,1.9853933836082518,1.9853933836082518,1719318.58503
2020-11-04,1.9851043889381486,1.9851043889381486,2235410.70201
2020-11-05,2.0244076640721693,2.0244076640721693,2029565.79277
2020-11-06,2.0093799412268085,2.0093799412268085,1967970.15474
2020-11-09,2.042325333618561,2.042325333618561,2944416.27513
2020-11-10,2.028453589453613,2.028453589453613,2751239.37929
2020-11-11,2.00388904249485,2.00388904249485,1160368.26503
2020-11-12,2.010535919907221,2.010535919907221,1155088.01713
2020-11-13,2.011113909247427,2.011113909247427,1705465.09298
2020-11-16,2.0342334828556745,2.0342334828556745,1531837.71366
2020-11-17,2.0206507333608292,2.0206507333608292,1345328.13301
2020-11-18,2.0189167653402107,2.0189167653402107,1841515.66257
2020-11-19,2.030187557474232,2.030187557474232,1441756.22633
2020-11-20,2.047238243010314,2.047238243010314,1880302.0041399999
2020-11-23,2.062554960525778,2.062554960525778,2375826.3528899997
2020-11-24,2.061976971185572,2.061976971185572,1557556.30072
2020-11-25,2.0290315787938193,2.0290315787938193,1397609.4595599999
2020-11-26,2.0229626907216542,2.0229626907216542,1915177.98425
2020-11-27,2.031343536154644,2.031343536154644,1681311.10866
2020-11-30,2.016315813309283,2.016315813309283,2410115.89332
2020-12-01,2.0486832163608297,2.0486832163608297,1882259.47565
2020-12-02,2.050417184381448,2.050417184381448,2470875.39665
2020-12-03,2.057353056463922,2.057353056463922,2218542.54348
2020-12-04,2.064866917886602,2.064866917886602,1494843.90744
2020-12-07,2.0498391950412413,2.0498391950412413,2139419.00228
2020-12-08,2.0472382430103133,2.0472382430103133,1540810.6989199999
2020-12-09,2.015448829298973,2.015448829298973,2489410.0976299997
2020-12-10,2.0189167653402103,2.0189167653402103,1398329.9098699999
2020-12-11,1.9859713729484576,1.9859713729484576,2081260.67964
2020-12-14,2.0007101011237154,2.0007101011237154,1375816.12403
2020-12-15,2.002733063814437,2.002733063814437,1818335.25975
2020-12-16,1.9952192023917565,1.9952192023917565,1042267.10213
2020-12-17,2.0194947546804163,2.0194947546804163,2353398.4713
2020-12-18,2.012558882597942,2.012558882597942,2230163.67042
2020-12-21,2.0446372909793857,2.0446372909793857,2220238.86607
2020-12-22,2.005334015845365,2.005334015845365,2457559.09251
2020-12-23,2.016026818639179,2.016026818639179,2127753.20513
2020-12-24,1.990595287670107,1.990595287670107,2205692.41307
2020-12-25,2.009379941226808,2.009379941226808,2542084.29295
2020-12-28,1.996953170412375,1.996953170412375,2451052.13192
2020-12-29,1.9882833303092822,1.9882833303092822,2416236.85748
2020-12-30,2.004756026505159,2.004756026505159,1903836.33247
2020-12-31,2.035389461536087,2.035389461536087,2367561.21865
2021-01-04,2.070068821948458,2.070068821948458,3477245.9761799998
2021-01-05,2.088275486164953,2.088275486164953,2320561.28539
2021-01-06,2.0859635288041285,2.0859635288041285,1608365.80112
2021-01-07,2.094633368907221,2.094633368907221,1223142.5093699999
2021-01-08,2.099835272969077,2.099835272969077,1547811.3226
2021-01-11,2.06746786991753,2.06746786991753,1744131.1686
2021-01-12,2.092899400886602,2.092899400886602,2036617.959
2021-01-13,2.07960564606186,2.07960564606186,1698819.5402
2021-01-14,2.064866917886602,2.064866917886602,1672551.16594
2021-01-15,2.057353056463922,2.057353056463922,2483610.98806
2021-01-18,2.0822065980927884,2.0822065980927884,1706117.96528
2021-01-19,2.0709358059587677,2.0709358059587677,1296024.82046
2021-01-20,2.089720459515469,2.089720459515469,1165261.37111
2021-01-21,2.1191979158659846,2.1191979158659846,1520373.5051499999
2021-01-22,2.1220878625670156,2.1220878625670156,1893406.41113
2021-01-25,2.125555798608253,2.125555798608253,979473.38616
2021-01-26,2.0931883955567065,2.0931883955567065,1302522.61793
2021-01-27,2.098390299618562,2.098390299618562,1473091.80595
2021-01-28,2.058798029814438,2.058798029814438,2722203.74279
2021-01-29,2.029898562804129,2.029898562804129,3179199.4627199997
2021-02-01,2.0440593016391806,2.0440593016391806,1196662.23796
2021-02-02,2.0634219445360875,2.0634219445360875,2438144.73201
2021-02-03,2.0512841683917578,2.0512841683917578,2088240.6863
2021-02-04,2.02903157879382,2.02903157879382,4035011.96292
2021-02-05,1.998687138432995,1.998687138432995,2200932.17223
2021-02-08,2.0226736960515517,2.0226736960515517,2363418.34302
2021-02-09,2.0637109392061914,2.0637109392061914,3103656.41066
2021-02-10,2.087119507484542,2.087119507484542,3665370.55673
2021-02-18,2.1180419371855725,2.1180419371855725,1485116.11017
2021-02-19,2.148386377546397,2.148386377546397,2150257.82785
2021-02-22,2.1284457453092838,2.1284457453092838,2377051.92019
2021-02-23,2.1226658519072217,2.1226658519072217,2672092.93029
2021-02-24,2.095500352917531,2.095500352917531,3952216.30138
2021-02-25,2.0850965447938195,2.0850965447938195,1968673.4242
2021-02-26,2.0391463922474276,2.0391463922474276,2805778.26953
2021-03-01,2.0752707260103143,2.0752707260103143,2086940.66865
2021-03-02,2.059087024484541,2.059087024484541,3173553.83541
2021-03-03,2.0865415181443345,2.0865415181443345,1796976.02703
2021-03-04,2.0512841683917573,2.0512841683917573,3221530.78634
2021-03-05,2.0544631097628914,2.0544631097628914,3170467.00936
2021-03-08,2.0053340158453654,2.0053340158453654,3458121.39935
2021-03-09,1.960250847309283,1.960250847309283,5868208.65792
2021-03-10,1.9397322257319631,1.9397322257319631,2811244.07061
2021-03-11,1.99175126635052,1.99175126635052,2775449.48772
2021-03-12,1.9931962397010352,1.9931962397010352,2521482.16302
2021-03-15,1.9801914795463962,1.9801914795463962,2490735.31386
2021-03-16,1.9810584635567055,1.9810584635567055,2150722.8561899997
2021-03-17,1.992618250360829,1.992618250360829,1894108.5352
2021-03-18,2.0073569785360865,2.0073569785360865,1849418.85357
2021-03-19,1.9908842823402104,1.9908842823402104,1747601.7003
2021-03-22,2.0166048079793857,2.0166048079793857,2005616.83326
2021-03-23,1.9934852343711382,1.9934852343711382,2305406.6303
2021-03-24,1.9718106341134063,1.9718106341134063,2481410.69387
2021-03-25,1.9764345488350556,1.9764345488350556,2450143.83765
2021-03-26,2.002155074474231,2.002155074474231,2231121.21646
2021-03-29,2.002155074474231,2.002155074474231,2919725.1029
2021-03-30,2.0093799412268085,2.0093799412268085,1719023.07441
2021-03-31,2.0064899945257775,2.0064899945257775,2151822.43059
2021-04-01,2.020361738690726,2.020361738690726,1536380.3303999999
2021-04-02,2.024985653412376,2.024985653412376,1417109.72431
2021-04-06,2.029031578793819,2.029031578793819,1627121.56237
2021-04-07,2.032210520164953,2.032210520164953,1807202.06895
2021-04-08,2.038279408237118,2.038279408237118,1777309.68073
2021-04-09,2.031343536154644,2.031343536154644,1015723.83427
2021-04-12,1.9983981437628913,1.9983981437628913,2962522.60025
2021-04-13,1.9920402610206231,1.9920402610206231,1881169.06437
2021-04-14,2.010246925237118,2.010246925237118,1892967.72676
2021-04-15,2.0122698879278396,2.0122698879278396,1884261.6173699999
2021-04-16,2.037412424226809,2.037412424226809,2869251.20177
2021-04-19,2.058220040474232,2.058220040474232,2021433.5237699999
2021-04-20,2.062265965855675,2.062265965855675,1757006.49759
2021-04-21,2.056775067123716,2.056775067123716,1044619.7331899999
2021-04-22,2.0642889285463966,2.0642889285463966,1967107.67607
2021-04-23,2.0744037420000048,2.0744037420000048,1033812.9785399999
2021-04-26,2.0657339018969116,2.0657339018969116,1804598.59748
2021-04-27,2.0651559125567056,2.0651559125567056,1503493.89272
2021-04-28,2.080183635402067,2.080183635402067,1142910.23065
2021-04-29,2.0807616247422733,2.0807616247422733,1159828.7863399999
2021-04-30,2.0839405661134074,2.0839405661134074,1277582.89607
2021-05-06,2.0772936887010363,2.0772936887010363,1503467.54875
2021-05-07,2.0683348539278406,2.0683348539278406,2246737.46372
2021-05-10,2.0746927366701087,2.0746927366701087,1306022.92977
2021-05-11,2.0689128432680466,2.0689128432680466,1210894.8540999999
2021-05-12,2.091743422206191,2.091743422206191,1211922.26893
2021-05-13,2.0686238485979436,2.0686238485979436,1632396.08332
2021-05-14,2.1007022569793867,2.1007022569793867,2448418.88031
2021-05-17,2.1113950597732014,2.1113950597732014,1908281.59106
2021-05-18,2.1171749531752635,2.1171749531752635,1645164.89104
2021-05-19,2.1137070171340264,2.1137070171340264,1019465.8234
2021-05-20,2.105904161041243,2.105904161041243,1106738.81445
2021-05-21,2.097812310278356,2.097812310278356,1078346.88713
2021-05-24,2.103881198350521,2.103881198350521,1075183.31995
2021-05-25,2.126422782618562,2.126422782618562,1638968.33114
2021-05-26,2.1296017239896963,2.1296017239896963,2725803.70356
2021-05-27,2.147230398865985,2.147230398865985,2348062.09929
2021-05-28,2.146363414855676,2.146363414855676,1934758.4263
2021-05-31,2.161391137701037,2.161391137701037,1736312.73646
2021-06-01,2.164859073742274,2.164859073742274,2942005.22918
2021-06-02,2.1515653189175317,2.1515653189175317,1777754.0920499999
2021-06-03,2.147230398865985,2.147230398865985,1244080.23857
2021-06-04,2.1573452123195933,2.1573452123195933,1177569.73205
2021-06-07,2.163125105721655,2.163125105721655,1914531.98429
2021-06-08,2.1553222496288713,2.1553222496288713,1256041.54634
2021-06-09,2.1532992869381498,2.1532992869381498,1012683.96921
2021-06-10,2.180753780597944,2.180753780597944,1115181.48414
2021-06-11,2.170060977804129,2.170060977804129,1103406.87494
2021-06-15,2.1437624628247476,2.1437624628247476,1183814.39833
2021-06-16,2.117752942515469,2.117752942515469,1798484.50566
2021-06-17,2.130757702670108,2.130757702670108,1344998.26069
2021-06-18,2.152143308257737,2.152143308257737,2130111.5631399998
2021-06-21,2.1605241536907265,2.1605241536907265,1534670.2631299999
2021-06-22,2.1732399191752623,2.1732399191752623,1308833.71683
2021-06-23,2.1908685940515515,2.1908685940515515,1257186.93634
2021-06-24,2.183065737958768,2.183065737958768,2258985.11899
2021-06-25,2.2004054181649533,2.2004054181649533,2126417.68039
2021-06-28,2.2018503915154684,2.2018503915154684,844875.17109
2021-06-29,2.185088700649489,2.185088700649489,2012997.72642
2021-06-30,2.1957815034433037,2.1957815034433037,1591430.06458
2021-07-01,2.1712169564845407,2.1712169564845407,1493751.20538
2021-07-02,2.152721297597943,2.152721297597943,1405393.53
2021-07-05,2.165726057752582,2.165726057752582,1170285.05165
2021-07-06,2.165437063082479,2.165437063082479,1284367.04104
2021-07-07,2.1850887006494895,2.1850887006494895,1253967.24505
2021-07-08,2.1819097592783554,2.1819097592783554,1094750.0173199999
2021-07-09,2.2006944128350567,2.2006944128350567,1254175.70603
2021-07-12,2.231905837206191,2.231905837206191,1725936.64845
2021-07-13,2.2530024481237167,2.2530024481237167,914215.9363
2021-07-14,2.238263719948459,2.238263719948459,2067625.9570799998
2021-07-15,2.2434656240103146,2.2434656240103146,1643468.56845
2021-07-16,2.2466445653814486,2.2466445653814486,1204114.1453
2021-07-19,2.233928799896913,2.233928799896913,1365639.33388
2021-07-20,2.2365297519278404,2.2365297519278404,1531492.95127
2021-07-21,2.2648512295979435,2.2648512295979435,1768615.0252399999
2021-07-22,2.274677048381449,2.274677048381449,887444.73583
2021-07-23,2.2703421283299026,2.2703421283299026,1415645.91589
2021-07-26,2.228437901164954,2.228437901164954,2949218.8954
2021-07-27,2.1859556846597994,2.1859556846597994,4258616.14411
2021-07-28,2.1530102922680467,2.1530102922680467,5634849.1901
2021-07-29,2.1897126153711395,2.1897126153711395,3501797.41083
2021-07-30,2.1966484874536136,2.1966484874536136,1778875.4288599999
2021-08-02,2.226414938474232,2.226414938474232,3331876.51355
2021-08-03,2.2108092262886654,2.2108092262886654,2787219.51536
2021-08-04,2.243465624010315,2.243465624010315,3500095.36129
2021-08-05,2.240864671979387,2.240864671979387,1687615.33522
2021-08-06,2.2512684801030987,2.2512684801030987,826278.61905
2021-08-09,2.260227314876295,2.260227314876295,1601763.7731599999
2021-08-10,2.2755440323917586,2.2755440323917586,1016447.72075
2021-08-11,2.2928837125979444,2.2928837125979444,988844.96714
2021-08-12,2.30184254737114,2.30184254737114,1098629.45325
2021-08-13,2.302420536711346,2.302420536711346,961907.6851199999
2021-08-16,2.2908607499072224,2.2908607499072224,1241437.82384
2021-08-17,2.240286682639181,2.240286682639181,3472627.7637
2021-08-18,2.2498235067525827,2.2498235067525827,2243352.83627
2021-08-19,2.2547364161443353,2.2547364161443353,2041441.1962899999
2021-08-20,2.24491059736083,2.24491059736083,1839647.53148
2021-08-23,2.2772780004123767,2.2772780004123767,1797822.47024
2021-08-24,2.3012645580309337,2.3012645580309337,1297109.50479
2021-08-25,2.319760216917531,2.319760216917531,965173.19201
2021-08-26,2.3099343981340263,2.3099343981340263,949685.22843
2021-08-27,2.327563073010315,2.327563073010315,726300.96212
2021-08-30,2.3437467745360885,2.3437467745360885,1011616.4657299999
2021-08-31,2.3529946039793876,2.3529946039793876,888556.90952
2021-09-01,2.3330539717422747,2.3330539717422747,1190867.70995
2021-09-02,2.375247193577326,2.375247193577326,1015137.3945899999
2021-09-03,2.3631094174329963,2.3631094174329963,1546200.90426
2021-09-06,2.3836280390103157,2.3836280390103157,1095872.49952
2021-09-07,2.435936074298976,2.435936074298976,1062491.25336
2021-09-08,2.4515417864845435,2.4515417864845435,1223261.62993
2021-09-09,2.4729273920721724,2.4729273920721724,889548.8172599999
2021-09-10,2.472060408061863,2.472060408061863,1451385.52006
2021-09-13,2.4804412534948526,2.4804412534948526,1393092.0414
2021-09-14,2.4529867598350585,2.4529867598350585,1378514.66287
2021-09-15,2.4633905679587698,2.4633905679587698,908800.53238
2021-09-16,2.4185963940927904,2.4185963940927904,1518420.6152
2021-09-17,2.39894475652578,2.39894475652578,2971336.3763
2021-09-22,2.4226423194742335,2.4226423194742335,1565058.60522
2021-09-23,2.4359360742989757,2.4359360742989757,1697630.6253799999
2021-09-24,2.399811740536089,2.399811740536089,3969970.9917699997
2021-09-27,2.3336319610824803,2.3336319610824803,5312300.49376
2021-09-28,2.3350769344329962,2.3350769344329962,1798361.94893
2021-09-29,2.282479904474233,2.282479904474233,4169481.89431
2021-09-30,2.302998526051553,2.302998526051553,3010383.86679
2021-10-08,2.299819584680419,2.299819584680419,2432410.90967
2021-10-11,2.2977966219896975,2.2977966219896975,2010138.83298
2021-10-12,2.253580437463924,2.253580437463924,3572807.00927
2021-10-13,2.2636952509175328,2.2636952509175328,1941454.37624
2021-10-14,2.2720760963505224,2.2720760963505224,2027725.15104
2021-10-15,2.283635883154646,2.283635883154646,2383532.53681
2021-10-18,2.2905717552371203,2.2905717552371203,3153800.43947
2021-10-19,2.308489424783512,2.308489424783512,2330468.90889
2021-10-20,2.3076224407732027,2.3076224407732027,1927807.05439
2021-10-21,2.3015535527010376,2.3015535527010376,1557304.31492
2021-10-22,2.2839248778247487,2.2839248778247487,1381343.77617
2021-10-25,2.302998526051553,2.302998526051553,1105329.98475
2021-10-26,2.30646646209279,2.30646646209279,1867551.52266
2021-10-27,2.2859478405154707,2.2859478405154707,1005692.50865
2021-10-28,2.2587823415257797,2.2587823415257797,3011695.33834
2021-10-29,2.281612920463924,2.281612920463924,1662590.8545
2021-11-01,2.2902827605670173,2.2902827605670173,1150851.21952
2021-11-02,2.2680301709690793,2.2680301709690793,3728215.81525
2021-11-03,2.2755440323917595,2.2755440323917595,1740201.33551
2021-11-04,2.2940396912783574,2.2940396912783574,1088331.25176
2021-11-05,2.2752550377216565,2.2752550377216565,2066535.5458
2021-11-08,2.2821909098041306,2.2821909098041306,1444941.55592
2021-11-09,2.2966406433092854,2.2966406433092854,1763200.7667099999
2021-11-10,2.2908607499072233,2.2908607499072233,2687711.46833
2021-11-11,2.3099343981340277,2.3099343981340277,1545338.4255899999
2021-11-12,2.322650163618564,2.322650163618564,993051.9846099999
2021-11-15,2.305599478082481,2.305599478082481,1247928.74897
2021-11-16,2.2899937658969143,2.2899937658969143,1143427.9469299999
2021-11-17,2.30357651539176,2.30357651539176,1328472.57377
2021-11-18,2.303287520721657,2.303287520721657,1972447.48425
2021-11-19,2.3307420143814506,2.3307420143814506,2498505.63962
2021-11-22,2.350971641288667,2.350971641288667,2705322.98497
2021-11-23,2.356462540020626,2.356462540020626,1772578.07464
2021-11-24,2.3544395773299045,2.3544395773299045,987481.9530399999
2021-11-25,2.352994603979389,2.352994603979389,983885.4284399999
2021-11-26,2.346347726567018,2.346347726567018,1196063.19899
2021-11-29,2.3486596839278433,2.3486596839278433,1850419.92443
2021-11-30,2.3532835986494924,2.3532835986494924,1493555.34369
2021-12-01,2.3654213747938226,2.3654213747938226,880141.72919
2021-12-02,2.351260635958771,2.351260635958771,1066784.17508
2021-12-03,2.373224230886606,2.373224230886606,929411.82543
2021-12-06,2.354439577329905,2.354439577329905,1626630.19006
2021-12-07,2.33998984382475,2.33998984382475,1043633.5523999999
2021-12-08,2.3743802095670183,2.3743802095670183,1182203.97999
2021-12-09,2.376692166927844,2.376692166927844,966750.3940399999
2021-12-10,2.3758251829175343,2.3758251829175343,1683044.08373
2021-12-13,2.3810270869793904,2.3810270869793904,1090184.49278
2021-12-14,2.3752471935773283,2.3752471935773283,806321.34369
2021-12-15,2.3723572468762972,2.3723572468762972,824506.70072
2021-12-16,2.3940318471340296,2.3940318471340296,1254436.85495
2021-12-17,2.3772701562680503,2.3772701562680503,2388477.18544
2021-12-20,2.339989843824751,2.339989843824751,4726623.6435
2021-12-21,2.35761851870104,2.35761851870104,2293160.12042
2021-12-22,2.3674443374845455,2.3674443374845455,1595579.81255
2021-12-23,2.380738092309288,2.380738092309288,1224004.98804
2021-12-24,2.3668663481443395,2.3668663481443395,3184189.9269499998
2021-12-27,2.361664444082484,2.361664444082484,3150301.2730199997
2021-12-28,2.363398412103103,2.363398412103103,2256512.22198
2021-12-29,2.3573295240309378,2.3573295240309378,2393121.7418899997
2021-12-30,2.37438020956702,2.37438020956702,2510043.15309
2021-12-31,2.38651798571135,2.38651798571135,2231012.40441
2022-01-04,2.388540948402072,2.388540948402072,2362078.23672
2022-01-05,2.3417238118453705,2.3417238118453705,3253583.3800999997
2022-01-06,2.3446137585464015,2.3446137585464015,2339767.18491
2022-01-07,2.332764977072175,2.332764977072175,2194745.92084
2022-01-10,2.333053971742278,2.333053971742278,1031902.46802
2022-01-11,2.319471222247432,2.319471222247432,1784343.52072
2022-01-12,2.3353659291031024,2.3353659291031024,1153848.70515
2022-01-13,2.309356408793824,2.309356408793824,2391662.51503
2022-01-14,2.2983746113299066,2.2983746113299066,2569998.59264
2022-01-17,2.321205190268051,2.321205190268051,2007277.64876
2022-01-18,2.325251115649494,2.325251115649494,1575235.39537
2022-01-19,2.311957360824752,2.311957360824752,2896583.64334
2022-01-20,2.293750696608257,2.293750696608257,3408879.93786
2022-01-21,2.269475144319597,2.269475144319597,5063324.7786799995
2022-01-24,2.266585197618566,2.266585197618566,2119803.05314
2022-01-25,2.192313567402071,2.192313567402071,3505021.68368
2022-01-26,2.2004054181649577,2.2004054181649577,2485261.49505
2022-01-27,2.1478083882061947,2.1478083882061947,2720797.20387
2022-01-28,2.133069660030937,2.133069660030937,4337735.10375
2022-02-07,2.163703095061865,2.163703095061865,3762168.6110199997
2022-02-08,2.18942362070104,2.18942362070104,1799681.43821
2022-02-09,2.219479066391762,2.219479066391762,1980574.0263
2022-02-10,2.219190071721659,2.219190071721659,1643782.40531
2022-02-11,2.192602562072174,2.192602562072174,2223002.69214
2022-02-14,2.173817908515473,2.173817908515473,2827269.2221
2022-02-15,2.192891556742277,2.192891556742277,2469035.90031
2022-02-16,2.1975154714639267,2.1975154714639267,2043602.54722
2022-02-17,2.1980934608041327,2.1980934608041327,1713600.79815
2022-02-18,2.2177450983711435,2.2177450983711435,1807413.9660999998
2022-02-21,2.2275709171546483,2.2275709171546483,1863784.33495
2022-02-22,2.202717375525782,2.202717375525782,1880288.2594599999
2022-02-23,2.235373773247432,2.235373773247432,2567335.56089
2022-02-24,2.19693748212372,2.19693748212372,3771976.58559
2022-02-25,2.212543194309287,2.212543194309287,2748917.67376
2022-02-28,2.2238139864433077,2.2238139864433077,1808063.40223
2022-03-01,2.22959387984537,2.22959387984537,2288176.52853
2022-03-02,2.230460863855679,2.230460863855679,1617002.0417199999
2022-03-03,2.227859911824751,2.227859911824751,1729006.29365
2022-03-04,2.2125431943092866,2.2125431943092866,1850982.3109199998
2022-03-07,2.161969127041245,2.161969127041245,2404453.08516
2022-03-08,2.081917603422688,2.081917603422688,5322762.48602
2022-03-09,2.0457932696598014,2.0457932696598014,7196997.359329999
2022-03-10,2.078449667381451,2.078449667381451,4615877.02979
2022-03-11,2.107927123731966,2.107927123731966,3426090.568
2022-03-14,2.052729141742275,2.052729141742275,3590478.0861899997
2022-03-15,1.931640374969079,1.931640374969079,6517428.30921
2022-03-16,1.9995541224433058,1.9995541224433058,6917013.64617
2022-03-17,2.0322105201649556,2.0322105201649556,3987139.24248
2022-03-18,2.053018136412378,2.053018136412378,2524468.19475
2022-03-21,2.0608209925051617,2.0608209925051617,4832585.96318
2022-03-22,2.061398981845368,2.061398981845368,1693571.36322
2022-03-23,2.0752707260103165,2.0752707260103165,1398310.43824
2022-03-24,2.0593760191546466,2.0593760191546466,1230834.94861
2022-03-25,2.033077504175265,2.033077504175265,1289734.33858
2022-03-28,2.0400133762577393,2.0400133762577393,1269379.61289
2022-03-29,2.0290315787938216,2.0290315787938216,1441499.65897
2022-03-30,2.072958768649492,2.072958768649492,2617693.77763
2022-03-31,2.0550410991031,2.0550410991031,1541480.75207
2022-04-01,2.069201837938152,2.069201837938152,2086238.54458
2022-04-06,2.0645779232165022,2.0645779232165022,1475069.89448
2022-04-07,2.0177607866598013,2.0177607866598013,2232231.09937
2022-04-08,2.0244076640721724,2.0244076640721724,1624221.43489
2022-04-11,1.9599618526391824,1.9599618526391824,2156024.8665
2022-04-12,1.9920402610206258,1.9920402610206258,2838387.52283
2022-04-13,1.9631407940103167,1.9631407940103167,1640756.2849299998
2022-04-14,1.989150314319595,1.989150314319595,1686931.53739
2022-04-15,1.971232644773203,1.971232644773203,1296865.53672
2022-04-18,1.9729666127938215,1.9729666127938215,1831483.19156
2022-04-19,1.9793244955360896,1.9793244955360896,1390186.18697
2022-04-20,1.9336633376598007,1.9336633376598007,1474049.3519899999
2022-04-21,1.8741304356185635,1.8741304356185635,2476175.11618
2022-04-22,1.8628596434845428,1.8628596434845428,2718328.8884199997
2022-04-25,1.7411928873711406,1.7411928873711406,3939519.65323
2022-04-26,1.7094034736598003,1.7094034736598003,3985663.98016
2022-04-27,1.7669134130103161,1.7669134130103161,4796553.13917
2022-04-28,1.7620005036185638,1.7620005036185638,3932373.56502
2022-04-29,1.8342491711443374,1.8342491711443374,3839509.92538
2022-05-05,1.8469649366288734,1.8469649366288734,2621331.53627
2022-05-06,1.805638698804131,1.805638698804131,3478231.0115799997
2022-05-09,1.8215334056598014,1.8215334056598014,2868518.15217
2022-05-10,1.8521668406907295,1.8521668406907295,2196626.65122
2022-05-11,1.8645936115051627,1.8645936115051627,4235408.25193
2022-05-12,1.8660385848556782,1.8660385848556782,1661466.08152
2022-05-13,1.8874241904433071,1.8874241904433071,1612457.1342
2022-05-16,1.8816442970412455,1.8816442970412455,2192894.9706
2022-05-17,1.891759110494854,1.891759110494854,1549275.13102
2022-05-18,1.8854012277525858,1.8854012277525858,1841697.7795799999
2022-05-19,1.9030299026288746,1.9030299026288746,2151022.94837
2022-05-20,1.9325073589793902,1.9325073589793902,2153442.01205
2022-05-23,1.9405992097422768,1.9405992097422768,1574016.70041
2022-05-24,1.8744194302886683,1.8744194302886683,2879485.26142
2022-05-25,1.9044748759793901,1.9044748759793901,2071386.27245
2022-05-26,1.9264384709072255,1.9264384709072255,2200633.2254399997
2022-05-27,1.9264384709072255,1.9264384709072255,1527093.50828
2022-05-30,1.9368422790309368,1.9368422790309368,1088725.26592
2022-05-31,1.9671867193917618,1.9671867193917618,2911284.72399
2022-06-01,1.9651637567010398,1.9651637567010398,1621479.37123
2022-06-02,1.9888613196494933,1.9888613196494933,1726520.79735
2022-06-06,2.0203617386907307,2.0203617386907307,2774711.8565599998
2022-06-07,2.0192057600103186,2.0192057600103186,1823688.81261
2022-06-08,2.0333664988453704,2.0333664988453704,1945225.00012
2022-06-09,2.0088019518866074,2.0088019518866074,1727351.2051
2022-06-10,2.0455042749897006,2.0455042749897006,2498617.88784
2022-06-13,2.0394353869175355,2.0394353869175355,1949634.75162
2022-06-14,2.0602430031649583,2.0602430031649583,2958380.8700099997
2022-06-15,2.0515731630618657,2.0515731630618657,2459836.12783
2022-06-16,2.0547521044329997,2.0547521044329997,2316589.07287
2022-06-17,2.0744037420000097,2.0744037420000097,2622415.07521
2022-06-20,2.0744037420000097,2.0744037420000097,2046722.58958
2022-06-21,2.059376019154649,2.059376019154649,1711360.41531
2022-06-22,2.0272976107732052,2.0272976107732052,2252034.89247
2022-06-23,2.072091784639185,2.072091784639185,2269673.89847
2022-06-24,2.096078342257742,2.096078342257742,2049232.13907
2022-06-27,2.104748182360835,2.104748182360835,2288015.02854
2022-06-28,2.1402945267835154,2.1402945267835154,1487137.72352
2022-06-29,2.1064821503814533,2.1064821503814533,2067912.30458
2022-06-30,2.1229548465773296,2.1229548465773296,2360882.44956
2022-07-01,2.1191979158659895,2.1191979158659895,1515830.88841
2022-07-04,2.144918441505165,2.144918441505165,3079045.41573
2022-07-05,2.142028494804134,2.142028494804134,2566512.02548
2022-07-06,2.114285006474237,2.114285006474237,1539949.36564
2022-07-07,2.12295484657733,2.12295484657733,1870833.06501
2022-07-08,2.110528075762897,2.110528075762897,1291489.0760599999
2022-07-11,2.0824955927628968,2.0824955927628968,1281293.95967
2022-07-12,2.0573530564639273,2.0573530564639273,1182753.76719
2022-07-13,2.0648669178866075,2.0648669178866075,2124115.44649
2022-07-14,2.0793166513917622,2.0793166513917622,2213333.30976
2022-07-15,2.0443482963092876,2.0443482963092876,1343927.32104
2022-07-18,2.0822065980927933,2.0822065980927933,1591974.1248299999
2022-07-19,2.0897204595154735,2.0897204595154735,1593746.04316
2022-07-20,2.116307969164958,2.116307969164958,1392410.5343499999
2022-07-21,2.095789347587638,2.095789347587638,1097678.7795499999
2022-07-22,2.0770046940309372,2.0770046940309372,2225038.05017
2022-07-25,2.0564860724536174,2.0564860724536174,1626275.11916
2022-07-26,2.081339614082484,2.081339614082484,1333468.76495
2022-07-27,2.0902984488556795,2.0902984488556795,850820.89058
2022-07-28,2.095789347587638,2.095789347587638,1363673.84464
2022-07-29,2.079027656721659,2.079027656721659,1285126.4346099999
2022-08-01,2.0969453262680506,2.0969453262680506,909348.0288
2022-08-02,2.0446372909793906,2.0446372909793906,2407620.08851
2022-08-03,2.0275866054433083,2.0275866054433083,1585045.66072
2022-08-04,2.034522477525783,2.034522477525783,1757901.04718
2022-08-05,2.0767156993608347,2.0767156993608347,1067968.50834
2022-08-08,2.088275486164959,2.088275486164959,1056965.892
2022-08-09,2.094344374237124,2.094344374237124,1035310.00327
2022-08-10,2.0902984488556804,2.0902984488556804,790539.01488
2022-08-11,2.131624686680423,2.131624686680423,1340903.49144
2022-08-12,2.127867755969083,2.127867755969083,976699.2515799999
2022-08-15,2.1307577026701137,2.1307577026701137,2265092.33847
2022-08-16,2.1362486014020723,2.1362486014020723,1257050.63493
2022-08-17,2.150120345567021,2.150120345567021,1589044.21721
2022-08-18,2.1423174894742374,2.1423174894742374,926016.8894699999
2022-08-19,2.1139960118041343,2.1139960118041343,1367470.81249
2022-08-22,2.140583521453619,2.140583521453619,1016133.8838899999
2022-08-23,2.141161510793825,2.141161510793825,1317293.56737
2022-08-24,2.079894640731969,2.079894640731969,1808508.95894
2022-08-25,2.0911654328659894,2.0911654328659894,1637548.04754
2022-08-26,2.08654151814434,2.08654151814434,1124579.40909
2022-08-29,2.0853731126931128,2.0853731126931128,1980285.0
2022-08-30,2.0823940082464083,2.0823940082464083,1835350.0
2022-08-31,2.0380384531510307,2.0380384531510307,2340109.0
2022-09-01,2.0307561978368645,2.0307561978368645,980924.0
2022-09-02,2.034397325493948,2.034397325493948,1716786.0
2022-09-05,2.0446586852548188,2.0446586852548188,1603172.0
2022-09-06,2.0797459154048936,2.0797459154048936,1648440.0
2022-09-07,2.085042101087924,2.085042101087924,1036982.0
2022-09-08,2.0777598457737576,2.0777598457737576,1451574.0
2022-09-09,2.0903382867709546,2.0903382867709546,1625090.0
2022-09-13,2.0850421010879243,2.0850421010879243,1719159.0
2022-09-14,2.069153544038834,2.069153544038834,2004173.0
2022-09-15,2.021818884496752,2.021818884496752,1847025.0
2022-09-16,1.971505120507966,1.971505120507966,2057357.0
2022-09-19,1.9592576911159583,1.9592576911159583,1590733.0
2022-09-20,1.9691880392716397,1.9691880392716397,1447292.0
2022-09-21,1.9791183874273213,1.9791183874273213,1214695.0
2022-09-22,1.9761392829806166,1.9761392829806166,1409796.0
2022-09-23,1.9526374590121705,1.9526374590121705,2056784.0
2022-09-26,1.9218533797295578,1.9218533797295578,3397843.0
2022-09-27,1.9579336446952005,1.9579336446952005,2404239.0
2022-09-28,1.911923031573876,1.911923031573876,2039260.0
2022-09-29,1.9168882056517171,1.9168882056517171,2424138.0
2022-09-30,1.891069300446945,1.891069300446945,1563072.0
2022-10-10,1.8692225345044458,1.8692225345044458,1686062.0
2022-10-11,1.8808079406860743,1.8808079406860743,2682347.0
2022-10-12,1.9258255189918303,1.9258255189918303,3165166.0
2022-10-13,1.9307906930696712,1.9307906930696712,1620378.0
2022-10-14,1.9797804106377,1.9797804106377,2548665.0
2022-10-17,1.9887177239778135,1.9887177239778135,1604421.0
2022-10-18,1.9976550373179272,1.9976550373179272,1836065.0
2022-10-19,1.9807734454532686,1.9807734454532686,1306563.0
2022-10-20,1.974153213349481,1.974153213349481,2431984.0
2022-10-21,1.974153213349481,1.974153213349481,2041282.0
2022-10-24,1.9572716214848225,1.9572716214848225,2871119.0
2022-10-25,1.9417140760409213,1.9417140760409213,2620577.0
2022-10-26,1.9817664802688368,1.9817664802688368,2589924.0
2022-10-27,1.9758082713754281,1.9758082713754281,2116482.0
2022-10-28,1.9129160663894451,1.9129160663894451,2384385.0
2022-10-31,1.9245014725710738,1.9245014725710738,1960796.0
2022-11-01,1.9724981553235343,1.9724981553235343,3657775.0
2022-11-02,1.9867316543466778,1.9867316543466778,2564827.0
2022-11-03,1.987724689162246,1.987724689162246,2322176.0
2022-11-04,2.0380384531510325,2.0380384531510325,3368333.0
2022-11-07,2.0327422674680022,2.0327422674680022,2049034.0
2022-11-08,2.0347283370991383,2.0347283370991383,1765701.0
2022-11-09,2.0291011398109187,2.0291011398109187,1411868.0
2022-11-10,2.0221498961019417,2.0221498961019417,2004927.0
2022-11-11,2.034066313888759,2.034066313888759,4257227.0
2022-11-14,2.0307561978368653,2.0307561978368653,2591967.0
2022-11-15,2.0658434279869398,2.0658434279869398,2977302.0
2022-11-16,2.0562440914364477,2.0562440914364477,2080383.0
2022-11-17,2.0605472423039095,2.0605472423039095,3296446.0
2022-11-18,2.056575103041637,2.056575103041637,4650590.0
2022-11-21,2.0542580218053117,2.0542580218053117,4139889.0
2022-11-22,2.032411255862812,2.032411255862812,2674969.0
2022-11-23,2.028770128205729,2.028770128205729,4040029.0
2022-11-24,2.029101139810918,2.029101139810918,1993746.0
2022-11-25,2.018508768444858,2.018508768444858,2772368.0
2022-11-28,2.0095714551047448,2.0095714551047448,3588768.0
2022-11-29,2.042672615623683,2.042672615623683,3804857.0
2022-11-30,2.0380384531510316,2.0380384531510316,2050763.0
2022-12-01,2.0489618361222814,2.0489618361222814,2186418.0
2022-12-02,2.0439966620444405,2.0439966620444405,2050409.0
2022-12-05,2.058230161067584,2.058230161067584,3894765.0
2022-12-06,2.0572371262520157,2.0572371262520157,2050204.0
2022-12-07,2.0545890334105006,2.0545890334105006,2514859.0
2022-12-08,2.051278917358607,2.051278917358607,1798803.0
2022-12-09,2.0542580218053113,2.0542580218053113,1962367.0
2022-12-12,2.046644754885955,2.046644754885955,1951527.0
2022-12-13,2.0353903603095165,2.0353903603095165,2057601.0
2022-12-14,2.0267840585745924,2.0267840585745924,1971501.0
2022-12-15,2.026453046969403,2.026453046969403,1712487.0
2022-12-16,2.0188397800500475,2.0188397800500475,2661886.0
2022-12-19,1.9761392829806168,1.9761392829806168,6223910.0
2022-12-20,1.9549545402484962,1.9549545402484962,4281225.0
2022-12-21,1.9450241920928149,1.9450241920928149,2269947.0
2022-12-22,1.9241704609658836,1.9241704609658836,2269801.0
2022-12-23,1.9168882056517174,1.9168882056517174,4220081.0
2022-12-26,1.9397280064097848,1.9397280064097848,3830966.0
2022-12-27,1.9529684706173605,1.9529684706173605,3448078.0
2022-12-28,1.9476722849343304,1.9476722849343304,2282709.0
2022-12-29,1.9466792501187622,1.9466792501187622,2755572.0
2022-12-30,1.9486653197498982,1.9486653197498982,1562591.0
2023-01-03,1.9761392829806173,1.9761392829806173,2447005.0
2023-01-04,1.9754772597702384,1.9754772597702384,2633742.0
2023-01-05,1.995006944476412,1.995006944476412,2317750.0
2023-01-06,1.999310095343874,1.999310095343874,1992726.0
2023-01-09,2.0032822346061465,2.0032822346061465,2097014.0
2023-01-10,2.0082474086839874,2.0082474086839874,1515062.0
2023-01-11,1.9989790837386847,1.9989790837386847,2318965.0
2023-01-12,1.9969930141075487,1.9969930141075487,1701199.0
2023-01-13,2.013874605972207,2.013874605972207,2154552.0
2023-01-16,2.033404290678381,2.033404290678381,3909891.0
2023-01-17,2.036052383519896,2.036052383519896,3017421.0
2023-01-18,2.0439966620444414,2.0439966620444414,3612356.0
2023-01-19,2.0628643235402366,2.0628643235402366,3016229.0
2023-01-20,2.077759845773759,2.077759845773759,2778630.0
2023-01-30,2.084711089482736,2.084711089482736,4044467.0
2023-01-31,2.0863661475086825,2.0863661475086825,2636622.0
2023-02-01,2.1101989830823182,2.1101989830823182,4056549.0
2023-02-02,2.113509099134212,2.113509099134212,3382927.0
2023-02-03,2.1042407741889093,2.1042407741889093,2583037.0
2023-02-06,2.0946414376384173,2.0946414376384173,3046677.0
2023-02-07,2.0956344724539853,2.0956344724539853,5627540.0
2023-02-08,2.0804079386152736,2.0804079386152736,4671379.0
2023-02-09,2.110529994687507,2.110529994687507,3198432.0
2023-02-10,2.103909762583719,2.103909762583719,4713553.0
2023-02-13,2.1164882035809156,2.1164882035809156,5094383.0
2023-02-14,2.1221154008691347,2.1221154008691347,2323794.0
2023-02-15,2.1181432616068623,2.1181432616068623,2702558.0
2023-02-16,2.090007275165765,2.090007275165765,3099681.0
2023-02-17,2.072132648485538,2.072132648485538,2571349.0
2023-02-20,2.1045717857940978,2.1045717857940978,4922174.0
2023-02-21,2.116819215186105,2.116819215186105,1862749.0
2023-02-22,2.114833145554969,2.114833145554969,2993480.0
2023-02-23,2.111192017897886,2.111192017897886,3546647.0
2023-02-24,2.106557855425234,2.106557855425234,1968144.0
2023-02-27,2.095634472453985,2.095634472453985,2710886.0
2023-02-28,2.1092059482667493,2.1092059482667493,1689644.0
2023-03-01,2.122115400869135,2.122115400869135,1840663.0
2023-03-02,2.1197983196328094,2.1197983196328094,2156620.0
2023-03-03,2.118805284817241,2.118805284817241,3017922.0
2023-03-06,2.1194673080276196,2.1194673080276196,2651555.0
2023-03-07,2.086366147508681,2.086366147508681,2590024.0
2023-03-08,2.0896762635605746,2.0896762635605746,2622042.0
2023-03-09,2.0873591823242488,2.0873591823242488,2525910.0
2023-03-10,2.060878253909098,2.060878253909098,1703309.0
2023-03-13,2.0724636600907265,2.0724636600907265,1808494.0
2023-03-14,2.055582068226068,2.055582068226068,2010919.0
2023-03-15,2.066174439592128,2.066174439592128,1973022.0
2023-03-16,2.040686545992546,2.040686545992546,2520105.0
2023-03-17,2.0526029637793637,2.0526029637793637,4218304.0
2023-03-20,2.046313743280766,2.046313743280766,2045072.0
2023-03-21,2.0678294976180753,2.0678294976180753,3102533.0
2023-03-22,2.0790838921945145,2.0790838921945145,1527660.0
2023-03-23,2.090669298376143,2.090669298376143,1760043.0
2023-03-24,2.093317391217658,2.093317391217658,1456442.0
2023-03-27,2.09232435640209,2.09232435640209,1917047.0
2023-03-28,2.08702817071906,2.08702817071906,2382548.0
2023-03-29,2.078421868984136,2.078421868984136,2203848.0
2023-03-30,2.0893452519553857,2.0893452519553857,4198018.0
2023-03-31,2.1049027973992867,2.1049027973992867,3495350.0
2023-04-03,2.126087540131407,2.126087540131407,2803988.0
2023-04-04,2.127411586552165,2.127411586552165,1619826.0
2023-04-06,2.127080574946976,2.127080574946976,2454720.0
2023-04-07,2.1433001436012553,2.1433001436012553,1657223.0
2023-04-10,2.129066644578112,2.129066644578112,2962016.0
2023-04-11,2.128735632972923,2.128735632972923,3361130.0
2023-04-12,2.1360178882870895,2.1360178882870895,3577088.0
2023-04-13,2.1267495633417868,2.1267495633417868,2781556.0
2023-04-14,2.1317147374196277,2.1317147374196277,2530731.0
2023-04-17,2.142307108785688,2.142307108785688,1151249.0
2023-04-18,2.138003957918226,2.138003957918226,1984948.0
2023-04-19,2.1280736097625446,2.1280736097625446,1223617.0
2023-04-20,2.1257565285262188,2.1257565285262188,1459620.0
2023-04-21,2.0751117529322434,2.0751117529322434,2627984.0
2023-04-24,2.061209265514289,2.061209265514289,1969801.0
2023-04-25,2.030094174626487,2.030094174626487,2554903.0
2023-04-26,2.0387004763614107,2.0387004763614107,3053471.0
2023-04-27,2.0473067780963343,2.0473067780963343,2115923.0
2023-04-28,2.0777598457737576,2.0777598457737576,2111764.0
2023-05-04,2.078090857378947,2.078090857378947,1628460.0
2023-05-05,2.059554207488342,2.059554207488342,1694271.0
2023-05-08,2.072463660090728,2.072463660090728,1483337.0
2023-05-09,2.0535959985949326,2.0535959985949326,2581884.0
2023-05-10,2.0499548709378494,2.0499548709378494,1817316.0
2023-05-11,2.043665650439251,2.043665650439251,847531.0
2023-05-12,2.023804954127888,2.023804954127888,1463672.0
2023-05-15,2.0463137432807663,2.0463137432807663,1617161.0
2023-05-16,2.0327422674680014,2.0327422674680014,995946.0
2023-05-17,2.03340429067838,2.03340429067838,1538331.0
2023-05-18,2.036714406730274,2.036714406730274,1734112.0
2023-05-19,2.038369464756221,2.038369464756221,1729168.0
2023-05-22,2.0353903603095165,2.0353903603095165,1153644.0
2023-05-23,2.0138746059722066,2.0138746059722066,1387183.0
2023-05-24,1.9986480721334952,1.9986480721334952,2461380.0
2023-05-25,1.992689863240086,1.992689863240086,1954870.0
2023-05-26,2.0102334783151234,2.0102334783151234,1750330.0
2023-05-29,2.0079163970787977,2.0079163970787977,1917946.0
2023-05-30,2.0188397800500475,2.0188397800500475,2107215.0
2023-05-31,2.0165226988137217,2.0165226988137217,1713193.0
2023-06-01,2.0198328148656155,2.0198328148656155,2875100.0
2023-06-02,2.037045418335463,2.037045418335463,2435427.0
2023-06-05,2.032742267468001,2.032742267468001,1053204.0
2023-06-06,1.9950069444764114,1.9950069444764114,1499592.0
2023-06-07,1.996330990897169,1.996330990897169,1360410.0
2023-06-08,1.9920278400297071,1.9920278400297071,1923525.0
2023-06-09,2.0089094318943657,2.0089094318943657,2081675.0
2023-06-12,2.0148676407877746,2.0148676407877746,1874926.0
2023-06-13,2.020825849681184,2.020825849681184,1256949.0
2023-06-14,2.0231429309175093,2.0231429309175093,1195566.0
2023-06-15,2.041017557597736,2.041017557597736,1954461.0
2023-06-16,2.0552510566208793,2.0552510566208793,2065270.0
2023-06-19,2.052602963779364,2.052602963779364,1192619.0
2023-06-20,2.051609928963796,2.051609928963796,762272.0
2023-06-21,2.010233478315123,2.010233478315123,1667993.0
2023-06-26,1.9768013061909955,1.9768013061909955,3443232.0
2023-06-27,1.9916968284245176,1.9916968284245176,3172961.0
2023-06-28,1.9963309908971687,1.9963309908971687,2730213.0
2023-06-29,1.9933518864504645,1.9933518864504645,2215433.0
2023-06-30,2.0175157336292893,2.0175157336292893,1971456.0
2023-07-03,2.0271150701797813,2.0271150701797813,1662058.0
2023-07-04,2.031749232652433,2.031749232652433,1734127.0
2023-07-05,2.021487872891562,2.021487872891562,2322338.0
2023-07-06,2.0099024667099337,2.0099024667099337,1697691.0
2023-07-07,2.0046062810269034,2.0046062810269034,1136526.0
2023-07-10,2.0115575247358803,2.0115575247358803,1185252.0
2023-07-11,2.0281081049953493,2.0281081049953493,1031677.0
2023-07-12,2.007916397078797,2.007916397078797,940533.0
2023-07-13,2.035721371914706,2.035721371914706,1780132.0
2023-07-14,2.0277770933901604,2.0277770933901604,886348.0
2023-07-17,2.0228119193123195,2.0228119193123195,1921224.0
2023-07-18,2.0198328148656155,2.0198328148656155,1571550.0
2023-07-19,2.016853710418911,2.016853710418911,1204870.0
2023-07-20,1.9950069444764118,1.9950069444764118,2581532.0
2023-07-21,1.99599997929198,1.99599997929198,2574504.0
2023-07-24,1.992689863240086,1.992689863240086,1048382.0
2023-07-25,2.0251290005486458,2.0251290005486458,1852674.0
2023-07-26,2.0214878728915626,2.0214878728915626,1043384.0
2023-07-27,2.0075853854736083,2.0075853854736083,976425.0
2023-07-28,2.0380384531510316,2.0380384531510316,1759335.0
2023-07-31,2.0509479057534175,2.0509479057534175,2269487.0
2023-08-01,2.052602963779364,2.052602963779364,1705671.0
2023-08-02,2.045320708465198,2.045320708465198,1520788.0
2023-08-03,2.052271952174175,2.052271952174175,2343075.0
2023-08-04,2.0658434279869393,2.0658434279869393,2158315.0
2023-08-07,2.052271952174175,2.052271952174175,3807644.0
2023-08-08,2.045320708465198,2.045320708465198,2948608.0
2023-08-09,2.0314182210472436,2.0314182210472436,4221885.0
2023-08-10,2.030756197836865,2.030756197836865,2049476.0
2023-08-11,1.9907037936089496,1.9907037936089496,2912579.0
2023-08-14,1.9930208748452751,1.9930208748452751,2608458.0
2023-08-15,1.9820974918740255,1.9820974918740255,2284840.0
2023-08-16,1.9678639928508819,1.9678639928508819,2268833.0
2023-08-17,1.9797804106376997,1.9797804106376997,3143180.0
2023-08-18,1.948996331355087,1.948996331355087,3160704.0
2023-08-21,1.9235084377555045,1.9235084377555045,3261363.0
2023-08-22,1.9324457510956177,1.9324457510956177,3272933.0
2023-08-23,1.8993445905766795,1.8993445905766795,2997125.0
2023-08-24,1.904640776259709,1.904640776259709,2526762.0
2023-08-25,1.8821319871068312,1.8821319871068312,2740769.0
2023-08-28,1.9029857182337622,1.9029857182337622,5159482.0
2023-08-29,1.944362168882435,1.944362168882435,11823844.0
2023-08-30,1.9446931804876244,1.9446931804876244,3112849.0
2023-08-31,1.9350938439371324,1.9350938439371324,2234044.0
2023-09-01,1.9370799135682686,1.9370799135682686,2223553.0
2023-09-04,1.9648848884041767,1.9648848884041767,3100547.0
2023-09-05,1.9506513893810333,1.9506513893810333,3289476.0
2023-09-06,1.9499893661706544,1.9499893661706544,2302641.0
2023-09-07,1.922846414545125,1.922846414545125,3505516.0
2023-09-08,1.9221843913347463,1.9221843913347463,3276450.0
2023-09-11,1.9443621688824346,1.9443621688824346,3463820.0
2023-09-12,1.9450241920928135,1.9450241920928135,2494673.0
2023-09-13,1.9254945073866399,1.9254945073866399,3293239.0
2023-09-14,1.923839449360693,1.923839449360693,2596902.0
2023-09-15,1.9241704609658823,1.9241704609658823,2642641.0
2023-09-18,1.9281426002281548,1.9281426002281548,5749228.0
2023-09-19,1.91986731009842,1.91986731009842,2398793.0
2023-09-20,1.9062958342856555,1.9062958342856555,3142782.0
2023-09-21,1.8910693004469437,1.8910693004469437,2832889.0
2023-09-22,1.9235084377555032,1.9235084377555032,3769646.0
2023-09-25,1.9125850547842536,1.9125850547842536,3442787.0
2023-09-26,1.9062958342856555,1.9062958342856555,2136131.0
2023-09-27,1.91457112441539,1.91457112441539,4318303.0
2023-09-28,1.9172192172569051,1.9172192172569051,2603361.0
2023-10-09,1.9066268458908449,1.9066268458908449,2076411.0
2023-10-10,1.8973585209455421,1.8973585209455421,1216876.0
2023-10-11,1.8957034629195952,1.8957034629195952,3552735.0
2023-10-12,1.9099369619427384,1.9099369619427384,2236991.0
2023-10-13,1.9000066137870573,1.9000066137870573,1700873.0
2023-10-16,1.8811389522912623,1.8811389522912623,1941047.0
2023-10-17,1.8847800799483456,1.8847800799483456,1987758.0
2023-10-18,1.8622712907954677,1.8622712907954677,1958355.0
2023-10-19,1.8407555364581576,1.8407555364581576,2577569.0
2023-10-20,1.8281770954609609,1.8281770954609609,2439789.0
2023-10-23,1.7795183894981217,1.7795183894981217,5057113.0
2023-10-24,1.800703132230242,1.800703132230242,6136680.0
2023-10-25,1.8096404455703552,1.8096404455703552,3159519.0
2023-10-26,1.8175847240949001,1.8175847240949001,2205799.0
2023-10-27,1.8520099310345959,1.8520099310345959,4017352.0
2023-10-30,1.8669054532681182,1.8669054532681182,2907634.0
2023-10-31,1.8626023024006562,1.8626023024006562,2122998.0
2023-11-01,1.8586301631383837,1.8586301631383837,1217109.0
2023-11-02,1.8417485712737252,1.8417485712737252,1449002.0
2023-11-03,1.8553200470864901,1.8553200470864901,3517712.0
2023-11-06,1.8867661495794814,1.8867661495794814,4049054.0
2023-11-07,1.8897452540261857,1.8897452540261857,1991878.0
2023-11-08,1.888421207605428,1.888421207605428,2098415.0
2023-11-09,1.8844490683431554,1.8844490683431554,2117940.0
2023-11-10,1.877828836239368,1.877828836239368,2025189.0
2023-11-13,1.888090196000239,1.888090196000239,2261440.0
2023-11-14,1.8960344745247844,1.8960344745247844,2404463.0
2023-11-15,1.9082819039167913,1.9082819039167913,2185429.0
2023-11-16,1.8890832308158072,1.8890832308158072,1720441.0
2023-11-17,1.8953724513144057,1.8953724513144057,2069163.0
2023-11-20,1.905964822680466,1.905964822680466,2146588.0
2023-11-21,1.9003376253922462,1.9003376253922462,1705743.0
2023-11-22,1.8761737782134214,1.8761737782134214,2521135.0
2023-11-23,1.89305537007808,1.89305537007808,2265192.0
2023-11-24,1.8778288362393682,1.8778288362393682,3364456.0
2023-11-27,1.8731946737667167,1.8731946737667167,1744352.0
2023-11-28,1.8818009755016407,1.8818009755016407,1780458.0
2023-11-29,1.8722016389511487,1.8722016389511487,1229943.0
2023-11-30,1.8659124184525504,1.8659124184525504,1670089.0
2023-12-01,1.8748497317926638,1.8748497317926638,1487487.0
2023-12-04,1.8708775925303913,1.8708775925303913,1565727.0
2023-12-05,1.8420795828789152,1.8420795828789152,1815608.0
2023-12-06,1.8460517221411876,1.8460517221411876,1904332.0
2023-12-07,1.8477067801671345,1.8477067801671345,2578998.0
2023-12-08,1.8516789194294072,1.8516789194294072,2500441.0
2023-12-11,1.8722016389511489,1.8722016389511489,4031145.0
2023-12-12,1.8755117550030427,1.8755117550030427,1814817.0
2023-12-13,1.855982070296869,1.855982070296869,2125359.0
2023-12-14,1.8496928497982708,1.8496928497982708,2818727.0
2023-12-15,1.8351283391699378,1.8351283391699378,3470472.0
2023-12-18,1.8149366312533854,1.8149366312533854,1884010.0
2023-12-19,1.8119575268066812,1.8119575268066812,2373215.0
2023-12-20,1.7914348072849393,1.7914348072849393,1933870.0
2023-12-21,1.796068969757591,1.796068969757591,3253046.0
2023-12-22,1.7907727840745609,1.7907727840745609,3356885.0
2023-12-25,1.788455702838235,1.788455702838235,3139644.0
2023-12-26,1.772898157394334,1.772898157394334,2543510.0
2023-12-27,1.7781943430773643,1.7781943430773643,2568572.0
2023-12-28,1.8122885384118708,1.8122885384118708,3487194.0
2023-12-29,1.8268530490402035,1.8268530490402035,2713357.0
2024-01-02,1.819570793726037,1.819570793726037,3092572.0
2024-01-03,1.8172537124897115,1.8172537124897115,2255497.0
2024-01-04,1.8026892018613785,1.8026892018613785,2747555.0
2024-01-05,1.779518389498122,1.779518389498122,2031987.0
2024-01-08,1.7378109272442595,1.7378109272442595,2922712.0
2024-01-09,1.741783066506532,1.741783066506532,2220795.0
2024-01-10,1.73747991563907,1.73747991563907,2096542.0
2024-01-11,1.7583336467660011,1.7583336467660011,2695309.0
2024-01-12,1.7517134146622133,1.7517134146622133,2377712.0
2024-01-15,1.7474102637947513,1.7474102637947513,1577415.0
2024-01-16,1.7457552057688044,1.7457552057688044,2390412.0
2024-01-17,1.7017306622786164,1.7017306622786164,1981661.0
2024-01-18,1.703385720304563,1.703385720304563,4760788.0
2024-01-19,1.6901452560969878,1.6901452560969878,3196218.0
2024-01-22,1.6120265172722936,1.6120265172722936,3745535.0
2024-01-23,1.6378454224770658,1.6378454224770658,3309903.0
2024-01-24,1.6610162348403226,1.6610162348403226,3446637.0
2024-01-25,1.7100059524083515,1.7100059524083515,3445700.0
2024-01-26,1.6911382909125567,1.6911382909125567,2914766.0
2024-01-29,1.659361176814376,1.659361176814376,1966042.0
2024-01-30,1.6255979930850588,1.6255979930850588,1885736.0
2024-01-31,1.5832285076208181,1.5832285076208181,3470484.0
2024-02-01,1.577270298727409,1.577270298727409,3482025.0
2024-02-02,1.5349008132631679,1.5349008132631679,3845023.0
2024-02-05,1.501137629533851,1.501137629533851,35130238.0
2024-02-06,1.6262600162954377,1.6262600162954377,10280444.0
2024-02-07,1.729535637114525,1.729535637114525,13240326.0
2024-02-08,1.7374799156390701,1.7374799156390701,16205182.0
2024-02-19,1.7262255210626312,1.7262255210626312,15512755.0
2024-02-20,1.7262255210626312,1.7262255210626312,4763525.0
2024-02-21,1.725232486247063,1.725232486247063,6000901.0
2024-02-22,1.7401280084805852,1.7401280084805852,2948423.0
2024-02-23,1.7480722870051304,1.7480722870051304,3225140.0
2024-02-26,1.7447621709532368,1.7447621709532368,3868468.0
2024-02-27,1.7868006448122882,1.7868006448122882,3670872.0
2024-02-28,1.7407900316909644,1.7407900316909644,4803429.0
2024-02-29,1.7977240277835382,1.7977240277835382,6347472.0
2024-03-01,1.809640445570356,1.809640445570356,3341373.0
2024-03-04,1.8089784223599774,1.8089784223599774,4340663.0
2024-03-05,1.800041109019864,1.800041109019864,14374634.0
2024-03-06,1.7983860509939171,1.7983860509939171,3197713.0
2024-03-07,1.7752152386306606,1.7752152386306606,2502329.0
2024-03-08,1.7987170625991065,1.7987170625991065,3050536.0
2024-03-11,1.8324802463284233,1.8324802463284233,3991841.0
2024-03-12,1.8222188865675526,1.8222188865675526,4177689.0
2024-03-13,1.8195707937260375,1.8195707937260375,3468047.0
2024-03-14,1.8119575268066817,1.8119575268066817,3181945.0
2024-03-15,1.8367833971958853,1.8367833971958853,5115451.0
2024-03-18,1.8602852211643313,1.8602852211643313,3232054.0
2024-03-19,1.8407555364581578,1.8407555364581578,2756072.0
2024-03-20,1.8453896989308094,1.8453896989308094,1883091.0
2024-03-21,1.836452385590696,1.836452385590696,2434399.0
2024-03-22,1.8089784223599772,1.8089784223599772,2469633.0
2024-03-25,1.7821664823396375,1.7821664823396375,2705562.0
2024-03-26,1.7742222038150923,1.7742222038150923,4751668.0
2024-03-27,1.7331767647716088,1.7331767647716088,3402235.0
2024-03-28,1.7553545423192976,1.7553545423192976,3555236.0
2024-03-29,1.7778633314721757,1.7778633314721757,3831434.0
2024-04-01,1.8152676428585757,1.8152676428585757,4064103.0
2024-04-02,1.8079853875444092,1.8079853875444092,3321813.0
2024-04-03,1.806992352728841,1.806992352728841,3977985.0
2024-04-08,1.7805114243136901,1.7805114243136901,3293272.0
2024-04-09,1.7954069465472127,1.7954069465472127,1786721.0
2024-04-10,1.7745532154202814,1.7745532154202814,1975754.0
2024-04-11,1.7828285055500162,1.7828285055500162,3038010.0
2024-04-12,1.773229168999524,1.773229168999524,3122913.0
2024-04-15,1.7967309929679702,1.7967309929679702,3151158.0
2024-04-16,1.7477412753999417,1.7477412753999417,3905146.0
2024-04-17,1.7944139117316447,1.7944139117316447,3833425.0
2024-04-18,1.7977240277835385,1.7977240277835385,3403176.0
2024-04-19,1.7854765983915315,1.7854765983915315,3573340.0
2024-04-22,1.7705810761580094,1.7705810761580094,1958489.0
2024-04-23,1.7500583566362675,1.7500583566362675,1890163.0
2024-04-24,1.7705810761580092,1.7705810761580092,1771454.0
2024-04-25,1.7679329833164943,1.7679329833164943,1926664.0
2024-04-26,1.80765437593922,1.80765437593922,7970795.0
2024-04-29,1.8427416060892947,1.8427416060892947,5666415.0
2024-04-30,1.8301631650920982,1.8301631650920982,2767038.0
2024-05-06,1.8582991515331957,1.8582991515331957,5129670.0
2024-05-07,1.8579681399280064,1.8579681399280064,2289327.0
2024-05-08,1.83446631595956,1.83446631595956,3975570.0
2024-05-09,1.8678984880836877,1.8678984880836877,2970079.0
2024-05-10,1.8612782559799004,1.8612782559799004,5121579.0
2024-05-13,1.8516789194294083,1.8516789194294083,3272228.0
2024-05-14,1.849692849798272,1.849692849798272,2687404.0
2024-05-15,1.8334732811439922,1.8334732811439922,2731969.0
2024-05-16,1.8248669794090684,1.8248669794090684,2383653.0
2024-05-17,1.85068588461384,1.85068588461384,5151667.0
2024-05-20,1.8574107606480474,1.8574107606480474,5322736.0
2024-05-21,1.843961008579633,1.843961008579633,2808569.0
2024-05-22,1.8419435457693707,1.8419435457693707,2296000.0
2024-05-23,1.8100003846068862,1.8100003846068862,3992422.0
2024-05-24,1.7925157069179474,1.7925157069179474,2092201.0
2024-05-27,1.8100003846068862,1.8100003846068862,2425547.0
2024-05-28,1.7941969259264992,1.7941969259264992,2146284.0
2024-05-29,1.7978956077453132,1.7978956077453132,3143561.0
2024-05-30,1.7941969259264992,1.7941969259264992,2025748.0
2024-05-31,1.7938606821247887,1.7938606821247887,3021095.0
2024-06-03,1.7800746862546637,1.7800746862546637,2973093.0
2024-06-04,1.8039479961760998,1.8039479961760998,2318048.0
2024-06-05,1.7844458556768987,1.7844458556768987,1862866.0
2024-06-06,1.7716685912119048,1.7716685912119048,2534543.0
2024-06-07,1.7632624961691457,1.7632624961691457,2743246.0
2024-06-11,1.7672974217896702,1.7672974217896702,1877216.0
2024-06-12,1.7723410788153255,1.7723410788153255,1893932.0
2024-06-13,1.7632624961691459,1.7632624961691459,1952078.0
2024-06-14,1.771668591211905,1.771668591211905,3141984.0
2024-06-17,1.7656162027811186,1.7656162027811186,1440541.0
2024-06-18,1.774694785427298,1.774694785427298,2480729.0
2024-06-19,1.7565376201349387,1.7565376201349387,1973026.0
2024-06-20,1.7303106036015303,1.7303106036015303,1739755.0
2024-06-21,1.7333367978169236,1.7333367978169236,2661721.0
2024-06-24,1.697022467232204,1.697022467232204,8320736.0
2024-06-25,1.682227739956948,1.682227739956948,5414475.0
2024-06-26,1.7054285622749632,1.7054285622749632,3800469.0
2024-06-27,1.677184082931293,1.677184082931293,6434058.0
2024-06-28,1.6798740333449758,1.6798740333449758,4148317.0
2024-07-01,1.699712417645887,1.699712417645887,3095527.0
2024-07-02,1.6842452027672106,1.6842452027672106,1998284.0
2024-07-03,1.6697867192936648,1.6697867192936648,1875123.0
2024-07-04,1.6459134093722287,1.6459134093722287,5107613.0
2024-07-05,1.6576819424320917,1.6576819424320917,2084542.0
2024-07-08,1.630109950691842,1.630109950691842,2343628.0
2024-07-09,1.659699405242354,1.659699405242354,3407766.0
2024-07-10,1.6502845787944638,1.6502845787944638,1895942.0
2024-07-11,1.6835727151637896,1.6835727151637896,2851786.0
2024-07-12,1.676175351526162,1.676175351526162,1508868.0
2024-07-15,1.6640705746645887,1.6640705746645887,4545598.0
2024-07-16,1.669786719293665,1.669786719293665,2187526.0
2024-07-17,1.6580181862338021,1.6580181862338021,6147727.0
2024-07-18,1.6657517936731403,1.6657517936731403,4745455.0
2024-07-19,1.6630618432594573,1.6630618432594573,6176636.0
2024-07-22,1.6590269176389332,1.6590269176389332,3043014.0
2024-07-23,1.6119527853994822,1.6119527853994822,2442099.0
2024-07-24,1.5927868887019916,1.5927868887019916,3252320.0
2024-07-25,1.5907694258917293,1.5907694258917293,2660303.0
2024-07-26,1.6159877110200065,1.6159877110200065,2415192.0
2024-07-29,1.6059003969686956,1.6059003969686956,1469911.0
2024-07-30,1.6045554217618543,1.6045554217618543,2338607.0
2024-07-31,1.672812913509058,1.672812913509058,5569471.0
2024-08-01,1.6576819424320914,1.6576819424320914,3504122.0
2024-08-02,1.6354898515192073,1.6354898515192073,2235956.0
2024-08-05,1.603882934158433,1.603882934158433,4152751.0
2024-08-06,1.6210313680456618,1.6210313680456618,2616120.0
2024-08-07,1.6217038556490826,1.6217038556490826,2391677.0
2024-08-08,1.6250662936661862,1.6250662936661862,2327848.0
2024-08-09,1.6112802977960612,1.6112802977960612,2167099.0
2024-08-12,1.6119527853994817,1.6119527853994817,2027173.0
2024-08-13,1.6153152234165855,1.6153152234165855,1900885.0
2024-08-14,1.5927868887019911,1.5927868887019911,2162187.0
2024-08-15,1.6052279093652746,1.6052279093652746,5371351.0
2024-08-16,1.5958130829173847,1.5958130829173847,7930053.0
2024-08-19,1.5985030333310672,1.5985030333310672,2759482.0
2024-08-20,1.5709310415908175,1.5709310415908175,3508603.0
2024-08-21,1.5679048473754245,1.5679048473754245,1320021.0
2024-08-22,1.5490751944796441,1.5490751944796441,4023252.0
2024-08-23,1.5494114382813542,1.5494114382813542,1584263.0
2024-08-26,1.5510926572899064,1.5510926572899064,1009724.0
2024-08-27,1.5356254424112297,1.5356254424112297,2339918.0
2024-08-28,1.53596168621294,1.53596168621294,2723424.0
2024-08-29,1.5574812895224033,1.5574812895224033,4365292.0
2024-08-30,1.5843807936592322,1.5843807936592322,6989480.0
2024-09-02,1.5524376324967477,1.5524376324967477,4362037.0
2024-09-03,1.5689135787805555,1.5689135787805555,2944586.0
2024-09-04,1.564878653160031,1.564878653160031,2212121.0
2024-09-05,1.5719397729959486,1.5719397729959486,1695282.0
2024-09-06,1.5504201696864854,1.5504201696864854,2268192.0
2024-09-09,1.5393241242300435,1.5393241242300435,1803374.0
2024-09-10,1.5386516366266225,1.5386516366266225,2775346.0
2024-09-11,1.542686562247147,1.542686562247147,1792621.0
2024-09-12,1.5366341738163605,1.5366341738163605,2424416.0
2024-09-13,1.520494471334263,1.520494471334263,1858175.0
2024-09-18,1.525538128359918,1.525538128359918,2100924.0
2024-09-19,1.5467214878676707,1.5467214878676707,4296814.0
2024-09-20,1.535961686212939,1.535961686212939,2651260.0
2024-09-23,1.5356254424112288,1.5356254424112288,2503894.0
2024-09-24,1.6069091283738255,1.6069091283738255,8622586.0
2024-09-25,1.6183414176319777,1.6183414176319777,7069312.0
2024-09-26,1.7017298804561478,1.7017298804561478,11789570.0
2024-09-27,1.846987202795025,1.846987202795025,6199223.0
2024-09-30,2.0157815912536274,2.0157815912536274,19862373.0
2024-10-08,2.1001787854829286,2.1001787854829286,25698267.0
2024-10-09,1.9713974094278595,1.9713974094278595,13624744.0
2024-10-10,1.9465153681012923,1.9465153681012923,7292272.0
2024-10-11,1.868170562302778,1.868170562302778,7865974.0
2024-10-14,1.9142359631370975,1.9142359631370975,7598652.0
2024-10-15,1.866489343294226,1.866489343294226,7531380.0
2024-10-16,1.8648081242856742,1.8648081242856742,5724795.0
2024-10-17,1.850013397010418,1.850013397010418,6486966.0
2024-10-18,1.9290306904123535,1.9290306904123535,11392536.0
2024-10-21,1.9478603433081338,1.9478603433081338,6958180.0
2024-10-22,1.9656812647987831,1.9656812647987831,4319804.0
2024-10-23,1.9734148722381213,1.9734148722381213,4872250.0
2024-10-24,1.9562664383508928,1.9562664383508928,3521886.0
2024-10-25,1.9861921367031152,1.9861921367031152,3873432.0
2024-10-28,2.00905671521942,2.00905671521942,5321029.0
2024-10-29,1.9892183309185087,1.9892183309185087,6047604.0
2024-10-30,1.9952707193492951,1.9952707193492951,6930217.0
2024-10-31,2.017462810262179,2.017462810262179,6242413.0
2024-11-01,1.9993056449698197,1.9993056449698197,3911259.0
2024-11-04,2.028558855718621,2.028558855718621,2684838.0
2024-11-05,2.0900914714316174,2.0900914714316174,5750979.0
2024-11-06,2.09244517804359,2.09244517804359,5013235.0
2024-11-07,2.132794434248834,2.132794434248834,4380400.0
2024-11-08,2.1270782896197575,2.1270782896197575,5623583.0
2024-11-11,2.1627201326010566,2.1627201326010566,4904753.0
2024-11-12,2.1425455044984347,2.1425455044984347,4347827.0
2024-11-13,2.136156872265938,2.136156872265938,2816386.0
2024-11-14,2.0783229383717554,2.0783229383717554,5207919.0
2024-11-15,2.0245239300980975,2.0245239300980975,7541458.0
2024-11-18,1.9942619879441648,1.9942619879441648,6454073.0
2024-11-19,2.0255326615032283,2.0255326615032283,7039411.0
2024-11-20,2.0460435334075604,2.0460435334075604,5387512.0
2024-11-21,2.0443623143990086,2.0443623143990086,1893214.0
2024-11-22,1.9636638019885213,1.9636638019885213,2633179.0
2024-11-25,1.958620144962866,1.958620144962866,2286011.0
2024-11-26,1.9451703928944513,1.9451703928944513,1899722.0
2024-11-27,1.9824934548843016,1.9824934548843016,3402143.0
2024-11-28,1.9697161904193077,1.9697161904193077,2622950.0
2024-11-29,1.998633157366399,1.998633157366399,4044346.0
2024-12-02,2.029567587123752,2.029567587123752,3653448.0
2024-12-03,2.0262051491066484,2.0262051491066484,2970411.0
2024-12-04,2.011074178029682,2.011074178029682,2643418.0
2024-12-05,2.0167903226587582,2.0167903226587582,1955047.0
2024-12-06,2.043017339192166,2.043017339192166,5358862.0
2024-12-09,2.0319212937357243,2.0319212937357243,4031534.0
2024-12-10,2.049405971424663,2.049405971424663,5552326.0
2024-12-11,2.06487318630334,2.06487318630334,5613923.0
2024-12-12,2.08370283919912,2.08370283919912,4293467.0
2024-12-13,2.0507509466315046,2.0507509466315046,7779196.0
2024-12-16,2.0191440292707306,2.0191440292707306,4533264.0
2024-12-17,1.9976244259612672,1.9976244259612672,4412301.0
2024-12-18,2.0104016904262614,2.0104016904262614,2669874.0
2024-12-19,2.016454078857048,2.016454078857048,3254784.0
2024-12-20,2.0204890044775725,2.0204890044775725,4144643.0
2024-12-23,1.9888820871167983,1.9888820871167983,4681949.0
2024-12-24,2.0114104218313926,2.0114104218313926,4469854.0
2024-12-25,1.9945982317458744,1.9945982317458744,4826393.0
2024-12-26,2.009729202822841,2.009729202822841,2742466.0
2024-12-27,2.0144366160467855,2.0144366160467855,3076206.0
2024-12-30,2.013764128443365,2.013764128443365,1887245.0
2024-12-31,1.9539127317389204,1.9539127317389204,7477379.0
2025-01-02,1.8954063102413172,1.8954063102413172,4351665.0
2025-01-03,1.8570745168463358,1.8570745168463358,4461330.0
2025-01-06,1.852703347424101,1.852703347424101,3302311.0
2025-01-07,1.872205487923302,1.872205487923302,4055360.0
2025-01-08,1.864471880483964,1.864471880483964,4236655.0
2025-01-09,1.8631269052771227,1.8631269052771227,2684390.0
2025-01-10,1.8355549135368727,1.8355549135368727,2313565.0
2025-01-13,1.838581107752266,1.838581107752266,2985827.0
2025-01-14,1.901458698672104,1.901458698672104,5016496.0
2025-01-15,1.8863277275951376,1.8863277275951376,4353645.0
2025-01-16,1.892380116025924,1.892380116025924,5068270.0
2025-01-17,1.9074179930541235,1.9074179930541235,2755505.0
2025-01-20,1.9166457812305184,1.9166457812305184,3234081.0
2025-01-21,1.9234811798797,1.9234811798797,3450430.0
2025-01-22,1.9163040112980594,1.9163040112980594,3212695.0
2025-01-23,1.9084433028515004,1.9084433028515004,4192641.0
2025-01-24,1.9316836582587178,1.9316836582587178,5009241.0
2025-01-27,1.9087850727839595,1.9087850727839595,4883961.0
2025-02-05,1.9166457812305182,1.9166457812305182,2639928.0
2025-02-06,1.9617594123151172,1.9617594123151172,4672607.0
2025-02-07,1.9928604761688935,1.9928604761688935,4842323.0
2025-02-10,2.0102907427243064,2.0102907427243064,4069189.0
2025-02-11,2.0024300342777477,2.0024300342777477,2711553.0
2025-02-12,2.028746319077097,2.028746319077097,2615958.0
2025-02-13,2.018834991035784,2.018834991035784,2836255.0
2025-02-14,2.034556407928902,2.034556407928902,3231129.0
2025-02-17,2.0314804785367704,2.0314804785367704,3692692.0
2025-02-18,1.9973034852908627,1.9973034852908627,3047851.0
2025-02-19,2.029088089009557,2.029088089009557,3187797.0
2025-02-20,2.034214637996443,2.034214637996443,3821242.0
2025-02-21,2.0690751711072695,2.0690751711072695,3384487.0
2025-02-24,2.0629233123230057,2.0629233123230057,4034275.0
2025-02-25,2.041391806578084,2.041391806578084,2809776.0
2025-02-26,2.065999241715138,2.065999241715138,3356211.0
2025-02-27,2.0605309227957926,2.0605309227957926,3013502.0
2025-02-28,2.005164193737422,2.005164193737422,3140821.0
2025-03-03,2.0085818930620127,2.0085818930620127,2773490.0
2025-03-04,2.026353929549885,2.026353929549885,2026357.0
2025-03-05,2.0314804785367713,2.0314804785367713,2454551.0
2025-03-06,2.063948622120384,2.063948622120384,4029340.0
2025-03-07,2.055062603876448,2.055062603876448,3157096.0
2025-03-10,2.0526702143492344,2.0526702143492344,3345878.0
2025-03-11,2.0629233123230066,2.0629233123230066,1617295.0
2025-03-12,2.0642903920528433,2.0642903920528433,2047492.0
2025-03-13,2.04686012549743,2.04686012549743,2125910.0
2025-03-14,2.0841130481354697,2.0841130481354697,4824885.0
2025-03-17,2.084796588000388,2.084796588000388,3835627.0
2025-03-18,2.093682606244324,2.093682606244324,1786536.0
2025-03-19,2.085480127865306,2.085480127865306,1508335.0
2025-03-20,2.0711257907020246,2.0711257907020246,2623956.0
2025-03-21,2.0396829569157893,2.0396829569157893,2455737.0
2025-03-24,2.0372905673885757,2.0372905673885757,2315640.0
2025-03-25,2.030455168739394,2.030455168739394,1978020.0
2025-03-26,2.030455168739394,2.030455168739394,1918078.0
2025-03-27,2.0355817177262803,2.0355817177262803,2122545.0
2025-03-28,2.019518530900703,2.019518530900703,1995542.0
2025-03-31,2.000721184615454,2.000721184615454,1817963.0
2025-04-01,2.0116578224541444,2.0116578224541444,1740931.0
2025-04-02,2.014050211981358,2.014050211981358,1784233.0
2025-04-03,1.9966199454259448,1.9966199454259448,2664772.0
2025-04-07,1.8045452433839422,1.8045452433839422,4617801.0
2025-04-08,1.8158236511550916,1.8158236511550916,30285654.0
2025-04-09,1.855127193387886,1.855127193387886,3538250.0
2025-04-10,1.8916965761610076,1.8916965761610076,2669818.0
2025-04-11,1.904683833594453,1.904683833594453,2220743.0
2025-04-14,1.9197217106226525,1.9197217106226525,2150627.0
2025-04-15,1.9118610021760938,1.9118610021760938,3207385.0
2025-04-16,1.8951142754855987,1.8951142754855987,6661825.0
2025-04-17,1.8961395852829759,1.8961395852829759,2247617.0
2025-04-18,1.8968231251478938,1.8968231251478938,2950684.0
2025-04-21,1.9248482596095384,1.9248482596095384,2567589.0
2025-04-22,1.9197217106226525,1.9197217106226525,1434074.0
2025-04-23,1.9234811798797022,1.9234811798797022,2331671.0
2025-04-24,1.9156204714331435,1.9156204714331435,1605892.0
2025-04-25,1.9210887903524887,1.9210887903524887,2041463.0
2025-04-28,1.9122027721085524,1.9122027721085524,2026017.0
2025-04-29,1.9132280819059297,1.9132280819059297,1247374.0
2025-04-30,1.922797640014784,1.922797640014784,2073912.0
2025-05-06,1.9593670227879052,1.9593670227879052,1856919.0
2025-05-07,1.9627847221124963,1.9627847221124963,2232101.0
2025-05-08,1.970987200491514,1.970987200491514,2288960.0
2025-05-09,1.9549240136659372,1.9549240136659372,1686336.0
2025-05-12,1.979531448802991,1.979531448802991,1705953.0
2025-05-13,1.9747466697485636,1.9747466697485636,1977886.0
2025-05-14,1.9815820683977456,1.9815820683977456,2413135.0
2025-05-15,1.9552657835983964,1.9552657835983964,1923033.0
2025-05-16,1.9518480842738057,1.9518480842738057,1753816.0
2025-05-19,1.9566328633282328,1.9566328633282328,1410520.0
2025-05-20,1.964835341707251,1.964835341707251,1167503.0
2025-05-21,1.967227731234465,1.967227731234465,828511.0
2025-05-22,1.9518480842738066,1.9518480842738066,1393033.0
2025-05-23,1.9351013575833116,1.9351013575833116,1908861.0
2025-05-26,1.9381772869754434,1.9381772869754434,1681779.0
2025-05-27,1.9333925079210164,1.9333925079210164,2079550.0
2025-05-28,1.9299748085964255,1.9299748085964255,1296504.0
2025-05-29,1.9573164031931518,1.9573164031931518,3204956.0
2025-05-30,1.946037995422002,1.946037995422002,3345407.0
2025-06-03,1.9491139248141338,1.9491139248141338,1375063.0
2025-06-04,1.964835341707251,1.964835341707251,1095253.0
2025-06-05,1.976797289343319,1.976797289343319,1685858.0
2025-06-06,1.977139059275778,1.977139059275778,1010747.0
2025-06-09,1.9908098565741414,1.9908098565741414,1958622.0
2025-06-10,1.9744048998161057,1.9744048998161057,1825379.0
2025-06-11,1.9870503873170915,1.9870503873170915,2303796.0
2025-06-12,1.9908098565741412,1.9908098565741412,922337.0
2025-06-13,1.9740631298836462,1.9740631298836462,1596903.0
2025-06-16,1.9812402984652868,1.9812402984652868,1802021.0
2025-06-17,1.977139059275778,1.977139059275778,2235067.0
2025-06-18,1.9740631298836462,1.9740631298836462,1501328.0
2025-06-19,1.9542404738010195,1.9542404738010195,2202724.0
2025-06-20,1.9409114464351154,1.9409114464351154,3236440.0
2025-06-23,1.952189854206265,1.952189854206265,1917814.0
2025-06-24,1.9836326879925006,1.9836326879925006,3842874.0
2025-06-25,2.02088561063054,2.02088561063054,3724601.0
2025-06-26,2.012341362319063,2.012341362319063,2343963.0
2025-06-27,2.019860300833163,2.019860300833163,2229407.0
2025-06-30,2.037974107253494,2.037974107253494,2444974.0
2025-07-01,2.0444677359702164,2.0444677359702164,1382361.0
2025-07-02,2.0325057883341486,2.0325057883341486,1297455.0
2025-07-03,2.040708266713166,2.040708266713166,1197558.0
2025-07-04,2.0379741072534934,2.0379741072534934,1626178.0
2025-07-07,2.0338728680639844,2.0338728680639844,787038.0
2025-07-08,2.0612144626607107,2.0612144626607107,1674850.0
2025-07-09,2.0523284444167746,2.0523284444167746,1531960.0
2025-07-10,2.0636068521879243,2.0636068521879243,1303243.0
2025-07-11,2.081378888675796,2.081378888675796,2491185.0
2025-07-14,2.0776194194187463,2.0776194194187463,1168520.0
2025-07-15,2.076935879553828,2.076935879553828,1582649.0
2025-07-16,2.076594109621369,2.076594109621369,1641379.0
2025-07-17,2.100518004893505,2.100518004893505,1181068.0
2025-07-18,2.1070116336102274,2.1070116336102274,1608246.0
2025-07-21,2.127859599490231,2.127859599490231,2550110.0
2025-07-22,2.1504164150325304,2.1504164150325304,2237787.0
2025-07-23,2.1428974765184305,2.1428974765184305,2803027.0
2025-07-24,2.174682080237125,2.174682080237125,2070370.0
2025-07-25,2.1753656201020433,2.1753656201020433,3175692.0
2025-07-28,2.184251638345979,2.184251638345979,2017572.0
2025-07-29,2.197922435644342,2.197922435644342,2131929.0
2025-07-30,2.183568098481061,2.183568098481061,1889246.0
2025-07-31,2.1521252646948255,2.1521252646948255,1986009.0
2025-08-01,2.1487075653702346,2.1487075653702346,1581956.0
2025-08-04,2.16511252212827,2.16511252212827,1043707.0
2025-08-05,2.179125089359092,2.179125089359092,1206725.0
2025-08-06,2.1968971258469643,2.1968971258469643,1719765.0
2025-08-07,2.190061727197783,2.190061727197783,1617284.0
2025-08-08,2.186302257940733,2.186302257940733,1036035.0
2025-08-11,2.2092008434154917,2.2092008434154917,1672288.0
2025-08-12,2.220479251186641,2.220479251186641,1065318.0
2025-08-13,2.2495296954456627,2.2495296954456627,1792705.0
2025-08-14,2.2262893400384454,2.2262893400384454,2238969.0
2025-08-15,2.275504210312553,2.275504210312553,2291167.0
2025-08-18,2.30626350423387,2.30626350423387,4186833.0
2025-08-19,2.301136955246984,2.301136955246984,3147655.0
2025-08-20,2.33223801910076,2.33223801910076,3376600.0
2025-08-21,2.319250761667315,2.319250761667315,2983306.0
2025-08-22,2.3633390829545364,2.3633390829545364,8437785.0
2025-08-25,2.405035014714544,2.405035014714544,8814868.0
2025-08-26,2.4087944839715942,2.4087944839715942,4988464.0
2025-08-27,2.376326340387982,2.376326340387982,4323272.0
2025-08-28,2.427933600189303,2.427933600189303,3895262.0
2025-08-29,2.440579087690289,2.440579087690289,3494619.0
2025-09-01,2.4627941333001293,2.4627941333001293,1830813.0
2025-09-02,2.411186873498808,2.411186873498808,2451194.0
2025-09-03,2.3718833312660137,2.3718833312660137,2409955.0
2025-09-04,2.3168583721401017,2.3168583721401017,3268974.0
2025-09-05,2.3961489964706084,2.3961489964706084,3077452.0
2025-09-08,2.4173387322830715,2.4173387322830715,2330317.0
2025-09-09,2.3944401468083134,2.3944401468083134,1395901.0
2025-09-10,2.393414837010936,2.393414837010936,1215725.0
2025-09-11,2.4689459920843926,2.4689459920843926,4717183.0
2025-09-12,2.475097850868656,2.475097850868656,2593774.0
2025-09-15,2.4696295319493107,2.4696295319493107,3566121.0
2025-09-16,2.488768648167019,2.488768648167019,2361255.0
2025-09-17,2.5144013931014504,2.5144013931014504,1586836.0
2025-09-18,2.4921863474916104,2.4921863474916104,3384182.0
2025-09-19,2.4815914795853793,2.4815914795853793,2855523.0
2025-09-22,2.5010723657355465,2.5010723657355465,2356181.0
2025-09-23,2.4870597985047245,2.4870597985047245,2629621.0
2025-09-24,2.5400341380358817,2.5400341380358817,2194535.0
2025-09-25,2.5431100674280134,2.5431100674280134,1640250.0
2025-09-26,2.50722422451981,2.50722422451981,2210031.0
2025-09-29,2.550287236009654,2.550287236009654,3329400.0
2025-09-30,2.5697681221598216,2.5697681221598216,2693319.0
2025-10-09,2.6141982133795016,2.6141982133795016,2473304.0
2025-10-10,2.564983343105394,2.564983343105394,2915277.0
2025-10-13,2.552679625536867,2.552679625536867,3865377.0
2025-10-14,2.4911610376942326,2.4911610376942326,4260165.0
2025-10-15,2.526705110669977,2.526705110669977,2467557.0
2025-10-16,2.5072242245198098,2.5072242245198098,2750738.0
2025-10-17,2.431351299513894,2.431351299513894,3014754.0
2025-10-20,2.447072716407012,2.447072716407012,3562494.0
2025-10-21,2.4880851083021014,2.4880851083021014,4851064.0
2025-10-22,2.468945992084393,2.468945992084393,2713715.0
2025-10-23,2.47749024039587,2.47749024039587,2033734.0
2025-10-24,2.5185026322909594,2.5185026322909594,2274704.0
2025-10-27,2.555755554928999,2.555755554928999,2142854.0
2025-10-28,2.5431100674280134,2.5431100674280134,1704494.0
2025-10-29,2.5954008670942526,2.5954008670942526,2061923.0
2025-10-30,2.5622491836457217,2.5622491836457217,2397754.0
2025-10-31,2.541401217765718,2.541401217765718,2395264.0
2025-11-03,2.5424265275630953,2.5424265275630953,2540990.0
2025-11-04,2.499363516073251,2.499363516073251,2978830.0
2025-11-05,2.5051736049250555,2.5051736049250555,1432956.0
2025-11-06,2.5465277667526043,2.5465277667526043,1739947.0
2025-11-07,2.5427682974955546,2.5427682974955546,1037520.0
2025-11-10,2.545502456955227,2.545502456955227,1123352.0
2025-11-11,2.5270468806024367,2.5270468806024367,1586675.0
2025-11-12,2.5140596231689916,2.5140596231689916,1342175.0
2025-11-13,2.5513125458070314,2.5513125458070314,1886617.0
2025-11-14,2.5079077643847283,2.5079077643847283,1555990.0
2025-11-17,2.50722422451981,2.50722422451981,2198044.0
2025-11-18,2.481933249517838,2.481933249517838,2654207.0
2025-11-19,2.4699713018817704,2.4699713018817704,2467924.0
2025-11-20,2.4504904157316028,2.4504904157316028,3032408.0
2025-11-21,2.365731472481751,2.365731472481751,7553568.0
2025-11-24,2.382136429239787,2.382136429239787,4147657.0
2025-11-25,2.41084510356635,2.41084510356635,6043585.0
2025-11-26,2.4146045728233996,2.4146045728233996,4139294.0
2025-11-27,2.409478023836513,2.409478023836513,1885426.0
2025-11-28,2.438528468095535,2.438528468095535,1773332.0
2025-12-01,2.4614270535702936,2.4614270535702936,1320063.0
2025-12-02,2.4405790876902898,2.4405790876902898,1503697.0
2025-12-03,2.4275918302568447,2.4275918302568447,1213240.0
2025-12-04,2.4351107687709446,2.4351107687709446,1223711.0
2025-12-05,2.466211832624721,2.466211832624721,3085261.0
2025-12-08,2.4874015684371837,2.4874015684371837,2828081.0
2025-12-09,2.4689459920843935,2.4689459920843935,1924356.0
2025-12-10,2.4822750194502974,2.4822750194502974,2595578.0
2025-12-11,2.4610852836378343,2.4610852836378343,1861384.0
2025-12-12,2.4897939579643973,2.4897939579643973,3755285.0
2025-12-15,2.4730472312739025,2.4730472312739025,1747858.0
2025-12-16,2.435452538703404,2.435452538703404,2629014.0
2025-12-17,2.4809079397204616,2.4809079397204616,2996344.0
2025-12-18,2.4679206822870166,2.4679206822870166,2514901.0
2025-12-19,2.4901357278968566,2.4901357278968566,2509672.0
2025-12-22,2.5181608623585015,2.5181608623585015,2817475.0
2025-12-23,2.5202114819532557,2.5202114819532557,1850595.0
2025-12-24,2.5530213954693277,2.5530213954693277,3503673.0
2025-12-25,2.574894671146709,2.574894671146709,2869616.0
2025-12-26,2.590616088039827,2.590616088039827,5147301.0
2025-12-29,2.5796794502011364,2.5796794502011364,3378040.0
2025-12-30,2.5909578579722865,2.5909578579722865,2414779.0
2025-12-31,2.5933502474995,2.5933502474995,4463534.0
2026-01-05,2.6630713137211526,2.6630713137211526,2763714.0
2026-01-06,2.7208304323067374,2.7208304323067374,3560767.0
2026-01-07,2.733817689740182,2.733817689740182,4315868.0
2026-01-08,2.742361938051659,2.742361938051659,3822311.0
2026-01-09,2.8079817650838024,2.8079817650838024,5252035.0
2026-01-12,2.8763357515756187,2.8763357515756187,5715199.0
2026-01-13,2.8387410590051196,2.8387410590051196,5240340.0
2026-01-14,2.8589054850202054,2.8589054850202054,13490762.0
2026-01-15,2.8500194667762693,2.8500194667762693,31673005.0
2026-01-16,2.8561713255605325,2.8561713255605325,20507550.0
2026-01-19,2.874420521492384,2.874420521492384,15215857.0
2026-01-20,2.866156734655319,2.866156734655319,16142559.0
2026-01-21,2.9033437754221105,2.9033437754221105,10340941.0
2026-01-22,2.9160837801292514,2.9160837801292514,4808569.0
2026-01-23,3.0021648930153435,3.0021648930153435,6693456.0
2026-01-26,2.948794603025967,2.948794603025967,16667265.0
2026-01-27,2.967732447860907,2.967732447860907,14746513.0
2026-01-28,2.9925238083721015,2.9925238083721015,25174466.0
2026-01-29,2.9580913632176644,2.9580913632176644,13734677.0
2026-01-30,2.906098371034465,2.906098371034465,12838777.0
2026-02-02,2.7714675104806172,2.7714675104806172,19473869.0
2026-02-03,2.880618361620182,2.880618361620182,9366022.0
2026-02-04,2.8881934995541583,2.8881934995541583,12287970.0
2026-02-05,2.829314018340072,2.829314018340072,9552432.0
2026-02-06,2.8279367205338937,2.8279367205338937,9399366.0
2026-02-09,2.8906037707149688,2.8906037707149688,5942628.0
2026-02-10,2.8844059305871705,2.8844059305871705,3443425.0
2026-02-11,2.8961129619396786,2.8961129619396786,2952357.0
2026-02-12,2.9315783804487485,2.9315783804487485,3976171.0
2026-02-13,2.8830286327809924,2.8830286327809924,10173966.0
2026-02-24,2.916083780129252,2.916083780129252,4388049.0
2026-02-25,2.961878932184653,2.961878932184653,7358841.0
2026-02-26,2.971520016827895,2.971520016827895,8055576.0
2026-02-27,3.008362733143142,3.008362733143142,4820349.0
2026-03-02,3.0069854353369645,3.0069854353369645,7723957.0
2026-03-03,2.8837172816840804,2.8837172816840804,6797897.0
2026-03-04,2.863746463494507,2.863746463494507,5269815.0
2026-03-05,2.8823399838779027,2.8823399838779027,5521642.0
2026-03-06,2.899556206455121,2.899556206455121,3177456.0
2026-03-09,2.8771751171047373,2.8771751171047373,4694397.0
2026-03-10,2.9202156735477836,2.9202156735477836,4355739.0
2026-03-11,2.9157394556777065,2.9157394556777065,3852283.0
2026-03-12,2.901277828712843,2.901277828712843,3256224.0
2026-03-13,2.8616805167852406,2.8616805167852406,1982291.0
2026-03-16,2.8437756453049334,2.8437756453049334,3928895.0
2026-03-17,2.7814529195754027,2.7814529195754027,3492036.0
2026-03-18,2.808310226795864,2.808310226795864,4921480.0
2026-03-19,2.7356577675200024,2.7356577675200024,3918003.0
2026-03-20,2.6898626154646013,2.6898626154646013,7316340.0
2026-03-23,2.586565280001291,2.586565280001291,6748011.0
2026-03-24,2.6347707032175025,2.6347707032175025,5910871.0
2026-03-25,2.6946831577862222,2.6946831577862222,5865893.0
2026-03-26,2.6512982768916324,2.6512982768916324,3201844.0
2026-03-27,2.686763695400702,2.686763695400702,3963090.0
2026-03-30,2.6919285621738673,2.6919285621738673,4782422.0
2026-03-31,2.6454447612153777,2.6454447612153777,3683999.0
2026-04-01,2.688829642109968,2.688829642109968,3566686.0
2026-04-02,2.6416571922483896,2.6416571922483896,4864342.0
2026-04-03,2.617898805091828,2.617898805091828,2407769.0
2026-04-07,2.6268512408319817,2.6268512408319817,3281318.0
2026-04-08,2.763548048095096,2.763548048095096,11550045.0
2026-04-09,2.7421999320993455,2.7421999320993455,6428258.0
2026-04-10,2.766646968158996,2.766646968158996,3800349.0
2026-04-13,2.7642366969981853,2.7642366969981853,4777283.0
2026-04-14,2.809343200150497,2.809343200150497,4368138.0
2026-04-15,2.7928156264763673,2.7928156264763673,4083180.0
2026-04-16,2.841709698595667,2.841709698595667,4879686.0
2026-04-17,2.854449703302808,2.854449703302808,4629737.0
2026-04-20,2.8768307926531924,2.8768307926531924,9125416.0
2026-04-21,2.8685670058161272,2.8685670058161272,4613444.0
2026-04-22,2.911263237807629,2.911263237807629,6383224.0
2026-04-23,2.8837172816840795,2.8837172816840795,6939803.0
2026-04-24,2.8658124102037723,2.8658124102037723,4371594.0
2026-04-27,2.881307010523269,2.881307010523269,6275188.0
2026-04-28,2.8485961876265535,2.8485961876265535,6369387.0
2026-04-29,2.8999005309066646,2.8999005309066646,8789675.0
2026-04-30,2.902655126519019,2.902655126519019,7793619.0
2026-05-06,2.9811611014711348,2.9811611014711348,10254482.0
2026-05-07,3.020069764495649,3.020069764495649,12291601.0
2026-05-08,3.01938111559256,3.01938111559256,11110986.0
2026-05-11,3.0686195121634046,3.0686195121634046,6608744.0
2026-05-12,3.0514032895861862,3.0514032895861862,5103981.0
2026-05-13,3.1020189839632084,3.1020189839632084,5154451.0
2026-05-14,3.0204140889471933,3.0204140889471933,8902588.0
2026-05-15,2.9653221767000946,2.9653221767000946,13136592.0
2026-05-18,2.9718643412794377,2.9718643412794377,4808791.0
2026-05-19,2.996655701790632,2.996655701790632,7097897.0
2026-05-20,3.0121503021101286,3.0121503021101286,5067923.0
2026-05-21,2.9277908114817586,2.9277908114817586,5345049.0
2026-05-22,2.9811611014711357,2.9811611014711357,7929375.0
2026-05-25,3.0252346312688148,3.0252346312688148,6085135.0
2026-05-26,3.0135275999163067,3.0135275999163067,2414019.0
2026-05-27,2.966010825603184,2.966010825603184,3302420.0
2026-05-28,2.978062181407236,2.978062181407236,3322216.0
2026-05-29,2.9071313443890965,2.9071313443890965,3279447.0
2026-06-01,2.881995659426358,2.881995659426358,4083694.0
2026-06-02,2.894391339681955,2.894391339681955,4588094.0
2026-06-03,2.9112632378076286,2.9112632378076286,3267377.0
2026-06-04,2.908852966646818,2.908852966646818,2959299.0
2026-06-05,2.871321601428482,2.871321601428482,4320457.0
2026-06-08,2.778009675059958,2.778009675059958,4687884.0
2026-06-09,2.8475632142719203,2.8475632142719203,3622747.0
2026-06-10,2.813475093569028,2.813475093569028,2792841.0
2026-06-11,2.800390764410342,2.800390764410342,1815580.0
2026-06-12,2.8379221296286783,2.8379221296286783,3133578.0
2026-06-15,2.9419081139950776,2.9419081139950776,7767758.0
2026-06-16,2.9722086657309816,2.9722086657309816,3195350.0
2026-06-17,3.017315168883294,3.017315168883294,1986424.0
2026-06-18,3.0396962582336773,3.0396962582336773,2529609.0
2026-06-22,3.101330335060119,3.101330335060119,3701087.0
2026-06-23,3.0352200403636003,3.0352200403636003,4233461.0
2026-06-24,3.0937551971261423,3.0937551971261423,2827084.0
2026-06-25,3.1281876422805794,3.1281876422805794,2062756.0
2026-06-26,3.0510589651346414,3.0510589651346414,3351957.0
2026-06-29,3.0899676281591546,3.0899676281591546,2845305.0
2026-06-30,3.165719007498916,3.165719007498916,2030249.0
2026-07-01,3.160898465177294,3.160898465177294,2520695.0
2026-07-02,3.0469270717161083,3.0469270717161083,4142917.0
2026-07-03,3.0648319431964155,3.0648319431964155,2801352.0
2026-07-06,3.033498418105878,3.033498418105878,3599631.0
2026-07-07,2.98081677701959,2.98081677701959,2773149.0
2026-07-08,2.944318385155887,2.944318385155887,5473194.0
2026-07-09,3.031432471396612,3.031432471396612,5942522.0
2026-07-10,2.9949340795329094,2.9949340795329094,4352062.0
2026-07-13,2.855138352205896,2.855138352205896,8964812.0
2026-07-14,2.8968016108427648,2.8968016108427648,8555023.0
2026-07-15,2.8578929478182507,2.8578929478182507,3451326.0
2026-07-16,2.789522303133604,2.789522303133604,5747724.0
2026-07-17,2.631393273632189,2.631393273632189,7498029.0
2026-07-20,2.60369439706764,2.60369439706764,11709492.0
2026-07-21,2.7320208378603628,2.7320208378603628,11867794.0
2026-07-22,2.713788665944457,2.713788665944457,7464387.0
2026-07-23,2.712736809872385,2.712736809872385,2501477.0
2026-07-24,2.6454180212598097,2.6454180212598097,3406830.0
2026-07-27,2.70888000427479,2.70888000427479,5908661.0
2026-07-28,2.616667288623189,2.616667288623189,7990759.0
2026-07-29,2.6436649278063573,2.6436649278063573,7014733.0
2026-07-30,2.572138714905496,2.572138714905496,9016071.0
2026-07-31,2.6296401801787375,2.6296401801787375,9936368.0
2026-08-03,2.6015906849234973,2.6015906849234973,2995150.0
2026-08-04,2.6650526679384776,2.6650526679384776,6648014.0
2026-08-05,2.7400850677462443,2.7400850677462443,5359097.0
2026-08-06,2.7460455854879826,2.7460455854879826,5939539.0
2026-08-07,2.80039148254501,2.80039148254501,3700689.0
2026-08-10,2.8179224170795347,2.8179224170795347,3222276.0
2026-08-11,2.8010927199263906,2.8010927199263906,2190261.0
2026-08-12,2.823532316130583,2.823532316130583,1808726.0
2026-08-13,2.7979371517101765,2.7979371517101765,3508877.0
2026-08-14,2.8042482881426056,2.8042482881426056,2546785.0
2026-08-17,2.8740214075900146,2.8740214075900146,2791381.0
2026-08-18,2.869813983301729,2.869813983301729,3072561.0
2026-08-19,2.736228262148649,2.736228262148649,4830535.0
2026-08-20,2.756914764899389,2.756914764899389,2902146.0
2026-08-21,2.75796662097146,2.75796662097146,2865688.0
2026-08-24,2.7137886659444574,2.7137886659444574,3524545.0
2026-08-25,2.7088800042747905,2.7088800042747905,3782961.0
2026-08-26,2.7309689817882914,2.7309689817882914,4360646.0
2026-08-27,2.795482820875343,2.795482820875343,4170215.0
2026-08-28,2.777951886340818,2.777951886340818,2672216.0
2026-08-31,2.7933791087311994,2.7933791087311994,4777499.0
2026-09-01,2.7632259013318166,2.7632259013318166,3868859.0
2026-09-02,2.7176454715420517,2.7176454715420517,3761652.0
2026-09-03,2.7281640322627667,2.7281640322627667,3324163.0
2026-09-04,2.690297213668193,2.690297213668193,5259173.0
2026-09-07,2.724657845355862,2.724657845355862,6646907.0
2026-09-08,2.7306183630976006,2.7306183630976006,2887322.0
2026-09-09,2.7295665070255293,2.7295665070255293,2615991.0
2026-09-10,2.7144899033258376,2.7144899033258376,2628617.0
2026-09-11,2.668558854845382,2.668558854845382,5716158.0
2026-09-14,2.6640008118664054,2.6640008118664054,3495654.0
2026-09-15,2.6604946249595005,2.6604946249595005,4175511.0
2026-09-16,2.7032701052237416,2.7032701052237416,4616643.0
2026-09-17,2.6931021631937173,2.6931021631937173,4180119.0
2026-09-18,2.7453443481066016,2.7453443481066016,4207916.0
2026-09-21,2.7600703331156025,2.7600703331156025,4441014.0
2026-09-22,2.7523567219204113,2.7523567219204113,3291705.0
2026-09-23,2.741136923818315,2.741136923818315,3327074.0
2026-09-24,2.6822329837823116,2.6822329837823116,4093614.0
