2013-10-28,1.0,1.0,2734580.0
2013-10-29,0.9906152241918665,0.9906152241918665,1287408.0
2013-10-30,1.003128258602711,1.003128258602711,753292.0
2013-10-31,0.9833159541188737,0.9833159541188737,193848.0
2013-11-01,0.994786235662148,0.994786235662148,277264.0
2013-11-04,0.9749739311783108,0.9749739311783108,397392.0
2013-11-05,0.9791449426485922,0.9791449426485922,534744.0
2013-11-06,0.9645464025026068,0.9645464025026068,244568.0
2013-11-07,0.9447340980187695,0.9447340980187695,327244.0
2013-11-08,0.9301355578727841,0.9301355578727841,239504.0
2013-11-11,0.9572471324296141,0.9572471324296141,268468.0
2013-11-12,0.9697601668404587,0.9697601668404587,295284.0
2013-11-13,0.9562043795620436,0.9562043795620436,118572.0
2013-11-14,0.9687174139728884,0.9687174139728884,195280.0
2013-11-15,0.976016684045881,0.976016684045881,254868.0
2013-11-18,0.981230448383733,0.981230448383733,188268.0
2013-11-19,0.9749739311783108,0.9749739311783108,63324.0
2013-11-20,0.9801876955161625,0.9801876955161625,53136.0
2013-11-21,0.9781021897810217,0.9781021897810217,99436.0
2013-11-22,0.9718456725755994,0.9718456725755994,121116.0
2013-11-25,0.97393117831074,0.97393117831074,100288.0
2013-11-26,0.9728884254431697,0.9728884254431697,145248.0
2013-11-27,0.9801876955161621,0.9801876955161621,177740.0
2013-11-28,0.9885297184567252,0.9885297184567252,230508.0
2013-11-29,0.9916579770594364,0.9916579770594364,324380.0
2013-12-02,0.9666319082377471,0.9666319082377471,205584.0
2013-12-03,0.9895724713242955,0.9895724713242955,150272.0
2013-12-04,1.00208550573514,1.00208550573514,249860.0
2013-12-05,1.0062565172054216,1.0062565172054216,88012.0
2013-12-06,1.0041710114702809,1.0041710114702809,94636.0
2013-12-09,0.9999999999999993,0.9999999999999993,62604.0
2013-12-10,0.9906152241918659,0.9906152241918659,92888.0
2013-12-11,0.9843587069864436,0.9843587069864436,67428.0
2013-12-12,0.9958289885297177,0.9958289885297177,38256.0
2013-12-13,0.9916579770594361,0.9916579770594361,91808.0
2013-12-16,0.9812304483837323,0.9812304483837323,105348.0
2013-12-17,0.983315954118873,0.983315954118873,117896.0
2013-12-18,0.988529718456725,0.988529718456725,57484.0
2013-12-19,0.9770594369134509,0.9770594369134509,217744.0
2013-12-20,0.9655891553701766,0.9655891553701766,160860.0
2013-12-23,0.9937434827945769,0.9937434827945769,110832.0
2013-12-24,0.9916579770594361,0.9916579770594361,46964.0
2013-12-25,0.988529718456725,0.988529718456725,64660.0
2013-12-26,0.9874869655891546,0.9874869655891546,154052.0
2013-12-27,0.9906152241918657,0.9906152241918657,48684.0
2013-12-30,0.9874869655891545,0.9874869655891545,121768.0
2013-12-31,0.996871741397288,0.996871741397288,102932.0
2014-01-02,1.018769551616266,1.018769551616266,397464.0
2014-01-03,1.010427528675703,1.010427528675703,88728.0
2014-01-06,0.9874869655891545,0.9874869655891545,44712.0
2014-01-07,0.9937434827945769,0.9937434827945769,128512.0
2014-01-08,1.0020855057351399,1.0020855057351399,101864.0
2014-01-09,0.996871741397288,0.996871741397288,89388.0
2014-01-10,0.97497393117831,0.97497393117831,59640.0
2014-01-13,0.9676746611053173,0.9676746611053173,27336.0
2014-01-14,0.9728884254431693,0.9728884254431693,91680.0
2014-01-15,0.9854014598540138,0.9854014598540138,63564.0
2014-01-16,0.9801876955161618,0.9801876955161618,25912.0
2014-01-17,0.9624608967674653,0.9624608967674653,31868.0
2014-01-20,0.9457768508863391,0.9457768508863391,47372.0
2014-01-21,0.9530761209593319,0.9530761209593319,21904.0
2014-01-22,0.9697601668404581,0.9697601668404581,53068.0
2014-01-23,0.9697601668404581,0.9697601668404581,57540.0
2014-01-24,0.9728884254431692,0.9728884254431692,31740.0
2014-01-27,0.9551616266944727,0.9551616266944727,96436.0
2014-01-28,0.9593326381647541,0.9593326381647541,174712.0
2014-01-29,0.9624608967674653,0.9624608967674653,40244.0
2014-01-30,0.9572471324296133,0.9572471324296133,15520.0
2014-02-07,0.9520333680917614,0.9520333680917614,20400.0
2014-02-10,0.9833159541188728,0.9833159541188728,80280.0
2014-02-11,0.989572471324295,0.989572471324295,249512.0
2014-02-12,0.9927007299270062,0.9927007299270062,130268.0
2014-02-13,0.9749739311783098,0.9749739311783098,39800.0
2014-02-14,0.9874869655891543,0.9874869655891543,51272.0
2014-02-17,0.994786235662147,0.994786235662147,163076.0
2014-02-18,0.9927007299270062,0.9927007299270062,206264.0
2014-02-19,1.0041710114702804,1.0041710114702804,239064.0
2014-02-20,0.994786235662147,0.994786235662147,233768.0
2014-02-21,0.9906152241918654,0.9906152241918654,92352.0
2014-02-24,0.9916579770594358,0.9916579770594358,199144.0
2014-02-25,0.9655891553701762,0.9655891553701762,222384.0
2014-02-26,0.9708029197080282,0.9708029197080282,94096.0
2014-02-27,0.9416058394160575,0.9416058394160575,94472.0
2014-02-28,0.9457768508863391,0.9457768508863391,82708.0
2014-03-03,0.950990615224191,0.950990615224191,19276.0
2014-03-04,0.9457768508863391,0.9457768508863391,45116.0
2014-03-05,0.9343065693430649,0.9343065693430649,30036.0
2014-03-06,0.9270072992700722,0.9270072992700722,75016.0
2014-03-07,0.9384775808133465,0.9384775808133465,41472.0
2014-03-10,0.9186652763295092,0.9186652763295092,48504.0
2014-03-11,0.9270072992700723,0.9270072992700723,23868.0
2014-03-12,0.9301355578727833,0.9301355578727833,61012.0
2014-03-13,0.9395203336809169,0.9395203336809169,53500.0
2014-03-14,0.9353493222106354,0.9353493222106354,54716.0
2014-03-17,0.9426485922836282,0.9426485922836282,26156.0
2014-03-18,0.9468196037539096,0.9468196037539096,49080.0
2014-03-19,0.934306569343065,0.934306569343065,8416.0
2014-03-20,0.9092805005213758,0.9092805005213758,38096.0
2014-03-21,0.9228362877997908,0.9228362877997908,41976.0
2014-03-24,0.9176225234619387,0.9176225234619387,27340.0
2014-03-25,0.9124087591240868,0.9124087591240868,9168.0
2014-03-26,0.929092805005213,0.929092805005213,52976.0
2014-03-27,0.915537017726798,0.915537017726798,27560.0
2014-03-28,0.8988529718456718,0.8988529718456718,33372.0
2014-03-31,0.8925964546402495,0.8925964546402495,44228.0
2014-04-01,0.8998957247132421,0.8998957247132421,7068.0
2014-04-02,0.8925964546402494,0.8925964546402494,37168.0
2014-04-03,0.8925964546402494,0.8925964546402494,19044.0
2014-04-04,0.8988529718456717,0.8988529718456717,27588.0
2014-04-08,0.915537017726798,0.915537017726798,86184.0
2014-04-09,0.9217935349322204,0.9217935349322204,23860.0
2014-04-10,0.9217935349322204,0.9217935349322204,31984.0
2014-04-11,0.9332638164754946,0.9332638164754946,57888.0
2014-04-14,0.934306569343065,0.934306569343065,26744.0
2014-04-15,0.92075078206465,0.92075078206465,32212.0
2014-04-16,0.92075078206465,0.92075078206465,78600.0
2014-04-17,0.9176225234619388,0.9176225234619388,8136.0
2014-04-18,0.9165797705943685,0.9165797705943685,28396.0
2014-04-21,0.9061522419186646,0.9061522419186646,150128.0
2014-04-22,0.8998957247132423,0.8998957247132423,65024.0
2014-04-23,0.8957247132429608,0.8957247132429608,12380.0
2014-04-24,0.8894681960375385,0.8894681960375385,42460.0
2014-04-25,0.8790406673618346,0.8790406673618346,33160.0
2014-04-28,0.8571428571428565,0.8571428571428565,71184.0
2014-04-29,0.8613138686131381,0.8613138686131381,13804.0
2014-04-30,0.8759124087591235,0.8759124087591235,33392.0
2014-05-05,0.8821689259645458,0.8821689259645458,31144.0
2014-05-06,0.8832116788321162,0.8832116788321162,36112.0
2014-05-07,0.874869655891553,0.874869655891553,27864.0
2014-05-08,0.8738269030239826,0.8738269030239826,27240.0
2014-05-09,0.8738269030239826,0.8738269030239826,55468.0
2014-05-12,0.8863399374348273,0.8863399374348273,61844.0
2014-05-13,0.8821689259645458,0.8821689259645458,20760.0
2014-05-14,0.8842544316996864,0.8842544316996864,18036.0
2014-05-15,0.8717413972888418,0.8717413972888418,14888.0
2014-05-16,0.8654848800834195,0.8654848800834195,23128.0
2014-05-19,0.8540145985401453,0.8540145985401453,41852.0
2014-05-20,0.8529718456725749,0.8529718456725749,25932.0
2014-05-21,0.8581856100104268,0.8581856100104268,21556.0
2014-05-22,0.8550573514077157,0.8550573514077157,32288.0
2014-05-23,0.8633993743482787,0.8633993743482787,107892.0
2014-05-26,0.874869655891553,0.874869655891553,53372.0
2014-05-27,0.8738269030239826,0.8738269030239826,29848.0
2014-05-28,0.8779979144942642,0.8779979144942642,9768.0
2014-05-29,0.8748696558915531,0.8748696558915531,87888.0
2014-05-30,0.8748696558915531,0.8748696558915531,25768.0
2014-06-03,0.8748696558915531,0.8748696558915531,9344.0
2014-06-04,0.8623566214807085,0.8623566214807085,29508.0
2014-06-05,0.8706986444212715,0.8706986444212715,32768.0
2014-06-06,0.8706986444212715,0.8706986444212715,8540.0
2014-06-09,0.8696558915537012,0.8696558915537012,13876.0
2014-06-10,0.8769551616266938,0.8769551616266938,34708.0
2014-06-11,0.8863399374348272,0.8863399374348272,77532.0
2014-06-12,0.883211678832116,0.883211678832116,45000.0
2014-06-13,0.8842544316996865,0.8842544316996865,15780.0
2014-06-16,0.8811261730969754,0.8811261730969754,12688.0
2014-06-17,0.8811261730969754,0.8811261730969754,87560.0
2014-06-18,0.8779979144942642,0.8779979144942642,77704.0
2014-06-19,0.861313868613138,0.861313868613138,20876.0
2014-06-20,0.864442127215849,0.864442127215849,11556.0
2014-06-23,0.8602711157455675,0.8602711157455675,21304.0
2014-06-24,0.8717413972888418,0.8717413972888418,59672.0
2014-06-25,0.8706986444212714,0.8706986444212714,54172.0
2014-06-26,0.8769551616266937,0.8769551616266937,22144.0
2014-06-27,0.8842544316996865,0.8842544316996865,110876.0
2014-06-30,0.8884254431699681,0.8884254431699681,86016.0
2014-07-01,0.8852971845672569,0.8852971845672569,5860.0
2014-07-02,0.8842544316996865,0.8842544316996865,13432.0
2014-07-03,0.8967674661105312,0.8967674661105312,50024.0
2014-07-04,0.8842544316996865,0.8842544316996865,25744.0
2014-07-07,0.880083420229405,0.880083420229405,63236.0
2014-07-08,0.8811261730969754,0.8811261730969754,20124.0
2014-07-09,0.86652763295099,0.86652763295099,29288.0
2014-07-10,0.8644421272158492,0.8644421272158492,25416.0
2014-07-11,0.8654848800834196,0.8654848800834196,73604.0
2014-07-14,0.8706986444212717,0.8706986444212717,18336.0
2014-07-15,0.8832116788321163,0.8832116788321163,43040.0
2014-07-16,0.8759124087591236,0.8759124087591236,58496.0
2014-07-17,0.8706986444212717,0.8706986444212717,13300.0
2014-07-18,0.8759124087591236,0.8759124087591236,14064.0
2014-07-21,0.8821689259645459,0.8821689259645459,55916.0
2014-07-22,0.8894681960375386,0.8894681960375386,119464.0
2014-07-23,0.8779979144942643,0.8779979144942643,32340.0
2014-07-24,0.8852971845672569,0.8852971845672569,53648.0
2014-07-25,0.8915537017726792,0.8915537017726792,84720.0
2014-07-28,0.9040667361835238,0.9040667361835238,91588.0
2014-07-29,0.9092805005213758,0.9092805005213758,50812.0
2014-07-30,0.9144942648592277,0.9144942648592277,98256.0
2014-07-31,0.9186652763295092,0.9186652763295092,53744.0
2014-08-01,0.9280500521376427,0.9280500521376427,116532.0
2014-08-04,0.9301355578727836,0.9301355578727836,32620.0
2014-08-05,0.9301355578727836,0.9301355578727836,42708.0
2014-08-06,0.9238790406673613,0.9238790406673613,95048.0
2014-08-07,0.9134515119916573,0.9134515119916573,82772.0
2014-08-08,0.9176225234619388,0.9176225234619388,18628.0
2014-08-11,0.9259645464025019,0.9259645464025019,32888.0
2014-08-12,0.9259645464025019,0.9259645464025019,26076.0
2014-08-13,0.9197080291970796,0.9197080291970796,19284.0
2014-08-14,0.9124087591240869,0.9124087591240869,76064.0
2014-08-15,0.9228362877997907,0.9228362877997907,18924.0
2014-08-18,0.9301355578727833,0.9301355578727833,81288.0
2014-08-19,0.9280500521376426,0.9280500521376426,41836.0
2014-08-20,0.923879040667361,0.923879040667361,49300.0
2014-08-21,0.9186652763295091,0.9186652763295091,27888.0
2014-08-22,0.9270072992700722,0.9270072992700722,49748.0
2014-08-25,0.9207507820646499,0.9207507820646499,57800.0
2014-08-26,0.9071949947862349,0.9071949947862349,56564.0
2014-08-27,0.9051094890510941,0.9051094890510941,19880.0
2014-08-28,0.9030239833159533,0.9030239833159533,63580.0
2014-08-29,0.9071949947862348,0.9071949947862348,28496.0
2014-09-01,0.9176225234619387,0.9176225234619387,65760.0
2014-09-02,0.9217935349322204,0.9217935349322204,105696.0
2014-09-03,0.9259645464025019,0.9259645464025019,84512.0
2014-09-04,0.929092805005213,0.929092805005213,76744.0
2014-09-05,0.937434827945776,0.937434827945776,62980.0
2014-09-09,0.9395203336809169,0.9395203336809169,38856.0
2014-09-10,0.9353493222106354,0.9353493222106354,18804.0
2014-09-11,0.9311783107403538,0.9311783107403538,43280.0
2014-09-12,0.934306569343065,0.934306569343065,23452.0
2014-09-15,0.9353493222106354,0.9353493222106354,29716.0
2014-09-16,0.92075078206465,0.92075078206465,51544.0
2014-09-17,0.9301355578727836,0.9301355578727836,50052.0
2014-09-18,0.9426485922836282,0.9426485922836282,350276.0
2014-09-19,0.9499478623566209,0.9499478623566209,54492.0
2014-09-22,0.9374348279457763,0.9374348279457763,102040.0
2014-09-23,0.9509906152241914,0.9509906152241914,292808.0
2014-09-24,0.9541188738269026,0.9541188738269026,71340.0
2014-09-25,0.9489051094890507,0.9489051094890507,54824.0
2014-09-26,0.9509906152241915,0.9509906152241915,7884.0
2014-09-29,0.9593326381647546,0.9593326381647546,25664.0
2014-09-30,0.9666319082377473,0.9666319082377473,61936.0
2014-10-08,1.0072992700729921,1.0072992700729921,167280.0
2014-10-09,0.998957247132429,0.998957247132429,160096.0
2014-10-10,0.998957247132429,0.998957247132429,37776.0
2014-10-13,1.0041710114702809,1.0041710114702809,212392.0
2014-10-14,0.9885297184567251,0.9885297184567251,23868.0
2014-10-15,1.0166840458811255,1.0166840458811255,195996.0
2014-10-16,1.007299270072992,1.007299270072992,358432.0
2014-10-17,1.0041710114702809,1.0041710114702809,36816.0
2014-10-20,1.0156412930135552,1.0156412930135552,31884.0
2014-10-21,1.0010427528675698,1.0010427528675698,67792.0
2014-10-22,0.9833159541188733,0.9833159541188733,19416.0
2014-10-23,0.9718456725755992,0.9718456725755992,28144.0
2014-10-24,0.968717413972888,0.968717413972888,18608.0
2014-10-27,0.9728884254431696,0.9728884254431696,22892.0
2014-10-28,0.9916579770594363,0.9916579770594363,24240.0
2014-10-29,0.998957247132429,0.998957247132429,23252.0
2014-10-30,0.998957247132429,0.998957247132429,36200.0
2014-10-31,0.9968717413972882,0.9968717413972882,10628.0
2014-11-03,0.9968717413972882,0.9968717413972882,60212.0
2014-11-04,0.9895724713242955,0.9895724713242955,15460.0
2014-11-05,0.985401459854014,0.985401459854014,21832.0
2014-11-06,0.9895724713242954,0.9895724713242954,25660.0
2014-11-07,0.9822732012513027,0.9822732012513027,34472.0
2014-11-10,0.988529718456725,0.988529718456725,19428.0
2014-11-11,0.9749739311783101,0.9749739311783101,22844.0
2014-11-12,0.9874869655891546,0.9874869655891546,61820.0
2014-11-13,0.9791449426485915,0.9791449426485915,21440.0
2014-11-14,0.9958289885297176,0.9958289885297176,65948.0
2014-11-17,1.0010427528675694,1.0010427528675694,39860.0
2014-11-18,0.9916579770594359,0.9916579770594359,9500.0
2014-11-19,0.9989572471324286,0.9989572471324286,19700.0
2014-11-20,0.9895724713242952,0.9895724713242952,18460.0
2014-11-21,0.9989572471324287,0.9989572471324287,25848.0
2014-11-24,1.0062565172054214,1.0062565172054214,55912.0
2014-11-25,1.0010427528675694,1.0010427528675694,90604.0
2014-11-26,1.0166840458811253,1.0166840458811253,119180.0
2014-11-27,1.018769551616266,1.018769551616266,98888.0
2014-11-28,1.0145985401459845,1.0145985401459845,29528.0
2014-12-01,1.0312825860271106,1.0312825860271106,104516.0
2014-12-02,1.0333680917622514,1.0333680917622514,170020.0
2014-12-03,1.0406673618352442,1.0406673618352442,249808.0
2014-12-04,1.0594369134515111,1.0594369134515111,316860.0
2014-12-05,1.0531803962460888,1.0531803962460888,198768.0
2014-12-08,1.042752867570385,1.042752867570385,224188.0
2014-12-09,1.0417101147028145,1.0417101147028145,375980.0
2014-12-10,1.0625651720542222,1.0625651720542222,97628.0
2014-12-11,1.0563086548487999,1.0563086548487999,63544.0
2014-12-12,1.0636079249217927,1.0636079249217927,103484.0
2014-12-15,1.088633993743482,1.088633993743482,191192.0
2014-12-16,1.0740354535974965,1.0740354535974965,85152.0
2014-12-17,1.054223149113659,1.054223149113659,37676.0
2014-12-18,1.0479666319082368,1.0479666319082368,89560.0
2014-12-19,1.0312825860271106,1.0312825860271106,65844.0
2014-12-22,1.0125130344108437,1.0125130344108437,40404.0
2014-12-23,1.010427528675703,1.010427528675703,61412.0
2014-12-24,1.0125130344108437,1.0125130344108437,13660.0
2014-12-25,1.021897810218977,1.021897810218977,7624.0
2014-12-26,1.0427528675703848,1.0427528675703848,21212.0
2014-12-29,1.0364963503649625,1.0364963503649625,30612.0
2014-12-30,1.0312825860271106,1.0312825860271106,16448.0
2014-12-31,1.0312825860271106,1.0312825860271106,15368.0
2015-01-05,1.0698644421272148,1.0698644421272148,424616.0
2015-01-06,1.1084462982273189,1.1084462982273189,375292.0
2015-01-07,1.086548488008341,1.086548488008341,120716.0
2015-01-08,1.086548488008341,1.086548488008341,90028.0
2015-01-09,1.0792492179353481,1.0792492179353481,63364.0
2015-01-12,1.0750782064650666,1.0750782064650666,58280.0
2015-01-13,1.086548488008341,1.086548488008341,70452.0
2015-01-14,1.0802919708029186,1.0802919708029186,74520.0
2015-01-15,1.0834202294056297,1.0834202294056297,70572.0
2015-01-16,1.094890510948904,1.094890510948904,87708.0
2015-01-19,1.0646506777893627,1.0646506777893627,106468.0
2015-01-20,1.0823774765380594,1.0823774765380594,51824.0
2015-01-21,1.0928050052137632,1.0928050052137632,108852.0
2015-01-22,1.1115745568300304,1.1115745568300304,148528.0
2015-01-23,1.1032325338894673,1.1032325338894673,60804.0
2015-01-26,1.127215849843586,1.127215849843586,121584.0
2015-01-27,1.1366006256517196,1.1366006256517196,148368.0
2015-01-28,1.1282586027111565,1.1282586027111565,39808.0
2015-01-29,1.108446298227319,1.108446298227319,38264.0
2015-01-30,1.108446298227319,1.108446298227319,28816.0
2015-02-02,1.1042752867570376,1.1042752867570376,21852.0
2015-02-03,1.096976016684045,1.096976016684045,222404.0
2015-02-04,1.0844629822732004,1.0844629822732004,22500.0
2015-02-05,1.0844629822732004,1.0844629822732004,37768.0
2015-02-06,1.0636079249217927,1.0636079249217927,19780.0
2015-02-09,1.0636079249217927,1.0636079249217927,22684.0
2015-02-10,1.0636079249217927,1.0636079249217927,36272.0
2015-02-11,1.0761209593326373,1.0761209593326373,33364.0
2015-02-12,1.0844629822732004,1.0844629822732004,29456.0
2015-02-13,1.0938477580813337,1.0938477580813337,85456.0
2015-02-16,1.0990615224191858,1.0990615224191858,24024.0
2015-02-17,1.1063607924921783,1.1063607924921783,36652.0
2015-02-25,1.108446298227319,1.108446298227319,65344.0
2015-02-26,1.1074035453597488,1.1074035453597488,26460.0
2015-02-27,1.1147028154327414,1.1147028154327414,63332.0
2015-03-02,1.118873826903023,1.118873826903023,74632.0
2015-03-03,1.1063607924921783,1.1063607924921783,69400.0
2015-03-04,1.1366006256517196,1.1366006256517196,147916.0
2015-03-05,1.1418143899895714,1.1418143899895714,108168.0
2015-03-06,1.115745568300312,1.115745568300312,91048.0
2015-03-09,1.1345151199165788,1.1345151199165788,41008.0
2015-03-10,1.1386861313868604,1.1386861313868604,76288.0
2015-03-11,1.1334723670490083,1.1334723670490083,61868.0
2015-03-12,1.1345151199165788,1.1345151199165788,50196.0
2015-03-13,1.1449426485922827,1.1449426485922827,73392.0
2015-03-16,1.184567257559957,1.184567257559957,159840.0
2015-03-17,1.1772679874869645,1.1772679874869645,85584.0
2015-03-18,1.1981230448383722,1.1981230448383722,102916.0
2015-03-19,1.181438998957246,1.181438998957246,30904.0
2015-03-20,1.2732012513034399,1.2732012513034399,53352.0
2015-03-23,1.2189781021897799,1.2189781021897799,326612.0
2015-03-24,1.2335766423357655,1.2335766423357655,135888.0
2015-03-25,1.2408759124087578,1.2408759124087578,113964.0
2015-03-26,1.2252346193952022,1.2252346193952022,32920.0
2015-03-27,1.228362877997913,1.228362877997913,57714.24
2015-03-30,1.2586027111574543,1.2586027111574543,81844.0
2015-03-31,1.24713242961418,1.24713242961418,128440.0
2015-04-01,1.2711157455682989,1.2711157455682989,151092.0
2015-04-02,1.2836287799791433,1.2836287799791433,37504.0
2015-04-03,1.2909280500521356,1.2909280500521356,29536.0
2015-04-07,1.3284671532846695,1.3284671532846695,96984.0
2015-04-08,1.3076120959332618,1.3076120959332618,171304.0
2015-04-09,1.297184567257558,1.297184567257558,95692.0
2015-04-10,1.3399374348279434,1.3399374348279434,102120.0
2015-04-13,1.4014598540145962,1.4014598540145962,131080.0
2015-04-14,1.4077163712200187,1.4077163712200187,80540.0
2015-04-15,1.3618352450469218,1.3618352450469218,58336.0
2015-04-16,1.3691345151199144,1.3691345151199144,40580.0
2015-04-17,1.3806047966631887,1.3806047966631887,100064.0
2015-04-20,1.3388946819603733,1.3388946819603733,68184.0
2015-04-21,1.3555787278414995,1.3555787278414995,51964.0
2015-04-22,1.4004171011470259,1.4004171011470259,106024.0
2015-04-23,1.3983315954118851,1.3983315954118851,74264.0
2015-04-24,1.4098018769551595,1.4098018769551595,120492.0
2015-04-27,1.417101147028152,1.417101147028152,81668.0
2015-04-28,1.3764337851929072,1.3764337851929072,55528.0
2015-04-29,1.3983315954118851,1.3983315954118851,58580.0
2015-04-30,1.3910323253388925,1.3910323253388925,28996.0
2015-05-04,1.395203336809174,1.395203336809174,30496.0
2015-05-05,1.3399374348279436,1.3399374348279436,69472.0
2015-05-06,1.3649635036496328,1.3649635036496328,48784.0
2015-05-07,1.3441084462982251,1.3441084462982251,57372.0
2015-05-08,1.3712200208550551,1.3712200208550551,73156.0
2015-05-11,1.4202294056308633,1.4202294056308633,80192.0
2015-05-12,1.43899895724713,1.43899895724713,92360.0
2015-05-13,1.4337851929092782,1.4337851929092782,72080.0
2015-05-14,1.4264859228362856,1.4264859228362856,18744.0
2015-05-15,1.405630865484878,1.405630865484878,25532.0
2015-05-18,1.4264859228362856,1.4264859228362856,39560.0
2015-05-19,1.4598540145985377,1.4598540145985377,119160.0
2015-05-20,1.4994786235662123,1.4994786235662123,63036.0
2015-05-21,1.5537017726798723,1.5537017726798723,68128.0
2015-05-22,1.5401459854014574,1.5401459854014574,84212.0
2015-05-25,1.579770594369132,1.579770594369132,36888.0
2015-05-26,1.6141814389989548,1.6141814389989548,85848.0
2015-05-27,1.6402502606882143,1.6402502606882143,67836.0
2015-05-28,1.5338894681960353,1.5338894681960353,33628.0
2015-05-29,1.5787278415015618,1.5787278415015618,45632.0
2015-06-01,1.668404588112615,1.668404588112615,61688.0
2015-06-02,1.687174139728882,1.687174139728882,39124.0
2015-06-03,1.678832116788319,1.678832116788319,34204.0
2015-06-04,1.6339937434827922,1.6339937434827922,45328.0
2015-06-05,1.6412930135557853,1.6412930135557853,40344.0
2015-06-08,1.6308654848800814,1.6308654848800814,73656.0
2015-06-09,1.616266944734096,1.616266944734096,36320.0
2015-06-10,1.6465067778936369,1.6465067778936369,32128.0
2015-06-11,1.670490093847756,1.670490093847756,82828.0
2015-06-12,1.689259645464023,1.689259645464023,56164.0
2015-06-15,1.6684045881126153,1.6684045881126153,22540.0
2015-06-16,1.6141814389989553,1.6141814389989553,37148.0
2015-06-17,1.6266944734098,1.6266944734098,56884.0
2015-06-18,1.589155370177266,1.589155370177266,53968.0
2015-06-19,1.5057351407716353,1.5057351407716353,48696.0
2015-06-23,1.5245046923879022,1.5245046923879022,25368.0
2015-06-24,1.5578727841501545,1.5578727841501545,44560.0
2015-06-25,1.5380604796663173,1.5380604796663173,48364.0
2015-06-26,1.4171011470281525,1.4171011470281525,27796.0
2015-06-29,1.3003128258602696,1.3003128258602696,23616.0
2015-06-30,1.4306569343065678,1.4306569343065678,30764.0
2015-07-01,1.4577685088633974,1.4577685088633974,67720.0
2015-07-02,1.3952033368091745,1.3952033368091745,67148.0
2015-07-03,1.3138686131386845,1.3138686131386845,28080.0
2015-07-06,1.3023983315954104,1.3023983315954104,132940.0
2015-07-07,1.1720542231491122,1.1720542231491122,51796.0
2015-07-08,1.055265901981229,1.055265901981229,137148.0
2015-07-09,1.1605839416058377,1.1605839416058377,88880.0
2015-07-10,1.2763295099061505,1.2763295099061505,22540.0
2015-07-13,1.4035453597497374,1.4035453597497374,142384.0
2015-07-14,1.459854014598538,1.459854014598538,181920.0
2015-07-15,1.3555787278414997,1.3555787278414997,54440.0
2015-07-16,1.3753910323253369,1.3753910323253369,189976.0
2015-07-17,1.4296141814389969,1.4296141814389969,103040.0
2015-07-20,1.4066736183524484,1.4066736183524484,121884.0
2015-07-21,1.3879040667361815,1.3879040667361815,69884.0
2015-07-22,1.4025026068821669,1.4025026068821669,73880.0
2015-07-23,1.4473409801876933,1.4473409801876933,193268.0
2015-07-24,1.4202294056308635,1.4202294056308635,123596.0
2015-07-27,1.315954118873825,1.315954118873825,120088.0
2015-07-28,1.3117831074035435,1.3117831074035435,62512.0
2015-07-29,1.3639207507820628,1.3639207507820628,50060.0
2015-07-30,1.343065693430655,1.343065693430655,52000.0
2015-07-31,1.3420229405630846,1.3420229405630846,26248.0
2015-08-03,1.3284671532846697,1.3284671532846697,19404.0
2015-08-04,1.4025026068821669,1.4025026068821669,62296.0
2015-08-05,1.3879040667361815,1.3879040667361815,87384.0
2015-08-06,1.3764337851929074,1.3764337851929074,5224.0
2015-08-07,1.3962460896767448,1.3962460896767448,20612.0
2015-08-10,1.4337851929092786,1.4337851929092786,39188.0
2015-08-11,1.4139728884254414,1.4139728884254414,20220.0
2015-08-12,1.394160583941604,1.394160583941604,14488.0
2015-08-13,1.3962460896767448,1.3962460896767448,17488.0
2015-08-14,1.3899895724713225,1.3899895724713225,11688.0
2015-08-17,1.394160583941604,1.394160583941604,21788.0
2015-08-18,1.3347236704900922,1.3347236704900922,115532.0
2015-08-19,1.3983315954118856,1.3983315954118856,88068.0
2015-08-20,1.3555787278415,1.3555787278415,22852.0
2015-08-21,1.304483837330551,1.304483837330551,43064.0
2015-08-24,1.174139728884253,1.174139728884253,67740.0
2015-08-25,1.076120959332637,1.076120959332637,29188.0
2015-08-26,1.1157455683003117,1.1157455683003117,31908.0
2015-08-27,1.1470281543274234,1.1470281543274234,27200.0
2015-08-28,1.1981230448383722,1.1981230448383722,27900.0
2015-08-31,1.1678832116788311,1.1678832116788311,16388.0
2015-09-01,1.1491136600625642,1.1491136600625642,16912.0
2015-09-02,1.1470281543274234,1.1470281543274234,14856.0
2015-09-07,1.1647549530761199,1.1647549530761199,24072.0
2015-09-08,1.1970802919708017,1.1970802919708017,23488.0
2015-09-09,1.2231491136600616,1.2231491136600616,21544.0
2015-09-10,1.2127215849843578,1.2127215849843578,3684.0
2015-09-11,1.205422314911365,1.205422314911365,9252.0
2015-09-14,1.1522419186652755,1.1522419186652755,14816.0
2015-09-15,1.1032325338894675,1.1032325338894675,10900.0
2015-09-16,1.1845672575599573,1.1845672575599573,13924.0
2015-09-17,1.1459854014598532,1.1459854014598532,8028.0
2015-09-18,1.16371220020855,1.16371220020855,4380.0
2015-09-21,1.1835245046923872,1.1835245046923872,17260.0
2015-09-22,1.1845672575599575,1.1845672575599575,17796.0
2015-09-23,1.1699687174139723,1.1699687174139723,3760.0
2015-09-24,1.1710114702815426,1.1710114702815426,3296.0
2015-09-25,1.1438998957247126,1.1438998957247126,7248.0
2015-09-28,1.157455683003128,1.157455683003128,4532.0
2015-09-29,1.1428571428571426,1.1428571428571426,10012.0
2015-09-30,1.133472367049009,1.133472367049009,4012.0
2015-10-08,1.2033368091762247,1.2033368091762247,44068.0
2015-10-09,1.1981230448383728,1.1981230448383728,13936.0
2015-10-12,1.2325338894681956,1.2325338894681956,32940.0
2015-10-13,1.2241918665276326,1.2241918665276326,16280.0
2015-10-14,1.2148070907194992,1.2148070907194992,18176.0
2015-10-15,1.2356621480709071,1.2356621480709071,8004.0
2015-10-16,1.2346193952033366,1.2346193952033366,18756.0
2015-10-19,1.2335766423357664,1.2335766423357664,9648.0
2015-10-20,1.2335766423357664,1.2335766423357664,9604.0
2015-10-21,1.1970802919708026,1.1970802919708026,24936.0
2015-10-22,1.2429614181438997,1.2429614181438997,29184.0
2015-10-23,1.295099061522419,1.295099061522419,64148.0
2015-10-26,1.3086548488008338,1.3086548488008338,55764.0
2015-10-27,1.303441084462982,1.303441084462982,28904.0
2015-10-28,1.2752867570385817,1.2752867570385817,8608.0
2015-10-29,1.279457768508863,1.279457768508863,9760.0
2015-10-30,1.2773722627737223,1.2773722627737223,37660.0
2015-11-02,1.2690302398331592,1.2690302398331592,14160.0
2015-11-03,1.2575599582898849,1.2575599582898849,10188.0
2015-11-04,1.2992700729927005,1.2992700729927005,21076.0
2015-11-05,1.306569343065693,1.306569343065693,38216.0
2015-11-06,1.3232533889468194,1.3232533889468194,38644.0
2015-11-09,1.3305526590198122,1.3305526590198122,22256.0
2015-11-10,1.3399374348279458,1.3399374348279458,12072.0
2015-11-11,1.3180396246089678,1.3180396246089678,11900.0
2015-11-12,1.3388946819603758,1.3388946819603758,23608.0
2015-11-13,1.312825860271116,1.312825860271116,7420.0
2015-11-16,1.3169968717413976,1.3169968717413976,4420.0
2015-11-17,1.3117831074035458,1.3117831074035458,6884.0
2015-11-18,1.2930135557872788,1.2930135557872788,5484.0
2015-11-19,1.306569343065694,1.306569343065694,5964.0
2015-11-20,1.311783107403546,1.311783107403546,10708.0
2015-11-23,1.3190823774765386,1.3190823774765386,2188.0
2015-11-24,1.311783107403546,1.311783107403546,9792.0
2015-11-25,1.3263816475495314,1.3263816475495314,12756.0
2015-11-26,1.3169968717413978,1.3169968717413978,10900.0
2015-11-27,1.2815432742440047,1.2815432742440047,22688.0
2015-11-30,1.263816475495308,1.263816475495308,20020.0
2015-12-01,1.2982273201251309,1.2982273201251309,15128.0
2015-12-02,1.3190823774765383,1.3190823774765383,22704.0
2015-12-03,1.3253388946819606,1.3253388946819606,9280.0
2015-12-04,1.3232533889468199,1.3232533889468199,4704.0
2015-12-07,1.3409801876955165,1.3409801876955165,6064.0
2015-12-08,1.3347236704900942,1.3347236704900942,8344.0
2015-12-09,1.3149113660062568,1.3149113660062568,5852.0
2015-12-10,1.3441084462982276,1.3441084462982276,25424.0
2015-12-11,1.3347236704900942,1.3347236704900942,4132.0
2015-12-14,1.3347236704900942,1.3347236704900942,3572.0
2015-12-15,1.3347236704900942,1.3347236704900942,2408.0
2015-12-16,1.3274244004171014,1.3274244004171014,3712.0
2015-12-17,1.3493222106360796,1.3493222106360796,14840.0
2015-12-18,1.345151199165798,1.345151199165798,8004.0
2015-12-21,1.412930135557873,1.412930135557873,32588.0
2015-12-22,1.412930135557873,1.412930135557873,13560.0
2015-12-23,1.4004171011470283,1.4004171011470283,9892.0
2015-12-24,1.3764337851929096,1.3764337851929096,4492.0
2015-12-25,1.3701772679874873,1.3701772679874873,2368.0
2015-12-28,1.3691345151199168,1.3691345151199168,3372.0
2015-12-29,1.3660062565172058,1.3660062565172058,5892.0
2015-12-30,1.394160583941606,1.394160583941606,3448.0
2015-12-31,1.385818561001043,1.385818561001043,3400.0
2016-01-04,1.3545359749739314,1.3545359749739314,9692.0
2016-01-05,1.348279457768509,1.348279457768509,3048.0
2016-01-06,1.3545359749739314,1.3545359749739314,2164.0
2016-01-07,1.3138686131386865,1.3138686131386865,324.0
2016-01-08,1.3347236704900942,1.3347236704900942,6664.0
2016-01-11,1.2648592283628786,1.2648592283628786,9556.0
2016-01-12,1.2617309697601673,1.2617309697601673,3116.0
2016-01-13,1.260688216892597,1.260688216892597,37192.0
2016-01-14,1.2356621480709078,1.2356621480709078,24800.0
2016-01-15,1.1647549530761214,1.1647549530761214,17444.0
2016-01-18,1.165797705943692,1.165797705943692,4940.0
2016-01-19,1.1970802919708032,1.1970802919708032,15440.0
2016-01-20,1.1939520333680922,1.1939520333680922,17576.0
2016-01-21,1.1730969760166845,1.1730969760166845,1396.0
2016-01-22,1.177267987486966,1.177267987486966,2380.0
2016-01-25,1.1887382690302402,1.1887382690302402,1312.0
2016-01-26,1.158498435870699,1.158498435870699,6752.0
2016-01-27,1.1657977059436917,1.1657977059436917,1560.0
2016-01-28,1.1272158498435871,1.1272158498435871,4268.0
2016-01-29,1.1574556830031284,1.1574556830031284,3076.0
2016-02-01,1.137643378519291,1.137643378519291,2068.0
2016-02-02,1.1678832116788322,1.1678832116788322,1220.0
2016-02-03,1.1637122002085507,1.1637122002085507,2944.0
2016-02-04,1.1991657977059438,1.1991657977059438,13260.0
2016-02-05,1.178310740354536,1.178310740354536,2536.0
2016-02-15,1.1678832116788325,1.1678832116788325,1284.0
2016-02-16,1.1814389989572474,1.1814389989572474,7228.0
2016-02-17,1.1762252346193953,1.1762252346193953,13980.0
2016-02-18,1.1574556830031286,1.1574556830031286,12436.0
2016-02-19,1.1511991657977063,1.1511991657977063,5420.0
2016-02-22,1.1741397288842546,1.1741397288842546,17636.0
2016-02-23,1.1689259645464027,1.1689259645464027,3080.0
2016-02-24,1.1730969760166843,1.1730969760166843,7168.0
2016-02-25,1.1470281543274248,1.1470281543274248,23308.0
2016-02-26,1.1230448383733058,1.1230448383733058,9696.0
2016-02-29,1.090719499478624,1.090719499478624,42092.0
2016-03-01,1.1084462982273204,1.1084462982273204,5644.0
2016-03-02,1.1282586027111579,1.1282586027111579,5652.0
2016-03-03,1.1282586027111579,1.1282586027111579,6260.0
2016-03-04,1.138686131386862,1.138686131386862,2484.0
2016-03-07,1.1313868613138691,1.1313868613138691,3200.0
2016-03-08,1.1397288842544322,1.1397288842544322,1972.0
2016-03-09,1.1366006256517212,1.1366006256517212,1028.0
2016-03-10,1.1355578727841507,1.1355578727841507,3108.0
2016-03-11,1.128258602711158,1.128258602711158,260.0
2016-03-14,1.1376433785192916,1.1376433785192916,5768.0
2016-03-15,1.1449426485922845,1.1449426485922845,8824.0
2016-03-16,1.1470281543274252,1.1470281543274252,3608.0
2016-03-17,1.1564129301355586,1.1564129301355586,4940.0
2016-03-18,1.167883211678833,1.167883211678833,10788.0
2016-03-21,1.1845672575599588,1.1845672575599588,5800.0
2016-03-22,1.1783107403545365,1.1783107403545365,4236.0
2016-03-23,1.1699687174139737,1.1699687174139737,3344.0
2016-03-24,1.1564129301355586,1.1564129301355586,10220.0
2016-03-25,1.1772679874869665,1.1772679874869665,17524.0
2016-03-28,1.176225234619396,1.176225234619396,5324.0
2016-03-29,1.176225234619396,1.176225234619396,1908.0
2016-03-30,1.1887382690302406,1.1887382690302406,9472.0
2016-03-31,1.1803962460896775,1.1803962460896775,1320.0
2016-04-01,1.1783107403545368,1.1783107403545368,5800.0
2016-04-05,1.1835245046923888,1.1835245046923888,8520.0
2016-04-06,1.1887382690302406,1.1887382690302406,3824.0
2016-04-07,1.1876955161626703,1.1876955161626703,5560.0
2016-04-08,1.173096976016685,1.173096976016685,1580.0
2016-04-11,1.1876955161626703,1.1876955161626703,3364.0
2016-04-12,1.1866527632950998,1.1866527632950998,864.0
2016-04-13,1.194994786235663,1.194994786235663,10560.0
2016-04-14,1.1981230448383742,1.1981230448383742,1608.0
2016-04-15,1.1981230448383742,1.1981230448383742,148.0
2016-04-18,1.1856100104275296,1.1856100104275296,1792.0
2016-04-19,1.1918665276329519,1.1918665276329519,1272.0
2016-04-20,1.1584984358706993,1.1584984358706993,6776.0
2016-04-21,1.1657977059436921,1.1657977059436921,2296.0
2016-04-22,1.1793534932221073,1.1793534932221073,52.0
2016-04-25,1.1710114702815442,1.1710114702815442,2340.0
2016-04-26,1.1710114702815442,1.1710114702815442,4772.0
2016-04-27,1.1616266944734108,1.1616266944734108,1656.0
2016-04-28,1.1657977059436924,1.1657977059436924,2280.0
2016-04-29,1.1668404588112626,1.1668404588112626,788.0
2016-05-03,1.1887382690302408,1.1887382690302408,14964.0
2016-05-04,1.1856100104275298,1.1856100104275298,3352.0
2016-05-05,1.1929092805005224,1.1929092805005224,5652.0
2016-05-06,1.1678832116788334,1.1678832116788334,4344.0
2016-05-09,1.1522419186652775,1.1522419186652775,1336.0
2016-05-10,1.1657977059436928,1.1657977059436928,2640.0
2016-05-11,1.188738269030241,1.188738269030241,4816.0
2016-05-12,1.1876955161626708,1.1876955161626708,1520.0
2016-05-13,1.1678832116788336,1.1678832116788336,104.0
2016-05-16,1.1762252346193964,1.1762252346193964,900.0
2016-05-17,1.1772679874869671,1.1772679874869671,3496.0
2016-05-18,1.1762252346193967,1.1762252346193967,1888.0
2016-05-19,1.1730969760166856,1.1730969760166856,4732.0
2016-05-20,1.1710114702815448,1.1710114702815448,28.0
2016-05-23,1.1647549530761225,1.1647549530761225,4592.0
2016-05-24,1.1626694473409818,1.1626694473409818,2796.0
2016-05-25,1.1626694473409818,1.1626694473409818,1480.0
2016-05-26,1.160583941605841,1.160583941605841,2176.0
2016-05-27,1.15745568300313,1.15745568300313,2716.0
2016-05-30,1.1553701772679892,1.1553701772679892,1680.0
2016-05-31,1.1783107403545374,1.1783107403545374,9144.0
2016-06-01,1.1762252346193967,1.1762252346193967,2600.0
2016-06-02,1.1751824817518264,1.1751824817518264,144.0
2016-06-03,1.1751824817518264,1.1751824817518264,5468.0
2016-06-06,1.1772679874869674,1.1772679874869674,13828.0
2016-06-07,1.1772679874869674,1.1772679874869674,6044.0
2016-06-08,1.1887382690302417,1.1887382690302417,8652.0
2016-06-13,1.1678832116788342,1.1678832116788342,1688.0
2016-06-14,1.1783107403545379,1.1783107403545379,3720.0
2016-06-15,1.1814389989572491,1.1814389989572491,4576.0
2016-06-16,1.18352450469239,1.18352450469239,720.0
2016-06-17,1.194994786235664,1.194994786235664,13228.0
2016-06-20,1.1908237747653825,1.1908237747653825,996.0
2016-06-21,1.191866527632953,1.191866527632953,328.0
2016-06-22,1.191866527632953,1.191866527632953,124.0
2016-06-23,1.1897810218978122,1.1897810218978122,4008.0
2016-06-24,1.1783107403545379,1.1783107403545379,5028.0
2016-06-27,1.1803962460896786,1.1803962460896786,3504.0
2016-06-28,1.2116788321167902,1.2116788321167902,13080.0
2016-06-29,1.2158498435870717,1.2158498435870717,12548.0
2016-06-30,1.2200208550573532,1.2200208550573532,2844.0
2016-07-01,1.222106360792494,1.222106360792494,884.0
2016-07-04,1.2200208550573532,1.2200208550573532,3364.0
2016-07-05,1.2200208550573532,1.2200208550573532,3476.0
2016-07-06,1.2241918665276348,1.2241918665276348,9836.0
2016-07-07,1.251303441084465,1.251303441084465,18088.0
2016-07-08,1.2471324296141835,1.2471324296141835,8388.0
2016-07-11,1.261730969760169,1.261730969760169,19052.0
2016-07-12,1.2982273201251326,1.2982273201251326,25204.0
2016-07-13,1.304483837330555,1.304483837330555,9800.0
2016-07-14,1.2982273201251329,1.2982273201251329,2140.0
2016-07-15,1.3034410844629847,1.3034410844629847,5612.0
2016-07-18,1.2930135557872808,1.2930135557872808,4844.0
2016-07-19,1.2888425443169993,1.2888425443169993,1060.0
2016-07-20,1.29092805005214,1.29092805005214,2408.0
2016-07-21,1.2898852971845698,1.2898852971845698,3980.0
2016-07-22,1.2773722627737252,1.2773722627737252,2884.0
2016-07-25,1.2836287799791475,1.2836287799791475,2440.0
2016-07-26,1.3034410844629847,1.3034410844629847,3460.0
2016-07-27,1.2971845672575624,1.2971845672575624,15936.0
2016-07-28,1.3044838373305552,1.3044838373305552,2496.0
2016-07-29,1.3159541188738295,1.3159541188738295,13528.0
2016-08-01,1.2919708029197108,1.2919708029197108,2608.0
2016-08-02,1.298227320125133,1.298227320125133,292.0
2016-08-03,1.2992700729927034,1.2992700729927034,1464.0
2016-08-04,1.308654848800837,1.308654848800837,2500.0
2016-08-05,1.3211678832116815,1.3211678832116815,5548.0
2016-08-08,1.3169968717414,1.3169968717414,3112.0
2016-08-09,1.3211678832116815,1.3211678832116815,2564.0
2016-08-10,1.322210636079252,1.322210636079252,2780.0
2016-08-11,1.3180396246089705,1.3180396246089705,384.0
2016-08-12,1.337851929092808,1.337851929092808,23768.0
2016-08-15,1.3399374348279487,1.3399374348279487,4148.0
2016-08-16,1.3253388946819633,1.3253388946819633,776.0
2016-08-17,1.3399374348279487,1.3399374348279487,16488.0
2016-08-18,1.3388946819603784,1.3388946819603784,2460.0
2016-08-19,1.3399374348279487,1.3399374348279487,8092.0
2016-08-22,1.3388946819603784,1.3388946819603784,4260.0
2016-08-23,1.3420229405630895,1.3420229405630895,2020.0
2016-08-24,1.3315954118873856,1.3315954118873856,856.0
2016-08-25,1.3326381647549563,1.3326381647549563,812.0
2016-08-26,1.3430656934306604,1.3430656934306604,2552.0
2016-08-29,1.3461939520333714,1.3461939520333714,6288.0
2016-08-30,1.3482794577685122,1.3482794577685122,10900.0
2016-08-31,1.347236704900942,1.347236704900942,6132.0
2016-09-01,1.347236704900942,1.347236704900942,1632.0
2016-09-02,1.3388946819603789,1.3388946819603789,636.0
2016-09-05,1.3451511991658012,1.3451511991658012,1988.0
2016-09-06,1.347236704900942,1.347236704900942,2428.0
2016-09-07,1.3441084462982307,1.3441084462982307,2164.0
2016-09-08,1.3441084462982307,1.3441084462982307,3976.0
2016-09-09,1.3451511991658012,1.3451511991658012,2112.0
2016-09-12,1.3190823774765412,1.3190823774765412,3504.0
2016-09-13,1.3305526590198158,1.3305526590198158,4808.0
2016-09-14,1.3190823774765414,1.3190823774765414,304.0
2016-09-19,1.3242961418143937,1.3242961418143937,1956.0
2016-09-20,1.333680917622527,1.333680917622527,3300.0
2016-09-21,1.3347236704900975,1.3347236704900975,1324.0
2016-09-22,1.3430656934306608,1.3430656934306608,360.0
2016-09-23,1.34098018769552,1.34098018769552,996.0
2016-09-26,1.3347236704900978,1.3347236704900978,568.0
2016-09-27,1.3305526590198162,1.3305526590198162,1524.0
2016-09-28,1.3284671532846755,1.3284671532846755,240.0
2016-09-29,1.332638164754957,1.332638164754957,1108.0
2016-09-30,1.3399374348279496,1.3399374348279496,1696.0
2016-10-10,1.3555787278415057,1.3555787278415057,5684.0
2016-10-11,1.3628779979144983,1.3628779979144983,5844.0
2016-10-12,1.3628779979144983,1.3628779979144983,2220.0
2016-10-13,1.364963503649639,1.364963503649639,2044.0
2016-10-14,1.3628779979144983,1.3628779979144983,1004.0
2016-10-17,1.3680917622523505,1.3680917622523505,1532.0
2016-10-18,1.3764337851929136,1.3764337851929136,2696.0
2016-10-19,1.3733055265902023,1.3733055265902023,884.0
2016-10-20,1.3618352450469282,1.3618352450469282,1544.0
2016-10-21,1.3701772679874913,1.3701772679874913,1488.0
2016-10-24,1.3660062565172097,1.3660062565172097,2580.0
2016-10-25,1.3618352450469282,1.3618352450469282,4528.0
2016-10-26,1.3607924921793577,1.3607924921793577,8328.0
2016-10-27,1.355578727841506,1.355578727841506,10760.0
2016-10-28,1.3618352450469284,1.3618352450469284,5484.0
2016-10-31,1.3555787278415061,1.3555787278415061,2580.0
2016-11-01,1.3618352450469287,1.3618352450469287,2404.0
2016-11-02,1.362877997914499,1.362877997914499,1616.0
2016-11-03,1.3680917622523512,1.3680917622523512,2624.0
2016-11-04,1.3639207507820696,1.3639207507820696,3388.0
2016-11-07,1.3576642335766473,1.3576642335766473,19416.0
2016-11-08,1.3691345151199215,1.3691345151199215,2928.0
2016-11-09,1.3618352450469289,1.3618352450469289,6196.0
2016-11-10,1.3712200208550624,1.3712200208550624,1104.0
2016-11-11,1.3660062565172106,1.3660062565172106,1324.0
2016-11-14,1.3555787278415068,1.3555787278415068,2172.0
2016-11-15,1.3587069864442176,1.3587069864442176,2848.0
2016-11-16,1.3639207507820696,1.3639207507820696,2224.0
2016-11-17,1.3639207507820696,1.3639207507820696,2828.0
2016-11-18,1.3743482794577735,1.3743482794577735,344.0
2016-11-21,1.3660062565172104,1.3660062565172104,1536.0
2016-11-22,1.370177267987492,1.370177267987492,3388.0
2016-11-23,1.3628779979144992,1.3628779979144992,1764.0
2016-11-24,1.3764337851929143,1.3764337851929143,9008.0
2016-11-25,1.3858185610010478,1.3858185610010478,8020.0
2016-11-28,1.3785192909280553,1.3785192909280553,7732.0
2016-11-29,1.4025026068821742,1.4025026068821742,7040.0
2016-11-30,1.3868613138686186,1.3868613138686186,156.0
2016-12-01,1.4014598540146042,1.4014598540146042,2828.0
2016-12-02,1.377476538060485,1.377476538060485,2236.0
2016-12-05,1.3753910323253442,1.3753910323253442,1588.0
2016-12-06,1.369134515119922,1.369134515119922,4888.0
2016-12-07,1.3764337851929147,1.3764337851929147,2924.0
2016-12-08,1.374348279457774,1.374348279457774,736.0
2016-12-09,1.3680917622523516,1.3680917622523516,488.0
2016-12-12,1.3461939520333732,1.3461939520333732,2024.0
2016-12-13,1.345151199165803,1.345151199165803,504.0
2016-12-14,1.3461939520333732,1.3461939520333732,1220.0
2016-12-15,1.3461939520333732,1.3461939520333732,2708.0
2016-12-16,1.3555787278415068,1.3555787278415068,484.0
2016-12-19,1.3962460896767521,1.3962460896767521,840.0
2016-12-20,1.3670490093847811,1.3670490093847811,132.0
2016-12-21,1.3555787278415068,1.3555787278415068,652.0
2016-12-22,1.3660062565172106,1.3660062565172106,96.0
2016-12-23,1.3660062565172106,1.3660062565172106,944.0
2016-12-26,1.3795620437956257,1.3795620437956257,412.0
2016-12-27,1.3660062565172109,1.3660062565172109,688.0
2016-12-28,1.3660062565172109,1.3660062565172109,420.0
2016-12-29,1.348279457768514,1.348279457768514,568.0
2016-12-30,1.372262773722633,1.372262773722633,12704.0
2017-01-03,1.3931178310740406,1.3931178310740406,2392.0
2017-01-04,1.388946819603759,1.388946819603759,368.0
2017-01-05,1.3816475495307663,1.3816475495307663,1644.0
2017-01-06,1.3733055265902032,1.3733055265902032,1404.0
2017-01-09,1.3712200208550624,1.3712200208550624,1884.0
2017-01-10,1.3764337851929147,1.3764337851929147,160.0
2017-01-11,1.374348279457774,1.374348279457774,124.0
2017-01-13,1.355578727841507,1.355578727841507,380.0
2017-01-16,1.3482794577685142,1.3482794577685142,156.0
2017-01-17,1.3514077163712257,1.3514077163712257,744.0
2017-01-18,1.3555787278415072,1.3555787278415072,1004.0
2017-01-19,1.3555787278415072,1.3555787278415072,76.0
2017-01-20,1.3628779979144998,1.3628779979144998,5132.0
2017-01-23,1.360792492179359,1.360792492179359,2252.0
2017-01-24,1.3555787278415072,1.3555787278415072,124.0
2017-01-25,1.3670490093847814,1.3670490093847814,1380.0
2017-01-26,1.3858185610010483,1.3858185610010483,3360.0
2017-02-03,1.3826903023983372,1.3826903023983372,3104.0
2017-02-06,1.3952033368091818,1.3952033368091818,2852.0
2017-02-07,1.374348279457774,1.374348279457774,2384.0
2017-02-08,1.3816475495307665,1.3816475495307665,344.0
2017-02-09,1.3795620437956257,1.3795620437956257,1956.0
2017-02-10,1.3764337851929147,1.3764337851929147,4060.0
2017-02-13,1.3764337851929147,1.3764337851929147,3400.0
2017-02-14,1.3712200208550627,1.3712200208550627,1908.0
2017-02-15,1.374348279457774,1.374348279457774,1296.0
2017-02-16,1.3712200208550627,1.3712200208550627,2356.0
2017-02-17,1.369134515119922,1.369134515119922,368.0
2017-02-20,1.3837330552659073,1.3837330552659073,3912.0
2017-02-21,1.3837330552659073,1.3837330552659073,1216.0
2017-02-22,1.3889468196037593,1.3889468196037593,1484.0
2017-02-23,1.3899895724713296,1.3899895724713296,10736.0
2017-02-24,1.3993743482794634,1.3993743482794634,8420.0
2017-02-27,1.3952033368091818,1.3952033368091818,7004.0
2017-02-28,1.3899895724713298,1.3899895724713298,984.0
2017-03-01,1.3899895724713298,1.3899895724713298,1120.0
2017-03-02,1.3910323253389,1.3910323253389,1952.0
2017-03-03,1.369134515119922,1.369134515119922,1404.0
2017-03-06,1.3764337851929147,1.3764337851929147,3868.0
2017-03-07,1.3889468196037593,1.3889468196037593,1824.0
2017-03-08,1.3899895724713296,1.3899895724713296,2276.0
2017-03-09,1.3816475495307665,1.3816475495307665,532.0
2017-03-10,1.387904066736189,1.387904066736189,6156.0
2017-03-13,1.3920750782064706,1.3920750782064706,7404.0
2017-03-14,1.3962460896767521,1.3962460896767521,4088.0
2017-03-15,1.4191866527633006,1.4191866527633006,11276.0
2017-03-16,1.4129301355578783,1.4129301355578783,3736.0
2017-03-17,1.4171011470281598,1.4171011470281598,3348.0
2017-03-20,1.433785192909286,1.433785192909286,9704.0
2017-03-21,1.4546402502606939,1.4546402502606939,40324.0
2017-03-22,1.5015641293013613,1.5015641293013613,64676.0
2017-03-23,1.4817518248175239,1.4817518248175239,8428.0
2017-03-24,1.493222106360798,1.493222106360798,19080.0
2017-03-27,1.4734098018769608,1.4734098018769608,2432.0
2017-03-28,1.474452554744531,1.474452554744531,1304.0
2017-03-29,1.479666319082383,1.479666319082383,788.0
2017-03-30,1.4754953076121016,1.4754953076121016,16504.0
2017-03-31,1.4932221063607982,1.4932221063607982,45516.0
2017-04-05,1.4963503649635095,1.4963503649635095,3384.0
2017-04-06,1.5443169968717476,1.5443169968717476,5044.0
2017-04-07,1.532846715328473,1.532846715328473,2136.0
2017-04-10,1.4963503649635095,1.4963503649635095,1756.0
2017-04-11,1.4838373305526649,1.4838373305526649,1180.0
2017-04-12,1.4786235662148128,1.4786235662148128,1844.0
2017-04-13,1.4911366006256574,1.4911366006256574,2632.0
2017-04-14,1.4807090719499536,1.4807090719499536,488.0
2017-04-17,1.468196037539109,1.468196037539109,1444.0
2017-04-18,1.4807090719499536,1.4807090719499536,1052.0
2017-04-19,1.486965589155376,1.486965589155376,2788.0
2017-04-20,1.514077163712206,1.514077163712206,12880.0
2017-04-21,1.5067778936392133,1.5067778936392133,4320.0
2017-04-24,1.503649635036502,1.503649635036502,3104.0
2017-04-25,1.500521376433791,1.500521376433791,2088.0
2017-04-26,1.4984358706986503,1.4984358706986503,12316.0
2017-04-27,1.5005213764337908,1.5005213764337908,4656.0
2017-04-28,1.4880083420229462,1.4880083420229462,3232.0
2017-05-02,1.47236704900939,1.47236704900939,4480.0
2017-05-03,1.4869655891553757,1.4869655891553757,1024.0
2017-05-04,1.4681960375391085,1.4681960375391085,2648.0
2017-05-05,1.4963503649635093,1.4963503649635093,23204.0
2017-05-08,1.4807090719499532,1.4807090719499532,1096.0
2017-05-09,1.4702815432742493,1.4702815432742493,980.0
2017-05-10,1.4702815432742493,1.4702815432742493,3760.0
2017-05-11,1.4702815432742493,1.4702815432742493,524.0
2017-05-12,1.4754953076121016,1.4754953076121016,1996.0
2017-05-15,1.4984358706986503,1.4984358706986503,5728.0
2017-05-16,1.508863399374354,1.508863399374354,6424.0
2017-05-17,1.5109489051094946,1.5109489051094946,2808.0
2017-05-18,1.5140771637122055,1.5140771637122055,2056.0
2017-05-19,1.5088633993743537,1.5088633993743537,916.0
2017-05-22,1.5213764337851983,1.5213764337851983,1836.0
2017-05-23,1.537017726798754,1.537017726798754,16828.0
2017-05-24,1.5286757038581908,1.5286757038581908,964.0
2017-05-25,1.5276329509906206,1.5276329509906206,5228.0
2017-05-26,1.5182481751824868,1.5182481751824868,688.0
2017-05-31,1.5224191866527683,1.5224191866527683,5944.0
2017-06-01,1.5286757038581906,1.5286757038581906,2372.0
2017-06-02,1.5318039624609021,1.5318039624609021,780.0
2017-06-05,1.5130344108446352,1.5130344108446352,2236.0
2017-06-06,1.52554744525548,1.52554744525548,980.0
2017-06-07,1.541188738269036,1.541188738269036,4344.0
2017-06-08,1.5651720542231549,1.5651720542231549,5228.0
2017-06-09,1.5797705943691405,1.5797705943691405,6304.0
2017-06-12,1.6120959332638227,1.6120959332638227,8824.0
2017-06-13,1.615224191866534,1.615224191866534,15652.0
2017-06-14,1.6089676746611117,1.6089676746611117,14140.0
2017-06-15,1.5954118873826968,1.5954118873826968,9940.0
2017-06-16,1.588112617309704,1.588112617309704,2628.0
2017-06-19,1.5954118873826968,1.5954118873826968,6348.0
2017-06-20,1.5964546402502673,1.5964546402502673,3220.0
2017-06-21,1.587069864442134,1.587069864442134,20340.0
2017-06-22,1.5641293013555853,1.5641293013555853,4704.0
2017-06-23,1.5787278415015709,1.5787278415015709,5272.0
2017-06-26,1.6068821689259711,1.6068821689259711,10276.0
2017-06-27,1.6027111574556896,1.6027111574556896,5892.0
2017-06-28,1.6100104275286824,1.6100104275286824,2348.0
2017-06-29,1.5912408759124153,1.5912408759124153,4276.0
2017-06-30,1.5912408759124153,1.5912408759124153,2612.0
2017-07-03,1.5974973931178378,1.5974973931178378,1728.0
2017-07-04,1.574556830031289,1.574556830031289,4320.0
2017-07-05,1.5828988529718522,1.5828988529718522,3808.0
2017-07-06,1.5839416058394225,1.5839416058394225,1772.0
2017-07-07,1.5818561001042817,1.5818561001042817,1536.0
2017-07-10,1.579770594369141,1.579770594369141,512.0
2017-07-11,1.5755995828988594,1.5755995828988594,5348.0
2017-07-12,1.5714285714285778,1.5714285714285778,4256.0
2017-07-13,1.5495307612095996,1.5495307612095996,13360.0
2017-07-14,1.5401459854014663,1.5401459854014663,1992.0
2017-07-17,1.5526590198123111,1.5526590198123111,6108.0
2017-07-18,1.525547445255481,1.525547445255481,1148.0
2017-07-19,1.5307612095933327,1.5307612095933327,1052.0
2017-07-20,1.5516162669447406,1.5516162669447406,2108.0
2017-07-21,1.5505735140771704,1.5505735140771704,1556.0
2017-07-24,1.5547445255474521,1.5547445255474521,1068.0
2017-07-25,1.5516162669447409,1.5516162669447409,1504.0
2017-07-26,1.5338894681960444,1.5338894681960444,1264.0
2017-07-27,1.5422314911366077,1.5422314911366077,760.0
2017-07-28,1.5422314911366077,1.5422314911366077,552.0
2017-07-31,1.562043795620445,1.562043795620445,9628.0
2017-08-01,1.5630865484880154,1.5630865484880154,3100.0
2017-08-02,1.5505735140771708,1.5505735140771708,6800.0
2017-08-03,1.5328467153284742,1.5328467153284742,2352.0
2017-08-04,1.5328467153284742,1.5328467153284742,1496.0
2017-08-07,1.5067778936392144,1.5067778936392144,25536.0
2017-08-08,1.5255474452554814,1.5255474452554814,3684.0
2017-08-09,1.5318039624609037,1.5318039624609037,5960.0
2017-08-10,1.5307612095933332,1.5307612095933332,9316.0
2017-08-11,1.5182481751824886,1.5182481751824886,17072.0
2017-08-14,1.541188738269037,1.541188738269037,14232.0
2017-08-15,1.5338894681960442,1.5338894681960442,4520.0
2017-08-16,1.5245046923879106,1.5245046923879106,4980.0
2017-08-17,1.5297184567257627,1.5297184567257627,2048.0
2017-08-18,1.5234619395203404,1.5234619395203404,1416.0
2017-08-21,1.530761209593333,1.530761209593333,2032.0
2017-08-22,1.527632950990622,1.527632950990622,1320.0
2017-08-23,1.5286757038581922,1.5286757038581922,1060.0
2017-08-24,1.5182481751824883,1.5182481751824883,4196.0
2017-08-25,1.530761209593333,1.530761209593333,1004.0
2017-08-28,1.5338894681960442,1.5338894681960442,5516.0
2017-08-29,1.5328467153284737,1.5328467153284737,2436.0
2017-08-30,1.530761209593333,1.530761209593333,2292.0
2017-08-31,1.532846715328474,1.532846715328474,4016.0
2017-09-01,1.5318039624609037,1.5318039624609037,2992.0
2017-09-04,1.546402502606889,1.546402502606889,5400.0
2017-09-05,1.551616266944741,1.551616266944741,6148.0
2017-09-06,1.5422314911366077,1.5422314911366077,1048.0
2017-09-07,1.543274244004178,1.543274244004178,1964.0
2017-09-08,1.5474452554744595,1.5474452554744595,1512.0
2017-09-11,1.5422314911366077,1.5422314911366077,3656.0
2017-09-12,1.5359749739311854,1.5359749739311854,5332.0
2017-09-13,1.543274244004178,1.543274244004178,8780.0
2017-09-14,1.5370177267987557,1.5370177267987557,1172.0
2017-09-15,1.5380604796663262,1.5380604796663262,2224.0
2017-09-18,1.5484880083420303,1.5484880083420303,3044.0
2017-09-19,1.545359749739319,1.545359749739319,2104.0
2017-09-20,1.545359749739319,1.545359749739319,4112.0
2017-09-21,1.5328467153284744,1.5328467153284744,3972.0
2017-09-22,1.539103232533897,1.539103232533897,3240.0
2017-09-25,1.5401459854014672,1.5401459854014672,5004.0
2017-09-26,1.5401459854014672,1.5401459854014672,1508.0
2017-09-27,1.5411887382690377,1.5411887382690377,2920.0
2017-09-28,1.5651720542231566,1.5651720542231566,37980.0
2017-09-29,1.5849843587069943,1.5849843587069943,32560.0
2017-10-09,1.6016684045881207,1.6016684045881207,10960.0
2017-10-10,1.6058394160584024,1.6058394160584024,6996.0
2017-10-11,1.6277372262773806,1.6277372262773806,15884.0
2017-10-12,1.6465067778936475,1.6465067778936475,15344.0
2017-10-13,1.6579770594369219,1.6579770594369219,8352.0
2017-10-16,1.637122002085514,1.637122002085514,5768.0
2017-10-17,1.6475495307612178,1.6475495307612178,7336.0
2017-10-18,1.6798748696558998,1.6798748696558998,48108.0
2017-10-19,1.698644421272167,1.698644421272167,36424.0
2017-10-20,1.6976016684045965,1.6976016684045965,8184.0
2017-10-23,1.704900938477589,1.704900938477589,27760.0
2017-10-24,1.704900938477589,1.704900938477589,10244.0
2017-10-25,1.728884254431708,1.728884254431708,18000.0
2017-10-26,1.7539103232533975,1.7539103232533975,16216.0
2017-10-27,1.7518248175182567,1.7518248175182567,12456.0
2017-10-30,1.7413972888425528,1.7413972888425528,18468.0
2017-10-31,1.7309697601668488,1.7309697601668488,5636.0
2017-11-01,1.7361835245047008,1.7361835245047008,16844.0
2017-11-02,1.718456725756004,1.718456725756004,11416.0
2017-11-03,1.7194994786235742,1.7194994786235742,17564.0
2017-11-06,1.8216892596454726,1.8216892596454726,41196.0
2017-11-07,1.7904066736183608,1.7904066736183608,50272.0
2017-11-08,1.7768508863399457,1.7768508863399457,51560.0
2017-11-09,1.7486965589155452,1.7486965589155452,49272.0
2017-11-10,1.764337851929101,1.764337851929101,51596.0
2017-11-13,1.755995828988538,1.755995828988538,39320.0
2017-11-14,1.732012513034419,1.732012513034419,33792.0
2017-11-15,1.7288842544317078,1.7288842544317078,28304.0
2017-11-16,1.7570385818561083,1.7570385818561083,18036.0
2017-11-17,1.7549530761209675,1.7549530761209675,29172.0
2017-11-20,1.7549530761209675,1.7549530761209675,17704.0
2017-11-21,1.7664233576642419,1.7664233576642419,35668.0
2017-11-22,1.7674661105318124,1.7674661105318124,22700.0
2017-11-23,1.691345151199174,1.691345151199174,72048.0
2017-11-24,1.6798748696558996,1.6798748696558996,61268.0
2017-11-27,1.675703858185618,1.675703858185618,21596.0
2017-11-28,1.6746611053180478,1.6746611053180478,27032.0
2017-11-29,1.6684045881126255,1.6684045881126255,24880.0
2017-11-30,1.6538060479666399,1.6538060479666399,4268.0
2017-12-01,1.6558915537017806,1.6558915537017806,5004.0
2017-12-04,1.6642335766423437,1.6642335766423437,52404.0
2017-12-05,1.6642335766423437,1.6642335766423437,8280.0
2017-12-06,1.6538060479666399,1.6538060479666399,52396.0
2017-12-07,1.6444212721585063,1.6444212721585063,37892.0
2017-12-08,1.6631908237747732,1.6631908237747732,4368.0
2017-12-11,1.705943691345159,1.705943691345159,21772.0
2017-12-12,1.694473409801885,1.694473409801885,9784.0
2017-12-13,1.7101147028154406,1.7101147028154406,11196.0
2017-12-14,1.7090719499478704,1.7090719499478704,4460.0
2017-12-15,1.6850886339937514,1.6850886339937514,7256.0
2017-12-18,1.689259645464033,1.689259645464033,43620.0
2017-12-19,1.7038581856100181,1.7038581856100181,8932.0
2017-12-20,1.7049009384775888,1.7049009384775888,5452.0
2017-12-21,1.7288842544317078,1.7288842544317078,12604.0
2017-12-22,1.7372262773722709,1.7372262773722709,10884.0
2017-12-25,1.7403545359749824,1.7403545359749824,11572.0
2017-12-26,1.7309697601668486,1.7309697601668486,8492.0
2017-12-27,1.7132429614181521,1.7132429614181521,7080.0
2017-12-28,1.7111574556830114,1.7111574556830114,8728.0
2017-12-29,1.7194994786235744,1.7194994786235744,45276.0
2018-01-02,1.7132429614181521,1.7132429614181521,43552.0
2018-01-03,1.725755995828997,1.725755995828997,32084.0
2018-01-04,1.728884254431708,1.728884254431708,23016.0
2018-01-05,1.7278415015641377,1.7278415015641377,17848.0
2018-01-08,1.7424400417101231,1.7424400417101231,22332.0
2018-01-09,1.785192909280509,1.785192909280509,84912.0
2018-01-10,1.785192909280509,1.785192909280509,28412.0
2018-01-11,1.7778936392075164,1.7778936392075164,13952.0
2018-01-12,1.7872784150156498,1.7872784150156498,10572.0
2018-01-15,1.785192909280509,1.785192909280509,15380.0
2018-01-16,1.8018769551616354,1.8018769551616354,35780.0
2018-01-17,1.7904066736183613,1.7904066736183613,26128.0
2018-01-18,1.7726798748696644,1.7726798748696644,20740.0
2018-01-19,1.7726798748696644,1.7726798748696644,17936.0
2018-01-22,1.8029197080292059,1.8029197080292059,43920.0
2018-01-23,1.7997914494264946,1.7997914494264946,16740.0
2018-01-24,1.8112617309697692,1.8112617309697692,24032.0
2018-01-25,1.78727841501565,1.78727841501565,27344.0
2018-01-26,1.7977059436913538,1.7977059436913538,17500.0
2018-01-29,1.7518248175182567,1.7518248175182567,29536.0
2018-01-30,1.7372262773722713,1.7372262773722713,12848.0
2018-01-31,1.739311783107412,1.739311783107412,19504.0
2018-02-01,1.720542231491145,1.720542231491145,17740.0
2018-02-02,1.7247132429614265,1.7247132429614265,15252.0
2018-02-05,1.7038581856100186,1.7038581856100186,21524.0
2018-02-06,1.6569343065693511,1.6569343065693511,32364.0
2018-02-07,1.6496350364963586,1.6496350364963586,9900.0
2018-02-08,1.6663190823774847,1.6663190823774847,11092.0
2018-02-09,1.5933263816475574,1.5933263816475574,25232.0
2018-02-12,1.6485922836287878,1.6485922836287878,18976.0
2018-02-13,1.6600625651720624,1.6600625651720624,34408.0
2018-02-14,1.6871741397288924,1.6871741397288924,17652.0
2018-02-22,1.6923879040667444,1.6923879040667444,34632.0
2018-02-23,1.6923879040667444,1.6923879040667444,15240.0
2018-02-26,1.718456725756004,1.718456725756004,26240.0
2018-02-27,1.7038581856100183,1.7038581856100183,13008.0
2018-02-28,1.6934306569343147,1.6934306569343147,18060.0
2018-03-01,1.7080291970803,1.7080291970803,13812.0
2018-03-02,1.7069864442127298,1.7069864442127298,9960.0
2018-03-05,1.7194994786235747,1.7194994786235747,13600.0
2018-03-06,1.7570385818561085,1.7570385818561085,26784.0
2018-03-07,1.7455683003128342,1.7455683003128342,16400.0
2018-03-08,1.800834202294065,1.800834202294065,79020.0
2018-03-09,1.8331595411887474,1.8331595411887474,51044.0
2018-03-12,1.830031282586036,1.830031282586036,50028.0
2018-03-13,1.8154327424400507,1.8154327424400507,38892.0
2018-03-14,1.8154327424400507,1.8154327424400507,22620.0
2018-03-15,1.8321167883211769,1.8321167883211769,17688.0
2018-03-16,1.8310740354536066,1.8310740354536066,14940.0
2018-03-19,1.8811261730969853,1.8811261730969853,30036.0
2018-03-20,1.9176225234619488,1.9176225234619488,128296.0
2018-03-21,1.9176225234619488,1.9176225234619488,79760.0
2018-03-22,1.9134515119916673,1.9134515119916673,72148.0
2018-03-23,1.854014598540155,1.854014598540155,111844.0
2018-03-26,1.9071949947862448,1.9071949947862448,126328.0
2018-03-27,1.9468196037539196,1.9468196037539196,145992.0
2018-03-28,1.9071949947862448,1.9071949947862448,166400.0
2018-03-29,1.8686131386861404,1.8686131386861404,132736.0
2018-03-30,1.9176225234619488,1.9176225234619488,114224.0
2018-04-02,1.9061522419186745,1.9061522419186745,92624.0
2018-04-03,1.8873826903024076,1.8873826903024076,109376.0
2018-04-04,1.9009384775808227,1.9009384775808227,136860.0
2018-04-09,1.8925964546402594,1.8925964546402594,52136.0
2018-04-10,1.9197080291970896,1.9197080291970896,77792.0
2018-04-11,1.9103232533889563,1.9103232533889563,66828.0
2018-04-12,1.9197080291970896,1.9197080291970896,128500.0
2018-04-13,1.877997914494274,1.877997914494274,101652.0
2018-04-16,1.8800834202294148,1.8800834202294148,37112.0
2018-04-17,1.8519290928050143,1.8519290928050143,46240.0
2018-04-18,1.835245046923888,1.835245046923888,77584.0
2018-04-19,1.8592283628780066,1.8592283628780066,42872.0
2018-04-20,1.8602711157455771,1.8602711157455771,98044.0
2018-04-23,1.8508863399374436,1.8508863399374436,33580.0
2018-04-24,1.8696558915537107,1.8696558915537107,27836.0
2018-04-25,1.9082377476538153,1.9082377476538153,66408.0
2018-04-26,1.8873826903024074,1.8873826903024074,47200.0
2018-04-27,1.9165797705943783,1.9165797705943783,63828.0
2018-05-02,1.9426485922836378,1.9426485922836378,70348.0
2018-05-03,1.9332638164755045,1.9332638164755045,76948.0
2018-05-04,1.9499478623566306,1.9499478623566306,59384.0
2018-05-07,1.996871741397298,1.996871741397298,114064.0
2018-05-08,1.9979144942648686,1.9979144942648686,99732.0
2018-05-09,2.004171011470291,2.004171011470291,72716.0
2018-05-10,2.0750782064650775,2.0750782064650775,126532.0
2018-05-11,2.022940563086558,2.022940563086558,222448.0
2018-05-14,2.0500521376433882,2.0500521376433882,137028.0
2018-05-15,2.088633993743493,2.088633993743493,188824.0
2018-05-16,2.123044838373316,2.123044838373316,188320.0
2018-05-17,2.0990615224191966,2.0990615224191966,105812.0
2018-05-18,2.1136600625651822,2.1136600625651822,155740.0
2018-05-21,2.115745568300323,2.115745568300323,131332.0
2018-05-22,2.148070907195005,2.148070907195005,211700.0
2018-05-23,2.1418143899895825,2.1418143899895825,225100.0
2018-05-24,2.1470281543274345,2.1470281543274345,109324.0
2018-05-25,2.202294056308665,2.202294056308665,146500.0
2018-05-28,2.2492179353493325,2.2492179353493325,174796.0
2018-05-29,2.125130344108456,2.125130344108456,366232.0
2018-05-30,2.118873826903034,2.118873826903034,291616.0
2018-05-31,2.191866527632961,2.191866527632961,181424.0
2018-06-01,2.1209593326381744,2.1209593326381744,212840.0
2018-06-04,2.098018769551626,2.098018769551626,100236.0
2018-06-05,2.1678832116788422,2.1678832116788422,174920.0
2018-06-06,2.193952033368102,2.193952033368102,135696.0
2018-06-07,2.157455683003138,2.157455683003138,130172.0
2018-06-08,2.1470281543274345,2.1470281543274345,90544.0
2018-06-11,2.0865484880083516,2.0865484880083516,194348.0
2018-06-12,2.127215849843597,2.127215849843597,166836.0
2018-06-13,2.090719499478633,2.090719499478633,95820.0
2018-06-14,2.0646506777893734,2.0646506777893734,135896.0
2018-06-15,2.036496350364973,2.036496350364973,121776.0
2018-06-19,1.9885297184567352,1.9885297184567352,227672.0
2018-06-20,2.0542231491136698,2.0542231491136698,175528.0
2018-06-21,2.0458811261731067,2.0458811261731067,165292.0
2018-06-22,2.0688216892596554,2.0688216892596554,111972.0
2018-06-25,2.069864442127226,2.069864442127226,144920.0
2018-06-26,2.0573514077163813,2.0573514077163813,87032.0
2018-06-27,1.9979144942648688,1.9979144942648688,141976.0
2018-06-28,1.9572471324296237,1.9572471324296237,116240.0
2018-06-29,2.023983315954129,2.023983315954129,134552.0
2018-07-02,2.0198123044838474,2.0198123044838474,129068.0
2018-07-03,2.0020855057351508,2.0020855057351508,180096.0
2018-07-04,1.9551616266944831,1.9551616266944831,73132.0
2018-07-05,1.907194994786245,1.907194994786245,98368.0
2018-07-06,1.9343065693430752,1.9343065693430752,178904.0
2018-07-09,2.0010427528675803,2.0010427528675803,254500.0
2018-07-10,2.014598540145995,2.014598540145995,195108.0
2018-07-11,2.009384775808143,2.009384775808143,293572.0
2018-07-12,2.0531803962460993,2.0531803962460993,352132.0
2018-07-13,2.090719499478633,2.090719499478633,403200.0
2018-07-16,2.106360792492189,2.106360792492189,272292.0
2018-07-17,2.070907194994796,2.070907194994796,383676.0
2018-07-18,2.0750782064650775,2.0750782064650775,362008.0
2018-07-19,2.0323253388946916,2.0323253388946916,405260.0
2018-07-20,2.041710114702825,2.041710114702825,383132.0
2018-07-23,1.9603753910323345,1.9603753910323345,644008.0
2018-07-24,1.9781021897810314,1.9781021897810314,937220.0
2018-07-25,2.006256517205432,2.006256517205432,384084.0
2018-07-26,1.984358706986454,1.984358706986454,377704.0
2018-07-27,1.965589155370187,1.965589155370187,220300.0
2018-07-30,1.914494264859238,1.914494264859238,534184.0
2018-07-31,1.9217935349322306,1.9217935349322306,377768.0
2018-08-01,1.8821689259645558,1.8821689259645558,310720.0
2018-08-02,1.8811261730969855,1.8811261730969855,307136.0
2018-08-03,1.8216892596454732,1.8216892596454732,347876.0
2018-08-06,1.7476538060479752,1.7476538060479752,871556.0
2018-08-07,1.789363920750791,1.789363920750791,599816.0
2018-08-08,1.7528675703858274,1.7528675703858274,439780.0
2018-08-09,1.8143899895724804,1.8143899895724804,696072.0
2018-08-10,1.8571428571428663,1.8571428571428663,803628.0
2018-08-13,1.8675703858185702,1.8675703858185702,738656.0
2018-08-14,1.8654848800834294,1.8654848800834294,762264.0
2018-08-15,1.794577685088643,1.794577685088643,816968.0
2018-08-16,1.7904066736183615,1.7904066736183615,674420.0
2018-08-17,1.7299270072992787,1.7299270072992787,592128.0
2018-08-20,1.6955161626694557,1.6955161626694557,833048.0
2018-08-21,1.7716371220020946,1.7716371220020946,859928.0
2018-08-22,1.7612095933263905,1.7612095933263905,188608.0
2018-08-23,1.7726798748696648,1.7726798748696648,222816.0
2018-08-24,1.7778936392075169,1.7778936392075169,293112.0
2018-08-27,1.8456725755995922,1.8456725755995922,356888.0
2018-08-28,1.8435870698644512,1.8435870698644512,293060.0
2018-08-29,1.8342022940563174,1.8342022940563174,93112.0
2018-08-30,1.81438998957248,1.81438998957248,170236.0
2018-08-31,1.7653806047966716,1.7653806047966716,369652.0
2018-09-03,1.766423357664242,1.766423357664242,305668.0
2018-09-04,1.7716371220020941,1.7716371220020941,346196.0
2018-09-05,1.7497393117831157,1.7497393117831157,189964.0
2018-09-06,1.7309697601668488,1.7309697601668488,239992.0
2018-09-07,1.7601668404588198,1.7601668404588198,404828.0
2018-09-10,1.73409801876956,1.73409801876956,304772.0
2018-09-11,1.7413972888425526,1.7413972888425526,133112.0
2018-09-12,1.693430656934315,1.693430656934315,358416.0
2018-09-13,1.6569343065693511,1.6569343065693511,796756.0
2018-09-14,1.6465067778936473,1.6465067778936473,309444.0
2018-09-17,1.6141814389989653,1.6141814389989653,156332.0
2018-09-18,1.642335766423366,1.642335766423366,203860.0
2018-09-19,1.6673618352450554,1.6673618352450554,432716.0
2018-09-20,1.6611053180396331,1.6611053180396331,172396.0
2018-09-21,1.700729927007308,1.700729927007308,378924.0
2018-09-25,1.703858185610019,1.703858185610019,229120.0
2018-09-26,1.7361835245047015,1.7361835245047015,326920.0
2018-09-27,1.7455683003128348,1.7455683003128348,392512.0
2018-09-28,1.769551616266954,1.769551616266954,297188.0
2018-10-08,1.6830031282586115,1.6830031282586115,415852.0
2018-10-09,1.6871741397288933,1.6871741397288933,160652.0
2018-10-10,1.6663190823774854,1.6663190823774854,343188.0
2018-10-11,1.6037539103232619,1.6037539103232619,409272.0
2018-10-12,1.630865484880092,1.630865484880092,245656.0
2018-10-15,1.6214807090719585,1.6214807090719585,185488.0
2018-10-16,1.5912408759124173,1.5912408759124173,356840.0
2018-10-17,1.5787278415015724,1.5787278415015724,398416.0
2018-10-18,1.516162669447349,1.516162669447349,557648.0
2018-10-19,1.5307612095933343,1.5307612095933343,337464.0
2018-10-22,1.6131386861313952,1.6131386861313952,628220.0
2018-10-23,1.5703858185610093,1.5703858185610093,343072.0
2018-10-24,1.5484880083420312,1.5484880083420312,421496.0
2018-10-25,1.5192909280500602,1.5192909280500602,342136.0
2018-10-26,1.5172054223149194,1.5172054223149194,333064.0
2018-10-29,1.4713242961418223,1.4713242961418223,336992.0
2018-10-30,1.4932221063608002,1.4932221063608002,300324.0
2018-10-31,1.5432742440041791,1.5432742440041791,474396.0
2018-11-01,1.5547445255474535,1.5547445255474535,554084.0
2018-11-02,1.6402502606882252,1.6402502606882252,591060.0
2018-11-05,1.6193952033368175,1.6193952033368175,564324.0
2018-11-06,1.6246089676746696,1.6246089676746696,350216.0
2018-11-07,1.6110531803962542,1.6110531803962542,414284.0
2018-11-08,1.618352450469247,1.618352450469247,476084.0
2018-11-09,1.602711157455691,1.602711157455691,219472.0
2018-11-12,1.6298227320125211,1.6298227320125211,335720.0
2018-11-13,1.645464025026077,1.645464025026077,825404.0
2018-11-14,1.6287799791449507,1.6287799791449507,395496.0
2018-11-15,1.635036496350373,1.635036496350373,613156.0
2018-11-16,1.605839416058402,1.605839416058402,834424.0
2018-11-19,1.6214807090719576,1.6214807090719576,423164.0
2018-11-20,1.5974973931178387,1.5974973931178387,176716.0
2018-11-21,1.6246089676746687,1.6246089676746687,575056.0
2018-11-22,1.622523461939528,1.622523461939528,388772.0
2018-11-23,1.5912408759124161,1.5912408759124161,443604.0
2018-11-26,1.5870698644421346,1.5870698644421346,179852.0
2018-11-27,1.5870698644421346,1.5870698644421346,632460.0
2018-11-28,1.5985401459854087,1.5985401459854087,181368.0
2018-11-29,1.5881126173097049,1.5881126173097049,521868.0
2018-11-30,1.6047966631908313,1.6047966631908313,464516.0
2018-12-03,1.6600625651720622,1.6600625651720622,685536.0
2018-12-04,1.6757038581856178,1.6757038581856178,501924.0
2018-12-05,1.6850886339937516,1.6850886339937516,1410320.0
2018-12-06,1.603753910323261,1.603753910323261,1561768.0
2018-12-07,1.5401459854014672,1.5401459854014672,719868.0
2018-12-10,1.516162669447348,1.516162669447348,351400.0
2018-12-11,1.540145985401467,1.540145985401467,615024.0
2018-12-12,1.519290928050059,1.519290928050059,429352.0
2018-12-13,1.5338894681960444,1.5338894681960444,235072.0
2018-12-14,1.4994786235662214,1.4994786235662214,264372.0
2018-12-17,1.4692387904066802,1.4692387904066802,306780.0
2018-12-18,1.455683003128265,1.455683003128265,284672.0
2018-12-19,1.4108446298227382,1.4108446298227382,390884.0
2018-12-20,1.3920750782064713,1.3920750782064713,347284.0
2018-12-21,1.3597497393117892,1.3597497393117892,509548.0
2018-12-24,1.3941605839416122,1.3941605839416122,530208.0
2018-12-25,1.3983315954118938,1.3983315954118938,383344.0
2018-12-26,1.3868613138686197,1.3868613138686197,298840.0
2018-12-27,1.3743482794577748,1.3743482794577748,308728.0
2018-12-28,1.3837330552659082,1.3837330552659082,211516.0
2019-01-02,1.3326381647549592,1.3326381647549592,390804.0
2019-01-03,1.2961418143899957,1.2961418143899957,434320.0
2019-01-04,1.3357664233576703,1.3357664233576703,484844.0
2019-01-07,1.3420229405630926,1.3420229405630926,723052.0
2019-01-08,1.346193952033374,1.346193952033374,365012.0
2019-01-09,1.364963503649641,1.364963503649641,1160724.0
2019-01-10,1.3534932221063667,1.3534932221063667,437204.0
2019-01-11,1.3534932221063667,1.3534932221063667,279520.0
2019-01-14,1.3242961418143957,1.3242961418143957,164164.0
2019-01-15,1.3660062565172113,1.3660062565172113,362628.0
2019-01-16,1.3868613138686192,1.3868613138686192,501472.0
2019-01-17,1.3795620437956264,1.3795620437956264,301280.0
2019-01-18,1.4244004171011533,1.4244004171011533,726252.0
2019-01-21,1.4233576642335828,1.4233576642335828,1541792.0
2019-01-22,1.3983315954118933,1.3983315954118933,436852.0
2019-01-23,1.397288842544323,1.397288842544323,263368.0
2019-01-24,1.407716371220027,1.407716371220027,185608.0
2019-01-25,1.407716371220027,1.407716371220027,239464.0
2019-01-28,1.3795620437956262,1.3795620437956262,417176.0
2019-01-29,1.3910323253389008,1.3910323253389008,370208.0
2019-01-30,1.3795620437956262,1.3795620437956262,196652.0
2019-01-31,1.3847758081334782,1.3847758081334782,240248.0
2019-02-01,1.4369134515119975,1.4369134515119975,780752.0
2019-02-11,1.4640250260688277,1.4640250260688277,515364.0
2019-02-12,1.504692387904073,1.504692387904073,1279708.0
2019-02-13,1.526590198123051,1.526590198123051,873512.0
2019-02-14,1.5286757038581917,1.5286757038581917,620228.0
2019-02-15,1.5057351407716433,1.5057351407716433,734660.0
2019-02-18,1.5641293013555853,1.5641293013555853,1086056.0
2019-02-19,1.5589155370177334,1.5589155370177334,1100260.0
2019-02-20,1.5297184567257625,1.5297184567257625,1070624.0
2019-02-21,1.5172054223149178,1.5172054223149178,894272.0
2019-02-22,1.5380604796663255,1.5380604796663255,1015080.0
2019-02-25,1.5995828988529786,1.5995828988529786,2281496.0
2019-02-26,1.6089676746611121,1.6089676746611121,3754396.0
2019-02-27,1.5964546402502673,1.5964546402502673,1555224.0
2019-02-28,1.6308654848800903,1.6308654848800903,1481504.0
2019-03-01,1.6444212721585052,1.6444212721585052,1321488.0
2019-03-04,1.6684045881126244,1.6684045881126244,2390560.0
2019-03-05,1.6663190823774836,1.6663190823774836,1229776.0
2019-03-06,1.6715328467153356,1.6715328467153356,1458444.0
2019-03-07,1.6423357664233647,1.6423357664233647,1267116.0
2019-03-08,1.6131386861313937,1.6131386861313937,1479128.0
2019-03-11,1.6684045881126246,1.6684045881126246,1798288.0
2019-03-12,1.674661105318047,1.674661105318047,1310480.0
2019-03-13,1.667361835245054,1.667361835245054,992880.0
2019-03-14,1.65589155370178,1.65589155370178,1343208.0
2019-03-15,1.6757038581856174,1.6757038581856174,851056.0
2019-03-18,1.7518248175182558,1.7518248175182558,1508748.0
2019-03-19,1.7267987486965664,1.7267987486965664,1707496.0
2019-03-20,1.720542231491144,1.720542231491144,744724.0
2019-03-21,1.7215849843587145,1.7215849843587145,921964.0
2019-03-22,1.741397288842552,1.741397288842552,1018580.0
2019-03-25,1.7017726798748771,1.7017726798748771,893680.0
2019-03-26,1.6715328467153359,1.6715328467153359,968416.0
2019-03-27,1.727841501564137,1.727841501564137,1538952.0
2019-03-28,1.7320125130344186,1.7320125130344186,1663940.0
2019-03-29,1.7831074035453676,1.7831074035453676,989264.0
2019-04-01,1.8248175182481832,1.8248175182481832,1284496.0
2019-04-02,1.806047966631916,1.806047966631916,1356168.0
2019-04-03,1.8102189781021978,1.8102189781021978,1323408.0
2019-04-04,1.8102189781021978,1.8102189781021978,1472260.0
2019-04-08,1.7914494264859306,1.7914494264859306,2335808.0
2019-04-09,1.8237747653806131,1.8237747653806131,1488948.0
2019-04-10,1.8550573514077247,1.8550573514077247,2090028.0
2019-04-11,1.8060479666319162,1.8060479666319162,1899992.0
2019-04-12,1.7914494264859306,1.7914494264859306,675004.0
2019-04-15,1.7695516162669527,1.7695516162669527,921960.0
2019-04-16,1.7987486965589237,1.7987486965589237,966548.0
2019-04-17,1.7956204379562124,1.7956204379562124,957556.0
2019-04-18,1.7841501564129383,1.7841501564129383,563548.0
2019-04-19,1.7945776850886423,1.7945776850886423,705616.0
2019-04-22,1.772679874869664,1.772679874869664,964316.0
2019-04-23,1.7716371220020937,1.7716371220020937,584500.0
2019-04-24,1.7768508863399453,1.7768508863399453,762908.0
2019-04-25,1.7580813347236783,1.7580813347236783,901860.0
2019-04-26,1.7236704900938555,1.7236704900938555,721592.0
2019-04-29,1.7580813347236783,1.7580813347236783,1080232.0
2019-04-30,1.7653806047966711,1.7653806047966711,348348.0
2019-05-06,1.6642335766423433,1.6642335766423433,1524472.0
2019-05-07,1.7049009384775884,1.7049009384775884,785008.0
2019-05-08,1.685088633993751,1.685088633993751,560996.0
2019-05-09,1.6350364963503723,1.6350364963503723,801988.0
2019-05-10,1.6809176225234697,1.6809176225234697,837836.0
2019-05-13,1.6725755995829064,1.6725755995829064,514468.0
2019-05-14,1.6569343065693505,1.6569343065693505,287084.0
2019-05-15,1.703858185610018,1.703858185610018,555468.0
2019-05-16,1.7132429614181517,1.7132429614181517,600764.0
2019-05-17,1.6736183524504769,1.6736183524504769,833816.0
2019-05-20,1.6433785192909356,1.6433785192909356,552412.0
2019-05-21,1.6631908237747728,1.6631908237747728,649996.0
2019-05-22,1.657977059436921,1.657977059436921,362988.0
2019-05-23,1.6266944734098092,1.6266944734098092,596396.0
2019-05-24,1.6183524504692461,1.6183524504692461,480436.0
2019-05-27,1.6350364963503723,1.6350364963503723,626548.0
2019-05-28,1.6475495307612171,1.6475495307612171,605788.0
2019-05-29,1.6465067778936466,1.6465067778936466,403220.0
2019-05-30,1.6339937434828018,1.6339937434828018,522756.0
2019-05-31,1.6423357664233649,1.6423357664233649,559756.0
2019-06-03,1.6444212721585056,1.6444212721585056,889496.0
2019-06-04,1.6131386861313939,1.6131386861313939,823064.0
2019-06-05,1.556830031282593,1.556830031282593,1381248.0
2019-06-06,1.5349322210636145,1.5349322210636145,1059396.0
2019-06-10,1.556830031282593,1.556830031282593,998632.0
2019-06-11,1.6006256517205493,1.6006256517205493,913412.0
2019-06-12,1.591240875912416,1.591240875912416,486744.0
2019-06-13,1.5985401459854085,1.5985401459854085,317808.0
2019-06-14,1.5954118873826975,1.5954118873826975,428684.0
2019-06-17,1.6037539103232605,1.6037539103232605,344164.0
2019-06-18,1.6120959332638236,1.6120959332638236,406216.0
2019-06-19,1.637122002085513,1.637122002085513,723520.0
2019-06-20,1.6684045881126248,1.6684045881126248,676084.0
2019-06-21,1.6798748696558992,1.6798748696558992,742496.0
2019-06-24,1.6819603753910402,1.6819603753910402,411232.0
2019-06-25,1.6798748696558994,1.6798748696558994,387144.0
2019-06-26,1.697601668404596,1.697601668404596,705464.0
2019-06-27,1.7132429614181521,1.7132429614181521,609500.0
2019-06-28,1.704900938477589,1.704900938477589,450528.0
2019-07-01,1.7539103232533975,1.7539103232533975,869240.0
2019-07-02,1.785192909280509,1.785192909280509,789312.0
2019-07-03,1.7539103232533972,1.7539103232533972,684508.0
2019-07-04,1.7205422314911447,1.7205422314911447,1102912.0
2019-07-05,1.7486965589155452,1.7486965589155452,930736.0
2019-07-08,1.7153284671532927,1.7153284671532927,730424.0
2019-07-09,1.7101147028154406,1.7101147028154406,277312.0
2019-07-10,1.7194994786235744,1.7194994786235744,711256.0
2019-07-11,1.7174139728884337,1.7174139728884337,483424.0
2019-07-12,1.7257559958289967,1.7257559958289967,506280.0
2019-07-15,1.732012513034419,1.732012513034419,865792.0
2019-07-16,1.7174139728884334,1.7174139728884334,497452.0
2019-07-17,1.7153284671532927,1.7153284671532927,452208.0
2019-07-18,1.695516162669455,1.695516162669455,559224.0
2019-07-19,1.695516162669455,1.695516162669455,544852.0
2019-07-22,1.6871741397288922,1.6871741397288922,808516.0
2019-07-23,1.6965589155370255,1.6965589155370255,383896.0
2019-07-24,1.7080291970802999,1.7080291970802999,523268.0
2019-07-25,1.7174139728884334,1.7174139728884334,541560.0
2019-07-26,1.7278415015641375,1.7278415015641375,439360.0
2019-07-29,1.7132429614181521,1.7132429614181521,351688.0
2019-07-30,1.7215849843587154,1.7215849843587154,293508.0
2019-07-31,1.7142857142857226,1.7142857142857226,504540.0
2019-08-01,1.6976016684045965,1.6976016684045965,401348.0
2019-08-02,1.6819603753910408,1.6819603753910408,393800.0
2019-08-05,1.647549530761218,1.647549530761218,679168.0
2019-08-06,1.6423357664233658,1.6423357664233658,395384.0
2019-08-07,1.6506777893639288,1.6506777893639288,439184.0
2019-08-08,1.677789363920759,1.677789363920759,296860.0
2019-08-09,1.6819603753910404,1.6819603753910404,552288.0
2019-08-12,1.6965589155370258,1.6965589155370258,661948.0
2019-08-13,1.6976016684045963,1.6976016684045963,516164.0
2019-08-14,1.7247132429614263,1.7247132429614263,510700.0
2019-08-15,1.7309697601668488,1.7309697601668488,756100.0
2019-08-16,1.7393117831074119,1.7393117831074119,806596.0
2019-08-19,1.7758081334723756,1.7758081334723756,840288.0
2019-08-20,1.7622523461939603,1.7622523461939603,600768.0
2019-08-21,1.7549530761209675,1.7549530761209675,780392.0
2019-08-22,1.772679874869664,1.772679874869664,776456.0
2019-08-23,1.8352450469238875,1.8352450469238875,1519956.0
2019-08-26,1.839416058394169,1.839416058394169,1788448.0
2019-08-27,1.8550573514077247,1.8550573514077247,2033620.0
2019-08-28,1.8394160583941688,1.8394160583941688,1333204.0
2019-08-29,1.837330552659028,1.837330552659028,846784.0
2019-08-30,1.8498435870698726,1.8498435870698726,1160148.0
2019-09-02,1.86965589155371,1.86965589155371,1015204.0
2019-09-03,1.8529718456725837,1.8529718456725837,1245152.0
2019-09-04,1.8467153284671614,1.8467153284671614,1427116.0
2019-09-05,1.8529718456725839,1.8529718456725839,1838472.0
2019-09-06,1.8717413972888508,1.8717413972888508,2306428.0
2019-09-09,1.880083420229414,1.880083420229414,1151052.0
2019-09-10,1.9071949947862443,1.9071949947862443,1818908.0
2019-09-11,1.861313868613147,1.861313868613147,2375328.0
2019-09-12,1.866527632950999,1.866527632950999,720756.0
2019-09-16,1.8738269030239914,1.8738269030239914,753112.0
2019-09-17,1.8498435870698724,1.8498435870698724,588900.0
2019-09-18,1.8613138686131465,1.8613138686131465,655992.0
2019-09-19,1.875912408759132,1.875912408759132,418768.0
2019-09-20,1.8978102189781105,1.8978102189781105,1378008.0
2019-09-23,1.867570385818569,1.867570385818569,751864.0
2019-09-24,1.8852971845672657,1.8852971845672657,1138824.0
2019-09-25,1.8665276329509985,1.8665276329509985,856896.0
2019-09-26,1.836287799791457,1.836287799791457,859948.0
2019-09-27,1.8446298227320201,1.8446298227320201,683696.0
2019-09-30,1.8373305526590276,1.8373305526590276,385532.0
2019-10-08,1.8404588112617388,1.8404588112617388,376628.0
2019-10-09,1.8248175182481832,1.8248175182481832,281820.0
2019-10-10,1.886339937434836,1.886339937434836,909660.0
2019-10-11,1.8905109489051175,1.8905109489051175,950840.0
2019-10-14,1.9071949947862439,1.9071949947862439,686336.0
2019-10-15,1.9238790406673703,1.9238790406673703,686068.0
2019-10-16,1.928050052137652,1.928050052137652,545656.0
2019-10-17,1.9238790406673705,1.9238790406673705,503812.0
2019-10-18,1.9207507820646594,1.9207507820646594,506608.0
2019-10-21,1.8978102189781108,1.8978102189781108,466976.0
2019-10-22,1.9217935349322297,1.9217935349322297,616860.0
2019-10-23,1.8967674661105403,1.8967674661105403,545312.0
2019-10-24,1.8832116788321254,1.8832116788321254,891960.0
2019-10-25,1.9290928050052225,1.9290928050052225,835024.0
2019-10-28,1.9603753910323338,1.9603753910323338,838704.0
2019-10-29,1.9687174139728967,1.9687174139728967,532492.0
2019-10-30,1.9582898852971926,1.9582898852971926,441832.0
2019-10-31,1.9812304483837415,1.9812304483837415,569316.0
2019-11-01,2.009384775808142,2.009384775808142,1179860.0
2019-11-04,2.017726798748705,2.017726798748705,932596.0
2019-11-05,2.020855057351416,2.020855057351416,691720.0
2019-11-06,2.015641293013564,2.015641293013564,471868.0
2019-11-07,2.0229405630865567,2.0229405630865567,574308.0
2019-11-08,2.0312825860271198,2.0312825860271198,609984.0
2019-11-11,1.9864442127215929,1.9864442127215929,748288.0
2019-11-12,2.0010427528675785,2.0010427528675785,836320.0
2019-11-13,2.027111574556838,2.027111574556838,747048.0
2019-11-14,2.0573514077163795,2.0573514077163795,816072.0
2019-11-15,2.036496350364972,2.036496350364972,794132.0
2019-11-18,2.053180396246098,2.053180396246098,522296.0
2019-11-19,2.0959332638164834,2.0959332638164834,1266552.0
2019-11-20,2.08654848800835,2.08654848800835,701816.0
2019-11-21,2.0479666319082455,2.0479666319082455,1626704.0
2019-11-22,1.982273201251311,1.982273201251311,2319896.0
2019-11-25,1.9697601668404663,1.9697601668404663,903620.0
2019-11-26,1.9812304483837406,1.9812304483837406,686224.0
2019-11-27,1.9781021897810296,1.9781021897810296,648108.0
2019-11-28,1.9822732012513111,1.9822732012513111,537500.0
2019-11-29,1.9217935349322284,1.9217935349322284,1860728.0
2019-12-02,1.8957247132429687,1.8957247132429687,1093668.0
2019-12-03,1.8967674661105387,1.8967674661105387,1774220.0
2019-12-04,1.910323253388954,1.910323253388954,1160904.0
2019-12-05,1.9238790406673687,1.9238790406673687,923316.0
2019-12-06,1.935349322210643,1.935349322210643,1062924.0
2019-12-09,1.8967674661105385,1.8967674661105385,2099728.0
2019-12-10,1.9124087591240944,1.9124087591240944,977060.0
2019-12-11,1.9113660062565239,1.9113660062565239,656000.0
2019-12-12,1.906152241918672,1.906152241918672,560532.0
2019-12-13,1.9374348279457836,1.9374348279457836,1076040.0
2019-12-16,1.9447340980187762,1.9447340980187762,1394008.0
2019-12-17,1.9655891553701839,1.9655891553701839,2206260.0
2019-12-18,1.9353493222106426,1.9353493222106426,2642604.0
2019-12-19,1.934306569343072,1.934306569343072,1123992.0
2019-12-20,1.922836287799798,1.922836287799798,1443396.0
2019-12-23,1.9165797705943755,1.9165797705943755,1586264.0
2019-12-24,1.9186652763295162,1.9186652763295162,854728.0
2019-12-25,1.9176225234619457,1.9176225234619457,1162352.0
2019-12-26,1.9343065693430719,1.9343065693430719,1170512.0
2019-12-27,1.923879040667368,1.923879040667368,1153856.0
2019-12-30,1.9343065693430719,1.9343065693430719,1497944.0
2019-12-31,1.9781021897810283,1.9781021897810283,4058936.0
2020-01-02,1.9760166840458875,1.9760166840458875,3779660.0
2020-01-03,1.9676746611053244,1.9676746611053244,1859956.0
2020-01-06,1.9468196037539165,1.9468196037539165,3264444.0
2020-01-07,1.9697601668404652,1.9697601668404652,2382508.0
2020-01-08,1.9509906152241983,1.9509906152241983,1318564.0
2020-01-09,2.0010427528675767,2.0010427528675767,2882308.0
2020-01-10,2.012513034410851,2.012513034410851,2048064.0
2020-01-13,2.0250260688216954,2.0250260688216954,1613264.0
2020-01-14,2.0062565172054283,2.0062565172054283,1465944.0
2020-01-15,2.014598540145992,2.014598540145992,1520264.0
2020-01-16,2.014598540145992,2.014598540145992,1147852.0
2020-01-17,2.0448383733055335,2.0448383733055335,2297312.0
2020-01-20,2.064650677789371,2.064650677789371,6268228.0
2020-01-21,2.08759124087592,2.08759124087592,9304308.0
2020-01-22,2.0625651720542306,2.0625651720542306,5619588.0
2020-01-23,2.0135557872784227,2.0135557872784227,4579644.0
2020-02-03,1.8821689259645535,1.8821689259645535,8006604.0
2020-02-04,1.968717413972896,1.968717413972896,4202192.0
2020-02-05,2.037539103232542,2.037539103232542,5876068.0
2020-02-06,2.099061522419195,2.099061522419195,7663664.0
2020-02-07,2.0709071949947946,2.0709071949947946,5887776.0
2020-02-10,2.0490093847758164,2.0490093847758164,3652460.0
2020-02-11,2.0604796663190905,2.0604796663190905,3266176.0
2020-02-12,2.0855057351407797,2.0855057351407797,2906716.0
2020-02-13,2.0667361835245126,2.0667361835245126,2752272.0
2020-02-14,2.070907194994794,2.070907194994794,1958060.0
2020-02-17,2.1063607924921874,2.1063607924921874,3086296.0
2020-02-18,2.0896767466110613,2.0896767466110613,1856284.0
2020-02-19,2.0583941605839495,2.0583941605839495,1846184.0
2020-02-20,2.0844629822732093,2.0844629822732093,1954960.0
2020-02-21,2.08759124087592,2.08759124087592,2683148.0
2020-02-24,2.0813347236704978,2.0813347236704978,1968512.0
2020-02-25,2.101147028154335,2.101147028154335,3175064.0
2020-02-26,2.036496350364971,2.036496350364971,2290472.0
2020-02-27,2.0490093847758155,2.0490093847758155,1056668.0
2020-02-28,1.9854014598540215,1.9854014598540215,1288512.0
2020-03-02,2.0323253388946894,2.0323253388946894,1241172.0
2020-03-03,2.085505735140779,2.085505735140779,2473464.0
2020-03-04,2.0844629822732084,2.0844629822732084,1195732.0
2020-03-05,2.1501564129301425,2.1501564129301425,3446280.0
2020-03-06,2.148070907195002,2.148070907195002,2101968.0
2020-03-09,2.08863399374349,2.08863399374349,1828160.0
2020-03-10,2.1147028154327496,2.1147028154327496,1411752.0
2020-03-11,2.0792492179353563,2.0792492179353563,894876.0
2020-03-12,2.0156412930135628,2.0156412930135628,1382284.0
2020-03-13,1.9708029197080357,1.9708029197080357,1788076.0
2020-03-16,1.9134515119916644,1.9134515119916644,1525748.0
2020-03-17,1.9103232533889534,1.9103232533889534,1521420.0
2020-03-18,1.8946819603753975,1.8946819603753975,1268364.0
2020-03-19,1.869655891553708,1.869655891553708,2459168.0
2020-03-20,1.9176225234619462,1.9176225234619462,840416.0
2020-03-23,1.8821689259645529,1.8821689259645529,908332.0
2020-03-24,1.9447340980187764,1.9447340980187764,1008208.0
2020-03-25,2.0072992700729997,2.0072992700729997,1447656.0
2020-03-26,2.0479666319082446,2.0479666319082446,1554964.0
2020-03-27,2.050052137643385,2.050052137643385,1406368.0
2020-03-30,2.0177267987487033,2.0177267987487033,1144880.0
2020-03-31,2.0448383733055335,2.0448383733055335,937096.0
2020-04-01,2.0083420229405697,2.0083420229405697,1318452.0
2020-04-02,2.0417101147028225,2.0417101147028225,710240.0
2020-04-03,2.0625651720542306,2.0625651720542306,1284572.0
2020-04-07,2.11470281543275,2.11470281543275,1143860.0
2020-04-08,2.1084462982273275,2.1084462982273275,894244.0
2020-04-09,2.1626694473409875,2.1626694473409875,1541392.0
2020-04-10,2.1397288842544393,2.1397288842544393,1343780.0
2020-04-13,2.151199165797714,2.151199165797714,1056464.0
2020-04-14,2.181438998957255,2.181438998957255,888832.0
2020-04-15,2.1699687174139806,2.1699687174139806,1178328.0
2020-04-16,2.174139728884262,2.174139728884262,1005248.0
2020-04-17,2.159541188738277,2.159541188738277,900556.0
2020-04-20,2.1720542231491216,2.1720542231491216,722968.0
2020-04-21,2.1564129301355655,2.1564129301355655,1048176.0
2020-04-22,2.2022940563086624,2.2022940563086624,997420.0
2020-04-23,2.2022940563086624,2.2022940563086624,720600.0
2020-04-24,2.1678832116788396,2.1678832116788396,2591576.0
2020-04-27,2.215849843587077,2.215849843587077,1232024.0
2020-04-28,2.215849843587077,2.215849843587077,779640.0
2020-04-29,2.1856100104275358,2.1856100104275358,549768.0
2020-04-30,2.1814389989572542,2.1814389989572542,830284.0
2020-05-06,2.2200208550573586,2.2200208550573586,788904.0
2020-05-07,2.22314911366007,2.22314911366007,782196.0
2020-05-08,2.245046923879048,2.245046923879048,913564.0
2020-05-11,2.210636079249225,2.210636079249225,1113892.0
2020-05-12,2.2356621480709142,2.2356621480709142,717004.0
2020-05-13,2.270072992700737,2.270072992700737,948372.0
2020-05-14,2.267987486965596,2.267987486965596,576420.0
2020-05-15,2.246089676746618,2.246089676746618,1014712.0
2020-05-18,2.2857142857142927,2.2857142857142927,1238700.0
2020-05-19,2.301355578727848,2.301355578727848,665412.0
2020-05-20,2.28050052137644,2.28050052137644,591548.0
2020-05-21,2.291970802919715,2.291970802919715,742356.0
2020-05-22,2.233576642335773,2.233576642335773,1114148.0
2020-05-25,2.264859228362885,2.264859228362885,532512.0
2020-05-26,2.303441084462989,2.303441084462989,517180.0
2020-05-27,2.258602711157462,2.258602711157462,1126564.0
2020-05-28,2.2273201251303507,2.2273201251303507,1086100.0
2020-05-29,2.250260688216899,2.250260688216899,507048.0
2020-06-01,2.2940563086548558,2.2940563086548558,541444.0
2020-06-02,2.2752867570385886,2.2752867570385886,969692.0
2020-06-03,2.284671532846722,2.284671532846722,1356324.0
2020-06-04,2.3086548488008414,2.3086548488008414,817596.0
2020-06-05,2.326381647549538,2.326381647549538,453744.0
2020-06-08,2.2961418143899968,2.2961418143899968,1028328.0
2020-06-09,2.3378519290928126,2.3378519290928126,606352.0
2020-06-10,2.378519290928058,2.378519290928058,681184.0
2020-06-11,2.367049009384784,2.367049009384784,505472.0
2020-06-12,2.400417101147036,2.400417101147036,703780.0
2020-06-15,2.3931178310740435,2.3931178310740435,1046364.0
2020-06-16,2.447340980187704,2.447340980187704,1185716.0
2020-06-17,2.507820646506786,2.507820646506786,1745360.0
2020-06-18,2.493222106360801,2.493222106360801,1637928.0
2020-06-19,2.5537017726798834,2.5537017726798834,1028808.0
2020-06-22,2.5787278415015726,2.5787278415015726,1271052.0
2020-06-23,2.6308654848800925,2.6308654848800925,1047844.0
2020-06-24,2.619395203336818,2.619395203336818,2265076.0
2020-06-29,2.6141814389989664,2.6141814389989664,1143440.0
2020-06-30,2.6360792492179446,2.6360792492179446,1720888.0
2020-07-01,2.610010427528685,2.610010427528685,2008920.0
2020-07-02,2.5901981230448476,2.5901981230448476,2297204.0
2020-07-03,2.629822732012522,2.629822732012522,1662452.0
2020-07-06,2.644421272158508,2.644421272158508,2488760.0
2020-07-07,2.7205422314911463,2.7205422314911463,2670424.0
2020-07-08,2.7215849843587163,2.7215849843587163,2040480.0
2020-07-09,2.8227320125130437,2.8227320125130437,2365152.0
2020-07-10,2.8508863399374444,2.8508863399374444,2726728.0
2020-07-13,2.943691345151209,2.943691345151209,2347020.0
2020-07-14,2.978102189781032,2.978102189781032,2613344.0
2020-07-15,3.0177267987487073,3.0177267987487073,3286736.0
2020-07-16,2.8342022940563187,2.8342022940563187,4235460.0
2020-07-17,2.862356621480719,2.862356621480719,2685184.0
2020-07-20,2.8675703858185706,2.8675703858185706,2356012.0
2020-07-21,2.966631908237758,2.966631908237758,2765760.0
2020-07-22,2.9885297184567357,2.9885297184567357,2334332.0
2020-07-23,3.0636079249218033,3.0636079249218033,2918208.0
2020-07-24,2.9009384775808225,2.9009384775808225,3150332.0
2020-07-27,2.962460896767476,2.962460896767476,2509376.0
2020-07-28,2.962460896767476,2.962460896767476,2107296.0
2020-07-29,3.0698644421272254,3.0698644421272254,2496780.0
2020-07-30,3.092805005213774,3.092805005213774,2639464.0
2020-07-31,3.1345151199165895,3.1345151199165895,4117840.0
2020-08-03,3.213764337851939,3.213764337851939,2427844.0
2020-08-04,3.183524504692398,3.183524504692398,2492392.0
2020-08-05,3.233576642335777,3.233576642335777,1917756.0
2020-08-06,3.154327424400427,3.154327424400427,3063412.0
2020-08-07,3.0928050052137745,3.0928050052137745,3299112.0
2020-08-10,3.074035453597507,3.074035453597507,3257460.0
2020-08-11,3.0531803962460993,3.0531803962460993,1940876.0
2020-08-12,2.9562043795620534,2.9562043795620534,2079808.0
2020-08-13,2.9009384775808225,2.9009384775808225,2209476.0
2020-08-14,2.9259645464025117,2.9259645464025117,1829484.0
2020-08-17,2.969760166840468,2.969760166840468,1780600.0
2020-08-18,3.011470281543284,3.011470281543284,1359184.0
2020-08-19,2.9061522419186745,2.9061522419186745,1848236.0
2020-08-20,2.8894681960375483,2.8894681960375483,983196.0
2020-08-21,2.9092805005213855,2.9092805005213855,1153428.0
2020-08-24,2.9259645464025117,2.9259645464025117,927016.0
2020-08-25,2.940563086548497,2.940563086548497,1113364.0
2020-08-26,2.94786235662149,2.94786235662149,1777232.0
2020-08-27,2.971845672575609,2.971845672575609,955412.0
2020-08-28,3.069864442127226,3.069864442127226,2111136.0
2020-08-31,3.0396246089676846,3.0396246089676846,1640964.0
2020-09-01,3.0281543274244105,3.0281543274244105,1236044.0
2020-09-02,3.0385818561001146,3.0385818561001146,1172684.0
2020-09-03,3.0250260688216994,3.0250260688216994,1436560.0
2020-09-04,2.974973931178321,2.974973931178321,1213436.0
2020-09-07,2.8779979144942742,2.8779979144942742,1289568.0
2020-09-08,2.894681960375401,2.894681960375401,796792.0
2020-09-09,2.7653806047966727,2.7653806047966727,1571852.0
2020-09-10,2.7632950990615317,2.7632950990615317,1008276.0
2020-09-11,2.81230448383734,2.81230448383734,832872.0
2020-09-14,2.783107403545369,2.783107403545369,934048.0
2020-09-15,2.8143899895724807,2.8143899895724807,1075744.0
2020-09-16,2.764337851929102,2.764337851929102,1226280.0
2020-09-17,2.6996871741397386,2.6996871741397386,1287476.0
2020-09-18,2.740354535974984,2.740354535974984,1308936.0
2020-09-21,2.733055265901991,2.733055265901991,1203536.0
2020-09-22,2.733055265901991,2.733055265901991,1414056.0
2020-09-23,2.812304483837341,2.812304483837341,2667436.0
2020-09-24,2.768508863399384,2.768508863399384,2118176.0
2020-09-25,2.7726798748696657,2.7726798748696657,1975912.0
2020-09-28,2.738269030239843,2.738269030239843,780408.0
2020-09-29,2.768508863399384,2.768508863399384,1147680.0
2020-09-30,2.7924921793535034,2.7924921793535034,1368500.0
2020-10-09,2.8873826903024087,2.8873826903024087,1972800.0
2020-10-12,2.9718456725756104,2.9718456725756104,1948480.0
2020-10-13,2.990615224191877,2.990615224191877,1518700.0
2020-10-14,2.9781021897810325,2.9781021897810325,1336424.0
2020-10-15,2.9593326381647653,2.9593326381647653,1179428.0
2020-10-16,2.97288842544318,2.97288842544318,1105608.0
2020-10-19,2.894681960375401,2.894681960375401,1249740.0
2020-10-20,2.9165797705943795,2.9165797705943795,632652.0
2020-10-21,2.923879040667372,2.923879040667372,1223520.0
2020-10-22,2.8769551616267046,2.8769551616267046,965220.0
2020-10-23,2.8029197080292074,2.8029197080292074,2354336.0
2020-10-26,2.799791449426496,2.799791449426496,1065672.0
2020-10-27,2.8727841501564226,2.8727841501564226,1782476.0
2020-10-28,2.9040667361835344,2.9040667361835344,1186472.0
2020-10-29,2.9562043795620534,2.9562043795620534,1749724.0
2020-10-30,2.909280500521386,2.909280500521386,1214808.0
2020-11-02,2.8769551616267037,2.8769551616267037,1656304.0
2020-11-03,2.910323253388956,2.910323253388956,1088196.0
2020-11-04,2.927007299270082,2.927007299270082,999744.0
2020-11-05,2.929092805005223,2.929092805005223,1416588.0
2020-11-06,2.848800834202303,2.848800834202303,2340688.0
2020-11-09,2.9040667361835335,2.9040667361835335,1997816.0
2020-11-10,2.8852971845672664,2.8852971845672664,1580436.0
2020-11-11,2.812304483837339,2.812304483837339,1344320.0
2020-11-12,2.84150156412931,2.84150156412931,880032.0
2020-11-13,2.832116788321177,2.832116788321177,770860.0
2020-11-16,2.8415015641293104,2.8415015641293104,675180.0
2020-11-17,2.771637122002094,2.771637122002094,1437036.0
2020-11-18,2.727841501564138,2.727841501564138,1618528.0
2020-11-19,2.743482794577693,2.743482794577693,959700.0
2020-11-20,2.7570385818561083,2.7570385818561083,1217580.0
2020-11-23,2.7476538060479743,2.7476538060479743,2568976.0
2020-11-24,2.725755995828996,2.725755995828996,1646908.0
2020-11-25,2.674661105318047,2.674661105318047,1814084.0
2020-11-26,2.6558915537017804,2.6558915537017804,1249428.0
2020-11-27,2.678832116788329,2.678832116788329,1480880.0
2020-11-30,2.699687174139737,2.699687174139737,1789296.0
2020-12-01,2.7716371220020934,2.7716371220020934,2403296.0
2020-12-02,2.7726798748696635,2.7726798748696635,1418352.0
2020-12-03,2.838373305526598,2.838373305526598,2338332.0
2020-12-04,2.8717413972888504,2.8717413972888504,2000176.0
2020-12-07,2.822732012513042,2.822732012513042,1319468.0
2020-12-08,2.8206465067779014,2.8206465067779014,1404300.0
2020-12-09,2.789363920750789,2.789363920750789,1387776.0
2020-12-10,2.8164754953076194,2.8164754953076194,1232508.0
2020-12-11,2.7997914494264933,2.7997914494264933,1332252.0
2020-12-14,2.8415015641293087,2.8415015641293087,1777072.0
2020-12-15,2.9134515119916657,2.9134515119916657,2067176.0
2020-12-16,2.930135557872792,2.930135557872792,1827228.0
2020-12-17,3.037539103232542,3.037539103232542,3517716.0
2020-12-18,3.044838373305535,3.044838373305535,2289380.0
2020-12-21,3.0677789363920835,3.0677789363920835,2606156.0
2020-12-22,3.0479666319082463,3.0479666319082463,2188880.0
2020-12-23,3.0479666319082463,3.0479666319082463,1913060.0
2020-12-24,3.0563086548488094,3.0563086548488094,1771964.0
2020-12-25,3.1407716371220107,3.1407716371220107,1927180.0
2020-12-28,3.0938477580813433,3.0938477580813433,1740232.0
2020-12-29,3.043795620437965,3.043795620437965,1440832.0
2020-12-30,3.1001042752867654,3.1001042752867654,1938564.0
2020-12-31,3.130344108446307,3.130344108446307,2231568.0
2021-01-04,3.1553701772679963,3.1553701772679963,3055984.0
2021-01-05,3.2085505735140867,3.2085505735140867,2564352.0
2021-01-06,3.2648592283628877,3.2648592283628877,2530288.0
2021-01-07,3.319082377476548,3.319082377476548,1992188.0
2021-01-08,3.29718456725757,3.29718456725757,1710108.0
2021-01-11,3.2283628779979243,3.2283628779979243,1861520.0
2021-01-12,3.3023983315954215,3.3023983315954215,1692508.0
2021-01-13,3.239833159541199,3.239833159541199,2321884.0
2021-01-14,3.1824817518248274,3.1824817518248274,2417448.0
2021-01-15,3.1741397288842643,3.1741397288842643,2137604.0
2021-01-18,3.183524504692398,3.183524504692398,1497792.0
2021-01-19,3.1157455683003223,3.1157455683003223,1715948.0
2021-01-20,3.24296141814391,3.24296141814391,2447712.0
2021-01-21,3.304483837330563,3.304483837330563,1914740.0
2021-01-22,3.464025026068833,3.464025026068833,2593420.0
2021-01-25,3.468196037539114,3.468196037539114,2196004.0
2021-01-26,3.358706986444223,3.358706986444223,1857008.0
2021-01-27,3.339937434827956,3.339937434827956,1444288.0
2021-01-28,3.2471324296141915,3.2471324296141915,1772352.0
2021-01-29,3.2262773722627838,3.2262773722627838,2142916.0
2021-02-01,3.303441084462993,3.303441084462993,2128496.0
2021-02-02,3.374348279457779,3.374348279457779,1537408.0
2021-02-03,3.391032325338905,3.391032325338905,2149384.0
2021-02-04,3.353493222106372,3.353493222106372,1626900.0
2021-02-05,3.452554744525558,3.452554744525558,2246316.0
2021-02-08,3.551616266944745,3.551616266944745,1960180.0
2021-02-09,3.621480709071961,3.621480709071961,2029296.0
2021-02-10,3.712200208550585,3.712200208550585,1744132.0
2021-02-18,3.5422314911366115,3.5422314911366115,2892124.0
2021-02-19,3.540145985401471,3.540145985401471,2313976.0
2021-02-22,3.3545359749739414,3.3545359749739414,3215076.0
2021-02-23,3.3493222106360894,3.3493222106360894,2132800.0
2021-02-24,3.199165797705953,3.199165797705953,3276448.0
2021-02-25,3.207507820646516,3.207507820646516,1940716.0
2021-02-26,3.1564129301355672,3.1564129301355672,2077116.0
2021-03-01,3.202294056308664,3.202294056308664,1632392.0
2021-03-02,3.1178310740354624,3.1178310740354624,2305984.0
2021-03-03,3.183524504692397,3.183524504692397,1530832.0
2021-03-04,3.0604796663190914,3.0604796663190914,1899116.0
2021-03-05,3.061522419186662,3.061522419186662,1469504.0
2021-03-08,2.8602711157455767,2.8602711157455767,3076676.0
2021-03-09,2.7872784150156495,2.7872784150156495,2691760.0
2021-03-10,2.861313868613147,2.861313868613147,2455348.0
2021-03-11,2.937434827945786,2.937434827945786,2728568.0
2021-03-12,2.9405630865484964,2.9405630865484964,1345008.0
2021-03-15,2.8227320125130424,2.8227320125130424,1603464.0
2021-03-16,2.845672575599591,2.845672575599591,1301040.0
2021-03-17,2.8602711157455762,2.8602711157455762,1609304.0
2021-03-18,2.9217935349322293,2.9217935349322293,1674332.0
2021-03-19,2.854014598540154,2.854014598540154,1284496.0
2021-03-22,2.8706986444212803,2.8706986444212803,1405092.0
2021-03-23,2.8706986444212803,2.8706986444212803,1194764.0
2021-03-24,2.8550573514077247,2.8550573514077247,1170252.0
2021-03-25,2.8873826903024074,2.8873826903024074,1544472.0
2021-03-26,3.0031282586027204,3.0031282586027204,2726816.0
2021-03-29,2.983315954118883,2.983315954118883,1683708.0
2021-03-30,3.033368091762261,3.033368091762261,1580364.0
2021-03-31,3.011470281543283,3.011470281543283,1395052.0
2021-04-01,3.071949947862366,3.071949947862366,1977688.0
2021-04-02,3.094890510948914,3.094890510948914,1986180.0
2021-04-06,3.0427528675703948,3.0427528675703948,1247036.0
2021-04-07,3.026068821689268,3.026068821689268,1053560.0
2021-04-08,3.0865484880083502,3.0865484880083502,1537524.0
2021-04-09,3.0291970802919788,3.0291970802919788,1365888.0
2021-04-12,2.942648592283637,2.942648592283637,1774148.0
2021-04-13,2.9708029197080377,2.9708029197080377,1807964.0
2021-04-14,2.9708029197080377,2.9708029197080377,2222876.0
2021-04-15,2.945776850886348,2.945776850886348,1470420.0
2021-04-16,2.929092805005222,2.929092805005222,1949608.0
2021-04-19,3.0166840458811337,3.0166840458811337,2153132.0
2021-04-20,3.0239833159541267,3.0239833159541267,1545092.0
2021-04-21,3.0896767466110613,3.0896767466110613,1715136.0
2021-04-22,3.090719499478632,3.090719499478632,2684932.0
2021-04-23,3.1616266944734184,3.1616266944734184,2140500.0
2021-04-26,3.1470281543274328,3.1470281543274328,2455040.0
2021-04-27,3.2304483837330644,3.2304483837330644,2231216.0
2021-04-28,3.2971845672575695,3.2971845672575695,1763948.0
2021-04-29,3.284671532846725,3.284671532846725,1744620.0
2021-04-30,3.3388946819603853,3.3388946819603853,2045508.0
2021-05-06,3.1918665276329605,3.1918665276329605,3134780.0
2021-05-07,3.112617309697611,3.112617309697611,2237112.0
2021-05-10,3.174139728884264,3.174139728884264,1590552.0
2021-05-11,3.2356621480709165,3.2356621480709165,1919100.0
2021-05-12,3.2836287799791544,3.2836287799791544,1879780.0
2021-05-13,3.302398331595421,3.302398331595421,2117780.0
2021-05-14,3.3806047966632002,3.3806047966632002,2508092.0
2021-05-17,3.4525547445255564,3.4525547445255564,2327448.0
2021-05-18,3.422314911366015,3.422314911366015,1857764.0
2021-05-19,3.411887382690311,3.411887382690311,1568740.0
2021-05-20,3.3993743482794665,3.3993743482794665,1462940.0
2021-05-21,3.351407716371229,3.351407716371229,1747312.0
2021-05-24,3.333680917622533,3.333680917622533,2390424.0
2021-05-25,3.4337851929092906,3.4337851929092906,2404852.0
2021-05-26,3.429614181439009,3.429614181439009,1613748.0
2021-05-27,3.4556830031282693,3.4556830031282693,1972500.0
2021-05-28,3.3868613138686237,3.3868613138686237,3001820.0
2021-05-31,3.436913451512002,3.436913451512002,1890044.0
2021-06-01,3.4994786235662256,3.4994786235662256,2674396.0
2021-06-02,3.428571428571439,3.428571428571439,1903404.0
2021-06-03,3.3941605839416162,3.3941605839416162,1718508.0
2021-06-04,3.4118873826903124,3.4118873826903124,1515328.0
2021-06-07,3.420229405630876,3.420229405630876,1261948.0
2021-06-08,3.3670490093847865,3.3670490093847865,1843900.0
2021-06-09,3.3743482794577795,3.3743482794577795,1218068.0
2021-06-10,3.436913451512002,3.436913451512002,2105912.0
2021-06-11,3.422314911366017,3.422314911366017,1435820.0
2021-06-15,3.3566214807090824,3.3566214807090824,2000572.0
2021-06-16,3.249217935349333,3.249217935349333,1881352.0
2021-06-17,3.270072992700741,3.270072992700741,1353412.0
2021-06-18,3.300312825860282,3.300312825860282,1507524.0
2021-06-21,3.3117831074035564,3.3117831074035564,1535900.0
2021-06-22,3.3993743482794687,3.3993743482794687,2309260.0
2021-06-23,3.397288842544328,3.397288842544328,1880020.0
2021-06-24,3.343065693430668,3.343065693430668,2301652.0
2021-06-28,3.486965589155382,3.486965589155382,1895809.0
2021-06-29,3.457768508863411,3.457768508863411,1889394.0
2021-06-30,3.4702815432742558,3.4702815432742558,1547409.0
2021-07-01,3.5370177267987604,3.5370177267987604,2926237.0
2021-07-02,3.37434827945778,3.37434827945778,3723661.0
2021-07-05,3.3534932221063722,3.3534932221063722,2288088.0
2021-07-06,3.232533889468207,3.232533889468207,4067477.0
2021-07-07,3.2992700729927122,3.2992700729927122,2440205.0
2021-07-08,3.2408759124087703,3.2408759124087703,2322358.0
2021-07-09,3.249217935349334,3.249217935349334,1918793.0
2021-07-12,3.324296141814402,3.324296141814402,2415613.0
2021-07-13,3.3326381647549645,3.3326381647549645,1487259.0
2021-07-14,3.340980187695528,3.340980187695528,2662492.0
2021-07-15,3.3660062565172173,3.3660062565172173,1870180.0
2021-07-16,3.3493222106360907,3.3493222106360907,1955861.0
2021-07-19,3.4244004171011584,3.4244004171011584,2329074.0
2021-07-20,3.445255474452566,3.445255474452566,2273141.0
2021-07-21,3.4827945776851,3.4827945776851,2051391.0
2021-07-22,3.3743482794577795,3.3743482794577795,4782640.0
2021-07-23,3.265901981230459,3.265901981230459,3728166.0
2021-07-26,3.0907194994786336,3.0907194994786336,5953661.0
2021-07-27,2.9655891553701865,2.9655891553701865,3989971.0
2021-07-28,3.0531803962460993,3.0531803962460993,3601678.0
2021-07-29,3.1199165797706043,3.1199165797706043,3137260.0
2021-07-30,3.090719499478633,3.090719499478633,2754865.0
2021-08-02,3.1324296141814485,3.1324296141814485,3260325.0
2021-08-03,3.2450469238790505,3.2450469238790505,4225871.0
2021-08-04,3.2450469238790505,3.2450469238790505,3358601.0
2021-08-05,3.2200208550573612,3.2200208550573612,2873799.0
2021-08-06,3.1032325338894777,3.1032325338894777,3947474.0
2021-08-09,3.124087591240886,3.124087591240886,2182128.0
2021-08-10,3.1657977059437012,3.1657977059437012,2507012.0
2021-08-11,3.0948905109489147,3.0948905109489147,3216755.0
2021-08-12,3.040667361835254,3.040667361835254,2569860.0
2021-08-13,3.032325338894691,3.032325338894691,2188300.0
2021-08-16,3.0198123044838465,3.0198123044838465,2900626.0
2021-08-17,2.9155370177268076,2.9155370177268076,4102160.0
2021-08-18,2.911366006256526,2.911366006256526,2493139.0
2021-08-19,2.923879040667371,2.923879040667371,2251625.0
2021-08-20,2.7737226277372353,2.7737226277372353,5980170.0
2021-08-23,2.815432742440051,2.815432742440051,3296535.0
2021-08-24,2.8696558915537107,2.8696558915537107,2777824.0
2021-08-25,2.886339937434837,2.886339937434837,2370192.0
2021-08-26,2.777893639207517,2.777893639207517,3030084.0
2021-08-27,2.7737226277372353,2.7737226277372353,2568728.0
2021-08-30,2.7653806047966722,2.7653806047966722,2331907.0
2021-08-31,2.7028154327424487,2.7028154327424487,3461468.0
2021-09-01,2.7486965589155457,2.7486965589155457,3535003.0
2021-09-02,2.661105318039633,2.661105318039633,4703863.0
2021-09-03,2.673618352450478,2.673618352450478,3269406.0
2021-09-06,2.815432742440051,2.815432742440051,5844831.0
2021-09-07,2.807090719499488,2.807090719499488,4439655.0
2021-09-08,2.782064650677799,2.782064650677799,2997586.0
2021-09-09,2.782064650677799,2.782064650677799,2594912.0
2021-09-10,2.7695516162669542,2.7695516162669542,3244197.0
2021-09-13,2.7486965589155465,2.7486965589155465,4579965.0
2021-09-14,2.7653806047966727,2.7653806047966727,3210120.0
2021-09-15,2.7194994786235753,2.7194994786235753,3439183.0
2021-09-16,2.7278415015641384,2.7278415015641384,3565882.0
2021-09-17,2.852971845672585,2.852971845672585,6780414.0
2021-09-22,2.8362877997914584,2.8362877997914584,3907624.0
2021-09-23,2.8362877997914584,2.8362877997914584,3928164.0
2021-09-24,2.857142857142866,2.857142857142866,4252611.0
2021-09-27,2.903023983315963,2.903023983315963,4924113.0
2021-09-28,2.8821689259645553,2.8821689259645553,4193676.0
2021-09-29,2.836287799791459,2.836287799791459,4038617.0
2021-09-30,2.8779979144942742,2.8779979144942742,3977983.0
2021-10-08,2.894681960375401,2.894681960375401,3420161.0
2021-10-11,2.8488008342023043,2.8488008342023043,4465211.0
2021-10-12,2.8362877997914597,2.8362877997914597,3522500.0
2021-10-13,2.886339937434838,2.886339937434838,4516488.0
2021-10-14,2.8237747653806156,2.8237747653806156,5367176.0
2021-10-15,2.790406673618363,2.790406673618363,4225697.0
2021-10-18,2.740354535974984,2.740354535974984,3875695.0
2021-10-19,2.7820646506777997,2.7820646506777997,3541830.0
2021-10-20,2.7737226277372367,2.7737226277372367,3807600.0
2021-10-21,2.761209593326392,2.761209593326392,3359352.0
2021-10-22,2.777893639207518,2.777893639207518,3386091.0
2021-10-25,2.7862356621480813,2.7862356621480813,3579101.0
2021-10-26,2.7653806047966736,2.7653806047966736,3737525.0
2021-10-27,2.70281543274245,2.70281543274245,4299082.0
2021-10-28,2.694473409801887,2.694473409801887,3297932.0
2021-10-29,2.732012513034421,2.732012513034421,4341736.0
2021-11-01,2.6777893639207604,2.6777893639207604,5130813.0
2021-11-02,2.636079249217945,2.636079249217945,5395610.0
2021-11-03,2.6611053180396347,2.6611053180396347,3707732.0
2021-11-04,2.6736183524504797,2.6736183524504797,3566723.0
2021-11-05,2.6736183524504797,2.6736183524504797,3539424.0
2021-11-08,2.6152241918665378,2.6152241918665378,7406020.0
2021-11-09,2.631908237747664,2.631908237747664,3998887.0
2021-11-10,2.6986444212721685,2.6986444212721685,7615805.0
2021-11-11,2.6903023983316054,2.6903023983316054,5827430.0
2021-11-12,2.677789363920761,2.677789363920761,4531603.0
2021-11-15,2.736183524504703,2.736183524504703,6336343.0
2021-11-16,2.819603753910334,2.819603753910334,10197210.0
2021-11-17,2.819603753910334,2.819603753910334,5658725.0
2021-11-18,2.7570385818561105,2.7570385818561105,5751268.0
2021-11-19,2.7486965589155474,2.7486965589155474,5913303.0
2021-11-22,2.723670490093858,2.723670490093858,8169040.0
2021-11-23,2.7278415015641393,2.7278415015641393,6491913.0
2021-11-24,2.748696558915547,2.748696558915547,7875625.0
2021-11-25,2.773722627737236,2.773722627737236,6846923.0
2021-11-26,2.7695516162669547,2.7695516162669547,6926598.0
2021-11-29,2.7695516162669547,2.7695516162669547,6753090.0
2021-11-30,2.765380604796673,2.765380604796673,5133499.0
2021-12-01,2.732012513034421,2.732012513034421,5101649.0
2021-12-02,2.694473409801887,2.694473409801887,5070930.0
2021-12-03,2.715328467153295,2.715328467153295,3996018.0
2021-12-06,2.665276329509916,2.665276329509916,6609244.0
2021-12-07,2.6861313868613244,2.6861313868613244,4660304.0
2021-12-08,2.719499478623577,2.719499478623577,5476512.0
2021-12-09,2.786235662148082,2.786235662148082,9615747.0
2021-12-10,2.761209593326393,2.761209593326393,8448568.0
2021-12-13,2.7361835245047033,2.7361835245047033,8040416.0
2021-12-14,2.7486965589155483,2.7486965589155483,5576523.0
2021-12-15,2.665276329509917,2.665276329509917,11702702.0
2021-12-16,2.677789363920762,2.677789363920762,6157122.0
2021-12-17,2.652763295099073,2.652763295099073,7254972.0
2021-12-20,2.602711157455694,2.602711157455694,8090938.0
2021-12-21,2.631908237747665,2.631908237747665,4796048.0
2021-12-22,2.6360792492179463,2.6360792492179463,3475728.0
2021-12-23,2.615224191866538,2.615224191866538,5114426.0
2021-12-24,2.627737226277383,2.627737226277383,4957216.0
2021-12-27,2.644421272158509,2.644421272158509,6962301.0
2021-12-28,2.661105318039635,2.661105318039635,5768670.0
2021-12-29,2.623566214807101,2.623566214807101,6951218.0
2021-12-30,2.640250260688227,2.640250260688227,5701545.0
2021-12-31,2.640250260688227,2.640250260688227,5677531.0
2022-01-04,2.573514077163722,2.573514077163722,11018730.0
2022-01-05,2.540145985401469,2.540145985401469,7076072.0
2022-01-06,2.506777893639217,2.506777893639217,7795820.0
2022-01-07,2.498435870698654,2.498435870698654,4721269.0
2022-01-10,2.5192909280500615,2.5192909280500615,5219367.0
2022-01-11,2.5192909280500615,2.5192909280500615,4536694.0
2022-01-12,2.540145985401469,2.540145985401469,5906308.0
2022-01-13,2.485922836287809,2.485922836287809,5971239.0
2022-01-14,2.4900938477580907,2.4900938477580907,5488288.0
2022-01-17,2.4984358706986542,2.4984358706986542,4651484.0
2022-01-18,2.4942648592283727,2.4942648592283727,5168722.0
2022-01-19,2.4275286757038677,2.4275286757038677,8870943.0
2022-01-20,2.4191866527633046,2.4191866527633046,6279350.0
2022-01-21,2.3607924921793626,2.3607924921793626,7893326.0
2022-01-24,2.3524504692387995,2.3524504692387995,5647055.0
2022-01-25,2.302398331595421,2.302398331595421,6830349.0
2022-01-26,2.2606882168926057,2.2606882168926057,8237115.0
2022-01-27,2.227320125130353,2.227320125130353,6135475.0
2022-01-28,2.210636079249227,2.210636079249227,6515938.0
2022-02-07,2.235662148070916,2.235662148070916,5539482.0
2022-02-08,2.2064650677789452,2.2064650677789452,10112636.0
2022-02-09,2.223149113660072,2.223149113660072,7525360.0
2022-02-10,2.1939520333681006,2.1939520333681006,7862375.0
2022-02-11,2.123044838373314,2.123044838373314,9031771.0
2022-02-14,2.131386861313877,2.131386861313877,6257528.0
2022-02-15,2.223149113660072,2.223149113660072,12052630.0
2022-02-16,2.223149113660072,2.223149113660072,6427875.0
2022-02-17,2.2273201251303534,2.2273201251303534,4617649.0
2022-02-18,2.239833159541198,2.239833159541198,4132638.0
2022-02-21,2.239833159541198,2.239833159541198,4767123.0
2022-02-22,2.2022940563086637,2.2022940563086637,4981237.0
2022-02-23,2.2481751824817606,2.2481751824817606,5321263.0
2022-02-24,2.1981230448383817,2.1981230448383817,7208960.0
2022-02-25,2.2690302398331683,2.2690302398331683,7812794.0
2022-02-28,2.2773722627737314,2.2773722627737314,6077131.0
2022-03-01,2.2857142857142945,2.2857142857142945,4948087.0
2022-03-02,2.260688216892605,2.260688216892605,6833876.0
2022-03-03,2.2356621480709156,2.2356621480709156,6169169.0
2022-03-04,2.223149113660071,2.223149113660071,6201625.0
2022-03-07,2.148070907195003,2.148070907195003,7726413.0
2022-03-08,2.0938477580813424,2.0938477580813424,8904379.0
2022-03-09,2.031282586027119,2.031282586027119,10897719.0
2022-03-10,2.1021897810219055,2.1021897810219055,7805735.0
2022-03-11,2.152241918665284,2.152241918665284,10674443.0
2022-03-14,2.1188738269030316,2.1188738269030316,8824850.0
2022-03-15,2.0354535974974004,2.0354535974974004,9482349.0
2022-03-16,2.1021897810219055,2.1021897810219055,10432203.0
2022-03-17,2.1856100104275367,2.1856100104275367,14425649.0
2022-03-18,2.1981230448383813,2.1981230448383813,8077837.0
2022-03-21,2.218978102189789,2.218978102189789,6991803.0
2022-03-22,2.16892596454641,2.16892596454641,6751745.0
2022-03-23,2.2189781021897885,2.2189781021897885,9073689.0
2022-03-24,2.269030239833167,2.269030239833167,10990961.0
2022-03-25,2.1981230448383804,2.1981230448383804,11836065.0
2022-03-28,2.1689259645464096,2.1689259645464096,7838244.0
2022-03-29,2.1897810218978173,2.1897810218978173,6824120.0
2022-03-30,2.2440041710114778,2.2440041710114778,8572419.0
2022-03-31,2.231491136600633,2.231491136600633,7011415.0
2022-04-01,2.2189781021897885,2.2189781021897885,6873717.0
2022-04-06,2.2106360792492254,2.2106360792492254,7337321.0
2022-04-07,2.1730969760166916,2.1730969760166916,7330188.0
2022-04-08,2.152241918665284,2.152241918665284,7650182.0
2022-04-11,2.1147028154327496,2.1147028154327496,7138959.0
2022-04-12,2.1647549530761285,2.1647549530761285,8249571.0
2022-04-13,2.11470281543275,2.11470281543275,7469337.0
2022-04-14,2.1272158498435947,2.1272158498435947,8611038.0
2022-04-15,2.1480709071950024,2.1480709071950024,8183345.0
2022-04-18,2.143899895724721,2.143899895724721,5867588.0
2022-04-19,2.093847758081342,2.093847758081342,7079467.0
2022-04-20,2.0604796663190896,2.0604796663190896,7284059.0
2022-04-21,2.0062565172054296,2.0062565172054296,9105276.0
2022-04-22,2.002085505735148,2.002085505735148,7986636.0
2022-04-25,1.9019812304483907,1.9019812304483907,7827799.0
2022-04-26,1.9311783107403617,1.9311783107403617,7339133.0
2022-04-27,1.9687174139728958,1.9687174139728958,7938346.0
2022-04-28,1.9562043795620512,1.9562043795620512,5953291.0
2022-04-29,1.997914494264867,1.997914494264867,7605593.0
2022-05-05,2.0020855057351485,2.0020855057351485,6223162.0
2022-05-06,1.960375391032333,1.960375391032333,5930746.0
2022-05-09,1.9395203336809255,1.9395203336809255,5142768.0
2022-05-10,1.9562043795620516,1.9562043795620516,5467380.0
2022-05-11,1.9979144942648674,1.9979144942648674,9288496.0
2022-05-12,2.018769551616275,2.018769551616275,6832293.0
2022-05-13,2.0145985401459936,2.0145985401459936,4948176.0
2022-05-16,1.9854014598540226,1.9854014598540226,5282149.0
2022-05-17,1.964546402502615,1.964546402502615,5974043.0
2022-05-18,1.9436913451512075,1.9436913451512075,5048809.0
2022-05-19,1.939520333680926,1.939520333680926,5142531.0
2022-05-20,1.9979144942648677,1.9979144942648677,6974126.0
2022-05-23,1.9979144942648677,1.9979144942648677,5277434.0
2022-05-24,1.9228362877997998,1.9228362877997998,8268611.0
2022-05-25,1.9311783107403628,1.9311783107403628,5665993.0
2022-05-26,1.910323253388955,1.910323253388955,7531113.0
2022-05-27,1.9270072992700813,1.9270072992700813,8233502.0
2022-05-30,1.952033368091771,1.952033368091771,6145640.0
2022-05-31,1.9937434827945864,1.9937434827945864,9170521.0
2022-06-01,1.9854014598540233,1.9854014598540233,6080669.0
2022-06-02,1.9562043795620523,1.9562043795620523,7185886.0
2022-06-06,2.0145985401459945,2.0145985401459945,10111015.0
2022-06-07,2.0437956204379657,2.0437956204379657,9619900.0
2022-06-08,2.077163712200218,2.077163712200218,15909914.0
2022-06-09,2.035453597497402,2.035453597497402,8793941.0
2022-06-10,2.0521376433785283,2.0521376433785283,9566957.0
2022-06-13,2.0104275286757125,2.0104275286757125,8987301.0
2022-06-14,2.0187695516162756,2.0187695516162756,8247950.0
2022-06-15,2.052137643378528,2.052137643378528,11420427.0
2022-06-16,2.077163712200217,2.077163712200217,9370079.0
2022-06-17,2.143899895724722,2.143899895724722,12296845.0
2022-06-20,2.1772679874869745,2.1772679874869745,12452386.0
2022-06-21,2.156412930135567,2.156412930135567,8952195.0
2022-06-22,2.1230448383733145,2.1230448383733145,9050599.0
2022-06-23,2.135557872784159,2.135557872784159,11131901.0
2022-06-24,2.1897810218978195,2.1897810218978195,11699845.0
2022-06-27,2.231491136600635,2.231491136600635,10751549.0
2022-06-28,2.231491136600635,2.231491136600635,11386584.0
2022-06-29,2.223149113660072,2.223149113660072,11851703.0
2022-06-30,2.289885297184577,2.289885297184577,11700205.0
2022-07-01,2.2773722627737323,2.2773722627737323,8625112.0
2022-07-04,2.3858185610010523,2.3858185610010523,13159017.0
2022-07-05,2.398331595411897,2.398331595411897,14718795.0
2022-07-06,2.335766423357674,2.335766423357674,12977306.0
2022-07-07,2.2982273201251395,2.2982273201251395,12789555.0
2022-07-08,2.302398331595421,2.302398331595421,10037386.0
2022-07-11,2.2773722627737314,2.2773722627737314,11828949.0
2022-07-12,2.206465067778945,2.206465067778945,12651051.0
2022-07-13,2.2106360792492263,2.2106360792492263,7937237.0
2022-07-14,2.2606882168926052,2.2606882168926052,10345991.0
2022-07-15,2.206465067778945,2.206465067778945,8506445.0
2022-07-18,2.214807090719508,2.214807090719508,9699545.0
2022-07-19,2.181438998957255,2.181438998957255,11123804.0
2022-07-20,2.202294056308663,2.202294056308663,10090349.0
2022-07-21,2.1981230448383813,2.1981230448383813,10071428.0
2022-07-22,2.189781021897818,2.189781021897818,9582544.0
2022-07-25,2.173096976016692,2.173096976016692,8467120.0
2022-07-26,2.164754953076129,2.164754953076129,9736596.0
2022-07-27,2.1272158498435947,2.1272158498435947,11281097.0
2022-07-28,2.1105318039624685,2.1105318039624685,12722485.0
2022-07-29,2.047966631908245,2.047966631908245,13626910.0
2022-08-01,2.056308654848808,2.056308654848808,9888830.0
2022-08-02,2.010427528675711,2.010427528675711,10298138.0
2022-08-03,2.022940563086556,2.022940563086556,11583964.0
2022-08-04,2.0688216892596527,2.0688216892596527,12227519.0
2022-08-05,2.1230448383733127,2.1230448383733127,11877351.0
2022-08-08,2.0980187695516235,2.0980187695516235,9007011.0
2022-08-09,2.085505735140779,2.085505735140779,7890759.0
2022-08-10,2.0396246089676815,2.0396246089676815,10360938.0
2022-08-11,2.1063607924921866,2.1063607924921866,12953927.0
2022-08-12,2.110531803962468,2.110531803962468,8509318.0
2022-08-15,2.0729927007299342,2.0729927007299342,9747779.0
2022-08-16,2.047966631908245,2.047966631908245,11027367.0
2022-08-17,2.064650677789371,2.064650677789371,8428093.0
2022-08-18,2.0229405630865553,2.0229405630865553,12392495.0
2022-08-19,2.006256517205429,2.006256517205429,11890434.0
2022-08-22,2.018769551616274,2.018769551616274,9549923.0
2022-08-23,1.9895724713243028,1.9895724713243028,9548903.0
2022-08-24,1.9687174139728951,1.9687174139728951,10132482.0
2022-08-25,1.9937434827945844,1.9937434827945844,9926913.0
2022-08-26,1.997914494264866,1.997914494264866,9565327.0
2022-08-29,1.9728884254431764,1.9728884254431764,9704207.0
2022-08-30,1.9645464025026131,1.9645464025026131,9020174.0
2022-08-31,2.002085505735147,2.002085505735147,14470440.0
2022-09-01,1.9937434827945841,1.9937434827945841,8771071.0
2022-09-02,1.9728884254431764,1.9728884254431764,10010655.0
2022-09-05,1.9395203336809244,1.9395203336809244,14519678.0
2022-09-06,1.9353493222106428,1.9353493222106428,9024508.0
2022-09-07,1.9311783107403613,1.9311783107403613,9675367.0
2022-09-08,1.9228362877997982,1.9228362877997982,8933799.0
2022-09-09,1.9812304483837397,1.9812304483837397,14738985.0
2022-09-13,1.943691345151206,1.943691345151206,12874411.0
2022-09-14,1.9353493222106428,1.9353493222106428,10616021.0
2022-09-15,1.9270072992700797,1.9270072992700797,12581693.0
2022-09-16,1.868613138686138,1.868613138686138,15285004.0
2022-09-19,1.839416058394167,1.839416058394167,11472159.0
2022-09-20,1.8435870698644483,1.8435870698644483,9759481.0
2022-09-21,1.789363920750788,1.789363920750788,14654511.0
2022-09-22,1.7559958289885356,1.7559958289885356,12718175.0
2022-09-23,1.7476538060479725,1.7476538060479725,12854382.0
2022-09-26,1.7351407716371277,1.7351407716371277,10813325.0
2022-09-27,1.8310740354536037,1.8310740354536037,18742217.0
2022-09-28,1.810218978102196,1.810218978102196,13102706.0
2022-09-29,1.8519290928050116,1.8519290928050116,15862553.0
2022-09-30,1.8435870698644485,1.8435870698644485,9522598.0
2022-10-10,1.7851929092805068,1.7851929092805068,10442002.0
2022-10-11,1.7768508863399435,1.7768508863399435,8443686.0
2022-10-12,1.789363920750788,1.789363920750788,15661564.0
2022-10-13,1.8269030239833222,1.8269030239833222,14133484.0
2022-10-14,2.0104275286757103,2.0104275286757103,39953811.0
2022-10-17,2.0062565172054287,2.0062565172054287,21264472.0
2022-10-18,2.0187695516162734,2.0187695516162734,17456816.0
2022-10-19,1.9770594369134578,1.9770594369134578,15266124.0
2022-10-20,1.9812304483837395,1.9812304483837395,14474765.0
2022-10-21,1.9728884254431764,1.9728884254431764,10211128.0
2022-10-24,1.8978102189781088,1.8978102189781088,17743599.0
2022-10-25,1.8519290928050116,1.8519290928050116,16376190.0
2022-10-26,1.9562043795620505,1.9562043795620505,19732440.0
2022-10-27,1.9186652763295167,1.9186652763295167,20805003.0
2022-10-28,1.876955161626701,1.876955161626701,15967570.0
2022-10-31,1.8602711157455747,1.8602711157455747,16863620.0
2022-11-01,1.935349322210643,1.935349322210643,19764329.0
2022-11-02,1.9645464025026138,1.9645464025026138,25033022.0
2022-11-03,1.9520333680917694,1.9520333680917694,16644211.0
2022-11-04,1.9937434827945848,1.9937434827945848,18312732.0
2022-11-07,1.9979144942648663,1.9979144942648663,15450258.0
2022-11-08,1.9603753910323323,1.9603753910323323,15348757.0
2022-11-09,1.9478623566214879,1.9478623566214879,11549330.0
2022-11-10,1.935349322210643,1.935349322210643,11717001.0
2022-11-11,1.9478623566214877,1.9478623566214877,33307880.0
2022-11-14,1.9979144942648663,1.9979144942648663,22429522.0
2022-11-15,2.0104275286757107,2.0104275286757107,21182391.0
2022-11-16,2.0104275286757107,2.0104275286757107,20910360.0
2022-11-17,2.0020855057351477,2.0020855057351477,15434285.0
2022-11-18,2.031282586027119,2.031282586027119,17940827.0
2022-11-21,2.010427528675711,2.010427528675711,12151010.0
2022-11-22,1.972888425443177,1.972888425443177,16261955.0
2022-11-23,1.9311783107403617,1.9311783107403617,15942193.0
2022-11-24,1.9395203336809248,1.9395203336809248,11408089.0
2022-11-25,1.9395203336809248,1.9395203336809248,11349906.0
2022-11-28,1.9061522419186723,1.9061522419186723,15555635.0
2022-11-29,1.9520333680917696,1.9520333680917696,15169535.0
2022-11-30,1.9353493222106435,1.9353493222106435,10370967.0
2022-12-01,1.9728884254431776,1.9728884254431776,17138896.0
2022-12-02,1.9562043795620514,1.9562043795620514,11120403.0
2022-12-05,1.9645464025026147,1.9645464025026147,17655029.0
2022-12-06,1.9645464025026147,1.9645464025026147,13315208.0
2022-12-07,1.9645464025026147,1.9645464025026147,16374898.0
2022-12-08,1.9603753910323332,1.9603753910323332,10475745.0
2022-12-09,1.9603753910323332,1.9603753910323332,14782626.0
2022-12-12,1.9728884254431778,1.9728884254431778,15923423.0
2022-12-13,1.9645464025026145,1.9645464025026145,13141984.0
2022-12-14,1.960375391032333,1.960375391032333,11479057.0
2022-12-15,1.95203336809177,1.95203336809177,10852782.0
2022-12-16,1.9603753910323332,1.9603753910323332,12732320.0
2022-12-19,1.9103232533889545,1.9103232533889545,13997856.0
2022-12-20,1.8811261730969835,1.8811261730969835,12113856.0
2022-12-21,1.885297184567265,1.885297184567265,7901364.0
2022-12-22,1.9186652763295176,1.9186652763295176,12950162.0
2022-12-23,1.9353493222106437,1.9353493222106437,10309805.0
2022-12-26,1.9311783107403622,1.9311783107403622,6584619.0
2022-12-27,1.9562043795620512,1.9562043795620512,10260100.0
2022-12-28,1.9562043795620512,1.9562043795620512,8638129.0
2022-12-29,1.9854014598540222,1.9854014598540222,12507723.0
2022-12-30,1.9937434827945852,1.9937434827945852,8665316.0
2023-01-03,1.9895724713243037,1.9895724713243037,10813260.0
2023-01-04,2.0020855057351485,2.0020855057351485,10552893.0
2023-01-05,2.0604796663190905,2.0604796663190905,17405028.0
2023-01-06,2.047966631908246,2.047966631908246,8937791.0
2023-01-09,2.064650677789372,2.064650677789372,8889284.0
2023-01-10,2.0938477580813433,2.0938477580813433,11124427.0
2023-01-11,2.0813347236704987,2.0813347236704987,9286118.0
2023-01-12,2.068821689259654,2.068821689259654,8421395.0
2023-01-13,2.1313868613138776,2.1313868613138776,11266521.0
2023-01-16,2.2148070907195088,2.2148070907195088,20197706.0
2023-01-17,2.202294056308664,2.202294056308664,9525113.0
2023-01-18,2.1814389989572565,2.1814389989572565,8188160.0
2023-01-19,2.227320125130354,2.227320125130354,14814155.0
2023-01-20,2.2189781021897907,2.2189781021897907,11108451.0
2023-01-30,2.198123044838383,2.198123044838383,9781786.0
2023-01-31,2.139728884254441,2.139728884254441,12961190.0
2023-02-01,2.160583941605849,2.160583941605849,10637197.0
2023-02-02,2.1689259645464123,2.1689259645464123,10799249.0
2023-02-03,2.1480709071950046,2.1480709071950046,13157402.0
2023-02-06,2.0980187695516257,2.0980187695516257,16101720.0
2023-02-07,2.1021897810219072,2.1021897810219072,11935319.0
2023-02-08,2.1063607924921888,2.1063607924921888,8408120.0
2023-02-09,2.1355578727841595,2.1355578727841595,10233139.0
2023-02-10,2.1272158498435965,2.1272158498435965,10356245.0
2023-02-13,2.1438998957247226,2.1438998957247226,12704882.0
2023-02-14,2.148070907195004,2.148070907195004,9775415.0
2023-02-15,2.1147028154327514,2.1147028154327514,9664449.0
2023-02-16,2.1063607924921883,2.1063607924921883,11842058.0
2023-02-17,2.0938477580813437,2.0938477580813437,9885377.0
2023-02-20,2.1230448383733145,2.1230448383733145,14292578.0
2023-02-21,2.11053180396247,2.11053180396247,9504701.0
2023-02-22,2.0980187695516253,2.0980187695516253,7286583.0
2023-02-23,2.0771637122002176,2.0771637122002176,10926612.0
2023-02-24,2.0604796663190914,2.0604796663190914,8211012.0
2023-02-27,2.0396246089676837,2.0396246089676837,8164641.0
2023-02-28,2.060479666319092,2.060479666319092,9965960.0
2023-03-01,2.068821689259655,2.068821689259655,13619300.0
2023-03-02,2.0479666319082472,2.0479666319082472,9378272.0
2023-03-03,2.0521376433785288,2.0521376433785288,11045401.0
2023-03-06,2.0437956204379657,2.0437956204379657,9835776.0
2023-03-07,2.0104275286757134,2.0104275286757134,15494136.0
2023-03-08,2.0020855057351503,2.0020855057351503,9861842.0
2023-03-09,2.0020855057351503,2.0020855057351503,9504325.0
2023-03-10,2.0020855057351503,2.0020855057351503,15160784.0
2023-03-13,1.9895724713243057,1.9895724713243057,11362061.0
2023-03-14,1.9895724713243057,1.9895724713243057,14337897.0
2023-03-15,1.9812304483837426,1.9812304483837426,13300370.0
2023-03-16,1.9728884254431795,1.9728884254431795,11484838.0
2023-03-17,1.9311783107403642,1.9311783107403642,21796713.0
2023-03-20,1.9019812304483932,1.9019812304483932,14524521.0
2023-03-21,1.9645464025026163,1.9645464025026163,16855986.0
2023-03-22,1.9687174139728978,1.9687174139728978,11278340.0
2023-03-23,1.9687174139728978,1.9687174139728978,8264827.0
2023-03-24,1.9562043795620532,1.9562043795620532,9981562.0
2023-03-27,1.9770594369134609,1.9770594369134609,13523133.0
2023-03-28,1.9812304483837426,1.9812304483837426,8827394.0
2023-03-29,1.9645464025026163,1.9645464025026163,9257461.0
2023-03-30,1.9728884254431793,1.9728884254431793,8748594.0
2023-03-31,1.9603753910323347,1.9603753910323347,8460492.0
2023-04-03,1.9436913451512086,1.9436913451512086,15527387.0
2023-04-04,1.956204379562053,1.956204379562053,15915183.0
2023-04-06,1.9687174139728978,1.9687174139728978,17241631.0
2023-04-07,2.014598540145995,2.014598540145995,30501169.0
2023-04-10,2.031282586027121,2.031282586027121,24293107.0
2023-04-11,2.022940563086558,2.022940563086558,17241378.0
2023-04-12,2.006256517205432,2.006256517205432,14427070.0
2023-04-13,2.039624608967684,2.039624608967684,21859477.0
2023-04-14,2.0354535974974026,2.0354535974974026,20932553.0
2023-04-17,2.0437956204379657,2.0437956204379657,18147948.0
2023-04-18,2.022940563086558,2.022940563086558,18213479.0
2023-04-19,2.006256517205432,2.006256517205432,19182091.0
2023-04-20,1.9645464025026163,1.9645464025026163,22071059.0
2023-04-21,1.9353493222106455,1.9353493222106455,16868926.0
2023-04-24,1.9270072992700824,1.9270072992700824,14556561.0
2023-04-25,1.8978102189781114,1.8978102189781114,26902920.0
2023-04-26,1.8978102189781114,1.8978102189781114,13936500.0
2023-04-27,1.9144942648592376,1.9144942648592376,12920036.0
2023-04-28,1.9228362877998009,1.9228362877998009,12944866.0
2023-05-04,1.9270072992700824,1.9270072992700824,9876636.0
2023-05-05,1.8978102189781114,1.8978102189781114,12373690.0
2023-05-08,1.9061522419186745,1.9061522419186745,15384386.0
2023-05-09,1.8894681960375483,1.8894681960375483,14348721.0
2023-05-10,1.8936392075078299,1.8936392075078299,18305597.0
2023-05-11,1.8852971845672666,1.8852971845672666,15194674.0
2023-05-12,1.872784150156422,1.872784150156422,10543200.0
2023-05-15,1.9144942648592378,1.9144942648592378,13050778.0
2023-05-16,1.9311783107403642,1.9311783107403642,13565670.0
2023-05-17,1.9144942648592378,1.9144942648592378,9607312.0
2023-05-18,1.8978102189781114,1.8978102189781114,9237108.0
2023-05-19,1.9144942648592376,1.9144942648592376,11788585.0
2023-05-22,1.9270072992700822,1.9270072992700822,16239138.0
2023-05-23,1.9270072992700822,1.9270072992700822,12414692.0
2023-05-24,1.8978102189781112,1.8978102189781112,11172748.0
2023-05-25,1.8852971845672666,1.8852971845672666,11063228.0
2023-05-26,1.8894681960375483,1.8894681960375483,9899841.0
2023-05-29,1.8852971845672668,1.8852971845672668,10940896.0
2023-05-30,1.8644421272158591,1.8644421272158591,15508234.0
2023-05-31,1.8227320125130435,1.8227320125130435,16295503.0
2023-06-01,1.8394160583941697,1.8394160583941697,12792832.0
2023-06-02,1.847758081334733,1.847758081334733,11402572.0
2023-06-05,1.8352450469238883,1.8352450469238883,8432251.0
2023-06-06,1.8060479666319174,1.8060479666319174,11676762.0
2023-06-07,1.7768508863399464,1.7768508863399464,13926131.0
2023-06-08,1.7643378519291018,1.7643378519291018,13645289.0
2023-06-09,1.7851929092805094,1.7851929092805094,11327779.0
2023-06-12,1.7851929092805094,1.7851929092805094,9849335.0
2023-06-13,1.7893639207507908,1.7893639207507908,8787454.0
2023-06-14,1.797705943691354,1.797705943691354,12187377.0
2023-06-15,1.8394160583941697,1.8394160583941697,13913204.0
2023-06-16,1.847758081334733,1.847758081334733,10151679.0
2023-06-19,1.826903023983325,1.826903023983325,8074541.0
2023-06-20,1.8185610010427617,1.8185610010427617,10149475.0
2023-06-21,1.7726798748696646,1.7726798748696646,15026197.0
2023-06-26,1.7643378519291013,1.7643378519291013,12199998.0
2023-06-27,1.7685088633993826,1.7685088633993826,11899145.0
2023-06-28,1.755995828988538,1.755995828988538,8109361.0
2023-06-29,1.755995828988538,1.755995828988538,10473186.0
2023-06-30,1.7726798748696644,1.7726798748696644,12678570.0
2023-07-03,1.7893639207507908,1.7893639207507908,11268135.0
2023-07-04,1.8018769551616356,1.8018769551616356,16997318.0
2023-07-05,1.7851929092805092,1.7851929092805092,8585697.0
2023-07-06,1.7601668404588198,1.7601668404588198,12528633.0
2023-07-07,1.7559958289885382,1.7559958289885382,10957349.0
2023-07-10,1.7643378519291013,1.7643378519291013,12550196.0
2023-07-11,1.7810218978102277,1.7810218978102277,9820241.0
2023-07-12,1.7726798748696646,1.7726798748696646,7909352.0
2023-07-13,1.8060479666319171,1.8060479666319171,15625446.0
2023-07-14,1.7977059436913538,1.7977059436913538,8282852.0
2023-07-17,1.7810218978102275,1.7810218978102275,7883106.0
2023-07-18,1.793534932221072,1.793534932221072,7899695.0
2023-07-19,1.776850886339946,1.776850886339946,8929662.0
2023-07-20,1.7685088633993828,1.7685088633993828,7848152.0
2023-07-21,1.7893639207507908,1.7893639207507908,14712562.0
2023-07-24,1.797705943691354,1.797705943691354,11670659.0
2023-07-25,1.818561001042762,1.818561001042762,14719311.0
2023-07-26,1.8352450469238881,1.8352450469238881,14683961.0
2023-07-27,1.8394160583941697,1.8394160583941697,13639325.0
2023-07-28,1.8686131386861404,1.8686131386861404,15228032.0
2023-07-31,1.8227320125130433,1.8227320125130433,28375041.0
2023-08-01,1.8143899895724802,1.8143899895724802,20321622.0
2023-08-02,1.7851929092805092,1.7851929092805092,20520020.0
2023-08-03,1.8102189781021985,1.8102189781021985,16981642.0
2023-08-04,1.7977059436913536,1.7977059436913536,16341407.0
2023-08-07,1.7434827945776932,1.7434827945776932,38905788.0
2023-08-08,1.7518248175182562,1.7518248175182562,21448421.0
2023-08-09,1.7768508863399455,1.7768508863399455,23960459.0
2023-08-10,1.7810218978102268,1.7810218978102268,12145942.0
2023-08-11,1.7559958289885373,1.7559958289885373,13600778.0
2023-08-14,1.7643378519291004,1.7643378519291004,14749735.0
2023-08-15,1.747653806047974,1.747653806047974,14132047.0
2023-08-16,1.7518248175182556,1.7518248175182556,14199009.0
2023-08-17,1.7601668404588187,1.7601668404588187,12733636.0
2023-08-18,1.7351407716371292,1.7351407716371292,14271041.0
2023-08-21,1.718456725756003,1.718456725756003,16121519.0
2023-08-22,1.71011470281544,1.71011470281544,20035452.0
2023-08-23,1.6767466110531877,1.6767466110531877,12309749.0
2023-08-24,1.7184567257560028,1.7184567257560028,17579121.0
2023-08-25,1.7059436913451582,1.7059436913451582,12253718.0
2023-08-28,1.7309697601668474,1.7309697601668474,22150102.0
2023-08-29,1.755995828988537,1.755995828988537,15044554.0
2023-08-30,1.755995828988537,1.755995828988537,14187831.0
2023-08-31,1.7476538060479738,1.7476538060479738,10174795.0
2023-09-01,1.735140771637129,1.735140771637129,11431206.0
2023-09-04,1.7518248175182551,1.7518248175182551,11624351.0
2023-09-05,1.743482794577692,1.743482794577692,7973520.0
2023-09-06,1.7184567257560028,1.7184567257560028,12775087.0
2023-09-07,1.689259645464032,1.689259645464032,12111629.0
2023-09-08,1.689259645464032,1.689259645464032,11000136.0
2023-09-11,1.7309697601668474,1.7309697601668474,21058225.0
2023-09-12,1.7226277372262844,1.7226277372262844,8409229.0
2023-09-13,1.714285714285721,1.714285714285721,11769531.0
2023-09-14,1.714285714285721,1.714285714285721,9325994.0
2023-09-15,1.7393117831074103,1.7393117831074103,21650326.0
2023-09-18,1.7643378519290995,1.7643378519290995,17464559.0
2023-09-19,1.7559958289885365,1.7559958289885365,9174069.0
2023-09-20,1.7476538060479734,1.7476538060479734,8730792.0
2023-09-21,1.7309697601668472,1.7309697601668472,8686970.0
2023-09-22,1.7476538060479736,1.7476538060479736,11110462.0
2023-09-25,1.772679874869663,1.772679874869663,18039630.0
2023-09-26,1.7643378519290998,1.7643378519290998,6922198.0
2023-09-27,1.8018769551616336,1.8018769551616336,17158374.0
2023-09-28,1.7851929092805072,1.7851929092805072,10157687.0
2023-10-09,1.8060479666319151,1.8060479666319151,13345306.0
2023-10-10,1.7768508863399441,1.7768508863399441,9508719.0
2023-10-11,1.8143899895724782,1.8143899895724782,20835779.0
2023-10-12,1.8227320125130415,1.8227320125130415,12012348.0
2023-10-13,1.8143899895724784,1.8143899895724784,10696778.0
2023-10-16,1.7851929092805074,1.7851929092805074,14895137.0
2023-10-17,1.781021897810226,1.781021897810226,12763365.0
2023-10-18,1.751824817518255,1.751824817518255,13289645.0
2023-10-19,1.7309697601668472,1.7309697601668472,14093014.0
2023-10-20,1.7017726798748765,1.7017726798748765,17262564.0
2023-10-23,1.705943691345158,1.705943691345158,13690770.0
2023-10-24,1.714285714285721,1.714285714285721,16473037.0
2023-10-25,1.7017726798748765,1.7017726798748765,19234913.0
2023-10-26,1.7184567257560026,1.7184567257560026,14983779.0
2023-10-27,1.7768508863399444,1.7768508863399444,28124862.0
2023-10-30,1.826903023983323,1.826903023983323,28871019.0
2023-10-31,1.826903023983323,1.826903023983323,15083914.0
2023-11-01,1.8143899895724782,1.8143899895724782,13383779.0
2023-11-02,1.8060479666319151,1.8060479666319151,10917178.0
2023-11-03,1.8143899895724782,1.8143899895724782,12651223.0
2023-11-06,1.8561001042752938,1.8561001042752938,19258938.0
2023-11-07,1.843587069864449,1.843587069864449,11552662.0
2023-11-08,1.8561001042752936,1.8561001042752936,15243094.0
2023-11-09,1.8394160583941672,1.8394160583941672,11627344.0
2023-11-10,1.8352450469238857,1.8352450469238857,10091283.0
2023-11-13,1.814389989572478,1.814389989572478,11805039.0
2023-11-14,1.814389989572478,1.814389989572478,9261435.0
2023-11-15,1.835245046923886,1.835245046923886,15476211.0
2023-11-16,1.8018769551616334,1.8018769551616334,11753415.0
2023-11-17,1.814389989572478,1.814389989572478,9978606.0
2023-11-20,1.8310740354536041,1.8310740354536041,12290998.0
2023-11-21,1.8310740354536041,1.8310740354536041,11685589.0
2023-11-22,1.806047966631915,1.806047966631915,11622729.0
2023-11-23,1.814389989572478,1.814389989572478,9580872.0
2023-11-24,1.8102189781021965,1.8102189781021965,10032168.0
2023-11-27,1.7935349322210703,1.7935349322210703,12281523.0
2023-11-28,1.8185610010427598,1.8185610010427598,11347191.0
2023-11-29,1.8102189781021967,1.8102189781021967,9922382.0
2023-11-30,1.81856100104276,1.81856100104276,10874199.0
2023-12-01,1.810218978102197,1.810218978102197,15145622.0
2023-12-04,1.7601668404588182,1.7601668404588182,16260100.0
2023-12-05,1.7351407716371288,1.7351407716371288,15788242.0
2023-12-06,1.7393117831074105,1.7393117831074105,20857431.0
2023-12-07,1.7184567257560026,1.7184567257560026,11787595.0
2023-12-08,1.7351407716371288,1.7351407716371288,11700229.0
2023-12-11,1.7476538060479736,1.7476538060479736,12860940.0
2023-12-12,1.7393117831074105,1.7393117831074105,8554965.0
2023-12-13,1.7226277372262842,1.7226277372262842,10555346.0
2023-12-14,1.7184567257560026,1.7184567257560026,10761211.0
2023-12-15,1.697601668404595,1.697601668404595,19675574.0
2023-12-18,1.697601668404595,1.697601668404595,16929414.0
2023-12-19,1.680917622523469,1.680917622523469,15072410.0
2023-12-20,1.6725755995829057,1.6725755995829057,10710150.0
2023-12-21,1.689259645464032,1.689259645464032,13245079.0
2023-12-22,1.6809176225234688,1.6809176225234688,13814895.0
2023-12-25,1.68508863399375,1.68508863399375,9089030.0
2023-12-26,1.6725755995829055,1.6725755995829055,10349618.0
2023-12-27,1.6809176225234685,1.6809176225234685,11940032.0
2023-12-28,1.710114702815439,1.710114702815439,20774226.0
2023-12-29,1.7142857142857206,1.7142857142857206,12202670.0
2024-01-02,1.6976016684045945,1.6976016684045945,10384187.0
2024-01-03,1.6892596454640316,1.6892596454640316,12578833.0
2024-01-04,1.6725755995829055,1.6725755995829055,15865270.0
2024-01-05,1.639207507820653,1.639207507820653,18239961.0
2024-01-08,1.6225234619395268,1.6225234619395268,12157971.0
2024-01-09,1.626694473409808,1.626694473409808,14170862.0
2024-01-10,1.610010427528682,1.610010427528682,13077975.0
2024-01-11,1.6266944734098083,1.6266944734098083,13344787.0
2024-01-12,1.6016684045881189,1.6016684045881189,13564838.0
2024-01-15,1.6058394160584006,1.6058394160584006,11245125.0
2024-01-16,1.6058394160584006,1.6058394160584006,14345236.0
2024-01-17,1.5683003128258666,1.5683003128258666,13932365.0
2024-01-18,1.5891553701772745,1.5891553701772745,19684678.0
2024-01-19,1.5891553701772745,1.5891553701772745,12674340.0
2024-01-22,1.5599582898853035,1.5599582898853035,14862454.0
2024-01-23,1.564129301355585,1.564129301355585,13717069.0
2024-01-24,1.5808133472367112,1.5808133472367112,13708981.0
2024-01-25,1.5933263816475558,1.5933263816475558,18016153.0
2024-01-26,1.5474452554744587,1.5474452554744587,22655636.0
2024-01-29,1.5015641293013613,1.5015641293013613,19797954.0
2024-01-30,1.4723670490093903,1.4723670490093903,18045320.0
2024-01-31,1.4223149113660118,1.4223149113660118,18800176.0
2024-02-01,1.4348279457768562,1.4348279457768562,17586005.0
2024-02-02,1.3931178310740409,1.3931178310740409,20325081.0
2024-02-05,1.4181438998957303,1.4181438998957303,23697601.0
2024-02-06,1.5140771637122061,1.5140771637122061,24718606.0
2024-02-07,1.55161626694474,1.55161626694474,15584473.0
2024-02-08,1.5349322210636138,1.5349322210636138,12164809.0
2024-02-19,1.5391032325338956,1.5391032325338956,13694132.0
2024-02-20,1.5474452554744587,1.5474452554744587,9135485.0
2024-02-21,1.5641293013555848,1.5641293013555848,13985842.0
2024-02-22,1.5683003128258663,1.5683003128258663,8824855.0
2024-02-23,1.5641293013555848,1.5641293013555848,9439423.0
2024-02-26,1.5599582898853033,1.5599582898853033,10329867.0
2024-02-27,1.5766423357664296,1.5766423357664296,12171425.0
2024-02-28,1.5516162669447402,1.5516162669447402,20316840.0
2024-02-29,1.5808133472367112,1.5808133472367112,12711455.0
2024-03-01,1.5766423357664296,1.5766423357664296,9580601.0
2024-03-04,1.6141814389989635,1.6141814389989635,16768345.0
2024-03-05,1.610010427528682,1.610010427528682,11976837.0
2024-03-06,1.6016684045881189,1.6016684045881189,8050043.0
2024-03-07,1.5391032325338956,1.5391032325338956,16391620.0
2024-03-08,1.543274244004177,1.543274244004177,10311490.0
2024-03-11,1.5849843587069925,1.5849843587069925,15305945.0
2024-03-12,1.6225234619395266,1.6225234619395266,17889299.0
2024-03-13,1.6058394160584004,1.6058394160584004,11939268.0
2024-03-14,1.6141814389989635,1.6141814389989635,16621244.0
2024-03-15,1.6016684045881189,1.6016684045881189,9866049.0
2024-03-18,1.610010427528682,1.610010427528682,11512936.0
2024-03-19,1.589155370177274,1.589155370177274,11255755.0
2024-03-20,1.580813347236711,1.580813347236711,10922543.0
2024-03-21,1.5683003128258663,1.5683003128258663,9386525.0
2024-03-22,1.5474452554744584,1.5474452554744584,13412979.0
2024-03-25,1.5391032325338954,1.5391032325338954,8458078.0
2024-03-26,1.5307612095933323,1.5307612095933323,10045181.0
2024-03-27,1.514077163712206,1.514077163712206,8791692.0
2024-03-28,1.5224191866527692,1.5224191866527692,9516498.0
2024-03-29,1.5140771637122061,1.5140771637122061,8297866.0
2024-04-01,1.5391032325338954,1.5391032325338954,10557547.0
2024-04-02,1.5140771637122061,1.5140771637122061,10949692.0
2024-04-03,1.5057351407716428,1.5057351407716428,11875267.0
2024-04-08,1.4765380604796718,1.4765380604796718,10496725.0
2024-04-09,1.5057351407716428,1.5057351407716428,12684637.0
2024-04-10,1.4807090719499534,1.4807090719499534,8758495.0
2024-04-11,1.4723670490093903,1.4723670490093903,12489385.0
2024-04-12,1.4515119916579824,1.4515119916579824,8775234.0
2024-04-15,1.4681960375391088,1.4681960375391088,11395668.0
2024-04-16,1.4515119916579826,1.4515119916579826,9930269.0
2024-04-17,1.4765380604796718,1.4765380604796718,14455039.0
2024-04-18,1.4598540145985457,1.4598540145985457,11755343.0
2024-04-19,1.447340980187701,1.447340980187701,10100885.0
2024-04-22,1.4556830031282644,1.4556830031282644,7676716.0
2024-04-23,1.4723670490093905,1.4723670490093905,15929882.0
2024-04-24,1.4640250260688275,1.4640250260688275,9757217.0
2024-04-25,1.4640250260688275,1.4640250260688275,9969721.0
2024-04-26,1.49739311783108,1.49739311783108,16307335.0
2024-04-29,1.5391032325338956,1.5391032325338956,20705516.0
2024-04-30,1.534932221063614,1.534932221063614,11941968.0
2024-05-06,1.5724713242961479,1.5724713242961479,15367478.0
2024-05-07,1.5724713242961479,1.5724713242961479,9026841.0
2024-05-08,1.55161626694474,1.55161626694474,10057444.0
2024-05-09,1.5557872784150215,1.5557872784150215,11051736.0
2024-05-10,1.5474452554744584,1.5474452554744584,8161790.0
2024-05-13,1.5474452554744584,1.5474452554744584,9934690.0
2024-05-14,1.5683003128258661,1.5683003128258661,13003315.0
2024-05-15,1.5432742440041767,1.5432742440041767,8556798.0
2024-05-16,1.5391032325338951,1.5391032325338951,11151780.0
2024-05-17,1.5391032325338951,1.5391032325338951,13613229.0
2024-05-20,1.5391032325338951,1.5391032325338951,11699664.0
2024-05-21,1.5224191866527688,1.5224191866527688,8279776.0
2024-05-22,1.5182481751824872,1.5182481751824872,9688796.0
2024-05-23,1.4973931178310793,1.4973931178310793,9744571.0
2024-05-24,1.480709071949953,1.480709071949953,12624861.0
2024-05-27,1.489051094890516,1.489051094890516,9200947.0
2024-05-28,1.480709071949953,1.480709071949953,8244251.0
2024-05-29,1.480709071949953,1.480709071949953,7111467.0
2024-05-30,1.4723670490093899,1.4723670490093899,8090870.0
2024-05-31,1.4681960375391083,1.4681960375391083,8431083.0
2024-06-03,1.459854014598545,1.459854014598545,10478995.0
2024-06-04,1.489051094890516,1.489051094890516,12858061.0
2024-06-05,1.489051094890516,1.489051094890516,9604312.0
2024-06-06,1.4723670490093899,1.4723670490093899,9399801.0
2024-06-07,1.4681960375391083,1.4681960375391083,8985390.0
2024-06-11,1.47236704900939,1.47236704900939,9441007.0
2024-06-12,1.4765380604796716,1.4765380604796716,11850917.0
2024-06-13,1.4556830031282637,1.4556830031282637,11176363.0
2024-06-14,1.4473409801877006,1.4473409801877006,15162386.0
2024-06-17,1.4473409801877006,1.4473409801877006,7311715.0
2024-06-18,1.4306569343065745,1.4306569343065745,10657551.0
2024-06-19,1.4223149113660114,1.4223149113660114,8519605.0
2024-06-20,1.4014598540146037,1.4014598540146037,12027890.0
2024-06-21,1.3931178310740406,1.3931178310740406,10742497.0
2024-06-24,1.380604796663196,1.380604796663196,12161243.0
2024-06-25,1.372262773722633,1.372262773722633,10923936.0
2024-06-26,1.3931178310740406,1.3931178310740406,11285290.0
2024-06-27,1.3722627737226327,1.3722627737226327,9655909.0
2024-06-28,1.359749739311788,1.359749739311788,12985833.0
2024-07-01,1.3639207507820696,1.3639207507820696,10589362.0
2024-07-02,1.3472367049009435,1.3472367049009435,12197357.0
2024-07-03,1.343065693430662,1.343065693430662,10442992.0
2024-07-04,1.3222106360792543,1.3222106360792543,13886234.0
2024-07-05,1.3555787278415068,1.3555787278415068,15643740.0
2024-07-08,1.3222106360792543,1.3222106360792543,11940167.0
2024-07-09,1.3305526590198173,1.3305526590198173,12029734.0
2024-07-10,1.3305526590198173,1.3305526590198173,11466622.0
2024-07-11,1.372262773722633,1.372262773722633,15979240.0
2024-07-12,1.372262773722633,1.372262773722633,10405479.0
2024-07-15,1.3597497393117883,1.3597497393117883,7557291.0
2024-07-16,1.3639207507820699,1.3639207507820699,7399489.0
2024-07-17,1.3972888425443222,1.3972888425443222,17373708.0
2024-07-18,1.4098018769551668,1.4098018769551668,12139167.0
2024-07-19,1.4223149113660114,1.4223149113660114,10548320.0
2024-07-22,1.426485922836293,1.426485922836293,10951613.0
2024-07-23,1.3847758081334773,1.3847758081334773,12087986.0
2024-07-24,1.368091762252351,1.368091762252351,10082911.0
2024-07-25,1.368091762252351,1.368091762252351,8670081.0
2024-07-26,1.368091762252351,1.368091762252351,10795537.0
2024-07-29,1.3430656934306615,1.3430656934306615,10025093.0
2024-07-30,1.3347236704900984,1.3347236704900984,11816239.0
2024-07-31,1.3931178310740402,1.3931178310740402,18368484.0
2024-08-01,1.3847758081334771,1.3847758081334771,11073904.0
2024-08-02,1.3931178310740404,1.3931178310740404,15063954.0
2024-08-05,1.3931178310740404,1.3931178310740404,15068408.0
2024-08-06,1.4098018769551668,1.4098018769551668,11955259.0
2024-08-07,1.4014598540146037,1.4014598540146037,10877460.0
2024-08-08,1.4098018769551668,1.4098018769551668,12052067.0
2024-08-09,1.3806047966631958,1.3806047966631958,11296054.0
2024-08-12,1.4014598540146035,1.4014598540146035,10474160.0
2024-08-13,1.3847758081334773,1.3847758081334773,11186203.0
2024-08-14,1.368091762252351,1.368091762252351,8067816.0
2024-08-15,1.3722627737226323,1.3722627737226323,10041288.0
2024-08-16,1.3722627737226323,1.3722627737226323,8026787.0
2024-08-19,1.3597497393117877,1.3597497393117877,7853358.0
2024-08-20,1.3430656934306613,1.3430656934306613,8240900.0
2024-08-21,1.3347236704900982,1.3347236704900982,6064612.0
2024-08-22,1.3263816475495351,1.3263816475495351,8950008.0
2024-08-23,1.3222106360792536,1.3222106360792536,7173322.0
2024-08-26,1.3138686131386905,1.3138686131386905,9608756.0
2024-08-27,1.3138686131386905,1.3138686131386905,6869731.0
2024-08-28,1.309697601668409,1.309697601668409,7806838.0
2024-08-29,1.3222106360792538,1.3222106360792538,9603620.0
2024-08-30,1.3472367049009433,1.3472367049009433,13011310.0
2024-09-02,1.3180396246089723,1.3180396246089723,9657740.0
2024-09-03,1.3347236704900987,1.3347236704900987,9093931.0
2024-09-04,1.3305526590198171,1.3305526590198171,9076812.0
2024-09-05,1.3430656934306617,1.3430656934306617,8322386.0
2024-09-06,1.3180396246089723,1.3180396246089723,8810329.0
2024-09-09,1.3180396246089723,1.3180396246089723,10389747.0
2024-09-10,1.3096976016684092,1.3096976016684092,9588801.0
2024-09-11,1.313868613138691,1.313868613138691,8722741.0
2024-09-12,1.2971845672575646,1.2971845672575646,10874667.0
2024-09-13,1.293013555787283,1.293013555787283,9005957.0
2024-09-18,1.2888425443170015,1.2888425443170015,8038577.0
2024-09-19,1.3013555787278461,1.3013555787278461,10916658.0
2024-09-20,1.2846715328467198,1.2846715328467198,12192536.0
2024-09-23,1.2805005213764382,1.2805005213764382,11064006.0
2024-09-24,1.3222106360792538,1.3222106360792538,21972640.0
2024-09-25,1.3430656934306617,1.3430656934306617,26138409.0
2024-09-26,1.397288842544322,1.397288842544322,28715618.0
2024-09-27,1.5140771637122055,1.5140771637122055,30863992.0
2024-09-30,1.6642335766423417,1.6642335766423417,57248015.0
2024-10-08,1.8310740354536041,1.8310740354536041,85738307.0
2024-10-09,1.6684045881126235,1.6684045881126235,48582490.0
2024-10-10,1.6684045881126235,1.6684045881126235,31582466.0
2024-10-11,1.5808133472367107,1.5808133472367107,37076396.0
2024-10-14,1.5933263816475554,1.5933263816475554,24663321.0
2024-10-15,1.5432742440041767,1.5432742440041767,21669995.0
2024-10-16,1.5140771637122057,1.5140771637122057,22367346.0
2024-10-17,1.501564129301361,1.501564129301361,16222348.0
2024-10-18,1.5683003128258661,1.5683003128258661,40260193.0
2024-10-21,1.5724713242961477,1.5724713242961477,37555464.0
2024-10-22,1.5891553701772738,1.5891553701772738,24064626.0
2024-10-23,1.5933263816475556,1.5933263816475556,31799924.0
2024-10-24,1.5683003128258663,1.5683003128258663,21545744.0
2024-10-25,1.5933263816475558,1.5933263816475558,31423186.0
2024-10-28,1.6058394160584006,1.6058394160584006,27274987.0
2024-10-29,1.5766423357664296,1.5766423357664296,28350339.0
2024-10-30,1.5557872784150217,1.5557872784150217,20683206.0
2024-10-31,1.5432742440041771,1.5432742440041771,23033684.0
2024-11-01,1.5474452554744587,1.5474452554744587,21072259.0
2024-11-04,1.5641293013555848,1.5641293013555848,15001055.0
2024-11-05,1.5974973931178373,1.5974973931178373,34741044.0
2024-11-06,1.5933263816475558,1.5933263816475558,32883400.0
2024-11-07,1.655891553701779,1.655891553701779,44923584.0
2024-11-08,1.6433785192909345,1.6433785192909345,35063713.0
2024-11-11,1.655891553701779,1.655891553701779,31941312.0
2024-11-12,1.6767466110531868,1.6767466110531868,53081632.0
2024-11-13,1.6642335766423422,1.6642335766423422,27404119.0
2024-11-14,1.6141814389989635,1.6141814389989635,25100863.0
2024-11-15,1.5849843587069925,1.5849843587069925,23572492.0
2024-11-18,1.5641293013555846,1.5641293013555846,23244497.0
2024-11-19,1.5808133472367107,1.5808133472367107,17927713.0
2024-11-20,1.6141814389989633,1.6141814389989633,31385501.0
2024-11-21,1.6058394160584,1.6058394160584,17796558.0
2024-11-22,1.5474452554744582,1.5474452554744582,23205364.0
2024-11-25,1.5349322210636136,1.5349322210636136,18976879.0
2024-11-26,1.5432742440041767,1.5432742440041767,18856170.0
2024-11-27,1.5683003128258661,1.5683003128258661,17637432.0
2024-11-28,1.5557872784150215,1.5557872784150215,13671628.0
2024-11-29,1.5724713242961477,1.5724713242961477,19170062.0
2024-12-02,1.5891553701772738,1.5891553701772738,16947703.0
2024-12-03,1.5808133472367107,1.5808133472367107,20267505.0
2024-12-04,1.559958289885303,1.559958289885303,13981093.0
2024-12-05,1.5557872784150215,1.5557872784150215,12603120.0
2024-12-06,1.5933263816475556,1.5933263816475556,23949840.0
2024-12-09,1.5974973931178373,1.5974973931178373,16410709.0
2024-12-10,1.5891553701772743,1.5891553701772743,28440386.0
2024-12-11,1.5891553701772743,1.5891553701772743,15003909.0
2024-12-12,1.6058394160584006,1.6058394160584006,24150833.0
2024-12-13,1.5599582898853035,1.5599582898853035,21055531.0
2024-12-16,1.5432742440041771,1.5432742440041771,15760735.0
2024-12-17,1.5391032325338956,1.5391032325338956,15036892.0
2024-12-18,1.543274244004177,1.543274244004177,10118322.0
2024-12-19,1.5391032325338954,1.5391032325338954,14832498.0
2024-12-20,1.5349322210636138,1.5349322210636138,14020012.0
2024-12-23,1.5265901981230507,1.5265901981230507,18942227.0
2024-12-24,1.543274244004177,1.543274244004177,12353110.0
2024-12-25,1.5391032325338954,1.5391032325338954,14359539.0
2024-12-26,1.5307612095933323,1.5307612095933323,9464518.0
2024-12-27,1.5265901981230507,1.5265901981230507,14722871.0
2024-12-30,1.5265901981230507,1.5265901981230507,12928898.0
2024-12-31,1.5057351407716428,1.5057351407716428,15520326.0
2025-01-02,1.4640250260688272,1.4640250260688272,23732602.0
2025-01-03,1.4515119916579826,1.4515119916579826,17516211.0
2025-01-06,1.4556830031282642,1.4556830031282642,18031285.0
2025-01-07,1.4348279457768565,1.4348279457768565,19215013.0
2025-01-08,1.422314911366012,1.422314911366012,19307607.0
2025-01-09,1.422314911366012,1.422314911366012,10451387.0
2025-01-10,1.4014598540146044,1.4014598540146044,14152011.0
2025-01-13,1.4098018769551675,1.4098018769551675,13621894.0
2025-01-14,1.4431699687174198,1.4431699687174198,18159909.0
2025-01-15,1.4306569343065754,1.4306569343065754,10902060.0
2025-01-16,1.4181438998957308,1.4181438998957308,15823656.0
2025-01-17,1.4223149113660123,1.4223149113660123,11179710.0
2025-01-20,1.4473409801877013,1.4473409801877013,19701019.0
2025-01-21,1.4431699687174198,1.4431699687174198,12407105.0
2025-01-22,1.4264859228362936,1.4264859228362936,10245222.0
2025-01-23,1.4306569343065754,1.4306569343065754,15239917.0
2025-01-24,1.4431699687174198,1.4431699687174198,15346844.0
2025-01-27,1.4431699687174198,1.4431699687174198,10719766.0
2025-02-05,1.4431699687174198,1.4431699687174198,12729438.0
2025-02-06,1.4556830031282644,1.4556830031282644,17143361.0
2025-02-07,1.476538060479672,1.476538060479672,29811745.0
2025-02-10,1.4890510948905167,1.4890510948905167,18716041.0
2025-02-11,1.4723670490093905,1.4723670490093905,12784427.0
2025-02-12,1.476538060479672,1.476538060479672,12732094.0
2025-02-13,1.4723670490093905,1.4723670490093905,17640043.0
2025-02-14,1.5099061522419248,1.5099061522419248,33745915.0
2025-02-17,1.5182481751824881,1.5182481751824881,25468299.0
2025-02-18,1.4890510948905171,1.4890510948905171,19154122.0
2025-02-19,1.4932221063607987,1.4932221063607987,19489555.0
2025-02-20,1.5224191866527694,1.5224191866527694,25458188.0
2025-02-21,1.5557872784150217,1.5557872784150217,33739665.0
2025-02-24,1.5349322210636138,1.5349322210636138,20584093.0
2025-02-25,1.5099061522419246,1.5099061522419246,14607642.0
2025-02-26,1.5307612095933323,1.5307612095933323,15714102.0
2025-02-27,1.5307612095933323,1.5307612095933323,17705548.0
2025-02-28,1.4890510948905167,1.4890510948905167,21544599.0
2025-03-03,1.4932221063607982,1.4932221063607982,17126252.0
2025-03-04,1.4973931178310798,1.4973931178310798,11706498.0
2025-03-05,1.4848800834202351,1.4848800834202351,13194404.0
2025-03-06,1.5099061522419244,1.5099061522419244,18432102.0
2025-03-07,1.4932221063607982,1.4932221063607982,17002344.0
2025-03-10,1.4973931178310798,1.4973931178310798,13259432.0
2025-03-11,1.5015641293013613,1.5015641293013613,14029852.0
2025-03-12,1.4890510948905167,1.4890510948905167,12117633.0
2025-03-13,1.4848800834202351,1.4848800834202351,11238660.0
2025-03-14,1.5265901981230507,1.5265901981230507,31949123.0
2025-03-17,1.5224191866527692,1.5224191866527692,12733118.0
2025-03-18,1.5432742440041771,1.5432742440041771,23558794.0
2025-03-19,1.5432742440041771,1.5432742440041771,21264363.0
2025-03-20,1.526590198123051,1.526590198123051,15933188.0
2025-03-21,1.5015641293013615,1.5015641293013615,17960212.0
2025-03-24,1.49739311783108,1.49739311783108,12421494.0
2025-03-25,1.5015641293013615,1.5015641293013615,9868946.0
2025-03-26,1.49739311783108,1.49739311783108,12504119.0
2025-03-27,1.5265901981230507,1.5265901981230507,22569094.0
2025-03-28,1.5265901981230507,1.5265901981230507,20357154.0
2025-03-31,1.5099061522419246,1.5099061522419246,13144868.0
2025-04-01,1.5599582898853035,1.5599582898853035,33389215.0
2025-04-02,1.5391032325338956,1.5391032325338956,22042534.0
2025-04-03,1.5265901981230507,1.5265901981230507,18152853.0
2025-04-07,1.4264859228362934,1.4264859228362934,34384073.0
2025-04-08,1.4348279457768565,1.4348279457768565,23118548.0
2025-04-09,1.4306569343065751,1.4306569343065751,23328799.0
2025-04-10,1.4515119916579826,1.4515119916579826,22127903.0
2025-04-11,1.4556830031282642,1.4556830031282642,17246953.0
2025-04-14,1.4598540145985457,1.4598540145985457,14013838.0
2025-04-15,1.447340980187701,1.447340980187701,13264453.0
2025-04-16,1.4515119916579826,1.4515119916579826,14838092.0
2025-04-17,1.4515119916579826,1.4515119916579826,11331670.0
2025-04-18,1.447340980187701,1.447340980187701,9115742.0
2025-04-21,1.4515119916579826,1.4515119916579826,11351020.0
2025-04-22,1.468196037539109,1.468196037539109,16624131.0
2025-04-23,1.4640250260688275,1.4640250260688275,9673032.0
2025-04-24,1.4681960375391092,1.4681960375391092,12145435.0
2025-04-25,1.4640250260688277,1.4640250260688277,15687915.0
2025-04-28,1.4556830031282646,1.4556830031282646,11567270.0
2025-04-29,1.4598540145985461,1.4598540145985461,8991349.0
2025-04-30,1.4765380604796723,1.4765380604796723,16545879.0
2025-05-06,1.489051094890517,1.489051094890517,10318688.0
2025-05-07,1.489051094890517,1.489051094890517,11545086.0
2025-05-08,1.489051094890517,1.489051094890517,6364841.0
2025-05-09,1.4932221063607984,1.4932221063607984,9731562.0
2025-05-12,1.489051094890517,1.489051094890517,12749290.0
2025-05-13,1.5015641293013615,1.5015641293013615,16052127.0
2025-05-14,1.5140771637122061,1.5140771637122061,14042599.0
2025-05-15,1.5140771637122061,1.5140771637122061,10945360.0
2025-05-16,1.5140771637122061,1.5140771637122061,9219030.0
2025-05-19,1.5140771637122061,1.5140771637122061,7317803.0
2025-05-20,1.534932221063614,1.534932221063614,14461947.0
2025-05-21,1.5474452554744587,1.5474452554744587,17577253.0
2025-05-22,1.5391032325338956,1.5391032325338956,12415676.0
2025-05-23,1.543274244004177,1.543274244004177,18124069.0
2025-05-26,1.5224191866527692,1.5224191866527692,13241419.0
2025-05-27,1.5307612095933323,1.5307612095933323,8928339.0
2025-05-28,1.5307612095933323,1.5307612095933323,7961019.0
2025-05-29,1.5516162669447402,1.5516162669447402,13270970.0
2025-05-30,1.5557872784150217,1.5557872784150217,13342322.0
2025-06-03,1.5641293013555848,1.5641293013555848,11418739.0
2025-06-04,1.580813347236711,1.580813347236711,15747422.0
2025-06-05,1.5683003128258663,1.5683003128258663,12061422.0
2025-06-06,1.5557872784150217,1.5557872784150217,9378189.0
2025-06-09,1.5766423357664296,1.5766423357664296,16030875.0
2025-06-10,1.5808133472367112,1.5808133472367112,18755288.0
2025-06-11,1.5766423357664296,1.5766423357664296,10643951.0
2025-06-12,1.5974973931178376,1.5974973931178376,14833157.0
2025-06-13,1.5724713242961483,1.5724713242961483,19543898.0
2025-06-16,1.5599582898853035,1.5599582898853035,20859707.0
2025-06-17,1.5307612095933327,1.5307612095933327,18545392.0
2025-06-18,1.5224191866527697,1.5224191866527697,7618170.0
2025-06-19,1.5057351407716435,1.5057351407716435,12390929.0
2025-06-20,1.5140771637122066,1.5140771637122066,6934309.0
2025-06-23,1.5140771637122066,1.5140771637122066,12236042.0
2025-06-24,1.5224191866527699,1.5224191866527699,16042051.0
2025-06-25,1.539103232533896,1.539103232533896,13788382.0
2025-06-26,1.5265901981230512,1.5265901981230512,13598213.0
2025-06-27,1.5224191866527697,1.5224191866527697,12545396.0
2025-06-30,1.5349322210636145,1.5349322210636145,12341209.0
2025-07-01,1.5432742440041776,1.5432742440041776,9648629.0
2025-07-02,1.5349322210636143,1.5349322210636143,9281595.0
2025-07-03,1.5432742440041773,1.5432742440041773,8884092.0
2025-07-04,1.5474452554744589,1.5474452554744589,13182006.0
2025-07-07,1.5307612095933327,1.5307612095933327,11080805.0
2025-07-08,1.539103232533896,1.539103232533896,12224160.0
2025-07-09,1.5599582898853037,1.5599582898853037,19489286.0
2025-07-10,1.5641293013555853,1.5641293013555853,12501125.0
2025-07-11,1.5891553701772747,1.5891553701772747,23076079.0
2025-07-14,1.5849843587069932,1.5849843587069932,11141196.0
2025-07-15,1.5891553701772745,1.5891553701772745,14611557.0
2025-07-16,1.5891553701772745,1.5891553701772745,10793129.0
2025-07-17,1.6141814389989637,1.6141814389989637,17371193.0
2025-07-18,1.63086548488009,1.63086548488009,17165796.0
2025-07-21,1.6266944734098086,1.6266944734098086,15059095.0
2025-07-22,1.6350364963503716,1.6350364963503716,15988152.0
2025-07-23,1.6392075078206534,1.6392075078206534,15731984.0
2025-07-24,1.672575599582906,1.672575599582906,22761683.0
2025-07-25,1.672575599582906,1.672575599582906,23417186.0
2025-07-28,1.7101147028154398,1.7101147028154398,28187925.0
2025-07-29,1.755995828988537,1.755995828988537,32614342.0
2025-07-30,1.7685088633993815,1.7685088633993815,33852572.0
2025-07-31,1.735140771637129,1.735140771637129,27405896.0
2025-08-01,1.705943691345158,1.705943691345158,21611189.0
2025-08-04,1.705943691345158,1.705943691345158,20769714.0
2025-08-05,1.714285714285721,1.714285714285721,14175015.0
2025-08-06,1.7101147028154395,1.7101147028154395,12553293.0
2025-08-07,1.697601668404595,1.697601668404595,12992767.0
2025-08-08,1.6934306569343136,1.6934306569343136,13048616.0
2025-08-11,1.697601668404595,1.697601668404595,12950526.0
2025-08-12,1.7017726798748767,1.7017726798748767,12948331.0
2025-08-13,1.743482794577692,1.743482794577692,19073477.0
2025-08-14,1.7309697601668474,1.7309697601668474,17445359.0
2025-08-15,1.7393117831074105,1.7393117831074105,13144863.0
2025-08-18,1.743482794577692,1.743482794577692,17689594.0
2025-08-19,1.714285714285721,1.714285714285721,21538508.0
2025-08-20,1.7309697601668472,1.7309697601668472,14088818.0
2025-08-21,1.751824817518255,1.751824817518255,21427562.0
2025-08-22,1.768508863399381,1.768508863399381,14513236.0
2025-08-25,1.8102189781021967,1.8102189781021967,21584696.0
2025-08-26,1.7893639207507888,1.7893639207507888,15108255.0
2025-08-27,1.7518248175182547,1.7518248175182547,22206608.0
2025-08-28,1.7476538060479732,1.7476538060479732,21589603.0
2025-08-29,1.7977059436913518,1.7977059436913518,22199904.0
2025-09-01,1.8602711157455754,1.8602711157455754,28552722.0
2025-09-02,1.8686131386861384,1.8686131386861384,23779453.0
2025-09-03,1.864442127215857,1.864442127215857,18896820.0
2025-09-04,1.797705943691352,1.797705943691352,22891327.0
2025-09-05,1.8602711157455756,1.8602711157455756,19373243.0
2025-09-08,1.9019812304483914,1.9019812304483914,20982986.0
2025-09-09,1.8561001042752943,1.8561001042752943,17771972.0
2025-09-10,1.8477580813347312,1.8477580813347312,12659118.0
2025-09-11,1.8352450469238866,1.8352450469238866,25368331.0
2025-09-12,1.839416058394168,1.839416058394168,16134086.0
2025-09-15,1.8477580813347314,1.8477580813347314,12714927.0
2025-09-16,1.839416058394168,1.839416058394168,11959318.0
2025-09-17,1.8561001042752943,1.8561001042752943,13326728.0
2025-09-18,1.8477580813347312,1.8477580813347312,18562357.0
2025-09-19,1.831074035453605,1.831074035453605,12430298.0
2025-09-22,1.8352450469238868,1.8352450469238868,12481386.0
2025-09-23,1.8018769551616343,1.8018769551616343,15753766.0
2025-09-24,1.8143899895724789,1.8143899895724789,9486023.0
2025-09-25,1.8477580813347316,1.8477580813347316,14924221.0
2025-09-26,1.806047966631916,1.806047966631916,11718900.0
2025-09-29,1.814389989572479,1.814389989572479,12884779.0
2025-09-30,1.8602711157455765,1.8602711157455765,14522228.0
2025-10-09,1.8686131386861395,1.8686131386861395,21059070.0
2025-10-10,1.8227320125130424,1.8227320125130424,16652130.0
2025-10-13,1.7768508863399453,1.7768508863399453,18749972.0
2025-10-14,1.7351407716371297,1.7351407716371297,21171570.0
2025-10-15,1.7601668404588189,1.7601668404588189,25757459.0
2025-10-16,1.768508863399382,1.768508863399382,16734247.0
2025-10-17,1.730969760166848,1.730969760166848,17415904.0
2025-10-20,1.7267987486965664,1.7267987486965664,10863035.0
2025-10-21,1.7476538060479743,1.7476538060479743,10450443.0
2025-10-22,1.7351407716371294,1.7351407716371294,8165487.0
2025-10-23,1.7351407716371294,1.7351407716371294,12474381.0
2025-10-24,1.7393117831074112,1.7393117831074112,10049667.0
2025-10-27,1.7643378519291004,1.7643378519291004,15021218.0
2025-10-28,1.7351407716371294,1.7351407716371294,13291468.0
2025-10-29,1.7518248175182556,1.7518248175182556,12510757.0
2025-10-30,1.7059436913451584,1.7059436913451584,25039509.0
2025-10-31,1.7226277372262848,1.7226277372262848,14559693.0
2025-11-03,1.7059436913451587,1.7059436913451587,15019720.0
2025-11-04,1.676746611053188,1.676746611053188,16077499.0
2025-11-05,1.676746611053188,1.676746611053188,9104448.0
2025-11-06,1.6850886339937512,1.6850886339937512,8340934.0
2025-11-07,1.6725755995829066,1.6725755995829066,8349539.0
2025-11-10,1.689259645464033,1.689259645464033,12674689.0
2025-11-11,1.6850886339937514,1.6850886339937514,10900967.0
2025-11-12,1.689259645464033,1.689259645464033,13833750.0
2025-11-13,1.714285714285722,1.714285714285722,15832350.0
2025-11-14,1.7017726798748773,1.7017726798748773,12079832.0
2025-11-17,1.6725755995829068,1.6725755995829068,17009169.0
2025-11-18,1.6642335766423437,1.6642335766423437,11735796.0
2025-11-19,1.660062565172062,1.660062565172062,11219411.0
2025-11-20,1.6433785192909356,1.6433785192909356,11129468.0
2025-11-21,1.6141814389989646,1.6141814389989646,20914167.0
2025-11-24,1.6350364963503723,1.6350364963503723,11222957.0
2025-11-25,1.639207507820654,1.639207507820654,9109580.0
2025-11-26,1.6433785192909356,1.6433785192909356,9709715.0
2025-11-27,1.6350364963503725,1.6350364963503725,9486211.0
2025-11-28,1.6392075078206543,1.6392075078206543,7931712.0
2025-12-01,1.6392075078206543,1.6392075078206543,9661467.0
2025-12-02,1.6183524504692464,1.6183524504692464,11325865.0
2025-12-03,1.6100104275286833,1.6100104275286833,9336212.0
2025-12-04,1.6141814389989648,1.6141814389989648,8131583.0
2025-12-05,1.622523461939528,1.622523461939528,18634391.0
2025-12-08,1.6308654848800912,1.6308654848800912,10371417.0
2025-12-09,1.6308654848800912,1.6308654848800912,11710569.0
2025-12-10,1.6350364963503727,1.6350364963503727,11702633.0
2025-12-11,1.6266944734098097,1.6266944734098097,10175712.0
2025-12-12,1.6308654848800912,1.6308654848800912,10144263.0
2025-12-15,1.6016684045881202,1.6016684045881202,12659130.0
2025-12-16,1.5766423357664308,1.5766423357664308,13584531.0
2025-12-17,1.5974973931178387,1.5974973931178387,13102291.0
2025-12-18,1.5974973931178387,1.5974973931178387,9458211.0
2025-12-19,1.6183524504692464,1.6183524504692464,10488471.0
2025-12-22,1.6141814389989648,1.6141814389989648,7838986.0
2025-12-23,1.6058394160584015,1.6058394160584015,8488963.0
2025-12-24,1.60166840458812,1.60166840458812,7814157.0
2025-12-25,1.6183524504692464,1.6183524504692464,8986880.0
2025-12-26,1.6141814389989648,1.6141814389989648,8047720.0
2025-12-29,1.5974973931178387,1.5974973931178387,9097126.0
2025-12-30,1.5891553701772756,1.5891553701772756,8343548.0
2025-12-31,1.576642335766431,1.576642335766431,8940055.0
2026-01-05,1.6350364963503727,1.6350364963503727,21645294.0
2026-01-06,1.651720542231499,1.651720542231499,16478434.0
2026-01-07,1.6558915537017806,1.6558915537017806,12426170.0
2026-01-08,1.6642335766423437,1.6642335766423437,12011342.0
2026-01-09,1.6809176225234699,1.6809176225234699,12240959.0
2026-01-12,1.6850886339937512,1.6850886339937512,15273384.0
2026-01-13,1.7101147028154402,1.7101147028154402,26314688.0
2026-01-14,1.6976016684045956,1.6976016684045956,21424661.0
2026-01-15,1.685088633993751,1.685088633993751,12869005.0
2026-01-16,1.664233576642343,1.664233576642343,13436680.0
2026-01-19,1.6517205422314982,1.6517205422314982,13723619.0
2026-01-20,1.6392075078206536,1.6392075078206536,12442213.0
2026-01-21,1.626694473409809,1.626694473409809,12220796.0
2026-01-22,1.618352450469246,1.618352450469246,13628109.0
2026-01-23,1.618352450469246,1.618352450469246,18723423.0
2026-01-26,1.6141814389989644,1.6141814389989644,20546016.0
2026-01-27,1.589155370177275,1.589155370177275,21677058.0
2026-01-28,1.5766423357664303,1.5766423357664303,22802604.0
2026-01-29,1.6100104275286828,1.6100104275286828,23963958.0
2026-01-30,1.5849843587069934,1.5849843587069934,18195962.0
2026-02-02,1.5516162669447409,1.5516162669447409,18410392.0
2026-02-03,1.5724713242961486,1.5724713242961486,11455143.0
2026-02-04,1.5849843587069934,1.5849843587069934,14708000.0
2026-02-05,1.6016684045881198,1.6016684045881198,19562987.0
2026-02-06,1.5974973931178382,1.5974973931178382,10580625.0
2026-02-09,1.5974973931178382,1.5974973931178382,9457546.0
2026-02-10,1.618352450469246,1.618352450469246,14450597.0
2026-02-11,1.618352450469246,1.618352450469246,8754040.0
2026-02-12,1.6141814389989644,1.6141814389989644,9284436.0
2026-02-13,1.5933263816475565,1.5933263816475565,9640098.0
2026-02-24,1.589155370177275,1.589155370177275,10100584.0
2026-02-25,1.5933263816475567,1.5933263816475567,7345531.0
2026-02-26,1.5849843587069936,1.5849843587069936,10674692.0
2026-02-27,1.580813347236712,1.580813347236712,5980569.0
2026-03-02,1.5474452554744595,1.5474452554744595,16598173.0
2026-03-03,1.5265901981230516,1.5265901981230516,17852864.0
2026-03-04,1.5057351407716437,1.5057351407716437,14684446.0
2026-03-05,1.5140771637122068,1.5140771637122068,10532376.0
2026-03-06,1.5516162669447406,1.5516162669447406,11599453.0
2026-03-09,1.530761209593333,1.530761209593333,11492034.0
2026-03-10,1.5599582898853037,1.5599582898853037,11695991.0
2026-03-11,1.5557872784150222,1.5557872784150222,7708059.0
2026-03-12,1.547445255474459,1.547445255474459,8278929.0
2026-03-13,1.5349322210636143,1.5349322210636143,9454310.0
2026-03-16,1.539103232533896,1.539103232533896,9376652.0
2026-03-17,1.547445255474459,1.547445255474459,15670669.0
2026-03-18,1.5432742440041776,1.5432742440041776,9908187.0
2026-03-19,1.5224191866527699,1.5224191866527699,12114131.0
2026-03-20,1.5099061522419253,1.5099061522419253,11114904.0
2026-03-23,1.4515119916579833,1.4515119916579833,25481461.0
2026-03-24,1.4890510948905176,1.4890510948905176,13559053.0
2026-03-25,1.4973931178310806,1.4973931178310806,7618608.0
2026-03-26,1.4723670490093914,1.4723670490093914,10997148.0
2026-03-27,1.52241918665277,1.52241918665277,19928188.0
2026-03-30,1.52241918665277,1.52241918665277,10455288.0
2026-03-31,1.5182481751824886,1.5182481751824886,13375631.0
2026-04-01,1.572471324296149,1.572471324296149,21264182.0
2026-04-02,1.5599582898853042,1.5599582898853042,14589954.0
2026-04-03,1.5349322210636147,1.5349322210636147,11250229.0
2026-04-07,1.5391032325338965,1.5391032325338965,10267935.0
2026-04-08,1.564129301355586,1.564129301355586,11845254.0
2026-04-09,1.5557872784150228,1.5557872784150228,9128765.0
2026-04-10,1.5557872784150228,1.5557872784150228,10692896.0
2026-04-13,1.5474452554744598,1.5474452554744598,8031727.0
2026-04-14,1.564129301355586,1.564129301355586,9648402.0
2026-04-15,1.5724713242961492,1.5724713242961492,13402037.0
2026-04-16,1.5724713242961492,1.5724713242961492,8372404.0
2026-04-17,1.526590198123052,1.526590198123052,17756980.0
2026-04-20,1.5224191866527705,1.5224191866527705,8746089.0
2026-04-21,1.5224191866527705,1.5224191866527705,7946026.0
2026-04-22,1.5140771637122075,1.5140771637122075,7555758.0
2026-04-23,1.5224191866527708,1.5224191866527708,12527007.0
2026-04-24,1.5265901981230525,1.5265901981230525,10261894.0
2026-04-27,1.5182481751824894,1.5182481751824894,6735920.0
2026-04-28,1.5516162669447418,1.5516162669447418,20322876.0
2026-04-29,1.5599582898853048,1.5599582898853048,10304163.0
2026-04-30,1.5432742440041785,1.5432742440041785,9528835.0
2026-05-06,1.5349322210636152,1.5349322210636152,9469950.0
2026-05-07,1.5349322210636152,1.5349322210636152,9494481.0
2026-05-08,1.526590198123052,1.526590198123052,11809267.0
2026-05-11,1.5432742440041785,1.5432742440041785,16314244.0
2026-05-12,1.5516162669447415,1.5516162669447415,25309663.0
2026-05-13,1.5432742440041785,1.5432742440041785,14817387.0
2026-05-14,1.5015641293013626,1.5015641293013626,22967470.0
2026-05-15,1.4848800834202365,1.4848800834202365,14754546.0
2026-05-18,1.4556830031282655,1.4556830031282655,17372889.0
2026-05-19,1.4556830031282655,1.4556830031282655,14328192.0
2026-05-20,1.4473409801877024,1.4473409801877024,13692261.0
2026-05-21,1.4556830031282657,1.4556830031282657,20179019.0
2026-05-22,1.4389989572471396,1.4389989572471396,14070051.0
2026-05-25,1.4181438998957319,1.4181438998957319,17892016.0
2026-05-26,1.4181438998957319,1.4181438998957319,12084420.0
2026-05-27,1.426485922836295,1.426485922836295,20144557.0
2026-05-28,1.4014598540146055,1.4014598540146055,13211988.0
2026-05-29,1.4348279457768578,1.4348279457768578,21753414.0
2026-06-01,1.4181438998957319,1.4181438998957319,18137042.0
2026-06-02,1.4014598540146057,1.4014598540146057,17376613.0
2026-06-03,1.3764337851929163,1.3764337851929163,20239445.0
2026-06-04,1.3555787278415083,1.3555787278415083,14319360.0
2026-06-05,1.3639207507820714,1.3639207507820714,17489092.0
2026-06-08,1.3430656934306637,1.3430656934306637,17313034.0
2026-06-09,1.3347236704901007,1.3347236704901007,18365606.0
2026-06-10,1.3555787278415086,1.3555787278415086,16281316.0
2026-06-11,1.3555787278415086,1.3555787278415086,12238933.0
2026-06-12,1.3847758081334796,1.3847758081334796,18049068.0
2026-06-15,1.372262773722635,1.372262773722635,11089831.0
2026-06-16,1.3472367049009455,1.3472367049009455,9354038.0
2026-06-17,1.3472367049009455,1.3472367049009455,9243837.0
2026-06-18,1.3597497393117903,1.3597497393117903,15422510.0
2026-06-22,1.3889468196037613,1.3889468196037613,16205297.0
2026-06-23,1.3889468196037613,1.3889468196037613,23344229.0
2026-06-24,1.422314911366014,1.422314911366014,28805997.0
2026-06-25,1.422314911366014,1.422314911366014,18964283.0
2026-06-26,1.3972888425443246,1.3972888425443246,20084526.0
2026-06-29,1.4848800834202374,1.4848800834202374,31899666.0
2026-06-30,1.459854014598548,1.459854014598548,18166267.0
2026-07-01,1.4973931178310822,1.4973931178310822,32662071.0
2026-07-02,1.4890510948905191,1.4890510948905191,24271316.0
2026-07-03,1.5140771637122084,1.5140771637122084,21115515.0
2026-07-06,1.5307612095933347,1.5307612095933347,28301529.0
2026-07-07,1.4765380604796743,1.4765380604796743,18924111.0
2026-07-08,1.4556830031282664,1.4556830031282664,14650209.0
2026-07-09,1.4848800834202374,1.4848800834202374,15884028.0
2026-07-10,1.5140771637122084,1.5140771637122084,21873307.0
2026-07-13,1.5015641293013637,1.5015641293013637,13989540.0
2026-07-14,1.5307612095933345,1.5307612095933345,17980653.0
2026-07-15,1.5808133472367134,1.5808133472367134,37115212.0
2026-07-16,1.5766423357664319,1.5766423357664319,23535408.0
2026-07-17,1.51824817518249,1.51824817518249,22329956.0
2026-07-20,1.5683003128258688,1.5683003128258688,20177052.0
2026-07-21,1.5683003128258688,1.5683003128258688,14365377.0
2026-07-22,1.5724713242961503,1.5724713242961503,16061314.0
2026-07-23,1.5724713242961503,1.5724713242961503,14263312.0
2026-07-24,1.5224191866527714,1.5224191866527714,14878668.0
2026-07-27,1.5349322210636163,1.5349322210636163,11046282.0
2026-07-28,1.5265901981230532,1.5265901981230532,9688376.0
2026-07-29,1.555787278415024,1.555787278415024,15058341.0
2026-07-30,1.5683003128258686,1.5683003128258686,13699900.0
2026-07-31,1.57247132429615,1.57247132429615,10882845.0
2026-08-03,1.5599582898853053,1.5599582898853053,9987221.0
2026-08-04,1.5974973931178396,1.5974973931178396,21804641.0
2026-08-05,1.614181438998966,1.614181438998966,16717168.0
2026-08-06,1.5808133472367134,1.5808133472367134,11832080.0
2026-08-07,1.6517205422315002,1.6517205422315002,29573486.0
2026-08-10,1.6892596454640343,1.6892596454640343,26354317.0
2026-08-11,1.680917622523471,1.680917622523471,18348104.0
2026-08-12,1.6725755995829077,1.6725755995829077,13957063.0
2026-08-13,1.6725755995829077,1.6725755995829077,13800303.0
2026-08-14,1.6475495307612182,1.6475495307612182,14314364.0
2026-08-17,1.6725755995829077,1.6725755995829077,13664625.0
2026-08-18,1.6725755995829077,1.6725755995829077,9773335.0
2026-08-19,1.6517205422314998,1.6517205422314998,12044848.0
2026-08-20,1.6684045881126262,1.6684045881126262,20160305.0
2026-08-21,1.6183524504692473,1.6183524504692473,17499136.0
2026-08-24,1.5683003128258686,1.5683003128258686,14279440.0
2026-08-25,1.5974973931178396,1.5974973931178396,10696664.0
2026-08-26,1.6016684045881209,1.6016684045881209,7962441.0
2026-08-27,1.610010427528684,1.610010427528684,7325087.0
2026-08-28,1.5974973931178391,1.5974973931178391,5569909.0
2026-08-31,1.5683003128258681,1.5683003128258681,10749909.0
2026-09-01,1.5766423357664312,1.5766423357664312,6202254.0
2026-09-02,1.5724713242961497,1.5724713242961497,8368266.0
2026-09-03,1.580813347236713,1.580813347236713,6621858.0
2026-09-04,1.5849843587069945,1.5849843587069945,6872818.0
2026-09-07,1.5766423357664314,1.5766423357664314,4600618.0
2026-09-08,1.580813347236713,1.580813347236713,9057586.0
2026-09-09,1.5599582898853053,1.5599582898853053,6906928.0
2026-09-10,1.5391032325338974,1.5391032325338974,8368793.0
2026-09-11,1.522419186652771,1.522419186652771,9107579.0
2026-09-14,1.551616266944742,1.551616266944742,10373471.0
2026-09-15,1.5391032325338974,1.5391032325338974,3642721.0
2026-09-16,1.5391032325338974,1.5391032325338974,5934013.0
2026-09-17,1.551616266944742,1.551616266944742,6637179.0
2026-09-18,1.5557872784150235,1.5557872784150235,7470799.0
2026-09-21,1.610010427528684,1.610010427528684,13671025.0
2026-09-22,1.6016684045881209,1.6016684045881209,8357086.0
2026-09-23,1.6016684045881209,1.6016684045881209,6636924.0
2026-09-24,1.5641293013555868,1.5641293013555868,10550097.0
