2014-07-18,1.0,1.0,12607752.0
2014-07-21,0.998015873015873,0.998015873015873,743499.0
2014-07-22,1.011904761904762,1.011904761904762,1104369.0
2014-07-23,1.0248015873015874,1.0248015873015874,483189.0
2014-07-24,1.056547619047619,1.056547619047619,592278.0
2014-07-25,1.0634920634920637,1.0634920634920637,225588.0
2014-07-28,1.1031746031746035,1.1031746031746035,534096.0
2014-07-29,1.1051587301587305,1.1051587301587305,295944.0
2014-07-30,1.1041666666666667,1.1041666666666667,1015287.0
2014-07-31,1.121031746031746,1.121031746031746,693534.0
2014-08-01,1.0972222222222223,1.0972222222222223,648447.0
2014-08-04,1.1388888888888886,1.1388888888888886,594480.0
2014-08-05,1.1279761904761905,1.1279761904761905,542256.0
2014-08-06,1.1190476190476188,1.1190476190476188,450930.0
2014-08-07,1.1001984126984126,1.1001984126984126,412566.0
2014-08-08,1.0982142857142856,1.0982142857142856,193941.0
2014-08-11,1.115079365079365,1.115079365079365,394377.0
2014-08-12,1.107142857142857,1.107142857142857,139107.0
2014-08-13,1.1190476190476186,1.1190476190476186,285726.0
2014-08-14,1.10515873015873,1.10515873015873,249936.0
2014-08-15,1.1259920634920633,1.1259920634920633,436764.0
2014-08-18,1.1289682539682535,1.1289682539682535,123000.0
2014-08-19,1.1190476190476186,1.1190476190476186,317625.0
2014-08-20,1.109126984126984,1.109126984126984,401073.0
2014-08-21,1.101190476190476,1.101190476190476,298278.0
2014-08-22,1.1061507936507935,1.1061507936507935,128970.0
2014-08-25,1.0882936507936507,1.0882936507936507,175113.0
2014-08-26,1.0813492063492065,1.0813492063492065,225249.0
2014-08-27,1.08234126984127,1.08234126984127,144501.0
2014-08-28,1.0813492063492065,1.0813492063492065,96438.0
2014-08-29,1.090277777777778,1.090277777777778,96309.0
2014-09-01,1.0952380952380956,1.0952380952380956,171747.0
2014-09-02,1.1160714285714286,1.1160714285714286,231030.0
2014-09-03,1.1180555555555558,1.1180555555555558,348015.0
2014-09-04,1.1369047619047619,1.1369047619047619,283512.0
2014-09-05,1.1478174603174602,1.1478174603174602,531717.0
2014-09-09,1.1359126984126984,1.1359126984126984,437511.0
2014-09-10,1.1240079365079365,1.1240079365079365,280143.0
2014-09-11,1.1200396825396826,1.1200396825396826,464982.0
2014-09-12,1.1249999999999998,1.1249999999999998,229203.0
2014-09-15,1.1200396825396826,1.1200396825396826,185346.0
2014-09-16,1.0942460317460316,1.0942460317460316,277539.0
2014-09-17,1.0992063492063493,1.0992063492063493,587379.0
2014-09-18,1.1001984126984126,1.1001984126984126,248382.0
2014-09-19,1.111111111111111,1.111111111111111,227367.0
2014-09-22,1.0863095238095235,1.0863095238095235,188406.0
2014-09-23,1.0982142857142854,1.0982142857142854,252048.0
2014-09-24,1.133928571428571,1.133928571428571,325833.0
2014-09-25,1.129960317460317,1.129960317460317,187491.0
2014-09-26,1.125992063492063,1.125992063492063,214245.0
2014-09-29,1.129960317460317,1.129960317460317,160752.0
2014-09-30,1.1289682539682535,1.1289682539682535,68649.0
2014-10-08,1.1349206349206344,1.1349206349206344,225579.0
2014-10-09,1.133928571428571,1.133928571428571,65541.0
2014-10-10,1.124007936507936,1.124007936507936,36909.0
2014-10-13,1.1170634920634914,1.1170634920634914,66531.0
2014-10-14,1.112103174603174,1.112103174603174,58524.0
2014-10-15,1.137896825396825,1.137896825396825,204021.0
2014-10-16,1.1269841269841263,1.1269841269841263,121530.0
2014-10-17,1.137896825396825,1.137896825396825,160404.0
2014-10-20,1.1388888888888882,1.1388888888888882,95940.0
2014-10-21,1.1359126984126977,1.1359126984126977,155625.0
2014-10-22,1.1319444444444438,1.1319444444444438,249660.0
2014-10-23,1.1190476190476182,1.1190476190476182,132825.0
2014-10-24,1.116071428571428,1.116071428571428,67848.0
2014-10-27,1.086309523809523,1.086309523809523,253557.0
2014-10-28,1.114087301587301,1.114087301587301,213810.0
2014-10-29,1.1438492063492058,1.1438492063492058,661950.0
2014-10-30,1.1478174603174598,1.1478174603174598,117444.0
2014-10-31,1.1835317460317454,1.1835317460317454,352146.0
2014-11-03,1.1755952380952375,1.1755952380952375,199110.0
2014-11-04,1.1755952380952375,1.1755952380952375,73404.0
2014-11-05,1.1914682539682533,1.1914682539682533,353955.0
2014-11-06,1.1845238095238086,1.1845238095238086,207468.0
2014-11-07,1.2103174603174593,1.2103174603174593,790965.0
2014-11-10,1.251984126984126,1.251984126984126,631410.0
2014-11-11,1.2609126984126975,1.2609126984126975,432627.0
2014-11-12,1.302579365079364,1.302579365079364,1001997.0
2014-11-13,1.2976190476190466,1.2976190476190466,877629.0
2014-11-14,1.294642857142856,1.294642857142856,605346.0
2014-11-17,1.2708333333333324,1.2708333333333324,266751.0
2014-11-18,1.2509920634920626,1.2509920634920626,395271.0
2014-11-19,1.2440476190476184,1.2440476190476184,143379.0
2014-11-20,1.2678571428571423,1.2678571428571423,309849.0
2014-11-21,1.339285714285714,1.339285714285714,1060827.0
2014-11-24,1.4146825396825393,1.4146825396825393,1761090.0
2014-11-25,1.4107142857142854,1.4107142857142854,857739.0
2014-11-26,1.4871031746031744,1.4871031746031744,1388943.0
2014-11-27,1.5426587301587298,1.5426587301587298,1794684.0
2014-11-28,1.5436507936507935,1.5436507936507935,1208034.0
2014-12-01,1.552579365079365,1.552579365079365,1791108.0
2014-12-02,1.683531746031746,1.683531746031746,1973004.0
2014-12-03,1.6944444444444444,1.6944444444444444,2543976.0
2014-12-04,1.8640873015873016,1.8640873015873016,2122602.0
2014-12-05,1.9533730158730158,1.9533730158730158,3439701.0
2014-12-08,2.142857142857143,2.142857142857143,3698616.0
2014-12-09,2.015873015873016,2.015873015873016,4360632.0
2014-12-10,2.0456349206349205,2.0456349206349205,2921157.0
2014-12-11,1.9017857142857144,1.9017857142857144,1765869.0
2014-12-12,1.9424603174603174,1.9424603174603174,1939365.0
2014-12-15,1.9970238095238093,1.9970238095238093,1686015.0
2014-12-16,2.196428571428571,2.196428571428571,3528573.0
2014-12-17,2.2619047619047614,2.2619047619047614,4715733.0
2014-12-18,2.175595238095238,2.175595238095238,2960472.0
2014-12-19,2.162698412698413,2.162698412698413,3238734.0
2014-12-22,2.1339285714285716,2.1339285714285716,2956284.0
2014-12-23,2.143849206349207,2.143849206349207,1847925.0
2014-12-24,2.004960317460318,2.004960317460318,1546815.0
2014-12-25,2.073412698412699,2.073412698412699,1818267.0
2014-12-26,2.2787698412698423,2.2787698412698423,3213066.0
2014-12-29,2.2837301587301595,2.2837301587301595,2923965.0
2014-12-30,2.30654761904762,2.30654761904762,2572278.0
2014-12-31,2.363095238095239,2.363095238095239,1770033.0
2015-01-05,2.3690476190476195,2.3690476190476195,2387667.0
2015-01-06,2.32936507936508,2.32936507936508,1739511.0
2015-01-07,2.365079365079366,2.365079365079366,2406972.0
2015-01-08,2.288690476190477,2.288690476190477,1299153.0
2015-01-09,2.291666666666668,2.291666666666668,1791699.0
2015-01-12,2.2867063492063506,2.2867063492063506,1110804.0
2015-01-13,2.2321428571428585,2.2321428571428585,863949.0
2015-01-14,2.2390873015873027,2.2390873015873027,862620.0
2015-01-15,2.3511904761904776,2.3511904761904776,938259.0
2015-01-16,2.3452380952380962,2.3452380952380962,1244403.0
2015-01-19,2.111111111111112,2.111111111111112,1252764.0
2015-01-20,2.033730158730159,2.033730158730159,1547439.0
2015-01-21,2.2023809523809534,2.2023809523809534,1340058.0
2015-01-22,2.1974206349206353,2.1974206349206353,1170606.0
2015-01-23,2.2519841269841274,2.2519841269841274,2035824.0
2015-01-26,2.2480158730158735,2.2480158730158735,1286760.0
2015-01-27,2.220238095238096,2.220238095238096,1683741.0
2015-01-28,2.191468253968255,2.191468253968255,1163103.0
2015-01-29,2.1398809523809534,2.1398809523809534,766482.0
2015-01-30,2.105158730158731,2.105158730158731,1077351.0
2015-02-02,2.0307539682539693,2.0307539682539693,793254.0
2015-02-03,2.137896825396826,2.137896825396826,1331979.0
2015-02-04,2.085317460317461,2.085317460317461,1399422.0
2015-02-05,2.0873015873015883,2.0873015873015883,1510935.0
2015-02-06,2.0922619047619055,2.0922619047619055,2110209.0
2015-02-09,2.1775793650793656,2.1775793650793656,2253732.0
2015-02-10,2.1904761904761916,2.1904761904761916,2083221.0
2015-02-11,2.2103174603174613,2.2103174603174613,1038171.0
2015-02-12,2.2013888888888897,2.2013888888888897,1320969.0
2015-02-13,2.2023809523809534,2.2023809523809534,813225.0
2015-02-16,2.1964285714285725,2.1964285714285725,936207.0
2015-02-17,2.22123015873016,2.22123015873016,1169412.0
2015-02-25,2.160714285714287,2.160714285714287,525486.0
2015-02-26,2.245039682539684,2.245039682539684,1291683.0
2015-02-27,2.24107142857143,2.24107142857143,1078785.0
2015-03-02,2.250992063492065,2.250992063492065,1721037.0
2015-03-03,2.1547619047619064,2.1547619047619064,1308927.0
2015-03-04,2.148809523809525,2.148809523809525,917223.0
2015-03-05,2.1418650793650804,2.1418650793650804,1897551.0
2015-03-06,2.134920634920636,2.134920634920636,1151007.0
2015-03-09,2.108134920634922,2.108134920634922,1611195.0
2015-03-10,2.0932539682539693,2.0932539682539693,2042838.0
2015-03-11,2.101190476190477,2.101190476190477,1055670.0
2015-03-12,2.1686507936507944,2.1686507936507944,1713954.0
2015-03-13,2.1656746031746037,2.1656746031746037,1219113.0
2015-03-16,2.24404761904762,2.24404761904762,1730463.0
2015-03-17,2.2916666666666674,2.2916666666666674,2139285.0
2015-03-18,2.344246031746032,2.344246031746032,2651655.0
2015-03-19,2.3134920634920637,2.3134920634920637,1848147.0
2015-03-20,2.4355158730158735,2.4355158730158735,3975633.0
2015-03-23,2.470238095238096,2.470238095238096,2870301.0
2015-03-24,2.425595238095238,2.425595238095238,3000627.0
2015-03-25,2.3799603174603177,2.3799603174603177,2076336.0
2015-03-26,2.3938492063492065,2.3938492063492065,2351604.0
2015-03-27,2.3928571428571432,2.3928571428571432,1511169.4500000002
2015-03-30,2.4751984126984135,2.4751984126984135,1144578.0
2015-03-31,2.4712301587301595,2.4712301587301595,1673502.0
2015-04-01,2.5357142857142865,2.5357142857142865,3182979.0
2015-04-02,2.496031746031747,2.496031746031747,1410051.0
2015-04-03,2.5575396825396837,2.5575396825396837,2990016.0
2015-04-07,2.617063492063493,2.617063492063493,2183376.0
2015-04-08,2.7202380952380962,2.7202380952380962,3188838.0
2015-04-09,2.6964285714285725,2.6964285714285725,4569597.0
2015-04-10,2.7232142857142865,2.7232142857142865,1680330.0
2015-04-13,2.7232142857142865,2.7232142857142865,1100304.0
2015-04-14,2.7073412698412707,2.7073412698412707,1823133.0
2015-04-15,2.6607142857142865,2.6607142857142865,1669758.0
2015-04-16,2.7192460317460325,2.7192460317460325,843852.0
2015-04-17,2.7242063492063497,2.7242063492063497,1093860.0
2015-04-20,2.6111111111111116,2.6111111111111116,865326.0
2015-04-21,2.7013888888888893,2.7013888888888893,2022027.0
2015-04-22,2.8462301587301595,2.8462301587301595,1151385.0
2015-04-23,2.8075396825396832,2.8075396825396832,1533045.0
2015-04-24,2.718253968253969,2.718253968253969,891624.0
2015-04-27,2.7440476190476195,2.7440476190476195,1217157.0
2015-04-28,2.7301587301587307,2.7301587301587307,1404819.0
2015-04-29,2.7390873015873023,2.7390873015873023,1405311.0
2015-04-30,2.70436507936508,2.70436507936508,748068.0
2015-05-04,2.7013888888888893,2.7013888888888893,1420671.0
2015-05-05,2.6388888888888897,2.6388888888888897,1430253.0
2015-05-06,2.6696428571428577,2.6696428571428577,1155459.0
2015-05-07,2.6587301587301595,2.6587301587301595,1004646.0
2015-05-08,2.655753968253969,2.655753968253969,610602.0
2015-05-11,2.714285714285715,2.714285714285715,594627.0
2015-05-12,2.738095238095238,2.738095238095238,1051764.0
2015-05-13,2.672619047619048,2.672619047619048,683544.0
2015-05-14,2.655753968253969,2.655753968253969,1708674.0
2015-05-15,2.588293650793651,2.588293650793651,782664.0
2015-05-18,2.5128968253968256,2.5128968253968256,673434.0
2015-05-19,2.6666666666666674,2.6666666666666674,2014128.0
2015-05-20,2.6250000000000004,2.6250000000000004,450078.0
2015-05-21,2.6279761904761907,2.6279761904761907,295164.0
2015-05-22,2.7242063492063493,2.7242063492063493,2115519.0
2015-05-25,2.795634920634921,2.795634920634921,1619553.0
2015-05-26,2.8234126984126986,2.8234126984126986,1054227.0
2015-05-27,2.796626984126984,2.796626984126984,1432608.0
2015-05-28,2.598214285714286,2.598214285714286,1075491.0
2015-05-29,2.5585317460317465,2.5585317460317465,1061619.0
2015-06-01,2.6626984126984135,2.6626984126984135,932676.0
2015-06-02,2.656746031746032,2.656746031746032,794193.0
2015-06-03,2.6388888888888893,2.6388888888888893,1391580.0
2015-06-04,2.6904761904761907,2.6904761904761907,993153.0
2015-06-05,2.6765873015873014,2.6765873015873014,570900.0
2015-06-08,2.817460317460317,2.817460317460317,1477152.0
2015-06-09,2.7490079365079363,2.7490079365079363,761670.0
2015-06-10,2.7261904761904763,2.7261904761904763,349854.0
2015-06-11,2.7113095238095237,2.7113095238095237,572367.0
2015-06-12,2.7103174603174605,2.7103174603174605,526407.0
2015-06-15,2.6547619047619047,2.6547619047619047,662088.0
2015-06-16,2.6071428571428568,2.6071428571428568,751599.0
2015-06-17,2.628968253968253,2.628968253968253,287826.0
2015-06-18,2.507936507936507,2.507936507936507,328296.0
2015-06-19,2.4295634920634908,2.4295634920634908,700074.0
2015-06-23,2.4851190476190466,2.4851190476190466,695079.0
2015-06-24,2.4742063492063484,2.4742063492063484,1710411.0
2015-06-25,2.4156746031746024,2.4156746031746024,1318560.0
2015-06-26,2.2212301587301577,2.2212301587301577,1108962.0
2015-06-29,2.1031746031746024,2.1031746031746024,1190211.0
2015-06-30,2.265873015873015,2.265873015873015,1134705.0
2015-07-01,2.156746031746031,2.156746031746031,719478.0
2015-07-02,2.1507936507936503,2.1507936507936503,728193.0
2015-07-03,2.053571428571428,2.053571428571428,1089033.0
2015-07-06,2.1617063492063484,2.1617063492063484,762528.0
2015-07-07,2.059523809523809,2.059523809523809,928149.0
2015-07-08,1.8531746031746026,1.8531746031746026,1201080.0
2015-07-09,2.0386904761904754,2.0386904761904754,1802157.0
2015-07-10,2.239087301587301,2.239087301587301,1292916.0
2015-07-13,2.2063492063492056,2.2063492063492056,1297812.0
2015-07-14,2.119047619047618,2.119047619047618,1013487.0
2015-07-15,2.007936507936507,2.007936507936507,800475.0
2015-07-16,2.0049603174603163,2.0049603174603163,1144500.0
2015-07-17,2.0992063492063484,2.0992063492063484,959628.0
2015-07-20,2.070436507936507,2.070436507936507,950853.0
2015-07-21,2.0674603174603163,2.0674603174603163,1218003.0
2015-07-22,2.0426587301587293,2.0426587301587293,671172.0
2015-07-23,2.098214285714285,2.098214285714285,1197000.0
2015-07-24,2.0347222222222214,2.0347222222222214,381966.0
2015-07-27,1.83829365079365,1.83829365079365,438849.0
2015-07-28,1.8839285714285707,1.8839285714285707,2306760.0
2015-07-29,1.8908730158730152,1.8908730158730152,730221.0
2015-07-30,1.866071428571428,1.866071428571428,617292.0
2015-07-31,1.8124999999999993,1.8124999999999993,423732.0
2015-08-03,1.803571428571428,1.803571428571428,312804.0
2015-08-04,1.864087301587301,1.864087301587301,438186.0
2015-08-05,1.823412698412698,1.823412698412698,509931.0
2015-08-06,1.7807539682539675,1.7807539682539675,644835.0
2015-08-07,1.8015873015873012,1.8015873015873012,173304.0
2015-08-10,1.9255952380952375,1.9255952380952375,555999.0
2015-08-11,1.8819444444444438,1.8819444444444438,552966.0
2015-08-12,1.8690476190476182,1.8690476190476182,409854.0
2015-08-13,1.8789682539682533,1.8789682539682533,412869.0
2015-08-14,1.8799603174603168,1.8799603174603168,492960.0
2015-08-17,1.8521825396825389,1.8521825396825389,283833.0
2015-08-18,1.7857142857142851,1.7857142857142851,516738.0
2015-08-19,1.7638888888888882,1.7638888888888882,927477.0
2015-08-20,1.7063492063492056,1.7063492063492056,589998.0
2015-08-21,1.5942460317460312,1.5942460317460312,792597.0
2015-08-24,1.4345238095238089,1.4345238095238089,402009.0
2015-08-25,1.291666666666666,1.291666666666666,1114905.0
2015-08-26,1.309523809523809,1.309523809523809,2427780.0
2015-08-27,1.4246031746031742,1.4246031746031742,1827567.0
2015-08-28,1.4771825396825393,1.4771825396825393,2440239.0
2015-08-31,1.432539682539682,1.432539682539682,1357656.0
2015-09-01,1.4523809523809519,1.4523809523809519,3171420.0
2015-09-02,1.442460317460317,1.442460317460317,2155158.0
2015-09-07,1.46031746031746,1.46031746031746,622233.0
2015-09-08,1.4732142857142856,1.4732142857142856,663909.0
2015-09-09,1.52281746031746,1.52281746031746,1123035.0
2015-09-10,1.507936507936508,1.507936507936508,461490.0
2015-09-11,1.4861111111111112,1.4861111111111112,154971.0
2015-09-14,1.4166666666666667,1.4166666666666667,564303.0
2015-09-15,1.378968253968254,1.378968253968254,1328340.0
2015-09-16,1.463293650793651,1.463293650793651,605862.0
2015-09-17,1.4394841269841272,1.4394841269841272,263058.0
2015-09-18,1.4355158730158732,1.4355158730158732,23979.0
2015-09-21,1.453373015873016,1.453373015873016,52848.0
2015-09-22,1.4990079365079367,1.4990079365079367,165477.0
2015-09-23,1.4613095238095242,1.4613095238095242,41217.0
2015-09-24,1.4652777777777781,1.4652777777777781,18534.0
2015-09-25,1.4494047619047623,1.4494047619047623,16806.0
2015-09-28,1.4375000000000004,1.4375000000000004,21114.0
2015-09-29,1.418650793650794,1.418650793650794,21660.0
2015-09-30,1.4315476190476195,1.4315476190476195,6675.0
2015-10-08,1.4791666666666672,1.4791666666666672,57054.0
2015-10-09,1.5198412698412702,1.5198412698412702,95019.0
2015-10-12,1.6071428571428577,1.6071428571428577,200763.0
2015-10-13,1.5833333333333337,1.5833333333333337,93558.0
2015-10-14,1.5565476190476193,1.5565476190476193,85158.0
2015-10-15,1.5863095238095242,1.5863095238095242,93858.0
2015-10-16,1.6210317460317465,1.6210317460317465,129936.0
2015-10-19,1.659722222222223,1.659722222222223,73665.0
2015-10-20,1.6646825396825404,1.6646825396825404,58242.0
2015-10-21,1.6021825396825407,1.6021825396825407,162399.0
2015-10-22,1.6160714285714295,1.6160714285714295,31383.0
2015-10-23,1.6666666666666676,1.6666666666666676,82302.0
2015-10-26,1.6865079365079374,1.6865079365079374,194883.0
2015-10-27,1.6805555555555565,1.6805555555555565,106983.0
2015-10-28,1.6180555555555565,1.6180555555555565,37692.0
2015-10-29,1.6259920634920646,1.6259920634920646,21828.0
2015-10-30,1.6438492063492076,1.6438492063492076,89349.0
2015-11-02,1.6121031746031758,1.6121031746031758,46845.0
2015-11-03,1.6140873015873025,1.6140873015873025,23475.0
2015-11-04,1.775793650793652,1.775793650793652,277794.0
2015-11-05,1.8998015873015885,1.8998015873015885,924105.0
2015-11-06,1.9751984126984141,1.9751984126984141,618243.0
2015-11-09,1.9603174603174616,1.9603174603174616,579492.0
2015-11-10,1.9761904761904776,1.9761904761904776,434763.0
2015-11-11,1.9890873015873027,1.9890873015873027,288996.0
2015-11-12,1.9474206349206362,1.9474206349206362,187518.0
2015-11-13,1.9563492063492076,1.9563492063492076,212301.0
2015-11-16,1.9494047619047634,1.9494047619047634,77094.0
2015-11-17,1.9732142857142874,1.9732142857142874,257307.0
2015-11-18,1.8928571428571443,1.8928571428571443,145203.0
2015-11-19,1.9345238095238113,1.9345238095238113,154602.0
2015-11-20,1.9037698412698432,1.9037698412698432,84948.0
2015-11-23,1.893849206349208,1.893849206349208,98829.0
2015-11-24,1.927579365079367,1.927579365079367,83652.0
2015-11-25,1.921626984126986,1.921626984126986,108333.0
2015-11-26,1.9186507936507953,1.9186507936507953,161955.0
2015-11-27,1.8055555555555571,1.8055555555555571,283551.0
2015-11-30,1.7708333333333348,1.7708333333333348,170679.0
2015-12-01,1.7787698412698427,1.7787698412698427,47706.0
2015-12-02,1.8888888888888906,1.8888888888888906,245403.0
2015-12-03,1.899801587301589,1.899801587301589,120489.0
2015-12-04,1.835317460317462,1.835317460317462,160869.0
2015-12-07,1.8105158730158746,1.8105158730158746,64596.0
2015-12-08,1.7797619047619062,1.7797619047619062,64035.0
2015-12-09,1.7847222222222237,1.7847222222222237,43857.0
2015-12-10,1.795634920634922,1.795634920634922,84180.0
2015-12-11,1.7966269841269853,1.7966269841269853,56748.0
2015-12-14,1.9206349206349218,1.9206349206349218,166125.0
2015-12-15,1.8878968253968267,1.8878968253968267,148569.0
2015-12-16,1.88888888888889,1.88888888888889,129657.0
2015-12-17,1.9097222222222232,1.9097222222222232,137730.0
2015-12-18,1.8968253968253976,1.8968253968253976,126003.0
2015-12-21,1.9424603174603183,1.9424603174603183,214803.0
2015-12-22,1.949404761904763,1.949404761904763,126957.0
2015-12-23,2.0059523809523814,2.0059523809523814,247293.0
2015-12-24,1.9454365079365086,1.9454365079365086,146487.0
2015-12-25,1.9533730158730165,1.9533730158730165,43305.0
2015-12-28,1.87202380952381,1.87202380952381,197196.0
2015-12-29,1.897817460317461,1.897817460317461,89721.0
2015-12-30,1.8809523809523814,1.8809523809523814,52131.0
2015-12-31,1.8730158730158735,1.8730158730158735,102240.0
2016-01-04,1.7331349206349211,1.7331349206349211,107310.0
2016-01-05,1.7251984126984132,1.7251984126984132,114972.0
2016-01-06,1.7440476190476195,1.7440476190476195,79248.0
2016-01-07,1.6111111111111116,1.6111111111111116,33402.0
2016-01-08,1.6517857142857146,1.6517857142857146,357945.0
2016-01-11,1.53968253968254,1.53968253968254,89064.0
2016-01-12,1.5525793650793653,1.5525793650793653,322011.0
2016-01-13,1.5347222222222223,1.5347222222222223,76161.0
2016-01-14,1.570436507936508,1.570436507936508,108936.0
2016-01-15,1.5138888888888888,1.5138888888888888,80637.0
2016-01-18,1.5138888888888888,1.5138888888888888,47829.0
2016-01-19,1.5615079365079367,1.5615079365079367,98298.0
2016-01-20,1.53968253968254,1.53968253968254,35298.0
2016-01-21,1.5019841269841272,1.5019841269841272,49197.0
2016-01-22,1.4930555555555558,1.4930555555555558,110754.0
2016-01-25,1.5039682539682542,1.5039682539682542,63582.0
2016-01-26,1.3839285714285716,1.3839285714285716,64401.0
2016-01-27,1.3839285714285716,1.3839285714285716,112020.0
2016-01-28,1.3501984126984128,1.3501984126984128,35442.0
2016-01-29,1.4166666666666667,1.4166666666666667,187014.0
2016-02-01,1.3968253968253967,1.3968253968253967,52443.0
2016-02-02,1.4255952380952381,1.4255952380952381,45993.0
2016-02-03,1.4117063492063493,1.4117063492063493,49827.0
2016-02-04,1.4325396825396823,1.4325396825396823,69294.0
2016-02-05,1.3998015873015872,1.3998015873015872,26139.0
2016-02-15,1.3799603174603172,1.3799603174603172,29997.0
2016-02-16,1.444444444444444,1.444444444444444,59079.0
2016-02-17,1.4434523809523807,1.4434523809523807,38454.0
2016-02-18,1.4394841269841268,1.4394841269841268,65493.0
2016-02-19,1.450396825396825,1.450396825396825,16467.0
2016-02-22,1.510912698412698,1.510912698412698,185562.0
2016-02-23,1.4781746031746028,1.4781746031746028,53601.0
2016-02-24,1.4890873015873012,1.4890873015873012,33576.0
2016-02-25,1.3789682539682537,1.3789682539682537,93231.0
2016-02-26,1.3839285714285712,1.3839285714285712,40314.0
2016-02-29,1.3581349206349205,1.3581349206349205,81375.0
2016-03-01,1.3888888888888886,1.3888888888888886,63708.0
2016-03-02,1.464285714285714,1.464285714285714,65580.0
2016-03-03,1.456349206349206,1.456349206349206,73815.0
2016-03-04,1.4811507936507935,1.4811507936507935,137514.0
2016-03-07,1.4851190476190474,1.4851190476190474,48231.0
2016-03-08,1.4811507936507935,1.4811507936507935,54141.0
2016-03-09,1.466269841269841,1.466269841269841,57060.0
2016-03-10,1.4434523809523807,1.4434523809523807,60300.0
2016-03-11,1.4474206349206347,1.4474206349206347,15228.0
2016-03-14,1.4880952380952377,1.4880952380952377,43107.0
2016-03-15,1.4742063492063489,1.4742063492063489,87066.0
2016-03-16,1.4871031746031744,1.4871031746031744,88239.0
2016-03-17,1.512896825396825,1.512896825396825,72180.0
2016-03-18,1.5505952380952375,1.5505952380952375,150696.0
2016-03-21,1.7013888888888882,1.7013888888888882,321834.0
2016-03-22,1.628968253968253,1.628968253968253,275865.0
2016-03-23,1.6567460317460307,1.6567460317460307,170268.0
2016-03-24,1.5882936507936498,1.5882936507936498,195471.0
2016-03-25,1.6061507936507928,1.6061507936507928,69876.0
2016-03-28,1.578373015873015,1.578373015873015,98121.0
2016-03-29,1.5674603174603166,1.5674603174603166,88821.0
2016-03-30,1.6200396825396814,1.6200396825396814,102708.0
2016-03-31,1.6180555555555545,1.6180555555555545,84486.0
2016-04-01,1.6061507936507926,1.6061507936507926,70788.0
2016-04-05,1.6309523809523798,1.6309523809523798,106254.0
2016-04-06,1.6220238095238086,1.6220238095238086,49590.0
2016-04-07,1.5972222222222214,1.5972222222222214,60153.0
2016-04-08,1.564484126984126,1.564484126984126,130212.0
2016-04-11,1.6021825396825389,1.6021825396825389,128748.0
2016-04-12,1.5912698412698405,1.5912698412698405,84702.0
2016-04-13,1.6289682539682528,1.6289682539682528,307494.0
2016-04-14,1.6329365079365068,1.6329365079365068,135966.0
2016-04-15,1.6269841269841256,1.6269841269841256,27723.0
2016-04-18,1.6021825396825384,1.6021825396825384,90516.0
2016-04-19,1.6130952380952368,1.6130952380952368,32520.0
2016-04-20,1.6001984126984117,1.6001984126984117,128058.0
2016-04-21,1.5773809523809514,1.5773809523809514,44736.0
2016-04-22,1.5882936507936496,1.5882936507936496,63513.0
2016-04-25,1.5753968253968242,1.5753968253968242,51258.0
2016-04-26,1.5863095238095224,1.5863095238095224,40734.0
2016-04-27,1.5744047619047605,1.5744047619047605,18360.0
2016-04-28,1.5753968253968242,1.5753968253968242,34314.0
2016-04-29,1.5674603174603163,1.5674603174603163,15420.0
2016-05-03,1.5853174603174593,1.5853174603174593,61863.0
2016-05-04,1.5753968253968245,1.5753968253968245,34908.0
2016-05-05,1.580357142857142,1.580357142857142,10401.0
2016-05-06,1.5327380952380942,1.5327380952380942,44385.0
2016-05-09,1.5029761904761896,1.5029761904761896,59523.0
2016-05-10,1.4880952380952372,1.4880952380952372,18084.0
2016-05-11,1.4811507936507928,1.4811507936507928,21123.0
2016-05-12,1.4950396825396817,1.4950396825396817,28923.0
2016-05-13,1.4890873015873007,1.4890873015873007,12693.0
2016-05-16,1.4930555555555547,1.4930555555555547,21132.0
2016-05-17,1.4950396825396817,1.4950396825396817,17982.0
2016-05-18,1.5009920634920628,1.5009920634920628,39303.0
2016-05-19,1.4999999999999993,1.4999999999999993,13044.0
2016-05-20,1.509920634920634,1.509920634920634,19800.0
2016-05-23,1.517857142857142,1.517857142857142,20112.0
2016-05-24,1.5029761904761894,1.5029761904761894,9771.0
2016-05-25,1.5029761904761894,1.5029761904761894,27864.0
2016-05-26,1.503968253968253,1.503968253968253,12864.0
2016-05-27,1.507936507936507,1.507936507936507,5397.0
2016-05-30,1.50595238095238,1.50595238095238,4539.0
2016-05-31,1.6021825396825387,1.6021825396825387,262242.0
2016-06-01,1.5853174603174593,1.5853174603174593,102075.0
2016-06-02,1.5823412698412687,1.5823412698412687,55071.0
2016-06-03,1.59126984126984,1.59126984126984,42000.0
2016-06-06,1.5803571428571415,1.5803571428571415,12804.0
2016-06-07,1.5843253968253954,1.5843253968253954,17892.0
2016-06-08,1.5763888888888875,1.5763888888888875,19875.0
2016-06-13,1.522817460317459,1.522817460317459,30852.0
2016-06-14,1.5317460317460305,1.5317460317460305,30246.0
2016-06-15,1.5476190476190463,1.5476190476190463,39057.0
2016-06-16,1.5307539682539668,1.5307539682539668,47946.0
2016-06-17,1.5446428571428557,1.5446428571428557,49443.0
2016-06-20,1.5456349206349194,1.5456349206349194,8544.0
2016-06-21,1.5565476190476177,1.5565476190476177,64395.0
2016-06-22,1.5704365079365066,1.5704365079365066,36312.0
2016-06-23,1.5684523809523796,1.5684523809523796,39372.0
2016-06-24,1.5476190476190463,1.5476190476190463,42975.0
2016-06-27,1.5664682539682526,1.5664682539682526,14745.0
2016-06-28,1.5823412698412684,1.5823412698412684,33393.0
2016-06-29,1.589285714285713,1.589285714285713,42738.0
2016-06-30,1.593253968253967,1.593253968253967,125736.0
2016-07-01,1.595238095238094,1.595238095238094,29892.0
2016-07-04,1.6309523809523796,1.6309523809523796,82185.0
2016-07-05,1.6259920634920624,1.6259920634920624,122928.0
2016-07-06,1.619047619047618,1.619047619047618,15180.0
2016-07-07,1.6269841269841259,1.6269841269841259,26496.0
2016-07-08,1.621031746031745,1.621031746031745,6450.0
2016-07-11,1.6200396825396817,1.6200396825396817,26826.0
2016-07-12,1.6597222222222214,1.6597222222222214,170427.0
2016-07-13,1.6706349206349198,1.6706349206349198,163311.0
2016-07-14,1.6577380952380945,1.6577380952380945,60219.0
2016-07-15,1.6567460317460307,1.6567460317460307,43965.0
2016-07-18,1.636904761904761,1.636904761904761,43263.0
2016-07-19,1.6418650793650786,1.6418650793650786,21435.0
2016-07-20,1.634920634920634,1.634920634920634,11793.0
2016-07-21,1.6388888888888882,1.6388888888888882,70185.0
2016-07-22,1.6319444444444438,1.6319444444444438,14727.0
2016-07-25,1.6309523809523803,1.6309523809523803,7917.0
2016-07-26,1.644841269841269,1.644841269841269,23166.0
2016-07-27,1.620039682539682,1.620039682539682,54702.0
2016-07-28,1.604166666666666,1.604166666666666,59004.0
2016-07-29,1.593253968253968,1.593253968253968,6141.0
2016-08-01,1.583333333333333,1.583333333333333,24009.0
2016-08-02,1.587301587301587,1.587301587301587,36423.0
2016-08-03,1.5843253968253963,1.5843253968253963,9849.0
2016-08-04,1.5823412698412693,1.5823412698412693,10296.0
2016-08-05,1.5882936507936505,1.5882936507936505,26520.0
2016-08-08,1.6001984126984126,1.6001984126984126,53472.0
2016-08-09,1.60515873015873,1.60515873015873,17646.0
2016-08-10,1.6001984126984123,1.6001984126984123,13710.0
2016-08-11,1.6170634920634916,1.6170634920634916,49254.0
2016-08-12,1.6468253968253965,1.6468253968253965,44037.0
2016-08-15,1.7361111111111107,1.7361111111111107,330723.0
2016-08-16,1.706349206349206,1.706349206349206,201522.0
2016-08-17,1.706349206349206,1.706349206349206,75186.0
2016-08-18,1.6994047619047619,1.6994047619047619,99615.0
2016-08-19,1.7053571428571428,1.7053571428571428,47760.0
2016-08-22,1.6865079365079363,1.6865079365079363,20259.0
2016-08-23,1.6884920634920633,1.6884920634920633,19230.0
2016-08-24,1.6765873015873012,1.6765873015873012,40107.0
2016-08-25,1.6785714285714282,1.6785714285714282,83349.0
2016-08-26,1.6795634920634919,1.6795634920634919,15876.0
2016-08-29,1.6706349206349203,1.6706349206349203,21774.0
2016-08-30,1.686507936507936,1.686507936507936,58572.0
2016-08-31,1.6874999999999998,1.6874999999999998,34104.0
2016-09-01,1.6746031746031742,1.6746031746031742,15885.0
2016-09-02,1.6884920634920633,1.6884920634920633,28572.0
2016-09-05,1.6954365079365077,1.6954365079365077,22101.0
2016-09-06,1.7023809523809519,1.7023809523809519,32376.0
2016-09-07,1.7053571428571426,1.7053571428571426,22659.0
2016-09-08,1.7013888888888886,1.7013888888888886,7422.0
2016-09-09,1.6994047619047616,1.6994047619047616,16569.0
2016-09-12,1.66765873015873,1.66765873015873,23031.0
2016-09-13,1.6547619047619044,1.6547619047619044,24267.0
2016-09-14,1.641865079365079,1.641865079365079,10362.0
2016-09-19,1.6537698412698412,1.6537698412698412,7374.0
2016-09-20,1.6488095238095235,1.6488095238095235,12837.0
2016-09-21,1.6626984126984123,1.6626984126984123,27411.0
2016-09-22,1.6646825396825393,1.6646825396825393,32943.0
2016-09-23,1.657738095238095,1.657738095238095,8433.0
2016-09-26,1.6349206349206344,1.6349206349206344,59874.0
2016-09-27,1.639880952380952,1.639880952380952,12579.0
2016-09-28,1.6369047619047614,1.6369047619047614,2304.0
2016-09-29,1.6488095238095235,1.6488095238095235,6894.0
2016-09-30,1.6567460317460314,1.6567460317460314,13845.0
2016-10-10,1.671626984126984,1.671626984126984,25269.0
2016-10-11,1.675595238095238,1.675595238095238,12771.0
2016-10-12,1.673611111111111,1.673611111111111,4563.0
2016-10-13,1.671626984126984,1.671626984126984,8514.0
2016-10-14,1.665674603174603,1.665674603174603,63321.0
2016-10-17,1.6428571428571426,1.6428571428571426,18450.0
2016-10-18,1.6746031746031744,1.6746031746031744,28635.0
2016-10-19,1.665674603174603,1.665674603174603,6534.0
2016-10-20,1.665674603174603,1.665674603174603,12024.0
2016-10-21,1.669642857142857,1.669642857142857,17112.0
2016-10-24,1.7053571428571428,1.7053571428571428,89805.0
2016-10-25,1.7013888888888888,1.7013888888888888,69177.0
2016-10-26,1.7013888888888888,1.7013888888888888,35520.0
2016-10-27,1.6924603174603172,1.6924603174603172,9798.0
2016-10-28,1.7083333333333333,1.7083333333333333,77982.0
2016-10-31,1.7043650793650793,1.7043650793650793,21897.0
2016-11-01,1.7182539682539681,1.7182539682539681,19866.0
2016-11-02,1.7063492063492063,1.7063492063492063,94167.0
2016-11-03,1.7371031746031744,1.7371031746031744,77430.0
2016-11-04,1.732142857142857,1.732142857142857,247386.0
2016-11-07,1.7430555555555554,1.7430555555555554,60651.0
2016-11-08,1.7460317460317458,1.7460317460317458,179067.0
2016-11-09,1.7251984126984126,1.7251984126984126,65283.0
2016-11-10,1.7509920634920633,1.7509920634920633,157821.0
2016-11-11,1.7876984126984128,1.7876984126984128,108381.0
2016-11-14,1.797619047619048,1.797619047619048,210279.0
2016-11-15,1.7926587301587302,1.7926587301587302,38055.0
2016-11-16,1.793650793650794,1.793650793650794,28365.0
2016-11-17,1.7946428571428572,1.7946428571428572,44430.0
2016-11-18,1.7787698412698414,1.7787698412698414,16977.0
2016-11-21,1.7926587301587302,1.7926587301587302,93909.0
2016-11-22,1.814484126984127,1.814484126984127,34494.0
2016-11-23,1.8075396825396828,1.8075396825396828,31230.0
2016-11-24,1.8253968253968258,1.8253968253968258,111558.0
2016-11-25,1.8273809523809528,1.8273809523809528,25056.0
2016-11-28,1.8293650793650797,1.8293650793650797,103296.0
2016-11-29,1.8253968253968258,1.8253968253968258,45930.0
2016-11-30,1.8065476190476193,1.8065476190476193,37578.0
2016-12-01,1.8144841269841274,1.8144841269841274,30699.0
2016-12-02,1.801587301587302,1.801587301587302,54648.0
2016-12-05,1.7559523809523814,1.7559523809523814,41592.0
2016-12-06,1.7480158730158735,1.7480158730158735,219345.0
2016-12-07,1.7589285714285718,1.7589285714285718,14358.0
2016-12-08,1.752976190476191,1.752976190476191,38274.0
2016-12-09,1.764880952380953,1.764880952380953,37242.0
2016-12-12,1.7291666666666674,1.7291666666666674,84345.0
2016-12-13,1.7251984126984135,1.7251984126984135,17532.0
2016-12-14,1.7212301587301595,1.7212301587301595,15999.0
2016-12-15,1.6855158730158737,1.6855158730158737,56622.0
2016-12-16,1.6855158730158737,1.6855158730158737,26328.0
2016-12-19,1.674603174603175,1.674603174603175,8805.0
2016-12-20,1.6617063492063497,1.6617063492063497,18024.0
2016-12-21,1.6815476190476195,1.6815476190476195,16485.0
2016-12-22,1.6785714285714288,1.6785714285714288,5493.0
2016-12-23,1.6755952380952384,1.6755952380952384,4734.0
2016-12-26,1.6726190476190477,1.6726190476190477,21486.0
2016-12-27,1.6676587301587302,1.6676587301587302,16572.0
2016-12-28,1.6617063492063493,1.6617063492063493,24129.0
2016-12-29,1.6656746031746033,1.6656746031746033,14217.0
2016-12-30,1.6746031746031746,1.6746031746031746,19917.0
2017-01-03,1.685515873015873,1.685515873015873,14328.0
2017-01-04,1.6884920634920635,1.6884920634920635,7929.0
2017-01-05,1.6904761904761907,1.6904761904761907,24321.0
2017-01-06,1.672619047619048,1.672619047619048,10317.0
2017-01-09,1.6795634920634923,1.6795634920634923,13044.0
2017-01-10,1.6755952380952384,1.6755952380952384,9756.0
2017-01-11,1.6706349206349207,1.6706349206349207,3252.0
2017-01-12,1.6686507936507937,1.6686507936507937,5277.0
2017-01-13,1.6736111111111114,1.6736111111111114,8832.0
2017-01-16,1.6845238095238098,1.6845238095238098,18633.0
2017-01-17,1.6775793650793656,1.6775793650793656,10395.0
2017-01-18,1.6825396825396828,1.6825396825396828,7581.0
2017-01-19,1.6765873015873018,1.6765873015873018,14967.0
2017-01-20,1.6894841269841272,1.6894841269841272,4938.0
2017-01-23,1.6914682539682544,1.6914682539682544,12225.0
2017-01-24,1.6855158730158735,1.6855158730158735,8802.0
2017-01-25,1.6855158730158735,1.6855158730158735,4719.0
2017-01-26,1.6964285714285716,1.6964285714285716,16452.0
2017-02-03,1.6755952380952384,1.6755952380952384,12366.0
2017-02-06,1.6785714285714288,1.6785714285714288,11868.0
2017-02-07,1.6765873015873018,1.6765873015873018,11778.0
2017-02-08,1.6884920634920637,1.6884920634920637,13413.0
2017-02-09,1.6954365079365081,1.6954365079365081,13569.0
2017-02-10,1.6964285714285716,1.6964285714285716,14439.0
2017-02-13,1.7083333333333335,1.7083333333333335,13335.0
2017-02-14,1.7023809523809526,1.7023809523809526,16155.0
2017-02-15,1.697420634920635,1.697420634920635,39948.0
2017-02-16,1.7033730158730163,1.7033730158730163,15438.0
2017-02-17,1.7113095238095244,1.7113095238095244,123519.0
2017-02-20,1.7251984126984135,1.7251984126984135,156543.0
2017-02-21,1.7271825396825404,1.7271825396825404,30969.0
2017-02-22,1.7232142857142865,1.7232142857142865,12246.0
2017-02-23,1.7113095238095246,1.7113095238095246,15792.0
2017-02-24,1.708333333333334,1.708333333333334,17739.0
2017-02-27,1.706349206349207,1.706349206349207,43662.0
2017-02-28,1.6994047619047628,1.6994047619047628,8730.0
2017-03-01,1.694444444444445,1.694444444444445,13227.0
2017-03-02,1.6875000000000007,1.6875000000000007,19101.0
2017-03-03,1.6765873015873023,1.6765873015873023,13308.0
2017-03-06,1.683531746031747,1.683531746031747,8169.0
2017-03-07,1.6845238095238104,1.6845238095238104,3252.0
2017-03-08,1.6825396825396834,1.6825396825396834,4974.0
2017-03-09,1.6746031746031753,1.6746031746031753,10617.0
2017-03-10,1.667658730158731,1.667658730158731,43467.0
2017-03-13,1.675595238095239,1.675595238095239,13074.0
2017-03-14,1.675595238095239,1.675595238095239,4035.0
2017-03-15,1.6765873015873023,1.6765873015873023,40365.0
2017-03-16,1.700396825396826,1.700396825396826,123549.0
2017-03-17,1.6815476190476197,1.6815476190476197,22680.0
2017-03-20,1.6696428571428577,1.6696428571428577,11724.0
2017-03-21,1.668650793650794,1.668650793650794,7251.0
2017-03-22,1.6547619047619049,1.6547619047619049,11607.0
2017-03-23,1.650793650793651,1.650793650793651,37341.0
2017-03-24,1.6666666666666667,1.6666666666666667,52656.0
2017-03-27,1.6656746031746035,1.6656746031746035,46929.0
2017-03-28,1.6636904761904765,1.6636904761904765,2811.0
2017-03-29,1.650793650793651,1.650793650793651,43218.0
2017-03-30,1.650793650793651,1.650793650793651,12000.0
2017-03-31,1.6597222222222225,1.6597222222222225,16752.0
2017-04-05,1.676587301587302,1.676587301587302,97695.0
2017-04-06,1.6686507936507942,1.6686507936507942,50544.0
2017-04-07,1.6646825396825402,1.6646825396825402,11154.0
2017-04-10,1.6567460317460323,1.6567460317460323,79188.0
2017-04-11,1.655753968253969,1.655753968253969,109839.0
2017-04-12,1.669642857142858,1.669642857142858,87945.0
2017-04-13,1.6577380952380962,1.6577380952380962,21432.0
2017-04-14,1.6488095238095246,1.6488095238095246,17082.0
2017-04-17,1.6359126984126993,1.6359126984126993,77667.0
2017-04-18,1.6220238095238104,1.6220238095238104,14223.0
2017-04-19,1.609126984126985,1.609126984126985,28113.0
2017-04-20,1.6150793650793656,1.6150793650793656,21072.0
2017-04-21,1.6269841269841274,1.6269841269841274,34548.0
2017-04-24,1.6309523809523814,1.6309523809523814,18045.0
2017-04-25,1.6319444444444449,1.6319444444444449,49098.0
2017-04-26,1.6458333333333337,1.6458333333333337,87987.0
2017-04-27,1.6527777777777781,1.6527777777777781,21399.0
2017-04-28,1.656746031746032,1.656746031746032,1968.0
2017-05-02,1.6418650793650797,1.6418650793650797,7776.0
2017-05-03,1.6359126984126988,1.6359126984126988,20478.0
2017-05-04,1.6339285714285718,1.6339285714285718,7050.0
2017-05-05,1.6071428571428577,1.6071428571428577,37989.0
2017-05-08,1.6130952380952384,1.6130952380952384,14121.0
2017-05-09,1.610119047619048,1.610119047619048,41415.0
2017-05-10,1.6269841269841272,1.6269841269841272,25749.0
2017-05-11,1.627976190476191,1.627976190476191,16710.0
2017-05-12,1.6498015873015879,1.6498015873015879,16962.0
2017-05-15,1.6577380952380958,1.6577380952380958,22731.0
2017-05-16,1.6617063492063497,1.6617063492063497,3690.0
2017-05-17,1.6527777777777781,1.6527777777777781,13491.0
2017-05-18,1.6448412698412702,1.6448412698412702,3096.0
2017-05-19,1.6448412698412702,1.6448412698412702,4275.0
2017-05-22,1.6577380952380956,1.6577380952380956,4803.0
2017-05-23,1.6686507936507937,1.6686507936507937,44388.0
2017-05-24,1.6646825396825398,1.6646825396825398,9951.0
2017-05-25,1.7361111111111112,1.7361111111111112,59673.0
2017-05-26,1.7361111111111112,1.7361111111111112,29859.0
2017-05-31,1.7460317460317463,1.7460317460317463,43326.0
2017-06-01,1.7460317460317463,1.7460317460317463,11925.0
2017-06-02,1.72718253968254,1.72718253968254,35118.0
2017-06-05,1.711309523809524,1.711309523809524,19653.0
2017-06-06,1.734126984126984,1.734126984126984,11610.0
2017-06-07,1.7490079365079363,1.7490079365079363,11718.0
2017-06-08,1.7658730158730158,1.7658730158730158,20634.0
2017-06-09,1.7718253968253967,1.7718253968253967,15966.0
2017-06-12,1.7738095238095237,1.7738095238095237,5043.0
2017-06-13,1.7678571428571428,1.7678571428571428,5043.0
2017-06-14,1.755952380952381,1.755952380952381,8916.0
2017-06-15,1.7499999999999998,1.7499999999999998,8898.0
2017-06-16,1.7519841269841268,1.7519841269841268,13596.0
2017-06-19,1.7976190476190477,1.7976190476190477,42810.0
2017-06-20,1.7857142857142858,1.7857142857142858,40443.0
2017-06-21,1.8005952380952381,1.8005952380952381,23991.0
2017-06-22,1.8134920634920635,1.8134920634920635,41937.0
2017-06-23,1.8075396825396826,1.8075396825396826,23208.0
2017-06-26,1.8323412698412698,1.8323412698412698,22371.0
2017-06-27,1.8263888888888886,1.8263888888888886,4047.0
2017-06-28,1.8253968253968251,1.8253968253968251,3711.0
2017-06-29,1.8253968253968251,1.8253968253968251,10311.0
2017-06-30,1.8224206349206347,1.8224206349206347,6330.0
2017-07-03,1.8035714285714284,1.8035714285714284,7944.0
2017-07-04,1.7876984126984123,1.7876984126984123,5964.0
2017-07-05,1.8253968253968251,1.8253968253968251,22824.0
2017-07-06,1.8452380952380951,1.8452380952380951,37518.0
2017-07-07,1.85515873015873,1.85515873015873,100335.0
2017-07-10,1.8601190476190474,1.8601190476190474,48342.0
2017-07-11,1.8740079365079365,1.8740079365079365,35175.0
2017-07-12,1.8591269841269842,1.8591269841269842,36306.0
2017-07-13,1.8918650793650793,1.8918650793650793,36012.0
2017-07-14,1.9037698412698414,1.9037698412698414,20223.0
2017-07-17,1.8948412698412698,1.8948412698412698,26289.0
2017-07-18,1.8859126984126986,1.8859126984126986,11331.0
2017-07-19,1.953373015873016,1.953373015873016,61119.0
2017-07-20,1.951388888888889,1.951388888888889,25953.0
2017-07-21,1.9166666666666667,1.9166666666666667,14331.0
2017-07-24,1.9226190476190477,1.9226190476190477,6435.0
2017-07-25,1.9067460317460316,1.9067460317460316,9825.0
2017-07-26,1.9057539682539681,1.9057539682539681,22002.0
2017-07-27,1.919642857142857,1.919642857142857,25461.0
2017-07-28,1.9047619047619047,1.9047619047619047,8187.0
2017-07-31,1.911706349206349,1.911706349206349,22914.0
2017-08-01,1.964285714285714,1.964285714285714,81795.0
2017-08-02,1.976190476190476,1.976190476190476,95148.0
2017-08-03,1.9632936507936507,1.9632936507936507,77175.0
2017-08-04,1.9424603174603172,1.9424603174603172,24561.0
2017-08-07,1.9345238095238093,1.9345238095238093,13623.0
2017-08-08,1.9285714285714284,1.9285714285714284,23298.0
2017-08-09,1.9047619047619044,1.9047619047619044,27750.0
2017-08-10,1.8908730158730156,1.8908730158730156,28092.0
2017-08-11,1.8541666666666665,1.8541666666666665,17712.0
2017-08-14,1.8819444444444444,1.8819444444444444,8736.0
2017-08-15,1.8829365079365077,1.8829365079365077,8142.0
2017-08-16,1.8839285714285714,1.8839285714285714,10719.0
2017-08-17,1.8869047619047619,1.8869047619047619,19296.0
2017-08-18,1.9057539682539686,1.9057539682539686,25515.0
2017-08-21,1.9027777777777781,1.9027777777777781,40920.0
2017-08-22,1.9305555555555558,1.9305555555555558,35997.0
2017-08-23,1.9454365079365081,1.9454365079365081,24096.0
2017-08-24,1.9255952380952381,1.9255952380952381,22941.0
2017-08-25,1.9742063492063493,1.9742063492063493,30150.0
2017-08-28,2.0585317460317465,2.0585317460317465,74121.0
2017-08-29,2.0466269841269846,2.0466269841269846,41067.0
2017-08-30,2.0386904761904767,2.0386904761904767,41019.0
2017-08-31,2.041666666666667,2.041666666666667,16653.0
2017-09-01,2.043650793650794,2.043650793650794,35652.0
2017-09-04,2.0376984126984126,2.0376984126984126,49269.0
2017-09-05,2.0496031746031744,2.0496031746031744,26223.0
2017-09-06,2.0357142857142856,2.0357142857142856,43854.0
2017-09-07,2.0178571428571423,2.0178571428571423,26634.0
2017-09-08,2.0119047619047614,2.0119047619047614,59196.0
2017-09-11,1.9960317460317454,1.9960317460317454,71559.0
2017-09-12,2.0208333333333326,2.0208333333333326,50595.0
2017-09-13,2.009920634920634,2.009920634920634,18789.0
2017-09-14,1.9960317460317454,1.9960317460317454,10014.0
2017-09-15,1.9999999999999991,1.9999999999999991,7395.0
2017-09-18,2.016865079365078,2.016865079365078,14781.0
2017-09-19,1.9910714285714275,1.9910714285714275,43356.0
2017-09-20,1.9871031746031735,1.9871031746031735,24891.0
2017-09-21,1.9900793650793638,1.9900793650793638,15894.0
2017-09-22,1.9970238095238084,1.9970238095238084,47472.0
2017-09-25,1.9831349206349198,1.9831349206349198,2844.0
2017-09-26,1.984126984126983,1.984126984126983,3273.0
2017-09-27,1.982142857142856,1.982142857142856,10866.0
2017-09-28,1.9751984126984117,1.9751984126984117,4938.0
2017-09-29,1.9940476190476177,1.9940476190476177,13497.0
2017-10-09,2.0188492063492056,2.0188492063492056,21900.0
2017-10-10,1.9890873015873005,1.9890873015873005,50334.0
2017-10-11,2.0019841269841256,2.0019841269841256,40692.0
2017-10-12,2.0109126984126977,2.0109126984126977,10383.0
2017-10-13,2.020833333333332,2.020833333333332,15201.0
2017-10-16,2.0148809523809517,2.0148809523809517,24075.0
2017-10-17,2.0148809523809517,2.0148809523809517,15975.0
2017-10-18,2.0248015873015865,2.0248015873015865,8262.0
2017-10-19,2.011904761904761,2.011904761904761,23664.0
2017-10-20,2.0019841269841256,2.0019841269841256,7212.0
2017-10-23,2.0109126984126977,2.0109126984126977,4014.0
2017-10-24,2.0357142857142847,2.0357142857142847,47793.0
2017-10-25,2.02876984126984,2.02876984126984,11265.0
2017-10-26,2.0624999999999987,2.0624999999999987,73272.0
2017-10-27,2.0674603174603163,2.0674603174603163,25533.0
2017-10-30,2.057539682539681,2.057539682539681,18603.0
2017-10-31,2.0664682539682526,2.0664682539682526,20589.0
2017-11-01,2.0605158730158712,2.0605158730158712,18507.0
2017-11-02,2.0575396825396806,2.0575396825396806,17205.0
2017-11-03,2.0585317460317447,2.0585317460317447,13605.0
2017-11-06,2.046626984126983,2.046626984126983,27933.0
2017-11-07,2.083333333333332,2.083333333333332,91908.0
2017-11-08,2.0892857142857126,2.0892857142857126,156594.0
2017-11-09,2.108134920634919,2.108134920634919,19200.0
2017-11-10,2.164682539682538,2.164682539682538,211077.0
2017-11-13,2.164682539682538,2.164682539682538,33867.0
2017-11-14,2.1567460317460303,2.1567460317460303,26343.0
2017-11-15,2.1359126984126973,2.1359126984126973,20160.0
2017-11-16,2.1626984126984117,2.1626984126984117,30045.0
2017-11-17,2.207341269841269,2.207341269841269,55059.0
2017-11-20,2.2003968253968242,2.2003968253968242,84282.0
2017-11-21,2.276785714285713,2.276785714285713,217254.0
2017-11-22,2.2619047619047605,2.2619047619047605,52779.0
2017-11-23,2.1805555555555545,2.1805555555555545,161178.0
2017-11-24,2.186507936507936,2.186507936507936,54609.0
2017-11-27,2.1726190476190466,2.1726190476190466,101268.0
2017-11-28,2.165674603174602,2.165674603174602,20334.0
2017-11-29,2.1557539682539675,2.1557539682539675,10362.0
2017-11-30,2.117063492063491,2.117063492063491,23556.0
2017-12-01,2.0863095238095233,2.0863095238095233,40131.0
2017-12-04,2.1091269841269833,2.1091269841269833,11925.0
2017-12-05,2.1507936507936503,2.1507936507936503,63321.0
2017-12-06,2.117063492063491,2.117063492063491,21003.0
2017-12-07,2.08829365079365,2.08829365079365,23871.0
2017-12-08,2.126984126984126,2.126984126984126,73089.0
2017-12-11,2.144841269841269,2.144841269841269,16776.0
2017-12-12,2.1001984126984117,2.1001984126984117,20571.0
2017-12-13,2.1130952380952372,2.1130952380952372,10080.0
2017-12-14,2.0813492063492056,2.0813492063492056,22749.0
2017-12-15,2.0694444444444438,2.0694444444444438,13986.0
2017-12-18,2.0684523809523805,2.0684523809523805,11850.0
2017-12-19,2.103174603174603,2.103174603174603,54132.0
2017-12-20,2.0982142857142856,2.0982142857142856,8736.0
2017-12-21,2.1170634920634916,2.1170634920634916,38622.0
2017-12-22,2.099206349206349,2.099206349206349,14910.0
2017-12-25,2.0813492063492056,2.0813492063492056,11574.0
2017-12-26,2.0912698412698405,2.0912698412698405,23943.0
2017-12-27,2.0337301587301577,2.0337301587301577,22536.0
2017-12-28,2.0416666666666656,2.0416666666666656,13905.0
2017-12-29,2.0376984126984117,2.0376984126984117,2628.0
2018-01-02,2.077380952380951,2.077380952380951,54342.0
2018-01-03,2.0684523809523796,2.0684523809523796,53322.0
2018-01-04,2.0674603174603163,2.0674603174603163,40662.0
2018-01-05,2.0615079365079354,2.0615079365079354,14838.0
2018-01-08,2.070436507936507,2.070436507936507,14943.0
2018-01-09,2.087301587301586,2.087301587301586,142125.0
2018-01-10,2.0813492063492047,2.0813492063492047,23424.0
2018-01-11,2.083333333333332,2.083333333333332,13977.0
2018-01-12,2.108134920634919,2.108134920634919,45489.0
2018-01-15,2.1349206349206336,2.1349206349206336,85845.0
2018-01-16,2.1468253968253954,2.1468253968253954,35994.0
2018-01-17,2.208333333333332,2.208333333333332,160173.0
2018-01-18,2.1924603174603163,2.1924603174603163,73176.0
2018-01-19,2.220238095238094,2.220238095238094,96606.0
2018-01-22,2.228174603174602,2.228174603174602,77661.0
2018-01-23,2.233134920634919,2.233134920634919,154479.0
2018-01-24,2.241071428571427,2.241071428571427,113688.0
2018-01-25,2.2083333333333317,2.2083333333333317,155199.0
2018-01-26,2.2192460317460303,2.2192460317460303,32631.0
2018-01-29,2.164682539682538,2.164682539682538,75447.0
2018-01-30,2.1408730158730145,2.1408730158730145,87900.0
2018-01-31,2.1498015873015857,2.1498015873015857,92067.0
2018-02-01,2.139880952380951,2.139880952380951,66033.0
2018-02-02,2.151785714285713,2.151785714285713,43164.0
2018-02-05,2.164682539682538,2.164682539682538,19554.0
2018-02-06,2.090277777777777,2.090277777777777,34458.0
2018-02-07,2.0505952380952372,2.0505952380952372,22632.0
2018-02-08,1.9999999999999991,1.9999999999999991,58119.0
2018-02-09,1.8621031746031738,1.8621031746031738,30201.0
2018-02-12,1.867063492063491,1.867063492063491,44574.0
2018-02-13,1.9037698412698403,1.9037698412698403,14655.0
2018-02-14,1.921626984126983,1.921626984126983,6684.0
2018-02-22,1.9513888888888877,1.9513888888888877,6321.0
2018-02-23,1.9603174603174591,1.9603174603174591,5175.0
2018-02-26,1.9970238095238082,1.9970238095238082,38739.0
2018-02-27,1.968253968253967,1.968253968253967,26364.0
2018-02-28,1.933531746031745,1.933531746031745,10743.0
2018-03-01,1.9543650793650782,1.9543650793650782,5892.0
2018-03-02,1.925595238095237,1.925595238095237,5394.0
2018-03-05,1.9325396825396814,1.9325396825396814,2670.0
2018-03-06,1.9642857142857133,1.9642857142857133,5658.0
2018-03-07,1.9444444444444435,1.9444444444444435,13251.0
2018-03-08,1.9692460317460307,1.9692460317460307,4236.0
2018-03-09,1.9811507936507928,1.9811507936507928,21600.0
2018-03-12,2.015873015873015,2.015873015873015,78675.0
2018-03-13,1.9662698412698403,1.9662698412698403,9378.0
2018-03-14,1.9583333333333324,1.9583333333333324,5400.0
2018-03-15,1.969246031746031,1.969246031746031,3726.0
2018-03-16,1.9662698412698405,1.9662698412698405,5766.0
2018-03-19,2.0119047619047614,2.0119047619047614,37524.0
2018-03-20,2.00595238095238,2.00595238095238,58770.0
2018-03-21,2.00297619047619,2.00297619047619,8661.0
2018-03-22,1.9821428571428563,1.9821428571428563,47937.0
2018-03-23,1.9117063492063486,1.9117063492063486,33465.0
2018-03-26,1.8839285714285707,1.8839285714285707,69381.0
2018-03-27,1.884920634920634,1.884920634920634,135732.0
2018-03-28,1.8412698412698405,1.8412698412698405,11181.0
2018-03-29,1.8740079365079358,1.8740079365079358,101619.0
2018-03-30,1.866071428571428,1.866071428571428,9540.0
2018-04-02,1.866071428571428,1.866071428571428,11418.0
2018-04-03,1.8611111111111103,1.8611111111111103,3957.0
2018-04-04,1.8501984126984121,1.8501984126984121,3489.0
2018-04-09,1.8660714285714282,1.8660714285714282,3741.0
2018-04-10,1.9136904761904758,1.9136904761904758,43713.0
2018-04-11,1.9136904761904758,1.9136904761904758,51138.0
2018-04-12,1.8938492063492058,1.8938492063492058,8295.0
2018-04-13,1.872023809523809,1.872023809523809,25899.0
2018-04-16,1.857142857142857,1.857142857142857,24564.0
2018-04-17,1.8045634920634916,1.8045634920634916,14859.0
2018-04-18,1.8244047619047616,1.8244047619047616,18204.0
2018-04-19,1.8353174603174602,1.8353174603174602,7893.0
2018-04-20,1.8035714285714284,1.8035714285714284,4527.0
2018-04-23,1.8095238095238093,1.8095238095238093,2700.0
2018-04-24,1.8640873015873014,1.8640873015873014,12738.0
2018-04-25,1.8482142857142856,1.8482142857142856,4572.0
2018-04-26,1.8045634920634919,1.8045634920634919,12204.0
2018-04-27,1.7956349206349205,1.7956349206349205,13362.0
2018-05-02,1.8015873015873016,1.8015873015873016,7389.0
2018-05-03,1.8303571428571428,1.8303571428571428,6324.0
2018-05-04,1.814484126984127,1.814484126984127,4698.0
2018-05-07,1.8353174603174602,1.8353174603174602,23268.0
2018-05-08,1.8591269841269842,1.8591269841269842,17229.0
2018-05-09,1.8511904761904763,1.8511904761904763,2022.0
2018-05-10,1.8670634920634919,1.8670634920634919,3483.0
2018-05-11,1.8511904761904763,1.8511904761904763,2700.0
2018-05-14,1.8680555555555554,1.8680555555555554,42645.0
2018-05-15,1.8561507936507935,1.8561507936507935,33882.0
2018-05-16,1.8343253968253965,1.8343253968253965,15393.0
2018-05-17,1.8154761904761902,1.8154761904761902,14673.0
2018-05-18,1.8422619047619047,1.8422619047619047,14841.0
2018-05-21,1.8571428571428572,1.8571428571428572,15609.0
2018-05-22,1.8392857142857144,1.8392857142857144,9933.0
2018-05-23,1.8115079365079367,1.8115079365079367,16260.0
2018-05-24,1.7986111111111112,1.7986111111111112,8727.0
2018-05-25,1.7906746031746033,1.7906746031746033,9099.0
2018-05-28,1.8005952380952381,1.8005952380952381,3786.0
2018-05-29,1.7867063492063493,1.7867063492063493,23325.0
2018-05-30,1.7321428571428572,1.7321428571428572,18450.0
2018-05-31,1.7589285714285714,1.7589285714285714,16440.0
2018-06-01,1.7609126984126982,1.7609126984126982,11541.0
2018-06-04,1.780753968253968,1.780753968253968,29055.0
2018-06-05,1.7986111111111107,1.7986111111111107,26481.0
2018-06-06,1.7867063492063489,1.7867063492063489,36759.0
2018-06-07,1.8045634920634916,1.8045634920634916,52737.0
2018-06-08,1.768849206349206,1.768849206349206,22311.0
2018-06-11,1.7757936507936507,1.7757936507936507,4209.0
2018-06-12,1.794642857142857,1.794642857142857,21912.0
2018-06-13,1.7797619047619047,1.7797619047619047,2745.0
2018-06-14,1.7996031746031746,1.7996031746031746,15333.0
2018-06-15,1.7926587301587302,1.7926587301587302,16746.0
2018-06-19,1.7043650793650793,1.7043650793650793,32262.0
2018-06-20,1.6964285714285714,1.6964285714285714,10905.0
2018-06-21,1.6567460317460316,1.6567460317460316,20907.0
2018-06-22,1.661706349206349,1.661706349206349,6300.0
2018-06-25,1.6378968253968251,1.6378968253968251,14433.0
2018-06-26,1.6349206349206347,1.6349206349206347,22473.0
2018-06-27,1.607142857142857,1.607142857142857,11577.0
2018-06-28,1.6021825396825393,1.6021825396825393,12204.0
2018-06-29,1.641865079365079,1.641865079365079,33108.0
2018-07-02,1.5803571428571426,1.5803571428571426,33426.0
2018-07-03,1.6021825396825393,1.6021825396825393,37377.0
2018-07-04,1.5873015873015872,1.5873015873015872,32028.0
2018-07-05,1.5724206349206349,1.5724206349206349,21459.0
2018-07-06,1.6011904761904763,1.6011904761904763,55182.0
2018-07-09,1.6349206349206347,1.6349206349206347,22140.0
2018-07-10,1.6289682539682537,1.6289682539682537,10407.0
2018-07-11,1.6031746031746033,1.6031746031746033,5559.0
2018-07-12,1.6378968253968251,1.6378968253968251,12126.0
2018-07-13,1.6359126984126982,1.6359126984126982,4326.0
2018-07-16,1.6160714285714284,1.6160714285714284,22728.0
2018-07-17,1.6140873015873014,1.6140873015873014,5172.0
2018-07-18,1.615079365079365,1.615079365079365,26046.0
2018-07-19,1.6170634920634916,1.6170634920634916,5586.0
2018-07-20,1.686507936507936,1.686507936507936,61341.0
2018-07-23,1.71031746031746,1.71031746031746,35247.0
2018-07-24,1.7331349206349205,1.7331349206349205,27015.0
2018-07-25,1.7132936507936507,1.7132936507936507,32037.0
2018-07-26,1.6974206349206349,1.6974206349206349,38202.0
2018-07-27,1.6884920634920633,1.6884920634920633,8817.0
2018-07-30,1.6845238095238093,1.6845238095238093,7770.0
2018-07-31,1.6974206349206349,1.6974206349206349,27603.0
2018-08-01,1.6537698412698412,1.6537698412698412,14070.0
2018-08-02,1.6081349206349205,1.6081349206349205,29856.0
2018-08-03,1.5892857142857142,1.5892857142857142,5253.0
2018-08-06,1.597222222222222,1.597222222222222,27765.0
2018-08-07,1.6359126984126982,1.6359126984126982,16371.0
2018-08-08,1.6249999999999996,1.6249999999999996,3087.0
2018-08-09,1.6488095238095233,1.6488095238095233,5664.0
2018-08-10,1.6517857142857137,1.6517857142857137,34788.0
2018-08-13,1.6369047619047614,1.6369047619047614,8565.0
2018-08-14,1.6329365079365075,1.6329365079365075,2148.0
2018-08-15,1.624007936507936,1.624007936507936,4422.0
2018-08-16,1.6051587301587298,1.6051587301587298,48558.0
2018-08-17,1.593253968253968,1.593253968253968,8700.0
2018-08-20,1.6051587301587298,1.6051587301587298,11643.0
2018-08-21,1.6369047619047614,1.6369047619047614,24237.0
2018-08-22,1.643849206349206,1.643849206349206,10770.0
2018-08-23,1.6636904761904758,1.6636904761904758,42819.0
2018-08-24,1.6706349206349203,1.6706349206349203,23856.0
2018-08-27,1.6904761904761902,1.6904761904761902,37698.0
2018-08-28,1.6785714285714284,1.6785714285714284,7449.0
2018-08-29,1.675595238095238,1.675595238095238,4980.0
2018-08-30,1.6666666666666663,1.6666666666666663,8244.0
2018-08-31,1.6597222222222219,1.6597222222222219,6114.0
2018-09-03,1.6587301587301582,1.6587301587301582,5712.0
2018-09-04,1.6894841269841265,1.6894841269841265,26508.0
2018-09-05,1.6577380952380947,1.6577380952380947,5076.0
2018-09-06,1.644841269841269,1.644841269841269,15795.0
2018-09-07,1.6617063492063486,1.6617063492063486,32898.0
2018-09-10,1.6289682539682533,1.6289682539682533,11421.0
2018-09-11,1.6240079365079358,1.6240079365079358,1677.0
2018-09-12,1.6170634920634914,1.6170634920634914,9225.0
2018-09-13,1.6468253968253963,1.6468253968253963,7266.0
2018-09-14,1.6507936507936505,1.6507936507936505,5805.0
2018-09-17,1.643849206349206,1.643849206349206,3222.0
2018-09-18,1.675595238095238,1.675595238095238,13710.0
2018-09-19,1.6934523809523807,1.6934523809523807,26280.0
2018-09-20,1.6874999999999998,1.6874999999999998,9879.0
2018-09-21,1.7400793650793647,1.7400793650793647,42711.0
2018-09-25,1.7331349206349203,1.7331349206349203,26535.0
2018-09-26,1.7490079365079358,1.7490079365079358,15018.0
2018-09-27,1.7341269841269835,1.7341269841269835,24588.0
2018-09-28,1.7589285714285707,1.7589285714285707,13137.0
2018-10-08,1.6815476190476184,1.6815476190476184,37044.0
2018-10-09,1.6805555555555547,1.6805555555555547,6129.0
2018-10-10,1.6805555555555547,1.6805555555555547,2352.0
2018-10-11,1.58829365079365,1.58829365079365,135201.0
2018-10-12,1.6150793650793642,1.6150793650793642,14994.0
2018-10-15,1.58829365079365,1.58829365079365,9126.0
2018-10-16,1.594246031746031,1.594246031746031,15168.0
2018-10-17,1.6021825396825389,1.6021825396825389,16578.0
2018-10-18,1.5654761904761898,1.5654761904761898,12009.0
2018-10-19,1.6259920634920626,1.6259920634920626,32490.0
2018-10-22,1.7867063492063482,1.7867063492063482,418221.0
2018-10-23,1.7023809523809514,1.7023809523809514,158775.0
2018-10-24,1.721230158730158,1.721230158730158,217245.0
2018-10-25,1.7569444444444435,1.7569444444444435,64848.0
2018-10-26,1.7222222222222214,1.7222222222222214,40506.0
2018-10-29,1.660714285714285,1.660714285714285,37896.0
2018-10-30,1.7103174603174596,1.7103174603174596,69255.0
2018-10-31,1.7053571428571423,1.7053571428571423,41265.0
2018-11-01,1.7380952380952377,1.7380952380952377,59646.0
2018-11-02,1.7857142857142856,1.7857142857142856,135618.0
2018-11-05,1.7738095238095235,1.7738095238095235,67926.0
2018-11-06,1.7777777777777775,1.7777777777777775,40284.0
2018-11-07,1.7519841269841265,1.7519841269841265,24963.0
2018-11-08,1.7361111111111105,1.7361111111111105,21918.0
2018-11-09,1.7123015873015868,1.7123015873015868,42483.0
2018-11-12,1.7251984126984123,1.7251984126984123,27201.0
2018-11-13,1.7470238095238089,1.7470238095238089,29805.0
2018-11-14,1.7232142857142851,1.7232142857142851,18390.0
2018-11-15,1.7638888888888882,1.7638888888888882,34068.0
2018-11-16,1.7837301587301582,1.7837301587301582,52818.0
2018-11-19,1.811507936507936,1.811507936507936,60933.0
2018-11-20,1.7579365079365075,1.7579365079365075,55305.0
2018-11-21,1.7539682539682535,1.7539682539682535,22707.0
2018-11-22,1.739087301587301,1.739087301587301,15450.0
2018-11-23,1.7013888888888884,1.7013888888888884,29034.0
2018-11-26,1.7113095238095233,1.7113095238095233,36171.0
2018-11-27,1.7123015873015865,1.7123015873015865,30789.0
2018-11-28,1.73313492063492,1.73313492063492,16083.0
2018-11-29,1.7033730158730152,1.7033730158730152,18447.0
2018-11-30,1.719246031746031,1.719246031746031,18495.0
2018-12-03,1.763888888888888,1.763888888888888,72849.0
2018-12-04,1.7688492063492054,1.7688492063492054,29946.0
2018-12-05,1.7480158730158721,1.7480158730158721,16860.0
2018-12-06,1.711309523809523,1.711309523809523,11454.0
2018-12-07,1.71329365079365,1.71329365079365,20940.0
2018-12-10,1.6845238095238086,1.6845238095238086,13278.0
2018-12-11,1.6924603174603166,1.6924603174603166,5985.0
2018-12-12,1.7013888888888882,1.7013888888888882,5685.0
2018-12-13,1.719246031746031,1.719246031746031,22629.0
2018-12-14,1.6815476190476182,1.6815476190476182,28044.0
2018-12-17,1.6785714285714275,1.6785714285714275,14925.0
2018-12-18,1.6597222222222212,1.6597222222222212,15960.0
2018-12-19,1.6448412698412689,1.6448412698412689,21225.0
2018-12-20,1.6319444444444435,1.6319444444444435,32082.0
2018-12-21,1.6061507936507928,1.6061507936507928,21189.0
2018-12-24,1.6011904761904754,1.6011904761904754,18867.0
2018-12-25,1.5833333333333324,1.5833333333333324,37050.0
2018-12-26,1.5763888888888877,1.5763888888888877,8853.0
2018-12-27,1.5813492063492052,1.5813492063492052,9519.0
2018-12-28,1.5773809523809512,1.5773809523809512,8988.0
2019-01-02,1.5535714285714275,1.5535714285714275,94812.0
2019-01-03,1.5644841269841259,1.5644841269841259,11814.0
2019-01-04,1.6319444444444433,1.6319444444444433,37221.0
2019-01-07,1.6240079365079354,1.6240079365079354,29124.0
2019-01-08,1.6130952380952368,1.6130952380952368,15369.0
2019-01-09,1.6329365079365068,1.6329365079365068,26994.0
2019-01-10,1.6299603174603166,1.6299603174603166,103935.0
2019-01-11,1.6458333333333324,1.6458333333333324,6876.0
2019-01-14,1.6299603174603166,1.6299603174603166,4926.0
2019-01-15,1.6696428571428563,1.6696428571428563,16947.0
2019-01-16,1.6656746031746024,1.6656746031746024,14019.0
2019-01-17,1.6617063492063484,1.6617063492063484,17415.0
2019-01-18,1.6874999999999993,1.6874999999999993,54240.0
2019-01-21,1.691468253968253,1.691468253968253,16878.0
2019-01-22,1.669642857142856,1.669642857142856,17070.0
2019-01-23,1.6626984126984115,1.6626984126984115,4665.0
2019-01-24,1.6894841269841259,1.6894841269841259,10758.0
2019-01-25,1.7033730158730147,1.7033730158730147,29679.0
2019-01-28,1.7023809523809512,1.7023809523809512,40335.0
2019-01-29,1.7063492063492052,1.7063492063492052,14094.0
2019-01-30,1.6865079365079354,1.6865079365079354,8640.0
2019-01-31,1.7132936507936496,1.7132936507936496,37836.0
2019-02-01,1.741071428571427,1.741071428571427,21735.0
2019-02-11,1.7638888888888873,1.7638888888888873,14520.0
2019-02-12,1.7708333333333317,1.7708333333333317,14985.0
2019-02-13,1.817460317460316,1.817460317460316,54459.0
2019-02-14,1.8085317460317445,1.8085317460317445,31974.0
2019-02-15,1.7688492063492047,1.7688492063492047,30831.0
2019-02-18,1.8432539682539668,1.8432539682539668,77055.0
2019-02-19,1.8730158730158712,1.8730158730158712,87582.0
2019-02-20,1.8749999999999982,1.8749999999999982,34758.0
2019-02-21,1.8740079365079347,1.8740079365079347,54714.0
2019-02-22,2.023809523809522,2.023809523809522,95547.0
2019-02-25,2.2261904761904745,2.2261904761904745,986094.0
2019-02-26,2.1150793650793633,2.1150793650793633,1295280.0
2019-02-27,2.1041666666666647,2.1041666666666647,463767.0
2019-02-28,2.068452380952379,2.068452380952379,138435.0
2019-03-01,2.1418650793650773,2.1418650793650773,284265.0
2019-03-04,2.1587301587301573,2.1587301587301573,823137.0
2019-03-05,2.1428571428571415,2.1428571428571415,289134.0
2019-03-06,2.202380952380951,2.202380952380951,462006.0
2019-03-07,2.218253968253967,2.218253968253967,552822.0
2019-03-08,2.0882936507936494,2.0882936507936494,613245.0
2019-03-11,2.108134920634919,2.108134920634919,601212.0
2019-03-12,2.1230158730158717,2.1230158730158717,282213.0
2019-03-13,2.127976190476189,2.127976190476189,181590.0
2019-03-14,2.104166666666665,2.104166666666665,205323.0
2019-03-15,2.131944444444443,2.131944444444443,210429.0
2019-03-18,2.1726190476190457,2.1726190476190457,157464.0
2019-03-19,2.165674603174601,2.165674603174601,121905.0
2019-03-20,2.1865079365079345,2.1865079365079345,164247.0
2019-03-21,2.2073412698412676,2.2073412698412676,242619.0
2019-03-22,2.174603174603172,2.174603174603172,117912.0
2019-03-25,2.1071428571428545,2.1071428571428545,207426.0
2019-03-26,2.0704365079365052,2.0704365079365052,198795.0
2019-03-27,2.092261904761902,2.092261904761902,100092.0
2019-03-28,2.0694444444444415,2.0694444444444415,118617.0
2019-03-29,2.198412698412696,2.198412698412696,257706.0
2019-04-01,2.2480158730158704,2.2480158730158704,224799.0
2019-04-02,2.2490079365079336,2.2490079365079336,115704.0
2019-04-03,2.316468253968251,2.316468253968251,263835.0
2019-04-04,2.3303571428571397,2.3303571428571397,202875.0
2019-04-08,2.3085317460317425,2.3085317460317425,143577.0
2019-04-09,2.3065476190476155,2.3065476190476155,47574.0
2019-04-10,2.2946428571428537,2.2946428571428537,124371.0
2019-04-11,2.258928571428568,2.258928571428568,251877.0
2019-04-12,2.262896825396822,2.262896825396822,74070.0
2019-04-15,2.264880952380949,2.264880952380949,184851.0
2019-04-16,2.3343253968253936,2.3343253968253936,124482.0
2019-04-17,2.3224206349206318,2.3224206349206318,97746.0
2019-04-18,2.311507936507933,2.311507936507933,48072.0
2019-04-19,2.3640873015872983,2.3640873015872983,88542.0
2019-04-22,2.3035714285714253,2.3035714285714253,139968.0
2019-04-23,2.320436507936505,2.320436507936505,120690.0
2019-04-24,2.321428571428568,2.321428571428568,83004.0
2019-04-25,2.2599206349206318,2.2599206349206318,146613.0
2019-04-26,2.260912698412695,2.260912698412695,196017.0
2019-04-29,2.271825396825393,2.271825396825393,189249.0
2019-04-30,2.2529761904761867,2.2529761904761867,133236.0
2019-05-06,2.1210317460317425,2.1210317460317425,303792.0
2019-05-07,2.0972222222222188,2.0972222222222188,179529.0
2019-05-08,2.050595238095235,2.050595238095235,76368.0
2019-05-09,2.0148809523809494,2.0148809523809494,170280.0
2019-05-10,2.1349206349206318,2.1349206349206318,179997.0
2019-05-13,2.054563492063489,2.054563492063489,115527.0
2019-05-14,2.038690476190473,2.038690476190473,120639.0
2019-05-15,2.089285714285711,2.089285714285711,208593.0
2019-05-16,2.093253968253965,2.093253968253965,91899.0
2019-05-17,2.0515873015872983,2.0515873015872983,166365.0
2019-05-20,2.0238095238095206,2.0238095238095206,96954.0
2019-05-21,2.0476190476190443,2.0476190476190443,158577.0
2019-05-22,2.0277777777777746,2.0277777777777746,101379.0
2019-05-23,2.02083333333333,2.02083333333333,138930.0
2019-05-24,2.021825396825393,2.021825396825393,72663.0
2019-05-27,2.0624999999999964,2.0624999999999964,122511.0
2019-05-28,2.057539682539679,2.057539682539679,349194.0
2019-05-29,2.0972222222222183,2.0972222222222183,159660.0
2019-05-30,2.072420634920631,2.072420634920631,111750.0
2019-05-31,2.0615079365079323,2.0615079365079323,80094.0
2019-06-03,2.0634920634920597,2.0634920634920597,85341.0
2019-06-04,2.041666666666663,2.041666666666663,93804.0
2019-06-05,2.0486111111111076,2.0486111111111076,88170.0
2019-06-06,2.028769841269838,2.028769841269838,129366.0
2019-06-10,2.0416666666666634,2.0416666666666634,127377.0
2019-06-11,2.1299603174603137,2.1299603174603137,152730.0
2019-06-12,2.096230158730155,2.096230158730155,94938.0
2019-06-13,2.1031746031745997,2.1031746031745997,47085.0
2019-06-14,2.075396825396822,2.075396825396822,37488.0
2019-06-17,2.0783730158730123,2.0783730158730123,28482.0
2019-06-18,2.0892857142857104,2.0892857142857104,30753.0
2019-06-19,2.146825396825393,2.146825396825393,201582.0
2019-06-20,2.2728174603174565,2.2728174603174565,293493.0
2019-06-21,2.2886904761904723,2.2886904761904723,166731.0
2019-06-24,2.2867063492063453,2.2867063492063453,92730.0
2019-06-25,2.267857142857139,2.267857142857139,165273.0
2019-06-26,2.243055555555552,2.243055555555552,50523.0
2019-06-27,2.2797619047619007,2.2797619047619007,91989.0
2019-06-28,2.2817460317460276,2.2817460317460276,127176.0
2019-07-01,2.3422619047619007,2.3422619047619007,537225.0
2019-07-02,2.327380952380948,2.327380952380948,74319.0
2019-07-03,2.2956349206349165,2.2956349206349165,170727.0
2019-07-04,2.292658730158726,2.292658730158726,139836.0
2019-07-05,2.2976190476190435,2.2976190476190435,77793.0
2019-07-08,2.2341269841269797,2.2341269841269797,115206.0
2019-07-09,2.2311507936507895,2.2311507936507895,47340.0
2019-07-10,2.233134920634916,2.233134920634916,39198.0
2019-07-11,2.241071428571424,2.241071428571424,69492.0
2019-07-12,2.2688492063492016,2.2688492063492016,96039.0
2019-07-15,2.2767857142857095,2.2767857142857095,123009.0
2019-07-16,2.2559523809523765,2.2559523809523765,38781.0
2019-07-17,2.2549603174603132,2.2549603174603132,81345.0
2019-07-18,2.2351190476190435,2.2351190476190435,53688.0
2019-07-19,2.2757936507936467,2.2757936507936467,67563.0
2019-07-22,2.2450396825396783,2.2450396825396783,73770.0
2019-07-23,2.2470238095238058,2.2470238095238058,25650.0
2019-07-24,2.2777777777777737,2.2777777777777737,100635.0
2019-07-25,2.2916666666666625,2.2916666666666625,77982.0
2019-07-26,2.2906746031745993,2.2906746031745993,100710.0
2019-07-29,2.2738095238095197,2.2738095238095197,130593.0
2019-07-30,2.2886904761904723,2.2886904761904723,139542.0
2019-07-31,2.2589285714285676,2.2589285714285676,152946.0
2019-08-01,2.240079365079361,2.240079365079361,82032.0
2019-08-02,2.180555555555552,2.180555555555552,204585.0
2019-08-05,2.1388888888888853,2.1388888888888853,93273.0
2019-08-06,2.1299603174603132,2.1299603174603132,194745.0
2019-08-07,2.1051587301587262,2.1051587301587262,117180.0
2019-08-08,2.1309523809523774,2.1309523809523774,135636.0
2019-08-09,2.1180555555555514,2.1180555555555514,29325.0
2019-08-12,2.162698412698409,2.162698412698409,78876.0
2019-08-13,2.132936507936504,2.132936507936504,122178.0
2019-08-14,2.132936507936504,2.132936507936504,76467.0
2019-08-15,2.143849206349202,2.143849206349202,83958.0
2019-08-16,2.1626984126984086,2.1626984126984086,117534.0
2019-08-19,2.246031746031741,2.246031746031741,191106.0
2019-08-20,2.233134920634916,2.233134920634916,180186.0
2019-08-21,2.2281746031745984,2.2281746031745984,53283.0
2019-08-22,2.2321428571428523,2.2321428571428523,128013.0
2019-08-23,2.2539682539682486,2.2539682539682486,182838.0
2019-08-26,2.2023809523809477,2.2023809523809477,172158.0
2019-08-27,2.232142857142852,2.232142857142852,146394.0
2019-08-28,2.203373015873011,2.203373015873011,67455.0
2019-08-29,2.193452380952376,2.193452380952376,91596.0
2019-08-30,2.193452380952376,2.193452380952376,135999.0
2019-09-02,2.2331349206349156,2.2331349206349156,107427.0
2019-09-03,2.2291666666666616,2.2291666666666616,131133.0
2019-09-04,2.2569444444444393,2.2569444444444393,173073.0
2019-09-05,2.3035714285714235,2.3035714285714235,269088.0
2019-09-06,2.330357142857138,2.330357142857138,226593.0
2019-09-09,2.343253968253963,2.343253968253963,333375.0
2019-09-10,2.3303571428571375,2.3303571428571375,419337.0
2019-09-11,2.3402777777777724,2.3402777777777724,301878.0
2019-09-12,2.3898809523809463,2.3898809523809463,423150.0
2019-09-16,2.3630952380952324,2.3630952380952324,380949.0
2019-09-17,2.30555555555555,2.30555555555555,286710.0
2019-09-18,2.299603174603169,2.299603174603169,139020.0
2019-09-19,2.3075396825396775,2.3075396825396775,95478.0
2019-09-20,2.2996031746031695,2.2996031746031695,109215.0
2019-09-23,2.2708333333333286,2.2708333333333286,171951.0
2019-09-24,2.269841269841265,2.269841269841265,140895.0
2019-09-25,2.257936507936503,2.257936507936503,185001.0
2019-09-26,2.241071428571424,2.241071428571424,158199.0
2019-09-27,2.246031746031741,2.246031746031741,72192.0
2019-09-30,2.205357142857138,2.205357142857138,136647.0
2019-10-08,2.213293650793646,2.213293650793646,91266.0
2019-10-09,2.2192460317460267,2.2192460317460267,194898.0
2019-10-10,2.229166666666661,2.229166666666661,68628.0
2019-10-11,2.2658730158730105,2.2658730158730105,265794.0
2019-10-14,2.297619047619042,2.297619047619042,202242.0
2019-10-15,2.275793650793646,2.275793650793646,60189.0
2019-10-16,2.2738095238095184,2.2738095238095184,136494.0
2019-10-17,2.2797619047618993,2.2797619047618993,49065.0
2019-10-18,2.236111111111106,2.236111111111106,132183.0
2019-10-21,2.2311507936507886,2.2311507936507886,77835.0
2019-10-22,2.2371031746031695,2.2371031746031695,60264.0
2019-10-23,2.2172619047618998,2.2172619047618998,48291.0
2019-10-24,2.2242063492063444,2.2242063492063444,40689.0
2019-10-25,2.21428571428571,2.21428571428571,109719.0
2019-10-28,2.2400793650793607,2.2400793650793607,98883.0
2019-10-29,2.210317460317456,2.210317460317456,72975.0
2019-10-30,2.2013888888888844,2.2013888888888844,43728.0
2019-10-31,2.200396825396821,2.200396825396821,55302.0
2019-11-01,2.23710317460317,2.23710317460317,136110.0
2019-11-04,2.246031746031741,2.246031746031741,114516.0
2019-11-05,2.2609126984126937,2.2609126984126937,264318.0
2019-11-06,2.247023809523805,2.247023809523805,147555.0
2019-11-07,2.254960317460313,2.254960317460313,92877.0
2019-11-08,2.2371031746031695,2.2371031746031695,98244.0
2019-11-11,2.203373015873011,2.203373015873011,158106.0
2019-11-12,2.207341269841265,2.207341269841265,124770.0
2019-11-13,2.190476190476186,2.190476190476186,90240.0
2019-11-14,2.189484126984122,2.189484126984122,70248.0
2019-11-15,2.1775793650793602,2.1775793650793602,48792.0
2019-11-18,2.1964285714285667,2.1964285714285667,81729.0
2019-11-19,2.205357142857138,2.205357142857138,84879.0
2019-11-20,2.1775793650793602,2.1775793650793602,76071.0
2019-11-21,2.1557539682539635,2.1557539682539635,152862.0
2019-11-22,2.136904761904757,2.136904761904757,229317.0
2019-11-25,2.152777777777773,2.152777777777773,146862.0
2019-11-26,2.1438492063492016,2.1438492063492016,80688.0
2019-11-27,2.1378968253968207,2.1378968253968207,22155.0
2019-11-28,2.1309523809523765,2.1309523809523765,37713.0
2019-11-29,2.122023809523805,2.122023809523805,106731.0
2019-12-02,2.126984126984123,2.126984126984123,112284.0
2019-12-03,2.142857142857139,2.142857142857139,172671.0
2019-12-04,2.139880952380948,2.139880952380948,62784.0
2019-12-05,2.1666666666666625,2.1666666666666625,214110.0
2019-12-06,2.1746031746031704,2.1746031746031704,144072.0
2019-12-09,2.155753968253964,2.155753968253964,123030.0
2019-12-10,2.1527777777777732,2.1527777777777732,139341.0
2019-12-11,2.162698412698408,2.162698412698408,167991.0
2019-12-12,2.1557539682539635,2.1557539682539635,168030.0
2019-12-13,2.2321428571428523,2.2321428571428523,404406.0
2019-12-16,2.2400793650793602,2.2400793650793602,283308.0
2019-12-17,2.275793650793646,2.275793650793646,358428.0
2019-12-18,2.2668650793650746,2.2668650793650746,394287.0
2019-12-19,2.2628968253968207,2.2628968253968207,135219.0
2019-12-20,2.2668650793650746,2.2668650793650746,286278.0
2019-12-23,2.2162698412698365,2.2162698412698365,217206.0
2019-12-24,2.2321428571428523,2.2321428571428523,299004.0
2019-12-25,2.2291666666666616,2.2291666666666616,250707.0
2019-12-26,2.2609126984126937,2.2609126984126937,260430.0
2019-12-27,2.2380952380952333,2.2380952380952333,296742.0
2019-12-30,2.326388888888884,2.326388888888884,584361.0
2019-12-31,2.3174603174603123,2.3174603174603123,224145.0
2020-01-02,2.3392857142857095,2.3392857142857095,360075.0
2020-01-03,2.336309523809519,2.336309523809519,300360.0
2020-01-06,2.328373015873011,2.328373015873011,359913.0
2020-01-07,2.343253968253963,2.343253968253963,280593.0
2020-01-08,2.2876984126984077,2.2876984126984077,409365.0
2020-01-09,2.3095238095238044,2.3095238095238044,281931.0
2020-01-10,2.3095238095238044,2.3095238095238044,299556.0
2020-01-13,2.34523809523809,2.34523809523809,354087.0
2020-01-14,2.332341269841265,2.332341269841265,321927.0
2020-01-15,2.310515873015868,2.310515873015868,275889.0
2020-01-16,2.3025793650793602,2.3025793650793602,117495.0
2020-01-17,2.3134920634920584,2.3134920634920584,141267.0
2020-01-20,2.354166666666662,2.354166666666662,583098.0
2020-01-21,2.3055555555555505,2.3055555555555505,488526.0
2020-01-22,2.306547619047614,2.306547619047614,418851.0
2020-01-23,2.2261904761904714,2.2261904761904714,613953.0
2020-02-03,2.0039682539682495,2.0039682539682495,490194.0
2020-02-04,2.0763888888888844,2.0763888888888844,782541.0
2020-02-05,2.081349206349202,2.081349206349202,655545.0
2020-02-06,2.1240079365079323,2.1240079365079323,432285.0
2020-02-07,2.1240079365079323,2.1240079365079323,351378.0
2020-02-10,2.124999999999996,2.124999999999996,182025.0
2020-02-11,2.133928571428567,2.133928571428567,166401.0
2020-02-12,2.1488095238095197,2.1488095238095197,211413.0
2020-02-13,2.124999999999996,2.124999999999996,162096.0
2020-02-14,2.15178571428571,2.15178571428571,221238.0
2020-02-17,2.226190476190472,2.226190476190472,538014.0
2020-02-18,2.210317460317456,2.210317460317456,217518.0
2020-02-19,2.21428571428571,2.21428571428571,263271.0
2020-02-20,2.3065476190476146,2.3065476190476146,531624.0
2020-02-21,2.297619047619043,2.297619047619043,511242.0
2020-02-24,2.27678571428571,2.27678571428571,288552.0
2020-02-25,2.2708333333333295,2.2708333333333295,326031.0
2020-02-26,2.2470238095238058,2.2470238095238058,315315.0
2020-02-27,2.245039682539679,2.245039682539679,181536.0
2020-02-28,2.143849206349203,2.143849206349203,380457.0
2020-03-02,2.221230158730155,2.221230158730155,314931.0
2020-03-03,2.230158730158727,2.230158730158727,330582.0
2020-03-04,2.269841269841266,2.269841269841266,767472.0
2020-03-05,2.331349206349203,2.331349206349203,1013235.0
2020-03-06,2.2658730158730123,2.2658730158730123,340587.0
2020-03-09,2.1894841269841234,2.1894841269841234,439182.0
2020-03-10,2.2400793650793616,2.2400793650793616,322677.0
2020-03-11,2.1954365079365044,2.1954365079365044,198969.0
2020-03-12,2.156746031746028,2.156746031746028,172647.0
2020-03-13,2.1240079365079327,2.1240079365079327,387816.0
2020-03-16,2.026785714285711,2.026785714285711,225729.0
2020-03-17,2.025793650793647,2.025793650793647,228120.0
2020-03-18,1.9702380952380918,1.9702380952380918,194349.0
2020-03-19,1.9513888888888855,1.9513888888888855,319008.0
2020-03-20,1.9801587301587265,1.9801587301587265,192159.0
2020-03-23,1.9117063492063457,1.9117063492063457,127308.0
2020-03-24,1.960317460317457,1.960317460317457,162876.0
2020-03-25,2.0019841269841234,2.0019841269841234,205410.0
2020-03-26,1.9811507936507904,1.9811507936507904,68523.0
2020-03-27,1.9871031746031715,1.9871031746031715,189378.0
2020-03-30,1.962301587301584,1.962301587301584,114021.0
2020-03-31,1.9553571428571397,1.9553571428571397,80514.0
2020-04-01,1.9553571428571397,1.9553571428571397,325752.0
2020-04-02,1.980158730158727,1.980158730158727,99981.0
2020-04-03,1.9553571428571397,1.9553571428571397,62292.0
2020-04-07,1.9900793650793616,1.9900793650793616,130428.0
2020-04-08,1.980158730158727,1.980158730158727,59727.0
2020-04-09,1.9920634920634885,1.9920634920634885,220002.0
2020-04-10,1.9940476190476155,1.9940476190476155,929868.0
2020-04-13,1.976190476190473,1.976190476190473,356697.0
2020-04-14,2.014880952380949,2.014880952380949,350007.0
2020-04-15,1.997023809523806,1.997023809523806,147978.0
2020-04-16,2.0049603174603137,2.0049603174603137,85851.0
2020-04-17,2.033730158730155,2.033730158730155,336099.0
2020-04-20,2.047619047619044,2.047619047619044,88779.0
2020-04-21,2.0208333333333295,2.0208333333333295,153129.0
2020-04-22,2.014880952380949,2.014880952380949,64947.0
2020-04-23,2.0099206349206313,2.0099206349206313,86784.0
2020-04-24,1.9732142857142825,1.9732142857142825,111108.0
2020-04-27,1.9851190476190443,1.9851190476190443,160128.0
2020-04-28,2.0138888888888857,2.0138888888888857,185400.0
2020-04-29,2.0327380952380922,2.0327380952380922,212940.0
2020-04-30,2.0634920634920606,2.0634920634920606,147414.0
2020-05-06,2.0595238095238066,2.0595238095238066,173025.0
2020-05-07,2.0426587301587276,2.0426587301587276,64368.0
2020-05-08,2.072420634920632,2.072420634920632,170931.0
2020-05-11,2.0773809523809494,2.0773809523809494,180552.0
2020-05-12,2.0704365079365052,2.0704365079365052,127851.0
2020-05-13,2.0634920634920606,2.0634920634920606,77793.0
2020-05-14,2.036706349206346,2.036706349206346,62916.0
2020-05-15,2.0337301587301555,2.0337301587301555,124065.0
2020-05-18,2.0297619047619015,2.0297619047619015,85386.0
2020-05-19,2.043650793650791,2.043650793650791,49515.0
2020-05-20,2.035714285714283,2.035714285714283,36831.0
2020-05-21,2.022817460317458,2.022817460317458,42147.0
2020-05-22,1.9662698412698385,1.9662698412698385,150762.0
2020-05-25,1.9563492063492036,1.9563492063492036,86958.0
2020-05-26,1.979166666666664,1.979166666666664,84234.0
2020-05-27,1.9692460317460292,1.9692460317460292,55449.0
2020-05-28,1.9890873015872987,1.9890873015872987,107790.0
2020-05-29,1.9742063492063464,1.9742063492063464,61665.0
2020-06-01,2.035714285714283,2.035714285714283,153552.0
2020-06-02,2.06051587301587,2.06051587301587,191859.0
2020-06-03,2.06051587301587,2.06051587301587,428700.0
2020-06-04,2.0535714285714253,2.0535714285714253,108267.0
2020-06-05,2.068452380952378,2.068452380952378,123804.0
2020-06-08,2.0873015873015843,2.0873015873015843,126306.0
2020-06-09,2.096230158730156,2.096230158730156,153588.0
2020-06-10,2.0773809523809494,2.0773809523809494,107343.0
2020-06-11,2.0555555555555527,2.0555555555555527,170013.0
2020-06-12,2.039682539682537,2.039682539682537,86595.0
2020-06-15,2.027777777777775,2.027777777777775,58086.0
2020-06-16,2.048611111111108,2.048611111111108,37260.0
2020-06-17,2.048611111111108,2.048611111111108,34431.0
2020-06-18,2.0624999999999973,2.0624999999999973,70185.0
2020-06-19,2.1031746031746,2.1031746031746,197823.0
2020-06-22,2.1279761904761876,2.1279761904761876,263907.0
2020-06-23,2.1329365079365052,2.1329365079365052,299901.0
2020-06-24,2.13988095238095,2.13988095238095,317616.0
2020-06-29,2.0892857142857117,2.0892857142857117,159669.0
2020-06-30,2.1408730158730136,2.1408730158730136,663576.0
2020-07-01,2.185515873015871,2.185515873015871,266445.0
2020-07-02,2.3075396825396806,2.3075396825396806,786891.0
2020-07-03,2.4503968253968234,2.4503968253968234,1906485.0
2020-07-06,2.6954365079365052,2.6954365079365052,1759152.0
2020-07-07,2.612103174603172,2.612103174603172,1405323.0
2020-07-08,2.76488095238095,2.76488095238095,1210533.0
2020-07-09,2.7519841269841248,2.7519841269841248,984165.0
2020-07-10,2.657738095238093,2.657738095238093,848817.0
2020-07-13,2.681547619047617,2.681547619047617,785568.0
2020-07-14,2.6716269841269824,2.6716269841269824,745641.0
2020-07-15,2.632936507936506,2.632936507936506,920274.0
2020-07-16,2.4999999999999987,2.4999999999999987,983271.0
2020-07-17,2.447420634920634,2.447420634920634,618918.0
2020-07-20,2.621031746031745,2.621031746031745,960318.0
2020-07-21,2.559523809523809,2.559523809523809,1247661.0
2020-07-22,2.5525793650793642,2.5525793650793642,863517.0
2020-07-23,2.5376984126984117,2.5376984126984117,759819.0
2020-07-24,2.4196428571428563,2.4196428571428563,964113.0
2020-07-27,2.410714285714285,2.410714285714285,384096.0
2020-07-28,2.411706349206349,2.411706349206349,251457.0
2020-07-29,2.4900793650793647,2.4900793650793647,980847.0
2020-07-30,2.456349206349206,2.456349206349206,836535.0
2020-07-31,2.475198412698412,2.475198412698412,442434.0
2020-08-03,2.52579365079365,2.52579365079365,518706.0
2020-08-04,2.5426587301587293,2.5426587301587293,915966.0
2020-08-05,2.521825396825396,2.521825396825396,765723.0
2020-08-06,2.5744047619047614,2.5744047619047614,1489674.0
2020-08-07,2.5128968253968247,2.5128968253968247,511983.0
2020-08-10,2.54265873015873,2.54265873015873,682476.0
2020-08-11,2.4841269841269837,2.4841269841269837,557532.0
2020-08-12,2.476190476190476,2.476190476190476,614508.0
2020-08-13,2.477182539682539,2.477182539682539,314871.0
2020-08-14,2.533730158730158,2.533730158730158,450912.0
2020-08-17,2.661706349206349,2.661706349206349,1839900.0
2020-08-18,2.631944444444444,2.631944444444444,1218066.0
2020-08-19,2.5634920634920633,2.5634920634920633,905313.0
2020-08-20,2.534722222222222,2.534722222222222,668517.0
2020-08-21,2.5644841269841265,2.5644841269841265,501774.0
2020-08-24,2.553571428571428,2.553571428571428,497931.0
2020-08-25,2.559523809523809,2.559523809523809,548943.0
2020-08-26,2.5009920634920624,2.5009920634920624,530487.0
2020-08-27,2.5109126984126977,2.5109126984126977,229338.0
2020-08-28,2.5793650793650786,2.5793650793650786,550719.0
2020-08-31,2.5525793650793642,2.5525793650793642,561255.0
2020-09-01,2.553571428571428,2.553571428571428,390018.0
2020-09-02,2.549603174603174,2.549603174603174,304587.0
2020-09-03,2.532738095238095,2.532738095238095,450204.0
2020-09-04,2.506944444444444,2.506944444444444,392853.0
2020-09-07,2.4573412698412693,2.4573412698412693,522633.0
2020-09-08,2.5099206349206344,2.5099206349206344,486006.0
2020-09-09,2.4632936507936507,2.4632936507936507,477984.0
2020-09-10,2.442460317460317,2.442460317460317,708693.0
2020-09-11,2.4523809523809517,2.4523809523809517,446433.0
2020-09-14,2.4672619047619038,2.4672619047619038,234183.0
2020-09-15,2.482142857142856,2.482142857142856,292830.0
2020-09-16,2.465277777777777,2.465277777777777,277584.0
2020-09-17,2.4583333333333326,2.4583333333333326,269772.0
2020-09-18,2.6051587301587293,2.6051587301587293,1290957.0
2020-09-21,2.5664682539682535,2.5664682539682535,902556.0
2020-09-22,2.540674603174603,2.540674603174603,750042.0
2020-09-23,2.520833333333333,2.520833333333333,391029.0
2020-09-24,2.48015873015873,2.48015873015873,461106.0
2020-09-25,2.5128968253968247,2.5128968253968247,562185.0
2020-09-28,2.515873015873015,2.515873015873015,373116.0
2020-09-29,2.5109126984126977,2.5109126984126977,536631.0
2020-09-30,2.4801587301587293,2.4801587301587293,351825.0
2020-10-09,2.52579365079365,2.52579365079365,326187.0
2020-10-12,2.6240079365079354,2.6240079365079354,857400.0
2020-10-13,2.6031746031746024,2.6031746031746024,556887.0
2020-10-14,2.584325396825396,2.584325396825396,359652.0
2020-10-15,2.5962301587301577,2.5962301587301577,520215.0
2020-10-16,2.6031746031746024,2.6031746031746024,779091.0
2020-10-19,2.58829365079365,2.58829365079365,641058.0
2020-10-20,2.584325396825396,2.584325396825396,439242.0
2020-10-21,2.598214285714285,2.598214285714285,494871.0
2020-10-22,2.5972222222222214,2.5972222222222214,397659.0
2020-10-23,2.592261904761904,2.592261904761904,940134.0
2020-10-26,2.5119047619047614,2.5119047619047614,672648.0
2020-10-27,2.506944444444444,2.506944444444444,433311.0
2020-10-28,2.5019841269841265,2.5019841269841265,413262.0
2020-10-29,2.5069444444444446,2.5069444444444446,546381.0
2020-10-30,2.4404761904761907,2.4404761904761907,570990.0
2020-11-02,2.419642857142857,2.419642857142857,766689.0
2020-11-03,2.4771825396825395,2.4771825396825395,500766.0
2020-11-04,2.464285714285714,2.464285714285714,437256.0
2020-11-05,2.4990079365079363,2.4990079365079363,749529.0
2020-11-06,2.5019841269841265,2.5019841269841265,441549.0
2020-11-09,2.5902777777777777,2.5902777777777777,1050486.0
2020-11-10,2.574404761904762,2.574404761904762,598803.0
2020-11-11,2.5347222222222223,2.5347222222222223,618705.0
2020-11-12,2.511904761904762,2.511904761904762,645864.0
2020-11-13,2.468253968253968,2.468253968253968,686778.0
2020-11-16,2.510912698412698,2.510912698412698,571086.0
2020-11-17,2.5277777777777777,2.5277777777777777,355287.0
2020-11-18,2.5535714285714284,2.5535714285714284,656811.0
2020-11-19,2.5585317460317465,2.5585317460317465,1311069.0
2020-11-20,2.5486111111111116,2.5486111111111116,702012.0
2020-11-23,2.588293650793651,2.588293650793651,727461.0
2020-11-24,2.5634920634920637,2.5634920634920637,626307.0
2020-11-25,2.5654761904761907,2.5654761904761907,730518.0
2020-11-26,2.5972222222222228,2.5972222222222228,601644.0
2020-11-27,2.6408730158730163,2.6408730158730163,643806.0
2020-11-30,2.6597222222222228,2.6597222222222228,1340682.0
2020-12-01,2.742063492063492,2.742063492063492,907299.0
2020-12-02,2.7301587301587302,2.7301587301587302,1048272.0
2020-12-03,2.7202380952380953,2.7202380952380953,747978.0
2020-12-04,2.705357142857143,2.705357142857143,1194816.0
2020-12-07,2.6488095238095237,2.6488095238095237,974661.0
2020-12-08,2.630952380952381,2.630952380952381,510750.0
2020-12-09,2.583333333333333,2.583333333333333,1014033.0
2020-12-10,2.579365079365079,2.579365079365079,674148.0
2020-12-11,2.54563492063492,2.54563492063492,692136.0
2020-12-14,2.554563492063492,2.554563492063492,516363.0
2020-12-15,2.540674603174603,2.540674603174603,526584.0
2020-12-16,2.5357142857142856,2.5357142857142856,593364.0
2020-12-17,2.6011904761904763,2.6011904761904763,1045020.0
2020-12-18,2.560515873015873,2.560515873015873,1030341.0
2020-12-21,2.5763888888888893,2.5763888888888893,782685.0
2020-12-22,2.4722222222222223,2.4722222222222223,1135851.0
2020-12-23,2.490079365079365,2.490079365079365,748773.0
2020-12-24,2.4761904761904763,2.4761904761904763,1128090.0
2020-12-25,2.479166666666667,2.479166666666667,1276173.0
2020-12-28,2.488095238095238,2.488095238095238,928431.0
2020-12-29,2.4970238095238093,2.4970238095238093,745221.0
2020-12-30,2.526785714285714,2.526785714285714,1331826.0
2020-12-31,2.6101190476190466,2.6101190476190466,2460738.0
2021-01-04,2.6111111111111107,2.6111111111111107,1390422.0
2021-01-05,2.592261904761904,2.592261904761904,1424382.0
2021-01-06,2.6130952380952372,2.6130952380952372,1146885.0
2021-01-07,2.6359126984126977,2.6359126984126977,1415988.0
2021-01-08,2.628968253968253,2.628968253968253,1032462.0
2021-01-11,2.5734126984126973,2.5734126984126973,908298.0
2021-01-12,2.7192460317460307,2.7192460317460307,2628495.0
2021-01-13,2.683531746031745,2.683531746031745,1778409.0
2021-01-14,2.628968253968253,2.628968253968253,1791066.0
2021-01-15,2.6418650793650786,2.6418650793650786,1158156.0
2021-01-18,2.6626984126984126,2.6626984126984126,2106792.0
2021-01-19,2.6607142857142856,2.6607142857142856,2794737.0
2021-01-20,2.636904761904762,2.636904761904762,1817661.0
2021-01-21,2.654761904761905,2.654761904761905,1769097.0
2021-01-22,2.6061507936507935,2.6061507936507935,1008369.0
2021-01-25,2.613095238095238,2.613095238095238,1048575.0
2021-01-26,2.5238095238095237,2.5238095238095237,1595253.0
2021-01-27,2.5307539682539684,2.5307539682539684,992076.0
2021-01-28,2.495039682539683,2.495039682539683,1204068.0
2021-01-29,2.4573412698412698,2.4573412698412698,1655043.0
2021-02-01,2.459325396825397,2.459325396825397,939567.0
2021-02-02,2.4573412698412698,2.4573412698412698,967254.0
2021-02-03,2.41765873015873,2.41765873015873,1197621.0
2021-02-04,2.413690476190476,2.413690476190476,1013745.0
2021-02-05,2.41468253968254,2.41468253968254,1171719.0
2021-02-08,2.4007936507936507,2.4007936507936507,1132254.0
2021-02-09,2.4384920634920637,2.4384920634920637,1186950.0
2021-02-10,2.4543650793650795,2.4543650793650795,1334121.0
2021-02-18,2.4960317460317465,2.4960317460317465,5492937.0
2021-02-19,2.549603174603175,2.549603174603175,1916985.0
2021-02-22,2.490079365079365,2.490079365079365,2898195.0
2021-02-23,2.5049603174603177,2.5049603174603177,2791053.0
2021-02-24,2.485119047619048,2.485119047619048,1279974.0
2021-02-25,2.529761904761905,2.529761904761905,2916621.0
2021-02-26,2.4761904761904767,2.4761904761904767,1460985.0
2021-03-01,2.461309523809524,2.461309523809524,4161528.0
2021-03-02,2.420634920634921,2.420634920634921,829182.0
2021-03-03,2.4880952380952386,2.4880952380952386,1041435.0
2021-03-04,2.45734126984127,2.45734126984127,832050.0
2021-03-05,2.452380952380953,2.452380952380953,904389.0
2021-03-08,2.4305555555555562,2.4305555555555562,1238643.0
2021-03-09,2.3928571428571432,2.3928571428571432,1031802.0
2021-03-10,2.3690476190476195,2.3690476190476195,1038351.0
2021-03-11,2.4216269841269846,2.4216269841269846,1160454.0
2021-03-12,2.4176587301587307,2.4176587301587307,944562.0
2021-03-15,2.381944444444445,2.381944444444445,840096.0
2021-03-16,2.393849206349207,2.393849206349207,1111431.0
2021-03-17,2.359126984126985,2.359126984126985,959619.0
2021-03-18,2.350198412698414,2.350198412698414,943224.0
2021-03-19,2.308531746031747,2.308531746031747,1233141.0
2021-03-22,2.333333333333334,2.333333333333334,846888.0
2021-03-23,2.3432539682539693,2.3432539682539693,854922.0
2021-03-24,2.3353174603174613,2.3353174603174613,799179.0
2021-03-25,2.322420634920636,2.322420634920636,706791.0
2021-03-26,2.344246031746033,2.344246031746033,809907.0
2021-03-29,2.334325396825398,2.334325396825398,748125.0
2021-03-30,2.336309523809525,2.336309523809525,779310.0
2021-03-31,2.3075396825396837,2.3075396825396837,790293.0
2021-04-01,2.3224206349206358,2.3224206349206358,924888.0
2021-04-02,2.325396825396826,2.325396825396826,798123.0
2021-04-06,2.3263888888888897,2.3263888888888897,627225.0
2021-04-07,2.30654761904762,2.30654761904762,845220.0
2021-04-08,2.313492063492064,2.313492063492064,856767.0
2021-04-09,2.2787698412698423,2.2787698412698423,996969.0
2021-04-12,2.2509920634920646,2.2509920634920646,923493.0
2021-04-13,2.242063492063493,2.242063492063493,828267.0
2021-04-14,2.2599206349206358,2.2599206349206358,639915.0
2021-04-15,2.2351190476190483,2.2351190476190483,1677291.0
2021-04-16,2.24702380952381,2.24702380952381,705801.0
2021-04-19,2.2876984126984135,2.2876984126984135,1043376.0
2021-04-20,2.264880952380953,2.264880952380953,1031472.0
2021-04-21,2.260912698412699,2.260912698412699,825018.0
2021-04-22,2.26984126984127,2.26984126984127,918852.0
2021-04-23,2.26984126984127,2.26984126984127,970458.0
2021-04-26,2.229166666666667,2.229166666666667,1153206.0
2021-04-27,2.223214285714286,2.223214285714286,1074099.0
2021-04-28,2.231150793650794,2.231150793650794,1147713.0
2021-04-29,2.274801587301588,2.274801587301588,1200939.0
2021-04-30,2.2460317460317465,2.2460317460317465,1144794.0
2021-05-06,2.213293650793651,2.213293650793651,971163.0
2021-05-07,2.1855158730158735,2.1855158730158735,1134693.0
2021-05-10,2.1775793650793656,2.1775793650793656,997029.0
2021-05-11,2.1974206349206353,2.1974206349206353,918435.0
2021-05-12,2.192460317460318,2.192460317460318,780492.0
2021-05-13,2.1736111111111116,2.1736111111111116,786768.0
2021-05-14,2.3045634920634925,2.3045634920634925,2018868.0
2021-05-17,2.268849206349207,2.268849206349207,1273206.0
2021-05-18,2.273809523809524,2.273809523809524,3059451.0
2021-05-19,2.2658730158730163,2.2658730158730163,1041528.0
2021-05-20,2.2916666666666674,2.2916666666666674,1168617.0
2021-05-21,2.258928571428572,2.258928571428572,927171.0
2021-05-24,2.285714285714286,2.285714285714286,1170117.0
2021-05-25,2.375000000000001,2.375000000000001,1895106.0
2021-05-26,2.373015873015874,2.373015873015874,1269267.0
2021-05-27,2.3769841269841283,2.3769841269841283,1145310.0
2021-05-28,2.400793650793652,2.400793650793652,1174407.0
2021-05-31,2.3918650793650804,2.3918650793650804,1066368.0
2021-06-01,2.3591269841269855,2.3591269841269855,1198554.0
2021-06-02,2.330357142857144,2.330357142857144,1031781.0
2021-06-03,2.3214285714285725,2.3214285714285725,876531.0
2021-06-04,2.335317460317462,2.335317460317462,1370865.0
2021-06-07,2.340277777777779,2.340277777777779,1016235.0
2021-06-08,2.3432539682539697,2.3432539682539697,1181559.0
2021-06-09,2.329365079365081,2.329365079365081,961656.0
2021-06-10,2.3303571428571446,2.3303571428571446,1818372.0
2021-06-11,2.297619047619049,2.297619047619049,1394331.0
2021-06-15,2.250000000000001,2.250000000000001,1362804.0
2021-06-16,2.236111111111112,2.236111111111112,991326.0
2021-06-17,2.2331349206349214,2.2331349206349214,882339.0
2021-06-18,2.231150793650795,2.231150793650795,1264644.0
2021-06-21,2.2172619047619055,2.2172619047619055,1134957.0
2021-06-22,2.2301587301587316,2.2301587301587316,1151856.0
2021-06-23,2.243055555555557,2.243055555555557,1301349.0
2021-06-24,2.2500000000000013,2.2500000000000013,1610964.0
2021-06-25,2.3005952380952395,2.3005952380952395,1559106.0
2021-06-28,2.2787698412698427,2.2787698412698427,1213683.0
2021-06-29,2.2450396825396837,2.2450396825396837,1482222.0
2021-06-30,2.2579365079365092,2.2579365079365092,1284120.0
2021-07-01,2.2232142857142874,2.2232142857142874,1373175.0
2021-07-02,2.148809523809525,2.148809523809525,1843566.0
2021-07-05,2.1517857142857157,2.1517857142857157,1176567.0
2021-07-06,2.1736111111111125,2.1736111111111125,1362678.0
2021-07-07,2.1736111111111125,2.1736111111111125,1262076.0
2021-07-08,2.1498015873015888,2.1498015873015888,1219206.0
2021-07-09,2.145833333333335,2.145833333333335,1178874.0
2021-07-12,2.1666666666666687,2.1666666666666687,1484340.0
2021-07-13,2.1646825396825413,2.1646825396825413,1227993.0
2021-07-14,2.125992063492065,2.125992063492065,1861692.0
2021-07-15,2.1795634920634943,2.1795634920634943,2664444.0
2021-07-16,2.169642857142859,2.169642857142859,2451159.0
2021-07-19,2.157738095238097,2.157738095238097,2108367.0
2021-07-20,2.144841269841272,2.144841269841272,1439070.0
2021-07-21,2.1636904761904785,2.1636904761904785,1680006.0
2021-07-22,2.197420634920637,2.197420634920637,2272008.0
2021-07-23,2.19543650793651,2.19543650793651,2396823.0
2021-07-26,2.121031746031748,2.121031746031748,2397720.0
2021-07-27,2.0376984126984143,2.0376984126984143,1975671.0
2021-07-28,2.032738095238097,2.032738095238097,3748497.0
2021-07-29,2.048611111111113,2.048611111111113,1670280.0
2021-07-30,2.0307539682539706,2.0307539682539706,1404420.0
2021-08-02,2.088293650793653,2.088293650793653,1907253.0
2021-08-03,2.0952380952380976,2.0952380952380976,1494150.0
2021-08-04,2.0892857142857166,2.0892857142857166,1285914.0
2021-08-05,2.0704365079365106,2.0704365079365106,1374771.0
2021-08-06,2.0724206349206375,2.0724206349206375,1345554.0
2021-08-09,2.120039682539685,2.120039682539685,2484651.0
2021-08-10,2.1478174603174627,2.1478174603174627,2050854.0
2021-08-11,2.1418650793650817,2.1418650793650817,2856087.0
2021-08-12,2.113095238095241,2.113095238095241,1726629.0
2021-08-13,2.113095238095241,2.113095238095241,1356015.0
2021-08-16,2.130952380952384,2.130952380952384,2077272.0
2021-08-17,2.1160714285714315,2.1160714285714315,1937268.0
2021-08-18,2.2361111111111143,2.2361111111111143,3211695.0
2021-08-19,2.182539682539686,2.182539682539686,2350617.0
2021-08-20,2.170634920634924,2.170634920634924,1911714.0
2021-08-23,2.168650793650797,2.168650793650797,1527639.0
2021-08-24,2.1924603174603208,2.1924603174603208,1988274.0
2021-08-25,2.1676587301587333,2.1676587301587333,1622508.0
2021-08-26,2.1339285714285743,2.1339285714285743,1751274.0
2021-08-27,2.145833333333336,2.145833333333336,1625655.0
2021-08-30,2.1071428571428603,2.1071428571428603,1691868.0
2021-08-31,2.1369047619047645,2.1369047619047645,2211177.0
2021-09-01,2.2172619047619073,2.2172619047619073,2886789.0
2021-09-02,2.237103174603177,2.237103174603177,1916829.0
2021-09-03,2.2232142857142883,2.2232142857142883,2077725.0
2021-09-06,2.2728174603174627,2.2728174603174627,1790049.0
2021-09-07,2.3234126984127013,2.3234126984127013,2325273.0
2021-09-08,2.31746031746032,2.31746031746032,1852197.0
2021-09-09,2.299603174603177,2.299603174603177,1828794.0
2021-09-13,2.3303571428571455,2.3303571428571455,1376571.0
2021-09-14,2.2559523809523836,2.2559523809523836,2342264.0
2021-09-15,2.2440476190476217,2.2440476190476217,1811008.0
2021-09-16,2.2172619047619073,2.2172619047619073,1516574.0
2021-09-17,2.2232142857142883,2.2232142857142883,1337165.0
2021-09-22,2.196428571428574,2.196428571428574,2079578.0
2021-09-23,2.2232142857142883,2.2232142857142883,1260645.0
2021-09-24,2.2083333333333357,2.2083333333333357,1574783.0
2021-09-27,2.178571428571431,2.178571428571431,1608682.0
2021-09-28,2.2083333333333357,2.2083333333333357,1213556.0
2021-09-29,2.184523809523812,2.184523809523812,1559093.0
2021-09-30,2.1577380952380976,2.1577380952380976,1468343.0
2021-10-08,2.229166666666669,2.229166666666669,1376953.0
2021-10-11,2.23511904761905,2.23511904761905,1629152.0
2021-10-12,2.17261904761905,2.17261904761905,1661246.0
2021-10-13,2.175595238095241,2.175595238095241,1810149.0
2021-10-14,2.163690476190479,2.163690476190479,1253538.0
2021-10-15,2.163690476190479,2.163690476190479,1090487.0
2021-10-18,2.145833333333336,2.145833333333336,1363258.0
2021-10-19,2.1785714285714315,2.1785714285714315,1980803.0
2021-10-20,2.1726190476190506,2.1726190476190506,1640896.0
2021-10-21,2.2142857142857175,2.2142857142857175,2004439.0
2021-10-22,2.217261904761908,2.217261904761908,2289106.0
2021-10-25,2.2380952380952417,2.2380952380952417,2261455.0
2021-10-26,2.2083333333333366,2.2083333333333366,1638510.0
2021-10-27,2.1607142857142887,2.1607142857142887,1699760.0
2021-10-28,2.142857142857146,2.142857142857146,1466035.0
2021-10-29,2.1220238095238124,2.1220238095238124,2159972.0
2021-11-01,2.142857142857146,2.142857142857146,1511893.0
2021-11-02,2.1041666666666696,2.1041666666666696,1682656.0
2021-11-03,2.1130952380952412,2.1130952380952412,1180112.0
2021-11-04,2.1101190476190506,2.1101190476190506,1150562.0
2021-11-05,2.1041666666666696,2.1041666666666696,1236030.0
2021-11-08,2.1279761904761934,2.1279761904761934,1688896.0
2021-11-09,2.125000000000003,2.125000000000003,1591990.0
2021-11-10,2.1130952380952412,2.1130952380952412,1564880.0
2021-11-11,2.178571428571432,2.178571428571432,2545637.0
2021-11-12,2.172619047619051,2.172619047619051,1603270.0
2021-11-15,2.16666666666667,2.16666666666667,1466337.0
2021-11-16,2.1458333333333366,2.1458333333333366,1861125.0
2021-11-17,2.136904761904765,2.136904761904765,1394331.0
2021-11-18,2.113095238095241,2.113095238095241,1696556.0
2021-11-19,2.1428571428571455,2.1428571428571455,1863385.0
2021-11-22,2.151785714285717,2.151785714285717,2015843.0
2021-11-23,2.151785714285717,2.151785714285717,1550905.0
2021-11-24,2.151785714285717,2.151785714285717,1421651.0
2021-11-25,2.139880952380955,2.139880952380955,1509257.0
2021-11-26,2.1220238095238124,2.1220238095238124,1567557.0
2021-11-29,2.10714285714286,2.10714285714286,1726850.0
2021-11-30,2.10714285714286,2.10714285714286,1279880.0
2021-12-01,2.1279761904761934,2.1279761904761934,1674962.0
2021-12-02,2.139880952380955,2.139880952380955,1736123.0
2021-12-03,2.151785714285717,2.151785714285717,1877466.0
2021-12-06,2.1785714285714315,2.1785714285714315,3406513.0
2021-12-07,2.1964285714285743,2.1964285714285743,2406591.0
2021-12-08,2.2202380952380985,2.2202380952380985,1919463.0
2021-12-09,2.255952380952384,2.255952380952384,2524299.0
2021-12-10,2.2351190476190506,2.2351190476190506,2432203.0
2021-12-13,2.250000000000003,2.250000000000003,5237099.0
2021-12-14,2.2351190476190506,2.2351190476190506,1761493.0
2021-12-15,2.2380952380952412,2.2380952380952412,1605950.0
2021-12-16,2.2589285714285747,2.2589285714285747,1563125.0
2021-12-17,2.2321428571428603,2.2321428571428603,1578286.0
2021-12-20,2.205357142857146,2.205357142857146,1731473.0
2021-12-21,2.2321428571428603,2.2321428571428603,1434272.0
2021-12-22,2.208333333333336,2.208333333333336,1371759.0
2021-12-23,2.202380952380955,2.202380952380955,1302000.0
2021-12-24,2.1964285714285743,2.1964285714285743,1155288.0
2021-12-27,2.1964285714285743,2.1964285714285743,1133992.0
2021-12-28,2.2172619047619078,2.2172619047619078,1463291.0
2021-12-29,2.1964285714285743,2.1964285714285743,1270986.0
2021-12-30,2.2172619047619078,2.2172619047619078,2131144.0
2021-12-31,2.2172619047619078,2.2172619047619078,1515402.0
2022-01-04,2.2172619047619078,2.2172619047619078,1778766.0
2022-01-05,2.2142857142857175,2.2142857142857175,1717051.0
2022-01-06,2.172619047619051,2.172619047619051,1979003.0
2022-01-07,2.1964285714285747,2.1964285714285747,1744107.0
2022-01-10,2.1964285714285747,2.1964285714285747,1640783.0
2022-01-11,2.1964285714285747,2.1964285714285747,1585426.0
2022-01-12,2.199404761904765,2.199404761904765,2269249.0
2022-01-13,2.1845238095238124,2.1845238095238124,1978394.0
2022-01-14,2.1309523809523836,2.1309523809523836,2540358.0
2022-01-17,2.1369047619047645,2.1369047619047645,2100989.0
2022-01-18,2.1458333333333357,2.1458333333333357,1662709.0
2022-01-19,2.1547619047619073,2.1547619047619073,2019718.0
2022-01-20,2.2023809523809548,2.2023809523809548,2501343.0
2022-01-21,2.1934523809523836,2.1934523809523836,1677237.0
2022-01-24,2.1696428571428594,2.1696428571428594,1529619.0
2022-01-25,2.1190476190476213,2.1190476190476213,2034070.0
2022-01-26,2.1458333333333357,2.1458333333333357,1596367.0
2022-01-27,2.104166666666669,2.104166666666669,1715689.0
2022-01-28,2.080357142857145,2.080357142857145,1996768.0
2022-02-07,2.122023809523812,2.122023809523812,1623070.0
2022-02-08,2.1547619047619073,2.1547619047619073,1660980.0
2022-02-09,2.1547619047619073,2.1547619047619073,4770574.0
2022-02-10,2.1696428571428594,2.1696428571428594,1707777.0
2022-02-11,2.1904761904761925,2.1904761904761925,4778427.0
2022-02-14,2.101190476190478,2.101190476190478,3160781.0
2022-02-15,2.0922619047619064,2.0922619047619064,1891521.0
2022-02-16,2.101190476190478,2.101190476190478,1436125.0
2022-02-17,2.086309523809526,2.086309523809526,2590373.0
2022-02-18,2.1011904761904785,2.1011904761904785,1722949.0
2022-02-21,2.092261904761907,2.092261904761907,1765284.0
2022-02-22,2.0476190476190497,2.0476190476190497,2024956.0
2022-02-23,2.0654761904761925,2.0654761904761925,1482023.0
2022-02-24,2.0029761904761925,2.0029761904761925,2391013.0
2022-02-25,2.0089285714285734,2.0089285714285734,1406127.0
2022-02-28,2.0029761904761925,2.0029761904761925,1468681.0
2022-03-01,2.023809523809526,2.023809523809526,1508429.0
2022-03-02,2.005952380952383,2.005952380952383,1211923.0
2022-03-03,2.008928571428574,2.008928571428574,1349502.0
2022-03-04,1.9761904761904785,1.9761904761904785,2169013.0
2022-03-07,1.92261904761905,1.92261904761905,2273680.0
2022-03-08,1.875000000000002,1.875000000000002,2661272.0
2022-03-09,1.8363095238095257,1.8363095238095257,3006766.0
2022-03-10,1.8363095238095257,1.8363095238095257,1904253.0
2022-03-11,1.8601190476190494,1.8601190476190494,2794055.0
2022-03-14,1.8214285714285732,1.8214285714285732,2121774.0
2022-03-15,1.7321428571428588,1.7321428571428588,5379750.0
2022-03-16,1.833333333333335,1.833333333333335,4472002.0
2022-03-17,1.8452380952380971,1.8452380952380971,3431974.0
2022-03-18,1.886904761904764,1.886904761904764,2851994.0
2022-03-21,1.8571428571428592,1.8571428571428592,1973328.0
2022-03-22,1.8630952380952401,1.8630952380952401,1738471.0
2022-03-23,1.8660714285714306,1.8660714285714306,1764458.0
2022-03-24,1.8541666666666687,1.8541666666666687,1634565.0
2022-03-25,1.8363095238095257,1.8363095238095257,1764037.0
2022-03-28,1.8392857142857162,1.8392857142857162,1787667.0
2022-03-29,1.8214285714285734,1.8214285714285734,1825685.0
2022-03-30,1.886904761904764,1.886904761904764,2524039.0
2022-03-31,1.886904761904764,1.886904761904764,1996411.0
2022-04-01,1.898809523809526,1.898809523809526,2438384.0
2022-04-06,1.9136904761904783,1.9136904761904783,2160475.0
2022-04-07,1.8660714285714306,1.8660714285714306,2154118.0
2022-04-08,1.9017857142857166,1.9017857142857166,2820182.0
2022-04-11,1.8392857142857164,1.8392857142857164,2439367.0
2022-04-12,1.8869047619047639,1.8869047619047639,2578691.0
2022-04-13,1.8660714285714304,1.8660714285714304,2048261.0
2022-04-14,1.8928571428571446,1.8928571428571446,2298032.0
2022-04-15,1.8898809523809539,1.8898809523809539,1987884.0
2022-04-18,1.8422619047619062,1.8422619047619062,2259197.0
2022-04-19,1.821428571428573,1.821428571428573,2121190.0
2022-04-20,1.7946428571428585,1.7946428571428585,2170480.0
2022-04-21,1.7976190476190492,1.7976190476190492,2576240.0
2022-04-22,1.8095238095238113,1.8095238095238113,2409471.0
2022-04-25,1.7380952380952397,1.7380952380952397,3259507.0
2022-04-26,1.6875000000000016,1.6875000000000016,3357779.0
2022-04-27,1.7053571428571446,1.7053571428571446,2660657.0
2022-04-28,1.6785714285714304,1.6785714285714304,2811085.0
2022-04-29,1.744047619047621,1.744047619047621,4790905.0
2022-05-05,1.7291666666666687,1.7291666666666687,2739892.0
2022-05-06,1.6845238095238115,1.6845238095238115,2112052.0
2022-05-09,1.6964285714285736,1.6964285714285736,2267506.0
2022-05-10,1.7113095238095262,1.7113095238095262,2632043.0
2022-05-11,1.7232142857142883,1.7232142857142883,2388930.0
2022-05-12,1.717261904761907,1.717261904761907,2197899.0
2022-05-13,1.723214285714288,1.723214285714288,1968482.0
2022-05-16,1.705357142857145,1.705357142857145,2434959.0
2022-05-17,1.7172619047619069,1.7172619047619069,2711867.0
2022-05-18,1.7142857142857164,1.7142857142857164,2291858.0
2022-05-19,1.705357142857145,1.705357142857145,2303378.0
2022-05-20,1.7380952380952404,1.7380952380952404,2494946.0
2022-05-23,1.7380952380952404,1.7380952380952404,2052305.0
2022-05-24,1.6964285714285736,1.6964285714285736,2143819.0
2022-05-25,1.705357142857145,1.705357142857145,2888552.0
2022-05-26,1.7172619047619069,1.7172619047619069,2485945.0
2022-05-27,1.7202380952380973,1.7202380952380973,1989198.0
2022-05-30,1.7232142857142876,1.7232142857142876,2568764.0
2022-05-31,1.744047619047621,1.744047619047621,2510557.0
2022-06-01,1.7351190476190497,1.7351190476190497,1874217.0
2022-06-02,1.73809523809524,1.73809523809524,1738846.0
2022-06-06,1.7678571428571446,1.7678571428571446,2165477.0
2022-06-07,1.7738095238095257,1.7738095238095257,2324108.0
2022-06-08,1.7976190476190494,1.7976190476190494,2499987.0
2022-06-09,1.7976190476190494,1.7976190476190494,4472817.0
2022-06-10,1.827380952380954,1.827380952380954,2744512.0
2022-06-13,1.8005952380952397,1.8005952380952397,2419644.0
2022-06-14,1.8690476190476206,1.8690476190476206,3470647.0
2022-06-15,1.9761904761904778,1.9761904761904778,8186300.0
2022-06-16,1.8750000000000013,1.8750000000000013,5960477.0
2022-06-17,1.8958333333333346,1.8958333333333346,4358230.0
2022-06-20,1.880952380952382,1.880952380952382,6895266.0
2022-06-21,1.8958333333333346,1.8958333333333346,4354083.0
2022-06-22,1.8690476190476204,1.8690476190476204,2767280.0
2022-06-23,1.92857142857143,1.92857142857143,3643156.0
2022-06-24,1.9315476190476202,1.9315476190476202,4464005.0
2022-06-27,1.9375000000000013,1.9375000000000013,2819892.0
2022-06-28,1.9434523809523825,1.9434523809523825,3326395.0
2022-06-29,1.9136904761904778,1.9136904761904778,4606070.0
2022-06-30,1.9285714285714302,1.9285714285714302,3185063.0
2022-07-01,1.9107142857142871,1.9107142857142871,2409826.0
2022-07-04,1.9196428571428588,1.9196428571428588,3035961.0
2022-07-05,1.901785714285716,1.901785714285716,3786743.0
2022-07-06,1.8809523809523825,1.8809523809523825,2929828.0
2022-07-07,1.872023809523811,1.872023809523811,2685562.0
2022-07-08,1.8601190476190492,1.8601190476190492,3494065.0
2022-07-11,1.8363095238095253,1.8363095238095253,3561367.0
2022-07-12,1.8363095238095253,1.8363095238095253,2991005.0
2022-07-13,1.8333333333333348,1.8333333333333348,2458630.0
2022-07-14,1.8095238095238109,1.8095238095238109,2773014.0
2022-07-15,1.7708333333333346,1.7708333333333346,2932583.0
2022-07-18,1.8005952380952392,1.8005952380952392,2950794.0
2022-07-19,1.80654761904762,1.80654761904762,2587332.0
2022-07-20,1.8095238095238104,1.8095238095238104,3037899.0
2022-07-21,1.7886904761904772,1.7886904761904772,2474791.0
2022-07-22,1.794642857142858,1.794642857142858,3724094.0
2022-07-25,1.7767857142857153,1.7767857142857153,2619107.0
2022-07-26,1.7857142857142865,1.7857142857142865,1766580.0
2022-07-27,1.776785714285715,1.776785714285715,2318364.0
2022-07-28,1.7916666666666674,1.7916666666666674,2567519.0
2022-07-29,1.7619047619047625,1.7619047619047625,5029429.0
2022-08-01,1.7500000000000004,1.7500000000000004,2623844.0
2022-08-02,1.7053571428571432,1.7053571428571432,3358845.0
2022-08-03,1.6964285714285718,1.6964285714285718,3451333.0
2022-08-04,1.7113095238095242,1.7113095238095242,2776803.0
2022-08-05,1.7440476190476193,1.7440476190476193,3181113.0
2022-08-08,1.7410714285714288,1.7410714285714288,2448686.0
2022-08-09,1.7321428571428574,1.7321428571428574,2225600.0
2022-08-10,1.717261904761905,1.717261904761905,2508958.0
2022-08-11,1.7916666666666672,1.7916666666666672,4063828.0
2022-08-12,1.7946428571428579,1.7946428571428579,3548835.0
2022-08-15,1.7797619047619055,1.7797619047619055,2968591.0
2022-08-16,1.7738095238095246,1.7738095238095246,2405570.0
2022-08-17,1.7976190476190483,1.7976190476190483,3811385.0
2022-08-18,1.782738095238096,1.782738095238096,3379096.0
2022-08-19,1.7797619047619055,1.7797619047619055,2364677.0
2022-08-22,1.776785714285715,1.776785714285715,2407374.0
2022-08-23,1.7678571428571437,1.7678571428571437,2705279.0
2022-08-24,1.7708333333333341,1.7708333333333341,3902829.0
2022-08-25,1.8095238095238102,1.8095238095238102,3436563.0
2022-08-26,1.8035714285714293,1.8035714285714293,3279940.0
2022-08-29,1.7916666666666674,1.7916666666666674,2719310.0
2022-08-30,1.7916666666666674,1.7916666666666674,2794836.0
2022-08-31,1.8154761904761914,1.8154761904761914,4375283.0
2022-09-01,1.8065476190476197,1.8065476190476197,4608320.0
2022-09-02,1.7946428571428579,1.7946428571428579,3678207.0
2022-09-05,1.8005952380952388,1.8005952380952388,3955854.0
2022-09-06,1.8244047619047628,1.8244047619047628,2885980.0
2022-09-07,1.8154761904761911,1.8154761904761911,3216672.0
2022-09-08,1.8125000000000007,1.8125000000000007,2586819.0
2022-09-09,1.845238095238096,1.845238095238096,4121259.0
2022-09-13,1.851190476190477,1.851190476190477,2699090.0
2022-09-14,1.8303571428571437,1.8303571428571437,2978523.0
2022-09-15,1.8333333333333344,1.8333333333333344,3218251.0
2022-09-16,1.74404761904762,1.74404761904762,4749951.0
2022-09-19,1.726190476190477,1.726190476190477,3892029.0
2022-09-20,1.7172619047619055,1.7172619047619055,2372876.0
2022-09-21,1.714285714285715,1.714285714285715,2992904.0
2022-09-22,1.6964285714285723,1.6964285714285723,3267425.0
2022-09-23,1.7083333333333341,1.7083333333333341,3035804.0
2022-09-26,1.68154761904762,1.68154761904762,3201602.0
2022-09-27,1.6904761904761916,1.6904761904761916,3120458.0
2022-09-28,1.6636904761904776,1.6636904761904776,3415227.0
2022-09-29,1.6458333333333348,1.6458333333333348,2882673.0
2022-09-30,1.6428571428571443,1.6428571428571443,2310634.0
2022-10-10,1.633928571428573,1.633928571428573,2796444.0
2022-10-11,1.6309523809523825,1.6309523809523825,3014843.0
2022-10-12,1.6696428571428585,1.6696428571428585,3410193.0
2022-10-13,1.6607142857142871,1.6607142857142871,2599169.0
2022-10-14,1.6845238095238109,1.6845238095238109,3423634.0
2022-10-17,1.6875000000000013,1.6875000000000013,2754459.0
2022-10-18,1.6785714285714297,1.6785714285714297,3291134.0
2022-10-19,1.6577380952380967,1.6577380952380967,1896024.0
2022-10-20,1.6607142857142871,1.6607142857142871,2324890.0
2022-10-21,1.6577380952380967,1.6577380952380967,2117626.0
2022-10-24,1.6011904761904776,1.6011904761904776,3687740.0
2022-10-25,1.5714285714285727,1.5714285714285727,2702218.0
2022-10-26,1.5803571428571441,1.5803571428571441,2402054.0
2022-10-27,1.586309523809525,1.586309523809525,3341914.0
2022-10-28,1.5535714285714297,1.5535714285714297,2432420.0
2022-10-31,1.5476190476190488,1.5476190476190488,2472677.0
2022-11-01,1.604166666666668,1.604166666666668,2770656.0
2022-11-02,1.604166666666668,1.604166666666668,2228076.0
2022-11-03,1.5892857142857155,1.5892857142857155,2133046.0
2022-11-04,1.6488095238095253,1.6488095238095253,3192108.0
2022-11-07,1.6547619047619064,1.6547619047619064,2207083.0
2022-11-08,1.645833333333335,1.645833333333335,1938482.0
2022-11-09,1.6369047619047636,1.6369047619047636,1872199.0
2022-11-10,1.645833333333335,1.645833333333335,1808620.0
2022-11-11,1.7053571428571446,1.7053571428571446,3111934.0
2022-11-14,1.7351190476190494,1.7351190476190494,4585197.0
2022-11-15,1.7797619047619069,1.7797619047619069,3558661.0
2022-11-16,1.7529761904761927,1.7529761904761927,2006453.0
2022-11-17,1.767857142857145,1.767857142857145,3089936.0
2022-11-18,1.7410714285714308,1.7410714285714308,2562328.0
2022-11-21,1.711309523809526,1.711309523809526,2567188.0
2022-11-22,1.7321428571428594,1.7321428571428594,2314977.0
2022-11-23,1.729166666666669,1.729166666666669,2108170.0
2022-11-24,1.7202380952380976,1.7202380952380976,1989717.0
2022-11-25,1.7500000000000024,1.7500000000000024,2940008.0
2022-11-28,1.7172619047619073,1.7172619047619073,2101709.0
2022-11-29,1.8125000000000027,1.8125000000000027,4903884.0
2022-11-30,1.8005952380952408,1.8005952380952408,3296064.0
2022-12-01,1.8125000000000027,1.8125000000000027,3397836.0
2022-12-02,1.8035714285714313,1.8035714285714313,2021131.0
2022-12-05,1.8898809523809552,1.8898809523809552,3889274.0
2022-12-06,1.8839285714285743,1.8839285714285743,5044280.0
2022-12-07,1.8660714285714315,1.8660714285714315,8503076.0
2022-12-08,1.869047619047622,1.869047619047622,2442598.0
2022-12-09,1.8839285714285745,1.8839285714285745,3037429.0
2022-12-12,1.8303571428571457,1.8303571428571457,1878850.0
2022-12-13,1.8422619047619078,1.8422619047619078,2135357.0
2022-12-14,1.8630952380952412,1.8630952380952412,3121746.0
2022-12-15,1.830357142857146,1.830357142857146,2620747.0
2022-12-16,1.842261904761908,1.842261904761908,2032194.0
2022-12-19,1.8005952380952412,1.8005952380952412,2704235.0
2022-12-20,1.779761904761908,1.779761904761908,3998551.0
2022-12-21,1.7827380952380987,1.7827380952380987,1967748.0
2022-12-22,1.7946428571428605,1.7946428571428605,3277004.0
2022-12-23,1.7886904761904796,1.7886904761904796,1982254.0
2022-12-26,1.7797619047619082,1.7797619047619082,2506320.0
2022-12-27,1.8035714285714322,1.8035714285714322,2128408.0
2022-12-28,1.809523809523813,1.809523809523813,5393743.0
2022-12-29,1.7946428571428608,1.7946428571428608,5718176.0
2022-12-30,1.8184523809523845,1.8184523809523845,8206818.0
2023-01-03,1.8065476190476226,1.8065476190476226,4109967.0
2023-01-04,1.8363095238095273,1.8363095238095273,4618662.0
2023-01-05,1.866071428571432,1.866071428571432,4232753.0
2023-01-06,1.872023809523813,1.872023809523813,3750385.0
2023-01-09,1.9047619047619082,1.9047619047619082,3328030.0
2023-01-10,1.8809523809523845,1.8809523809523845,4112598.0
2023-01-11,1.8928571428571466,1.8928571428571466,3285426.0
2023-01-12,1.907738095238099,1.907738095238099,4141935.0
2023-01-13,1.9523809523809559,1.9523809523809559,7511032.0
2023-01-16,1.9940476190476224,1.9940476190476224,6988176.0
2023-01-17,1.991071428571432,1.991071428571432,6684596.0
2023-01-18,1.9851190476190508,1.9851190476190508,2304719.0
2023-01-19,2.0089285714285747,2.0089285714285747,2581923.0
2023-01-20,2.0089285714285747,2.0089285714285747,3572678.0
2023-01-30,1.9880952380952415,1.9880952380952415,3532911.0
2023-01-31,1.9702380952380985,1.9702380952380985,4079113.0
2023-02-01,2.0148809523809557,2.0148809523809557,4189689.0
2023-02-02,1.973214285714289,1.973214285714289,6565459.0
2023-02-03,1.9553571428571461,1.9553571428571461,2722290.0
2023-02-06,1.9047619047619078,1.9047619047619078,6945606.0
2023-02-07,1.91964285714286,1.91964285714286,4172420.0
2023-02-08,1.9047619047619078,1.9047619047619078,2808994.0
2023-02-09,1.9404761904761936,1.9404761904761936,3516034.0
2023-02-10,1.9345238095238126,1.9345238095238126,2959684.0
2023-02-13,1.9404761904761934,1.9404761904761934,2532240.0
2023-02-14,1.949404761904765,1.949404761904765,1981838.0
2023-02-15,1.9226190476190508,1.9226190476190508,2011824.0
2023-02-16,1.910714285714289,1.910714285714289,5555159.0
2023-02-17,1.8958333333333364,1.8958333333333364,3771567.0
2023-02-20,1.955357142857146,1.955357142857146,4679890.0
2023-02-21,1.9702380952380985,1.9702380952380985,2814055.0
2023-02-22,1.943452380952384,1.943452380952384,2235834.0
2023-02-23,1.943452380952384,1.943452380952384,2167524.0
2023-02-24,1.9047619047619078,1.9047619047619078,2181688.0
2023-02-27,1.8958333333333364,1.8958333333333364,2139528.0
2023-02-28,1.9107142857142887,1.9107142857142887,2541319.0
2023-03-01,1.9553571428571461,1.9553571428571461,3254634.0
2023-03-02,1.9553571428571461,1.9553571428571461,4589253.0
2023-03-03,1.9642857142857175,1.9642857142857175,2424101.0
2023-03-06,1.925595238095241,1.925595238095241,2782898.0
2023-03-07,1.8898809523809552,1.8898809523809552,4178302.0
2023-03-08,1.8779761904761931,1.8779761904761931,2840288.0
2023-03-09,1.866071428571431,1.866071428571431,2208958.0
2023-03-10,1.8392857142857169,1.8392857142857169,3744511.0
2023-03-13,1.8541666666666694,1.8541666666666694,1907176.0
2023-03-14,1.821428571428574,1.821428571428574,2779238.0
2023-03-15,1.8422619047619073,1.8422619047619073,1994479.0
2023-03-16,1.815476190476193,1.815476190476193,1664551.0
2023-03-17,1.86011904761905,1.86011904761905,2625712.0
2023-03-20,1.836309523809526,1.836309523809526,2876310.0
2023-03-21,1.8452380952380976,1.8452380952380976,2546904.0
2023-03-22,1.842261904761907,1.842261904761907,1537038.0
2023-03-23,1.866071428571431,1.866071428571431,2380105.0
2023-03-24,1.8571428571428596,1.8571428571428596,1566313.0
2023-03-27,1.8571428571428596,1.8571428571428596,1698012.0
2023-03-28,1.8422619047619073,1.8422619047619073,1765805.0
2023-03-29,1.833333333333336,1.833333333333336,2445858.0
2023-03-30,1.8392857142857169,1.8392857142857169,1809506.0
2023-03-31,1.8392857142857169,1.8392857142857169,1979681.0
2023-04-03,1.9017857142857169,1.9017857142857169,4117396.0
2023-04-04,1.9047619047619073,1.9047619047619073,2226324.0
2023-04-06,1.8869047619047643,1.8869047619047643,2114656.0
2023-04-07,1.9136904761904785,1.9136904761904785,2169005.0
2023-04-10,1.910714285714288,1.910714285714288,1622258.0
2023-04-11,1.910714285714288,1.910714285714288,2235245.0
2023-04-12,1.9196428571428596,1.9196428571428596,1426453.0
2023-04-13,1.8988095238095262,1.8988095238095262,1438889.0
2023-04-14,1.9047619047619069,1.9047619047619069,1473158.0
2023-04-17,1.9702380952380976,1.9702380952380976,4710261.0
2023-04-18,1.9880952380952406,1.9880952380952406,5032352.0
2023-04-19,1.9642857142857169,1.9642857142857169,2260373.0
2023-04-20,1.9791666666666692,1.9791666666666692,4196251.0
2023-04-21,1.9017857142857166,1.9017857142857166,3407602.0
2023-04-24,1.877976190476193,1.877976190476193,1978091.0
2023-04-25,1.8809523809523834,1.8809523809523834,2446304.0
2023-04-26,1.872023809523812,1.872023809523812,1440137.0
2023-04-27,1.9434523809523836,1.9434523809523836,3555539.0
2023-04-28,1.9851190476190506,1.9851190476190506,4284117.0
2023-05-04,2.0297619047619078,2.0297619047619078,6456029.0
2023-05-05,2.04761904761905,2.04761904761905,5188230.0
2023-05-08,2.0982142857142883,2.0982142857142883,9774063.0
2023-05-09,2.0922619047619073,2.0922619047619073,7611931.0
2023-05-10,2.065476190476193,2.065476190476193,6850257.0
2023-05-11,2.032738095238098,2.032738095238098,3316341.0
2023-05-12,1.9970238095238122,1.9970238095238122,5883371.0
2023-05-15,2.059523809523812,2.059523809523812,7435392.0
2023-05-16,2.04464285714286,2.04464285714286,5588795.0
2023-05-17,2.014880952380955,2.014880952380955,3509665.0
2023-05-18,2.014880952380955,2.014880952380955,4018063.0
2023-05-19,1.9791666666666694,1.9791666666666694,5120255.0
2023-05-22,1.9851190476190503,1.9851190476190503,2738105.0
2023-05-23,1.9375000000000024,1.9375000000000024,4313650.0
2023-05-24,1.8898809523809548,1.8898809523809548,3129110.0
2023-05-25,1.898809523809526,1.898809523809526,2878873.0
2023-05-26,1.898809523809526,1.898809523809526,2500242.0
2023-05-29,1.8779761904761927,1.8779761904761927,1669173.0
2023-05-30,1.8898809523809548,1.8898809523809548,3098452.0
2023-05-31,1.8571428571428594,1.8571428571428594,2767820.0
2023-06-01,1.8720238095238118,1.8720238095238118,2650581.0
2023-06-02,1.898809523809526,1.898809523809526,2902051.0
2023-06-05,1.880952380952383,1.880952380952383,2400334.0
2023-06-06,1.875000000000002,1.875000000000002,3520405.0
2023-06-07,1.8898809523809543,1.8898809523809543,3107738.0
2023-06-08,1.9017857142857162,1.9017857142857162,5157481.0
2023-06-09,1.9017857142857162,1.9017857142857162,1709643.0
2023-06-12,1.8839285714285732,1.8839285714285732,1764725.0
2023-06-13,1.9107142857142876,1.9107142857142876,2401864.0
2023-06-14,1.8928571428571448,1.8928571428571448,3281699.0
2023-06-15,1.9107142857142878,1.9107142857142878,2570491.0
2023-06-16,1.9226190476190497,1.9226190476190497,3458598.0
2023-06-19,1.8958333333333353,1.8958333333333353,2233538.0
2023-06-20,1.8809523809523827,1.8809523809523827,3082762.0
2023-06-21,1.851190476190478,1.851190476190478,3004263.0
2023-06-26,1.8095238095238113,1.8095238095238113,3995674.0
2023-06-27,1.8303571428571448,1.8303571428571448,2206004.0
2023-06-28,1.8333333333333355,1.8333333333333355,2982720.0
2023-06-29,1.830357142857145,1.830357142857145,2258383.0
2023-06-30,1.8482142857142878,1.8482142857142878,1573203.0
2023-07-03,1.8898809523809548,1.8898809523809548,6473102.0
2023-07-04,1.8869047619047643,1.8869047619047643,2665492.0
2023-07-05,1.8720238095238118,1.8720238095238118,1351229.0
2023-07-06,1.8690476190476213,1.8690476190476213,5446580.0
2023-07-07,1.8779761904761927,1.8779761904761927,3134762.0
2023-07-10,1.8690476190476213,1.8690476190476213,2286446.0
2023-07-11,1.8809523809523832,1.8809523809523832,1487381.0
2023-07-12,1.8720238095238118,1.8720238095238118,2031507.0
2023-07-13,1.9136904761904785,1.9136904761904785,9359658.0
2023-07-14,1.9166666666666692,1.9166666666666692,1619043.0
2023-07-17,1.8928571428571452,1.8928571428571452,1575441.0
2023-07-18,1.8898809523809545,1.8898809523809545,1730635.0
2023-07-19,1.8958333333333357,1.8958333333333357,7414401.0
2023-07-20,1.8809523809523832,1.8809523809523832,1861927.0
2023-07-21,1.8750000000000022,1.8750000000000022,1422986.0
2023-07-24,1.8660714285714308,1.8660714285714308,2421374.0
2023-07-25,1.9851190476190501,1.9851190476190501,7182722.0
2023-07-26,1.9791666666666692,1.9791666666666692,4929525.0
2023-07-27,1.9672619047619073,1.9672619047619073,4196821.0
2023-07-28,2.104166666666669,2.104166666666669,8863071.0
2023-07-31,2.1011904761904785,2.1011904761904785,8979227.0
2023-08-01,2.071428571428574,2.071428571428574,6614260.0
2023-08-02,2.0833333333333357,2.0833333333333357,4688236.0
2023-08-03,2.1458333333333357,2.1458333333333357,8007400.0
2023-08-04,2.1458333333333357,2.1458333333333357,10568836.0
2023-08-07,2.133928571428574,2.133928571428574,4996057.0
2023-08-08,2.133928571428574,2.133928571428574,4327515.0
2023-08-09,2.127976190476193,2.127976190476193,3233218.0
2023-08-10,2.1517857142857166,2.1517857142857166,3415223.0
2023-08-11,2.0654761904761925,2.0654761904761925,9407423.0
2023-08-14,2.0386904761904785,2.0386904761904785,3778186.0
2023-08-15,2.0684523809523827,2.0684523809523827,5088597.0
2023-08-16,2.056547619047621,2.056547619047621,3985786.0
2023-08-17,2.0476190476190492,2.0476190476190492,2717058.0
2023-08-18,2.044642857142859,2.044642857142859,3418512.0
2023-08-21,1.970238095238097,1.970238095238097,5954486.0
2023-08-22,2.002976190476192,2.002976190476192,4530058.0
2023-08-23,1.9672619047619062,1.9672619047619062,2929210.0
2023-08-24,1.9791666666666683,1.9791666666666683,5787224.0
2023-08-25,1.9940476190476208,1.9940476190476208,4388100.0
2023-08-28,2.038690476190478,2.038690476190478,8064251.0
2023-08-29,2.038690476190478,2.038690476190478,4444434.0
2023-08-30,2.002976190476192,2.002976190476192,4606395.0
2023-08-31,1.9821428571428588,1.9821428571428588,4815732.0
2023-09-01,2.014880952380954,2.014880952380954,2930308.0
2023-09-04,2.0446428571428585,2.0446428571428585,4358587.0
2023-09-05,2.011904761904763,2.011904761904763,2088602.0
2023-09-06,2.017857142857144,2.017857142857144,4301742.0
2023-09-07,2.0000000000000013,2.0000000000000013,5566105.0
2023-09-08,2.002976190476192,2.002976190476192,3301816.0
2023-09-11,2.0267857142857157,2.0267857142857157,3753650.0
2023-09-12,2.008928571428573,2.008928571428573,1663915.0
2023-09-13,1.9821428571428588,1.9821428571428588,2757770.0
2023-09-14,1.98809523809524,1.98809523809524,3177937.0
2023-09-15,1.982142857142859,1.982142857142859,4398181.0
2023-09-18,1.9791666666666685,1.9791666666666685,2103082.0
2023-09-19,1.9791666666666685,1.9791666666666685,2525341.0
2023-09-20,1.9702380952380971,1.9702380952380971,2106370.0
2023-09-21,1.9553571428571448,1.9553571428571448,2496328.0
2023-09-22,2.0148809523809543,2.0148809523809543,3594910.0
2023-09-25,1.9702380952380971,1.9702380952380971,1888054.0
2023-09-26,1.9672619047619067,1.9672619047619067,2707976.0
2023-09-27,1.9672619047619067,1.9672619047619067,1946610.0
2023-09-28,1.9553571428571446,1.9553571428571446,1450092.0
2023-10-09,1.9375000000000018,1.9375000000000018,1781804.0
2023-10-10,1.92559523809524,1.92559523809524,1362809.0
2023-10-11,1.9315476190476208,1.9315476190476208,2010528.0
2023-10-12,1.9613095238095255,1.9613095238095255,2183599.0
2023-10-13,1.9434523809523827,1.9434523809523827,1868612.0
2023-10-16,1.9315476190476206,1.9315476190476206,1231558.0
2023-10-17,1.952380952380954,1.952380952380954,2232230.0
2023-10-18,1.9464285714285732,1.9464285714285732,1837978.0
2023-10-19,1.9136904761904778,1.9136904761904778,2344927.0
2023-10-20,1.8988095238095255,1.8988095238095255,2234920.0
2023-10-23,1.8779761904761922,1.8779761904761922,1763226.0
2023-10-24,1.9077380952380971,1.9077380952380971,2224273.0
2023-10-25,1.913690476190478,1.913690476190478,7785428.0
2023-10-26,1.919642857142859,1.919642857142859,2475538.0
2023-10-27,1.913690476190478,1.913690476190478,3176793.0
2023-10-30,1.9077380952380971,1.9077380952380971,2629905.0
2023-10-31,1.9196428571428592,1.9196428571428592,2472331.0
2023-11-01,1.9077380952380971,1.9077380952380971,1439433.0
2023-11-02,1.8958333333333353,1.8958333333333353,1804909.0
2023-11-03,1.9136904761904783,1.9136904761904783,1858682.0
2023-11-06,1.9702380952380973,1.9702380952380973,2827351.0
2023-11-07,1.961309523809526,1.961309523809526,2161754.0
2023-11-08,1.9375000000000022,1.9375000000000022,2904289.0
2023-11-09,1.9226190476190497,1.9226190476190497,2903324.0
2023-11-10,1.9017857142857162,1.9017857142857162,3997615.0
2023-11-13,1.8928571428571448,1.8928571428571448,2099521.0
2023-11-14,1.9136904761904783,1.9136904761904783,2776909.0
2023-11-15,1.92261904761905,1.92261904761905,3041046.0
2023-11-16,1.910714285714288,1.910714285714288,1829096.0
2023-11-17,1.9077380952380973,1.9077380952380973,1749704.0
2023-11-20,1.9077380952380973,1.9077380952380973,2138365.0
2023-11-21,1.9077380952380973,1.9077380952380973,2577461.0
2023-11-22,1.8928571428571448,1.8928571428571448,1439820.0
2023-11-23,1.9017857142857164,1.9017857142857164,1841627.0
2023-11-24,1.8839285714285734,1.8839285714285734,1616952.0
2023-11-27,1.857142857142859,1.857142857142859,1931341.0
2023-11-28,1.8541666666666685,1.8541666666666685,1399210.0
2023-11-29,1.8244047619047636,1.8244047619047636,2155304.0
2023-11-30,1.8303571428571446,1.8303571428571446,1836689.0
2023-12-01,1.839285714285716,1.839285714285716,2010793.0
2023-12-04,1.8244047619047636,1.8244047619047636,1588726.0
2023-12-05,1.7916666666666685,1.7916666666666685,2072200.0
2023-12-06,1.788690476190478,1.788690476190478,1772369.0
2023-12-07,1.794642857142859,1.794642857142859,1839938.0
2023-12-08,1.7857142857142876,1.7857142857142876,1002837.0
2023-12-11,1.8035714285714304,1.8035714285714304,2252231.0
2023-12-12,1.806547619047621,1.806547619047621,1304466.0
2023-12-13,1.7797619047619069,1.7797619047619069,1322921.0
2023-12-14,1.7708333333333355,1.7708333333333355,1329090.0
2023-12-15,1.7708333333333355,1.7708333333333355,1788361.0
2023-12-18,1.761904761904764,1.761904761904764,1513494.0
2023-12-19,1.7648809523809548,1.7648809523809548,1722147.0
2023-12-20,1.7261904761904785,1.7261904761904785,1767914.0
2023-12-21,1.7351190476190501,1.7351190476190501,2803338.0
2023-12-22,1.7410714285714313,1.7410714285714313,2651663.0
2023-12-25,1.7351190476190503,1.7351190476190503,904547.0
2023-12-26,1.7202380952380978,1.7202380952380978,1100793.0
2023-12-27,1.7202380952380978,1.7202380952380978,1960050.0
2023-12-28,1.7678571428571455,1.7678571428571455,2598286.0
2023-12-29,1.770833333333336,1.770833333333336,2247609.0
2024-01-02,1.747023809523812,1.747023809523812,1393710.0
2024-01-03,1.752976190476193,1.752976190476193,1171039.0
2024-01-04,1.729166666666669,1.729166666666669,1525118.0
2024-01-05,1.7232142857142878,1.7232142857142878,2767412.0
2024-01-08,1.693452380952383,1.693452380952383,3925590.0
2024-01-09,1.6845238095238115,1.6845238095238115,1686016.0
2024-01-10,1.67261904761905,1.67261904761905,1497063.0
2024-01-11,1.6845238095238113,1.6845238095238113,4143774.0
2024-01-12,1.6696428571428592,1.6696428571428592,1420246.0
2024-01-15,1.6666666666666687,1.6666666666666687,4335478.0
2024-01-16,1.6875000000000016,1.6875000000000016,2130225.0
2024-01-17,1.6577380952380971,1.6577380952380971,1606541.0
2024-01-18,1.6785714285714304,1.6785714285714304,3321082.0
2024-01-19,1.6785714285714304,1.6785714285714304,1986707.0
2024-01-22,1.6577380952380973,1.6577380952380973,4599862.0
2024-01-23,1.6755952380952401,1.6755952380952401,2060667.0
2024-01-24,1.7380952380952404,1.7380952380952404,2902994.0
2024-01-25,1.767857142857145,1.767857142857145,3996314.0
2024-01-26,1.7738095238095262,1.7738095238095262,2371763.0
2024-01-29,1.7589285714285738,1.7589285714285738,2733539.0
2024-01-30,1.7321428571428594,1.7321428571428594,1760521.0
2024-01-31,1.729166666666669,1.729166666666669,2048741.0
2024-02-01,1.7142857142857166,1.7142857142857166,2240139.0
2024-02-02,1.6934523809523832,1.6934523809523832,3797217.0
2024-02-05,1.6845238095238118,1.6845238095238118,2693175.0
2024-02-06,1.7589285714285738,1.7589285714285738,2480637.0
2024-02-07,1.7738095238095264,1.7738095238095264,4200095.0
2024-02-08,1.7916666666666692,1.7916666666666692,7517946.0
2024-02-19,1.779761904761907,1.779761904761907,1389150.0
2024-02-20,1.791666666666669,1.791666666666669,1690766.0
2024-02-21,1.8214285714285738,1.8214285714285738,2946596.0
2024-02-22,1.8363095238095262,1.8363095238095262,3921031.0
2024-02-23,1.842261904761907,1.842261904761907,1991901.0
2024-02-26,1.8095238095238118,1.8095238095238118,2054143.0
2024-02-27,1.8273809523809548,1.8273809523809548,2309911.0
2024-02-28,1.8035714285714308,1.8035714285714308,2584748.0
2024-02-29,1.8244047619047643,1.8244047619047643,2423608.0
2024-03-01,1.8392857142857166,1.8392857142857166,2255369.0
2024-03-04,1.8095238095238118,1.8095238095238118,1627729.0
2024-03-05,1.8125000000000022,1.8125000000000022,1540512.0
2024-03-06,1.8065476190476213,1.8065476190476213,1914054.0
2024-03-07,1.7946428571428594,1.7946428571428594,2201295.0
2024-03-08,1.7946428571428594,1.7946428571428594,1233668.0
2024-03-11,1.815476190476193,1.815476190476193,1551725.0
2024-03-12,1.833333333333336,1.833333333333336,5146197.0
2024-03-13,1.7946428571428596,1.7946428571428596,4496365.0
2024-03-14,1.7827380952380978,1.7827380952380978,5594289.0
2024-03-15,1.7827380952380978,1.7827380952380978,2570664.0
2024-03-18,1.8125000000000024,1.8125000000000024,3149195.0
2024-03-19,1.7886904761904787,1.7886904761904787,1701506.0
2024-03-20,1.7916666666666692,1.7916666666666692,3977196.0
2024-03-21,1.7946428571428599,1.7946428571428599,2496667.0
2024-03-22,1.758928571428574,1.758928571428574,1811201.0
2024-03-25,1.7261904761904787,1.7261904761904787,1367055.0
2024-03-26,1.7321428571428594,1.7321428571428594,1288916.0
2024-03-27,1.7113095238095262,1.7113095238095262,996770.0
2024-03-28,1.7142857142857169,1.7142857142857169,4378906.0
2024-03-29,1.720238095238098,1.720238095238098,1233644.0
2024-04-01,1.7410714285714315,1.7410714285714315,2545026.0
2024-04-02,1.7291666666666696,1.7291666666666696,2372455.0
2024-04-03,1.7202380952380982,1.7202380952380982,1275652.0
2024-04-08,1.6934523809523838,1.6934523809523838,2184336.0
2024-04-09,1.6904761904761934,1.6904761904761934,1968899.0
2024-04-10,1.6607142857142887,1.6607142857142887,2593674.0
2024-04-11,1.6517857142857173,1.6517857142857173,2463299.0
2024-04-12,1.6101190476190503,1.6101190476190503,2091961.0
2024-04-15,1.6458333333333361,1.6458333333333361,2939156.0
2024-04-16,1.6309523809523838,1.6309523809523838,1967790.0
2024-04-17,1.6577380952380982,1.6577380952380982,2100880.0
2024-04-18,1.6845238095238124,1.6845238095238124,3157102.0
2024-04-19,1.6726190476190508,1.6726190476190508,1440663.0
2024-04-22,1.675595238095241,1.675595238095241,1759929.0
2024-04-23,1.675595238095241,1.675595238095241,1977796.0
2024-04-24,1.687500000000003,1.687500000000003,1426265.0
2024-04-25,1.6964285714285747,1.6964285714285747,3139432.0
2024-04-26,1.7619047619047656,1.7619047619047656,3548442.0
2024-04-29,1.7827380952380991,1.7827380952380991,3175103.0
2024-04-30,1.7529761904761942,1.7529761904761942,1829804.0
2024-05-06,1.776785714285718,1.776785714285718,4288671.0
2024-05-07,1.776785714285718,1.776785714285718,2032998.0
2024-05-08,1.7500000000000036,1.7500000000000036,1425652.0
2024-05-09,1.7619047619047654,1.7619047619047654,2102807.0
2024-05-10,1.782738095238099,1.782738095238099,11035350.0
2024-05-13,1.7857142857142894,1.7857142857142894,2638116.0
2024-05-14,1.7857142857142894,1.7857142857142894,1996309.0
2024-05-15,1.7500000000000036,1.7500000000000036,3564113.0
2024-05-16,1.7678571428571463,1.7678571428571463,5795298.0
2024-05-17,1.8154761904761942,1.8154761904761942,5161136.0
2024-05-20,1.8214285714285752,1.8214285714285752,7242276.0
2024-05-21,1.8184523809523847,1.8184523809523847,3077781.0
2024-05-22,1.8184523809523847,1.8184523809523847,3989548.0
2024-05-23,1.7916666666666703,1.7916666666666703,3189211.0
2024-05-24,1.758928571428575,1.758928571428575,2231857.0
2024-05-27,1.7797619047619084,1.7797619047619084,2467668.0
2024-05-28,1.7619047619047656,1.7619047619047656,1499519.0
2024-05-29,1.7589285714285752,1.7589285714285752,1434690.0
2024-05-30,1.752976190476194,1.752976190476194,1156852.0
2024-05-31,1.7500000000000036,1.7500000000000036,1573265.0
2024-06-03,1.7410714285714322,1.7410714285714322,1378052.0
2024-06-04,1.7440476190476226,1.7440476190476226,1261107.0
2024-06-05,1.7410714285714322,1.7410714285714322,1389670.0
2024-06-06,1.7232142857142894,1.7232142857142894,1430514.0
2024-06-07,1.714285714285718,1.714285714285718,1212734.0
2024-06-11,1.708333333333337,1.708333333333337,1879907.0
2024-06-12,1.702380952380956,1.702380952380956,865666.0
2024-06-13,1.6994047619047656,1.6994047619047656,896364.0
2024-06-14,1.7410714285714324,1.7410714285714324,2434090.0
2024-06-17,1.732142857142861,1.732142857142861,1688587.0
2024-06-18,1.7440476190476228,1.7440476190476228,1615370.0
2024-06-19,1.7291666666666703,1.7291666666666703,1340010.0
2024-06-20,1.7172619047619084,1.7172619047619084,1392416.0
2024-06-21,1.7172619047619084,1.7172619047619084,2757631.0
2024-06-24,1.708333333333337,1.708333333333337,1364459.0
2024-06-25,1.6934523809523845,1.6934523809523845,1646618.0
2024-06-26,1.6994047619047654,1.6994047619047654,1056187.0
2024-06-27,1.6875000000000033,1.6875000000000033,1238758.0
2024-06-28,1.6636904761904798,1.6636904761904798,1739536.0
2024-07-01,1.6726190476190512,1.6726190476190512,1297666.0
2024-07-02,1.6696428571428608,1.6696428571428608,1394493.0
2024-07-03,1.6726190476190512,1.6726190476190512,1415570.0
2024-07-04,1.6517857142857177,1.6517857142857177,1399128.0
2024-07-05,1.6398809523809557,1.6398809523809557,1725981.0
2024-07-08,1.6190476190476224,1.6190476190476224,1653332.0
2024-07-09,1.6369047619047652,1.6369047619047652,2218028.0
2024-07-10,1.6517857142857175,1.6517857142857175,1652709.0
2024-07-11,1.660714285714289,1.660714285714289,1965517.0
2024-07-12,1.6666666666666698,1.6666666666666698,987568.0
2024-07-15,1.6726190476190508,1.6726190476190508,987602.0
2024-07-16,1.6696428571428603,1.6696428571428603,1376782.0
2024-07-17,1.6904761904761934,1.6904761904761934,2400258.0
2024-07-18,1.7023809523809552,1.7023809523809552,1596024.0
2024-07-19,1.7232142857142887,1.7232142857142887,1881162.0
2024-07-22,1.7291666666666696,1.7291666666666696,2650499.0
2024-07-23,1.7053571428571457,1.7053571428571457,1927312.0
2024-07-24,1.681547619047622,1.681547619047622,1859239.0
2024-07-25,1.6904761904761936,1.6904761904761936,1891391.0
2024-07-26,1.7053571428571461,1.7053571428571461,1409341.0
2024-07-29,1.7023809523809557,1.7023809523809557,1125615.0
2024-07-30,1.705357142857146,1.705357142857146,945127.0
2024-07-31,1.7708333333333366,1.7708333333333366,2853659.0
2024-08-01,1.7678571428571461,1.7678571428571461,2329255.0
2024-08-02,1.7351190476190508,1.7351190476190508,1163333.0
2024-08-05,1.7321428571428603,1.7321428571428603,2407886.0
2024-08-06,1.7142857142857175,1.7142857142857175,1812289.0
2024-08-07,1.7083333333333366,1.7083333333333366,1291501.0
2024-08-08,1.7053571428571461,1.7053571428571461,1869963.0
2024-08-09,1.693452380952384,1.693452380952384,1861046.0
2024-08-12,1.693452380952384,1.693452380952384,1301582.0
2024-08-13,1.705357142857146,1.705357142857146,1610011.0
2024-08-14,1.6934523809523838,1.6934523809523838,4411790.0
2024-08-15,1.7202380952380982,1.7202380952380982,1685623.0
2024-08-16,1.7202380952380982,1.7202380952380982,1739995.0
2024-08-19,1.7321428571428603,1.7321428571428603,1980982.0
2024-08-20,1.717261904761908,1.717261904761908,1140396.0
2024-08-21,1.7142857142857175,1.7142857142857175,1617102.0
2024-08-22,1.699404761904765,1.699404761904765,1845021.0
2024-08-23,1.7321428571428605,1.7321428571428605,2540412.0
2024-08-26,1.7321428571428605,1.7321428571428605,1663355.0
2024-08-27,1.7232142857142891,1.7232142857142891,1625057.0
2024-08-28,1.7232142857142891,1.7232142857142891,1736986.0
2024-08-29,1.7142857142857177,1.7142857142857177,1956048.0
2024-08-30,1.7738095238095275,1.7738095238095275,2764254.0
2024-09-02,1.747023809523813,1.747023809523813,2170248.0
2024-09-03,1.7500000000000038,1.7500000000000038,1579919.0
2024-09-04,1.738095238095242,1.738095238095242,1402871.0
2024-09-05,1.7619047619047659,1.7619047619047659,1763382.0
2024-09-06,1.7678571428571466,1.7678571428571466,2549320.0
2024-09-09,1.7500000000000038,1.7500000000000038,1523694.0
2024-09-10,1.7470238095238133,1.7470238095238133,1329034.0
2024-09-11,1.7440476190476228,1.7440476190476228,1194728.0
2024-09-12,1.7380952380952417,1.7380952380952417,1843424.0
2024-09-13,1.7470238095238133,1.7470238095238133,1253238.0
2024-09-18,1.7589285714285752,1.7589285714285752,1768889.0
2024-09-19,1.7797619047619087,1.7797619047619087,2053468.0
2024-09-20,1.7827380952380993,1.7827380952380993,2377855.0
2024-09-23,1.7827380952380993,1.7827380952380993,1766327.0
2024-09-24,1.8928571428571472,1.8928571428571472,5114279.0
2024-09-25,1.9196428571428614,1.9196428571428614,9226681.0
2024-09-26,2.0357142857142905,2.0357142857142905,8420536.0
2024-09-27,2.2142857142857193,2.2142857142857193,3642056.0
2024-09-30,2.4345238095238146,2.4345238095238146,7614139.0
2024-10-08,2.6785714285714346,2.6785714285714346,7609887.0
2024-10-09,2.4702380952381007,2.4702380952381007,12492441.0
2024-10-10,2.4047619047619104,2.4047619047619104,9442299.0
2024-10-11,2.4107142857142914,2.4107142857142914,5383804.0
2024-10-14,2.434523809523815,2.434523809523815,4555864.0
2024-10-15,2.3482142857142914,2.3482142857142914,2701785.0
2024-10-16,2.3541666666666727,2.3541666666666727,4056843.0
2024-10-17,2.3541666666666727,2.3541666666666727,2642271.0
2024-10-18,2.4880952380952444,2.4880952380952444,5164136.0
2024-10-21,2.443452380952387,2.443452380952387,3169233.0
2024-10-22,2.455357142857149,2.455357142857149,2306217.0
2024-10-23,2.467261904761911,2.467261904761911,4626161.0
2024-10-24,2.4464285714285774,2.4464285714285774,1897134.0
2024-10-25,2.4523809523809588,2.4523809523809588,2340707.0
2024-10-28,2.449404761904768,2.449404761904768,1679982.0
2024-10-29,2.4315476190476253,2.4315476190476253,2660234.0
2024-10-30,2.3988095238095304,2.3988095238095304,6527683.0
2024-10-31,2.434523809523816,2.434523809523816,5017241.0
2024-11-01,2.4196428571428634,2.4196428571428634,3400789.0
2024-11-04,2.497023809523816,2.497023809523816,2309475.0
2024-11-05,2.625000000000007,2.625000000000007,5739275.0
2024-11-06,2.5952380952381024,2.5952380952381024,5598571.0
2024-11-07,2.8065476190476266,2.8065476190476266,6691674.0
2024-11-08,2.726190476190484,2.726190476190484,6484830.0
2024-11-11,2.7113095238095313,2.7113095238095313,4318349.0
2024-11-12,2.6398809523809597,2.6398809523809597,3985220.0
2024-11-13,2.6369047619047694,2.6369047619047694,2617333.0
2024-11-14,2.610119047619055,2.610119047619055,2649223.0
2024-11-15,2.51785714285715,2.51785714285715,4693775.0
2024-11-18,2.511904761904769,2.511904761904769,3623964.0
2024-11-19,2.535714285714293,2.535714285714293,2628075.0
2024-11-20,2.532738095238103,2.532738095238103,2253210.0
2024-11-21,2.5535714285714364,2.5535714285714364,2274002.0
2024-11-22,2.434523809523817,2.434523809523817,3195710.0
2024-11-25,2.404761904761912,2.404761904761912,2821143.0
2024-11-26,2.4077380952381024,2.4077380952381024,2167991.0
2024-11-27,2.4583333333333406,2.4583333333333406,3307701.0
2024-11-28,2.431547619047626,2.431547619047626,2625134.0
2024-11-29,2.4821428571428643,2.4821428571428643,4209483.0
2024-12-02,2.511904761904769,2.511904761904769,3874200.0
2024-12-03,2.5178571428571503,2.5178571428571503,3074770.0
2024-12-04,2.491071428571436,2.491071428571436,1902192.0
2024-12-05,2.500000000000007,2.500000000000007,2272715.0
2024-12-06,2.5535714285714355,2.5535714285714355,4456454.0
2024-12-09,2.5357142857142927,2.5357142857142927,2760047.0
2024-12-10,2.565476190476198,2.565476190476198,5582317.0
2024-12-11,2.5386904761904834,2.5386904761904834,3884904.0
2024-12-12,2.574404761904769,2.574404761904769,7313943.0
2024-12-13,2.4791666666666736,2.4791666666666736,5005047.0
2024-12-16,2.4464285714285783,2.4464285714285783,2191033.0
2024-12-17,2.449404761904769,2.449404761904769,2865634.0
2024-12-18,2.4464285714285787,2.4464285714285787,1741693.0
2024-12-19,2.4464285714285787,2.4464285714285787,2183237.0
2024-12-20,2.45238095238096,2.45238095238096,2591823.0
2024-12-23,2.4345238095238173,2.4345238095238173,2548334.0
2024-12-24,2.4791666666666745,2.4791666666666745,3148758.0
2024-12-25,2.476190476190484,2.476190476190484,3796617.0
2024-12-26,2.467261904761912,2.467261904761912,2580772.0
2024-12-27,2.479166666666674,2.479166666666674,3837967.0
2024-12-30,2.508928571428579,2.508928571428579,4494505.0
2024-12-31,2.4196428571428648,2.4196428571428648,4980524.0
2025-01-02,2.2946428571428643,2.2946428571428643,3168791.0
2025-01-03,2.250000000000007,2.250000000000007,2659367.0
2025-01-06,2.250000000000007,2.250000000000007,2530651.0
2025-01-07,2.261904761904769,2.261904761904769,2920131.0
2025-01-08,2.2470238095238164,2.2470238095238164,2918402.0
2025-01-09,2.238095238095245,2.238095238095245,1330122.0
2025-01-10,2.196428571428578,2.196428571428578,1960298.0
2025-01-13,2.1934523809523876,2.1934523809523876,2787017.0
2025-01-14,2.2678571428571495,2.2678571428571495,5262805.0
2025-01-15,2.2529761904761973,2.2529761904761973,1966571.0
2025-01-16,2.2529761904761973,2.2529761904761973,2198268.0
2025-01-17,2.261904761904769,2.261904761904769,3189351.0
2025-01-20,2.2767857142857215,2.2767857142857215,2406439.0
2025-01-21,2.2827380952381024,2.2827380952381024,1502936.0
2025-01-22,2.250000000000007,2.250000000000007,2664207.0
2025-01-23,2.2886904761904834,2.2886904761904834,4739030.0
2025-01-24,2.3125000000000075,2.3125000000000075,2775673.0
2025-01-27,2.2738095238095313,2.2738095238095313,2352497.0
2025-02-05,2.2559523809523885,2.2559523809523885,1786060.0
2025-02-06,2.282738095238103,2.282738095238103,2623917.0
2025-02-07,2.32440476190477,2.32440476190477,3957012.0
2025-02-10,2.321428571428579,2.321428571428579,2763341.0
2025-02-11,2.3035714285714364,2.3035714285714364,2556528.0
2025-02-12,2.333333333333341,2.333333333333341,3000420.0
2025-02-13,2.321428571428579,2.321428571428579,3451946.0
2025-02-14,2.3422619047619126,2.3422619047619126,3208627.0
2025-02-17,2.3422619047619126,2.3422619047619126,2782496.0
2025-02-18,2.2946428571428648,2.2946428571428648,2780522.0
2025-02-19,2.3154761904761982,2.3154761904761982,2476578.0
2025-02-20,2.3005952380952457,2.3005952380952457,2367902.0
2025-02-21,2.339285714285722,2.339285714285722,4181046.0
2025-02-24,2.342261904761912,2.342261904761912,3817217.0
2025-02-25,2.303571428571436,2.303571428571436,2864196.0
2025-02-26,2.3571428571428648,2.3571428571428648,3487514.0
2025-02-27,2.354166666666674,2.354166666666674,4079712.0
2025-02-28,2.2827380952381024,2.2827380952381024,4215599.0
2025-03-03,2.285714285714293,2.285714285714293,3996883.0
2025-03-04,2.279761904761912,2.279761904761912,2803813.0
2025-03-05,2.2886904761904834,2.2886904761904834,2420283.0
2025-03-06,2.3392857142857215,2.3392857142857215,6219950.0
2025-03-07,2.312500000000007,2.312500000000007,4029902.0
2025-03-10,2.2916666666666736,2.2916666666666736,4914972.0
2025-03-11,2.2946428571428643,2.2946428571428643,4096884.0
2025-03-12,2.303571428571436,2.303571428571436,3639681.0
2025-03-13,2.2946428571428643,2.2946428571428643,4143813.0
2025-03-14,2.395833333333341,2.395833333333341,7429160.0
2025-03-17,2.3750000000000075,2.3750000000000075,5376940.0
2025-03-18,2.3809523809523885,2.3809523809523885,3872719.0
2025-03-19,2.3809523809523885,2.3809523809523885,2867419.0
2025-03-20,2.339285714285722,2.339285714285722,4566752.0
2025-03-21,2.3065476190476266,2.3065476190476266,5462790.0
2025-03-24,2.3154761904761982,2.3154761904761982,3899782.0
2025-03-25,2.3065476190476266,2.3065476190476266,3470348.0
2025-03-26,2.3005952380952457,2.3005952380952457,3349414.0
2025-03-27,2.3095238095238173,2.3095238095238173,4457080.0
2025-03-28,2.3065476190476266,2.3065476190476266,3301290.0
2025-03-31,2.2708333333333406,2.2708333333333406,3338825.0
2025-04-01,2.2708333333333406,2.2708333333333406,2788347.0
2025-04-02,2.279761904761912,2.279761904761912,3020790.0
2025-04-03,2.270833333333341,2.270833333333341,3245361.0
2025-04-07,2.0595238095238164,2.0595238095238164,3962212.0
2025-04-08,2.1011904761904834,2.1011904761904834,3386688.0
2025-04-09,2.130952380952388,2.130952380952388,2440710.0
2025-04-10,2.1607142857142927,2.1607142857142927,3217049.0
2025-04-11,2.1607142857142927,2.1607142857142927,2838171.0
2025-04-14,2.163690476190483,2.163690476190483,2039216.0
2025-04-15,2.166666666666673,2.166666666666673,2415729.0
2025-04-16,2.1636904761904825,2.1636904761904825,2845906.0
2025-04-17,2.1666666666666727,2.1666666666666727,2019448.0
2025-04-18,2.1815476190476253,2.1815476190476253,2163803.0
2025-04-21,2.187500000000006,2.187500000000006,2142733.0
2025-04-22,2.190476190476197,2.190476190476197,1685887.0
2025-04-23,2.196428571428578,2.196428571428578,2308427.0
2025-04-24,2.1934523809523876,2.1934523809523876,2122134.0
2025-04-25,2.1994047619047685,2.1994047619047685,2275035.0
2025-04-28,2.190476190476197,2.190476190476197,2853858.0
2025-04-29,2.178571428571435,2.178571428571435,1716002.0
2025-04-30,2.184523809523816,2.184523809523816,1486109.0
2025-05-06,2.2053571428571495,2.2053571428571495,2853737.0
2025-05-07,2.226190476190483,2.226190476190483,3315736.0
2025-05-08,2.241071428571435,2.241071428571435,2209607.0
2025-05-09,2.2232142857142922,2.2232142857142922,1889775.0
2025-05-12,2.273809523809531,2.273809523809531,2869090.0
2025-05-13,2.255952380952388,2.255952380952388,1487292.0
2025-05-14,2.3511904761904834,2.3511904761904834,11774504.0
2025-05-15,2.312500000000007,2.312500000000007,6102269.0
2025-05-16,2.282738095238102,2.282738095238102,3590038.0
2025-05-19,2.282738095238102,2.282738095238102,3075056.0
2025-05-20,2.2916666666666736,2.2916666666666736,2291445.0
2025-05-21,2.288690476190483,2.288690476190483,1907954.0
2025-05-22,2.2797619047619113,2.2797619047619113,2428472.0
2025-05-23,2.250000000000006,2.250000000000006,2630432.0
2025-05-26,2.252976190476197,2.252976190476197,1949812.0
2025-05-27,2.247023809523816,2.247023809523816,1785417.0
2025-05-28,2.2380952380952444,2.2380952380952444,1083661.0
2025-05-29,2.2619047619047685,2.2619047619047685,2502503.0
2025-05-30,2.2529761904761973,2.2529761904761973,1827583.0
2025-06-03,2.2708333333333406,2.2708333333333406,2800286.0
2025-06-04,2.291666666666674,2.291666666666674,3581776.0
2025-06-05,2.3125000000000075,2.3125000000000075,3953620.0
2025-06-06,2.291666666666674,2.291666666666674,2419281.0
2025-06-09,2.3184523809523885,2.3184523809523885,2376993.0
2025-06-10,2.2946428571428643,2.2946428571428643,2782756.0
2025-06-11,2.3392857142857215,2.3392857142857215,3524786.0
2025-06-12,2.3452380952381024,2.3452380952381024,3509763.0
2025-06-13,2.324404761904769,2.324404761904769,2363812.0
2025-06-16,2.3482142857142927,2.3482142857142927,3229802.0
2025-06-17,2.3482142857142927,2.3482142857142927,2114232.0
2025-06-18,2.3244047619047685,2.3244047619047685,2166543.0
2025-06-19,2.2857142857142922,2.2857142857142922,4031185.0
2025-06-20,2.303571428571435,2.303571428571435,2266021.0
2025-06-23,2.3303571428571495,2.3303571428571495,1928072.0
2025-06-24,2.389880952380959,2.389880952380959,4384657.0
2025-06-25,2.494047619047626,2.494047619047626,10248337.0
2025-06-26,2.452380952380959,2.452380952380959,4911230.0
2025-06-27,2.4345238095238164,2.4345238095238164,5368516.0
2025-06-30,2.4345238095238164,2.4345238095238164,5480719.0
2025-07-01,2.4315476190476257,2.4315476190476257,4144486.0
2025-07-02,2.4315476190476257,2.4315476190476257,2985441.0
2025-07-03,2.4375000000000067,2.4375000000000067,3513190.0
2025-07-04,2.4464285714285783,2.4464285714285783,4116980.0
2025-07-07,2.449404761904769,2.449404761904769,2461475.0
2025-07-08,2.467261904761912,2.467261904761912,2787162.0
2025-07-09,2.4494047619047694,2.4494047619047694,2359089.0
2025-07-10,2.4851190476190554,2.4851190476190554,4111802.0
2025-07-11,2.5238095238095317,2.5238095238095317,7445703.0
2025-07-14,2.51190476190477,2.51190476190477,3613213.0
2025-07-15,2.4970238095238173,2.4970238095238173,3682442.0
2025-07-16,2.4821428571428648,2.4821428571428648,3694746.0
2025-07-17,2.4910714285714364,2.4910714285714364,2708651.0
2025-07-18,2.505952380952389,2.505952380952389,2576666.0
2025-07-21,2.5238095238095317,2.5238095238095317,4299821.0
2025-07-22,2.5238095238095317,2.5238095238095317,7347581.0
2025-07-23,2.5625000000000084,2.5625000000000084,9258162.0
2025-07-24,2.613095238095247,2.613095238095247,4677722.0
2025-07-25,2.5952380952381042,2.5952380952381042,3757231.0
2025-07-28,2.645833333333343,2.645833333333343,4879390.0
2025-07-29,2.6428571428571526,2.6428571428571526,4864787.0
2025-07-30,2.6369047619047716,2.6369047619047716,4359915.0
2025-07-31,2.5625000000000093,2.5625000000000093,4516497.0
2025-08-01,2.5505952380952475,2.5505952380952475,3429213.0
2025-08-04,2.5535714285714377,2.5535714285714377,3689343.0
2025-08-05,2.5833333333333424,2.5833333333333424,2739518.0
2025-08-06,2.5892857142857233,2.5892857142857233,3392965.0
2025-08-07,2.5833333333333424,2.5833333333333424,3328775.0
2025-08-08,2.5595238095238186,2.5595238095238186,3224278.0
2025-08-11,2.580357142857152,2.580357142857152,3665462.0
2025-08-12,2.592261904761914,2.592261904761914,4500351.0
2025-08-13,2.6130952380952475,2.6130952380952475,6620830.0
2025-08-14,2.639880952380962,2.639880952380962,7085592.0
2025-08-15,2.7232142857142954,2.7232142857142954,7310305.0
2025-08-18,2.741071428571438,2.741071428571438,11713807.0
2025-08-19,2.6904761904762,2.6904761904762,4692241.0
2025-08-20,2.7261904761904856,2.7261904761904856,5016705.0
2025-08-21,2.717261904761914,2.717261904761914,5151799.0
2025-08-22,2.8035714285714377,2.8035714285714377,6341706.0
2025-08-25,2.8333333333333424,2.8333333333333424,7915667.0
2025-08-26,2.800595238095247,2.800595238095247,5206785.0
2025-08-27,2.7232142857142945,2.7232142857142945,6801470.0
2025-08-28,2.7589285714285805,2.7589285714285805,8050668.0
2025-08-29,2.7827380952381042,2.7827380952381042,5703863.0
2025-09-01,2.7410714285714373,2.7410714285714373,6473064.0
2025-09-02,2.714285714285723,2.714285714285723,4940340.0
2025-09-03,2.6339285714285796,2.6339285714285796,5128686.0
2025-09-04,2.6220238095238178,2.6220238095238178,6534738.0
2025-09-05,2.6309523809523894,2.6309523809523894,7700198.0
2025-09-08,2.616071428571437,2.616071428571437,4063541.0
2025-09-09,2.616071428571437,2.616071428571437,4563459.0
2025-09-10,2.610119047619056,2.610119047619056,3172506.0
2025-09-11,2.672619047619056,2.672619047619056,8894632.0
2025-09-12,2.6339285714285796,2.6339285714285796,6294753.0
2025-09-15,2.6220238095238178,2.6220238095238178,4202168.0
2025-09-16,2.607142857142865,2.607142857142865,5529463.0
2025-09-17,2.6130952380952466,2.6130952380952466,4649098.0
2025-09-18,2.541666666666675,2.541666666666675,7185804.0
2025-09-19,2.5267857142857224,2.5267857142857224,4246248.0
2025-09-22,2.5446428571428656,2.5446428571428656,4005824.0
2025-09-23,2.5178571428571512,2.5178571428571512,3930002.0
2025-09-24,2.5386904761904847,2.5386904761904847,5250818.0
2025-09-25,2.535714285714294,2.535714285714294,3193957.0
2025-09-26,2.532738095238104,2.532738095238104,2818900.0
2025-09-29,2.6279761904761996,2.6279761904761996,10105773.0
2025-09-30,2.5922619047619135,2.5922619047619135,6005981.0
2025-10-09,2.5922619047619135,2.5922619047619135,8989128.0
2025-10-10,2.6101190476190568,2.6101190476190568,5437389.0
2025-10-13,2.580357142857152,2.580357142857152,5890851.0
2025-10-14,2.604166666666676,2.604166666666676,5741593.0
2025-10-15,2.645833333333343,2.645833333333343,5882620.0
2025-10-16,2.654761904761914,2.654761904761914,4660880.0
2025-10-17,2.5952380952381042,2.5952380952381042,5216997.0
2025-10-20,2.6101190476190568,2.6101190476190568,3671252.0
2025-10-21,2.63095238095239,2.63095238095239,8410123.0
2025-10-22,2.613095238095247,2.613095238095247,3801614.0
2025-10-23,2.6339285714285805,2.6339285714285805,4632135.0
2025-10-24,2.648809523809533,2.648809523809533,5576909.0
2025-10-27,2.6726190476190568,2.6726190476190568,8773834.0
2025-10-28,2.663690476190485,2.663690476190485,3921833.0
2025-10-29,2.7142857142857237,2.7142857142857237,13205775.0
2025-10-30,2.6785714285714377,2.6785714285714377,9124161.0
2025-10-31,2.642857142857152,2.642857142857152,8615334.0
2025-11-03,2.6398809523809614,2.6398809523809614,3781155.0
2025-11-04,2.6339285714285805,2.6339285714285805,6839258.0
2025-11-05,2.6220238095238186,2.6220238095238186,3976190.0
2025-11-06,2.6547619047619144,2.6547619047619144,6073562.0
2025-11-07,2.639880952380962,2.639880952380962,4837691.0
2025-11-10,2.669642857142867,2.669642857142867,7160860.0
2025-11-11,2.645833333333343,2.645833333333343,5888442.0
2025-11-12,2.657738095238105,2.657738095238105,7661581.0
2025-11-13,2.681547619047629,2.681547619047629,3657974.0
2025-11-14,2.645833333333343,2.645833333333343,5571166.0
2025-11-17,2.6130952380952475,2.6130952380952475,4226087.0
2025-11-18,2.6071428571428665,2.6071428571428665,3278405.0
2025-11-19,2.6250000000000093,2.6250000000000093,3003900.0
2025-11-20,2.622023809523819,2.622023809523819,7066947.0
2025-11-21,2.5386904761904856,2.5386904761904856,6118718.0
2025-11-24,2.5327380952381047,2.5327380952381047,3272395.0
2025-11-25,2.5595238095238186,2.5595238095238186,3699757.0
2025-11-26,2.5595238095238186,2.5595238095238186,2187051.0
2025-11-27,2.5505952380952475,2.5505952380952475,3180885.0
2025-11-28,2.5565476190476284,2.5565476190476284,2272973.0
2025-12-01,2.559523809523819,2.559523809523819,3320171.0
2025-12-02,2.5416666666666763,2.5416666666666763,3571683.0
2025-12-03,2.5178571428571526,2.5178571428571526,3129170.0
2025-12-04,2.5297619047619144,2.5297619047619144,2312415.0
2025-12-05,2.62202380952382,2.62202380952382,10784168.0
2025-12-08,2.68154761904763,2.68154761904763,11538056.0
2025-12-09,2.6428571428571535,2.6428571428571535,7179692.0
2025-12-10,2.6517857142857246,2.6517857142857246,7937785.0
2025-12-11,2.630952380952391,2.630952380952391,2604907.0
2025-12-12,2.6577380952381056,2.6577380952381056,5609614.0
2025-12-15,2.7113095238095344,2.7113095238095344,8176989.0
2025-12-16,2.693452380952391,2.693452380952391,7501287.0
2025-12-17,2.755952380952391,2.755952380952391,7347129.0
2025-12-18,2.738095238095248,2.738095238095248,9162088.0
2025-12-19,2.7500000000000098,2.7500000000000098,10819804.0
2025-12-22,2.7500000000000098,2.7500000000000098,6234443.0
2025-12-23,2.7589285714285814,2.7589285714285814,7822740.0
2025-12-24,2.7648809523809623,2.7648809523809623,3717599.0
2025-12-25,2.7946428571428665,2.7946428571428665,6925210.0
2025-12-26,2.8065476190476284,2.8065476190476284,5987976.0
2025-12-29,2.7827380952381047,2.7827380952381047,5654259.0
2025-12-30,2.7529761904761996,2.7529761904761996,5560911.0
2025-12-31,2.7500000000000093,2.7500000000000093,3585181.0
2026-01-05,2.851190476190485,2.851190476190485,10368277.0
2026-01-06,2.9583333333333433,2.9583333333333433,14990834.0
2026-01-07,2.931547619047629,2.931547619047629,10550911.0
2026-01-08,2.836309523809533,2.836309523809533,15097831.0
2026-01-09,2.8214285714285805,2.8214285714285805,11505106.0
2026-01-12,2.81845238095239,2.81845238095239,8638969.0
2026-01-13,2.82142857142858,2.82142857142858,6909238.0
2026-01-14,2.7916666666666754,2.7916666666666754,11440770.0
2026-01-15,2.7619047619047707,2.7619047619047707,5893122.0
2026-01-16,2.7351190476190563,2.7351190476190563,4946489.0
2026-01-19,2.7232142857142945,2.7232142857142945,4881530.0
2026-01-20,2.738095238095247,2.738095238095247,5626959.0
2026-01-21,2.714285714285723,2.714285714285723,8814430.0
2026-01-22,2.6904761904761987,2.6904761904761987,5708262.0
2026-01-23,2.660714285714294,2.660714285714294,9040736.0
2026-01-26,2.6964285714285796,2.6964285714285796,11702399.0
2026-01-27,2.6904761904761987,2.6904761904761987,7302547.0
2026-01-28,2.6904761904761987,2.6904761904761987,8314782.0
2026-01-29,2.764880952380961,2.764880952380961,13535495.0
2026-01-30,2.720238095238104,2.720238095238104,8459513.0
2026-02-02,2.6845238095238178,2.6845238095238178,9337175.0
2026-02-03,2.6845238095238178,2.6845238095238178,7023286.0
2026-02-04,2.723214285714294,2.723214285714294,7721031.0
2026-02-05,2.723214285714294,2.723214285714294,5787280.0
2026-02-06,2.7023809523809605,2.7023809523809605,7908929.0
2026-02-09,2.750000000000008,2.750000000000008,5089934.0
2026-02-10,2.7410714285714364,2.7410714285714364,3364555.0
2026-02-11,2.7232142857142936,2.7232142857142936,3618089.0
2026-02-12,2.696428571428579,2.696428571428579,7358294.0
2026-02-13,2.663690476190484,2.663690476190484,3952175.0
2026-02-24,2.645833333333341,2.645833333333341,4346879.0
2026-02-25,2.651785714285722,2.651785714285722,9159529.0
2026-02-26,2.610119047619055,2.610119047619055,6780906.0
2026-02-27,2.610119047619055,2.610119047619055,3714482.0
2026-03-02,2.574404761904769,2.574404761904769,5294930.0
2026-03-03,2.5714285714285783,2.5714285714285783,10165376.0
2026-03-04,2.5059523809523876,2.5059523809523876,10968864.0
2026-03-05,2.5178571428571495,2.5178571428571495,4340623.0
2026-03-06,2.538690476190483,2.538690476190483,5729297.0
2026-03-09,2.488095238095245,2.488095238095245,5092568.0
2026-03-10,2.514880952380959,2.514880952380959,3725061.0
2026-03-11,2.523809523809531,2.523809523809531,4386691.0
2026-03-12,2.5089285714285783,2.5089285714285783,3639910.0
2026-03-13,2.4851190476190546,2.4851190476190546,3539023.0
2026-03-16,2.4732142857142927,2.4732142857142927,5339081.0
2026-03-17,2.5208333333333406,2.5208333333333406,10887010.0
2026-03-18,2.5208333333333406,2.5208333333333406,4309390.0
2026-03-19,2.4761904761904834,2.4761904761904834,5747009.0
2026-03-20,2.4345238095238164,2.4345238095238164,5329828.0
2026-03-23,2.3422619047619118,2.3422619047619118,5932808.0
2026-03-24,2.3601190476190546,2.3601190476190546,5592851.0
2026-03-25,2.389880952380959,2.389880952380959,3585739.0
2026-03-26,2.321428571428578,2.321428571428578,6066168.0
2026-03-27,2.3273809523809588,2.3273809523809588,5534010.0
2026-03-30,2.3065476190476253,2.3065476190476253,5359046.0
2026-03-31,2.3035714285714346,2.3035714285714346,6402353.0
2026-04-01,2.3452380952381016,2.3452380952381016,4050741.0
2026-04-02,2.3065476190476253,2.3065476190476253,3822541.0
2026-04-03,2.2946428571428634,2.2946428571428634,3498610.0
2026-04-07,2.279761904761911,2.279761904761911,4270799.0
2026-04-08,2.375000000000006,2.375000000000006,7856608.0
2026-04-09,2.330357142857149,2.330357142857149,4207096.0
2026-04-10,2.3898809523809588,2.3898809523809588,11300483.0
2026-04-13,2.380952380952387,2.380952380952387,5382154.0
2026-04-14,2.4017857142857206,2.4017857142857206,3795653.0
2026-04-15,2.3898809523809588,2.3898809523809588,4326159.0
2026-04-16,2.4017857142857206,2.4017857142857206,7402378.0
2026-04-17,2.386904761904768,2.386904761904768,6919491.0
2026-04-20,2.3898809523809583,2.3898809523809583,9047392.0
2026-04-21,2.3779761904761965,2.3779761904761965,5528527.0
2026-04-22,2.3898809523809583,2.3898809523809583,6131531.0
2026-04-23,2.369047619047625,2.369047619047625,10596469.0
2026-04-24,2.3541666666666723,2.3541666666666723,3850215.0
2026-04-27,2.3541666666666723,2.3541666666666723,4724249.0
2026-04-28,2.3750000000000058,2.3750000000000058,3818246.0
2026-04-29,2.410714285714292,2.410714285714292,5192724.0
2026-04-30,2.410714285714292,2.410714285714292,5292488.0
2026-05-06,2.4285714285714346,2.4285714285714346,8144425.0
2026-05-07,2.4315476190476253,2.4315476190476253,3714751.0
2026-05-08,2.416666666666673,2.416666666666673,6336149.0
2026-05-11,2.443452380952387,2.443452380952387,9626071.0
2026-05-12,2.437500000000006,2.437500000000006,4609810.0
2026-05-13,2.3988095238095304,2.3988095238095304,6133558.0
2026-05-14,2.351190476190483,2.351190476190483,5398130.0
2026-05-15,2.300595238095245,2.300595238095245,7268061.0
2026-05-18,2.288690476190483,2.288690476190483,4625589.0
2026-05-19,2.2976190476190546,2.2976190476190546,4184139.0
2026-05-20,2.2797619047619118,2.2797619047619118,4554608.0
2026-05-21,2.2797619047619118,2.2797619047619118,7762251.0
2026-05-22,2.2500000000000067,2.2500000000000067,4019255.0
2026-05-25,2.273809523809531,2.273809523809531,5148261.0
2026-05-26,2.2946428571428643,2.2946428571428643,9020328.0
2026-05-27,2.255952380952388,2.255952380952388,8545872.0
2026-05-28,2.20833333333334,2.20833333333334,7711139.0
2026-05-29,2.2470238095238164,2.2470238095238164,11319945.0
2026-06-01,2.252976190476198,2.252976190476198,4282492.0
2026-06-02,2.252976190476198,2.252976190476198,5512769.0
2026-06-03,2.252976190476198,2.252976190476198,4448204.0
2026-06-04,2.2321428571428643,2.2321428571428643,3554898.0
2026-06-05,2.2261904761904834,2.2261904761904834,6371399.0
2026-06-08,2.2083333333333406,2.2083333333333406,7669890.0
2026-06-09,2.220238095238103,2.220238095238103,5049418.0
2026-06-10,2.26190476190477,2.26190476190477,9080148.0
2026-06-11,2.244047619047627,2.244047619047627,6695797.0
2026-06-12,2.3184523809523894,2.3184523809523894,11391893.0
2026-06-15,2.3571428571428656,2.3571428571428656,13021843.0
2026-06-16,2.3511904761904847,2.3511904761904847,6573673.0
2026-06-17,2.348214285714294,2.348214285714294,6599835.0
2026-06-18,2.250000000000008,2.250000000000008,11180808.0
2026-06-22,2.410714285714294,2.410714285714294,15938928.0
2026-06-23,2.380952380952389,2.380952380952389,11500926.0
2026-06-24,2.330357142857151,2.330357142857151,8349496.0
2026-06-25,2.3898809523809605,2.3898809523809605,10038647.0
2026-06-26,2.2946428571428648,2.2946428571428648,9189207.0
2026-06-29,2.342261904761912,2.342261904761912,8645291.0
2026-06-30,2.3333333333333406,2.3333333333333406,9096471.0
2026-07-01,2.4315476190476266,2.4315476190476266,13236424.0
2026-07-02,2.3928571428571503,2.3928571428571503,9663513.0
2026-07-03,2.4047619047619126,2.4047619047619126,8076919.0
2026-07-06,2.4315476190476266,2.4315476190476266,8952778.0
2026-07-07,2.360119047619055,2.360119047619055,8146081.0
2026-07-08,2.348214285714293,2.348214285714293,6270751.0
2026-07-09,2.3779761904761982,2.3779761904761982,7141620.0
2026-07-10,2.351190476190484,2.351190476190484,7366714.0
2026-07-13,2.3303571428571503,2.3303571428571503,7494290.0
2026-07-14,2.339285714285722,2.339285714285722,6974075.0
2026-07-15,2.4047619047619126,2.4047619047619126,22878954.0
2026-07-16,2.3720238095238173,2.3720238095238173,7723392.0
2026-07-17,2.345238095238103,2.345238095238103,9739852.0
2026-07-20,2.4196428571428648,2.4196428571428648,10796510.0
2026-07-21,2.4196428571428648,2.4196428571428648,12359767.0
2026-07-22,2.428571428571436,2.428571428571436,7887789.0
2026-07-23,2.4523809523809597,2.4523809523809597,7614923.0
2026-07-24,2.3958333333333406,2.3958333333333406,7361359.0
2026-07-27,2.4017857142857215,2.4017857142857215,7404368.0
2026-07-28,2.3839285714285787,2.3839285714285787,6395774.0
2026-07-29,2.413690476190484,2.413690476190484,6224424.0
2026-07-30,2.428571428571436,2.428571428571436,5788959.0
2026-07-31,2.4196428571428643,2.4196428571428643,5614146.0
2026-08-03,2.4196428571428643,2.4196428571428643,4523974.0
2026-08-04,2.3928571428571503,2.3928571428571503,6079500.0
2026-08-05,2.401785714285722,2.401785714285722,7728640.0
2026-08-06,2.3750000000000075,2.3750000000000075,6027867.0
2026-08-07,2.3720238095238173,2.3720238095238173,4694131.0
2026-08-10,2.3750000000000075,2.3750000000000075,4800094.0
2026-08-11,2.351190476190484,2.351190476190484,5061545.0
2026-08-12,2.3601190476190554,2.3601190476190554,5951242.0
2026-08-13,2.363095238095246,2.363095238095246,6271738.0
2026-08-14,2.32738095238096,2.32738095238096,5949227.0
2026-08-17,2.3392857142857224,2.3392857142857224,5078828.0
2026-08-18,2.312500000000008,2.312500000000008,16484804.0
2026-08-19,2.300595238095246,2.300595238095246,4959444.0
2026-08-20,2.300595238095246,2.300595238095246,5248214.0
2026-08-21,2.3154761904761987,2.3154761904761987,4782253.0
2026-08-24,2.348214285714294,2.348214285714294,6388556.0
2026-08-25,2.348214285714294,2.348214285714294,3587839.0
2026-08-26,2.398809523809532,2.398809523809532,8152537.0
2026-08-27,2.4136904761904847,2.4136904761904847,6086358.0
2026-08-28,2.401785714285723,2.401785714285723,5083236.0
2026-08-31,2.398809523809532,2.398809523809532,4316363.0
2026-09-01,2.4345238095238178,2.4345238095238178,8304542.0
2026-09-02,2.395833333333342,2.395833333333342,6446839.0
2026-09-03,2.4345238095238178,2.4345238095238178,6772985.0
2026-09-04,2.4494047619047703,2.4494047619047703,9432578.0
2026-09-07,2.401785714285723,2.401785714285723,7189817.0
2026-09-08,2.38392857142858,2.38392857142858,4095094.0
2026-09-09,2.3869047619047707,2.3869047619047707,4379748.0
2026-09-10,2.4017857142857233,2.4017857142857233,4329298.0
2026-09-11,2.3452380952381042,2.3452380952381042,5923703.0
2026-09-14,2.3363095238095326,2.3363095238095326,3825121.0
2026-09-15,2.31845238095239,2.31845238095239,3283826.0
2026-09-16,2.32142857142858,2.32142857142858,3735256.0
2026-09-17,2.3005952380952466,2.3005952380952466,3489983.0
2026-09-18,2.3244047619047703,2.3244047619047703,3942292.0
2026-09-21,2.345238095238104,2.345238095238104,3646007.0
2026-09-22,2.3541666666666754,2.3541666666666754,3561721.0
2026-09-23,2.339285714285723,2.339285714285723,3235867.0
2026-09-24,2.297619047619056,2.297619047619056,4062716.0
