2019-01-18,1.0,1.0,6489164.0
2019-01-21,1.0,1.0,1531046.0
2019-01-22,0.9970089730807579,0.9970089730807579,301198.0
2019-01-23,1.0,1.0,348736.0
2019-01-24,1.0029910269192424,1.0029910269192424,620316.0
2019-01-25,1.007976071784646,1.007976071784646,491322.0
2019-01-28,1.008973080757727,1.008973080757727,174280.0
2019-01-29,1.01296111665005,1.01296111665005,153406.0
2019-01-30,1.0119641076769692,1.0119641076769692,221358.0
2019-01-31,1.0139581256231307,1.0139581256231307,173814.0
2019-02-01,1.0229312063808575,1.0229312063808575,248474.0
2019-02-11,1.0348953140578268,1.0348953140578268,200488.0
2019-02-12,1.0378863409770689,1.0378863409770689,242598.0
2019-02-13,1.0488534396809572,1.0488534396809572,302386.0
2019-02-14,1.0478564307078764,1.0478564307078764,335468.0
2019-02-15,1.028913260219342,1.028913260219342,408258.0
2019-02-18,1.0498504486540379,1.0498504486540379,1349344.0
2019-02-19,1.0478564307078764,1.0478564307078764,372994.0
2019-02-20,1.0508474576271187,1.0508474576271187,166850.0
2019-02-21,1.0428713858424727,1.0428713858424727,221924.0
2019-02-22,1.0518444666001996,1.0518444666001996,135128.0
2019-02-25,1.095712861415753,1.095712861415753,229358.0
2019-02-26,1.0857427716849455,1.0857427716849455,178246.0
2019-02-27,1.0877367896311072,1.0877367896311072,126944.0
2019-02-28,1.0837487537387842,1.0837487537387842,131326.0
2019-03-01,1.096709870388834,1.096709870388834,100114.0
2019-03-04,1.1116650049850452,1.1116650049850452,125442.0
2019-03-05,1.1236291126620142,1.1236291126620142,122048.0
2019-03-06,1.1316051844466601,1.1316051844466601,135626.0
2019-03-07,1.1266201395812563,1.1266201395812563,120764.0
2019-03-08,1.0847457627118646,1.0847457627118646,103622.0
2019-03-11,1.0917248255234298,1.0917248255234298,81452.0
2019-03-12,1.1096709870388832,1.1096709870388832,67776.0
2019-03-13,1.106679960119641,1.106679960119641,119348.0
2019-03-14,1.093718843469591,1.093718843469591,115890.0
2019-03-15,1.1136590229312062,1.1136590229312062,82046.0
2019-03-18,1.1485543369890325,1.1485543369890325,74464.0
2019-03-19,1.146560319042871,1.146560319042871,46140.0
2019-03-20,1.1495513459621134,1.1495513459621134,68310.0
2019-03-21,1.147557328015952,1.147557328015952,49104.0
2019-03-22,1.1535393818544364,1.1535393818544364,66008.0
2019-03-25,1.1455633100697904,1.1455633100697904,34646.0
2019-03-26,1.1296111665004982,1.1296111665004982,46412.0
2019-03-27,1.142572283150548,1.142572283150548,87432.0
2019-03-28,1.1365902293120635,1.1365902293120635,37958.0
2019-03-29,1.1665004985044864,1.1665004985044864,77480.0
2019-04-01,1.1884346959122631,1.1884346959122631,92038.0
2019-04-02,1.1884346959122631,1.1884346959122631,30028.0
2019-04-03,1.201395812562313,1.201395812562313,43220.0
2019-04-04,1.2193419740777665,1.2193419740777665,26770.0
2019-04-08,1.2193419740777665,1.2193419740777665,82384.0
2019-04-09,1.2223330009970086,1.2223330009970086,28312.0
2019-04-10,1.228315054835493,1.228315054835493,34204.0
2019-04-11,1.2113659022931202,1.2113659022931202,61070.0
2019-04-12,1.2063808574277164,1.2063808574277164,25590.0
2019-04-15,1.2053838484546358,1.2053838484546358,87320.0
2019-04-16,1.2153539381854435,1.2153539381854435,92338.0
2019-04-17,1.221335992023928,1.221335992023928,29798.0
2019-04-18,1.2093718843469587,1.2093718843469587,85460.0
2019-04-19,1.217347956131605,1.217347956131605,51222.0
2019-04-22,1.188434695912263,1.188434695912263,40730.0
2019-04-23,1.1764705882352937,1.1764705882352937,75080.0
2019-04-24,1.1824526420737782,1.1824526420737782,75380.0
2019-04-25,1.150548354935194,1.150548354935194,59706.0
2019-04-26,1.1365902293120633,1.1365902293120633,224002.0
2019-04-29,1.1365902293120633,1.1365902293120633,33938.0
2019-04-30,1.1495513459621134,1.1495513459621134,25780.0
2019-05-06,1.1066799601196409,1.1066799601196409,218916.0
2019-05-07,1.1066799601196409,1.1066799601196409,70898.0
2019-05-08,1.0947158524426719,1.0947158524426719,38708.0
2019-05-09,1.0797607178464603,1.0797607178464603,53480.0
2019-05-10,1.1126620139581256,1.1126620139581256,86580.0
2019-05-13,1.1026919242273179,1.1026919242273179,38502.0
2019-05-14,1.0957128614157523,1.0957128614157523,36978.0
2019-05-15,1.1106679960119636,1.1106679960119636,48498.0
2019-05-16,1.1176470588235288,1.1176470588235288,30116.0
2019-05-17,1.0947158524426714,1.0947158524426714,50338.0
2019-05-20,1.0827517447657022,1.0827517447657022,51604.0
2019-05-21,1.096709870388833,1.096709870388833,30496.0
2019-05-22,1.091724825523429,1.091724825523429,43744.0
2019-05-23,1.07976071784646,1.07976071784646,72920.0
2019-05-24,1.0827517447657027,1.0827517447657027,28056.0
2019-05-27,1.0987038883349947,1.0987038883349947,59528.0
2019-05-28,1.0967098703888332,1.0967098703888332,16970.0
2019-05-29,1.0967098703888332,1.0967098703888332,17768.0
2019-05-30,1.0997008973080753,1.0997008973080753,51638.0
2019-05-31,1.0997008973080753,1.0997008973080753,203828.0
2019-06-03,1.1006979062811562,1.1006979062811562,21752.0
2019-06-04,1.0907278165503485,1.0907278165503485,11868.0
2019-06-05,1.0957128614157523,1.0957128614157523,22214.0
2019-06-06,1.0897308075772678,1.0897308075772678,18628.0
2019-06-10,1.0977068793619138,1.0977068793619138,15516.0
2019-06-11,1.1196410767696905,1.1196410767696905,12030.0
2019-06-12,1.113659022931206,1.113659022931206,35860.0
2019-06-13,1.1086739780658024,1.1086739780658024,8812.0
2019-06-14,1.0997008973080755,1.0997008973080755,20008.0
2019-06-17,1.0997008973080755,1.0997008973080755,29932.0
2019-06-18,1.1016949152542372,1.1016949152542372,37868.0
2019-06-19,1.1116650049850447,1.1116650049850447,51486.0
2019-06-20,1.1296111665004984,1.1296111665004984,27882.0
2019-06-21,1.1326021934197406,1.1326021934197406,17532.0
2019-06-24,1.13160518444666,1.13160518444666,11014.0
2019-06-25,1.122632103688933,1.122632103688933,20582.0
2019-06-26,1.119641076769691,1.119641076769691,7542.0
2019-06-27,1.1256231306081756,1.1256231306081756,34380.0
2019-06-28,1.1216350947158527,1.1216350947158527,34650.0
2019-07-01,1.1435692921236293,1.1435692921236293,7500.0
2019-07-02,1.1515453639082756,1.1515453639082756,32148.0
2019-07-03,1.149551345962114,1.149551345962114,10750.0
2019-07-04,1.1485543369890332,1.1485543369890332,4994.0
2019-07-05,1.153539381854437,1.153539381854437,7714.0
2019-07-08,1.1306081754735795,1.1306081754735795,58506.0
2019-07-09,1.1296111665004989,1.1296111665004989,13918.0
2019-07-10,1.1216350947158529,1.1216350947158529,40492.0
2019-07-11,1.1216350947158529,1.1216350947158529,53522.0
2019-07-12,1.1306081754735797,1.1306081754735797,21692.0
2019-07-15,1.1326021934197412,1.1326021934197412,45222.0
2019-07-16,1.1316051844466606,1.1316051844466606,12564.0
2019-07-17,1.1355932203389836,1.1355932203389836,78782.0
2019-07-18,1.1266201395812567,1.1266201395812567,93754.0
2019-07-19,1.1375872382851453,1.1375872382851453,17684.0
2019-07-22,1.1326021934197414,1.1326021934197414,49496.0
2019-07-23,1.134596211365903,1.134596211365903,26026.0
2019-07-24,1.1395812562313068,1.1395812562313068,146148.0
2019-07-25,1.14356929212363,1.14356929212363,17812.0
2019-07-26,1.1495513459621145,1.1495513459621145,41588.0
2019-07-29,1.147557328015953,1.147557328015953,31120.0
2019-07-30,1.1535393818544375,1.1535393818544375,71402.0
2019-07-31,1.1445663010967106,1.1445663010967106,52384.0
2019-08-01,1.134596211365903,1.134596211365903,44528.0
2019-08-02,1.1206380857427725,1.1206380857427725,48278.0
2019-08-05,1.1026919242273188,1.1026919242273188,61410.0
2019-08-06,1.0867397806580266,1.0867397806580266,71592.0
2019-08-07,1.084745762711865,1.084745762711865,35622.0
2019-08-08,1.096709870388834,1.096709870388834,5818.0
2019-08-09,1.0887337986041878,1.0887337986041878,23976.0
2019-08-12,1.0987038883349953,1.0987038883349953,29842.0
2019-08-13,1.0937188434695915,1.0937188434695915,30218.0
2019-08-14,1.095712861415753,1.095712861415753,33056.0
2019-08-15,1.0977068793619145,1.0977068793619145,49286.0
2019-08-16,1.0987038883349953,1.0987038883349953,54712.0
2019-08-19,1.1146560319042875,1.1146560319042875,38560.0
2019-08-20,1.1156530408773682,1.1156530408773682,40594.0
2019-08-21,1.1146560319042875,1.1146560319042875,11134.0
2019-08-22,1.1146560319042875,1.1146560319042875,10634.0
2019-08-23,1.1176470588235297,1.1176470588235297,28320.0
2019-08-26,1.108673978065803,1.108673978065803,336660.0
2019-08-27,1.1236291126620142,1.1236291126620142,57202.0
2019-08-28,1.1216350947158527,1.1216350947158527,247928.0
2019-08-29,1.112662013958126,1.112662013958126,455572.0
2019-08-30,1.1096709870388837,1.1096709870388837,116890.0
2019-09-02,1.1186440677966105,1.1186440677966105,64662.0
2019-09-03,1.116650049850449,1.116650049850449,57410.0
2019-09-04,1.1236291126620142,1.1236291126620142,49688.0
2019-09-05,1.1355932203389831,1.1355932203389831,154470.0
2019-09-06,1.1375872382851449,1.1375872382851449,135172.0
2019-09-09,1.1435692921236293,1.1435692921236293,107370.0
2019-09-10,1.140578265204387,1.140578265204387,52680.0
2019-09-11,1.140578265204387,1.140578265204387,55954.0
2019-09-12,1.1475573280159526,1.1475573280159526,193818.0
2019-09-16,1.150548354935195,1.150548354935195,39236.0
2019-09-17,1.1355932203389836,1.1355932203389836,88766.0
2019-09-18,1.1385842472582257,1.1385842472582257,24602.0
2019-09-19,1.1405782652043874,1.1405782652043874,14518.0
2019-09-20,1.1415752741774683,1.1415752741774683,34288.0
2019-09-23,1.13060817547358,1.13060817547358,90528.0
2019-09-24,1.1355932203389838,1.1355932203389838,51534.0
2019-09-25,1.1236291126620146,1.1236291126620146,140134.0
2019-09-26,1.1236291126620146,1.1236291126620146,65352.0
2019-09-27,1.121635094715853,1.121635094715853,76252.0
2019-09-30,1.1166500498504495,1.1166500498504495,210004.0
2019-10-08,1.1236291126620146,1.1236291126620146,84518.0
2019-10-09,1.1326021934197414,1.1326021934197414,50770.0
2019-10-10,1.1395812562313068,1.1395812562313068,15032.0
2019-10-11,1.1465603190428721,1.1465603190428721,34470.0
2019-10-14,1.1615154536390837,1.1615154536390837,55184.0
2019-10-15,1.1545363908275184,1.1545363908275184,14272.0
2019-10-16,1.1535393818544377,1.1535393818544377,23374.0
2019-10-17,1.1495513459621147,1.1495513459621147,54110.0
2019-10-18,1.1365902293120647,1.1365902293120647,76346.0
2019-10-21,1.1405782652043877,1.1405782652043877,33282.0
2019-10-22,1.14356929212363,1.14356929212363,6214.0
2019-10-23,1.1375872382851455,1.1375872382851455,27386.0
2019-10-24,1.1395812562313072,1.1395812562313072,14286.0
2019-10-25,1.1445663010967109,1.1445663010967109,8766.0
2019-10-28,1.1485543369890339,1.1485543369890339,21438.0
2019-10-29,1.1415752741774685,1.1415752741774685,14226.0
2019-10-30,1.1375872382851455,1.1375872382851455,27596.0
2019-10-31,1.1286141575274187,1.1286141575274187,23786.0
2019-11-01,1.139581256231307,1.139581256231307,20220.0
2019-11-04,1.1455633100697915,1.1455633100697915,3634.0
2019-11-05,1.1555333998005992,1.1555333998005992,19072.0
2019-11-06,1.1475573280159532,1.1475573280159532,10566.0
2019-11-07,1.1535393818544377,1.1535393818544377,178192.0
2019-11-08,1.1455633100697917,1.1455633100697917,49490.0
2019-11-11,1.1286141575274187,1.1286141575274187,65430.0
2019-11-12,1.1286141575274187,1.1286141575274187,60404.0
2019-11-13,1.123629112662015,1.123629112662015,30034.0
2019-11-14,1.1226321036889342,1.1226321036889342,26468.0
2019-11-15,1.119641076769692,1.119641076769692,10594.0
2019-11-18,1.131605184446661,1.131605184446661,144736.0
2019-11-19,1.1455633100697917,1.1455633100697917,29176.0
2019-11-20,1.1395812562313072,1.1395812562313072,28948.0
2019-11-21,1.1365902293120649,1.1365902293120649,2646.0
2019-11-22,1.1355932203389842,1.1355932203389842,21700.0
2019-11-25,1.1515453639082764,1.1515453639082764,12502.0
2019-11-26,1.1515453639082764,1.1515453639082764,9876.0
2019-11-27,1.1475573280159534,1.1475573280159534,8320.0
2019-11-28,1.1435692921236305,1.1435692921236305,6218.0
2019-11-29,1.1425722831505496,1.1425722831505496,20498.0
2019-12-02,1.144566301096711,1.144566301096711,29366.0
2019-12-03,1.1465603190428728,1.1465603190428728,9748.0
2019-12-04,1.1435692921236307,1.1435692921236307,1738.0
2019-12-05,1.1475573280159537,1.1475573280159537,936.0
2019-12-06,1.1495513459621152,1.1495513459621152,2668.0
2019-12-09,1.1575274177467612,1.1575274177467612,7070.0
2019-12-10,1.1565304087736803,1.1565304087736803,15844.0
2019-12-11,1.1565304087736803,1.1565304087736803,188072.0
2019-12-12,1.1595214356929227,1.1595214356929227,23238.0
2019-12-13,1.1674975074775686,1.1674975074775686,98710.0
2019-12-16,1.1744765702891338,1.1744765702891338,27754.0
2019-12-17,1.1844466600199413,1.1844466600199413,212112.0
2019-12-18,1.1814556331006991,1.1814556331006991,351426.0
2019-12-19,1.1844466600199415,1.1844466600199415,260598.0
2019-12-20,1.1844466600199415,1.1844466600199415,164318.0
2019-12-23,1.1714855433698919,1.1714855433698919,161454.0
2019-12-24,1.174476570289134,1.174476570289134,43394.0
2019-12-25,1.1714855433698919,1.1714855433698919,52714.0
2019-12-26,1.1804586241276185,1.1804586241276185,8060.0
2019-12-27,1.1834496510468608,1.1834496510468608,36744.0
2019-12-30,1.2013958125623145,1.2013958125623145,144248.0
2019-12-31,1.2083748753738799,1.2083748753738799,315804.0
2020-01-02,1.2243270189431719,1.2243270189431719,153770.0
2020-01-03,1.2193419740777682,1.2193419740777682,141136.0
2020-01-06,1.2183449651046874,1.2183449651046874,242642.0
2020-01-07,1.2223330009970104,1.2223330009970104,113124.0
2020-01-08,1.2063808574277182,1.2063808574277182,80802.0
2020-01-09,1.2173479561316067,1.2173479561316067,119690.0
2020-01-10,1.2143569292123644,1.2143569292123644,54116.0
2020-01-13,1.2183449651046874,1.2183449651046874,44004.0
2020-01-14,1.2193419740777682,1.2193419740777682,73752.0
2020-01-15,1.2123629112662029,1.2123629112662029,47046.0
2020-01-16,1.204386839481557,1.204386839481557,34230.0
2020-01-17,1.2023928215353954,1.2023928215353954,48142.0
2020-01-20,1.2013958125623148,1.2013958125623148,33140.0
2020-01-21,1.1824526420737802,1.1824526420737802,19508.0
2020-01-22,1.183449651046861,1.183449651046861,67174.0
2020-01-23,1.1525423728813573,1.1525423728813573,26334.0
2020-02-03,1.0438683948155547,1.0438683948155547,45760.0
2020-02-04,1.0827517447657045,1.0827517447657045,134264.0
2020-02-05,1.0897308075772696,1.0897308075772696,14046.0
2020-02-06,1.1026919242273197,1.1026919242273197,19184.0
2020-02-07,1.0967098703888352,1.0967098703888352,31548.0
2020-02-10,1.1126620139581274,1.1126620139581274,9504.0
2020-02-11,1.1186440677966119,1.1186440677966119,20010.0
2020-02-12,1.1246261216350961,1.1246261216350961,7762.0
2020-02-13,1.1196410767696925,1.1196410767696925,24086.0
2020-02-14,1.1266201395812578,1.1266201395812578,8154.0
2020-02-17,1.1485543369890345,1.1485543369890345,18414.0
2020-02-18,1.14257228315055,1.14257228315055,37468.0
2020-02-19,1.139581256231308,1.139581256231308,25426.0
2020-02-20,1.1535393818544386,1.1535393818544386,360840.0
2020-02-21,1.1545363908275192,1.1545363908275192,51108.0
2020-02-24,1.1405782652043885,1.1405782652043885,82008.0
2020-02-25,1.1296111665005002,1.1296111665005002,46926.0
2020-02-26,1.1365902293120653,1.1365902293120653,47446.0
2020-02-27,1.1435692921236307,1.1435692921236307,43898.0
2020-02-28,1.1166500498504504,1.1166500498504504,72006.0
2020-03-02,1.1565304087736805,1.1565304087736805,29864.0
2020-03-03,1.1565304087736805,1.1565304087736805,26156.0
2020-03-04,1.1714855433698919,1.1714855433698919,38500.0
2020-03-05,1.1854436689930226,1.1854436689930226,10420.0
2020-03-06,1.1674975074775689,1.1674975074775689,26408.0
2020-03-09,1.1375872382851462,1.1375872382851462,27272.0
2020-03-10,1.1515453639082767,1.1515453639082767,42882.0
2020-03-11,1.141575274177469,1.141575274177469,35996.0
2020-03-12,1.1256231306081768,1.1256231306081768,59714.0
2020-03-13,1.1056829511465616,1.1056829511465616,32460.0
2020-03-16,1.0787637088733812,1.0787637088733812,63392.0
2020-03-17,1.0777666999003004,1.0777666999003004,49378.0
2020-03-18,1.0598205383848467,1.0598205383848467,36366.0
2020-03-19,1.0408773678963124,1.0408773678963124,115938.0
2020-03-20,1.0618145563310082,1.0618145563310082,35880.0
2020-03-23,1.0309072781655049,1.0309072781655049,98296.0
2020-03-24,1.0568295114656046,1.0568295114656046,44526.0
2020-03-25,1.0797607178464619,1.0797607178464619,63718.0
2020-03-26,1.0717846460618157,1.0717846460618157,35420.0
2020-03-27,1.0797607178464617,1.0797607178464617,14160.0
2020-03-30,1.0717846460618154,1.0717846460618154,40186.0
2020-03-31,1.0677966101694925,1.0677966101694925,49944.0
2020-04-01,1.0628115653040888,1.0628115653040888,49406.0
2020-04-02,1.0737786640079772,1.0737786640079772,19892.0
2020-04-03,1.070787637088735,1.070787637088735,20728.0
2020-04-07,1.0867397806580272,1.0867397806580272,3816.0
2020-04-08,1.0837487537387849,1.0837487537387849,23514.0
2020-04-09,1.0867397806580272,1.0867397806580272,21072.0
2020-04-10,1.0817547357926234,1.0817547357926234,15276.0
2020-04-13,1.0817547357926234,1.0817547357926234,18406.0
2020-04-14,1.0907278165503504,1.0907278165503504,1270.0
2020-04-15,1.084745762711866,1.084745762711866,22834.0
2020-04-16,1.0827517447657045,1.0827517447657045,26252.0
2020-04-17,1.0887337986041892,1.0887337986041892,57286.0
2020-04-20,1.0927218344965122,1.0927218344965122,52688.0
2020-04-21,1.0827517447657047,1.0827517447657047,99254.0
2020-04-22,1.0827517447657047,1.0827517447657047,13650.0
2020-04-23,1.0827517447657047,1.0827517447657047,8816.0
2020-04-24,1.0747756729810587,1.0747756729810587,11304.0
2020-04-27,1.0837487537387855,1.0837487537387855,18750.0
2020-04-28,1.0847457627118664,1.0847457627118664,3804.0
2020-04-29,1.1036889332004007,1.1036889332004007,57768.0
2020-04-30,1.114656031904289,1.114656031904289,5508.0
2020-05-06,1.1126620139581276,1.1126620139581276,81772.0
2020-05-07,1.1126620139581276,1.1126620139581276,37524.0
2020-05-08,1.118644067796612,1.118644067796612,23526.0
2020-05-11,1.1256231306081772,1.1256231306081772,132712.0
2020-05-12,1.1176470588235312,1.1176470588235312,27858.0
2020-05-13,1.1206380857427736,1.1206380857427736,28542.0
2020-05-14,1.1076769690927235,1.1076769690927235,48626.0
2020-05-15,1.1046859421734814,1.1046859421734814,6438.0
2020-05-18,1.109670987038885,1.109670987038885,34816.0
2020-05-19,1.1126620139581274,1.1126620139581274,5194.0
2020-05-20,1.1076769690927235,1.1076769690927235,28498.0
2020-05-21,1.1076769690927235,1.1076769690927235,52692.0
2020-05-22,1.0877367896311083,1.0877367896311083,38516.0
2020-05-25,1.0917248255234313,1.0917248255234313,72016.0
2020-05-26,1.0957128614157543,1.0957128614157543,97234.0
2020-05-27,1.0977068793619158,1.0977068793619158,12592.0
2020-05-28,1.1026919242273199,1.1026919242273199,30500.0
2020-05-29,1.1006979062811584,1.1006979062811584,80508.0
2020-06-01,1.1176470588235312,1.1176470588235312,68310.0
2020-06-02,1.1216350947158542,1.1216350947158542,32566.0
2020-06-03,1.1226321036889348,1.1226321036889348,42640.0
2020-06-04,1.1256231306081772,1.1256231306081772,149746.0
2020-06-05,1.1216350947158542,1.1216350947158542,54504.0
2020-06-08,1.1286141575274193,1.1286141575274193,50076.0
2020-06-09,1.1335992023928232,1.1335992023928232,60406.0
2020-06-10,1.1335992023928232,1.1335992023928232,43200.0
2020-06-11,1.1226321036889346,1.1226321036889346,55558.0
2020-06-12,1.1246261216350961,1.1246261216350961,63462.0
2020-06-15,1.1146560319042889,1.1146560319042889,76656.0
2020-06-16,1.1266201395812578,1.1266201395812578,40680.0
2020-06-17,1.1316051844466617,1.1316051844466617,40446.0
2020-06-18,1.1365902293120653,1.1365902293120653,57106.0
2020-06-19,1.1405782652043883,1.1405782652043883,151448.0
2020-06-22,1.1326021934197423,1.1326021934197423,85564.0
2020-06-23,1.1286141575274193,1.1286141575274193,58288.0
2020-06-24,1.1335992023928232,1.1335992023928232,134028.0
2020-06-29,1.1276171485543387,1.1276171485543387,34644.0
2020-06-30,1.1385842472582268,1.1385842472582268,115000.0
2020-07-01,1.1694915254237304,1.1694915254237304,134718.0
2020-07-02,1.2023928215353954,1.2023928215353954,133256.0
2020-07-03,1.2193419740777685,1.2193419740777685,137584.0
2020-07-06,1.3000997008973099,1.3000997008973099,180700.0
2020-07-07,1.2971086739780675,1.2971086739780675,158436.0
2020-07-08,1.3000997008973099,1.3000997008973099,51434.0
2020-07-09,1.3110667996011982,1.3110667996011982,96036.0
2020-07-10,1.2821535393818564,1.2821535393818564,141692.0
2020-07-13,1.3150548354935214,1.3150548354935214,93776.0
2020-07-14,1.3080757726819563,1.3080757726819563,141374.0
2020-07-15,1.2941176470588258,1.2941176470588258,196384.0
2020-07-16,1.2771684945164528,1.2771684945164528,111346.0
2020-07-17,1.2721834496510491,1.2721834496510491,58774.0
2020-07-20,1.3240279162512487,1.3240279162512487,29746.0
2020-07-21,1.3210368893320064,1.3210368893320064,63374.0
2020-07-22,1.3220338983050872,1.3220338983050872,46148.0
2020-07-23,1.3100697906281182,1.3100697906281182,33466.0
2020-07-24,1.2701894317048879,1.2701894317048879,21146.0
2020-07-27,1.2612163509471608,1.2612163509471608,80558.0
2020-07-28,1.2691924227318068,1.2691924227318068,10118.0
2020-07-29,1.2861415752741796,1.2861415752741796,8414.0
2020-07-30,1.2971086739780677,1.2971086739780677,23070.0
2020-07-31,1.3070787637088752,1.3070787637088752,127928.0
2020-08-03,1.3419740777667017,1.3419740777667017,65276.0
2020-08-04,1.344965104685944,1.344965104685944,13556.0
2020-08-05,1.3369890329012981,1.3369890329012981,7610.0
2020-08-06,1.333998005982056,1.333998005982056,2028.0
2020-08-07,1.3369890329012981,1.3369890329012981,1798.0
2020-08-10,1.348953140578267,1.348953140578267,3616.0
2020-08-11,1.3439680957128632,1.3439680957128632,37920.0
2020-08-12,1.3359920239282173,1.3359920239282173,4300.0
2020-08-13,1.3479561316051862,1.3479561316051862,5128.0
2020-08-14,1.3559322033898324,1.3559322033898324,19998.0
2020-08-17,1.3928215353938205,1.3928215353938205,22408.0
2020-08-18,1.3938185443669011,1.3938185443669011,14372.0
2020-08-19,1.3868394815553358,1.3868394815553358,70426.0
2020-08-20,1.3708873379860436,1.3708873379860436,25232.0
2020-08-21,1.368893320039882,1.368893320039882,29772.0
2020-08-24,1.3778664007976087,1.3778664007976087,25362.0
2020-08-25,1.3718843469591242,1.3718843469591242,28412.0
2020-08-26,1.3529411764705899,1.3529411764705899,44646.0
2020-08-27,1.3509471585244284,1.3509471585244284,9878.0
2020-08-28,1.3718843469591244,1.3718843469591244,70412.0
2020-08-31,1.3629112662013976,1.3629112662013976,15518.0
2020-09-01,1.3559322033898322,1.3559322033898322,147424.0
2020-09-02,1.3489531405782669,1.3489531405782669,17788.0
2020-09-03,1.3429710867397824,1.3429710867397824,216630.0
2020-09-04,1.3359920239282173,1.3359920239282173,26384.0
2020-09-07,1.320039880358925,1.320039880358925,28666.0
2020-09-08,1.3270189431704902,1.3270189431704902,15034.0
2020-09-09,1.3060817547357944,1.3060817547357944,1926.0
2020-09-10,1.3010967098703905,1.3010967098703905,11650.0
2020-09-11,1.3010967098703905,1.3010967098703905,532.0
2020-09-14,1.3010967098703905,1.3010967098703905,6864.0
2020-09-15,1.3060817547357944,1.3060817547357944,2076.0
2020-09-16,1.3090727816550365,1.3090727816550365,1722.0
2020-09-17,1.3130608175473597,1.3130608175473597,52208.0
2020-09-18,1.3429710867397824,1.3429710867397824,11038.0
2020-09-21,1.3330009970089747,1.3330009970089747,2194.0
2020-09-22,1.3130608175473595,1.3130608175473595,2272.0
2020-09-23,1.311066799601198,1.311066799601198,24216.0
2020-09-24,1.2931206380857443,1.2931206380857443,55850.0
2020-09-25,1.2861415752741792,1.2861415752741792,27126.0
2020-09-28,1.2921236291126639,1.2921236291126639,105542.0
2020-09-29,1.291126620139583,1.291126620139583,60592.0
2020-09-30,1.2831505483549368,1.2831505483549368,7458.0
2020-10-09,1.303090727816552,1.303090727816552,6416.0
2020-10-12,1.3250249252243287,1.3250249252243287,7502.0
2020-10-13,1.3280159521435713,1.3280159521435713,40052.0
2020-10-14,1.3230309072781674,1.3230309072781674,10518.0
2020-10-15,1.3220338983050868,1.3220338983050868,30884.0
2020-10-16,1.3290129611166521,1.3290129611166521,62196.0
2020-10-19,1.3240279162512483,1.3240279162512483,37204.0
2020-10-20,1.3240279162512483,1.3240279162512483,10670.0
2020-10-21,1.3270189431704904,1.3270189431704904,55050.0
2020-10-22,1.321036889332006,1.321036889332006,10326.0
2020-10-23,1.3160518444666023,1.3160518444666023,3314.0
2020-10-26,1.3110667996011984,1.3110667996011984,2040.0
2020-10-27,1.3060817547357948,1.3060817547357948,650.0
2020-10-28,1.3030907278165524,1.3030907278165524,980.0
2020-10-29,1.3160518444666023,1.3160518444666023,1466.0
2020-10-30,1.2951146560319062,1.2951146560319062,4504.0
2020-11-02,1.3100697906281178,1.3100697906281178,2166.0
2020-11-03,1.322033898305087,1.322033898305087,542.0
2020-11-04,1.3320039880358945,1.3320039880358945,5014.0
2020-11-05,1.3469591226321058,1.3469591226321058,21048.0
2020-11-06,1.3529411764705905,1.3529411764705905,3452.0
2020-11-09,1.3738783649052864,1.3738783649052864,15794.0
2020-11-10,1.3728813559322057,1.3728813559322057,9306.0
2020-11-11,1.380857427716852,1.380857427716852,8968.0
2020-11-12,1.3858424725822556,1.3858424725822556,4416.0
2020-11-13,1.3619142572283176,1.3619142572283176,594.0
2020-11-16,1.4077766699900323,1.4077766699900323,12608.0
2020-11-17,1.4077766699900323,1.4077766699900323,24980.0
2020-11-18,1.4157527417746785,1.4157527417746785,30064.0
2020-11-19,1.405782652043871,1.405782652043871,5832.0
2020-11-20,1.4117647058823555,1.4117647058823555,15420.0
2020-11-23,1.4346959122632132,1.4346959122632132,14338.0
2020-11-24,1.4247258225324055,1.4247258225324055,24594.0
2020-11-25,1.405782652043871,1.405782652043871,41124.0
2020-11-26,1.4087736789631133,1.4087736789631133,4958.0
2020-11-27,1.4177467597208402,1.4177467597208402,2394.0
2020-11-30,1.4287138584247288,1.4287138584247288,1440.0
2020-12-01,1.4207377866400825,1.4207377866400825,3352.0
2020-12-02,1.4237288135593247,1.4237288135593247,1394.0
2020-12-03,1.405782652043871,1.405782652043871,348.0
2020-12-04,1.4037886340977095,1.4037886340977095,1774.0
2020-12-07,1.3848454636091752,1.3848454636091752,2322.0
2020-12-08,1.3818544366899328,1.3818544366899328,1324.0
2020-12-09,1.3668993020937215,1.3668993020937215,1552.0
2020-12-10,1.3619142572283178,1.3619142572283178,160.0
2020-12-11,1.3629112662013985,1.3629112662013985,52560.0
2020-12-14,1.3509471585244293,1.3509471585244293,1768.0
2020-12-15,1.3469591226321063,1.3469591226321063,1856.0
2020-12-16,1.3429710867397833,1.3429710867397833,1402.0
2020-12-17,1.3479561316051871,1.3479561316051871,1428.0
2020-12-18,1.3589232303090752,1.3589232303090752,4254.0
2020-12-21,1.3559322033898331,1.3559322033898331,6980.0
2020-12-22,1.3270189431704909,1.3270189431704909,1736.0
2020-12-23,1.3260219341974102,1.3260219341974102,3558.0
2020-12-24,1.3160518444666025,1.3160518444666025,1822.0
2020-12-25,1.3280159521435715,1.3280159521435715,19152.0
2020-12-28,1.3200398803589255,1.3200398803589255,3506.0
2020-12-29,1.3150548354935216,1.3150548354935216,1432.0
2020-12-30,1.3190428713858449,1.3190428713858449,252.0
2020-12-31,1.3240279162512487,1.3240279162512487,16228.0
2021-01-04,1.3160518444666027,1.3160518444666027,9756.0
2021-01-05,1.3150548354935219,1.3150548354935219,7278.0
2021-01-06,1.328015952143572,1.328015952143572,36168.0
2021-01-07,1.3300099700897334,1.3300099700897334,35560.0
2021-01-08,1.332003988035895,1.332003988035895,18256.0
2021-01-11,1.3200398803589257,1.3200398803589257,23326.0
2021-01-12,1.3220338983050872,1.3220338983050872,27914.0
2021-01-13,1.3200398803589257,1.3200398803589257,7522.0
2021-01-14,1.3170488534396834,1.3170488534396834,9328.0
2021-01-15,1.3270189431704909,1.3270189431704909,38042.0
2021-01-18,1.3339980059820562,1.3339980059820562,24238.0
2021-01-19,1.3469591226321058,1.3469591226321058,32248.0
2021-01-20,1.3330009970089751,1.3330009970089751,59006.0
2021-01-21,1.333998005982056,1.333998005982056,37148.0
2021-01-22,1.3120638085742793,1.3120638085742793,11200.0
2021-01-25,1.30009970089731,1.30009970089731,11226.0
2021-01-26,1.296111665004987,1.296111665004987,9090.0
2021-01-27,1.2971086739780677,1.2971086739780677,17794.0
2021-01-28,1.2811565304087755,1.2811565304087755,3428.0
2021-01-29,1.279162512462614,1.279162512462614,13326.0
2021-02-01,1.2941176470588256,1.2941176470588256,7786.0
2021-02-02,1.2891326021934217,1.2891326021934217,14096.0
2021-02-03,1.2871385842472602,1.2871385842472602,254648.0
2021-02-04,1.2801595214356951,1.2801595214356951,13722.0
2021-02-05,1.2991026919242294,1.2991026919242294,55324.0
2021-02-08,1.3000997008973103,1.3000997008973103,4960.0
2021-02-09,1.3040877367896333,1.3040877367896333,14902.0
2021-02-10,1.3120638085742795,1.3120638085742795,10684.0
2021-02-18,1.3389830508474598,1.3389830508474598,31258.0
2021-02-19,1.3619142572283176,1.3619142572283176,75654.0
2021-02-22,1.3768693918245287,1.3768693918245287,29276.0
2021-02-23,1.3619142572283174,1.3619142572283174,22880.0
2021-02-24,1.3599202392821559,1.3599202392821559,8824.0
2021-02-25,1.3918245264207398,1.3918245264207398,40754.0
2021-02-26,1.3659022931206404,1.3659022931206404,34748.0
2021-03-01,1.3818544366899324,1.3818544366899324,21992.0
2021-03-02,1.3748753738783672,1.3748753738783672,20514.0
2021-03-03,1.4057826520438708,1.4057826520438708,79666.0
2021-03-04,1.4067796610169518,1.4067796610169518,83818.0
2021-03-05,1.3858424725822558,1.3858424725822558,10550.0
2021-03-08,1.3778664007976096,1.3778664007976096,20266.0
2021-03-09,1.3668993020937215,1.3668993020937215,11780.0
2021-03-10,1.3559322033898331,1.3559322033898331,5194.0
2021-03-11,1.384845463609175,1.384845463609175,11028.0
2021-03-12,1.4157527417746782,1.4157527417746782,20992.0
2021-03-15,1.4227318045862438,1.4227318045862438,16232.0
2021-03-16,1.429710867397809,1.429710867397809,4532.0
2021-03-17,1.420737786640082,1.420737786640082,10516.0
2021-03-18,1.4237288135593242,1.4237288135593242,11428.0
2021-03-19,1.4067796610169514,1.4067796610169514,6176.0
2021-03-22,1.4227318045862438,1.4227318045862438,31810.0
2021-03-23,1.4027916251246286,1.4027916251246286,1582.0
2021-03-24,1.3888334995014981,1.3888334995014981,4624.0
2021-03-25,1.3868394815553367,1.3868394815553367,798.0
2021-03-26,1.3978065802592248,1.3978065802592248,728.0
2021-03-29,1.4207377866400825,1.4207377866400825,2792.0
2021-03-30,1.4167497507477593,1.4167497507477593,4018.0
2021-03-31,1.4147557328015978,1.4147557328015978,1450.0
2021-04-01,1.4237288135593245,1.4237288135593245,1032.0
2021-04-02,1.4117647058823555,1.4117647058823555,1182.0
2021-04-06,1.4117647058823555,1.4117647058823555,1218.0
2021-04-07,1.422731804586244,1.422731804586244,2692.0
2021-04-08,1.4207377866400825,1.4207377866400825,1222.0
2021-04-09,1.4207377866400825,1.4207377866400825,4478.0
2021-04-12,1.4207377866400825,1.4207377866400825,1252.0
2021-04-13,1.4127617148554366,1.4127617148554366,1530.0
2021-04-14,1.4197407776670017,1.4197407776670017,1068.0
2021-04-15,1.4217347956131632,1.4217347956131632,1154.0
2021-04-16,1.4426719840478595,1.4426719840478595,13176.0
2021-04-19,1.4386839481555362,1.4386839481555362,50716.0
2021-04-20,1.4336989032901324,1.4336989032901324,37466.0
2021-04-21,1.4386839481555362,1.4386839481555362,43710.0
2021-04-22,1.4386839481555362,1.4386839481555362,32074.0
2021-04-23,1.4277168494516477,1.4277168494516477,17470.0
2021-04-26,1.422731804586244,1.422731804586244,39812.0
2021-04-27,1.4177467597208402,1.4177467597208402,26662.0
2021-04-28,1.4287138584247288,1.4287138584247288,72820.0
2021-04-29,1.444666001994021,1.444666001994021,3050.0
2021-04-30,1.4327018943170517,1.4327018943170517,3260.0
2021-05-06,1.448654037886344,1.448654037886344,7070.0
2021-05-07,1.4586241276171514,1.4586241276171514,17112.0
2021-05-10,1.4725822532402821,1.4725822532402821,8186.0
2021-05-11,1.4626121635094744,1.4626121635094744,10216.0
2021-05-12,1.4775672981056855,1.4775672981056855,13312.0
2021-05-13,1.4735792622133626,1.4735792622133626,22564.0
2021-05-14,1.4705882352941204,1.4705882352941204,7930.0
2021-05-17,1.4785643070787664,1.4785643070787664,12614.0
2021-05-18,1.4825523429710894,1.4825523429710894,4758.0
2021-05-19,1.480558325024928,1.480558325024928,2834.0
2021-05-20,1.4606181455633127,1.4606181455633127,4770.0
2021-05-21,1.4666001994017972,1.4666001994017972,674.0
2021-05-24,1.476570289132605,1.476570289132605,11700.0
2021-05-25,1.4985044865403814,1.4985044865403814,12194.0
2021-05-26,1.5064805583250274,1.5064805583250274,33274.0
2021-05-27,1.516450648055835,1.516450648055835,22526.0
2021-05-28,1.5234297108674006,1.5234297108674006,31618.0
2021-05-31,1.5324027916251273,1.5324027916251273,89212.0
2021-06-01,1.5324027916251273,1.5324027916251273,18584.0
2021-06-02,1.5353938185443698,1.5353938185443698,9158.0
2021-06-03,1.5314057826520469,1.5314057826520469,6398.0
2021-06-04,1.5284147557328045,1.5284147557328045,14798.0
2021-06-07,1.5124626121635123,1.5124626121635123,5486.0
2021-06-08,1.5174476570289164,1.5174476570289164,50154.0
2021-06-09,1.5194416749750779,1.5194416749750779,2680.0
2021-06-10,1.5194416749750779,1.5194416749750779,1414.0
2021-06-11,1.5154536390827549,1.5154536390827549,15472.0
2021-06-15,1.4985044865403818,1.4985044865403818,4356.0
2021-06-16,1.4975074775673012,1.4975074775673012,3056.0
2021-06-17,1.4965104685942203,1.4965104685942203,5210.0
2021-06-18,1.4895314057826552,1.4895314057826552,4446.0
2021-06-21,1.486540378863413,1.486540378863413,10792.0
2021-06-22,1.4945164506480593,1.4945164506480593,7156.0
2021-06-23,1.5124626121635127,1.5124626121635127,49174.0
2021-06-24,1.5124626121635127,1.5124626121635127,59066.0
2021-06-25,1.5124626121635127,1.5124626121635127,125494.0
2021-06-28,1.4915254237288167,1.4915254237288167,39384.0
2021-06-29,1.4875373878364937,1.4875373878364937,23694.0
2021-06-30,1.4945164506480593,1.4945164506480593,29152.0
2021-07-01,1.5084745762711897,1.5084745762711897,7024.0
2021-07-02,1.4905284147557363,1.4905284147557363,14896.0
2021-07-05,1.4845463609172518,1.4845463609172518,7714.0
2021-07-06,1.4895314057826554,1.4895314057826554,33488.0
2021-07-07,1.4855433698903324,1.4855433698903324,31164.0
2021-07-08,1.462612163509475,1.462612163509475,11114.0
2021-07-09,1.4735792622133634,1.4735792622133634,3320.0
2021-07-12,1.4675972083748787,1.4675972083748787,46818.0
2021-07-13,1.4745762711864443,1.4745762711864443,64826.0
2021-07-14,1.4865403788634135,1.4865403788634135,53154.0
2021-07-15,1.484546360917252,1.484546360917252,26454.0
2021-07-16,1.4935194416749786,1.4935194416749786,25796.0
2021-07-19,1.4975074775673016,1.4975074775673016,33052.0
2021-07-20,1.492522432701898,1.492522432701898,39260.0
2021-07-21,1.488534396809575,1.488534396809575,91324.0
2021-07-22,1.4975074775673018,1.4975074775673018,69460.0
2021-07-23,1.4905284147557367,1.4905284147557367,28152.0
2021-07-26,1.4576271186440715,1.4576271186440715,24896.0
2021-07-27,1.417746759720841,1.417746759720841,19728.0
2021-07-28,1.4157527417746796,1.4157527417746796,35656.0
2021-07-29,1.4167497507477604,1.4167497507477604,37300.0
2021-07-30,1.4167497507477604,1.4167497507477604,45946.0
2021-08-02,1.4127617148554374,1.4127617148554374,28452.0
2021-08-03,1.401794616151549,1.401794616151549,13678.0
2021-08-04,1.4127617148554374,1.4127617148554374,17784.0
2021-08-05,1.4127617148554374,1.4127617148554374,21546.0
2021-08-06,1.4217347956131643,1.4217347956131643,33026.0
2021-08-09,1.4426719840478606,1.4426719840478606,37988.0
2021-08-10,1.4436689930209412,1.4436689930209412,41370.0
2021-08-11,1.4805583250249295,1.4805583250249295,19646.0
2021-08-12,1.498504486540383,1.498504486540383,49022.0
2021-08-13,1.4965104685942214,1.4965104685942214,13622.0
2021-08-16,1.5094715852442715,1.5094715852442715,52524.0
2021-08-17,1.4865403788634142,1.4865403788634142,51224.0
2021-08-18,1.4925224327018989,1.4925224327018989,26494.0
2021-08-19,1.4765702891326067,1.4765702891326067,25098.0
2021-08-20,1.479561316051849,1.479561316051849,29728.0
2021-08-23,1.492522432701899,1.492522432701899,6770.0
2021-08-24,1.497507477567303,1.497507477567303,50814.0
2021-08-25,1.5074775672981107,1.5074775672981107,50200.0
2021-08-26,1.526420737786645,1.526420737786645,89970.0
2021-08-27,1.534396809571291,1.534396809571291,19086.0
2021-08-30,1.543369890329018,1.543369890329018,30222.0
2021-08-31,1.5952143569292179,1.5952143569292179,26052.0
2021-09-01,1.5832502492522489,1.5832502492522489,40180.0
2021-09-02,1.6131605184446718,1.6131605184446718,36088.0
2021-09-03,1.6091724825523488,1.6091724825523488,50200.0
2021-09-06,1.6211365902293176,1.6211365902293176,40340.0
2021-09-07,1.6540378863409828,1.6540378863409828,24938.0
2021-09-08,1.6869391824526478,1.6869391824526478,44168.0
2021-09-09,1.7387836490528472,1.7387836490528472,46580.0
2021-09-10,1.7238285144566359,1.7238285144566359,62072.0
2021-09-13,1.767696909272189,1.767696909272189,34284.0
2021-09-14,1.7328015952143625,1.7328015952143625,37572.0
2021-09-15,1.7238285144566357,1.7238285144566357,38374.0
2021-09-16,1.7148554336989086,1.7148554336989086,19716.0
2021-09-17,1.679960119641082,1.679960119641082,34948.0
2021-09-22,1.7308075772682008,1.7308075772682008,26488.0
2021-09-23,1.7298105682951201,1.7298105682951201,21820.0
2021-09-24,1.666999002991032,1.666999002991032,12598.0
2021-09-27,1.6321036889332055,1.6321036889332055,25088.0
2021-09-28,1.6749750747756782,1.6749750747756782,48168.0
2021-09-29,1.6311066799601246,1.6311066799601246,27006.0
2021-09-30,1.6530408773679013,1.6530408773679013,4336.0
2021-10-08,1.637088733798609,1.637088733798609,6452.0
2021-10-11,1.6530408773679013,1.6530408773679013,12820.0
2021-10-12,1.642073778664013,1.642073778664013,26990.0
2021-10-13,1.6131605184446711,1.6131605184446711,22982.0
2021-10-14,1.600199401794621,1.600199401794621,28686.0
2021-10-15,1.609172482552348,1.609172482552348,46458.0
2021-10-18,1.6400797607178512,1.6400797607178512,36618.0
2021-10-19,1.6400797607178512,1.6400797607178512,27344.0
2021-10-20,1.6081754735792668,1.6081754735792668,165968.0
2021-10-21,1.6340977068793665,1.6340977068793665,65602.0
2021-10-25,1.5972083748753785,1.5972083748753785,49350.0
2021-10-26,1.5872382851445708,1.5872382851445708,72199.0
2021-10-27,1.5593220338983094,1.5593220338983094,20190.0
2021-10-28,1.5134596211365943,1.5134596211365943,31980.0
2021-10-29,1.505483549351948,1.505483549351948,94326.0
2021-11-01,1.5194416749750785,1.5194416749750785,208767.0
2021-11-02,1.4835493519441711,1.4835493519441711,70170.0
2021-11-03,1.5154536390827555,1.5154536390827555,28257.0
2021-11-04,1.509471585244271,1.509471585244271,26425.0
2021-11-05,1.4795613160518482,1.4795613160518482,14483.0
2021-11-08,1.4815553339980099,1.4815553339980099,11306.0
2021-11-09,1.4795613160518484,1.4795613160518484,2943.0
2021-11-10,1.4755732801595252,1.4755732801595252,10027.0
2021-11-11,1.505483549351948,1.505483549351948,39812.0
2021-11-12,1.497507477567302,1.497507477567302,72285.0
2021-11-15,1.493519441674979,1.493519441674979,2957.0
2021-11-16,1.4835493519441716,1.4835493519441716,12868.0
2021-11-17,1.48155533399801,1.48155533399801,7945.0
2021-11-18,1.4775672981056869,1.4775672981056869,9677.0
2021-11-19,1.4995014955134636,1.4995014955134636,16480.0
2021-11-22,1.4995014955134636,1.4995014955134636,6637.0
2021-11-23,1.5134596211365943,1.5134596211365943,11711.0
2021-11-24,1.5333998005982095,1.5333998005982095,26835.0
2021-11-25,1.5294117647058865,1.5294117647058865,31836.0
2021-11-26,1.5074775672981098,1.5074775672981098,4360.0
2021-11-29,1.493519441674979,1.493519441674979,16455.0
2021-11-30,1.4915254237288176,1.4915254237288176,31765.0
2021-12-01,1.5114656031904328,1.5114656031904328,44838.0
2021-12-02,1.5214356929212405,1.5214356929212405,33842.0
2021-12-03,1.5473579262213404,1.5473579262213404,39857.0
2021-12-06,1.541375872382856,1.541375872382856,17685.0
2021-12-07,1.5633100697906326,1.5633100697906326,17327.0
2021-12-08,1.565304087736794,1.565304087736794,5381.0
2021-12-09,1.569292123629117,1.569292123629117,17864.0
2021-12-10,1.5633100697906326,1.5633100697906326,78636.0
2021-12-13,1.553339980059825,1.553339980059825,43403.0
2021-12-14,1.53339980059821,1.53339980059821,5591.0
2021-12-15,1.5473579262213404,1.5473579262213404,44615.0
2021-12-16,1.569292123629117,1.569292123629117,35781.0
2021-12-17,1.5712861415752786,1.5712861415752786,34027.0
2021-12-20,1.5633100697906324,1.5633100697906324,41300.0
2021-12-21,1.5912263210368935,1.5912263210368935,45066.0
2021-12-22,1.5852442671984088,1.5852442671984088,20924.0
2021-12-23,1.5932203389830548,1.5932203389830548,33473.0
2021-12-24,1.5812562313060858,1.5812562313060858,18740.0
2021-12-27,1.5892323030907318,1.5892323030907318,1547.0
2021-12-28,1.5772681954137626,1.5772681954137626,28263.0
2021-12-29,1.571286141575278,1.571286141575278,57290.0
2021-12-30,1.5732801595214394,1.5732801595214394,40024.0
2021-12-31,1.5852442671984086,1.5852442671984086,70693.0
2022-01-04,1.6131605184446698,1.6131605184446698,56662.0
2022-01-05,1.6191425722831543,1.6191425722831543,57766.0
2022-01-06,1.6311066799601233,1.6311066799601233,47527.0
2022-01-07,1.6450648055832537,1.6450648055832537,49588.0
2022-01-10,1.6530408773679,1.6530408773679,69076.0
2022-01-11,1.6590229312063844,1.6590229312063844,50064.0
2022-01-12,1.6490528414755767,1.6490528414755767,27315.0
2022-01-13,1.665004985044869,1.665004985044869,83799.0
2022-01-14,1.615154536390831,1.615154536390831,118698.0
2022-01-17,1.6211365902293153,1.6211365902293153,45345.0
2022-01-18,1.635094715852446,1.635094715852446,63537.0
2022-01-19,1.665004985044869,1.665004985044869,97117.0
2022-01-20,1.6530408773679,1.6530408773679,65803.0
2022-01-21,1.6370887337986078,1.6370887337986078,64965.0
2022-01-24,1.6390827517447693,1.6390827517447693,59143.0
2022-01-25,1.595214356929216,1.595214356929216,36616.0
2022-01-26,1.6071784646061853,1.6071784646061853,55176.0
2022-01-27,1.5892323030907316,1.5892323030907316,69186.0
2022-01-28,1.5772681954137624,1.5772681954137624,58655.0
2022-02-07,1.617148554336993,1.617148554336993,40293.0
2022-02-08,1.6550348953140617,1.6550348953140617,86440.0
2022-02-09,1.6630109670987077,1.6630109670987077,58277.0
2022-02-10,1.6849451645064843,1.6849451645064843,85349.0
2022-02-11,1.690927218344969,1.690927218344969,119080.0
2022-02-14,1.6570289132602232,1.6570289132602232,58147.0
2022-02-15,1.6430707876370925,1.6430707876370925,73943.0
2022-02-16,1.6630109670987079,1.6630109670987079,45019.0
2022-02-17,1.655034895314062,1.655034895314062,56061.0
2022-02-18,1.6949152542372925,1.6949152542372925,109507.0
2022-02-21,1.6949152542372925,1.6949152542372925,87153.0
2022-02-22,1.6809571286141618,1.6809571286141618,145404.0
2022-02-23,1.6709870388833543,1.6709870388833543,134017.0
2022-02-24,1.635094715852447,1.635094715852447,108227.0
2022-02-25,1.6291126620139624,1.6291126620139624,96021.0
2022-02-28,1.6311066799601242,1.6311066799601242,133682.0
2022-03-01,1.6490528414755778,1.6490528414755778,139454.0
2022-03-02,1.6630109670987085,1.6630109670987085,154975.0
2022-03-03,1.680957128614162,1.680957128614162,130598.0
2022-03-04,1.6669990029910313,1.6669990029910313,149590.0
2022-03-07,1.659022931206385,1.659022931206385,102429.0
2022-03-08,1.6071784646061857,1.6071784646061857,126394.0
2022-03-09,1.5872382851445705,1.5872382851445705,164682.0
2022-03-10,1.6031904287138627,1.6031904287138627,125532.0
2022-03-11,1.607178464606186,1.607178464606186,136307.0
2022-03-14,1.5792622133599246,1.5792622133599246,131456.0
2022-03-15,1.489531405782656,1.489531405782656,117078.0
2022-03-16,1.5214356929212405,1.5214356929212405,148744.0
2022-03-17,1.5413758723828557,1.5413758723828557,154002.0
2022-03-18,1.5872382851445705,1.5872382851445705,221593.0
2022-03-21,1.5792622133599243,1.5792622133599243,106287.0
2022-03-22,1.6031904287138625,1.6031904287138625,135627.0
2022-03-23,1.605184446660024,1.605184446660024,166060.0
2022-03-24,1.6011964107677008,1.6011964107677008,116308.0
2022-03-25,1.6011964107677008,1.6011964107677008,122997.0
2022-03-28,1.641076769690931,1.641076769690931,199041.0
2022-03-29,1.6331006979062848,1.6331006979062848,174712.0
2022-03-30,1.649052841475577,1.649052841475577,139096.0
2022-03-31,1.6789631106679999,1.6789631106679999,237093.0
2022-04-01,1.7048853439680995,1.7048853439680995,189964.0
2022-04-06,1.7328015952143607,1.7328015952143607,211071.0
2022-04-07,1.698903290129615,1.698903290129615,327672.0
2022-04-08,1.7268195413758762,1.7268195413758762,203779.0
2022-04-11,1.7128614157527455,1.7128614157527455,238755.0
2022-04-12,1.6969092721834533,1.6969092721834533,314505.0
2022-04-13,1.6929212362911303,1.6929212362911303,228376.0
2022-04-14,1.7188434695912302,1.7188434695912302,208689.0
2022-04-15,1.710867397806584,1.710867397806584,201207.0
2022-04-18,1.6829511465603229,1.6829511465603229,231688.0
2022-04-19,1.7008973080757763,1.7008973080757763,182973.0
2022-04-20,1.665004985044869,1.665004985044869,241139.0
2022-04-21,1.6331006979062845,1.6331006979062845,286175.0
2022-04-22,1.6590229312063842,1.6590229312063842,217030.0
2022-04-25,1.5932203389830542,1.5932203389830542,279553.0
2022-04-26,1.5932203389830542,1.5932203389830542,232869.0
2022-04-27,1.6011964107677001,1.6011964107677001,244171.0
2022-04-28,1.6350947158524458,1.6350947158524458,245408.0
2022-04-29,1.6610169491525455,1.6610169491525455,226394.0
2022-05-05,1.6610169491525455,1.6610169491525455,208370.0
2022-05-06,1.6171485543369921,1.6171485543369921,208302.0
2022-05-09,1.6251246261216379,1.6251246261216379,208237.0
2022-05-10,1.6410767696909299,1.6410767696909299,243735.0
2022-05-11,1.6430707876370916,1.6430707876370916,220075.0
2022-05-12,1.6390827517447686,1.6390827517447686,341099.0
2022-05-13,1.6689930209371913,1.6689930209371913,622197.0
2022-05-16,1.6829511465603222,1.6829511465603222,234792.0
2022-05-17,1.66699900299103,1.66699900299103,244268.0
2022-05-18,1.6590229312063838,1.6590229312063838,204201.0
2022-05-19,1.6689930209371915,1.6689930209371915,255944.0
2022-05-20,1.674975074775676,1.674975074775676,257236.0
2022-05-23,1.663010967098707,1.663010967098707,224291.0
2022-05-24,1.6331006979062843,1.6331006979062843,231006.0
2022-05-25,1.659022931206384,1.659022931206384,214399.0
2022-05-26,1.6769690927218377,1.6769690927218377,212482.0
2022-05-27,1.6849451645064837,1.6849451645064837,233431.0
2022-05-30,1.6869391824526452,1.6869391824526452,262579.0
2022-05-31,1.6829511465603222,1.6829511465603222,228625.0
2022-06-01,1.6849451645064837,1.6849451645064837,194879.0
2022-06-02,1.6729810568295145,1.6729810568295145,212971.0
2022-06-06,1.670987038883353,1.670987038883353,231472.0
2022-06-07,1.6729810568295145,1.6729810568295145,195137.0
2022-06-08,1.6829511465603222,1.6829511465603222,268066.0
2022-06-09,1.6889332003988067,1.6889332003988067,252358.0
2022-06-10,1.6929212362911297,1.6929212362911297,212802.0
2022-06-13,1.6650049850448685,1.6650049850448685,262953.0
2022-06-14,1.686939182452645,1.686939182452645,257117.0
2022-06-15,1.698903290129614,1.698903290129614,336723.0
2022-06-16,1.672981056829514,1.672981056829514,314592.0
2022-06-17,1.6669990029910295,1.6669990029910295,274465.0
2022-06-20,1.661016949152545,1.661016949152545,213117.0
2022-06-21,1.6669990029910298,1.6669990029910298,365930.0
2022-06-22,1.645064805583253,1.645064805583253,214429.0
2022-06-23,1.6510468594217376,1.6510468594217376,242069.0
2022-06-24,1.645064805583253,1.645064805583253,254773.0
2022-06-27,1.6650049850448685,1.6650049850448685,233148.0
2022-06-28,1.6729810568295145,1.6729810568295145,208639.0
2022-06-29,1.6849451645064837,1.6849451645064837,285536.0
2022-06-30,1.6909272183449684,1.6909272183449684,261410.0
2022-07-01,1.6909272183449684,1.6909272183449684,263594.0
2022-07-04,1.688933200398807,1.688933200398807,246902.0
2022-07-05,1.6949152542372916,1.6949152542372916,290145.0
2022-07-06,1.6590229312063842,1.6590229312063842,264430.0
2022-07-07,1.6630109670987074,1.6630109670987074,182630.0
2022-07-08,1.6630109670987074,1.6630109670987074,216047.0
2022-07-11,1.6530408773679,1.6530408773679,208441.0
2022-07-12,1.6669990029910304,1.6669990029910304,259710.0
2022-07-13,1.6669990029910304,1.6669990029910304,185257.0
2022-07-14,1.639082751744769,1.639082751744769,291493.0
2022-07-15,1.615154536390831,1.615154536390831,246205.0
2022-07-18,1.6470588235294152,1.6470588235294152,244192.0
2022-07-19,1.6490528414755765,1.6490528414755765,204747.0
2022-07-20,1.6570289132602227,1.6570289132602227,201488.0
2022-07-21,1.631106679960123,1.631106679960123,228768.0
2022-07-22,1.6251246261216385,1.6251246261216385,190207.0
2022-07-25,1.6271186440678,1.6271186440678,179080.0
2022-07-26,1.6450648055832537,1.6450648055832537,212011.0
2022-07-27,1.6390827517447693,1.6390827517447693,177782.0
2022-07-28,1.6430707876370925,1.6430707876370925,229410.0
2022-07-29,1.6291126620139618,1.6291126620139618,215710.0
2022-08-01,1.6291126620139618,1.6291126620139618,183272.0
2022-08-02,1.5972083748753776,1.5972083748753776,295412.0
2022-08-03,1.575274177467601,1.575274177467601,237341.0
2022-08-04,1.5852442671984086,1.5852442671984086,223538.0
2022-08-05,1.5932203389830546,1.5932203389830546,229265.0
2022-08-08,1.6091724825523466,1.6091724825523466,207689.0
2022-08-09,1.6171485543369926,1.6171485543369926,199494.0
2022-08-10,1.611166500498508,1.611166500498508,193494.0
2022-08-11,1.6271186440677998,1.6271186440677998,253481.0
2022-08-12,1.6410767696909303,1.6410767696909303,199203.0
2022-08-15,1.6410767696909303,1.6410767696909303,256750.0
2022-08-16,1.6450648055832533,1.6450648055832533,387036.0
2022-08-17,1.6490528414755763,1.6490528414755763,246174.0
2022-08-18,1.637088733798607,1.637088733798607,213898.0
2022-08-19,1.6530408773678993,1.6530408773678993,236800.0
2022-08-22,1.6610169491525453,1.6610169491525453,192400.0
2022-08-23,1.6650049850448685,1.6650049850448685,242678.0
2022-08-24,1.6510468594217378,1.6510468594217378,216013.0
2022-08-25,1.6829511465603222,1.6829511465603222,328760.0
2022-08-26,1.6829511465603222,1.6829511465603222,299325.0
2022-08-29,1.6949152542372914,1.6949152542372914,260938.0
2022-08-30,1.6989032901296146,1.6989032901296146,231340.0
2022-08-31,1.688933200398807,1.688933200398807,293811.0
2022-09-01,1.7028913260219374,1.7028913260219374,308949.0
2022-09-02,1.7028913260219374,1.7028913260219374,282524.0
2022-09-05,1.73280159521436,1.73280159521436,272539.0
2022-09-06,1.754735792622137,1.754735792622137,271866.0
2022-09-07,1.75872382851446,1.75872382851446,281396.0
2022-09-08,1.7607178464606215,1.7607178464606215,240695.0
2022-09-09,1.7826520438683984,1.7826520438683984,265900.0
2022-09-13,1.7726819541375909,1.7726819541375909,259375.0
2022-09-14,1.7547357926221372,1.7547357926221372,255958.0
2022-09-15,1.7726819541375909,1.7726819541375909,346944.0
2022-09-16,1.7168494516450683,1.7168494516450683,294241.0
2022-09-19,1.7148554336989068,1.7148554336989068,302042.0
2022-09-20,1.704885343968099,1.704885343968099,247433.0
2022-09-21,1.7228315054835528,1.7228315054835528,254720.0
2022-09-22,1.7148554336989066,1.7148554336989066,255370.0
2022-09-23,1.6989032901296144,1.6989032901296144,285875.0
2022-09-26,1.670987038883353,1.670987038883353,286908.0
2022-09-27,1.6849451645064837,1.6849451645064837,260849.0
2022-09-28,1.674975074775676,1.674975074775676,252742.0
2022-09-29,1.6590229312063838,1.6590229312063838,256342.0
2022-09-30,1.6650049850448683,1.6650049850448683,268367.0
2022-10-10,1.678963110667999,1.678963110667999,229583.0
2022-10-11,1.6709870388833528,1.6709870388833528,228940.0
2022-10-12,1.6849451645064835,1.6849451645064835,286527.0
2022-10-13,1.686939182452645,1.686939182452645,236805.0
2022-10-14,1.6889332003988067,1.6889332003988067,242049.0
2022-10-17,1.6809571286141605,1.6809571286141605,231055.0
2022-10-18,1.6769690927218375,1.6769690927218375,213221.0
2022-10-19,1.66699900299103,1.66699900299103,256261.0
2022-10-20,1.655034895314061,1.655034895314061,223158.0
2022-10-21,1.6610169491525455,1.6610169491525455,252989.0
2022-10-24,1.625124626121638,1.625124626121638,245929.0
2022-10-25,1.6131605184446693,1.6131605184446693,216741.0
2022-10-26,1.6011964107677004,1.6011964107677004,229925.0
2022-10-27,1.6071784646061849,1.6071784646061849,215194.0
2022-10-28,1.5792622133599235,1.5792622133599235,250576.0
2022-10-31,1.539381854436693,1.539381854436693,256495.0
2022-11-01,1.5553339980059853,1.5553339980059853,245764.0
2022-11-02,1.577268195413762,1.577268195413762,254714.0
2022-11-03,1.565304087736793,1.565304087736793,214420.0
2022-11-04,1.5852442671984082,1.5852442671984082,262456.0
2022-11-07,1.5992023928215389,1.5992023928215389,382606.0
2022-11-08,1.5952143569292159,1.5952143569292159,153801.0
2022-11-09,1.5972083748753774,1.5972083748753774,139273.0
2022-11-10,1.5972083748753774,1.5972083748753774,263042.0
2022-11-11,1.643070787637092,1.643070787637092,270782.0
2022-11-14,1.6311066799601228,1.6311066799601228,232247.0
2022-11-15,1.6430707876370918,1.6430707876370918,199034.0
2022-11-16,1.637088733798607,1.637088733798607,254557.0
2022-11-17,1.633100697906284,1.633100697906284,172532.0
2022-11-18,1.6271186440677996,1.6271186440677996,169283.0
2022-11-21,1.6151545363908306,1.6151545363908306,204227.0
2022-11-22,1.6331006979062843,1.6331006979062843,273641.0
2022-11-23,1.6490528414755765,1.6490528414755765,261021.0
2022-11-24,1.6530408773678993,1.6530408773678993,210002.0
2022-11-25,1.6929212362911297,1.6929212362911297,257509.0
2022-11-28,1.674975074775676,1.674975074775676,224100.0
2022-11-29,1.7228315054835526,1.7228315054835526,223879.0
2022-11-30,1.7228315054835526,1.7228315054835526,250299.0
2022-12-01,1.7108673978065836,1.7108673978065836,331294.0
2022-12-02,1.6969092721834529,1.6969092721834529,211326.0
2022-12-05,1.7268195413758758,1.7268195413758758,177918.0
2022-12-06,1.7168494516450683,1.7168494516450683,197018.0
2022-12-07,1.7068793619142608,1.7068793619142608,207782.0
2022-12-08,1.7168494516450685,1.7168494516450685,427889.0
2022-12-09,1.7088733798604225,1.7088733798604225,210308.0
2022-12-12,1.6749750747756766,1.6749750747756766,426581.0
2022-12-13,1.6809571286141611,1.6809571286141611,150771.0
2022-12-14,1.6729810568295151,1.6729810568295151,148791.0
2022-12-15,1.6590229312063844,1.6590229312063844,153363.0
2022-12-16,1.6709870388833536,1.6709870388833536,173115.0
2022-12-19,1.6470588235294155,1.6470588235294155,157749.0
2022-12-20,1.6311066799601233,1.6311066799601233,142187.0
2022-12-21,1.6311066799601233,1.6311066799601233,142447.0
2022-12-22,1.623130608175477,1.623130608175477,145078.0
2022-12-23,1.6131605184446698,1.6131605184446698,135462.0
2022-12-26,1.6131605184446698,1.6131605184446698,139597.0
2022-12-27,1.6331006979062848,1.6331006979062848,158362.0
2022-12-28,1.6311066799601233,1.6311066799601233,144006.0
2022-12-29,1.623130608175477,1.623130608175477,140782.0
2022-12-30,1.631106679960123,1.631106679960123,135264.0
2023-01-03,1.639082751744769,1.639082751744769,199669.0
2023-01-04,1.6490528414755767,1.6490528414755767,197511.0
2023-01-05,1.6470588235294152,1.6470588235294152,186023.0
2023-01-06,1.6490528414755765,1.6490528414755765,161330.0
2023-01-09,1.647058823529415,1.647058823529415,178548.0
2023-01-10,1.635094715852446,1.635094715852446,206143.0
2023-01-11,1.643070787637092,1.643070787637092,209443.0
2023-01-12,1.639082751744769,1.639082751744769,190372.0
2023-01-13,1.6570289132602227,1.6570289132602227,276154.0
2023-01-16,1.6590229312063844,1.6590229312063844,209664.0
2023-01-17,1.6550348953140614,1.6550348953140614,226767.0
2023-01-18,1.6630109670987074,1.6630109670987074,224446.0
2023-01-19,1.668993020937192,1.668993020937192,170435.0
2023-01-20,1.684945164506484,1.684945164506484,214552.0
2023-01-30,1.6749750747756762,1.6749750747756762,231988.0
2023-01-31,1.6829511465603222,1.6829511465603222,219378.0
2023-02-01,1.6929212362911297,1.6929212362911297,311054.0
2023-02-02,1.6909272183449682,1.6909272183449682,289992.0
2023-02-03,1.6809571286141605,1.6809571286141605,374438.0
2023-02-06,1.674975074775676,1.674975074775676,287838.0
2023-02-07,1.6809571286141605,1.6809571286141605,249878.0
2023-02-08,1.674975074775676,1.674975074775676,207712.0
2023-02-09,1.6889332003988065,1.6889332003988065,210340.0
2023-02-10,1.6969092721834524,1.6969092721834524,229430.0
2023-02-13,1.702891326021937,1.702891326021937,172190.0
2023-02-14,1.7088733798604212,1.7088733798604212,188376.0
2023-02-15,1.7048853439680982,1.7048853439680982,143574.0
2023-02-16,1.6989032901296137,1.6989032901296137,238989.0
2023-02-17,1.6929212362911292,1.6929212362911292,142736.0
2023-02-20,1.7288135593220364,1.7288135593220364,256677.0
2023-02-21,1.7467597208374899,1.7467597208374899,154928.0
2023-02-22,1.750747756729813,1.750747756729813,428351.0
2023-02-23,1.742771684945167,1.742771684945167,395176.0
2023-02-24,1.7447657028913288,1.7447657028913288,192069.0
2023-02-27,1.7367896311066828,1.7367896311066828,205968.0
2023-02-28,1.7447657028913288,1.7447657028913288,241790.0
2023-03-01,1.7547357926221365,1.7547357926221365,203994.0
2023-03-02,1.7706879361914285,1.7706879361914285,219764.0
2023-03-03,1.7846460618145592,1.7846460618145592,183586.0
2023-03-06,1.7846460618145592,1.7846460618145592,141280.0
2023-03-07,1.7786640079760745,1.7786640079760745,144245.0
2023-03-08,1.7746759720837515,1.7746759720837515,204127.0
2023-03-09,1.77268195413759,1.77268195413759,160756.0
2023-03-10,1.7367896311066826,1.7367896311066826,145306.0
2023-03-13,1.7607178464606208,1.7607178464606208,140803.0
2023-03-14,1.7527417746759748,1.7527417746759748,129975.0
2023-03-15,1.7806580259222362,1.7806580259222362,149674.0
2023-03-16,1.7666999002991055,1.7666999002991055,147338.0
2023-03-17,1.7946161515453667,1.7946161515453667,169395.0
2023-03-20,1.7826520438683975,1.7826520438683975,203102.0
2023-03-21,1.7786640079760745,1.7786640079760745,138582.0
2023-03-22,1.7886340977068822,1.7886340977068822,148016.0
2023-03-23,1.7886340977068822,1.7886340977068822,106683.0
2023-03-24,1.7746759720837517,1.7746759720837517,134080.0
2023-03-27,1.760717846460621,1.760717846460621,147986.0
2023-03-28,1.7666999002991055,1.7666999002991055,94232.0
2023-03-29,1.7567298105682978,1.7567298105682978,117190.0
2023-03-30,1.760717846460621,1.760717846460621,154171.0
2023-03-31,1.7686939182452672,1.7686939182452672,206599.0
2023-04-03,1.786640079760721,1.786640079760721,140668.0
2023-04-04,1.7986041874376901,1.7986041874376901,273478.0
2023-04-06,1.786640079760721,1.786640079760721,140914.0
2023-04-07,1.7806580259222364,1.7806580259222364,227287.0
2023-04-10,1.778664007976075,1.778664007976075,237585.0
2023-04-11,1.8025922233300131,1.8025922233300131,247408.0
2023-04-12,1.8384845463609205,1.8384845463609205,340621.0
2023-04-13,1.840478564307082,1.840478564307082,574355.0
2023-04-14,1.8325024925224358,1.8325024925224358,269309.0
2023-04-17,1.852442671984051,1.852442671984051,513421.0
2023-04-18,1.8584247258225355,1.8584247258225355,945981.0
2023-04-19,1.8624127617148585,1.8624127617148585,476435.0
2023-04-20,1.8763708873379887,1.8763708873379887,637988.0
2023-04-21,1.8504486540378893,1.8504486540378893,702798.0
2023-04-24,1.8544366899302125,1.8544366899302125,469814.0
2023-04-25,1.8664007976071815,1.8664007976071815,521261.0
2023-04-26,1.8703888334995045,1.8703888334995045,496674.0
2023-04-27,1.8743768693918275,1.8743768693918275,412990.0
2023-04-28,1.9142572283150576,1.9142572283150576,570396.0
2023-05-04,1.9720837487537417,1.9720837487537417,1278591.0
2023-05-05,1.962113659022934,1.962113659022934,1326977.0
2023-05-08,2.0159521435692946,2.0159521435692946,1140562.0
2023-05-09,1.9900299102691952,1.9900299102691952,826848.0
2023-05-10,1.9401794616151573,1.9401794616151573,2106985.0
2023-05-11,1.9541375872382878,1.9541375872382878,1579554.0
2023-05-12,1.9202392821535421,1.9202392821535421,666389.0
2023-05-15,1.9122632103688961,1.9122632103688961,1508861.0
2023-05-16,1.888334995014958,1.888334995014958,520636.0
2023-05-17,1.8863409770687964,1.8863409770687964,362776.0
2023-05-18,1.9062811565304119,1.9062811565304119,876529.0
2023-05-19,1.876370887337989,1.876370887337989,952828.0
2023-05-22,1.872382851445666,1.872382851445666,331878.0
2023-05-23,1.8464606181455665,1.8464606181455665,574354.0
2023-05-24,1.8205383848454666,1.8205383848454666,610148.0
2023-05-25,1.8085742771684976,1.8085742771684976,454978.0
2023-05-26,1.8384845463609203,1.8384845463609203,593418.0
2023-05-29,1.8424725822532433,1.8424725822532433,541708.0
2023-05-30,1.856430707876374,1.856430707876374,565200.0
2023-05-31,1.8404785643070818,1.8404785643070818,393655.0
2023-06-01,1.848454636091728,1.848454636091728,594082.0
2023-06-02,1.848454636091728,1.848454636091728,319570.0
2023-06-05,1.872382851445666,1.872382851445666,487664.0
2023-06-06,1.856430707876374,1.856430707876374,382539.0
2023-06-07,1.876370887337989,1.876370887337989,311409.0
2023-06-08,1.8863409770687964,1.8863409770687964,2233486.0
2023-06-09,1.892323030907281,1.892323030907281,1108457.0
2023-06-12,1.8743768693918272,1.8743768693918272,1115995.0
2023-06-13,1.8703888334995042,1.8703888334995042,610875.0
2023-06-14,1.8564307078763738,1.8564307078763738,2636715.0
2023-06-15,1.8604187437686968,1.8604187437686968,609893.0
2023-06-16,1.8604187437686968,1.8604187437686968,493320.0
2023-06-19,1.8305084745762739,1.8305084745762739,1213656.0
2023-06-20,1.8185443668993049,1.8185443668993049,543298.0
2023-06-21,1.806580259222336,1.806580259222336,671249.0
2023-06-26,1.768693918245267,1.768693918245267,471533.0
2023-06-27,1.8045862412761742,1.8045862412761742,703178.0
2023-06-28,1.8125623130608204,1.8125623130608204,657745.0
2023-06-29,1.8065802592223357,1.8065802592223357,375427.0
2023-06-30,1.8165503489531432,1.8165503489531432,231358.0
2023-07-03,1.8384845463609198,1.8384845463609198,319082.0
2023-07-04,1.8364905284147583,1.8364905284147583,683172.0
2023-07-05,1.8325024925224354,1.8325024925224354,316453.0
2023-07-06,1.8265204386839506,1.8265204386839506,340199.0
2023-07-07,1.8305084745762736,1.8305084745762736,527494.0
2023-07-10,1.8344965104685966,1.8344965104685966,343299.0
2023-07-11,1.8364905284147581,1.8364905284147581,371123.0
2023-07-12,1.8384845463609196,1.8384845463609196,770355.0
2023-07-13,1.8604187437686963,1.8604187437686963,272497.0
2023-07-14,1.8683948155533425,1.8683948155533425,454509.0
2023-07-17,1.8544366899302118,1.8544366899302118,458063.0
2023-07-18,1.8504486540378886,1.8504486540378886,225837.0
2023-07-19,1.864406779661019,1.864406779661019,479536.0
2023-07-20,1.8524426719840499,1.8524426719840499,307699.0
2023-07-21,1.8504486540378884,1.8504486540378884,345009.0
2023-07-24,1.8544366899302116,1.8544366899302116,451886.0
2023-07-25,1.888334995014957,1.888334995014957,566480.0
2023-07-26,1.884346959122634,1.884346959122634,1748027.0
2023-07-27,1.8883349950149573,1.8883349950149573,766675.0
2023-07-28,1.9202392821535417,1.9202392821535417,805660.0
2023-07-31,1.9322033898305109,1.9322033898305109,1111660.0
2023-08-01,1.9322033898305109,1.9322033898305109,512988.0
2023-08-02,1.9122632103688957,1.9122632103688957,531006.0
2023-08-03,1.9162512462612187,1.9162512462612187,596197.0
2023-08-04,1.9182452642073802,1.9182452642073802,675189.0
2023-08-07,1.9002991026919265,1.9002991026919265,469225.0
2023-08-08,1.9082751744765727,1.9082751744765727,454301.0
2023-08-09,1.894317048853442,1.894317048853442,515513.0
2023-08-10,1.894317048853442,1.894317048853442,369059.0
2023-08-11,1.8743768693918268,1.8743768693918268,946159.0
2023-08-14,1.8703888334995038,1.8703888334995038,729020.0
2023-08-15,1.882352941176473,1.882352941176473,1531771.0
2023-08-16,1.8723828514456653,1.8723828514456653,588434.0
2023-08-17,1.8703888334995036,1.8703888334995036,1086156.0
2023-08-18,1.8664007976071808,1.8664007976071808,585370.0
2023-08-21,1.8524426719840503,1.8524426719840503,492497.0
2023-08-22,1.8783649052841498,1.8783649052841498,511704.0
2023-08-23,1.8723828514456653,1.8723828514456653,726416.0
2023-08-24,1.8644067796610195,1.8644067796610195,966008.0
2023-08-25,1.862412761714858,1.862412761714858,911844.0
2023-08-28,1.8843469591226345,1.8843469591226345,741041.0
2023-08-29,1.8863409770687958,1.8863409770687958,905475.0
2023-08-30,1.8683948155533423,1.8683948155533423,1107853.0
2023-08-31,1.8584247258225346,1.8584247258225346,698036.0
2023-09-01,1.868394815553342,1.868394815553342,409737.0
2023-09-04,1.9062811565304107,1.9062811565304107,947639.0
2023-09-05,1.888334995014957,1.888334995014957,820348.0
2023-09-06,1.880358923230311,1.880358923230311,797330.0
2023-09-07,1.8783649052841496,1.8783649052841496,703455.0
2023-09-08,1.8703888334995036,1.8703888334995036,673450.0
2023-09-11,1.8823529411764728,1.8823529411764728,605973.0
2023-09-12,1.8783649052841498,1.8783649052841498,409944.0
2023-09-13,1.8803589232303115,1.8803589232303115,953486.0
2023-09-14,1.8923230309072805,1.8923230309072805,1048418.0
2023-09-15,1.894317048853442,1.894317048853442,1149402.0
2023-09-18,1.894317048853442,1.894317048853442,752061.0
2023-09-19,1.9042871385842497,1.9042871385842497,833981.0
2023-09-20,1.916251246261219,1.916251246261219,2396196.0
2023-09-21,1.9002991026919267,1.9002991026919267,910773.0
2023-09-22,1.9102691924227344,1.9102691924227344,1587467.0
2023-09-25,1.9102691924227344,1.9102691924227344,744079.0
2023-09-26,1.9062811565304114,1.9062811565304114,693900.0
2023-09-27,1.900299102691927,1.900299102691927,871525.0
2023-09-28,1.8983050847457654,1.8983050847457654,650308.0
2023-10-09,1.892323030907281,1.892323030907281,985705.0
2023-10-10,1.8664007976071813,1.8664007976071813,914472.0
2023-10-11,1.8664007976071813,1.8664007976071813,793693.0
2023-10-12,1.8903290129611194,1.8903290129611194,1214038.0
2023-10-13,1.888334995014958,1.888334995014958,703115.0
2023-10-16,1.8963110667996042,1.8963110667996042,552985.0
2023-10-17,1.9062811565304116,1.9062811565304116,767631.0
2023-10-18,1.896311066799604,1.896311066799604,788700.0
2023-10-19,1.8564307078763738,1.8564307078763738,1087348.0
2023-10-20,1.8624127617148583,1.8624127617148583,913773.0
2023-10-23,1.8245264207377894,1.8245264207377894,1423713.0
2023-10-24,1.834496510468597,1.834496510468597,685155.0
2023-10-25,1.8564307078763738,1.8564307078763738,718959.0
2023-10-26,1.8624127617148583,1.8624127617148583,779473.0
2023-10-27,1.870388833499504,1.870388833499504,665017.0
2023-10-30,1.83848454636092,1.83848454636092,2494343.0
2023-10-31,1.83848454636092,1.83848454636092,600812.0
2023-11-01,1.8404785643070816,1.8404785643070816,775697.0
2023-11-02,1.8444666001994046,1.8444666001994046,632090.0
2023-11-03,1.8325024925224354,1.8325024925224354,843963.0
2023-11-06,1.8285144566301124,1.8285144566301124,1356043.0
2023-11-07,1.8325024925224354,1.8325024925224354,1412989.0
2023-11-08,1.8325024925224354,1.8325024925224354,1138706.0
2023-11-09,1.8364905284147583,1.8364905284147583,738458.0
2023-11-10,1.8265204386839509,1.8265204386839509,822109.0
2023-11-13,1.8325024925224354,1.8325024925224354,565769.0
2023-11-14,1.8344965104685969,1.8344965104685969,1129553.0
2023-11-15,1.8484546360917276,1.8484546360917276,599199.0
2023-11-16,1.846460618145566,1.846460618145566,1516081.0
2023-11-17,1.842472582253243,1.842472582253243,400324.0
2023-11-20,1.850448654037889,1.850448654037889,697365.0
2023-11-21,1.8564307078763738,1.8564307078763738,1222884.0
2023-11-22,1.8484546360917278,1.8484546360917278,942104.0
2023-11-23,1.8604187437686968,1.8604187437686968,696007.0
2023-11-24,1.8604187437686968,1.8604187437686968,561937.0
2023-11-27,1.846460618145566,1.846460618145566,660349.0
2023-11-28,1.846460618145566,1.846460618145566,577189.0
2023-11-29,1.8325024925224354,1.8325024925224354,683804.0
2023-11-30,1.8364905284147583,1.8364905284147583,577157.0
2023-12-01,1.858424725822535,1.858424725822535,840639.0
2023-12-04,1.850448654037889,1.850448654037889,950195.0
2023-12-05,1.8265204386839506,1.8265204386839506,1644495.0
2023-12-06,1.820538384845466,1.820538384845466,737463.0
2023-12-07,1.8185443668993044,1.8185443668993044,703695.0
2023-12-08,1.816550348953143,1.816550348953143,752788.0
2023-12-11,1.8344965104685966,1.8344965104685966,923386.0
2023-12-12,1.8444666001994041,1.8444666001994041,715243.0
2023-12-13,1.832502492522435,1.832502492522435,897795.0
2023-12-14,1.8305084745762734,1.8305084745762734,425394.0
2023-12-15,1.8205383848454657,1.8205383848454657,456735.0
2023-12-18,1.8185443668993042,1.8185443668993042,433974.0
2023-12-19,1.8165503489531427,1.8165503489531427,585921.0
2023-12-20,1.8105682951146582,1.8105682951146582,628929.0
2023-12-21,1.8065802592223352,1.8065802592223352,703163.0
2023-12-22,1.8085742771684965,1.8085742771684965,757919.0
2023-12-25,1.806580259222335,1.806580259222335,581641.0
2023-12-26,1.8045862412761735,1.8045862412761735,1663328.0
2023-12-27,1.818544366899304,1.818544366899304,655904.0
2023-12-28,1.814556331006981,1.814556331006981,1003049.0
2023-12-29,1.822532402791627,1.822532402791627,926120.0
2024-01-02,1.8444666001994037,1.8444666001994037,1418845.0
2024-01-03,1.864406779661019,1.864406779661019,5676371.0
2024-01-04,1.8863409770687958,1.8863409770687958,2787012.0
2024-01-05,1.888334995014957,1.888334995014957,7835173.0
2024-01-08,1.8664007976071806,1.8664007976071806,2466271.0
2024-01-09,1.880358923230311,1.880358923230311,1732291.0
2024-01-10,1.8703888334995036,1.8703888334995036,1006328.0
2024-01-11,1.8544366899302116,1.8544366899302116,2876757.0
2024-01-12,1.8624127617148578,1.8624127617148578,1064067.0
2024-01-15,1.876370887337988,1.876370887337988,1735592.0
2024-01-16,1.888334995014957,1.888334995014957,2247587.0
2024-01-17,1.8624127617148576,1.8624127617148576,2764283.0
2024-01-18,1.8504486540378884,1.8504486540378884,3131709.0
2024-01-19,1.8384845463609192,1.8384845463609192,1494269.0
2024-01-22,1.7906281156530428,1.7906281156530428,3573096.0
2024-01-23,1.802592223330012,1.802592223330012,1888937.0
2024-01-24,1.844466600199404,1.844466600199404,1847208.0
2024-01-25,1.9002991026919263,1.9002991026919263,2342443.0
2024-01-26,1.9322033898305107,1.9322033898305107,2515718.0
2024-01-29,1.9322033898305107,1.9322033898305107,2420622.0
2024-01-30,1.91824526420738,1.91824526420738,2093586.0
2024-01-31,1.9062811565304107,1.9062811565304107,2237214.0
2024-02-01,1.8863409770687956,1.8863409770687956,1315366.0
2024-02-02,1.8903290129611185,1.8903290129611185,8634193.0
2024-02-05,1.8943170488534418,1.8943170488534418,3960890.0
2024-02-06,1.9202392821535414,1.9202392821535414,2893650.0
2024-02-07,1.9421734795613181,1.9421734795613181,3177168.0
2024-02-08,1.9401794616151566,1.9401794616151566,1988240.0
2024-02-19,1.9860418743768715,1.9860418743768715,2566606.0
2024-02-20,2.001994017946164,2.001994017946164,1802413.0
2024-02-21,2.0119641076769716,2.0119641076769716,3645283.0
2024-02-22,2.03589232303091,2.03589232303091,1619079.0
2024-02-23,2.039880358923233,2.039880358923233,1503529.0
2024-02-26,1.988035892323034,1.988035892323034,3543459.0
2024-02-27,2.0019940179461644,2.0019940179461644,1572080.0
2024-02-28,1.9860418743768722,1.9860418743768722,1959590.0
2024-02-29,2.0019940179461644,2.0019940179461644,1393833.0
2024-03-01,2.0019940179461644,2.0019940179461644,1320196.0
2024-03-04,2.011964107676972,2.011964107676972,1525870.0
2024-03-05,2.029910269192426,2.029910269192426,2495958.0
2024-03-06,2.029910269192426,2.029910269192426,1305557.0
2024-03-07,2.03589232303091,2.03589232303091,1175573.0
2024-03-08,2.0478564307078795,2.0478564307078795,2036054.0
2024-03-11,2.0338983050847492,2.0338983050847492,3933511.0
2024-03-12,1.9840478564307111,1.9840478564307111,4469738.0
2024-03-13,1.980059820538388,1.980059820538388,3095790.0
2024-03-14,1.9860418743768726,1.9860418743768726,1577178.0
2024-03-15,1.9880358923230341,1.9880358923230341,3053210.0
2024-03-18,1.9900299102691954,1.9900299102691954,1485705.0
2024-03-19,1.9820538384845494,1.9820538384845494,897343.0
2024-03-20,1.9940179461615184,1.9940179461615184,1129729.0
2024-03-21,2.0059820538384874,2.0059820538384874,1660843.0
2024-03-22,1.9960119641076794,1.9960119641076794,1356711.0
2024-03-25,2.000000000000002,2.000000000000002,1452677.0
2024-03-26,2.001994017946164,2.001994017946164,1358722.0
2024-03-27,1.9900299102691947,1.9900299102691947,2162568.0
2024-03-28,1.9940179461615175,1.9940179461615175,1146622.0
2024-03-29,2.02392821535394,2.02392821535394,2350912.0
2024-04-01,2.02392821535394,2.02392821535394,1390671.0
2024-04-02,2.0398803589232326,2.0398803589232326,935867.0
2024-04-03,2.0598205383848476,2.0598205383848476,4966159.0
2024-04-08,2.0658025922233327,2.0658025922233327,6237070.0
2024-04-09,2.0518444666002016,2.0518444666002016,1193677.0
2024-04-10,2.0538384845463633,2.0538384845463633,1693053.0
2024-04-11,2.079760717846463,2.079760717846463,2300679.0
2024-04-12,2.0737786640079787,2.0737786640079787,1703722.0
2024-04-15,2.1196410767696934,2.1196410767696934,3268639.0
2024-04-16,2.1156530408773704,2.1156530408773704,2742182.0
2024-04-17,2.1575274177467625,2.1575274177467625,3737670.0
2024-04-18,2.1575274177467625,2.1575274177467625,4505033.0
2024-04-19,2.1615154536390855,2.1615154536390855,2772687.0
2024-04-22,2.117647058823532,2.117647058823532,3500655.0
2024-04-23,2.0857427716849477,2.0857427716849477,3619366.0
2024-04-24,2.079760717846463,2.079760717846463,2128627.0
2024-04-25,2.097706879361917,2.097706879361917,1877485.0
2024-04-26,2.071784646061817,2.071784646061817,5013460.0
2024-04-29,2.0658025922233327,2.0658025922233327,12983285.0
2024-04-30,2.0737786640079787,2.0737786640079787,2877419.0
2024-05-06,2.0877367896311094,2.0877367896311094,2236476.0
2024-05-07,2.089730807577271,2.089730807577271,1704702.0
2024-05-08,2.0997008973080784,2.0997008973080784,2637057.0
2024-05-09,2.1156530408773704,2.1156530408773704,1675034.0
2024-05-10,2.125623130608178,2.125623130608178,2123880.0
2024-05-13,2.137587238285147,2.137587238285147,2951282.0
2024-05-14,2.129611166500501,2.129611166500501,1950948.0
2024-05-15,2.125623130608178,2.125623130608178,3559273.0
2024-05-16,2.129611166500501,2.129611166500501,1761702.0
2024-05-17,2.1435692921236313,2.1435692921236313,1605503.0
2024-05-20,2.1674975074775693,2.1674975074775693,2443983.0
2024-05-21,2.1714855433698923,2.1714855433698923,2371600.0
2024-05-22,2.169491525423731,2.169491525423731,1989113.0
2024-05-23,2.145563310069793,2.145563310069793,2449222.0
2024-05-24,2.145563310069793,2.145563310069793,2484445.0
2024-05-27,2.1834496510468617,2.1834496510468617,2066873.0
2024-05-28,2.1734795613160545,2.1734795613160545,2528860.0
2024-05-29,2.1774675972083775,2.1774675972083775,2145286.0
2024-05-30,2.1595214356929238,2.1595214356929238,2031720.0
2024-05-31,2.1635094715852468,2.1635094715852468,1345787.0
2024-06-03,2.1355932203389854,2.1355932203389854,1869284.0
2024-06-04,2.1455633100697935,2.1455633100697935,2023143.0
2024-06-05,2.113659022931209,2.113659022931209,2070208.0
2024-06-06,2.1256231306081785,2.1256231306081785,2074641.0
2024-06-07,2.143569292123632,2.143569292123632,1964046.0
2024-06-11,2.1036889332004014,2.1036889332004014,2282032.0
2024-06-12,2.1256231306081785,2.1256231306081785,1657816.0
2024-06-13,2.103688933200402,2.103688933200402,1702315.0
2024-06-14,2.1096709870388866,2.1096709870388866,1323256.0
2024-06-17,2.081754735792625,2.081754735792625,1790828.0
2024-06-18,2.0877367896311094,2.0877367896311094,1785188.0
2024-06-19,2.0957128614157554,2.0957128614157554,2029810.0
2024-06-20,2.093718843469594,2.093718843469594,1407511.0
2024-06-21,2.093718843469594,2.093718843469594,1214234.0
2024-06-24,2.0658025922233327,2.0658025922233327,1450021.0
2024-06-25,2.077766699900302,2.077766699900302,1600879.0
2024-06-26,2.0877367896311094,2.0877367896311094,1938458.0
2024-06-27,2.085742771684948,2.085742771684948,2339638.0
2024-06-28,2.111665004985048,2.111665004985048,3273726.0
2024-07-01,2.149551345962117,2.149551345962117,2014583.0
2024-07-02,2.15353938185444,2.15353938185444,2133977.0
2024-07-03,2.129611166500502,2.129611166500502,2199186.0
2024-07-04,2.121635094715856,2.121635094715856,1325878.0
2024-07-05,2.1076769690927253,2.1076769690927253,1867090.0
2024-07-08,2.097706879361918,2.097706879361918,2165033.0
2024-07-09,2.1236291126620177,2.1236291126620177,2164721.0
2024-07-10,2.081754735792626,2.081754735792626,3848583.0
2024-07-11,2.085742771684949,2.085742771684949,1609355.0
2024-07-12,2.0877367896311108,2.0877367896311108,3618035.0
2024-07-15,2.1076769690927257,2.1076769690927257,2038330.0
2024-07-16,2.0997008973080797,2.0997008973080797,1288408.0
2024-07-17,2.0877367896311108,2.0877367896311108,1096736.0
2024-07-18,2.0957128614157567,2.0957128614157567,1670942.0
2024-07-19,2.0797607178464648,2.0797607178464648,1981984.0
2024-07-22,2.0598205383848494,2.0598205383848494,2268352.0
2024-07-23,2.0518444666002034,2.0518444666002034,1540971.0
2024-07-24,2.0518444666002034,2.0518444666002034,1835225.0
2024-07-25,2.041874376869396,2.041874376869396,1705425.0
2024-07-26,2.025922233300104,2.025922233300104,1526349.0
2024-07-29,2.035892323030912,2.035892323030912,1328579.0
2024-07-30,2.01994017946162,2.01994017946162,1421796.0
2024-07-31,2.041874376869397,2.041874376869397,2131880.0
2024-08-01,2.0438683948155587,2.0438683948155587,1497218.0
2024-08-02,2.0398803589232357,2.0398803589232357,1612700.0
2024-08-05,2.0199401794616207,2.0199401794616207,2036130.0
2024-08-06,2.0079760717846518,2.0079760717846518,1948766.0
2024-08-07,2.0179461615154595,2.0179461615154595,1219792.0
2024-08-08,2.0179461615154595,2.0179461615154595,935344.0
2024-08-09,2.0219341974077825,2.0219341974077825,1087281.0
2024-08-12,2.0279162512462667,2.0279162512462667,1093747.0
2024-08-13,2.0338983050847514,2.0338983050847514,1203526.0
2024-08-14,2.0279162512462667,2.0279162512462667,1087149.0
2024-08-15,2.0518444666002047,2.0518444666002047,1593611.0
2024-08-16,2.0598205383848507,2.0598205383848507,1829661.0
2024-08-19,2.089730807577274,2.089730807577274,2191189.0
2024-08-20,2.0717846460618197,2.0717846460618197,1344896.0
2024-08-21,2.0498504486540434,2.0498504486540434,1807241.0
2024-08-22,2.055832502492528,2.055832502492528,1830956.0
2024-08-23,2.053838484546367,2.053838484546367,1734854.0
2024-08-26,2.055832502492528,2.055832502492528,2412149.0
2024-08-27,2.0677966101694976,2.0677966101694976,1463106.0
2024-08-28,2.0558325024925286,2.0558325024925286,1591946.0
2024-08-29,2.0099700897308135,2.0099700897308135,2945602.0
2024-08-30,2.0000000000000058,2.0000000000000058,2846214.0
2024-09-02,2.0059820538384905,2.0059820538384905,1685976.0
2024-09-03,1.9840478564307138,1.9840478564307138,1932464.0
2024-09-04,1.9800598205383906,1.9800598205383906,1321946.0
2024-09-05,1.974077766699906,1.974077766699906,1037923.0
2024-09-06,1.958125623130614,1.958125623130614,1564553.0
2024-09-09,1.9262213359920295,1.9262213359920295,2392488.0
2024-09-10,1.9282153539381908,1.9282153539381908,1999749.0
2024-09-11,1.8823529411764757,1.8823529411764757,2450383.0
2024-09-12,1.8923230309072834,1.8923230309072834,2544108.0
2024-09-13,1.8863409770687989,1.8863409770687989,2020806.0
2024-09-18,1.918245264207383,1.918245264207383,1812908.0
2024-09-19,1.918245264207383,1.918245264207383,1386529.0
2024-09-20,1.9142572283150598,1.9142572283150598,1559812.0
2024-09-23,1.9361914257228365,1.9361914257228365,2051718.0
2024-09-24,2.0239282153539433,2.0239282153539433,4495070.0
2024-09-25,2.0558325024925277,2.0558325024925277,3633597.0
2024-09-26,2.117647058823535,2.117647058823535,3788704.0
2024-09-27,2.117647058823535,2.117647058823535,3011192.0
2024-09-30,2.2472582253240336,2.2472582253240336,8563937.0
2024-10-08,2.2771684945164563,2.2771684945164563,4960306.0
2024-10-09,2.101694915254243,2.101694915254243,6026260.0
2024-10-10,2.197407776669996,2.197407776669996,5258854.0
2024-10-11,2.1575274177467656,2.1575274177467656,4553454.0
2024-10-14,2.2193419740777727,2.2193419740777727,3860666.0
2024-10-15,2.1714855433698963,2.1714855433698963,2202471.0
2024-10-16,2.209371884346966,2.209371884346966,2429611.0
2024-10-17,2.1854436689930274,2.1854436689930274,1860674.0
2024-10-18,2.1974077766699964,2.1974077766699964,4284343.0
2024-10-21,2.177467597208381,2.177467597208381,3922116.0
2024-10-22,2.185443668993027,2.185443668993027,1288379.0
2024-10-23,2.1834496510468653,2.1834496510468653,2551642.0
2024-10-24,2.1714855433698963,2.1714855433698963,780740.0
2024-10-25,2.1674975074775733,2.1674975074775733,1017512.0
2024-10-28,2.1714855433698963,2.1714855433698963,1609062.0
2024-10-29,2.139581256231312,2.139581256231312,1869235.0
2024-10-30,2.125623130608181,2.125623130608181,1635226.0
2024-10-31,2.1196410767696965,2.1196410767696965,3094210.0
2024-11-01,2.1455633100697966,2.1455633100697966,2057483.0
2024-11-04,2.1635094715852503,2.1635094715852503,1106048.0
2024-11-05,2.18943170488535,2.18943170488535,2131836.0
2024-11-06,2.1834496510468653,2.1834496510468653,2040750.0
2024-11-07,2.2213359920239344,2.2213359920239344,2833873.0
2024-11-08,2.1914257228315113,2.1914257228315113,2312510.0
2024-11-11,2.1714855433698963,2.1714855433698963,1500151.0
2024-11-12,2.151545363908281,2.151545363908281,2946644.0
2024-11-13,2.1655034895314116,2.1655034895314116,1452414.0
2024-11-14,2.1495513459621196,2.1495513459621196,1121125.0
2024-11-15,2.1455633100697966,2.1455633100697966,1384668.0
2024-11-18,2.1834496510468653,2.1834496510468653,3283326.0
2024-11-19,2.185443668993027,2.185443668993027,1527630.0
2024-11-20,2.1894317048853504,2.1894317048853504,1286981.0
2024-11-21,2.1874376869391887,2.1874376869391887,1814177.0
2024-11-22,2.1296111665005046,2.1296111665005046,2195338.0
2024-11-25,2.135593220338989,2.135593220338989,2663888.0
2024-11-26,2.139581256231312,2.139581256231312,2468478.0
2024-11-27,2.16350947158525,2.16350947158525,3514486.0
2024-11-28,2.159521435692927,2.159521435692927,988231.0
2024-11-29,2.16350947158525,2.16350947158525,1314755.0
2024-12-02,2.1655034895314116,2.1655034895314116,1879928.0
2024-12-03,2.191425722831511,2.191425722831511,3984755.0
2024-12-04,2.195413758723834,2.195413758723834,4748495.0
2024-12-05,2.195413758723834,2.195413758723834,4568294.0
2024-12-06,2.2233300099700952,2.2233300099700952,10718208.0
2024-12-09,2.231306081754741,2.231306081754741,5541493.0
2024-12-10,2.231306081754741,2.231306081754741,6454014.0
2024-12-11,2.237288135593226,2.237288135593226,2090417.0
2024-12-12,2.239282153539387,2.239282153539387,2364056.0
2024-12-13,2.2013958125623185,2.2013958125623185,2228306.0
2024-12-16,2.237288135593226,2.237288135593226,3878200.0
2024-12-17,2.221335992023934,2.221335992023934,5316433.0
2024-12-18,2.237288135593226,2.237288135593226,5096041.0
2024-12-19,2.2093718843469645,2.2093718843469645,5110160.0
2024-12-20,2.195413758723834,2.195413758723834,4558593.0
2024-12-23,2.205383848454642,2.205383848454642,3362035.0
2024-12-24,2.2233300099700952,2.2233300099700952,3657738.0
2024-12-25,2.2372881355932264,2.2372881355932264,3535162.0
2024-12-26,2.2313060817547417,2.2313060817547417,2361162.0
2024-12-27,2.2392821535393876,2.2392821535393876,3964643.0
2024-12-30,2.2552342971086796,2.2552342971086796,3633875.0
2024-12-31,2.2412761714855494,2.2412761714855494,4981641.0
2025-01-02,2.1954137587238343,2.1954137587238343,7048268.0
2025-01-03,2.1655034895314116,2.1655034895314116,5434431.0
2025-01-06,2.167497507477573,2.167497507477573,5208762.0
2025-01-07,2.175473579262219,2.175473579262219,3145316.0
2025-01-08,2.183449651046865,2.183449651046865,3164004.0
2025-01-09,2.161515453639088,2.161515453639088,3062338.0
2025-01-10,2.1335992023928267,2.1335992023928267,3149556.0
2025-01-13,2.1096709870388883,2.1096709870388883,3405709.0
2025-01-14,2.1415752741774723,2.1415752741774723,2732172.0
2025-01-15,2.1495513459621187,2.1495513459621187,2407234.0
2025-01-16,2.1674975074775724,2.1674975074775724,1474926.0
2025-01-17,2.161515453639088,2.161515453639088,2218250.0
2025-01-20,2.1635094715852494,2.1635094715852494,1918106.0
2025-01-21,2.1455633100697957,2.1455633100697957,2199804.0
2025-01-22,2.1156530408773726,2.1156530408773726,3288491.0
2025-01-23,2.1495513459621187,2.1495513459621187,3050142.0
2025-01-24,2.157527417746765,2.157527417746765,3222629.0
2025-01-27,2.187437686939188,2.187437686939188,2825034.0
2025-02-05,2.1475573280159574,2.1475573280159574,4061203.0
2025-02-06,2.149551345962119,2.149551345962119,3407471.0
2025-02-07,2.1515453639082804,2.1515453639082804,4614307.0
2025-02-10,2.1515453639082804,2.1515453639082804,3035317.0
2025-02-11,2.171485543369896,2.171485543369896,4218663.0
2025-02-12,2.1754735792622193,2.1754735792622193,3626286.0
2025-02-13,2.181455633100704,2.181455633100704,3400605.0
2025-02-14,2.181455633100704,2.181455633100704,3827126.0
2025-02-17,2.1794616151545423,2.1794616151545423,3689230.0
2025-02-18,2.1834496510468653,2.1834496510468653,4277275.0
2025-02-19,2.181455633100704,2.181455633100704,2624857.0
2025-02-20,2.173479561316058,2.173479561316058,3552135.0
2025-02-21,2.157527417746766,2.157527417746766,6919308.0
2025-02-24,2.1515453639082813,2.1515453639082813,2749712.0
2025-02-25,2.1355932203389894,2.1355932203389894,2460890.0
2025-02-26,2.1515453639082813,2.1515453639082813,3280706.0
2025-02-27,2.1714855433698967,2.1714855433698967,4632600.0
2025-02-28,2.1615154536390895,2.1615154536390895,3542247.0
2025-03-03,2.1595214356929278,2.1595214356929278,3837587.0
2025-03-04,2.16151545363909,2.16151545363909,1545811.0
2025-03-05,2.1754735792622206,2.1754735792622206,2201456.0
2025-03-06,2.1674975074775746,2.1674975074775746,4039856.0
2025-03-07,2.1635094715852516,2.1635094715852516,3810758.0
2025-03-10,2.1515453639082827,2.1515453639082827,2286356.0
2025-03-11,2.161515453639091,2.161515453639091,3266735.0
2025-03-12,2.1655034895314142,2.1655034895314142,1858186.0
2025-03-13,2.1754735792622215,2.1754735792622215,2722476.0
2025-03-14,2.193419740777675,2.193419740777675,2614531.0
2025-03-17,2.201395812562321,2.201395812562321,1999759.0
2025-03-18,2.197407776669998,2.197407776669998,2015759.0
2025-03-19,2.209371884346967,2.209371884346967,1700682.0
2025-03-20,2.2033898305084825,2.2033898305084825,3960304.0
2025-03-21,2.1994017946161595,2.1994017946161595,4079126.0
2025-03-24,2.2093718843469676,2.2093718843469676,2079479.0
2025-03-25,2.223330009970098,2.223330009970098,2773623.0
2025-03-26,2.2173479561316136,2.2173479561316136,3869195.0
2025-03-27,2.223330009970098,2.223330009970098,3381137.0
2025-03-28,2.2173479561316136,2.2173479561316136,3658647.0
2025-03-31,2.2173479561316136,2.2173479561316136,3728184.0
2025-04-01,2.223330009970098,2.223330009970098,2949802.0
2025-04-02,2.2352941176470673,2.2352941176470673,2553192.0
2025-04-03,2.2432701894317133,2.2432701894317133,3688667.0
2025-04-07,2.1216350947158604,2.1216350947158604,9033686.0
2025-04-08,2.169491525423737,2.169491525423737,5530893.0
2025-04-09,2.163509471585252,2.163509471585252,6359361.0
2025-04-10,2.17347956131606,2.17347956131606,4430997.0
2025-04-11,2.167497507477575,2.167497507477575,3542016.0
2025-04-14,2.1834496510468675,2.1834496510468675,2783425.0
2025-04-15,2.2053838484546446,2.2053838484546446,2331842.0
2025-04-16,2.22532402791626,2.22532402791626,3864371.0
2025-04-17,2.2273180458624213,2.2273180458624213,2406760.0
2025-04-18,2.233300099700906,2.233300099700906,2328792.0
2025-04-21,2.221335992023937,2.221335992023937,4548786.0
2025-04-22,2.2352941176470673,2.2352941176470673,2599283.0
2025-04-23,2.22532402791626,2.22532402791626,2740210.0
2025-04-24,2.245264207377875,2.245264207377875,3337050.0
2025-04-25,2.2432701894317137,2.2432701894317137,2450984.0
2025-04-28,2.253240279162521,2.253240279162521,4245755.0
2025-04-29,2.2472582253240367,2.2472582253240367,2492052.0
2025-04-30,2.2113659022931293,2.2113659022931293,7275387.0
2025-05-06,2.2113659022931293,2.2113659022931293,3644964.0
2025-05-07,2.229312063808583,2.229312063808583,2478784.0
2025-05-08,2.241276171485552,2.241276171485552,2688679.0
2025-05-09,2.2572283150548436,2.2572283150548436,3414349.0
2025-05-12,2.2592223330010053,2.2592223330010053,3641030.0
2025-05-13,2.281156530408782,2.281156530408782,2903447.0
2025-05-14,2.2971086739780744,2.2971086739780744,3371641.0
2025-05-15,2.2891326021934284,2.2891326021934284,2961505.0
2025-05-16,2.273180458624136,2.273180458624136,2708058.0
2025-05-19,2.277168494516459,2.277168494516459,1927285.0
2025-05-20,2.2871385842472667,2.2871385842472667,2413843.0
2025-05-21,2.303090727816559,2.303090727816559,2145223.0
2025-05-22,2.311066799601205,2.311066799601205,2312349.0
2025-05-23,2.2931206380857514,2.2931206380857514,3512245.0
2025-05-26,2.287138584247267,2.287138584247267,5154227.0
2025-05-27,2.2911266201395906,2.2911266201395906,2537202.0
2025-05-28,2.301096709870398,2.301096709870398,1860115.0
2025-05-29,2.297108673978075,2.297108673978075,4568498.0
2025-05-30,2.311066799601206,2.311066799601206,2741563.0
2025-06-03,2.331006979062821,2.331006979062821,2737945.0
2025-06-04,2.3409770687936287,2.3409770687936287,2275469.0
2025-06-05,2.323030907278175,2.323030907278175,7290635.0
2025-06-06,2.3290129611166592,2.3290129611166592,2281475.0
2025-06-09,2.3310069790628214,2.3310069790628214,5100966.0
2025-06-10,2.3310069790628214,2.3310069790628214,3009587.0
2025-06-11,2.3389830508474674,2.3389830508474674,1452589.0
2025-06-12,2.3449651046859517,2.3449651046859517,2143303.0
2025-06-13,2.3310069790628214,2.3310069790628214,7943733.0
2025-06-16,2.342971086739791,2.342971086739791,2333022.0
2025-06-17,2.336989032901306,2.336989032901306,2200686.0
2025-06-18,2.350947158524437,2.350947158524437,2896925.0
2025-06-19,2.346959122632114,2.346959122632114,2447781.0
2025-06-20,2.356929212362921,2.356929212362921,2566441.0
2025-06-23,2.3728813559322135,2.3728813559322135,2653469.0
2025-06-24,2.374875373878375,2.374875373878375,2604297.0
2025-06-25,2.39481555333999,2.39481555333999,2940735.0
2025-06-26,2.4047856430707975,2.4047856430707975,2749692.0
2025-06-27,2.36889332003989,2.36889332003989,7838908.0
2025-06-30,2.364905284147567,2.364905284147567,4212252.0
2025-07-01,2.386839481555344,2.386839481555344,3188777.0
2025-07-02,2.3928215353938285,2.3928215353938285,3436876.0
2025-07-03,2.39481555333999,2.39481555333999,3877320.0
2025-07-04,2.4147557328016056,2.4147557328016056,3853610.0
2025-07-07,2.428713858424736,2.428713858424736,3201919.0
2025-07-08,2.4227318045862516,2.4227318045862516,3488584.0
2025-07-09,2.438683948155544,2.438683948155544,4007273.0
2025-07-10,2.4526420737786743,2.4526420737786743,2608495.0
2025-07-11,2.4307078763708976,2.4307078763708976,7453726.0
2025-07-14,2.44666001994019,2.44666001994019,4879193.0
2025-07-15,2.424725822532413,2.424725822532413,5996822.0
2025-07-16,2.4127617148554434,2.4127617148554434,6124285.0
2025-07-17,2.4087736789631204,2.4087736789631204,6808947.0
2025-07-18,2.418743768693928,2.418743768693928,4452948.0
2025-07-21,2.418743768693928,2.418743768693928,4173355.0
2025-07-22,2.4207377866400894,2.4207377866400894,6377247.0
2025-07-23,2.426719840478574,2.426719840478574,4743945.0
2025-07-24,2.4087736789631204,2.4087736789631204,5796508.0
2025-07-25,2.390827517447667,2.390827517447667,5081028.0
2025-07-28,2.386839481555344,2.386839481555344,3788642.0
2025-07-29,2.3708873379860522,2.3708873379860522,4310558.0
2025-07-30,2.3808574277168595,2.3808574277168595,4335966.0
2025-07-31,2.352941176470598,2.352941176470598,5292901.0
2025-08-01,2.35493519441676,2.35493519441676,3575665.0
2025-08-04,2.366899302093729,2.366899302093729,4689917.0
2025-08-05,2.3928215353938285,2.3928215353938285,3992834.0
2025-08-06,2.39481555333999,2.39481555333999,3802381.0
2025-08-07,2.4047856430707975,2.4047856430707975,2982263.0
2025-08-08,2.406779661016959,2.406779661016959,2818922.0
2025-08-11,2.3928215353938285,2.3928215353938285,6401540.0
2025-08-12,2.3968095712861515,2.3968095712861515,2744768.0
2025-08-13,2.3888334995015055,2.3888334995015055,3705458.0
2025-08-14,2.390827517447667,2.390827517447667,3536393.0
2025-08-15,2.382851445663021,2.382851445663021,4575554.0
2025-08-18,2.386839481555344,2.386839481555344,5079024.0
2025-08-19,2.3848454636091825,2.3848454636091825,3514857.0
2025-08-20,2.4067796610169596,2.4067796610169596,3721719.0
2025-08-21,2.42073778664009,2.42073778664009,3916371.0
2025-08-22,2.4107676969092826,2.4107676969092826,3156459.0
2025-08-25,2.430707876370898,2.430707876370898,4499530.0
2025-08-26,2.4247258225324133,2.4247258225324133,3035343.0
2025-08-27,2.3868394815553446,2.3868394815553446,5072787.0
2025-08-28,2.3868394815553446,2.3868394815553446,3799989.0
2025-08-29,2.38085742771686,2.38085742771686,3285454.0
2025-09-01,2.3748753738783757,2.3748753738783757,4034757.0
2025-09-02,2.3928215353938294,2.3928215353938294,4048948.0
2025-09-03,2.3668993020937297,2.3668993020937297,4832740.0
2025-09-04,2.372881355932214,2.372881355932214,4805634.0
2025-09-05,2.3629112662014067,2.3629112662014067,3445357.0
2025-09-08,2.3629112662014067,2.3629112662014067,3027758.0
2025-09-09,2.374875373878376,2.374875373878376,2819114.0
2025-09-10,2.3688933200398914,2.3688933200398914,2204608.0
2025-09-11,2.376869391824538,2.376869391824538,3333541.0
2025-09-12,2.360917248255246,2.360917248255246,3039295.0
2025-09-15,2.3409770687936304,2.3409770687936304,4383281.0
2025-09-16,2.3330009970089844,2.3330009970089844,3846358.0
2025-09-17,2.3429710867397926,2.3429710867397926,3654209.0
2025-09-18,2.299102691924239,2.299102691924239,5756448.0
2025-09-19,2.311066799601208,2.311066799601208,3098748.0
2025-09-22,2.2931206380857545,2.2931206380857545,2838516.0
2025-09-23,2.307078763708885,2.307078763708885,4768138.0
2025-09-24,2.307078763708885,2.307078763708885,2965063.0
2025-09-25,2.2911266201395932,2.2911266201395932,2506558.0
2025-09-26,2.2911266201395932,2.2911266201395932,3064401.0
2025-09-29,2.2871385842472702,2.2871385842472702,3813359.0
2025-09-30,2.271186440677978,2.271186440677978,4841918.0
2025-10-09,2.277168494516462,2.277168494516462,3855682.0
2025-10-10,2.293120638085754,2.293120638085754,5451031.0
2025-10-13,2.305084745762723,2.305084745762723,10060687.0
2025-10-14,2.3469591226321156,2.3469591226321156,10123358.0
2025-10-15,2.356929212362923,2.356929212362923,9723090.0
2025-10-16,2.3728813559322153,2.3728813559322153,6641678.0
2025-10-17,2.362911266201408,2.362911266201408,10410989.0
2025-10-20,2.366899302093731,2.366899302093731,7444227.0
2025-10-21,2.3728813559322153,2.3728813559322153,5811620.0
2025-10-22,2.3908275174476694,2.3908275174476694,4210273.0
2025-10-23,2.4047856430707997,2.4047856430707997,3893271.0
2025-10-24,2.386839481555346,2.386839481555346,7254640.0
2025-10-27,2.3888334995015073,2.3888334995015073,8211433.0
2025-10-28,2.3888334995015073,2.3888334995015073,3646976.0
2025-10-29,2.3668993020937306,2.3668993020937306,5805445.0
2025-10-30,2.372881355932215,2.372881355932215,4435020.0
2025-10-31,2.368893320039892,2.368893320039892,4510713.0
2025-11-03,2.4007976071784762,2.4007976071784762,4588786.0
2025-11-04,2.4267198404785764,2.4267198404785764,7514109.0
2025-11-05,2.4267198404785764,2.4267198404785764,4830508.0
2025-11-06,2.4247258225324146,2.4247258225324146,3750806.0
2025-11-07,2.4267198404785764,2.4267198404785764,4024036.0
2025-11-10,2.4466600199401913,2.4466600199401913,4970860.0
2025-11-11,2.456630109670999,2.456630109670999,3913158.0
2025-11-12,2.478564307078776,2.478564307078776,5601328.0
2025-11-13,2.47058823529413,2.47058823529413,5095052.0
2025-11-14,2.462612163509484,2.462612163509484,4355600.0
2025-11-17,2.440677966101707,2.440677966101707,5085945.0
2025-11-18,2.426719840478577,2.426719840478577,6242098.0
2025-11-19,2.4307078763709,2.4307078763709,8773761.0
2025-11-20,2.448654037886353,2.448654037886353,7238702.0
2025-11-21,2.4107676969092844,2.4107676969092844,9356392.0
2025-11-24,2.3968095712861537,2.3968095712861537,4471537.0
2025-11-25,2.4107676969092844,2.4107676969092844,6934672.0
2025-11-26,2.398803589232315,2.398803589232315,5695181.0
2025-11-27,2.402791625124638,2.402791625124638,4216893.0
2025-11-28,2.4007976071784762,2.4007976071784762,4166746.0
2025-12-01,2.414755732801607,2.414755732801607,6444586.0
2025-12-02,2.4087736789631222,2.4087736789631222,4214352.0
2025-12-03,2.398803589232315,2.398803589232315,6457395.0
2025-12-04,2.3888334995015073,2.3888334995015073,4941449.0
2025-12-05,2.3788634097707,2.3788634097707,6553025.0
2025-12-08,2.3728813559322153,2.3728813559322153,4434785.0
2025-12-09,2.354935194416762,2.354935194416762,8161288.0
2025-12-10,2.344965104685954,2.344965104685954,3655979.0
2025-12-11,2.3389830508474696,2.3389830508474696,5626899.0
2025-12-12,2.340977068793631,2.340977068793631,5209792.0
2025-12-15,2.3429710867397926,2.3429710867397926,4931181.0
2025-12-16,2.331006979062823,2.331006979062823,5148522.0
2025-12-17,2.334995014955146,2.334995014955146,4226664.0
2025-12-18,2.354935194416761,2.354935194416761,5226024.0
2025-12-19,2.354935194416761,2.354935194416761,6132646.0
2025-12-22,2.338983050847469,2.338983050847469,6357585.0
2025-12-23,2.338983050847469,2.338983050847469,4337250.0
2025-12-24,2.346959122632115,2.346959122632115,4398274.0
2025-12-25,2.3489531405782764,2.3489531405782764,4429043.0
2025-12-26,2.342971086739792,2.342971086739792,3933813.0
2025-12-29,2.3449651046859534,2.3449651046859534,4846698.0
2025-12-30,2.342971086739792,2.342971086739792,4073740.0
2025-12-31,2.3449651046859534,2.3449651046859534,5660129.0
2026-01-05,2.338983050847469,2.338983050847469,8092287.0
2026-01-06,2.3409770687936304,2.3409770687936304,10032780.0
2026-01-07,2.3330009970089844,2.3330009970089844,4592864.0
2026-01-08,2.315054835493531,2.315054835493531,6509507.0
2026-01-09,2.3170488534396925,2.3170488534396925,6631652.0
2026-01-12,2.321036889332016,2.321036889332016,8296798.0
2026-01-13,2.325024925224339,2.325024925224339,9470158.0
2026-01-14,2.3050847457627235,2.3050847457627235,8290457.0
2026-01-15,2.299102691924239,2.299102691924239,5218086.0
2026-01-16,2.279162512462624,2.279162512462624,9197519.0
2026-01-19,2.281156530408785,2.281156530408785,6576319.0
2026-01-20,2.3130608175473695,2.3130608175473695,9913432.0
2026-01-21,2.2951146560319162,2.2951146560319162,7879853.0
2026-01-22,2.2971086739780775,2.2971086739780775,5914032.0
2026-01-23,2.2891326021934315,2.2891326021934315,5650693.0
2026-01-26,2.3050847457627235,2.3050847457627235,6298648.0
2026-01-27,2.2891326021934315,2.2891326021934315,7648733.0
2026-01-28,2.2971086739780775,2.2971086739780775,6196813.0
2026-01-29,2.331006979062824,2.331006979062824,7554576.0
2026-01-30,2.3290129611166623,2.3290129611166623,8147957.0
2026-02-02,2.301096709870401,2.301096709870401,8253242.0
2026-02-03,2.293120638085755,2.293120638085755,7543115.0
2026-02-04,2.3250249252243393,2.3250249252243393,6182244.0
2026-02-05,2.3549351944167625,2.3549351944167625,7544416.0
2026-02-06,2.3489531405782778,2.3489531405782778,6821132.0
2026-02-09,2.3549351944167625,2.3549351944167625,6036145.0
2026-02-10,2.36490528414757,2.36490528414757,4070762.0
2026-02-11,2.368893320039893,2.368893320039893,3963651.0
2026-02-12,2.3469591226321165,2.3469591226321165,5988615.0
2026-02-13,2.327018943170501,2.327018943170501,6457655.0
2026-02-24,2.3369890329013088,2.3369890329013088,4393234.0
2026-02-25,2.3310069790628245,2.3310069790628245,8081199.0
2026-02-26,2.329012961116663,2.329012961116663,4992802.0
2026-02-27,2.3369890329013088,2.3369890329013088,4455340.0
2026-03-02,2.358923230309086,2.358923230309086,7777120.0
2026-03-03,2.3848454636091856,2.3848454636091856,12015156.0
2026-03-04,2.352941176470601,2.352941176470601,11109682.0
2026-03-05,2.3569292123629246,2.3569292123629246,5721435.0
2026-03-06,2.3688933200398936,2.3688933200398936,5805774.0
2026-03-09,2.3668993020937323,2.3668993020937323,11680920.0
2026-03-10,2.3629112662014093,2.3629112662014093,4527513.0
2026-03-11,2.384845463609186,2.384845463609186,6019153.0
2026-03-12,2.3968095712861555,2.3968095712861555,4795029.0
2026-03-13,2.40279162512464,2.40279162512464,5583094.0
2026-03-16,2.40279162512464,2.40279162512464,7622685.0
2026-03-17,2.412761714855448,2.412761714855448,4753267.0
2026-03-18,2.400797607178479,2.400797607178479,7544368.0
2026-03-19,2.3948155533399946,2.3948155533399946,5873747.0
2026-03-20,2.384845463609187,2.384845463609187,5743151.0
2026-03-23,2.309072781655049,2.309072781655049,12345276.0
2026-03-24,2.3489531405782795,2.3489531405782795,7750521.0
2026-03-25,2.368893320039895,2.368893320039895,8438105.0
2026-03-26,2.3629112662014107,2.3629112662014107,5264498.0
2026-03-27,2.3589232303090877,2.3589232303090877,6031973.0
2026-03-30,2.378863409770703,2.378863409770703,6215118.0
2026-03-31,2.3888334995015104,2.3888334995015104,6383125.0
2026-04-01,2.386839481555349,2.386839481555349,5824470.0
2026-04-02,2.394815553339995,2.394815553339995,7076669.0
2026-04-03,2.368893320039895,2.368893320039895,9041118.0
2026-04-07,2.352941176470603,2.352941176470603,5622955.0
2026-04-08,2.3728813559322184,2.3728813559322184,7059633.0
2026-04-09,2.358923230309088,2.358923230309088,4827044.0
2026-04-10,2.354935194416765,2.354935194416765,5183802.0
2026-04-13,2.344965104685957,2.344965104685957,5911433.0
2026-04-14,2.354935194416765,2.354935194416765,4521595.0
2026-04-15,2.370887337986057,2.370887337986057,6669198.0
2026-04-16,2.370887337986057,2.370887337986057,4883968.0
2026-04-17,2.360917248255249,2.360917248255249,5409391.0
2026-04-20,2.372881355932218,2.372881355932218,5538224.0
2026-04-21,2.386839481555349,2.386839481555349,5004676.0
2026-04-22,2.3768693918245414,2.3768693918245414,3267805.0
2026-04-23,2.388833499501511,2.388833499501511,5038457.0
2026-04-24,2.388833499501511,2.388833499501511,6349638.0
2026-04-27,2.3708873379860576,2.3708873379860576,7054988.0
2026-04-28,2.376869391824542,2.376869391824542,4919056.0
2026-04-29,2.382851445663027,2.382851445663027,5064006.0
2026-04-30,2.3688933200398963,2.3688933200398963,7508592.0
2026-05-06,2.358923230309089,2.358923230309089,7710497.0
2026-05-07,2.3489531405782813,2.3489531405782813,7595759.0
2026-05-08,2.34695912263212,2.34695912263212,4717912.0
2026-05-11,2.3489531405782813,2.3489531405782813,6552670.0
2026-05-12,2.3449651046859583,2.3449651046859583,6080718.0
2026-05-13,2.34695912263212,2.34695912263212,5106468.0
2026-05-14,2.3449651046859583,2.3449651046859583,4758781.0
2026-05-15,2.3270189431705046,2.3270189431705046,7292359.0
2026-05-18,2.3130608175473735,2.3130608175473735,6970855.0
2026-05-19,2.3310069790628276,2.3310069790628276,4559820.0
2026-05-20,2.32103688933202,2.32103688933202,4453389.0
2026-05-21,2.3150548354935356,2.3150548354935356,3862617.0
2026-05-22,2.303090727816566,2.303090727816566,8157214.0
2026-05-25,2.2971086739780815,2.2971086739780815,5209176.0
2026-05-26,2.305084745762728,2.305084745762728,5158246.0
2026-05-27,2.293120638085759,2.293120638085759,6381913.0
2026-05-28,2.2811565304087895,2.2811565304087895,6535306.0
2026-05-29,2.327018943170505,2.327018943170505,7962365.0
2026-06-01,2.3549351944167665,2.3549351944167665,8183643.0
2026-06-02,2.3569292123629277,2.3569292123629277,7373936.0
2026-06-03,2.338983050847474,2.338983050847474,8019358.0
2026-06-04,2.309072781655051,2.309072781655051,6075092.0
2026-06-05,2.3110667996012126,2.3110667996012126,5178363.0
2026-06-08,2.323030907278182,2.323030907278182,7202209.0
2026-06-09,2.3210368893320203,2.3210368893320203,5800056.0
2026-06-10,2.3369890329013123,2.3369890329013123,8484262.0
2026-06-11,2.317048853439697,2.317048853439697,5146642.0
2026-06-12,2.3369890329013123,2.3369890329013123,6670172.0
2026-06-15,2.3150548354935356,2.3150548354935356,8545227.0
2026-06-16,2.2831505483549512,2.2831505483549512,8886490.0
2026-06-17,2.2731804586241435,2.2731804586241435,7246282.0
2026-06-18,2.2233300099701054,2.2233300099701054,14195527.0
2026-06-22,2.221335992023944,2.221335992023944,10285645.0
2026-06-23,2.22931206380859,2.22931206380859,8854411.0
2026-06-24,2.1914257228315206,2.1914257228315206,7918908.0
2026-06-25,2.165503489531421,2.165503489531421,6858951.0
2026-06-26,2.1555333998006128,2.1555333998006128,6395364.0
2026-06-29,2.1714855433699047,2.1714855433699047,8286960.0
2026-06-30,2.127617148554351,2.127617148554351,9762906.0
2026-07-01,2.1515453639082893,2.1515453639082893,8012457.0
2026-07-02,2.1674975074775817,2.1674975074775817,7260147.0
2026-07-03,2.1734795613160665,2.1734795613160665,6109692.0
2026-07-06,2.2173479561316203,2.2173479561316203,9159142.0
2026-07-07,2.2013958125623283,2.2013958125623283,6588376.0
2026-07-08,2.2333000997009127,2.2333000997009127,8732696.0
2026-07-09,2.2033898305084896,2.2033898305084896,8054445.0
2026-07-10,2.2193419740777816,2.2193419740777816,6720953.0
2026-07-13,2.2452642073778812,2.2452642073778812,8977096.0
2026-07-14,2.271186440677982,2.271186440677982,8145272.0
2026-07-15,2.2971086739780815,2.2971086739780815,7337892.0
2026-07-16,2.275174476570305,2.275174476570305,8011018.0
2026-07-17,2.285144566301112,2.285144566301112,9874210.0
2026-07-20,2.336989032901312,2.336989032901312,11894172.0
2026-07-21,2.3130608175473735,2.3130608175473735,13687022.0
2026-07-22,2.329012961116666,2.329012961116666,9641875.0
2026-07-23,2.3409770687936353,2.3409770687936353,6118057.0
2026-07-24,2.317048853439697,2.317048853439697,6015747.0
2026-07-27,2.3270189431705046,2.3270189431705046,6679447.0
2026-07-28,2.3449651046859583,2.3449651046859583,6619789.0
2026-07-29,2.3668993020937354,2.3668993020937354,7579829.0
2026-07-30,2.406779661016966,2.406779661016966,13455631.0
2026-07-31,2.400797607178481,2.400797607178481,9250903.0
2026-08-03,2.39880358923232,2.39880358923232,5687572.0
2026-08-04,2.3449651046859583,2.3449651046859583,11447703.0
2026-08-05,2.32103688933202,2.32103688933202,15017610.0
2026-08-06,2.325024925224343,2.325024925224343,9216967.0
2026-08-07,2.3090727816550505,2.3090727816550505,7803085.0
2026-08-10,2.3170488534396965,2.3170488534396965,6792923.0
2026-08-11,2.319042871385858,2.319042871385858,5688970.0
2026-08-12,2.311066799601212,2.311066799601212,4470670.0
2026-08-13,2.307078763708889,2.307078763708889,4623306.0
2026-08-14,2.303090727816566,2.303090727816566,4802675.0
2026-08-17,2.3050847457627275,2.3050847457627275,5325025.0
2026-08-18,2.315054835493535,2.315054835493535,6040091.0
2026-08-19,2.3429710867397966,2.3429710867397966,7948070.0
2026-08-20,2.3589232303090886,2.3589232303090886,7375668.0
2026-08-21,2.3449651046859574,2.3449651046859574,5137059.0
2026-08-24,2.3708873379860576,2.3708873379860576,7167169.0
2026-08-25,2.362911266201411,2.362911266201411,8626670.0
2026-08-26,2.3748753738783805,2.3748753738783805,6983527.0
2026-08-27,2.3589232303090886,2.3589232303090886,9277138.0
2026-08-28,2.36091724825525,2.36091724825525,4331162.0
2026-08-31,2.3768693918245423,2.3768693918245423,6756973.0
2026-09-01,2.4087736789631267,2.4087736789631267,11256851.0
2026-09-02,2.394815553339996,2.394815553339996,8563613.0
2026-09-03,2.3928215353938342,2.3928215353938342,10515005.0
2026-09-04,2.406779661016965,2.406779661016965,5701368.0
2026-09-07,2.3828514456630265,2.3828514456630265,6293117.0
2026-09-08,2.406779661016965,2.406779661016965,6124526.0
2026-09-09,2.414755732801611,2.414755732801611,5850811.0
2026-09-10,2.420737786640095,2.420737786640095,5490684.0
2026-09-11,2.3988035892323185,2.3988035892323185,4883984.0
2026-09-14,2.408773678963126,2.408773678963126,4337644.0
2026-09-15,2.384845463609188,2.384845463609188,5419889.0
2026-09-16,2.372881355932219,2.372881355932219,5562691.0
2026-09-17,2.36091724825525,2.36091724825525,4253767.0
2026-09-18,2.36091724825525,2.36091724825525,4468520.0
2026-09-21,2.364905284147573,2.364905284147573,5350712.0
2026-09-22,2.3668993020937346,2.3668993020937346,6474758.0
2026-09-23,2.356929212362927,2.356929212362927,4000856.0
2026-09-24,2.3629112662014116,2.3629112662014116,4617575.0
