date,v9_return,v9_closing_holding,v91_return,v91_closing_holding,v92_return,v92_closing_holding,v10_h_return,v10_h_closing_holding,simple_reference_return,simple_reference_closing_holding,v11_a_return,v11_a_closing_holding,v11_b_return,v11_b_closing_holding,v10_h_filled_crash,v11_a_filled_crash,v11_b_filled_crash,simple_reference_filled_crash
2014-01-02,0.0,511880,0.0,511880,0.0,511880,0.0,511880,0.0,511880,0.0,511880,0.0,511880,0,0,0,0
2014-01-03,0.0010175601814164104,511880,0.0010175601814164104,511880,0.0010175601814164104,511880,0.0010175601814164104,511880,0.0010175601814164104,511880,0.0010175601814164104,511880,0.0010175601814164104,511880,0,0,0,0
2014-01-06,0.00013553677403121966,511880,0.00013553677403121966,511880,0.00013553677403121966,511880,0.00013553677403121966,511880,0.00013553677403121966,511880,0.00013553677403121966,511880,0.00013553677403121966,511880,0,0,0,0
2014-01-07,0.00042591499123978416,511880,0.00042591499123978416,511880,0.00042591499123978416,511880,0.00042591499123978416,511880,0.00042591499123978416,511880,0.00042591499123978416,511880,0.00042591499123978416,511880,0,0,0,0
2014-01-08,-8.708188600026201e-05,511880,-8.708188600026201e-05,511880,-8.708188600026201e-05,511880,-8.708188600026201e-05,511880,-8.708188600026201e-05,511880,-8.708188600026201e-05,511880,-8.708188600026201e-05,511880,0,0,0,0
2014-01-09,0.00012579590098904525,511880,0.00012579590098904525,511880,0.00012579590098904525,511880,0.00012579590098904525,511880,0.00012579590098904525,511880,0.00012579590098904525,511880,0.00012579590098904525,511880,0,0,0,0
2014-01-10,0.00026123554738521904,511880,0.00026123554738521904,511880,0.00026123554738521904,511880,0.00026123554738521904,511880,0.00026123554738521904,511880,0.00026123554738521904,511880,0.00026123554738521904,511880,0,0,0,0
2014-01-13,0.00025149445744898635,511880,0.00025149445744898635,511880,0.00025149445744898635,511880,0.00025149445744898635,511880,0.00025149445744898635,511880,0.00025149445744898635,511880,0.00025149445744898635,511880,0,0,0,0
2014-01-14,0.0002901129506420741,511880,0.0002901129506420741,511880,0.0002901129506420741,511880,0.0002901129506420741,511880,0.0002901129506420741,511880,0.0002901129506420741,511880,0.0002901129506420741,511880,0,0,0,0
2014-01-15,0.00014501440476410998,511880,0.00014501440476410998,511880,0.00014501440476410998,511880,0.00014501440476410998,511880,0.00014501440476410998,511880,0.00014501440476410998,511880,0.00014501440476410998,511880,0,0,0,0
2014-01-16,0.0004059814601800049,511880,0.0004059814601800049,511880,0.0004059814601800049,511880,0.0004059814601800049,511880,0.0004059814601800049,511880,0.0004059814601800049,511880,0.0004059814601800049,511880,0,0,0,0
2014-01-17,-3.864921010665601e-05,511880,-3.864921010665601e-05,511880,-3.864921010665601e-05,511880,-3.864921010665601e-05,511880,-3.864921010665601e-05,511880,-3.864921010665601e-05,511880,-3.864921010665601e-05,511880,0,0,0,0
2014-01-20,-0.00031909695561549434,511880,-0.00031909695561549434,511880,-0.00031909695561549434,511880,-0.00031909695561549434,511880,-0.00031909695561549434,511880,-0.00031909695561549434,511880,-0.00031909695561549434,511880,0,0,0,0
2014-01-21,0.0002194491825517897,511880,0.0002194491825517897,511880,0.0002194491825517897,511880,0.0002194491825517897,511880,0.0002194491825517897,511880,0.0002194491825517897,511880,0.0002194491825517897,511880,0,0,0,0
2014-01-22,0.0005485025879350403,511880,0.0005485025879350403,511880,0.0005485025879350403,511880,0.0005485025879350403,511880,0.0005485025879350403,511880,0.0005485025879350403,511880,0.0005485025879350403,511880,0,0,0,0
2014-01-23,0.00040865959652336414,511880,0.00040865959652336414,511880,0.00040865959652336414,511880,0.00040865959652336414,511880,0.00040865959652336414,511880,0.00040865959652336414,511880,0.00040865959652336414,511880,0,0,0,0
2014-01-24,0.00040849266207687585,511880,0.00040849266207687585,511880,0.00040849266207687585,511880,0.00040849266207687585,511880,0.00040849266207687585,511880,0.00040849266207687585,511880,0.00040849266207687585,511880,0,0,0,0
2014-01-27,0.00014938751120396887,511880,0.00014938751120396887,511880,0.00014938751120396887,511880,0.00014938751120396887,511880,0.00014938751120396887,511880,0.00014938751120396887,511880,0.00014938751120396887,511880,0,0,0,0
2014-01-28,0.00021906895693302175,511880,0.00021906895693302175,511880,0.00021906895693302175,511880,0.00021906895693302175,511880,0.00021906895693302175,511880,0.00021906895693302175,511880,0.00021906895693302175,511880,0,0,0,0
2014-01-29,0.0013240813563371034,511880,0.0013240813563371034,511880,0.0013240813563371034,511880,0.0013240813563371034,511880,0.0013240813563371034,511880,0.0013240813563371034,511880,0.0013240813563371034,511880,0,0,0,0
2014-01-30,0.001560946510240635,511880,0.001560946510240635,511880,0.001560946510240635,511880,0.001560946510240635,511880,0.001560946510240635,511880,0.001560946510240635,511880,0.001560946510240635,511880,0,0,0,0
2014-02-07,-0.0004566346029760693,511880,-0.0004566346029760693,511880,-0.0004566346029760693,511880,-0.0004566346029760693,511880,-0.0004566346029760693,511880,-0.0004566346029760693,511880,-0.0004566346029760693,511880,0,0,0,0
2014-02-10,-0.00017876473567657314,511880,-0.00017876473567657314,511880,-0.00017876473567657314,511880,-0.00017876473567657314,511880,-0.00017876473567657314,511880,-0.00017876473567657314,511880,-0.00017876473567657314,511880,0,0,0,0
2014-02-11,9.933149901275584e-06,511880,9.933149901275584e-06,511880,9.933149901275584e-06,511880,9.933149901275584e-06,511880,9.933149901275584e-06,511880,9.933149901275584e-06,511880,9.933149901275584e-06,511880,0,0,0,0
2014-02-12,0.00031785763950975543,511880,0.00031785763950975543,511880,0.00031785763950975543,511880,0.00031785763950975543,511880,0.00031785763950975543,511880,0.00031785763950975543,511880,0.00031785763950975543,511880,0,0,0,0
2014-02-13,0.00026810716342628993,511880,0.00026810716342628993,511880,0.00026810716342628993,511880,0.00026810716342628993,511880,0.00026810716342628993,511880,0.00026810716342628993,511880,0.00026810716342628993,511880,0,0,0,0
2014-02-14,0.001101922905105468,511880,0.001101922905105468,511880,0.001101922905105468,511880,0.001101922905105468,511880,0.001101922905105468,511880,0.001101922905105468,511880,0.001101922905105468,511880,0,0,0,0
2014-02-17,0.0007139740589425791,511880,0.0007139740589425791,511880,0.0007139740589425791,511880,0.0007139740589425791,511880,0.0007139740589425791,511880,0.0007139740589425791,511880,0.0007139740589425791,511880,0,0,0,0
2014-02-18,0.000465733877680341,511880,0.000465733877680341,511880,0.000465733877680341,511880,0.000465733877680341,511880,0.000465733877680341,511880,0.000465733877680341,511880,0.000465733877680341,511880,0,0,0,0
2014-02-19,-0.0006338955855116346,511880,-0.0006338955855116346,511880,-0.0006338955855116346,511880,-0.0006338955855116346,511880,-0.0006338955855116346,511880,-0.0006338955855116346,511880,-0.0006338955855116346,511880,0,0,0,0
2014-02-20,-0.0006045649610006976,511880,-0.0006045649610006976,511880,-0.0006045649610006976,511880,-0.0006045649610006976,511880,-0.0006045649610006976,511880,-0.0006045649610006976,511880,-0.0006045649610006976,511880,0,0,0,0
2014-02-21,0.0003867589599160226,511880,0.0003867589599160226,511880,0.0003867589599160226,511880,0.0003867589599160226,511880,0.0003867589599160226,511880,0.0003867589599160226,511880,0.0003867589599160226,511880,0,0,0,0
2014-02-24,2.9739187327182393e-05,511880,2.9739187327182393e-05,511880,2.9739187327182393e-05,511880,2.9739187327182393e-05,511880,2.9739187327182393e-05,511880,2.9739187327182393e-05,511880,2.9739187327182393e-05,511880,0,0,0,0
2014-02-25,0.0001784298176050747,511880,0.0001784298176050747,511880,0.0001784298176050747,511880,0.0001784298176050747,511880,0.0001784298176050747,511880,0.0001784298176050747,511880,0.0001784298176050747,511880,0,0,0,0
2014-02-26,0.0001387539891772871,511880,0.0001387539891772871,511880,0.0001387539891772871,511880,0.0001387539891772871,511880,0.0001387539891772871,511880,0.0001387539891772871,511880,0.0001387539891772871,511880,0,0,0,0
2014-02-27,2.9728872681156204e-05,511880,2.9728872681156204e-05,511880,2.9728872681156204e-05,511880,2.9728872681156204e-05,511880,2.9728872681156204e-05,511880,2.9728872681156204e-05,511880,2.9728872681156204e-05,511880,0,0,0,0
2014-02-28,0.0002279145815784478,511880,0.0002279145815784478,511880,0.0002279145815784478,511880,0.0002279145815784478,511880,0.0002279145815784478,511880,0.0002279145815784478,511880,0.0002279145815784478,511880,0,0,0,0
2014-03-03,0.0004061899383780432,511880,0.0004061899383780432,511880,0.0004061899383780432,511880,0.0004061899383780432,511880,0.0004061899383780432,511880,0.0004061899383780432,511880,0.0004061899383780432,511880,0,0,0,0
2014-03-04,0.0004456372116974361,511880,0.0004456372116974361,511880,0.0004456372116974361,511880,0.0004456372116974361,511880,0.0004456372116974361,511880,0.0004456372116974361,511880,0.0004456372116974361,511880,0,0,0,0
2014-03-05,0.00020787139689582013,511880,0.00020787139689582013,511880,0.00020787139689582013,511880,0.00020787139689582013,511880,0.00020787139689582013,511880,0.00020787139689582013,511880,0.00020787139689582013,511880,0,0,0,0
2014-03-06,1.9793161462722253e-05,511880,1.9793161462722253e-05,511880,1.9793161462722253e-05,511880,1.9793161462722253e-05,511880,1.9793161462722253e-05,511880,1.9793161462722253e-05,511880,1.9793161462722253e-05,511880,0,0,0,0
2014-03-07,0.0004156481637258569,511880,0.0004156481637258569,511880,0.0004156481637258569,511880,0.0004156481637258569,511880,0.0004156481637258569,511880,0.0004156481637258569,511880,0.0004156481637258569,511880,0,0,0,0
2014-03-10,6.924591201817876e-05,511880,6.924591201817876e-05,511880,6.924591201817876e-05,511880,6.924591201817876e-05,511880,6.924591201817876e-05,511880,6.924591201817876e-05,511880,6.924591201817876e-05,511880,0,0,0,0
2014-03-11,9.891588193400302e-05,511880,9.891588193400302e-05,511880,9.891588193400302e-05,511880,9.891588193400302e-05,511880,9.891588193400302e-05,511880,9.891588193400302e-05,511880,9.891588193400302e-05,511880,0,0,0,0
2014-03-12,-9.890609854990018e-05,511880,-9.890609854990018e-05,511880,-9.890609854990018e-05,511880,-9.890609854990018e-05,511880,-9.890609854990018e-05,511880,-9.890609854990018e-05,511880,-9.890609854990018e-05,511880,0,0,0,0
2014-03-13,-0.00013848223470769305,511880,-0.00013848223470769305,511880,-0.00013848223470769305,511880,-0.00013848223470769305,511880,-0.00013848223470769305,511880,-0.00013848223470769305,511880,-0.00013848223470769305,511880,0,0,0,0
2014-03-14,0.00021764508023203177,511880,0.00021764508023203177,511880,0.00021764508023203177,511880,0.00021764508023203177,511880,0.00021764508023203177,511880,0.00021764508023203177,511880,0.00021764508023203177,511880,0,0,0,0
2014-03-17,0.0001483620826079335,511880,0.0001483620826079335,511880,0.0001483620826079335,511880,0.0001483620826079335,511880,0.0001483620826079335,511880,0.0001483620826079335,511880,0.0001483620826079335,511880,0,0,0,0
2014-03-18,0.0001582294128701367,511880,0.0001582294128701367,511880,0.0001582294128701367,511880,0.0001582294128701367,511880,0.0001582294128701367,511880,0.0001582294128701367,511880,0.0001582294128701367,511880,0,0,0,0
2014-03-19,3.9551095070811115e-05,511880,3.9551095070811115e-05,511880,3.9551095070811115e-05,511880,3.9551095070811115e-05,511880,3.9551095070811115e-05,511880,3.9551095070811115e-05,511880,3.9551095070811115e-05,511880,0,0,0,0
2014-03-20,3.954953084384094e-05,511880,3.954953084384094e-05,511880,3.954953084384094e-05,511880,3.954953084384094e-05,511880,3.954953084384094e-05,511880,3.954953084384094e-05,511880,3.954953084384094e-05,511880,0,0,0,0
2014-03-21,0.00025706178381090794,511880,0.00025706178381090794,511880,0.00025706178381090794,511880,0.00025706178381090794,511880,0.00025706178381090794,511880,0.00025706178381090794,511880,0.00025706178381090794,511880,0,0,0,0
2014-03-24,9.88445077054756e-06,511880,9.88445077054756e-06,511880,9.88445077054756e-06,511880,9.88445077054756e-06,511880,9.88445077054756e-06,511880,9.88445077054756e-06,511880,9.88445077054756e-06,511880,0,0,0,0
2014-03-25,0.0,511880,0.0,511880,0.0,511880,0.0,511880,0.0,511880,0.0,511880,0.0,511880,0,0,0,0
2014-03-26,0.00023722447365814858,511880,0.00023722447365814858,511880,0.00023722447365814858,511880,0.00023722447365814858,511880,0.00023722447365814858,511880,0.00023722447365814858,511880,0.00023722447365814858,511880,0,0,0,0
2014-03-27,-0.00016799414985080308,511880,-0.00016799414985080308,511880,-0.00016799414985080308,511880,-0.00016799414985080308,511880,-0.00016799414985080308,511880,-0.00016799414985080308,511880,-0.00016799414985080308,511880,0,0,0,0
2014-03-28,-5.930201528037138e-05,511880,-5.930201528037138e-05,511880,-5.930201528037138e-05,511880,-5.930201528037138e-05,511880,-5.930201528037138e-05,511880,-5.930201528037138e-05,511880,-5.930201528037138e-05,511880,0,0,0,0
2014-03-31,0.0007808561741999842,511880,0.0007808561741999842,511880,0.0007808561741999842,511880,0.0007808561741999842,511880,0.0007808561741999842,511880,0.0007808561741999842,511880,0.0007808561741999842,511880,0,0,0,0
2014-04-01,0.0003851851851852661,511880,0.0003851851851852661,511880,0.0003851851851852661,511880,0.0003851851851852661,511880,0.0003851851851852661,511880,0.0003851851851852661,511880,0.0003851851851852661,511880,0,0,0,0
2014-04-02,0.00015796384602473346,511880,0.00015796384602473346,511880,0.00015796384602473346,511880,0.00015796384602473346,511880,0.00015796384602473346,511880,0.00015796384602473346,511880,0.00015796384602473346,511880,0,0,0,0
2014-04-03,0.0001480677163021582,511880,0.0001480677163021582,511880,0.0001480677163021582,511880,0.0001480677163021582,511880,0.0001480677163021582,511880,0.0001480677163021582,511880,0.0001480677163021582,511880,0,0,0,0
2014-04-04,0.0005527043031978707,511880,0.0005527043031978707,511880,0.0005527043031978707,511880,0.0005527043031978707,511880,0.0005527043031978707,511880,0.0005527043031978707,511880,0.0005527043031978707,511880,0,0,0,0
2014-04-08,-2.959280303049816e-05,511880,-2.959280303049816e-05,511880,-2.959280303049816e-05,511880,-2.959280303049816e-05,511880,-2.959280303049816e-05,511880,-2.959280303049816e-05,511880,-2.959280303049816e-05,511880,0,0,0,0
2014-04-09,5.91873575803703e-05,511880,5.91873575803703e-05,511880,5.91873575803703e-05,511880,5.91873575803703e-05,511880,5.91873575803703e-05,511880,5.91873575803703e-05,511880,5.91873575803703e-05,511880,0,0,0,0
2014-04-10,0.00017755156393328697,511880,0.00017755156393328697,511880,0.00017755156393328697,511880,0.00017755156393328697,511880,0.00017755156393328697,511880,0.00017755156393328697,511880,0.00017755156393328697,511880,0,0,0,0
2014-04-11,0.00048324901131180376,511880,0.00048324901131180376,511880,0.00048324901131180376,511880,0.00048324901131180376,511880,0.00048324901131180376,511880,0.00048324901131180376,511880,0.00048324901131180376,511880,0,0,0,0
2014-04-14,9.85746111226149e-06,511880,9.85746111226149e-06,511880,9.85746111226149e-06,511880,9.85746111226149e-06,511880,9.85746111226149e-06,511880,9.85746111226149e-06,511880,9.85746111226149e-06,511880,0,0,0,0
2014-04-15,5.914418366237406e-05,511880,5.914418366237406e-05,511880,5.914418366237406e-05,511880,5.914418366237406e-05,511880,5.914418366237406e-05,511880,5.914418366237406e-05,511880,5.914418366237406e-05,511880,0,0,0,0
2014-04-16,0.00013799493361443815,511880,0.00013799493361443815,511880,0.00013799493361443815,511880,0.00013799493361443815,511880,0.00013799493361443815,511880,0.00013799493361443815,511880,0.00013799493361443815,511880,0,0,0,0
2014-04-17,4.927710487145909e-05,511880,4.927710487145909e-05,511880,4.927710487145909e-05,511880,4.927710487145909e-05,511880,4.927710487145909e-05,511880,4.927710487145909e-05,511880,4.927710487145909e-05,511880,0,0,0,0
2014-04-18,0.00026608325449384296,511880,0.00026608325449384296,511880,0.00026608325449384296,511880,0.00026608325449384296,511880,0.00026608325449384296,511880,0.00026608325449384296,511880,0.00026608325449384296,511880,0,0,0,0
2014-04-21,0.0001379323934227461,511880,0.0001379323934227461,511880,0.0001379323934227461,511880,0.0001379323934227461,511880,0.0001379323934227461,511880,0.0001379323934227461,511880,0.0001379323934227461,511880,0,0,0,0
2014-04-22,0.00015761528080138199,511880,0.00015761528080138199,511880,0.00015761528080138199,511880,0.00015761528080138199,511880,0.00015761528080138199,511880,0.00015761528080138199,511880,0.00015761528080138199,511880,0,0,0,0
2014-04-23,0.00011819283160474647,511880,0.00011819283160474647,511880,0.00011819283160474647,511880,0.00011819283160474647,511880,0.00011819283160474647,511880,0.00011819283160474647,511880,0.00011819283160474647,511880,0,0,0,0
2014-04-24,7.87859091402332e-05,511880,7.87859091402332e-05,511880,7.87859091402332e-05,511880,7.87859091402332e-05,511880,7.87859091402332e-05,511880,7.87859091402332e-05,511880,7.87859091402332e-05,511880,0,0,0,0
2014-04-25,0.0004135934376505723,511880,0.0004135934376505723,511880,0.0004135934376505723,511880,0.0004135934376505723,511880,0.0004135934376505723,511880,0.0004135934376505723,511880,0.0004135934376505723,511880,0,0,0,0
2014-04-28,-0.0005020129735902046,511880,-0.0005020129735902046,511880,-0.0005020129735902046,511880,-0.0005020129735902046,511880,-0.0005020129735902046,511880,-0.0005020129735902046,511880,-0.0005020129735902046,511880,0,0,0,0
2014-04-29,0.0002363600551504863,511880,0.0002363600551504863,511880,0.0002363600551504863,511880,0.0002363600551504863,511880,0.0002363600551504863,511880,0.0002363600551504863,511880,0.0002363600551504863,511880,0,0,0,0
2014-04-30,0.0009649088259620076,511880,0.0009649088259620076,511880,0.0009649088259620076,511880,0.0009649088259620076,511880,0.0009649088259620076,511880,0.0009649088259620076,511880,0.0009649088259620076,511880,0,0,0,0
2014-05-05,9.836517086014851e-05,511880,9.836517086014851e-05,511880,9.836517086014851e-05,511880,9.836517086014851e-05,511880,9.836517086014851e-05,511880,9.836517086014851e-05,511880,9.836517086014851e-05,511880,0,0,0,0
2014-05-06,0.00016720434337869072,511880,0.00016720434337869072,511880,0.00016720434337869072,511880,0.00016720434337869072,511880,0.00016720434337869072,511880,0.00016720434337869072,511880,0.00016720434337869072,511880,0,0,0,0
2014-05-07,0.00019667810677659325,511880,0.00019667810677659325,511880,0.00019667810677659325,511880,0.00019667810677659325,511880,0.00019667810677659325,511880,0.00019667810677659325,511880,0.00019667810677659325,511880,0,0,0,0
2014-05-08,0.00014747957407901247,511880,0.00014747957407901247,511880,0.00014747957407901247,511880,0.00014747957407901247,511880,0.00014747957407901247,511880,0.00014747957407901247,511880,0.00014747957407901247,511880,0,0,0,0
2014-05-09,0.00033423774133933826,511880,0.00033423774133933826,511880,0.00033423774133933826,511880,0.00033423774133933826,511880,0.00033423774133933826,511880,0.00033423774133933826,511880,0.00033423774133933826,511880,0,0,0,0
2014-05-12,1.9654474341157524e-05,511880,1.9654474341157524e-05,511880,1.9654474341157524e-05,511880,1.9654474341157524e-05,511880,1.9654474341157524e-05,511880,1.9654474341157524e-05,511880,1.9654474341157524e-05,511880,0,0,0,0
2014-05-13,9.827044025145781e-05,511880,9.827044025145781e-05,511880,9.827044025145781e-05,511880,9.827044025145781e-05,511880,9.827044025145781e-05,511880,9.827044025145781e-05,511880,9.827044025145781e-05,511880,0,0,0,0
2014-05-14,9.826078412111805e-05,511880,9.826078412111805e-05,511880,9.826078412111805e-05,511880,9.826078412111805e-05,511880,9.826078412111805e-05,511880,9.826078412111805e-05,511880,9.826078412111805e-05,511880,0,0,0,0
2014-05-15,0.0001670269208096098,511880,0.0001670269208096098,511880,0.0001670269208096098,511880,0.0001670269208096098,511880,0.0001670269208096098,511880,0.0001670269208096098,511880,0.0001670269208096098,511880,0,0,0,0
2014-05-16,0.0002652337495210322,511880,0.0002652337495210322,511880,0.0002652337495210322,511880,0.0002652337495210322,511880,0.0002652337495210322,511880,0.0002652337495210322,511880,0.0002652337495210322,511880,0,0,0,0
2014-05-19,0.00010802954116906349,511880,0.00010802954116906349,511880,0.00010802954116906349,511880,0.00010802954116906349,511880,0.00010802954116906349,511880,0.00010802954116906349,511880,0.00010802954116906349,511880,0,0,0,0
2014-05-20,5.891883929876052e-05,511880,5.891883929876052e-05,511880,5.891883929876052e-05,511880,5.891883929876052e-05,511880,5.891883929876052e-05,511880,5.891883929876052e-05,511880,5.891883929876052e-05,511880,0,0,0,0
2014-05-21,9.819228012308834e-05,511880,9.819228012308834e-05,511880,9.819228012308834e-05,511880,9.819228012308834e-05,511880,9.819228012308834e-05,511880,9.819228012308834e-05,511880,9.819228012308834e-05,511880,0,0,0,0
2014-05-22,0.00018654701475684377,511880,0.00018654701475684377,511880,0.00018654701475684377,511880,0.00018654701475684377,511880,0.00018654701475684377,511880,0.00018654701475684377,511880,0.00018654701475684377,511880,0,0,0,0
2014-05-23,0.0002257779522920611,511880,0.0002257779522920611,511880,0.0002257779522920611,511880,0.0002257779522920611,511880,0.0002257779522920611,511880,0.0002257779522920611,511880,0.0002257779522920611,511880,0,0,0,0
2014-05-26,2.944265062376772e-05,511880,2.944265062376772e-05,511880,2.944265062376772e-05,511880,2.944265062376772e-05,511880,2.944265062376772e-05,511880,2.944265062376772e-05,511880,2.944265062376772e-05,511880,0,0,0,0
2014-05-27,0.0002159064143834044,511880,0.0002159064143834044,511880,0.0002159064143834044,511880,0.0002159064143834044,511880,0.0002159064143834044,511880,0.0002159064143834044,511880,0.0002159064143834044,511880,0,0,0,0
2014-05-28,9.811809493887047e-05,511880,9.811809493887047e-05,511880,9.811809493887047e-05,511880,9.811809493887047e-05,511880,9.811809493887047e-05,511880,9.811809493887047e-05,511880,9.811809493887047e-05,511880,0,0,0,0
2014-05-29,-3.924338748895195e-05,511880,-3.924338748895195e-05,511880,-3.924338748895195e-05,511880,-3.924338748895195e-05,511880,-3.924338748895195e-05,511880,-3.924338748895195e-05,511880,-3.924338748895195e-05,511880,0,0,0,0
2014-05-30,0.0005494289863035018,511880,0.0005494289863035018,511880,0.0005494289863035018,511880,0.0005494289863035018,511880,0.0005494289863035018,511880,0.0005494289863035018,511880,0.0005494289863035018,511880,0,0,0,0
2014-06-03,0.00021572857423013403,511880,0.00021572857423013403,511880,0.00021572857423013403,511880,0.00021572857423013403,511880,0.00021572857423013403,511880,0.00021572857423013403,511880,0.00021572857423013403,511880,0,0,0,0
2014-06-04,0.0002058783161114075,511880,0.0002058783161114075,511880,0.0002058783161114075,511880,0.0002058783161114075,511880,0.0002058783161114075,511880,0.0002058783161114075,511880,0.0002058783161114075,511880,0,0,0,0
2014-06-05,0.00029405134136428757,511880,0.00029405134136428757,511880,0.00029405134136428757,511880,0.00029405134136428757,511880,0.00029405134136428757,511880,0.00029405134136428757,511880,0.00029405134136428757,511880,0,0,0,0
2014-06-06,0.0006663204413392965,511880,0.0006663204413392965,511880,0.0006663204413392965,511880,0.0006663204413392965,511880,0.0006663204413392965,511880,0.0006663204413392965,511880,0.0006663204413392965,511880,0,0,0,0
2014-06-09,0.0004112768186759208,511880,0.0004112768186759208,511880,0.0004112768186759208,511880,0.0004112768186759208,511880,0.0004112768186759208,511880,0.0004112768186759208,511880,0.0004112768186759208,511880,0,0,0,0
2014-06-10,-4.8941397570279044e-05,511880,-4.8941397570279044e-05,511880,-4.8941397570279044e-05,511880,-4.8941397570279044e-05,511880,-4.8941397570279044e-05,511880,-4.8941397570279044e-05,511880,-4.8941397570279044e-05,511880,0,0,0,0
2014-06-11,-0.00022514144756147214,511880,-0.00022514144756147214,511880,-0.00022514144756147214,511880,-0.00022514144756147214,511880,-0.00022514144756147214,511880,-0.00022514144756147214,511880,-0.00022514144756147214,511880,0,0,0,0
2014-06-12,-0.00016644637000073903,511880,-0.00016644637000073903,511880,-0.00016644637000073903,511880,-0.00016644637000073903,511880,-0.00016644637000073903,511880,-0.00016644637000073903,511880,-0.00016644637000073903,511880,0,0,0,0
2014-06-13,0.00011751111459301633,511880,0.00011751111459301633,511880,0.00011751111459301633,511880,0.00011751111459301633,511880,0.00011751111459301633,511880,0.00011751111459301633,511880,0.00011751111459301633,511880,0,0,0,0
2014-06-16,-0.000421032018016132,511880,-0.000421032018016132,511880,-0.000421032018016132,511880,-0.000421032018016132,511880,-0.000421032018016132,511880,-0.000421032018016132,511880,-0.000421032018016132,511880,0,0,0,0
2014-06-17,-0.0005387561589623724,511880,-0.0005387561589623724,511880,-0.0005387561589623724,511880,-0.0005387561589623724,511880,-0.0005387561589623724,511880,-0.0005387561589623724,511880,-0.0005387561589623724,511880,0,0,0,0
2014-06-18,-0.000950682138936787,511880,-0.000950682138936787,511880,-0.000950682138936787,511880,-0.000950682138936787,511880,-0.000950682138936787,511880,-0.000950682138936787,511880,-0.000950682138936787,511880,0,0,0,0
2014-06-19,0.0023348212095943843,511880,0.0023348212095943843,511880,0.0023348212095943843,511880,0.0023348212095943843,511880,0.0023348212095943843,511880,0.0023348212095943843,511880,0.0023348212095943843,511880,0,0,0,0
2014-06-20,0.0005187280396974359,511880,0.0005187280396974359,511880,0.0005187280396974359,511880,0.0005187280396974359,511880,0.0005187280396974359,511880,0.0005187280396974359,511880,0.0005187280396974359,511880,0,0,0,0
2014-06-23,-3.9128988711500945e-05,511880,-3.9128988711500945e-05,511880,-3.9128988711500945e-05,511880,-3.9128988711500945e-05,511880,-3.9128988711500945e-05,511880,-3.9128988711500945e-05,511880,-3.9128988711500945e-05,511880,0,0,0,0
2014-06-24,0.00031837569212123107,513100,0.00031837569212123107,513100,0.00031837569212123107,513100,0.00031837569212123107,513100,0.00031837569212123107,513100,0.00031837569212123107,513100,0.00031837569212123107,513100,0,0,0,0
2014-06-25,-0.0015923566878981443,513100,-0.0015923566878981443,513100,-0.0015923566878981443,513100,-0.0015923566878981443,513100,-0.0015923566878981443,513100,-0.0015923566878981443,513100,-0.0015923566878981443,513100,0,0,0,0
2014-06-26,0.00797448165869219,513100,0.00797448165869219,513100,0.00797448165869219,513100,0.00797448165869219,513100,0.00797448165869219,513100,0.00797448165869219,513100,0.00797448165869219,513100,0,0,0,0
2014-06-27,0.0031645569620253333,513100,0.0031645569620253333,513100,0.0031645569620253333,513100,0.0031645569620253333,513100,0.0031645569620253333,513100,0.0031645569620253333,513100,0.0031645569620253333,513100,0,0,0,0
2014-06-30,0.0023659305993690705,513100,0.0023659305993690705,513100,0.0023659305993690705,513100,0.0023659305993690705,513100,0.0023659305993690705,513100,0.0023659305993690705,513100,0.0023659305993690705,513100,0,0,0,0
2014-07-01,0.0015735641227379027,513100,0.0015735641227379027,513100,0.0015735641227379027,513100,0.0015735641227379027,513100,0.0015735641227379027,513100,0.0015735641227379027,513100,0.0015735641227379027,513100,0,0,0,0
2014-07-02,0.010212097407698462,513100,0.010212097407698462,513100,0.010212097407698462,513100,0.010212097407698462,513100,0.010212097407698462,513100,0.010212097407698462,513100,0.010212097407698462,513100,0,0,0,0
2014-07-03,0.0015552099533437946,513100,0.0015552099533437946,513100,0.0015552099533437946,513100,0.0015552099533437946,513100,0.0015552099533437946,513100,0.0015552099533437946,513100,0.0015552099533437946,513100,0,0,0,0
2014-07-04,0.013198757763975166,513100,0.013198757763975166,513100,0.013198757763975166,513100,0.013198757763975166,513100,0.013198757763975166,513100,0.013198757763975166,513100,0.013198757763975166,513100,0,0,0,0
2014-07-07,0.0022988505747127963,513100,0.0022988505747127963,513100,0.0022988505747127963,513100,0.0022988505747127963,513100,0.0022988505747127963,513100,0.0022988505747127963,513100,0.0022988505747127963,513100,0,0,0,0
2014-07-08,-0.003058103975535076,513100,-0.003058103975535076,513100,-0.003058103975535076,513100,-0.003058103975535076,513100,-0.003058103975535076,513100,-0.003058103975535076,513100,-0.003058103975535076,513100,0,0,0,0
2014-07-09,-0.015337423312883347,513100,-0.015337423312883347,513100,-0.015337423312883347,513100,-0.015337423312883347,513100,-0.015337423312883347,513100,-0.015337423312883347,513100,-0.015337423312883347,513100,0,0,0,0
2014-07-10,0.005451713395638658,513100,0.005451713395638658,513100,0.005451713395638658,513100,0.005451713395638658,513100,0.005451713395638658,513100,0.005451713395638658,513100,0.005451713395638658,513100,0,0,0,0
2014-07-11,-0.0077459333849728695,513100,-0.0077459333849728695,513100,-0.0077459333849728695,513100,-0.0077459333849728695,513100,-0.0077459333849728695,513100,-0.0077459333849728695,513100,-0.0077459333849728695,513100,0,0,0,0
2014-07-14,0.007025761124121788,513100,0.007025761124121788,513100,0.007025761124121788,513100,0.007025761124121788,513100,0.007025761124121788,513100,0.007025761124121788,513100,0.007025761124121788,513100,0,0,0,0
2014-07-15,0.008527131782945618,513100,0.008527131782945618,513100,0.008527131782945618,513100,0.008527131782945618,513100,0.008527131782945618,513100,0.008527131782945618,513100,0.008527131782945618,513100,0,0,0,0
2014-07-16,-0.003843197540353449,513100,-0.003843197540353449,513100,-0.003843197540353449,513100,-0.003843197540353449,513100,-0.003843197540353449,513100,-0.003843197540353449,513100,-0.003843197540353449,513100,0,0,0,0
2014-07-17,0.0030864197530864335,513100,0.0030864197530864335,513100,0.0030864197530864335,513100,0.0030864197530864335,513100,0.0030864197530864335,513100,0.0030864197530864335,513100,0.0030864197530864335,513100,0,0,0,0
2014-07-18,-0.007692307692307665,513100,-0.007692307692307665,513100,-0.007692307692307665,513100,-0.007692307692307665,513100,-0.007692307692307665,513100,-0.007692307692307665,513100,-0.007692307692307665,513100,0,0,0,0
2014-07-21,0.009302325581395321,513100,0.009302325581395321,513100,0.009302325581395321,513100,0.009302325581395321,513100,0.009302325581395321,513100,0.009302325581395321,513100,0.009302325581395321,513100,0,0,0,0
2014-07-22,-0.0023041474654378336,513100,-0.0023041474654378336,513100,-0.0023041474654378336,513100,-0.0023041474654378336,513100,-0.0023041474654378336,513100,-0.0023041474654378336,513100,-0.0023041474654378336,513100,0,0,0,0
2014-07-23,0.0038491147036181506,513100,0.0038491147036181506,513100,0.0038491147036181506,513100,0.0036483448806774454,510500,0.0038491147036181506,513100,0.0036483448806774454,510500,0.0038491147036181506,513100,0,0,0,0
2014-07-24,0.0076687116564417845,513100,0.0076687116564417845,513100,0.0076687116564417845,513100,-0.000877192982455921,510500,0.0076687116564417845,513100,-0.000877192982455921,510500,0.0074671779141104455,510300,0,0,0,0
2014-07-25,-0.0024826484018266592,510300,-0.0024826484018266592,510300,-0.0024826484018266592,510300,0.008779631255487308,510500,-0.0024826484018266592,510300,0.008779631255487308,510500,0.011403508771929971,510300,0,0,0,0
2014-07-28,0.026886383347788367,510300,0.026886383347788367,510300,0.026886383347788367,510300,0.017202959094865022,510300,0.026886383347788367,510300,0.017202959094865022,510300,0.026886383347788367,510300,0,0,0,0
2014-07-29,0.0025337837837837718,510300,0.0025337837837837718,510300,0.0025337837837837718,510300,0.0025337837837837718,510300,0.0025337837837837718,510300,0.0025337837837837718,510300,0.0025337837837837718,510300,0,0,0,0
2014-07-30,-0.0033698399326033135,510300,-0.0033698399326033135,510300,-0.0033698399326033135,510300,-0.0033698399326032025,510300,-0.0033698399326033135,510300,-0.0033698399326032025,510300,-0.0033698399326032025,510300,0,0,0,0
2014-07-31,0.013524936601859716,510300,0.013524936601859716,510300,0.013524936601859716,510300,0.013524936601859716,510300,0.013524936601859716,510300,0.013524936601859716,510300,0.013524936601859716,510300,0,0,0,0
2014-08-01,-0.012093411175980062,510300,-0.012093411175980062,510300,-0.012093411175980062,510300,-0.012093411175979951,510300,-0.012093411175980062,510300,-0.012093411175979951,510300,-0.012093411175979951,510300,0,0,0,0
2014-08-04,0.021528070915998176,510300,0.021528070915998176,510300,0.021528070915998176,510300,0.021528070915998176,510300,0.021528070915998176,510300,0.021528070915998176,510300,0.021528070915998176,510300,0,0,0,0
2014-08-05,-0.002892561983471098,510300,-0.002892561983471098,510300,-0.002892561983471098,510300,-0.002892561983471098,510300,-0.002892561983471098,510300,-0.002892561983471098,510300,-0.002892561983471098,510300,0,0,0,0
2014-08-06,-0.00621632822213003,510300,-0.00621632822213003,510300,-0.00621632822213003,510300,-0.006216328222130141,510300,-0.00621632822213003,510300,-0.006216328222130141,510300,-0.006216328222129919,510300,0,0,0,0
2014-08-07,-0.010842368640533895,510300,-0.010842368640533895,510300,-0.010842368640533895,510300,-0.010842368640533895,510300,-0.010842368640533895,510300,-0.010842368640533895,510300,-0.010842368640533784,510300,0,0,0,0
2014-08-08,0.00042158516020252,510300,0.00042158516020252,510300,0.00042158516020252,510300,0.00042158516020252,510300,0.00042158516020252,510300,0.00042158516020252,510300,0.00042158516020252,510300,0,0,0,0
2014-08-11,0.013906447534766109,510300,0.013906447534766109,510300,0.013906447534766109,510300,0.013906447534766109,510300,0.013906447534766109,510300,0.013906447534766109,510300,0.013906447534766109,510300,0,0,0,0
2014-08-12,-0.004156275976724966,510300,-0.004156275976724966,510300,-0.004156275976724966,510300,-0.004156275976724855,510300,-0.004156275976724966,510300,-0.004156275976724855,510300,-0.004156275976724966,510300,0,0,0,0
2014-08-13,0.002921535893155358,510300,0.002921535893155358,510300,0.002921535893155358,510300,0.002921535893155358,510300,0.002921535893155358,510300,0.002921535893155358,510300,0.002921535893155358,510300,0,0,0,0
2014-08-14,-0.012068248023304307,510300,-0.012068248023304307,510300,-0.012068248023304307,510300,-0.012068248023304085,510300,-0.012068248023304307,510300,-0.012068248023304085,510300,-0.012068248023304196,510300,0,0,0,0
2014-08-15,0.012636899747261898,510300,0.012636899747261898,510300,0.012636899747261898,510300,0.012636899747261898,510300,0.012636899747261898,510300,0.012636899747261898,510300,0.012636899747261898,510300,0,0,0,0
2014-08-18,0.0033277870216306127,510300,0.0033277870216306127,510300,0.0033277870216306127,510300,0.0033277870216306127,510300,0.0033277870216306127,510300,0.0031271214642263345,510500,0.0031271214642263345,510500,0,0,0,0
2014-08-19,0.0008291873963517382,510300,0.0008291873963517382,510300,0.0008291873963517382,510300,0.0008291873963517382,510300,0.0008291873963517382,510300,0.0023790642347343294,510500,0.0023790642347343294,510500,0,0,0,0
2014-08-20,-0.003927506213753262,510500,-0.003927506213753262,510500,-0.003927506213753262,510500,-0.003927506213753262,510500,-0.003927506213753262,510500,0.0,510500,0.0,510500,0,0,0,0
2014-08-21,-0.0015822784810127777,510500,-0.0015822784810127777,510500,-0.0015822784810127777,510500,-0.0015822784810126667,510500,-0.0015822784810127777,510500,-0.0015822784810126667,510500,-0.0015822784810126667,510500,0,0,0,0
2014-08-22,0.006339144215530945,510500,0.006339144215530945,510500,0.006339144215530945,510500,0.006339144215530945,510500,0.006339144215530945,510500,0.006339144215530945,510500,0.006339144215530945,510500,0,0,0,0
2014-08-25,-0.007874015748031482,510500,-0.007874015748031482,510500,-0.007874015748031482,510500,-0.007874015748031482,510500,-0.007874015748031482,510500,-0.007874015748031371,510500,-0.007874015748031482,510500,0,0,0,0
2014-08-26,-0.015873015873015928,510500,-0.015873015873015928,510500,-0.015873015873015928,510500,-0.01587301587301604,510500,-0.015873015873015928,510500,-0.015873015873015817,510500,-0.01587301587301604,510500,0,0,0,0
2014-08-27,0.0008064516129033805,510500,0.0008064516129033805,510500,0.0008064516129033805,510500,0.0008064516129033805,510500,0.0008064516129033805,510500,0.0008064516129033805,510500,0.0008064516129033805,510500,0,0,0,0
2014-08-28,-0.008863819500402936,510500,-0.008863819500402936,510500,-0.008863819500402936,510500,-0.008863819500403158,510500,-0.008863819500402936,510500,-0.008863819500403158,510500,-0.008863819500403047,510500,0,0,0,0
2014-08-29,0.012195121951219523,510500,0.012195121951219523,510500,0.012195121951219523,510500,0.012195121951219523,510500,0.012195121951219523,510500,0.012195121951219523,510500,0.012195121951219523,510500,0,0,0,0
2014-09-01,0.016867469879517927,510500,0.016867469879517927,510500,0.016867469879517927,510500,0.016867469879517927,510500,0.016867469879517927,510500,0.016867469879517927,510500,0.016867469879517927,510500,0,0,0,0
2014-09-02,0.01579778830963674,510500,0.01579778830963674,510500,0.01579778830963674,510500,0.01579778830963674,510500,0.01579778830963674,510500,0.01579778830963674,510500,0.01579778830963674,510500,0,0,0,0
2014-09-03,0.007776049766718529,510500,0.007776049766718529,510500,0.007776049766718529,510500,0.007776049766718529,510500,0.007776049766718529,510500,0.007776049766718529,510500,0.007776049766718529,510500,0,0,0,0
2014-09-04,0.00694444444444442,510500,0.00694444444444442,510500,0.00694444444444442,510500,0.00694444444444442,510500,0.00694444444444442,510500,0.00694444444444442,510500,0.00694444444444442,510500,0,0,0,0
2014-09-05,0.0045977011494253706,510500,0.0045977011494253706,510500,0.0045977011494253706,510500,0.0045977011494253706,510500,0.0045977011494253706,510500,0.0045977011494253706,510500,0.0045977011494253706,510500,0,0,0,0
2014-09-09,0.0076277650648359785,510500,0.0076277650648359785,510500,0.0076277650648359785,510500,0.0076277650648359785,510500,0.0076277650648359785,510500,0.0076277650648359785,510500,0.0076277650648359785,510500,0,0,0,0
2014-09-10,0.0015140045420136694,510500,0.0015140045420136694,510500,0.0015140045420136694,510500,0.0015140045420136694,510500,0.0015140045420136694,510500,0.0015140045420136694,510500,0.0015140045420136694,510500,0,0,0,0
2014-09-11,-0.0015117157974299245,510500,-0.0015117157974299245,510500,-0.0015117157974299245,510500,-0.0015117157974300355,510500,-0.0015117157974299245,510500,-0.0015117157974299245,510500,-0.0015117157974300355,510500,0,0,0,0
2014-09-12,0.012112036336108911,510500,0.012112036336108911,510500,0.012112036336108911,510500,0.012112036336108911,510500,0.012112036336108911,510500,0.012112036336108911,510500,0.012112036336108911,510500,0,0,0,0
2014-09-15,0.008975317875841382,510500,0.008975317875841382,510500,0.008975317875841382,510500,0.008975317875841382,510500,0.008975317875841382,510500,0.008975317875841382,510500,0.008975317875841382,510500,0,0,0,0
2014-09-16,-0.032616753150481737,510500,-0.032616753150481737,510500,-0.032616753150481737,510500,-0.0328102297998516,510300,-0.032616753150481737,510500,-0.03281022979985149,510300,-0.03281022979985149,159915,0,0,0,0
2014-09-17,0.008429118773946476,510500,0.008429118773946476,510500,0.008429118773946476,510500,0.0030861133935908835,510500,0.008429118773946476,510500,0.0032867707477404196,510300,0.0013908205841446364,159915,0,0,0,0
2014-09-18,0.006838905775075954,510500,0.006838905775075954,510500,0.006838905775075954,510500,0.006838905775075954,510500,0.006838905775075954,510500,0.004095004095004073,510300,0.011111111111111072,159915,0,0,0,0
2014-09-19,0.00905660377358486,510500,0.00905660377358486,510500,0.00905660377358486,510500,0.00905660377358486,510500,0.00905660377358486,510500,0.00795497553017932,510500,0.0025467032967032566,510500,0,0,0,0
2014-09-22,-0.014210919970082059,510500,-0.014210919970082059,510500,-0.014210919970082059,510500,-0.014210919970082059,510500,-0.014210919970082059,510500,-0.01421091997008217,510500,-0.01421091997008217,510500,0,0,0,0
2014-09-23,0.01365705614567525,510500,0.01365705614567525,510500,0.01365705614567525,510500,0.01365705614567525,510500,0.01365705614567525,510500,0.01365705614567525,510500,0.01365705614567525,510500,0,0,0,0
2014-09-24,0.013473053892215647,510500,0.013473053892215647,510500,0.013473053892215647,510500,0.013473053892215647,510500,0.013473053892215647,510500,0.013473053892215647,510500,0.013473053892215647,510500,0,0,0,0
2014-09-25,-0.001477104874446189,510500,-0.001477104874446189,510500,-0.001477104874446189,510500,-0.001477104874446078,510500,-0.001477104874446189,510500,-0.001477104874446189,510500,-0.001477104874446078,510500,0,0,0,0
2014-09-26,0.0036982248520709415,510500,0.0036982248520709415,510500,0.0036982248520709415,510500,0.0036982248520709415,510500,0.0036982248520709415,510500,0.0036982248520709415,510500,0.0036982248520709415,510500,0,0,0,0
2014-09-29,0.011053795136330313,510500,0.011053795136330313,510500,0.011053795136330313,510500,0.011053795136330313,510500,0.011053795136330313,510500,0.011053795136330313,510500,0.011053795136330313,510500,0,0,0,0
2014-09-30,0.006559766763848396,510500,0.006559766763848396,510500,0.006559766763848396,510500,0.006559766763848396,510500,0.006559766763848396,510500,0.006559766763848396,510500,0.006559766763848396,510500,0,0,0,0
2014-10-08,0.0173787110789283,510500,0.0173787110789283,510500,0.0173787110789283,510500,0.0173787110789283,510500,0.0173787110789283,510500,0.0173787110789283,510500,0.0173787110789283,510500,0,0,0,0
2014-10-09,0.000711743772241924,510500,0.000711743772241924,510500,0.000711743772241924,510500,0.000711743772241924,510500,0.000711743772241924,510500,0.000711743772241924,510500,0.000711743772241924,510500,0,0,0,0
2014-10-10,-0.004978662873399653,510500,-0.004978662873399653,510500,-0.004978662873399653,510500,-0.004978662873399653,510500,-0.004978662873399653,510500,-0.004978662873399653,510500,-0.004978662873399542,510500,0,0,0,0
2014-10-13,0.0007147962830591492,510500,0.0007147962830591492,510500,0.0007147962830591492,510500,0.0007147962830591492,510500,0.0007147962830591492,510500,0.0007147962830591492,510500,0.0007147962830591492,510500,0,0,0,0
2014-10-14,-0.004285714285714559,510500,-0.004285714285714559,510500,-0.004285714285714559,510500,-0.004285714285714448,510500,-0.004285714285714559,510500,-0.004285714285714448,510500,-0.004285714285714337,510500,0,0,0,0
2014-10-15,0.004304160688665792,510500,0.004304160688665792,510500,0.004304160688665792,510500,0.004304160688665792,510500,0.004304160688665792,510500,0.004304160688665792,510500,0.004304160688665792,510500,0,0,0,0
2014-10-16,-0.014999999999999902,510500,-0.014999999999999902,510500,-0.014999999999999902,510500,-0.014999999999999902,510500,-0.014999999999999902,510500,-0.014999999999999902,510500,-0.014999999999999902,510500,0,0,0,0
2014-10-17,-0.010152284263959421,510500,-0.010152284263959421,510500,-0.010152284263959421,510500,-0.01015228426395931,510500,-0.010152284263959421,510500,-0.010152284263959421,510500,-0.010152284263959421,510500,0,0,0,0
2014-10-20,0.01391941391941387,510500,0.01391941391941387,510500,0.01391941391941387,510500,0.01391941391941387,510500,0.01391941391941387,510500,0.01391941391941387,510500,0.01391941391941387,510500,0,0,0,0
2014-10-21,-0.009393063583814976,510500,-0.009393063583814976,510500,-0.009393063583814976,510500,-0.009393063583814976,510500,-0.009393063583814976,510500,-0.009393063583814976,510500,-0.009393063583814976,510500,0,0,0,0
2014-10-22,-0.012399708242158969,510500,-0.012399708242158969,510500,-0.012399708242158969,510500,-0.012399708242158858,510500,-0.012399708242158969,510500,-0.012399708242158969,510500,-0.01239970824215908,510500,0,0,0,0
2014-10-23,-0.01255539143279183,510500,-0.01255539143279183,510500,-0.01255539143279183,510500,-0.01255539143279183,510500,-0.01255539143279183,510500,-0.012555391432791718,510500,-0.012555391432791718,510500,0,0,0,0
2014-10-24,0.0029917726252803867,510500,0.0029917726252803867,510500,0.0029917726252803867,510500,0.0029917726252803867,510500,0.0029917726252803867,510500,0.0029917726252803867,510500,0.0029917726252803867,510500,0,0,0,0
2014-10-27,0.007457121551081247,510500,0.007457121551081247,510500,0.007457121551081247,510500,0.007457121551081247,510500,0.007457121551081247,510500,0.007457121551081247,510500,0.007457121551081247,510500,0,0,0,0
2014-10-28,0.023686158401184265,510500,0.023686158401184265,510500,0.023686158401184265,510500,0.023686158401184265,510500,0.023686158401184265,510500,0.023686158401184265,510500,0.023686158401184265,510500,0,0,0,0
2014-10-29,0.015184381778741818,510500,0.015184381778741818,510500,0.015184381778741818,510500,0.015184381778741818,510500,0.015184381778741818,510500,0.015184381778741818,510500,0.015184381778741818,510500,0,0,0,0
2014-10-30,-0.002136752136752018,510500,-0.002136752136752018,510500,-0.002136752136752018,510500,-0.002136752136752018,510500,-0.002136752136752018,510500,-0.002136752136751907,510500,-0.002136752136752129,510500,0,0,0,0
2014-10-31,0.0007137758743753775,510500,0.0007137758743753775,510500,0.0007137758743753775,510500,0.0007137758743753775,510500,0.0007137758743753775,510500,0.0007137758743753775,510500,0.0007137758743753775,510500,0,0,0,0
2014-11-03,0.007845934379457908,510500,0.007845934379457908,510500,0.007845934379457908,510500,0.007845934379457908,510500,0.007845934379457908,510500,0.007845934379457908,510500,0.007845934379457908,510500,0,0,0,0
2014-11-04,-0.0056617126680820196,510500,-0.0056617126680820196,510500,-0.0056617126680820196,510500,-0.0056617126680820196,510500,-0.0056617126680820196,510500,-0.0056617126680819085,510500,-0.0056617126680820196,510500,0,0,0,0
2014-11-05,-0.001623202846974925,513100,-0.001623202846974925,513100,-0.001623202846974925,513100,-0.001623202846975036,513100,-0.001623202846974925,513100,-0.001623202846975147,513100,-0.001623202846975036,510300,0,0,0,0
2014-11-06,0.0,513100,0.0,513100,0.0,513100,0.0,513100,0.0,513100,0.0,513100,0.00039308176100627534,510300,0,0,0,0
2014-11-07,0.006646971935007295,513100,0.006646971935007295,513100,0.006646971935007295,513100,0.006646971935007295,513100,0.006646971935007295,513100,0.006646971935007295,513100,-0.0019646365422396617,510300,0,0,0,0
2014-11-10,0.0,513100,0.0,513100,0.0,513100,0.0,513100,0.0,513100,0.0,513100,0.02774716535433086,513100,0,0,0,0
2014-11-11,0.0,513100,0.0,513100,0.0,513100,0.0,513100,0.0,513100,0.0,513100,0.0,513100,0,0,0,0
2014-11-12,-0.0007336757153337814,513100,-0.0007336757153337814,513100,-0.0007336757153337814,513100,-0.0007336757153337814,513100,-0.0007336757153337814,513100,-0.0007336757153337814,513100,-0.0007336757153338924,513100,0,0,0,0
2014-11-13,0.001468428781204123,513100,0.001468428781204123,513100,0.001468428781204123,513100,0.001468428781204123,513100,0.001468428781204123,513100,0.001468428781204123,513100,0.001468428781204123,513100,0,0,0,0
2014-11-14,0.0007331378299120228,513100,0.0007331378299120228,513100,0.0007331378299120228,513100,0.0007331378299120228,513100,0.0007331378299120228,513100,0.0007331378299120228,513100,0.0007331378299120228,513100,0,0,0,0
2014-11-17,0.00219780219780219,513100,0.00219780219780219,513100,0.00219780219780219,513100,0.00219780219780219,513100,0.00219780219780219,513100,0.00219780219780219,513100,0.00219780219780219,513100,0,0,0,0
2014-11-18,0.0,513100,0.0,513100,0.0,513100,0.0,513100,0.0,513100,0.0,513100,0.0,513100,0,0,0,0
2014-11-19,0.01242690058479523,513100,0.01242690058479523,513100,0.01242690058479523,513100,0.01242690058479523,513100,0.01242690058479523,513100,0.01242690058479523,513100,0.01242690058479523,513100,0,0,0,0
2014-11-20,-0.009386281588447565,513100,-0.009386281588447565,513100,-0.009386281588447565,513100,-0.009386281588447565,513100,-0.009386281588447565,513100,-0.009386281588447454,513100,-0.009386281588447565,513100,0,0,0,0
2014-11-21,0.004373177842565523,513100,0.004373177842565523,513100,0.004373177842565523,513100,0.004373177842565523,513100,0.004373177842565523,513100,0.004373177842565523,513100,0.004373177842565523,513100,0,0,0,0
2014-11-24,-0.005805515239477477,513100,-0.005805515239477477,513100,-0.005805515239477477,513100,-0.005805515239477366,513100,-0.005805515239477477,513100,-0.005805515239477366,513100,-0.005805515239477366,513100,0,0,0,0
2014-11-25,0.009287153284671446,510300,0.009287153284671446,510300,0.009287153284671446,510300,0.0094890510948904,513100,0.009287153284671446,510300,0.0094890510948904,513100,0.009287153284671446,510300,0,0,0,0
2014-11-26,0.010993037742762946,510300,0.010993037742762946,510300,0.010993037742762946,510300,0.00413752711496751,510300,0.010993037742762946,510300,0.00413752711496751,510300,0.010993037742762946,510300,0,0,0,0
2014-11-27,0.009061254077564307,510300,0.009061254077564307,510300,0.009061254077564307,510300,0.009061254077564307,510300,0.009061254077564307,510300,0.009061254077564307,510300,0.009061254077564307,510300,0,0,0,0
2014-11-28,0.0237068965517242,510300,0.0237068965517242,510300,0.0237068965517242,510300,0.0237068965517242,510300,0.0237068965517242,510300,0.0237068965517242,510300,0.0237068965517242,510300,0,0,0,0
2014-12-01,0.001052631578947416,510300,0.001052631578947416,510300,0.001052631578947416,510300,0.001052631578947416,510300,0.001052631578947416,510300,0.001052631578947416,510300,0.001052631578947416,510300,0,0,0,0
2014-12-02,0.03960743077462325,510300,0.03960743077462325,510300,0.03960743077462325,510300,0.03960743077462325,510300,0.03960743077462325,510300,0.03960743077462325,510300,0.03960743077462325,510300,0,0,0,0
2014-12-03,0.010788941335131419,510300,0.010788941335131419,510300,0.010788941335131419,510300,0.010788941335131419,510300,0.010788941335131419,510300,0.010788941335131419,510300,0.010788941335131419,510300,0,0,0,0
2014-12-04,0.06070713809206141,510300,0.06070713809206141,510300,0.06070713809206141,510300,0.06070713809206141,510300,0.06070713809206141,510300,0.06070713809206141,510300,0.06070713809206141,510300,0,0,0,0
2014-12-05,-0.005974842767295652,510300,-0.005974842767295652,510300,-0.005974842767295652,510300,-0.005974842767295652,510300,-0.005974842767295652,510300,-0.005974842767295763,510300,-0.005974842767295652,510300,0,0,0,0
2014-12-08,0.04808604871875999,510300,0.04808604871875999,510300,0.04808604871875999,510300,0.04808604871875999,510300,0.04808604871875999,510300,0.04808604871875999,510300,0.04808604871875999,510300,0,0,0,0
2014-12-09,-0.05542589797766373,510500,-0.05542589797766373,510500,-0.05542589797766373,510500,-0.05542589797766395,510500,-0.05542589797766373,510500,-0.05542589797766384,510500,-0.05542589797766384,510500,0,0,0,0
2014-12-10,0.038913658201784385,510300,0.038913658201784385,510300,0.038913658201784385,510300,0.038913658201784385,510300,0.03912148249828418,510500,0.03912148249828418,510500,0.03912148249828418,510500,0,0,0,0
2014-12-11,-0.010792476102374104,510300,-0.010792476102374104,510300,-0.010792476102374104,510300,-0.010792476102374104,510300,0.012347027741083316,510300,0.012549537648612885,510500,0.012549537648612885,510500,0,0,0,0
2014-12-12,0.0031172069825435855,510300,0.0031172069825435855,510300,0.0031172069825435855,510300,0.0031172069825435855,510300,0.0031172069825435855,510300,0.005669667318982441,510300,0.005669667318982441,510300,0,0,0,0
2014-12-15,0.011497824735860807,510300,0.011497824735860807,510300,0.011497824735860807,510300,0.011497824735860807,510300,0.011497824735860807,510300,0.011497824735860807,510300,0.011497824735860807,510300,0,0,0,0
2014-12-16,0.02334869431643627,510300,0.02334869431643627,510300,0.02334869431643627,510300,0.02334869431643627,510300,0.02334869431643627,510300,0.02334869431643627,510300,0.02334869431643627,510300,0,0,0,0
2014-12-17,0.017111978384869442,510300,0.017111978384869442,510300,0.017111978384869442,510300,0.017111978384869442,510300,0.017111978384869442,510300,0.017111978384869442,510300,0.017111978384869442,510300,0,0,0,0
2014-12-18,-0.0011806375442738881,510300,-0.0011806375442738881,510300,-0.0011806375442738881,510300,-0.0011806375442738881,510300,-0.001180637544273777,510300,-0.0011806375442738881,510300,-0.0011806375442738881,510300,0,0,0,0
2014-12-19,0.014775413711584084,510300,0.014775413711584084,510300,0.014775413711584084,510300,0.014775413711584084,510300,0.014775413711584084,510300,0.014775413711584084,510300,0.014775413711584084,510300,0,0,0,0
2014-12-22,-0.006988934187536433,510300,-0.006988934187536433,510300,-0.006988934187536433,510300,-0.006988934187536433,510300,-0.006988934187536544,510300,-0.006988934187536433,510300,-0.006988934187536433,510300,0,0,0,0
2014-12-23,-0.020234604105571874,510300,-0.020234604105571874,510300,-0.020234604105571874,510300,-0.020234604105571874,510300,-0.020234604105571874,510300,-0.020234604105571874,510300,-0.020234604105571874,510300,0,0,0,0
2014-12-24,-0.027835977252319788,510300,-0.027835977252319788,510300,-0.027835977252319788,510300,-0.027835977252319788,510300,-0.027835977252319788,510300,-0.027835977252319788,510300,-0.027835977252319788,510300,0,0,0,0
2014-12-25,0.03633004926108363,510300,0.03633004926108363,510300,0.03633004926108363,510300,0.03633004926108363,510300,0.03633004926108363,510300,0.03633004926108363,510300,0.03633004926108363,510300,0,0,0,0
2014-12-26,0.03891859774212714,510300,0.03891859774212714,510300,0.03891859774212714,510300,0.03891859774212714,510300,0.03891859774212714,510300,0.03891859774212714,510300,0.03891859774212714,510300,0,0,0,0
2014-12-29,-0.00486130969402343,510300,-0.00486130969402343,510300,-0.00486130969402343,510300,-0.00486130969402343,510300,-0.004861309694023319,510300,-0.00486130969402343,510300,-0.004861309694023319,510300,0,0,0,0
2014-12-30,0.0,510300,0.0,510300,0.0,510300,0.0,510300,0.0,510300,0.0,510300,0.0,510300,0,0,0,0
2014-12-31,0.027011494252873414,510300,0.027011494252873414,510300,0.027011494252873414,510300,0.027011494252873414,510300,0.027011494252873414,510300,0.027011494252873414,510300,0.027011494252873414,510300,0,0,0,0
2015-01-05,0.03189703413542255,510300,0.03189703413542255,510300,0.03189703413542255,510300,0.03189703413542255,510300,0.03189703413542255,510300,0.03189703413542255,510300,0.03189703413542255,510300,0,0,0,0
2015-01-06,-0.006778741865509863,510300,-0.006778741865509863,510300,-0.006778741865509863,510300,-0.006778741865509863,510300,-0.006778741865509752,510300,-0.006778741865509863,510300,-0.006778741865509752,510300,0,0,0,0
2015-01-07,-0.00027300027300014573,510300,-0.00027300027300014573,510300,-0.00027300027300014573,510300,-0.00027300027300014573,510300,-0.00027300027300014573,510300,-0.00027300027300014573,510300,-0.00027300027300014573,510300,0,0,0,0
2015-01-08,-0.021845985800109213,510300,-0.021845985800109213,510300,-0.021845985800109213,510300,-0.021845985800109213,510300,-0.021845985800109213,510300,-0.021845985800109213,510300,-0.021845985800109213,510300,0,0,0,0
2015-01-09,-0.007258514796203208,510300,-0.007258514796203208,510300,-0.007258514796203208,510300,-0.007258514796203208,510300,-0.007258514796203208,510300,-0.007258514796203208,510300,-0.007258514796203208,510300,0,0,0,0
2015-01-12,-0.003093363329583876,510300,-0.003093363329583876,510300,-0.003093363329583876,510300,-0.003093363329583876,510300,-0.003093363329583876,510300,-0.003093363329583876,510300,-0.003093363329583765,510300,0,0,0,0
2015-01-13,-0.0019746121297601338,510300,-0.0019746121297601338,510300,-0.0019746121297601338,510300,-0.001974612129760245,510300,-0.001974612129760245,510300,-0.001974612129760245,510300,-0.001974612129760356,510300,0,0,0,0
2015-01-14,-0.002261164499717472,510300,-0.002261164499717472,510300,-0.002261164499717472,510300,-0.002261164499717583,510300,-0.002261164499717472,510300,-0.002261164499717583,510300,-0.002261164499717472,510300,0,0,0,0
2015-01-15,0.028328611898017053,510300,0.028328611898017053,510300,0.028328611898017053,510300,0.028328611898017053,510300,0.028328611898017053,510300,0.028328611898017053,510300,0.028328611898017053,510300,0,0,0,0
2015-01-16,0.008815426997245135,510300,0.008815426997245135,510300,0.008815426997245135,510300,0.008815426997245135,510300,0.008815426997245135,510300,0.008815426997245135,510300,0.008815426997245135,510300,0,0,0,0
2015-01-19,-0.10012539595849257,159915,-0.10012539595849257,159915,-0.10012539595849257,159915,-0.10012539595849246,159915,-0.10012539595849246,159915,-0.10012539595849257,159915,-0.10012539595849246,159915,0,0,0,0
2015-01-20,0.04939835338822052,159915,0.04939835338822052,159915,0.04939835338822052,159915,0.04939835338822052,159915,0.04939835338822052,159915,0.04939835338822052,159915,0.04939835338822052,159915,0,0,0,0
2015-01-21,0.006638503319251532,159915,0.006638503319251532,159915,0.006638503319251532,159915,0.006638503319251532,159915,0.006638503319251532,159915,0.006638503319251532,159915,0.006638503319251532,159915,0,0,0,0
2015-01-22,0.00899280575539585,159915,0.00899280575539585,159915,0.00899280575539585,159915,0.00899280575539585,159915,0.00899280575539585,159915,0.00899280575539585,159915,0.00899280575539585,159915,0,0,0,0
2015-01-23,-0.0267379679144385,159915,-0.0267379679144385,159915,-0.0267379679144385,159915,-0.0267379679144385,159915,-0.02673796791443861,159915,-0.026737967914438387,159915,-0.0267379679144385,159915,0,0,0,0
2015-01-26,0.029304029304029422,159915,0.029304029304029422,159915,0.029304029304029422,159915,0.029304029304029422,159915,0.029304029304029422,159915,0.029304029304029422,159915,0.029304029304029422,159915,0,0,0,0
2015-01-27,0.0011862396204034287,159915,0.0011862396204034287,159915,0.0011862396204034287,159915,0.0011862396204034287,159915,0.0011862396204034287,159915,0.0011862396204034287,159915,0.0011862396204034287,159915,0,0,0,0
2015-01-28,-0.011848341232227333,159915,-0.011848341232227333,159915,-0.011848341232227333,159915,-0.011848341232227333,159915,-0.011848341232227333,159915,-0.011848341232227444,159915,-0.011848341232227555,159915,0,0,0,0
2015-01-29,-0.00959232613908867,159915,-0.00959232613908867,159915,-0.00959232613908867,159915,-0.00959232613908878,159915,-0.00959232613908878,159915,-0.009592326139088891,159915,-0.00959232613908878,159915,0,0,0,0
2015-01-30,-0.017554479418886104,159915,-0.017554479418886104,159915,-0.017554479418886104,159915,-0.017554479418886215,159915,-0.017554479418885993,159915,-0.017554479418886104,159915,-0.017554479418886215,159915,0,0,0,0
2015-02-02,0.009858287122612497,159915,0.009858287122612497,159915,0.009858287122612497,159915,0.009858287122612497,159915,0.009858287122612497,159915,0.009858287122612497,159915,0.009858287122612497,159915,0,0,0,0
2015-02-03,0.032946918852959195,159915,0.032946918852959195,159915,0.032946918852959195,159915,0.032946918852959195,159915,0.032946918852959195,159915,0.032946918852959195,159915,0.032946918852959195,159915,0,0,0,0
2015-02-04,0.002953337271116352,159915,0.002953337271116352,159915,0.002953337271116352,159915,0.002953337271116352,159915,0.002953337271116352,159915,0.002953337271116352,159915,0.002953337271116352,159915,0,0,0,0
2015-02-05,0.006478209658421719,159915,0.006478209658421719,159915,0.006478209658421719,159915,0.006478209658421719,159915,0.006478209658421719,159915,0.006478209658421719,159915,0.006478209658421719,159915,0,0,0,0
2015-02-06,-0.02808660035108257,159915,-0.02808660035108257,159915,-0.02808660035108257,159915,-0.028086600351082458,159915,-0.02808660035108257,159915,-0.02808660035108257,159915,-0.02808660035108257,159915,0,0,0,0
2015-02-09,-0.009632751354605507,159915,-0.009632751354605507,159915,-0.009632751354605507,159915,-0.009632751354605618,159915,-0.009632751354605507,159915,-0.009632751354605507,159915,-0.009632751354605507,159915,0,0,0,0
2015-02-10,0.024316109422492405,159915,0.024316109422492405,159915,0.024316109422492405,159915,0.024316109422492405,159915,0.024316109422492405,159915,0.024316109422492405,159915,0.024316109422492405,159915,0,0,0,0
2015-02-11,0.011869436201780381,159915,0.011869436201780381,159915,0.011869436201780381,159915,0.011869436201780381,159915,0.011869436201780381,159915,0.011869436201780381,159915,0.011869436201780381,159915,0,0,0,0
2015-02-12,0.008797653958944274,159915,0.008797653958944274,159915,0.008797653958944274,159915,0.008797653958944274,159915,0.008797653958944274,159915,0.008797653958944274,159915,0.008797653958944274,159915,0,0,0,0
2015-02-13,0.02383720930232558,159915,0.02383720930232558,159915,0.02383720930232558,159915,0.02383720930232558,159915,0.02383720930232558,159915,0.02383720930232558,159915,0.02383720930232558,159915,0,0,0,0
2015-02-16,0.03918228279386726,159915,0.03918228279386726,159915,0.03918228279386726,159915,0.03918228279386726,159915,0.03918228279386726,159915,0.03918228279386726,159915,0.03918228279386726,159915,0,0,0,0
2015-02-17,-0.005464480874316835,159915,-0.005464480874316835,159915,-0.005464480874316835,159915,-0.005464480874316835,159915,-0.005464480874316946,159915,-0.005464480874316946,159915,-0.005464480874316946,159915,0,0,0,0
2015-02-25,-0.00934065934065953,159915,-0.00934065934065953,159915,-0.00934065934065953,159915,-0.00934065934065953,159915,-0.00934065934065953,159915,-0.00934065934065953,159915,-0.00934065934065953,159915,0,0,0,0
2015-02-26,0.006100942872989457,159915,0.006100942872989457,159915,0.006100942872989457,159915,0.006100942872989457,159915,0.006100942872989457,159915,0.006100942872989457,159915,0.006100942872989457,159915,0,0,0,0
2015-02-27,0.027012127894156412,159915,0.027012127894156412,159915,0.027012127894156412,159915,0.027012127894156412,159915,0.027012127894156412,159915,0.027012127894156412,159915,0.027012127894156412,159915,0,0,0,0
2015-03-02,0.027375201288244666,159915,0.027375201288244666,159915,0.027375201288244666,159915,0.027375201288244666,159915,0.027375201288244666,159915,0.027375201288244666,159915,0.027375201288244666,159915,0,0,0,0
2015-03-03,-0.016196447230929834,159915,-0.016196447230929834,159915,-0.016196447230929834,159915,-0.016196447230929834,159915,-0.016196447230929834,159915,-0.016196447230929834,159915,-0.016196447230929834,159915,0,0,0,0
2015-03-04,0.030270844397238372,159915,0.030270844397238372,159915,0.030270844397238372,159915,0.030270844397238372,159915,0.030270844397238372,159915,0.030270844397238372,159915,0.030270844397238372,159915,0,0,0,0
2015-03-05,-0.0010309278350515427,159915,-0.0010309278350515427,159915,-0.0010309278350515427,159915,-0.0010309278350515427,159915,-0.0010309278350515427,159915,-0.0010309278350515427,159915,-0.0010309278350515427,159915,0,0,0,0
2015-03-06,-0.029927760577915352,159915,-0.029927760577915352,159915,-0.029927760577915352,159915,-0.030121775025799713,510500,-0.029927760577915352,159915,-0.030121775025799713,510500,-0.030121775025799713,510500,0,0,0,0
2015-03-09,0.025000000000000133,159915,0.025000000000000133,159915,0.025000000000000133,159915,0.016860465116279144,510500,0.025000000000000133,159915,0.016860465116279144,510500,0.016860465116279144,510500,0,0,0,0
2015-03-10,0.023352361183186288,159915,0.023352361183186288,159915,0.023352361183186288,159915,0.005717552887364086,510500,0.023352361183186288,159915,0.005717552887364086,510500,0.005717552887364086,510500,0,0,0,0
2015-03-11,-0.006085192697768749,159915,-0.006085192697768749,159915,-0.006085192697768749,159915,-0.0005685048322909836,510500,-0.006085192697768749,159915,-0.0005685048322909836,510500,-0.0005685048322909836,510500,0,0,0,0
2015-03-12,-0.010204081632653073,159915,-0.010204081632653073,159915,-0.010204081632653073,159915,-0.0011376564277589818,510500,-0.010204081632653073,159915,-0.0011376564277589818,510500,-0.0011376564277589818,510500,0,0,0,0
2015-03-13,0.026804123711340333,159915,0.026804123711340333,159915,0.026804123711340333,159915,0.01252847380410027,510500,0.026804123711340333,159915,0.01252847380410027,510500,0.01252847380410027,510500,0,0,0,0
2015-03-16,0.034638554216867457,159915,0.034638554216867457,159915,0.034638554216867457,159915,0.032058492688413986,510500,0.034638554216867457,159915,0.032058492688413986,510500,0.032058492688413986,510500,0,0,0,0
2015-03-17,-0.0038816108685104656,159915,-0.0038816108685104656,159915,-0.0038816108685104656,159915,0.013623978201634968,510500,-0.0038816108685105766,159915,0.013623978201634968,510500,0.013623978201634968,510500,0,0,0,0
2015-03-18,0.022406234778373335,159915,0.022406234778373335,159915,0.022406234778373335,159915,0.015591397849462396,510500,0.022406234778373335,159915,0.015591397849462396,510500,0.015591397849462396,510500,0,0,0,0
2015-03-19,-0.001905669366364715,159915,-0.001905669366364715,159915,-0.001905669366364715,159915,0.010058231868713463,510500,-0.0019056693663649371,159915,0.010058231868713463,510500,0.010058231868713463,510500,0,0,0,0
2015-03-20,0.014797136038185998,159915,0.014797136038185998,159915,0.014797136038185998,159915,0.008909853249476019,510500,0.014797136038185998,159915,0.008909853249476019,510500,0.008909853249476019,510500,0,0,0,0
2015-03-23,0.03762935089369712,159915,0.03762935089369712,159915,0.03762935089369712,159915,0.0384415584415585,510500,0.03762935089369712,159915,0.0384415584415585,510500,0.0384415584415585,510500,0,0,0,0
2015-03-24,0.030371713508613007,159915,0.030371713508613007,159915,0.030371713508613007,159915,-0.00900450225112559,510500,0.030371713508613007,159915,-0.009004502251125368,510500,-0.00900450225112559,510500,0,0,0,0
2015-03-25,0.006599208095028564,159915,0.006599208095028564,159915,0.006599208095028564,159915,0.009086320040383677,510500,0.006599208095028564,159915,0.009086320040383677,510500,0.009086320040383677,510500,0,0,0,0
2015-03-26,-0.0430236013986014,510500,-0.0430236013986014,510500,-0.0430236013986014,510500,-0.008004002001000488,510500,-0.043023601398601286,510500,-0.008004002001000377,510500,-0.008004002001000488,510500,0,0,0,0
2015-03-27,0.01613716591023695,510500,0.01613716591023695,510500,0.01613716591023695,510500,0.01613716591023695,510500,0.01613716591023695,510500,0.01613716591023695,510500,0.01613716591023695,510500,0,0,0,0
2015-03-30,0.017369727047146233,510500,0.017369727047146233,510500,0.017369727047146233,510500,0.017369727047146233,510500,0.017369727047146233,510500,0.017369727047146233,510500,0.017369727047146233,510500,0,0,0,0
2015-03-31,-0.0039024390243902474,510500,-0.0039024390243902474,510500,-0.0039024390243902474,510500,-0.0039024390243902474,510500,-0.0039024390243903584,510500,-0.0039024390243902474,510500,-0.0039024390243903584,510500,0,0,0,0
2015-04-01,0.02595494613124405,510500,0.02595494613124405,510500,0.02595494613124405,510500,0.02595494613124405,510500,0.02595494613124405,510500,0.02595494613124405,510500,0.02595494613124405,510500,0,0,0,0
2015-04-02,0.01766109785202863,510500,0.01766109785202863,510500,0.01766109785202863,510500,0.01766109785202863,510500,0.01766109785202863,510500,0.01766109785202863,510500,0.01766109785202863,510500,0,0,0,0
2015-04-03,0.015009380863039379,510500,0.015009380863039379,510500,0.015009380863039379,510500,0.015009380863039379,510500,0.015009380863039379,510500,0.015009380863039379,510500,0.015009380863039379,510500,0,0,0,0
2015-04-07,0.025415896487985146,510500,0.025415896487985146,510500,0.025415896487985146,510500,0.025415896487985146,510500,0.025415896487985146,510500,0.025415896487985146,510500,0.025415896487985146,510500,0,0,0,0
2015-04-08,-0.014420910319964064,510500,-0.014420910319964064,510500,-0.014420910319964064,510500,-0.014420910319963953,510500,-0.014420910319964064,510500,-0.014420910319964175,510500,-0.014420910319964064,510500,0,0,0,0
2015-04-09,-0.0050297210791034885,510500,-0.0050297210791034885,510500,-0.0050297210791034885,510500,-0.0050297210791035996,510500,-0.005029721079103711,510500,-0.0050297210791034885,510500,-0.0050297210791034885,510500,0,0,0,0
2015-04-10,0.030790441176470562,510500,0.030790441176470562,510500,0.030790441176470562,510500,0.030790441176470562,510500,0.030790441176470562,510500,0.030790441176470562,510500,0.030790441176470562,510500,0,0,0,0
2015-04-13,0.0,510500,0.0,510500,0.0,510500,0.0,510500,0.0,510500,0.0,510500,0.0,510500,0,0,0,0
2015-04-14,0.0,510500,0.0,510500,0.0,510500,0.0,510500,0.0,510500,0.0,510500,0.0,510500,0,0,0,0
2015-04-15,-0.022924868060633208,510500,-0.022924868060633208,510500,-0.022924868060633208,510500,-0.022924868060633208,510500,-0.022924868060633097,510500,-0.022924868060633097,510500,-0.022924868060633208,510500,0,0,0,0
2015-04-16,0.00882578664620115,510500,0.00882578664620115,510500,0.00882578664620115,510500,0.00882578664620115,510500,0.00882578664620115,510500,0.00882578664620115,510500,0.00882578664620115,510500,0,0,0,0
2015-04-17,0.0068467097755799955,510500,0.0068467097755799955,510500,0.0068467097755799955,510500,0.0068467097755799955,510500,0.0068467097755799955,510500,0.0068467097755799955,510500,0.0068467097755799955,510500,0,0,0,0
2015-04-20,-0.015111446921042715,510500,-0.015111446921042715,510500,-0.015111446921042715,510500,-0.015111446921042604,510500,-0.015111446921042604,510500,-0.015111446921042604,510500,-0.015111446921042493,510500,0,0,0,0
2015-04-21,0.03567318757192184,510500,0.03567318757192184,510500,0.03567318757192184,510500,0.03567318757192184,510500,0.03567318757192184,510500,0.03567318757192184,510500,0.03567318757192184,510500,0,0,0,0
2015-04-22,0.030864197530864113,510500,0.030864197530864113,510500,0.030864197530864113,510500,0.030864197530864113,510500,0.030864197530864113,510500,0.030864197530864113,510500,0.030864197530864113,510500,0,0,0,0
2015-04-23,0.006146035928143778,510300,0.006146035928143778,510300,0.006146035928143778,510300,0.006146035928143778,510300,0.006146035928143778,510300,0.006146035928143778,510300,0.006146035928143778,510300,0,0,0,0
2015-04-24,-0.00361317747077583,510300,-0.00361317747077583,510300,-0.00361317747077583,510300,-0.00361317747077583,510300,-0.003613177470775941,510300,-0.00361317747077583,510300,-0.00361317747077583,510300,0,0,0,0
2015-04-27,0.02069112627986347,510300,0.02069112627986347,510300,0.02069112627986347,510300,0.02069112627986347,510300,0.02069112627986347,510300,0.02069112627986347,510300,0.02069112627986347,510300,0,0,0,0
2015-04-28,-0.012957157784743933,510300,-0.012957157784743933,510300,-0.012957157784743933,510300,-0.012957157784743933,510300,-0.012957157784744044,510300,-0.012957157784743822,510300,-0.012957157784744044,510300,0,0,0,0
2015-04-29,0.005504975651069222,510300,0.005504975651069222,510300,0.005504975651069222,510300,0.005504975651069222,510300,0.005504975651069222,510300,0.005504975651069222,510300,0.005504975651069222,510300,0,0,0,0
2015-04-30,-0.0021057064645187973,510300,-0.0021057064645187973,510300,-0.0021057064645187973,510300,-0.0021057064645187973,510300,-0.0021057064645187973,510300,-0.0021057064645187973,510300,-0.0021057064645189083,510300,0,0,0,0
2015-05-04,0.005486389533656766,510300,0.005486389533656766,510300,0.005486389533656766,510300,0.005486389533656766,510300,0.005486389533656766,510300,0.005486389533656766,510300,0.005486389533656766,510300,0,0,0,0
2015-05-05,-0.03798530954879331,510300,-0.03798530954879331,510300,-0.03798530954879331,510300,-0.0381777124868834,159915,-0.03798530954879342,510300,-0.03817771248688362,159915,-0.0381777124868834,159915,0,0,0,0
2015-05-06,-0.010669109947643807,159915,-0.010669109947643807,159915,-0.010669109947643807,159915,0.025468164794007597,159915,-0.010669109947644029,159915,0.025468164794007597,159915,0.025468164794007597,159915,0,0,0,0
2015-05-07,-0.018991964937911,159915,-0.018991964937911,159915,-0.018991964937911,159915,-0.018991964937910888,159915,-0.018991964937910888,159915,-0.018991964937910888,159915,-0.018991964937910888,159915,0,0,0,0
2015-05-08,0.0774385703648548,159915,0.0774385703648548,159915,0.0774385703648548,159915,0.0774385703648548,159915,0.0774385703648548,159915,0.0774385703648548,159915,0.0774385703648548,159915,0,0,0,0
2015-05-11,0.05390463026952297,159915,0.05390463026952297,159915,0.05390463026952297,159915,0.05390463026952297,159915,0.05390463026952297,159915,0.05390463026952297,159915,0.05390463026952297,159915,0,0,0,0
2015-05-12,0.025901639344262373,159915,0.025901639344262373,159915,0.025901639344262373,159915,0.025901639344262373,159915,0.025901639344262373,159915,0.025901639344262373,159915,0.025901639344262373,159915,0,0,0,0
2015-05-13,-0.029721955896452545,159915,-0.029721955896452545,159915,-0.029721955896452545,159915,-0.029721955896452545,159915,-0.029721955896452656,159915,-0.029721955896452545,159915,-0.029721955896452545,159915,0,0,0,0
2015-05-14,-0.00922266139657446,159915,-0.00922266139657446,159915,-0.00922266139657446,159915,-0.00922266139657446,159915,-0.009222661396574572,159915,-0.009222661396574572,159915,-0.00922266139657435,159915,0,0,0,0
2015-05-15,0.0026595744680850686,159915,0.0026595744680850686,159915,0.0026595744680850686,159915,0.0026595744680850686,159915,0.0026595744680850686,159915,0.0026595744680850686,159915,0.0026595744680850686,159915,0,0,0,0
2015-05-18,0.046750663129973447,159915,0.046750663129973447,159915,0.046750663129973447,159915,0.046750663129973447,159915,0.046750663129973447,159915,0.046750663129973447,159915,0.046750663129973447,159915,0,0,0,0
2015-05-19,0.008869179600886845,159915,0.008869179600886845,159915,0.008869179600886845,159915,0.008869179600886845,159915,0.008869179600886845,159915,0.008869179600886845,159915,0.008869179600886845,159915,0,0,0,0
2015-05-20,0.024803767660910525,159915,0.024803767660910525,159915,0.024803767660910525,159915,0.024803767660910525,159915,0.024803767660910525,159915,0.024803767660910525,159915,0.024803767660910525,159915,0,0,0,0
2015-05-21,0.04473039215686292,159915,0.04473039215686292,159915,0.04473039215686292,159915,0.04473039215686292,159915,0.04473039215686292,159915,0.04473039215686292,159915,0.04473039215686292,159915,0,0,0,0
2015-05-22,-0.008211143695014522,159915,-0.008211143695014522,159915,-0.008211143695014522,159915,-0.008211143695014522,159915,-0.008211143695014411,159915,-0.008211143695014411,159915,-0.008211143695014522,159915,0,0,0,0
2015-05-25,-0.016262566528681188,159915,-0.016262566528681188,159915,-0.016262566528681188,159915,-0.0162625665286813,159915,-0.0162625665286813,159915,-0.0162625665286813,159915,-0.0162625665286813,159915,0,0,0,0
2015-05-26,0.04087766756837996,159915,0.04087766756837996,159915,0.04087766756837996,159915,0.04087766756837996,159915,0.04087766756837996,159915,0.04087766756837996,159915,0.04087766756837996,159915,0,0,0,0
2015-05-27,0.0,159915,0.0,159915,0.0,159915,0.0,159915,0.0,159915,0.0,159915,0.0,159915,0,0,0,0
2015-05-28,-0.05014669361824997,510500,-0.05014669361824997,510500,-0.05014669361824997,510500,-0.05014669361824997,510500,-0.05014669361825008,510500,-0.05014669361824997,510500,-0.05014669361825008,510500,0,0,0,0
2015-05-29,0.020436927413671535,510500,0.020436927413671535,510500,0.020436927413671535,510500,0.020436927413671535,510500,0.020436927413671535,510500,0.020436927413671535,510500,0.020436927413671535,510500,0,0,0,0
2015-06-01,0.06333859510655104,510500,0.06333859510655104,510500,0.06333859510655104,510500,0.06333859510655104,510500,0.06333859510655104,510500,0.06333859510655104,510500,0.06333859510655104,510500,0,0,0,0
2015-06-02,0.026535535349786477,510500,0.026535535349786477,510500,0.026535535349786477,510500,0.026535535349786477,510500,0.026535535349786477,510500,0.026535535349786477,510500,0.026535535349786477,510500,0,0,0,0
2015-06-03,-0.006778741865509752,510500,-0.006778741865509752,510500,-0.006778741865509752,510500,-0.006778741865509752,510500,-0.006778741865509752,510500,-0.006778741865509752,510500,-0.006778741865509641,510500,0,0,0,0
2015-06-04,0.0019110019110017973,510500,0.0019110019110017973,510500,0.0019110019110017973,510500,0.0019110019110017973,510500,0.0019110019110017973,510500,0.0019110019110017973,510500,0.0019110019110017973,510500,0,0,0,0
2015-06-05,0.023433242506812002,510500,0.023433242506812002,510500,0.023433242506812002,510500,0.023433242506812002,510500,0.023433242506812002,510500,0.023433242506812002,510500,0.023433242506812002,510500,0,0,0,0
2015-06-08,-0.0200567980120695,510500,-0.0200567980120695,510500,-0.0200567980120695,510500,-0.02005679801206961,510500,-0.02005679801206961,510500,-0.02005679801206961,510500,-0.02005679801206961,510500,0,0,0,0
2015-06-09,0.005705488136207304,510500,0.005705488136207304,510500,0.005705488136207304,510500,0.005705488136207304,510500,0.005705488136207304,510500,0.005705488136207304,510500,0.005705488136207304,510500,0,0,0,0
2015-06-10,0.016659162539396588,510500,0.016659162539396588,510500,0.016659162539396588,510500,0.016659162539396588,510500,0.016659162539396588,510500,0.016659162539396588,510500,0.016659162539396588,510500,0,0,0,0
2015-06-11,0.01860053144375562,510500,0.01860053144375562,510500,0.01860053144375562,510500,0.01860053144375562,510500,0.01860053144375562,510500,0.01860053144375562,510500,0.01860053144375562,510500,0,0,0,0
2015-06-12,0.017391304347825987,510500,0.017391304347825987,510500,0.017391304347825987,510500,0.017391304347825987,510500,0.017391304347825987,510500,0.017391304347825987,510500,0.017391304347825987,510500,0,0,0,0
2015-06-15,-0.022735042735042787,510500,-0.022735042735042787,510500,-0.022735042735042787,510500,-0.022735042735042676,510500,-0.022735042735042787,510500,-0.022735042735042787,510500,-0.022735042735042787,510500,0,0,0,0
2015-06-16,-0.03926884729753377,510500,-0.03926884729753377,510500,-0.03926884729753377,510500,-0.03926884729753377,510500,-0.03926884729753377,510500,-0.03926884729753377,510500,-0.03926884729753377,510500,0,0,0,0
2015-06-17,0.022303140646336095,510500,0.022303140646336095,510500,0.022303140646336095,510500,0.022303140646336095,510500,0.022303140646336095,510500,0.022303140646336095,510500,0.022303140646336095,510500,0,0,0,0
2015-06-18,-0.034372217275155936,510500,-0.034372217275155936,510500,-0.034372217275155936,510500,-0.034372217275155936,510500,-0.034372217275155936,510500,-0.034372217275155936,510500,-0.034372217275155936,510500,0,0,0,0
2015-06-19,-0.06501551088159341,513100,-0.06501551088159341,513100,-0.06501551088159341,513100,-0.06501551088159352,513100,-0.06501551088159341,513100,-0.06501551088159352,513100,-0.0650155108815933,513100,0,0,0,0
2015-06-23,0.015731874145006985,513100,0.015731874145006985,513100,0.015731874145006985,513100,0.015731874145006985,513100,0.015731874145006985,513100,0.015731874145006985,513100,0.015731874145006985,513100,0,0,0,0
2015-06-24,-0.002693602693602859,513100,-0.002693602693602859,513100,-0.002693602693602859,513100,-0.002693602693602748,513100,-0.002693602693602748,513100,-0.002693602693602748,513100,-0.002693602693602637,513100,0,0,0,0
2015-06-25,-0.006752194463200523,513100,-0.006752194463200523,513100,-0.006752194463200523,513100,-0.006752194463200412,513100,-0.006752194463200412,513100,-0.006752194463200523,513100,-0.006752194463200523,513100,0,0,0,0
2015-06-26,-0.0006798096532971698,513100,-0.0006798096532971698,513100,-0.0006798096532971698,513100,-0.0006798096532971698,513100,-0.0006798096532971698,513100,-0.0006798096532972808,513100,-0.0006798096532971698,513100,0,0,0,0
2015-06-29,-0.00952380952380949,513100,-0.00952380952380949,513100,-0.00952380952380949,513100,-0.00952380952380949,513100,-0.00952380952380949,513100,-0.00952380952380949,513100,-0.00952380952380949,513100,0,0,0,0
2015-06-30,-0.01098901098901095,513100,-0.01098901098901095,513100,-0.01098901098901095,513100,-0.01098901098901095,513100,-0.01098901098901095,513100,-0.010989010989010839,513100,-0.01098901098901095,513100,0,0,0,0
2015-07-01,0.0,513100,0.0,513100,0.0,513100,0.0,513100,0.0,513100,0.0,513100,0.0,513100,0,0,0,0
2015-07-02,0.004861111111111205,513100,0.004861111111111205,513100,0.004861111111111205,513100,0.004861111111111205,513100,0.004861111111111205,513100,0.004861111111111205,513100,0.004861111111111205,513100,0,0,0,0
2015-07-03,-0.0027643400138216423,513100,-0.0027643400138216423,513100,-0.0027643400138216423,513100,-0.0027643400138217533,513100,-0.0027643400138217533,513100,-0.0027643400138217533,513100,-0.0027643400138216423,513100,0,0,0,0
2015-07-06,-0.02009702009702019,513100,-0.02009702009702019,513100,-0.02009702009702019,513100,-0.020293000693000773,518880,-0.02009702009702019,513100,-0.020293000693000662,518880,-0.020293000693000662,518880,0,0,0,0
2015-07-07,0.0035360678925036026,513100,0.0035360678925036026,513100,0.0035360678925036026,513100,-0.0074946781115878824,513100,0.0035360678925036026,513100,-0.0074946781115879935,513100,-0.0074946781115878824,513100,0,0,0,0
2015-07-08,-0.02748414376321362,513100,-0.02748414376321362,513100,-0.02748414376321362,513100,-0.027678646934460982,518880,-0.02748414376321362,513100,-0.027678646934460982,518880,-0.027678646934460982,518880,0,0,0,0
2015-07-09,0.0012489855072463918,518880,0.0012489855072463918,518880,0.0012489855072463918,518880,0.03512388193202143,513100,0.0012489855072463918,518880,0.03512388193202143,513100,0.03533094812164572,518880,0,0,0,0
2015-07-10,-0.006047516198704028,518880,-0.006047516198704028,518880,-0.006047516198704028,518880,0.002693777134587627,518880,-0.006047516198704028,518880,0.002693777134587627,518880,-0.006047516198704028,518880,0,0,0,0
2015-07-13,0.003911342894393766,518880,0.003911342894393766,518880,0.003911342894393766,518880,0.003911342894393766,518880,0.003911342894393766,518880,0.003911342894393766,518880,0.003911342894393766,518880,0,0,0,0
2015-07-14,-0.0004329004329003405,518880,-0.0004329004329003405,518880,-0.0004329004329003405,518880,-0.00043290043290045155,518880,-0.0004329004329003405,518880,-0.0004329004329002295,518880,-0.0004329004329003405,518880,0,0,0,0
2015-07-15,-0.0010660025985275157,513100,-0.0010660025985275157,513100,-0.0010660025985275157,513100,-0.0010660025985276267,513100,-0.0010660025985275157,513100,-0.0010660025985276267,513100,-0.0010660025985275157,513100,0,0,0,0
2015-07-16,-0.015731874145006652,513100,-0.015731874145006652,513100,-0.015731874145006652,513100,-0.01592872777017762,518880,-0.015731874145006652,513100,-0.01592872777017762,518880,-0.015731874145006763,513100,0,0,0,0
2015-07-17,0.025017373175816537,513100,0.025017373175816537,513100,0.025017373175816537,513100,-0.000200000000000089,513100,0.025017373175816537,513100,-0.00019999999999997797,513100,0.025017373175816537,513100,0,0,0,0
2015-07-20,0.022372881355932073,513100,0.022372881355932073,513100,0.022372881355932073,513100,0.022372881355932073,513100,0.022372881355932073,513100,0.022372881355932073,513100,0.022372881355932073,513100,0,0,0,0
2015-07-21,0.011273209549071517,513100,0.011273209549071517,513100,0.011273209549071517,513100,0.011273209549071517,513100,0.011273209549071517,513100,0.011273209549071517,513100,0.011273209549071517,513100,0,0,0,0
2015-07-22,-0.011803278688524599,513100,-0.011803278688524599,513100,-0.011803278688524599,513100,-0.011803278688524488,513100,-0.011803278688524599,513100,-0.011803278688524599,513100,-0.011803278688524599,513100,0,0,0,0
2015-07-23,0.001990710019907249,513100,0.001990710019907249,513100,0.001990710019907249,513100,0.001990710019907249,513100,0.001990710019907249,513100,0.001990710019907249,513100,0.001990710019907249,513100,0,0,0,0
2015-07-24,-0.007947019867549643,513100,-0.007947019867549643,513100,-0.007947019867549643,513100,-0.007947019867549643,513100,-0.007947019867549643,513100,-0.007947019867549643,513100,-0.007947019867549754,513100,0,0,0,0
2015-07-27,-0.013351134846461998,513100,-0.013351134846461998,513100,-0.013351134846461998,513100,-0.013351134846461998,513100,-0.01335113484646211,513100,-0.013351134846461998,513100,-0.01335113484646211,513100,0,0,0,0
2015-07-28,-0.004059539918809252,513100,-0.004059539918809252,513100,-0.004059539918809252,513100,-0.004059539918809141,513100,-0.00405953991880903,513100,-0.004059539918809252,513100,-0.004059539918809141,513100,0,0,0,0
2015-07-29,0.018342391304347894,513100,0.018342391304347894,513100,0.018342391304347894,513100,0.018342391304347894,513100,0.018342391304347894,513100,0.018342391304347894,513100,0.018342391304347894,513100,0,0,0,0
2015-07-30,0.014009339559706513,513100,0.014009339559706513,513100,0.014009339559706513,513100,0.014009339559706513,513100,0.014009339559706513,513100,0.014009339559706513,513100,0.014009339559706513,513100,0,0,0,0
2015-07-31,0.003947368421052699,513100,0.003947368421052699,513100,0.003947368421052699,513100,0.003947368421052699,513100,0.003947368421052699,513100,0.003947368421052699,513100,0.003947368421052699,513100,0,0,0,0
2015-08-03,0.001310615989515096,513100,0.001310615989515096,513100,0.001310615989515096,513100,0.001310615989515096,513100,0.001310615989515096,513100,0.001310615989515096,513100,0.001310615989515096,513100,0,0,0,0
2015-08-04,-0.011125654450261924,513100,-0.011125654450261924,513100,-0.011125654450261924,513100,-0.011125654450261702,513100,-0.011125654450261924,513100,-0.011125654450261813,513100,-0.011125654450261813,513100,0,0,0,0
2015-08-05,-0.0059563203176704604,513100,-0.0059563203176704604,513100,-0.0059563203176704604,513100,-0.005956320317670349,513100,-0.005956320317670349,513100,-0.0059563203176704604,513100,-0.0059563203176704604,513100,0,0,0,0
2015-08-06,0.011984021304926706,513100,0.011984021304926706,513100,0.011984021304926706,513100,0.011984021304926706,513100,0.011984021304926706,513100,0.011984021304926706,513100,0.011984021304926706,513100,0,0,0,0
2015-08-07,-0.015131578947368385,513100,-0.015131578947368385,513100,-0.015131578947368385,513100,-0.015131578947368274,513100,-0.015131578947368385,513100,-0.015131578947368274,513100,-0.015131578947368385,513100,0,0,0,0
2015-08-10,-0.004676018704074858,513100,-0.004676018704074858,513100,-0.004676018704074858,513100,-0.004676018704074858,513100,-0.004676018704074858,513100,-0.004676018704074969,513100,-0.004676018704074858,513100,0,0,0,0
2015-08-11,0.04966442953020134,513100,0.04966442953020134,513100,0.04966442953020134,513100,0.04966442953020134,513100,0.04966442953020134,513100,0.04966442953020134,513100,0.04966442953020134,513100,0,0,0,0
2015-08-12,-0.022378516624041,513100,-0.022378516624041,513100,-0.022378516624041,513100,-0.022378516624041,513100,-0.022378516624041,513100,-0.022378516624041,513100,-0.022574040920716132,510500,0,0,0,0
2015-08-13,0.009810333551340866,513100,0.009810333551340866,513100,0.009810333551340866,513100,0.009810333551340866,513100,0.009810333551340866,513100,0.009810333551340866,513100,0.02456475077510145,510500,0,0,0,0
2015-08-14,0.005181347150259086,513100,0.005181347150259086,513100,0.005181347150259086,513100,0.004980310880829064,510500,0.005181347150259086,513100,0.004980310880829064,510500,0.009543761638733494,510500,0,0,0,0
2015-08-17,0.003221649484536071,513100,0.003221649484536071,513100,0.003221649484536071,513100,0.028360617938667287,510500,0.003221649484536071,513100,0.028360617938667287,510500,0.028360617938667287,510500,0,0,0,0
2015-08-18,0.012845215157353929,513100,0.012845215157353929,513100,0.012845215157353929,513100,-0.08549683856502244,518880,0.012845215157353929,513100,-0.08549683856502244,518880,-0.08549683856502244,518880,0,0,0,0
2015-08-19,-0.012048192771084265,513100,-0.012048192771084265,513100,-0.012048192771084265,513100,0.0034752389226759828,518880,-0.012048192771084265,513100,0.0034752389226759828,518880,0.0034752389226759828,518880,0,0,0,0
2015-08-20,-0.013478818998716502,513100,-0.013478818998716502,513100,-0.013478818998716502,513100,0.01558441558441559,518880,-0.013478818998716391,513100,0.01558441558441559,518880,0.01558441558441559,518880,0,0,0,0
2015-08-21,-0.03272439817826933,518880,-0.03272439817826933,518880,-0.03272439817826933,518880,0.018755328218243772,518880,-0.03272439817826922,518880,0.018755328218243772,518880,0.018755328218243772,518880,0,0,0,0
2015-08-24,-0.003765690376569153,518880,-0.003765690376569153,518880,-0.003765690376569153,518880,-0.003765690376569153,518880,-0.003765690376569042,518880,-0.003765690376569264,518880,-0.003765690376569042,518880,0,0,0,0
2015-08-25,-0.005459890802183898,518880,-0.005459890802183898,518880,-0.005459890802183898,518880,-0.005459890802183898,518880,-0.005459890802183787,518880,-0.005459890802183898,518880,-0.005459890802183898,518880,0,0,0,0
2015-08-26,-0.008023648648648574,518880,-0.008023648648648574,518880,-0.008023648648648574,518880,-0.008023648648648574,518880,-0.008023648648648574,518880,-0.008023648648648574,518880,-0.008023648648648574,518880,0,0,0,0
2015-08-27,-0.011494252873563315,518880,-0.011494252873563315,518880,-0.011494252873563315,518880,-0.011494252873563204,518880,-0.011494252873563426,518880,-0.011494252873563315,518880,-0.011494252873563315,518880,0,0,0,0
2015-08-28,0.004737295434969813,518880,0.004737295434969813,518880,0.004737295434969813,518880,0.004737295434969813,518880,0.004737295434969813,518880,0.004737295434969813,518880,0.004737295434969813,518880,0,0,0,0
2015-08-31,0.002571795970852886,518880,0.002571795970852886,518880,0.002571795970852886,518880,0.002571795970852886,518880,0.002571795970852886,518880,0.002571795970852886,518880,0.002571795970852886,518880,0,0,0,0
2015-09-01,0.006412997007268162,518880,0.006412997007268162,518880,0.006412997007268162,518880,0.006412997007268162,518880,0.006412997007268162,518880,0.006412997007268162,518880,0.006412997007268162,518880,0,0,0,0
2015-09-02,-0.0012744265080713024,518880,-0.0012744265080713024,518880,-0.0012744265080713024,518880,-0.0012744265080715245,518880,-0.0012744265080714134,518880,-0.0012744265080714134,518880,-0.0012744265080714134,518880,0,0,0,0
2015-09-07,-0.0161633347511696,518880,-0.0161633347511696,518880,-0.0161633347511696,518880,-0.0161633347511696,518880,-0.01616333475116949,518880,-0.0161633347511696,518880,-0.0161633347511696,518880,0,0,0,0
2015-09-08,-0.004323389537397415,518880,-0.004323389537397415,518880,-0.004323389537397415,518880,-0.004323389537397415,518880,-0.004323389537397526,518880,-0.004323389537397415,518880,-0.004323389537397304,518880,0,0,0,0
2015-09-09,0.004342162396873794,518880,0.004342162396873794,518880,0.004342162396873794,518880,0.004342162396873794,518880,0.004342162396873794,518880,0.004342162396873794,518880,0.004342162396873794,518880,0,0,0,0
2015-09-10,-0.011673151750972832,518880,-0.011673151750972832,518880,-0.011673151750972832,518880,-0.011673151750972832,518880,-0.011673151750972721,518880,-0.011673151750972832,518880,-0.011673151750972832,518880,0,0,0,0
2015-09-11,0.00043744531933498365,518880,0.00043744531933498365,518880,0.00043744531933498365,518880,0.00043744531933498365,518880,0.00043744531933498365,518880,0.00043744531933498365,518880,0.0002373578302710122,513100,0,0,0,0
2015-09-14,-0.0021862702229996644,518880,-0.0021862702229996644,518880,-0.0021862702229996644,518880,-0.002385832968954893,513100,-0.0021862702229994424,518880,-0.002385832968955004,513100,-0.0013642564802183177,513100,0,0,0,0
2015-09-15,-0.0010762489044698897,159915,-0.0010762489044698897,159915,-0.0010762489044698897,159915,-0.017273087431693868,159915,-0.0010762489044698897,159915,-0.01727308743169409,159915,-0.017273087431693868,159915,1,1,1,1
2015-09-16,0.09981628903857942,159915,0.09981628903857942,159915,0.09981628903857942,159915,0.09981628903857942,159915,0.09981628903857942,159915,0.09981628903857942,159915,0.09981628903857942,159915,0,0,0,0
2015-09-17,-0.01837416481069043,159915,-0.01837416481069043,159915,-0.01837416481069043,159915,-0.01837416481069043,159915,-0.01837416481069032,159915,-0.01837416481069043,159915,-0.01837416481069043,159915,0,0,0,0
2015-09-18,0.03516732841747028,159915,0.03516732841747028,159915,0.03516732841747028,159915,0.03516732841747028,159915,0.03516732841747028,159915,0.03516732841747028,159915,0.03516732841747028,159915,0,0,0,0
2015-09-21,0.07671232876712342,159915,0.07671232876712342,159915,0.07671232876712342,159915,0.07671232876712342,159915,0.07671232876712342,159915,0.07671232876712342,159915,0.07671232876712342,159915,0,0,0,0
2015-09-22,-0.013428905852417516,513100,-0.013428905852417516,513100,-0.013428905852417516,513100,-0.013428905852417405,513100,-0.013428905852417405,513100,-0.013428905852417294,513100,-0.013428905852417405,518880,0,0,0,0
2015-09-23,-0.01498637602179842,513100,-0.01498637602179842,513100,-0.01498637602179842,513100,-0.01498637602179842,513100,-0.01498637602179842,513100,-0.01498637602179842,513100,-0.0030004286326618113,518880,0,0,0,0
2015-09-24,0.0,513100,0.0,513100,0.0,513100,0.0,513100,0.0,513100,0.0,513100,0.007738607050730817,518880,0,0,0,0
2015-09-25,0.0027662517289073207,513100,0.0027662517289073207,513100,0.0027662517289073207,513100,0.0027662517289073207,513100,0.0027662517289073207,513100,0.0027662517289073207,513100,0.006399317406143412,518880,0,0,0,0
2015-09-28,-0.011232275862068986,518880,-0.011232275862068986,518880,-0.011232275862068986,518880,-0.011232275862069097,518880,-0.011232275862068986,518880,-0.011232275862069097,518880,-0.005934718100890191,518880,0,0,0,0
2015-09-29,-0.01321961620469092,518880,-0.01321961620469092,518880,-0.01321961620469092,518880,-0.01321961620469092,518880,-0.01321961620469092,518880,-0.01321961620469092,518880,-0.01321961620469092,518880,0,0,0,0
2015-09-30,0.0,518880,0.0,518880,0.0,518880,0.0,518880,0.0,518880,0.0,518880,0.0,518880,0,0,0,0
2015-10-08,0.01382886776145198,518880,0.01382886776145198,518880,0.01382886776145198,518880,0.01382886776145198,518880,0.01382886776145198,518880,0.01382886776145198,518880,0.01382886776145198,518880,0,0,0,0
2015-10-09,0.0017050298380221207,518880,0.0017050298380221207,518880,0.0017050298380221207,518880,0.0017050298380221207,518880,0.0017050298380221207,518880,0.0017050298380221207,518880,0.0017050298380221207,518880,0,0,0,0
2015-10-12,0.010638297872340496,518880,0.010638297872340496,518880,0.010638297872340496,518880,0.010638297872340496,518880,0.010638297872340496,518880,0.010638297872340496,518880,0.010638297872340496,518880,0,0,0,0
2015-10-13,-0.005894736842105064,518880,-0.005894736842105064,518880,-0.005894736842105064,518880,-0.005894736842105064,518880,-0.005894736842105064,518880,-0.005894736842105064,518880,-0.005894736842105064,518880,0,0,0,0
2015-10-14,0.01524777636594643,518880,0.01524777636594643,518880,0.01524777636594643,518880,0.01524777636594643,518880,0.01524777636594643,518880,0.01524777636594643,518880,0.01524777636594643,518880,0,0,0,0
2015-10-15,0.004171881518564957,518880,0.004171881518564957,518880,0.004171881518564957,518880,0.004171881518564957,518880,0.004171881518564957,518880,0.004171881518564957,518880,0.004171881518564957,518880,0,0,0,0
2015-10-16,-0.002077274615704172,518880,-0.002077274615704172,518880,-0.002077274615704172,518880,-0.002077274615704172,518880,-0.002077274615704172,518880,-0.002077274615704172,518880,-0.002077274615704172,518880,0,0,0,0
2015-10-19,-0.0016652789342215257,518880,-0.0016652789342215257,518880,-0.0016652789342215257,518880,-0.0016652789342215257,518880,-0.0016652789342215257,518880,-0.0016652789342215257,518880,-0.0016652789342215257,518880,0,0,0,0
2015-10-20,-0.002085070892410501,518880,-0.002085070892410501,518880,-0.002085070892410501,518880,-0.002085070892410501,518880,-0.002085070892410501,518880,-0.002085070892410501,518880,-0.002085070892410501,518880,0,0,0,0
2015-10-21,0.002507312996239186,518880,0.002507312996239186,518880,0.002507312996239186,518880,0.002507312996239186,518880,0.002507312996239186,518880,0.002507312996239186,518880,0.002507312996239186,518880,0,0,0,0
2015-10-22,-0.004168403501459084,518880,-0.004168403501459084,518880,-0.004168403501459084,518880,-0.004168403501459084,518880,-0.004168403501459084,518880,-0.004168403501459084,518880,-0.004168403501459084,518880,0,0,0,0
2015-10-23,0.005860192549183907,518880,0.005860192549183907,518880,0.005860192549183907,518880,0.005860192549183907,518880,0.005860192549183907,518880,0.005860192549183907,518880,0.005860192549183907,518880,0,0,0,0
2015-10-26,-0.006658343736995476,518880,-0.006658343736995476,518880,-0.006658343736995476,518880,-0.0068570120682480695,513100,-0.006658343736995476,518880,-0.0068570120682480695,513100,-0.0068570120682479585,513100,0,0,0,0
2015-10-27,0.002731964809384202,513100,0.0029325513196480912,518880,0.0029325513196480912,518880,-0.004519044544867623,513100,0.0029325513196480912,518880,-0.004519044544867623,513100,-0.004519044544867623,513100,0,0,0,0
2015-10-28,0.007133592736705552,513100,0.0048115288220551555,513100,0.0048115288220551555,513100,0.007133592736705552,513100,0.004811528822055378,513100,0.007133592736705552,513100,0.007133592736705552,513100,0,0,0,0
2015-10-29,0.004507405022537103,513100,0.004507405022537103,513100,0.004507405022537103,513100,0.004507405022537103,513100,0.004507405022537103,513100,0.004507405022537103,513100,0.004507405022537103,513100,0,0,0,0
2015-10-30,0.005769230769230749,513100,0.005769230769230749,513100,0.005769230769230749,513100,0.005769230769230749,513100,0.005769230769230749,513100,0.005769230769230749,513100,0.005769230769230749,513100,0,0,0,0
2015-11-02,-0.010834926704907377,513100,-0.0108349267049076,513100,-0.0108349267049076,513100,-0.010834926704907488,513100,-0.010834926704907488,513100,-0.010834926704907488,513100,-0.010834926704907488,513100,0,0,0,0
2015-11-03,0.014819587628865927,513100,0.014819587628865927,513100,0.014819587628865927,513100,0.014819587628865927,513100,0.014819587628865927,513100,0.014819587628865927,513100,0.014819587628865927,513100,0,0,0,0
2015-11-04,0.0031746031746031633,513100,0.0031746031746031633,513100,0.0031746031746031633,513100,0.0031746031746031633,513100,0.0031746031746031633,513100,0.0031746031746031633,513100,0.0031746031746031633,513100,0,0,0,0
2015-11-05,-0.0006329113924051777,513100,-0.0006329113924052887,513100,-0.0006329113924052887,513100,-0.0006329113924051777,513100,-0.0006329113924051777,513100,-0.0006329113924051777,513100,-0.0006329113924051777,513100,0,0,0,0
2015-11-06,-0.0031665611146294292,513100,-0.0031665611146294292,513100,-0.0031665611146294292,513100,-0.0031665611146294292,513100,-0.0031665611146294292,513100,-0.0031665611146294292,513100,-0.0031665611146294292,513100,0,0,0,0
2015-11-09,0.005717916137229828,513100,0.005717916137229828,513100,0.005717916137229828,513100,0.005717916137229828,513100,0.005717916137229828,513100,0.005717916137229828,513100,0.005717916137229828,513100,0,0,0,0
2015-11-10,-0.012634238787113228,513100,-0.012634238787113117,513100,-0.012634238787113117,513100,-0.012634238787113006,513100,-0.012634238787113117,513100,-0.012634238787113117,513100,-0.012634238787113117,513100,0,0,0,0
2015-11-11,-0.0031989763275751537,513100,-0.0031989763275752647,513100,-0.0031989763275752647,513100,-0.0031989763275751537,513100,-0.0031989763275752647,513100,-0.0031989763275752647,513100,-0.0031989763275752647,513100,0,0,0,0
2015-11-12,0.0006418485237482674,513100,0.0006418485237482674,513100,0.0006418485237482674,513100,0.0006418485237482674,513100,0.0006418485237482674,513100,0.0006418485237482674,513100,0.0006418485237482674,513100,0,0,0,0
2015-11-13,-0.010262989095574104,513100,-0.010262989095574104,513100,-0.010262989095574104,513100,-0.010262989095574104,513100,-0.010262989095574215,513100,-0.010262989095574104,513100,-0.010262989095574104,513100,0,0,0,0
2015-11-16,-0.01769488010369391,510300,-0.017694880103694022,510300,-0.017694880103694022,510300,-0.017498379779649964,513100,-0.017694880103694022,510300,-0.017498379779649853,513100,-0.017498379779649964,513100,0,0,0,0
2015-11-17,-0.003858442237323789,513100,-0.003858442237323678,513100,-0.003858442237323678,513100,0.0237467018469657,513100,-0.003858442237323678,513100,0.0237467018469657,513100,0.0237467018469657,513100,0,0,0,0
2015-11-18,-0.002577319587628746,513100,-0.002577319587628746,513100,-0.002577319587628746,513100,-0.002577319587628857,513100,-0.002577319587628857,513100,-0.002577319587628857,513100,-0.002577319587628857,513100,0,0,0,0
2015-11-19,0.02240529715762274,510500,0.02240529715762274,510500,0.02240529715762274,510500,0.022609819121446995,513100,0.02240529715762274,510500,0.022609819121446995,513100,0.022609819121446995,513100,0,0,0,0
2015-11-20,0.00844597067301689,513100,0.00844597067301689,513100,0.00844597067301689,513100,-0.0012634238787112562,513100,0.00844597067301689,513100,-0.0012634238787112562,513100,-0.0012634238787112562,513100,0,0,0,0
2015-11-23,0.00379506641366234,513100,0.00379506641366234,513100,0.00379506641366234,513100,0.00379506641366234,513100,0.00379506641366234,513100,0.00379506641366234,513100,0.00379506641366234,513100,0,0,0,0
2015-11-24,-0.000630119722747291,513100,-0.00063011972274718,513100,-0.00063011972274718,513100,-0.000630119722747402,513100,-0.000630119722747291,513100,-0.000630119722747291,513100,-0.000630119722747291,513100,0,0,0,0
2015-11-25,-0.003783102143757988,513100,-0.003783102143757877,513100,-0.003783102143757877,513100,-0.003783102143757988,513100,-0.003783102143757877,513100,-0.003783102143757877,513100,-0.003783102143757877,513100,0,0,0,0
2015-11-26,0.0006329113924050667,513100,0.0006329113924050667,513100,0.0006329113924050667,513100,0.0006329113924050667,513100,0.0006329113924050667,513100,0.0006329113924050667,513100,0.0006329113924050667,513100,0,0,0,0
2015-11-27,0.00189753320683117,513100,0.00189753320683117,513100,0.00189753320683117,513100,0.00189753320683117,513100,0.00189753320683117,513100,0.00189753320683117,513100,0.00189753320683117,513100,0,0,0,0
2015-11-30,-0.0006313131313131493,513100,-0.0006313131313130382,513100,-0.0006313131313130382,513100,-0.0006313131313130382,513100,-0.0006313131313130382,513100,-0.0006313131313129272,513100,-0.0006313131313130382,513100,0,0,0,0
2015-12-01,-0.0006317119393556281,513100,-0.0006317119393557391,513100,-0.0006317119393557391,513100,-0.0006317119393557391,513100,-0.0006317119393556281,513100,-0.0006317119393556281,513100,-0.0006317119393556281,513100,0,0,0,0
2015-12-02,0.014538558786346245,513100,0.014538558786346245,513100,0.014538558786346245,513100,0.014538558786346245,513100,0.014538558786346245,513100,0.014538558786346245,513100,0.014538558786346245,513100,0,0,0,0
2015-12-03,-0.00747663551401867,513100,-0.007476635514018559,513100,-0.007476635514018559,513100,-0.00747663551401867,513100,-0.00747663551401867,513100,-0.00747663551401867,513100,-0.00747663551401867,513100,0,0,0,0
2015-12-04,-0.013182674199623268,513100,-0.013182674199623379,513100,-0.013182674199623379,513100,-0.013182674199623268,513100,-0.013182674199623268,513100,-0.013182674199623268,513100,-0.013182674199623268,513100,0,0,0,0
2015-12-07,0.020356234096692072,513100,0.020356234096692072,513100,0.020356234096692072,513100,0.020356234096692072,513100,0.020356234096692072,513100,0.020356234096692072,513100,0.020356234096692072,513100,0,0,0,0
2015-12-08,-0.0037406483790524137,513100,-0.0037406483790524137,513100,-0.0037406483790524137,513100,-0.0037406483790524137,513100,-0.0037406483790523026,513100,-0.0037406483790523026,513100,-0.0037406483790524137,513100,0,0,0,0
2015-12-09,0.0012515644555695093,513100,0.0012515644555695093,513100,0.0012515644555695093,513100,0.0012515644555695093,513100,0.0012515644555695093,513100,0.0012515644555695093,513100,0.0012515644555695093,513100,0,0,0,0
2015-12-10,-0.011249999999999982,513100,-0.011249999999999982,513100,-0.011249999999999982,513100,-0.011249999999999871,513100,-0.011249999999999982,513100,-0.011249999999999982,513100,-0.011249999999999982,513100,0,0,0,0
2015-12-11,0.0018963337547408532,513100,0.0018963337547408532,513100,0.0018963337547408532,513100,0.0018963337547408532,513100,0.0018963337547408532,513100,0.0018963337547408532,513100,0.0018963337547408532,513100,0,0,0,0
2015-12-14,-0.01577287066246047,513100,-0.01577287066246047,513100,-0.01577287066246047,513100,-0.01577287066246047,513100,-0.01577287066246047,513100,-0.01577287066246047,513100,-0.01577287066246047,513100,0,0,0,0
2015-12-15,0.007692307692307665,513100,0.007692307692307665,513100,0.007692307692307665,513100,0.007692307692307665,513100,0.007692307692307665,513100,0.007692307692307665,513100,0.007692307692307665,513100,0,0,0,0
2015-12-16,0.008269720101781175,513100,0.008269720101781175,513100,0.008269720101781175,513100,0.008269720101781175,513100,0.008269720101781175,513100,0.008269720101781175,513100,0.008269720101781175,513100,0,0,0,0
2015-12-17,0.016403785488958933,513100,0.016403785488958933,513100,0.016403785488958933,513100,0.016403785488958933,513100,0.016403785488958933,513100,0.016403785488958933,513100,0.016403785488958933,513100,0,0,0,0
2015-12-18,-0.01613904407200495,513100,-0.01613904407200506,513100,-0.01613904407200506,513100,-0.01613904407200506,513100,-0.01613904407200495,513100,-0.01613904407200495,513100,-0.01613904407200495,513100,0,0,0,0
2015-12-21,-0.007138675078864232,510300,-0.007138675078864121,510300,-0.007138675078864121,510300,-0.007138675078864343,518880,-0.007138675078864121,510300,-0.007138675078864121,518880,-0.00694006309148254,513100,0,0,0,0
2015-12-22,0.0012748597654257399,510300,0.0012748597654257399,510300,0.0012748597654257399,510300,0.004915102770330693,518880,0.0012748597654257399,510300,0.004915102770330693,518880,-0.00019999999999997797,518880,0,0,0,0
2015-12-23,-0.00127323656735423,510300,-0.001273236567354119,510300,-0.001273236567354119,510300,-0.002223210315695945,518880,-0.00127323656735423,510300,-0.002223210315696056,518880,-0.002223210315695945,518880,0,0,0,0
2015-12-24,-0.012181285058643576,518880,-0.012181285058643687,518880,-0.012181285058643687,518880,0.00044563279857401383,518880,-0.012181285058643687,518880,0.00044563279857401383,518880,0.00044563279857401383,518880,0,0,0,0
2015-12-25,0.00222717149220486,518880,0.00222717149220486,518880,0.00222717149220486,518880,0.00222717149220486,518880,0.00222717149220486,518880,0.00222717149220486,518880,0.00222717149220486,518880,0,0,0,0
2015-12-28,-0.002666666666666484,518880,-0.002666666666666595,518880,-0.002666666666666595,518880,-0.002666666666666595,518880,-0.002666666666666484,518880,-0.002666666666666595,518880,-0.002666666666666595,518880,0,0,0,0
2015-12-29,0.0017825311942958333,518880,0.0017825311942958333,518880,0.0017825311942958333,518880,0.0017825311942958333,518880,0.0017825311942958333,518880,0.0017825311942958333,518880,0.0017825311942958333,518880,0,0,0,0
2015-12-30,-0.0013345195729538295,518880,-0.0013345195729539405,518880,-0.0013345195729539405,518880,-0.0013345195729538295,518880,-0.0013345195729538295,518880,-0.0013345195729538295,518880,-0.0013345195729538295,518880,0,0,0,0
2015-12-31,-0.00579064587973277,518880,-0.005790645879732548,518880,-0.005790645879732548,518880,-0.005790645879732659,518880,-0.005790645879732659,518880,-0.00579064587973277,518880,-0.005790645879732659,518880,0,0,0,0
2016-01-04,0.008512544802867339,518880,0.008512544802867339,518880,0.008310842293906884,510300,0.008310842293906662,510300,0.008310842293906662,510300,0.008310842293906662,510300,0.008310842293906884,510300,1,1,1,1
2016-01-05,0.008440693025322243,518880,0.008440693025322243,518880,-0.0008498583569404028,510300,-0.0008498583569404028,510300,-0.0008498583569404028,510300,-0.0008498583569404028,510300,-0.0008498583569404028,510300,0,0,0,0
2016-01-06,0.008370044052863568,518880,0.008370044052863568,518880,0.015593989225971105,510300,0.015593989225971105,510300,0.015593989225971105,510300,0.015593989225971105,510300,0.015593989225971105,510300,0,0,0,0
2016-01-07,0.02184359982525108,518880,0.02184359982525108,518880,-0.027359017308765998,510300,-0.027359017308765998,510300,-0.027359017308765998,510300,-0.027359017308765998,510300,-0.027359017308765998,510300,0,0,0,0
2016-01-08,-0.00042753313381782565,518880,-0.00042753313381782565,518880,-0.021814006888633775,510300,-0.021814006888633775,510300,-0.021814006888633775,510300,-0.021814006888633775,510300,-0.021814006888633775,510300,0,0,0,0
2016-01-11,0.0038494439692045024,518880,0.0038494439692045024,518880,-0.05153949530516422,510500,-0.05153949530516422,510500,-0.05153949530516422,510500,-0.05153949530516422,510500,-0.05153949530516422,510500,1,1,1,1
2016-01-12,-0.01235619940349375,518880,-0.012356199403493862,518880,-0.0015825288811521787,510500,-0.0015825288811520677,510500,-0.0015825288811520677,510500,-0.0015825288811520677,510500,-0.0015825288811520677,510500,0,0,0,0
2016-01-13,-0.007765314926660993,518880,-0.007765314926660882,518880,-0.031066730068156634,510500,-0.031066730068156523,510500,-0.031066730068156523,510500,-0.031066730068156523,510500,-0.031066730068156523,510500,0,0,0,0
2016-01-14,0.0073913043478262,518880,0.0073913043478262,518880,0.03353508915426118,510500,0.03353508915426118,510500,0.03353508915426118,510500,0.03353508915426118,510500,0.03353508915426118,510500,0,0,0,0
2016-01-15,-0.005610703495899982,518880,-0.005610703495899982,518880,-0.038461538461538325,510500,-0.038461538461538325,510500,-0.038461538461538325,510500,-0.038461538461538325,510500,-0.038461538461538325,510500,0,0,0,0
2016-01-18,0.003906250000000222,518880,0.003906250000000222,518880,0.014118123456789977,518880,0.014118123456789977,518880,0.0141181234567902,518880,0.0141181234567902,518880,0.014118123456789977,518880,0,0,0,0
2016-01-19,-0.0008646779074794608,518880,-0.0008646779074794608,518880,-0.0008646779074795719,518880,-0.0008646779074795719,518880,-0.0008646779074795719,518880,-0.0008646779074795719,518880,-0.0008646779074794608,518880,0,0,0,0
2016-01-20,0.007788836001730859,518880,0.007788836001730859,518880,0.007788836001730859,518880,0.007788836001730859,518880,0.007788836001730859,518880,0.007788836001730859,518880,0.007788836001730859,518880,0,0,0,0
2016-01-21,0.009016745384285096,518880,0.009016745384285096,518880,0.009016745384285096,518880,0.009016745384285096,518880,0.009016745384285096,518880,0.009016745384285096,518880,0.009016745384285096,518880,0,0,0,0
2016-01-22,-0.00638297872340432,518880,-0.00638297872340432,518880,-0.00638297872340432,518880,-0.00638297872340432,518880,-0.00638297872340432,518880,-0.006382978723404209,518880,-0.00638297872340432,518880,0,0,0,0
2016-01-25,0.0017130620985010836,518880,0.0017130620985010836,518880,0.0017130620985010836,518880,0.0017130620985010836,518880,0.0017130620985010836,518880,0.0017130620985010836,518880,0.0017130620985010836,518880,0,0,0,0
2016-01-26,0.016897905087644327,159915,0.016897905087644327,159915,0.016897905087644327,159915,0.016897905087644327,159915,0.016897905087644327,159915,0.016897905087644327,159915,0.016897905087644327,159915,1,1,1,1
2016-01-27,-0.0005296610169490679,159915,-0.0005296610169490679,159915,-0.0005296610169490679,159915,-0.0005296610169490679,159915,-0.0005296610169490679,159915,-0.0005296610169490679,159915,-0.0005296610169490679,159915,0,0,0,0
2016-01-28,-0.041865394806571254,159915,-0.041865394806571254,159915,-0.041865394806571254,159915,-0.041865394806571365,159915,-0.041865394806571254,159915,-0.041865394806571254,159915,-0.041865394806571254,159915,0,0,0,0
2016-01-29,0.039269911504424826,159915,0.039269911504424826,159915,0.039269911504424826,159915,0.039269911504424826,159915,0.039269911504424826,159915,0.039269911504424826,159915,0.039269911504424826,159915,0,0,0,0
2016-02-01,0.00851516764236293,159915,0.00851516764236293,159915,0.00851516764236293,159915,0.00851516764236293,159915,0.00851516764236293,159915,0.00851516764236293,159915,0.00851516764236293,159915,0,0,0,0
2016-02-02,0.04042511873350918,518880,0.04042511873350918,518880,0.04042511873350918,518880,0.04042511873350918,518880,0.04042511873350918,518880,0.04042511873350918,518880,0.04042511873350918,518880,0,0,0,0
2016-02-03,0.004185851820845743,518880,0.004185851820845743,518880,0.004185851820845743,518880,0.004185851820845743,518880,0.004185851820845743,518880,0.004185851820845743,518880,0.004185851820845743,518880,0,0,0,0
2016-02-04,0.009170487703209496,518880,0.009170487703209496,518880,0.009170487703209496,518880,0.009170487703209496,518880,0.009170487703209496,518880,0.009170487703209496,518880,0.009170487703209496,518880,0,0,0,0
2016-02-05,0.01239157372986388,518880,0.01239157372986388,518880,0.01239157372986388,518880,0.01239157372986388,518880,0.01239157372986388,518880,0.01239157372986388,518880,0.01239157372986388,518880,0,0,0,0
2016-02-15,0.03916768665850667,518880,0.03916768665850667,518880,0.03916768665850667,518880,0.03916768665850667,518880,0.03916768665850667,518880,0.03916768665850667,518880,0.03916768665850667,518880,0,0,0,0
2016-02-16,-0.013741656851197548,518880,-0.013741656851197548,518880,-0.013741656851197548,518880,-0.013741656851197548,518880,-0.013741656851197548,518880,-0.013741656851197548,518880,-0.013741656851197548,518880,0,0,0,0
2016-02-17,0.00835987261146487,518880,0.00835987261146487,518880,0.00835987261146487,518880,0.00835987261146487,518880,0.00835987261146487,518880,0.00835987261146487,518880,0.00835987261146487,518880,0,0,0,0
2016-02-18,0.0015791551519936942,518880,0.0015791551519936942,518880,0.0015791551519936942,518880,0.0015791551519936942,518880,0.0015791551519936942,518880,0.0015791551519936942,518880,0.0015791551519936942,518880,0,0,0,0
2016-02-19,0.014584154513204606,518880,0.014584154513204606,518880,0.014584154513204606,518880,0.014584154513204606,518880,0.014584154513204606,518880,0.014584154513204606,518880,0.014584154513204606,518880,0,0,0,0
2016-02-22,-0.007381507381507224,518880,-0.007381507381507224,518880,-0.007381507381507224,518880,-0.007381507381507224,518880,-0.007381507381507224,518880,-0.007381507381507224,518880,-0.007381507381507224,518880,0,0,0,0
2016-02-23,0.0007827788649705791,518880,0.0007827788649705791,518880,0.0007827788649705791,518880,0.0007827788649705791,518880,0.0007827788649705791,518880,0.0007827788649705791,518880,0.0007827788649705791,518880,0,0,0,0
2016-02-24,0.007821666014861117,518880,0.007821666014861117,518880,0.007821666014861117,518880,0.007821666014861117,518880,0.007821666014861117,518880,0.007821666014861117,518880,0.007821666014861117,518880,0,0,0,0
2016-02-25,0.014154908808692301,159915,0.014154908808692301,159915,0.014154908808692301,159915,0.014154908808692301,159915,0.014154908808692301,159915,0.014154908808692301,159915,0.014154908808692301,159915,1,1,1,1
2016-02-26,0.0031645569620253333,159915,0.0031645569620253333,159915,0.0031645569620253333,159915,0.0031645569620253333,159915,0.0031645569620253333,159915,0.0031645569620253333,159915,0.0031645569620253333,159915,0,0,0,0
2016-02-29,-0.06940063091482651,159915,-0.06940063091482651,159915,-0.06940063091482651,159915,-0.06940063091482651,159915,-0.06940063091482651,159915,-0.06940063091482651,159915,-0.06940063091482651,159915,0,0,0,0
2016-03-01,0.03050847457627115,159915,0.03050847457627115,159915,0.03050847457627115,159915,0.03050847457627115,159915,0.03050847457627115,159915,0.03050847457627115,159915,0.03050847457627115,159915,0,0,0,0
2016-03-02,0.048245614035087536,159915,0.048245614035087536,159915,0.048245614035087536,159915,0.048245614035087536,159915,0.048245614035087536,159915,0.048245614035087536,159915,0.048245614035087536,159915,0,0,0,0
2016-03-03,-0.00542907949790794,518880,-0.00542907949790794,518880,-0.00542907949790794,518880,-0.005429079497907829,518880,-0.0054290794979080514,518880,-0.00542907949790794,518880,-0.00542907949790794,518880,0,0,0,0
2016-03-04,0.012991975544516476,518880,0.012991975544516476,518880,0.012991975544516476,518880,0.012991975544516476,518880,0.012991975544516476,518880,0.012991975544516476,518880,0.012991975544516476,518880,0,0,0,0
2016-03-07,-0.0007544322897019562,518880,-0.0007544322897019562,518880,-0.0007544322897019562,518880,-0.0007544322897019562,518880,-0.0007544322897019562,518880,-0.0007544322897019562,518880,-0.0007544322897018452,518880,0,0,0,0
2016-03-08,0.004907512268780723,518880,0.004907512268780723,518880,0.004907512268780723,518880,0.004907512268780723,518880,0.004907512268780723,518880,0.004907512268780723,518880,0.004907512268780723,518880,0,0,0,0
2016-03-09,-0.010518407212622094,518880,-0.010518407212622094,518880,-0.010518407212622094,518880,-0.010518407212622094,518880,-0.010518407212622094,518880,-0.010518407212622094,518880,-0.010518407212622205,518880,0,0,0,0
2016-03-10,-0.0060744115413818855,518880,-0.0060744115413818855,518880,-0.006074411541381997,518880,-0.0060744115413818855,518880,-0.0060744115413818855,518880,-0.006074411541381997,518880,-0.0060744115413818855,518880,0,0,0,0
2016-03-11,0.012605042016806678,518880,0.012605042016806678,518880,0.012605042016806678,518880,0.012605042016806678,518880,0.012605042016806678,518880,0.012605042016806678,518880,0.012605042016806678,518880,0,0,0,0
2016-03-14,-0.010184835910976853,518880,-0.010184835910976853,518880,-0.010184835910976853,518880,-0.010184835910976853,518880,-0.010184835910976853,518880,-0.010184835910976853,518880,-0.010184835910976964,518880,0,0,0,0
2016-03-15,-0.01981707317073167,518880,-0.01981707317073167,518880,-0.01981707317073167,518880,-0.01981707317073167,518880,-0.01981707317073167,518880,-0.01981707317073167,518880,-0.01981707317073167,518880,0,0,0,0
2016-03-16,0.0073872472783826915,518880,0.0073872472783826915,518880,0.0073872472783826915,518880,0.0073872472783826915,518880,0.0073872472783826915,518880,0.007185769828927047,513100,0.007185769828927047,513100,0,0,0,0
2016-03-17,0.010034735623311475,518880,0.010034735623311475,518880,0.010034735623311475,518880,0.010034735623311475,518880,0.010034735623311475,518880,0.009327115256495766,513100,0.009327115256495766,513100,0,0,0,0
2016-03-18,-0.00019999999999997797,513100,-0.00019999999999997797,513100,-0.00019999999999997797,513100,-0.00019999999999997797,513100,-0.00019999999999997797,513100,-0.0006600660066006236,513100,-0.0006600660066006236,513100,0,0,0,0
2016-03-21,-0.0026420079260237594,513100,-0.0026420079260237594,513100,-0.0026420079260237594,513100,-0.0026420079260237594,513100,-0.0026420079260238705,513100,-0.0026420079260237594,513100,-0.0026420079260237594,513100,0,0,0,0
2016-03-22,0.0006622516556291647,513100,0.0006622516556291647,513100,0.0006622516556291647,513100,0.0006622516556291647,513100,0.0006622516556291647,513100,0.0006622516556291647,513100,0.0006622516556291647,513100,0,0,0,0
2016-03-23,0.00794176042356054,513100,0.00794176042356054,513100,0.00794176042356054,513100,0.00794176042356054,513100,0.00794176042356054,513100,0.00794176042356054,513100,0.00794176042356054,513100,0,0,0,0
2016-03-24,-0.009192383453709763,513100,-0.009192383453709763,513100,-0.009192383453709874,513100,-0.009192383453709763,513100,-0.009192383453709763,513100,-0.009192383453709652,513100,-0.009192383453709763,513100,0,0,0,0
2016-03-25,0.004638833664678765,513100,0.004638833664678765,513100,0.004638833664678765,513100,0.004638833664678765,513100,0.004638833664678765,513100,0.004638833664678765,513100,0.004638833664678765,513100,0,0,0,0
2016-03-28,0.003957783641161061,513100,0.003957783641161061,513100,0.003957783641161061,513100,0.003957783641161061,513100,0.003957783641161061,513100,0.003957783641161061,513100,0.003957783641161061,513100,0,0,0,0
2016-03-29,-0.0045992115637319975,513100,-0.0045992115637319975,513100,-0.0045992115637319975,513100,-0.0045992115637319975,513100,-0.0045992115637319975,513100,-0.0045992115637319975,513100,-0.0045992115637319975,513100,0,0,0,0
2016-03-30,0.011881188118811892,513100,0.011881188118811892,513100,0.011881188118811892,513100,0.011881188118811892,513100,0.011881188118811892,513100,0.011881188118811892,513100,0.011881188118811892,513100,0,0,0,0
2016-03-31,0.001304631441617854,513100,0.001304631441617854,513100,0.001304631441617854,513100,0.001304631441617854,513100,0.001304631441617854,513100,0.001304631441617854,513100,0.001304631441617854,513100,0,0,0,0
2016-04-01,-0.005211726384364845,513100,-0.005211726384364845,513100,-0.005211726384364845,513100,-0.005211726384364845,513100,-0.005211726384364845,513100,-0.005211726384364845,513100,-0.005211726384364845,513100,0,0,0,0
2016-04-05,0.005893909626719207,513100,0.005893909626719207,513100,0.005893909626719207,513100,0.005893909626719207,513100,0.005893909626719207,513100,0.005893909626719207,513100,0.005893909626719207,513100,0,0,0,0
2016-04-06,0.0,513100,0.0,513100,0.0,513100,0.0,513100,0.0,513100,0.0,513100,0.0,513100,0,0,0,0
2016-04-07,0.01106770833333326,513100,0.01106770833333326,513100,0.01106770833333326,513100,0.01106770833333326,513100,0.01106770833333326,513100,0.01106770833333326,513100,0.01106770833333326,513100,0,0,0,0
2016-04-08,-0.010946555054732743,513100,-0.010946555054732743,513100,-0.010946555054732743,513100,-0.010946555054732743,513100,-0.010946555054732632,513100,-0.010946555054732743,513100,-0.010946555054732743,513100,0,0,0,0
2016-04-11,-0.001953125000000111,513100,-0.001953125000000111,513100,-0.001953125000000111,513100,-0.001953125000000111,513100,-0.001953125000000111,513100,-0.001953125000000111,513100,-0.001953125000000111,513100,0,0,0,0
2016-04-12,-0.0071754729288974195,513100,-0.0071754729288974195,513100,-0.0071754729288974195,513100,-0.0071754729288974195,513100,-0.0071754729288974195,513100,-0.0071754729288974195,513100,-0.0071754729288975305,513100,0,0,0,0
2016-04-13,0.006570302233902758,513100,0.006570302233902758,513100,0.006570302233902758,513100,0.006570302233902758,513100,0.006570302233902758,513100,0.006570302233902758,513100,0.006570302233902758,513100,0,0,0,0
2016-04-14,0.011096605744125299,513100,0.011096605744125299,513100,0.011096605744125299,513100,0.011096605744125299,513100,0.011096605744125299,513100,0.011096605744125299,513100,0.011096605744125299,513100,0,0,0,0
2016-04-15,0.0032278889606198735,513100,0.0032278889606198735,513100,0.0032278889606198735,513100,0.0032278889606198735,513100,0.0032278889606198735,513100,0.0032278889606198735,513100,0.0032278889606198735,513100,0,0,0,0
2016-04-18,-0.002574002574002532,513100,-0.002574002574002532,513100,-0.002574002574002532,513100,-0.002574002574002532,513100,-0.002574002574002532,513100,-0.002574002574002532,513100,-0.002574002574002421,513100,0,0,0,0
2016-04-19,0.003870967741935516,513100,0.003870967741935516,513100,0.003870967741935516,513100,0.003870967741935516,513100,0.003870967741935516,513100,0.003870967741935516,513100,0.003870967741935516,513100,0,0,0,0
2016-04-20,-0.0064267352185091164,513100,-0.0064267352185091164,513100,-0.0064267352185091164,513100,-0.0064267352185091164,513100,-0.0064267352185091164,513100,-0.006426735218509005,513100,-0.0064267352185091164,513100,0,0,0,0
2016-04-21,0.0032341526520049957,513100,0.0032341526520049957,513100,0.0032341526520049957,513100,0.0032341526520049957,513100,0.0032341526520049957,513100,0.0032341526520049957,513100,0.0032341526520049957,513100,0,0,0,0
2016-04-22,-0.0025789813023855412,513100,-0.0025789813023855412,513100,-0.0025789813023855412,513100,-0.0025789813023855412,513100,-0.0025789813023855412,513100,-0.0025789813023855412,513100,-0.0025789813023854302,513100,0,0,0,0
2016-04-25,-0.008403361344537785,513100,-0.008403361344537785,513100,-0.008403361344537785,513100,-0.008403361344537785,513100,-0.008403361344537785,513100,-0.008403361344537785,513100,-0.008403361344537674,513100,0,0,0,0
2016-04-26,-0.0006518904823989979,513100,-0.0006518904823989979,513100,-0.0006518904823989979,513100,-0.0006518904823989979,513100,-0.0006518904823989979,513100,-0.0006518904823989979,513100,-0.0006518904823988869,513100,0,0,0,0
2016-04-27,-0.0071754729288974195,513100,-0.0071754729288974195,513100,-0.0071754729288974195,513100,-0.0071754729288974195,513100,-0.0071754729288974195,513100,-0.007374037834311564,518880,-0.007374037834311786,518880,0,0,0,0
2016-04-28,-0.0021706964520369354,518880,-0.0021706964520368244,518880,-0.0021706964520368244,518880,-0.0021706964520368244,518880,-0.0021706964520368244,518880,0.0046136101499423265,518880,0.0046136101499423265,518880,0,0,0,0
2016-04-29,0.017986988136242,518880,0.017986988136242,518880,0.017986988136242,518880,0.017986988136242,518880,0.017986988136242,518880,0.017986988136242,518880,0.017986988136242,518880,0,0,0,0
2016-05-03,0.015789473684210353,518880,0.015789473684210353,518880,0.015789473684210353,518880,0.015789473684210353,518880,0.015789473684210353,518880,0.015789473684210353,518880,0.015789473684210353,518880,0,0,0,0
2016-05-04,-0.00925240562546259,518880,-0.00925240562546259,518880,-0.009252405625462479,518880,-0.00925240562546259,518880,-0.00925240562546259,518880,-0.00925240562546259,518880,-0.009252405625462479,518880,0,0,0,0
2016-05-05,-0.0007471049682482578,518880,-0.0007471049682482578,518880,-0.0007471049682482578,518880,-0.0007471049682482578,518880,-0.0007471049682483688,518880,-0.0007471049682482578,518880,-0.0007471049682481468,518880,0,0,0,0
2016-05-06,0.0018691588785046953,518880,0.0018691588785046953,518880,0.0018691588785046953,518880,0.0018691588785046953,518880,0.0018691588785046953,518880,0.0018691588785046953,518880,0.0018691588785046953,518880,0,0,0,0
2016-05-09,-0.003731343283582156,518880,-0.003731343283582156,518880,-0.003731343283582156,518880,-0.003731343283582156,518880,-0.003731343283582156,518880,-0.003731343283582156,518880,-0.003731343283582156,518880,0,0,0,0
2016-05-10,-0.004868913857677848,518880,-0.004868913857677848,518880,-0.004868913857677959,518880,-0.004868913857677959,518880,-0.004868913857677848,518880,-0.004868913857677848,518880,-0.004868913857677848,518880,0,0,0,0
2016-05-11,0.004516371847948841,518880,0.004516371847948841,518880,0.004516371847948841,518880,0.004516371847948841,518880,0.004516371847948841,518880,0.004516371847948841,518880,0.004516371847948841,518880,0,0,0,0
2016-05-12,-0.0033720494567252013,518880,-0.0033720494567252013,518880,-0.0033720494567250903,518880,-0.0033720494567252013,518880,-0.0033720494567252013,518880,-0.0033720494567252013,518880,-0.0033720494567252013,518880,0,0,0,0
2016-05-13,0.008270676691729317,518880,0.008270676691729317,518880,0.008270676691729317,518880,0.008270676691729317,518880,0.008270676691729317,518880,0.008270676691729317,518880,0.008270676691729317,518880,0,0,0,0
2016-05-16,0.004847129008202833,518880,0.004847129008202833,518880,0.004847129008202833,518880,0.004847129008202833,518880,0.004847129008202833,518880,0.004847129008202833,518880,0.004847129008202833,518880,0,0,0,0
2016-05-17,-0.0048237476808905555,518880,-0.0048237476808905555,518880,-0.0048237476808905555,518880,-0.0048237476808905555,518880,-0.0048237476808904445,518880,-0.0048237476808906665,518880,-0.0048237476808904445,518880,0,0,0,0
2016-05-18,-0.00037285607755399575,518880,-0.00037285607755399575,518880,-0.00037285607755399575,518880,-0.00037285607755399575,518880,-0.00037285607755399575,518880,-0.00037285607755410677,518880,-0.00037285607755399575,518880,0,0,0,0
2016-05-19,-0.015292801193584449,518880,-0.015292801193584449,518880,-0.015292801193584449,518880,-0.015292801193584449,518880,-0.015292801193584449,518880,-0.015292801193584449,518880,-0.015292801193584449,518880,0,0,0,0
2016-05-20,-0.0007575757575759567,518880,-0.0007575757575759567,518880,-0.0007575757575759567,518880,-0.0007575757575759567,518880,-0.0007575757575759567,518880,-0.0007575757575759567,518880,-0.0007575757575758457,518880,0,0,0,0
2016-05-23,-0.0011372251705836778,518880,-0.0011372251705836778,518880,-0.0011372251705836778,518880,-0.0011372251705836778,518880,-0.0011372251705835668,518880,-0.0011372251705837888,518880,-0.0011372251705836778,518880,0,0,0,0
2016-05-24,-0.004554079696394542,518880,-0.004554079696394542,518880,-0.004554079696394542,518880,-0.004554079696394542,518880,-0.004554079696394542,518880,-0.004554079696394542,518880,-0.004554079696394431,518880,0,0,0,0
2016-05-25,-0.016012199771254343,518880,-0.016012199771254343,518880,-0.016012199771254343,518880,-0.016012199771254343,518880,-0.016012199771254343,518880,-0.016012199771254343,518880,-0.016012199771254343,518880,0,0,0,0
2016-05-26,0.0036736923672997523,513100,0.0036736923672997523,513100,0.0036736923672997523,513100,0.0036736923672995303,513100,0.0036736923672995303,513100,0.0036736923672995303,513100,0.0036736923672997523,513100,0,0,0,0
2016-05-27,0.004527813712807083,513100,0.004527813712807083,513100,0.004527813712807083,513100,0.004527813712807083,513100,0.004527813712807083,513100,0.004527813712807083,513100,0.004527813712807083,513100,0,0,0,0
2016-05-30,0.009658725048293793,513100,0.009658725048293793,513100,0.009658725048293793,513100,0.009658725048293793,513100,0.009658725048293793,513100,0.009658725048293793,513100,0.009658725048293793,513100,0,0,0,0
2016-05-31,0.005102040816326481,513100,0.005102040816326481,513100,0.005102040816326481,513100,0.005102040816326481,513100,0.005102040816326481,513100,0.005102040816326481,513100,0.005102040816326481,513100,0,0,0,0
2016-06-01,0.0006345177664974777,513100,0.0006345177664974777,513100,0.0006345177664974777,513100,0.0006345177664974777,513100,0.0006345177664974777,513100,0.0006345177664974777,513100,0.0006345177664974777,513100,0,0,0,0
2016-06-02,-0.0038046924540265925,513100,-0.0038046924540265925,513100,-0.0038046924540265925,513100,-0.0038046924540265925,513100,-0.0038046924540265925,513100,-0.0038046924540265925,513100,-0.0038046924540265925,513100,0,0,0,0
2016-06-03,0.0,513100,0.0,513100,0.0,513100,0.0,513100,0.0,513100,0.0,513100,0.0,513100,0,0,0,0
2016-06-06,-0.00700190961171232,513100,-0.007001909611712209,513100,-0.007001909611712209,513100,-0.007001909611712209,513100,-0.007001909611712209,513100,-0.007001909611712209,513100,-0.007001909611712209,513100,0,0,0,0
2016-06-07,0.0038461538461538325,513100,0.0038461538461538325,513100,0.0038461538461538325,513100,0.0038461538461538325,513100,0.0038461538461538325,513100,0.0038461538461538325,513100,0.0038461538461538325,513100,0,0,0,0
2016-06-08,-0.003831417624521105,513100,-0.003831417624521105,513100,-0.003831417624521105,513100,-0.003831417624521105,513100,-0.003831417624521105,513100,-0.003831417624520994,513100,-0.003831417624521216,513100,0,0,0,0
2016-06-13,-0.012820512820512775,513100,-0.012820512820512775,513100,-0.012820512820512664,513100,-0.012820512820512775,513100,-0.012820512820512775,513100,-0.012820512820512775,513100,-0.012820512820512775,513100,0,0,0,0
2016-06-14,-0.0006493506493506773,513100,-0.0006493506493507883,513100,-0.0006493506493507883,513100,-0.0006493506493507883,513100,-0.0006493506493507883,513100,-0.0006493506493507883,513100,-0.0006493506493507883,513100,0,0,0,0
2016-06-15,0.007147498375568606,513100,0.007147498375568606,513100,0.007147498375568606,513100,0.007147498375568606,513100,0.007147498375568606,513100,0.007147498375568606,513100,0.007147498375568606,513100,0,0,0,0
2016-06-16,-0.001290322580645209,513100,-0.001290322580645209,513100,-0.001290322580645209,513100,-0.001290322580645209,513100,-0.001290322580645209,513100,-0.001490064516128986,518880,-0.001490064516129097,518880,0,0,0,0
2016-06-17,0.0012919896640826156,513100,0.0012919896640826156,513100,0.0012919896640826156,513100,0.0012919896640826156,513100,0.0012919896640826156,513100,-0.022521786100108243,513100,-0.022521786100108243,513100,0,0,0,0
2016-06-20,0.002580645161290418,513100,0.002580645161290418,513100,0.002580645161290418,513100,0.002580645161290418,513100,0.002580645161290418,513100,0.002580645161290418,513100,0.002580645161290418,513100,0,0,0,0
2016-06-21,-0.005148005148005175,513100,-0.005148005148005175,513100,-0.005148005148005175,513100,-0.005148005148005175,513100,-0.005148005148005175,513100,-0.005148005148005175,513100,-0.005148005148005175,513100,0,0,0,0
2016-06-22,-0.0032341526520052177,513100,-0.0032341526520052177,513100,-0.0032341526520052177,513100,-0.0032341526520053288,513100,-0.0032341526520052177,513100,-0.0032341526520052177,513100,-0.0032341526520052177,513100,0,0,0,0
2016-06-23,0.0019467878001298011,513100,0.0019467878001298011,513100,0.0019467878001298011,513100,0.0019467878001298011,513100,0.0019467878001298011,513100,0.0019467878001298011,513100,0.0019467878001298011,513100,0,0,0,0
2016-06-24,-0.009265544041450746,518880,-0.009265544041450857,518880,-0.009265544041450746,518880,-0.009265544041450857,518880,-0.009265544041450746,518880,-0.009265544041450857,518880,-0.009265544041450746,518880,0,0,0,0
2016-06-27,0.00819964349376101,518880,0.00819964349376101,518880,0.00819964349376101,518880,0.00819964349376101,518880,0.00819964349376101,518880,0.00819964349376101,518880,0.00819964349376101,518880,0,0,0,0
2016-06-28,-0.0038896746817539407,518880,-0.0038896746817539407,518880,-0.0038896746817538297,518880,-0.0038896746817540517,518880,-0.0038896746817539407,518880,-0.0038896746817539407,518880,-0.0038896746817539407,518880,0,0,0,0
2016-06-29,0.004614838480653249,518880,0.004614838480653249,518880,0.004614838480653249,518880,0.004614838480653249,518880,0.004614838480653249,518880,0.004614838480653249,518880,0.004614838480653249,518880,0,0,0,0
2016-06-30,-0.004240282685512242,518880,-0.004240282685512353,518880,-0.004240282685512353,518880,-0.004240282685512353,518880,-0.004240282685512353,518880,-0.004240282685512353,518880,-0.004240282685512353,518880,0,0,0,0
2016-07-01,0.01419446415897796,518880,0.01419446415897796,518880,0.01419446415897796,518880,0.01419446415897796,518880,0.01419446415897796,518880,0.01419446415897796,518880,0.01419446415897796,518880,0,0,0,0
2016-07-04,0.014345696291112597,518880,0.014345696291112597,518880,0.014345696291112597,518880,0.014345696291112597,518880,0.014345696291112597,518880,0.014345696291112597,518880,0.014345696291112597,518880,0,0,0,0
2016-07-05,-0.0031045187995861756,518880,-0.0031045187995861756,518880,-0.0031045187995861756,518880,-0.0031045187995861756,518880,-0.0031045187995861756,518880,-0.0031045187995861756,518880,-0.0031045187995861756,518880,0,0,0,0
2016-07-06,0.01972318339100343,518880,0.01972318339100343,518880,0.01972318339100343,518880,0.01972318339100343,518880,0.01972318339100343,518880,0.01972318339100343,518880,0.01972318339100343,518880,0,0,0,0
2016-07-07,-0.0037326094333220983,518880,-0.0037326094333220983,518880,-0.0037326094333220983,518880,-0.0037326094333220983,518880,-0.0037326094333220983,518880,-0.0037326094333220983,518880,-0.0037326094333220983,518880,0,0,0,0
2016-07-08,-0.006811989100817484,518880,-0.006811989100817484,518880,-0.006811989100817373,518880,-0.006811989100817484,518880,-0.006811989100817484,518880,-0.006811989100817484,518880,-0.006811989100817595,518880,0,0,0,0
2016-07-11,0.008916323731138709,518880,0.008916323731138709,518880,0.008916323731138709,518880,0.008916323731138709,518880,0.008916323731138709,518880,0.008916323731138709,518880,0.008916323731138709,518880,0,0,0,0
2016-07-12,-0.007817811012916454,518880,-0.007817811012916454,518880,-0.007817811012916454,518880,-0.007817811012916454,518880,-0.007817811012916454,518880,-0.007817811012916454,518880,-0.007817811012916454,518880,0,0,0,0
2016-07-13,-0.009249743062692661,518880,-0.009249743062692661,518880,-0.009249743062692661,518880,-0.009249743062692661,518880,-0.009249743062692661,518880,-0.009249743062692661,518880,-0.009249743062692661,518880,0,0,0,0
2016-07-14,-0.006915629322268302,518880,-0.006915629322268191,518880,-0.006915629322268191,518880,-0.007114246196403773,510300,-0.006915629322268191,518880,-0.007114246196403662,510300,-0.006915629322268191,518880,0,0,0,0
2016-07-15,0.0010445682451254434,518880,0.0010445682451254434,518880,0.0010445682451254434,518880,0.001205182283820383,510300,0.0010445682451254434,518880,0.001205182283820383,510300,0.0010445682451254434,518880,0,0,0,0
2016-07-18,-0.003478260869565042,518880,-0.003478260869565042,518880,-0.003478260869565042,518880,-0.0036111947035810665,510300,-0.003478260869565042,518880,-0.0036111947035809555,510300,-0.003478260869565042,518880,0,0,0,0
2016-07-19,0.0017452006980802626,518880,0.0017452006980802626,518880,0.0017452006980802626,518880,-0.0051344004832376555,510300,0.0017452006980802626,518880,-0.0051344004832376555,510300,0.0017452006980802626,518880,0,0,0,0
2016-07-20,-0.004181184668989535,518880,-0.004181184668989535,518880,-0.004181184668989535,518880,-0.002125075895567763,510300,-0.004181184668989535,518880,-0.002125075895567874,510300,-0.004181184668989535,518880,0,0,0,0
2016-07-21,-0.009797060881735487,518880,-0.009797060881735487,518880,-0.009797060881735487,518880,0.005476118040766753,510300,-0.009797060881735487,518880,0.005476118040766753,510300,-0.009797060881735487,518880,0,0,0,0
2016-07-22,0.004746007067137903,513100,0.004746007067137681,513100,0.004746007067137681,513100,-0.008972829046898778,513100,0.004746007067137903,513100,-0.008972829046898667,513100,0.004746007067137681,513100,0,0,0,0
2016-07-25,0.0036652412950519686,513100,0.0036652412950519686,513100,0.0036652412950519686,513100,0.0036652412950519686,513100,0.0036652412950519686,513100,0.0036652412950519686,513100,0.0036652412950519686,513100,0,0,0,0
2016-07-26,0.002434570906877598,513100,0.002434570906877598,513100,0.002434570906877598,513100,0.002434570906877598,513100,0.002434570906877598,513100,0.002434570906877598,513100,0.002434570906877598,513100,0,0,0,0
2016-07-27,0.0012143290831816422,513100,0.0012143290831816422,513100,0.0012143290831816422,513100,0.0012143290831816422,513100,0.0012143290831816422,513100,0.0012143290831816422,513100,0.0012143290831816422,513100,0,0,0,0
2016-07-28,0.004244996967859294,513100,0.004244996967859294,513100,0.004244996967859294,513100,0.004244996967859294,513100,0.004244996967859294,513100,0.004244996967859294,513100,0.004244996967859294,513100,0,0,0,0
2016-07-29,0.005434782608695787,513100,0.005434782608695787,513100,0.005434782608695787,513100,0.005434782608695787,513100,0.005434782608695787,513100,0.005434782608695787,513100,0.005434782608695787,513100,0,0,0,0
2016-08-01,0.0030030030030030463,513100,0.0030030030030030463,513100,0.0030030030030030463,513100,0.0030030030030030463,513100,0.0030030030030030463,513100,0.0030030030030030463,513100,0.0030030030030030463,513100,0,0,0,0
2016-08-02,0.004790419161676551,513100,0.004790419161676551,513100,0.004790419161676551,513100,0.004790419161676551,513100,0.004790419161676551,513100,0.004790419161676551,513100,0.004790419161676551,513100,0,0,0,0
2016-08-03,-0.014302741358760418,513100,-0.014302741358760418,513100,-0.014302741358760418,513100,-0.014302741358760418,513100,-0.014302741358760418,513100,-0.014302741358760418,513100,-0.014302741358760418,513100,0,0,0,0
2016-08-04,0.0012091898428052694,513100,0.0012091898428052694,513100,0.0012091898428052694,513100,0.0012091898428052694,513100,0.0012091898428052694,513100,0.0012091898428052694,513100,0.0012091898428052694,513100,0,0,0,0
2016-08-05,0.007246376811594235,513100,0.007246376811594235,513100,0.007246376811594235,513100,0.007246376811594235,513100,0.007246376811594235,513100,0.007246376811594235,513100,0.007246376811594235,513100,0,0,0,0
2016-08-08,0.011990407673860837,513100,0.011990407673860837,513100,0.011990407673860837,513100,0.011990407673860837,513100,0.011990407673860837,513100,0.011990407673860837,513100,0.011990407673860837,513100,0,0,0,0
2016-08-09,0.004146919431279761,513100,0.004146919431279761,513100,0.004146919431279761,513100,0.004146919431279761,513100,0.004146919431279761,513100,0.004146919431279761,513100,0.004146919431279761,513100,0,0,0,0
2016-08-10,0.002949852507374562,513100,0.002949852507374562,513100,0.002949852507374562,513100,0.002949852507374562,513100,0.002949852507374562,513100,0.002949852507374562,513100,0.002949852507374562,513100,0,0,0,0
2016-08-11,-0.004117647058823448,513100,-0.004117647058823448,513100,-0.004117647058823448,513100,-0.004117647058823448,513100,-0.004117647058823448,513100,-0.004117647058823337,513100,-0.004117647058823337,513100,0,0,0,0
2016-08-12,0.005316007088009389,513100,0.005316007088009389,513100,0.005316007088009389,513100,0.005316007088009389,513100,0.005316007088009389,513100,0.005316007088009389,513100,0.005316007088009389,513100,0,0,0,0
2016-08-15,-0.002350176263219872,513100,-0.002350176263219872,513100,-0.002350176263219872,513100,-0.002350176263219872,513100,-0.002350176263219872,513100,-0.002350176263219872,513100,-0.002350176263219872,513100,0,0,0,0
2016-08-16,0.002355712603062443,513100,0.002355712603062443,513100,0.002355712603062443,513100,0.002355712603062443,513100,0.002355712603062443,513100,0.002355712603062443,513100,0.002355712603062443,513100,0,0,0,0
2016-08-17,-0.008225616921269108,513100,-0.008225616921269108,513100,-0.008225616921269108,513100,-0.008225616921269108,513100,-0.008225616921269108,513100,-0.008225616921269108,513100,-0.008225616921268997,513100,0,0,0,0
2016-08-18,0.0023696682464455776,513100,0.0023696682464455776,513100,0.0023696682464455776,513100,0.0023696682464455776,513100,0.0023696682464455776,513100,0.0023696682464455776,513100,0.0023696682464455776,513100,0,0,0,0
2016-08-19,-0.0005910165484632746,513100,-0.0005910165484632746,513100,-0.0005910165484632746,513100,-0.0005910165484632746,513100,-0.0005910165484632746,513100,-0.0007908983451535567,510300,-0.0007908983451534457,510300,0,0,0,0
2016-08-22,0.0,513100,0.0,513100,0.0,513100,0.0,513100,0.0,513100,-0.007017543859649145,510300,-0.007017543859649256,510300,0,0,0,0
2016-08-23,0.007096392667060858,513100,0.007096392667060858,513100,0.007096392667060858,513100,0.007096392667060858,513100,0.007096392667060858,513100,0.0005889281507656108,510300,0.0005889281507656108,510300,0,0,0,0
2016-08-24,0.0023487962419259656,513100,0.0023487962419259656,513100,0.0023487962419259656,513100,0.0023487962419259656,513100,0.0023487962419259656,513100,-0.004120070629782369,510300,-0.004120070629782258,510300,0,0,0,0
2016-08-25,-0.00702987697715296,513100,-0.00702987697715296,513100,-0.007029876977153071,513100,-0.00702987697715296,513100,-0.007029876977152849,513100,-0.005319148936170137,510300,-0.005319148936170248,510300,0,0,0,0
2016-08-26,0.0023598820058996495,513100,0.0023598820058996495,513100,0.0023598820058996495,513100,0.0023598820058996495,513100,0.0023598820058996495,513100,-0.0011883541295305555,510300,-0.0011883541295305555,510300,0,0,0,0
2016-08-29,-0.0031423190111831145,510300,-0.0031423190111831145,510300,-0.0031423190111830035,510300,-0.0031423190111832255,510300,-0.0031423190111831145,510300,-0.0002974419988102106,510300,-0.0002974419988102106,510300,0,0,0,0
2016-08-30,0.004165426956262985,510300,0.004165426956262985,510300,0.004165426956262985,510300,0.004165426956262985,510300,0.004165426956262985,510300,0.004165426956262985,510300,0.004165426956262985,510300,0,0,0,0
2016-08-31,0.004148148148148012,510300,0.004148148148148012,510300,0.004148148148148012,510300,0.004148148148148012,510300,0.004148148148148012,510300,0.004148148148148012,510300,0.004148148148148012,510300,0,0,0,0
2016-09-01,-0.010622602537621484,510300,-0.010622602537621484,510300,-0.010622602537621484,510300,-0.010622602537621595,510300,-0.010622602537621484,510300,-0.010622602537621595,510300,-0.010622602537621484,510300,0,0,0,0
2016-09-02,0.004473605726215135,510300,0.004473605726215135,510300,0.004473605726215135,510300,0.004473605726215135,510300,0.004473605726215135,510300,0.004473605726215135,510300,0.004473605726215135,510300,0,0,0,0
2016-09-05,0.0020783847980998527,510300,0.0020783847980998527,510300,0.0020783847980998527,510300,0.0020783847980998527,510300,0.0020783847980998527,510300,0.0020783847980998527,510300,0.0020783847980998527,510300,0,0,0,0
2016-09-06,0.008592592592592485,510300,0.008592592592592485,510300,0.008592592592592485,510300,0.008592592592592485,510300,0.008592592592592485,510300,0.008592592592592485,510300,0.008592592592592485,510300,0,0,0,0
2016-09-07,0.000587544065804968,510300,0.000587544065804968,510300,0.000587544065804968,510300,0.000587544065804968,510300,0.000587544065804968,510300,0.000587544065804968,510300,0.000587544065804968,510300,0,0,0,0
2016-09-08,-0.0014679976512038673,510300,-0.0014679976512039783,510300,-0.0014679976512038673,510300,-0.0014679976512038673,510300,-0.0014679976512038673,510300,-0.0014679976512039783,510300,-0.0014679976512037562,510300,0,0,0,0
2016-09-09,-0.004998529844163491,510300,-0.004998529844163602,510300,-0.004998529844163491,510300,-0.004998529844163602,510300,-0.004998529844163491,510300,-0.004998529844163602,510300,-0.004998529844163491,510300,0,0,0,0
2016-09-12,-0.019995094562647586,513100,-0.019995094562647586,513100,-0.019995094562647586,513100,-0.019995094562647697,513100,-0.019995094562647586,513100,-0.019995094562647586,513100,-0.019995094562647586,518880,0,0,0,0
2016-09-13,0.0142462372065022,518880,0.014246237206501977,518880,0.014246237206501977,518880,0.0142462372065022,518880,0.014246237206501977,518880,0.0142462372065022,518880,0.001753155680224605,518880,0,0,0,0
2016-09-14,-0.004900245012250837,518880,-0.004900245012250837,518880,-0.004900245012250837,518880,-0.004900245012250837,518880,-0.004900245012250837,518880,-0.004900245012250837,518880,-0.004900245012250837,518880,0,0,0,0
2016-09-19,-0.006178403095321805,513100,-0.006178403095321694,513100,-0.006178403095321805,513100,-0.006178403095321805,513100,-0.006178403095321694,513100,-0.006178403095321694,513100,-0.006178403095321805,513100,0,0,0,0
2016-09-20,-0.006425233644859807,513100,-0.006425233644859807,513100,-0.006425233644859807,513100,-0.006425233644859807,513100,-0.006425233644859807,513100,-0.006425233644859807,513100,-0.006425233644859807,513100,0,0,0,0
2016-09-21,0.0,513100,0.0,513100,0.0,513100,0.0,513100,0.0,513100,0.0,513100,0.0,513100,0,0,0,0
2016-09-22,0.015873015873015817,513100,0.015873015873015817,513100,0.015873015873015817,513100,0.015873015873015817,513100,0.015873015873015817,513100,0.015873015873015817,513100,0.015873015873015817,513100,0,0,0,0
2016-09-23,0.02604166666666652,513100,0.02604166666666652,513100,0.02604166666666652,513100,0.02604166666666652,513100,0.02604166666666652,513100,0.02604166666666652,513100,0.02604166666666652,513100,0,0,0,0
2016-09-26,-0.01579244218838105,513100,-0.01579244218838116,513100,-0.01579244218838116,513100,-0.01579244218838116,513100,-0.01579244218838116,513100,-0.01579244218838116,513100,-0.01579244218838116,513100,0,0,0,0
2016-09-27,-0.01318051575931245,513100,-0.01318051575931245,513100,-0.01318051575931245,513100,-0.01318051575931245,513100,-0.01318051575931245,513100,-0.01318051575931245,513100,-0.01318051575931245,513100,0,0,0,0
2016-09-28,0.0011614401858304202,513100,0.0011614401858304202,513100,0.0011614401858304202,513100,0.0011614401858304202,513100,0.0011614401858304202,513100,0.0011614401858304202,513100,0.0011614401858304202,513100,0,0,0,0
2016-09-29,0.0,513100,0.0,513100,0.0,513100,0.0,513100,0.0,513100,0.0,513100,0.0,513100,0,0,0,0
2016-09-30,-0.009860788863109038,513100,-0.009860788863109038,513100,-0.009860788863109038,513100,-0.009860788863109038,513100,-0.009860788863109038,513100,-0.009860788863109149,513100,-0.009860788863109038,513100,0,0,0,0
2016-10-10,0.008201523140011657,513100,0.008201523140011657,513100,0.008201523140011657,513100,0.008201523140011657,513100,0.008201523140011657,513100,0.008201523140011657,513100,0.008201523140011657,513100,0,0,0,0
2016-10-11,0.012783265543288902,513100,0.012783265543288902,513100,0.012783265543288902,513100,0.012783265543288902,513100,0.012783265543288902,513100,0.012783265543288902,513100,0.012783265543288902,513100,0,0,0,0
2016-10-12,-0.001721170395869387,513100,-0.001721170395869276,513100,-0.001721170395869276,513100,-0.001721170395869276,513100,-0.001721170395869276,513100,-0.001721170395869276,513100,-0.001721170395869276,513100,0,0,0,0
2016-10-13,-0.002873563218390718,513100,-0.002873563218390718,513100,-0.002873563218390607,513100,-0.002873563218390718,513100,-0.002873563218390718,513100,-0.002873563218390718,513100,-0.002873563218390718,513100,0,0,0,0
2016-10-14,-0.0005763688760807018,513100,-0.0005763688760807018,513100,-0.0005763688760807018,513100,-0.0005763688760807018,513100,-0.0005763688760807018,513100,-0.0005763688760807018,513100,-0.0005763688760807018,513100,0,0,0,0
2016-10-17,-0.009803921568627527,513100,-0.009803921568627527,513100,-0.009803921568627527,513100,-0.009803921568627527,513100,-0.009803921568627527,513100,-0.009803921568627527,513100,-0.009803921568627527,513100,0,0,0,0
2016-10-18,0.0,513100,0.0,513100,0.0,513100,0.0,513100,0.0,513100,0.0,513100,0.0,513100,0,0,0,0
2016-10-19,0.004659289458357696,513100,0.004659289458357696,513100,0.004659289458357696,513100,0.004659289458357696,513100,0.004659289458357696,513100,0.004659289458357696,513100,0.004659289458357696,513100,0,0,0,0
2016-10-20,0.004637681159420204,513100,0.004637681159420204,513100,0.004637681159420204,513100,0.004637681159420204,513100,0.004637681159420204,513100,0.004637681159420204,513100,0.004637681159420204,513100,0,0,0,0
2016-10-21,-0.0028851702250433098,513100,-0.0028851702250433098,513100,-0.0028851702250433098,513100,-0.0028851702250433098,513100,-0.0028851702250433098,513100,-0.0028851702250433098,513100,-0.0028851702250433098,513100,0,0,0,0
2016-10-24,0.006365740740740922,513100,0.006365740740740922,513100,0.006365740740740922,513100,0.006365740740740922,513100,0.006365740740740922,513100,0.006164467592592704,510500,0.006164467592592704,510300,0,0,0,0
2016-10-25,0.01322599194939622,513100,0.01322599194939622,513100,0.01322599194939622,513100,0.01322599194939622,513100,0.01322599194939622,513100,0.0036565745209888867,510500,-0.002622377622377603,510300,0,0,0,0
2016-10-26,-0.006242905788876318,513100,-0.006242905788876318,513100,-0.006242905788876318,513100,-0.006242905788876318,513100,-0.006242905788876318,513100,-0.00422617312736806,510500,-0.0029214139643588544,510300,0,0,0,0
2016-10-27,-0.007424328954882875,513100,-0.007424328954882875,513100,-0.007424328954882875,513100,-0.007424328954882875,513100,-0.007424328954882875,513100,-0.0019025318308210082,510500,-0.0014649868151185297,510300,0,0,0,0
2016-10-28,-0.0007752589182967728,510300,-0.0007752589182968839,510300,-0.0007752589182968839,510300,-0.0007752589182968839,510300,-0.0007752589182968839,510300,-0.007624633431085104,510500,-0.00146713615023486,510300,0,0,0,0
2016-10-31,-0.0020570085218925005,510300,-0.0020570085218925005,510300,-0.0020570085218925005,510300,-0.0020570085218923895,510300,-0.0020570085218925005,510300,-0.0035460992907800915,510500,-0.0020570085218925005,510300,0,0,0,0
2016-11-01,0.006183745583038913,510300,0.006183745583038913,510300,0.006183745583038913,510300,0.006183745583038913,510300,0.006183745583038913,510300,0.01052787663107968,510500,0.006183745583038913,510300,0,0,0,0
2016-11-02,-0.0067310506292067585,510300,-0.0067310506292067585,510300,-0.0067310506292067585,510300,-0.0067310506292067585,510300,-0.0067310506292068695,510300,-0.009977989728540027,510500,-0.0067310506292067585,510300,0,0,0,0
2016-11-03,0.0076605774896876255,510300,0.0076605774896876255,510300,0.0076605774896876255,510300,0.0076605774896876255,510300,0.0076605774896876255,510300,0.004891062694530879,510500,0.0076605774896876255,510300,0,0,0,0
2016-11-04,-0.003216374269006006,510300,-0.003216374269006006,510300,-0.003216374269006006,510300,-0.003216374269006006,510300,-0.003216374269006006,510300,-0.003097345132743401,510500,-0.003216374269006006,510300,0,0,0,0
2016-11-07,0.0008800234672925455,510300,0.0008800234672925455,510300,0.0008800234672925455,510300,0.0008800234672925455,510300,0.0008800234672925455,510300,0.0005396064506582032,510300,0.0008800234672925455,510300,0,0,0,0
2016-11-08,0.005275498241500642,510300,0.005275498241500642,510300,0.005275498241500642,510300,0.005275498241500642,510300,0.005275498241500642,510300,0.005275498241500642,510300,0.005275498241500642,510300,0,0,0,0
2016-11-09,-0.0037900874635570236,510300,-0.0037900874635569126,510300,-0.0037900874635569126,510300,-0.0037900874635569126,510300,-0.0037900874635569126,510300,-0.0037900874635569126,510300,-0.0037900874635569126,510300,0,0,0,0
2016-11-10,0.010242903131401748,510300,0.010242903131401748,510300,0.010242903131401748,510300,0.010242903131401748,510300,0.010242903131401748,510300,0.010242903131401748,510300,0.010242903131401748,510300,0,0,0,0
2016-11-11,0.008690614136732444,510300,0.008690614136732444,510300,0.008690614136732444,510300,0.008690614136732444,510300,0.008690614136732444,510300,0.008690614136732444,510300,0.008690614136732444,510300,0,0,0,0
2016-11-14,0.0014359563469270586,510300,0.0014359563469270586,510300,0.0014359563469270586,510300,0.0014359563469270586,510300,0.0014359563469270586,510300,0.0014359563469270586,510300,0.0014359563469270586,510300,0,0,0,0
2016-11-15,-0.0011471178663609027,510300,-0.0011471178663607917,510300,-0.0011471178663607917,510300,-0.0011471178663609027,510300,-0.0011471178663609027,510300,-0.0011471178663609027,510300,-0.0011471178663609027,510300,0,0,0,0
2016-11-16,0.00028710881424065526,510300,0.00028710881424065526,510300,0.00028710881424065526,510300,0.00028710881424065526,510300,0.00028710881424065526,510300,0.00028710881424065526,510300,0.00028710881424065526,510300,0,0,0,0
2016-11-17,0.0022962112514350874,510300,0.0022962112514350874,510300,0.0022962112514350874,510300,0.0022962112514350874,510300,0.0022962112514350874,510300,0.0022962112514350874,510300,0.0022962112514350874,510300,0,0,0,0
2016-11-18,-0.003436426116838587,510300,-0.0034364261168383647,510300,-0.0034364261168384758,510300,-0.0034364261168384758,510300,-0.0034364261168384758,510300,-0.0034364261168384758,510300,-0.0034364261168384758,510300,0,0,0,0
2016-11-21,0.0045977011494253706,510300,0.0045977011494253706,510300,0.0045977011494253706,510300,0.0045977011494253706,510300,0.0045977011494253706,510300,0.0045977011494253706,510300,0.0045977011494253706,510300,0,0,0,0
2016-11-22,0.010011441647597374,510300,0.010011441647597374,510300,0.010011441647597374,510300,0.010011441647597374,510300,0.010011441647597374,510300,0.010011441647597374,510300,0.010011441647597374,510300,0,0,0,0
2016-11-23,0.0016992353440949959,510300,0.0016992353440949959,510300,0.0016992353440949959,510300,0.0016992353440949959,510300,0.0016992353440949959,510300,0.0016992353440949959,510300,0.0016992353440949959,510300,0,0,0,0
2016-11-24,0.0028272547356518185,510300,0.0028272547356518185,510300,0.0028272547356518185,510300,0.0028272547356518185,510300,0.0028272547356518185,510300,0.0028272547356518185,510300,0.0028272547356518185,510300,0,0,0,0
2016-11-25,0.010995207217366687,510300,0.010995207217366687,510300,0.010995207217366687,510300,0.010995207217366687,510300,0.010995207217366687,510300,0.010995207217366687,510300,0.010995207217366687,510300,0,0,0,0
2016-11-28,0.004461795872838792,510300,0.004461795872838792,510300,0.004461795872838792,510300,0.004461795872838792,510300,0.004461795872838792,510300,0.004461795872838792,510300,0.004461795872838792,510300,0,0,0,0
2016-11-29,0.007773459189339249,510300,0.007773459189339249,510300,0.007773459189339249,510300,0.007773459189339249,510300,0.007773459189339249,510300,0.007773459189339249,510300,0.007773459189339249,510300,0,0,0,0
2016-11-30,-0.009090909090908816,510300,-0.009090909090908927,510300,-0.009090909090908927,510300,-0.009090909090908927,510300,-0.009090909090908927,510300,-0.009090909090908927,510300,-0.009090909090909038,510300,0,0,0,0
2016-12-01,0.00945232137892682,510300,0.00945232137892682,510300,0.00945232137892682,510300,0.00945232137892682,510300,0.00945232137892682,510300,0.00945232137892682,510300,0.00945232137892682,510300,0,0,0,0
2016-12-02,-0.011016248967226527,510300,-0.011016248967226416,510300,-0.011016248967226527,510300,-0.011016248967226527,510300,-0.011016248967226527,510300,-0.011016248967226527,510300,-0.011016248967226638,510300,0,0,0,0
2016-12-05,-0.020050125313283207,510300,-0.020050125313283096,510300,-0.020050125313283207,510300,-0.020246115288220512,513100,-0.020050125313283207,510300,-0.020246115288220512,513100,-0.020246115288220512,513100,0,0,0,0
2016-12-06,-0.0017050298380222317,510300,-0.0017050298380222317,510300,-0.0017050298380222317,510300,0.00912721049629206,513100,-0.0017050298380221207,510300,0.00912721049629206,513100,0.00912721049629206,513100,0,0,0,0
2016-12-07,0.00455451181326505,510300,0.00455451181326505,510300,0.00455451181326505,510300,-0.0011305822498586249,513100,0.00455451181326505,510300,-0.0011305822498586249,513100,-0.0011305822498585139,513100,0,0,0,0
2016-12-08,0.0022669311419665217,510300,0.0022669311419665217,510300,0.0022669311419665217,510300,0.019241652518392716,513100,0.0022669311419665217,510300,0.019241652518392716,513100,0.019241652518392716,513100,0,0,0,0
2016-12-09,0.005453378569409306,513100,0.005654509471303415,510300,0.005654509471303415,510300,-0.00943920044419766,513100,0.005654509471303415,510300,-0.00943920044419766,513100,-0.00943920044419766,513100,0,0,0,0
2016-12-12,0.005605381165919354,513100,-0.02662147877424792,513100,-0.02662147877424792,513100,0.005605381165919354,513100,-0.02662147877424792,513100,0.005605381165919354,513100,0.005605381165919354,513100,0,0,0,0
2016-12-13,0.0,513100,0.0,513100,0.0,513100,0.0,513100,0.0,513100,0.0,513100,0.0,513100,0,0,0,0
2016-12-14,0.0078037904124861335,513100,0.0078037904124861335,513100,0.0078037904124861335,513100,0.0078037904124861335,513100,0.0078037904124861335,513100,0.0078037904124861335,513100,0.0078037904124861335,513100,0,0,0,0
2016-12-15,0.0011061946902655162,513100,0.0011061946902655162,513100,0.0011061946902655162,513100,0.0011061946902655162,513100,0.0011061946902655162,513100,0.0011061946902655162,513100,0.0011061946902655162,513100,0,0,0,0
2016-12-16,0.0044198895027625085,513100,0.0044198895027625085,513100,0.0044198895027625085,513100,0.0044198895027625085,513100,0.0044198895027625085,513100,0.0044198895027625085,513100,0.0044198895027625085,513100,0,0,0,0
2016-12-19,-0.002750275027502802,513100,-0.002750275027502691,513100,-0.002750275027502802,513100,-0.002750275027502802,513100,-0.002750275027502691,513100,-0.002750275027502802,513100,-0.002750275027502691,513100,0,0,0,0
2016-12-20,0.001654715940430318,513100,0.001654715940430318,513100,0.001654715940430318,513100,0.001654715940430318,513100,0.001654715940430318,513100,0.001654715940430318,513100,0.001654715940430318,513100,0,0,0,0
2016-12-21,0.016519823788546217,513100,0.016519823788546217,513100,0.016519823788546217,513100,0.016519823788546217,513100,0.016519823788546217,513100,0.016519823788546217,513100,0.016519823788546217,513100,0,0,0,0
2016-12-22,-0.004333694474539573,513100,-0.004333694474539573,513100,-0.004333694474539573,513100,-0.004333694474539573,513100,-0.004333694474539684,513100,-0.004333694474539573,513100,-0.004333694474539573,513100,0,0,0,0
2016-12-23,-0.0010881392818279378,513100,-0.0010881392818280489,513100,-0.0010881392818279378,513100,-0.0010881392818279378,513100,-0.0010881392818279378,513100,-0.0010881392818279378,513100,-0.0010881392818279378,513100,0,0,0,0
2016-12-26,0.015795206971677578,513100,0.015795206971677578,513100,0.015795206971677578,513100,0.015795206971677578,513100,0.015795206971677578,513100,0.015795206971677578,513100,0.015795206971677578,513100,0,0,0,0
2016-12-27,-0.016621983914209104,513100,-0.016621983914209215,513100,-0.016621983914209215,513100,-0.016621983914209215,513100,-0.016621983914209104,513100,-0.016621983914209215,513100,-0.016621983914209104,513100,0,0,0,0
2016-12-28,0.004907306434023928,513100,0.004907306434023928,513100,0.004907306434023928,513100,0.004907306434023928,513100,0.004907306434023928,513100,0.004907306434023928,513100,0.004907306434023928,513100,0,0,0,0
2016-12-29,-0.009766684753119925,513100,-0.009766684753119925,513100,-0.009766684753119925,513100,-0.009766684753119925,513100,-0.009766684753119925,513100,-0.009766684753119925,513100,-0.009766684753119925,513100,0,0,0,0
2016-12-30,-0.004383561643835576,513100,-0.004383561643835687,513100,-0.004383561643835576,513100,-0.004383561643835576,513100,-0.004383561643835576,513100,-0.004383561643835576,513100,-0.004383561643835687,513100,0,0,0,0
2017-01-03,-0.008805723720418213,513100,-0.008805723720418324,513100,-0.008805723720418324,513100,-0.008805723720418324,513100,-0.008805723720418324,513100,-0.008805723720418324,513100,-0.008805723720418435,513100,0,0,0,0
2017-01-04,0.0061077179344808386,513100,0.0061077179344808386,513100,0.0061077179344808386,513100,0.0061077179344808386,513100,0.0061077179344808386,513100,0.0061077179344808386,513100,0.0061077179344808386,513100,0,0,0,0
2017-01-05,-0.0005518763796911186,513100,-0.0005518763796910076,513100,-0.0005518763796910076,513100,-0.0005518763796910076,513100,-0.0005518763796910076,513100,-0.0005518763796910076,513100,-0.0005518763796910076,513100,0,0,0,0
2017-01-06,0.000552181115405892,513100,0.000552181115405892,513100,0.000552181115405892,513100,0.000552181115405892,513100,0.000552181115405892,513100,0.000552181115405892,513100,0.000552181115405892,513100,0,0,0,0
2017-01-09,0.006070640176600417,513100,0.006070640176600417,513100,0.006070640176600417,513100,0.006070640176600417,513100,0.006070640176600417,513100,0.006070640176600417,513100,0.006070640176600417,513100,0,0,0,0
2017-01-10,0.004936917169500843,513100,0.004936917169500843,513100,0.004936917169500843,513100,0.004936917169500843,513100,0.004936917169500843,513100,0.004936917169500843,513100,0.004936917169500843,513100,0,0,0,0
2017-01-11,0.005458515283842891,513100,0.005458515283842891,513100,0.005458515283842891,513100,0.005458515283842891,513100,0.005458515283842891,513100,0.005458515283842891,513100,0.005458515283842891,513100,0,0,0,0
2017-01-12,-0.0010857763300760048,513100,-0.0010857763300760048,513100,-0.0010857763300760048,513100,-0.0010857763300760048,513100,-0.0010857763300760048,513100,-0.0010857763300760048,513100,-0.0010857763300761158,513100,0,0,0,0
2017-01-13,-0.001630434782608714,513100,-0.001630434782608714,513100,-0.001630434782608714,513100,-0.001630434782608714,513100,-0.001630434782608714,513100,-0.001630434782608714,513100,-0.001630434782608825,513100,0,0,0,0
2017-01-16,0.004354926510615087,513100,0.004354926510615087,513100,0.004154055525312783,159915,0.004154055525313005,159915,0.004154055525313005,159915,0.004154055525313005,159915,0.004154055525312783,159915,1,1,1,1
2017-01-17,-0.004878048780487698,513100,-0.004878048780487698,513100,0.01765375854214124,159915,0.01765375854214124,159915,0.01765375854214124,159915,0.01765375854214124,159915,0.01765375854214124,159915,0,0,0,0
2017-01-18,-0.002178649237472907,513100,-0.002178649237472907,513100,-0.011191941801902638,159915,-0.011191941801902638,159915,-0.011191941801902638,159915,-0.011191941801902638,159915,-0.011191941801902638,159915,0,0,0,0
2017-01-19,0.00034574235807860454,518880,0.0003457423580788266,518880,0.0005659309564234327,159915,0.0005659309564234327,159915,0.0005659309564234327,159915,0.0005659309564234327,159915,0.0005659309564234327,159915,0,0,0,0
2017-01-20,0.002253944402704766,518880,0.002253944402704766,518880,0.018665158371040658,159915,0.018665158371040658,159915,0.018665158371040658,159915,0.018665158371040658,159915,0.018665158371040658,159915,0,0,0,0
2017-01-23,0.004872563718140821,518880,0.004872563718140821,518880,0.003130816213214871,510300,0.003130816213215093,510300,0.003130816213214871,510300,0.003130816213215093,510300,0.003130816213214871,510300,0,0,0,0
2017-01-24,-0.0014919806042519301,518880,-0.0014919806042519301,518880,0.0005950609937517282,510300,0.0005950609937517282,510300,0.0005950609937517282,510300,0.0005950609937517282,510300,0.0005950609937517282,510300,0,0,0,0
2017-01-25,-0.009712364587224576,518880,-0.009712364587224354,518880,0.0029735355337496827,510300,0.0029735355337496827,510300,0.0029735355337496827,510300,0.0029735355337496827,510300,0.0029735355337496827,510300,0,0,0,0
2017-01-26,-0.00377216144850967,518880,-0.00377216144850967,518880,0.004150607767565928,510300,0.004150607767565928,510300,0.004150607767565928,510300,0.004150607767565928,510300,0.004150607767565928,510300,0,0,0,0
2017-02-03,0.012495266944339223,518880,0.012495266944339223,518880,-0.005904930617065096,510300,-0.005904930617065096,510300,-0.005904930617065096,510300,-0.005904930617065096,510300,-0.005904930617065207,510300,0,0,0,0
2017-02-06,0.010097232610321694,518880,0.010097232610321694,518880,-0.00029700029700030495,510300,-0.00029700029700030495,510300,-0.00029700029700030495,510300,-0.0004969408969408562,513100,-0.0004969408969409672,513100,0,0,0,0
2017-02-07,0.007774898185856971,518880,0.007774898185856971,518880,-0.001982174688057059,513100,-0.00198217468805717,513100,-0.00198217468805717,513100,0.0,513100,0.0,513100,0,0,0,0
2017-02-08,0.0,518880,0.0,518880,0.008004268943436532,513100,0.008004268943436532,513100,0.008004268943436532,513100,0.008004268943436532,513100,0.008004268943436532,513100,0,0,0,0
2017-02-09,0.006612784717119791,518880,0.006612784717119791,518880,0.0026469031233455897,513100,0.0026469031233455897,513100,0.0026469031233455897,513100,0.0026469031233455897,513100,0.0026469031233455897,513100,0,0,0,0
2017-02-10,-0.010416934306569314,513100,-0.010218978102189635,518880,0.010031678986272441,513100,0.010031678986272441,513100,0.010031678986272441,513100,0.010031678986272441,513100,0.010031678986272441,513100,0,0,0,0
2017-02-13,0.001568217459487764,513100,0.002581120943952575,518880,0.001568217459487764,513100,0.001568217459487764,513100,0.001568217459487764,513100,0.001568217459487764,513100,0.001568217459487764,513100,0,0,0,0
2017-02-14,-0.0005219206680584509,513100,0.00036778227289446797,518880,-0.0005219206680584509,513100,-0.0005219206680584509,513100,-0.0005219206680584509,513100,-0.0005219206680584509,513100,-0.0005219206680583399,513100,0,0,0,0
2017-02-15,0.0073107049608354124,513100,-0.004978455882352906,513100,0.0073107049608354124,513100,0.0073107049608354124,513100,0.0073107049608354124,513100,0.0073107049608354124,513100,0.0073107049608354124,513100,0,0,0,0
2017-02-16,0.00466562986003094,513100,0.00466562986003094,513100,0.00466562986003094,513100,0.00466562986003094,513100,0.00466562986003094,513100,0.00466562986003094,513100,0.00466562986003094,513100,0,0,0,0
2017-02-17,-0.00361197110423106,513100,-0.003611971104230949,513100,-0.00361197110423106,513100,-0.003611971104231171,513100,-0.00361197110423106,513100,-0.00361197110423106,513100,-0.00361197110423106,513100,0,0,0,0
2017-02-20,0.0031071983428274663,513100,0.0031071983428274663,513100,0.0031071983428274663,513100,0.0031071983428274663,513100,0.0031071983428274663,513100,0.0031071983428274663,513100,0.0031071983428274663,513100,0,0,0,0
2017-02-21,0.0010325245224573898,513100,0.0010325245224573898,513100,0.0010325245224573898,513100,0.0010325245224573898,513100,0.0010325245224573898,513100,0.0010325245224573898,513100,0.0010325245224573898,513100,0,0,0,0
2017-02-22,0.013408973697782267,513100,0.013408973697782267,513100,0.013408973697782267,513100,0.013408973697782267,513100,0.013408973697782267,513100,0.013408973697782267,513100,0.013408973697782267,513100,0,0,0,0
2017-02-23,-0.0010178117048347257,513100,-0.0010178117048346147,513100,-0.0010178117048346147,513100,-0.0010178117048345037,513100,-0.0010178117048346147,513100,-0.0010178117048346147,513100,-0.0010178117048346147,513100,0,0,0,0
2017-02-24,-0.0030565461029037344,513100,-0.0030565461029036234,513100,-0.0030565461029037344,513100,-0.0030565461029037344,513100,-0.0030565461029037344,513100,-0.0030565461029038454,513100,-0.0030565461029037344,513100,0,0,0,0
2017-02-27,-0.005109862033724877,513100,-0.005109862033724988,513100,-0.005109862033724988,513100,-0.005109862033724988,513100,-0.005109862033724988,513100,-0.005109862033725099,513100,-0.005109862033724877,513100,0,0,0,0
2017-02-28,0.004108885464817691,513100,0.004108885464817691,513100,0.004108885464817691,513100,0.004108885464817691,513100,0.004108885464817691,513100,0.004108885464817691,513100,0.004108885464817691,513100,0,0,0,0
2017-03-01,-0.004092071611253356,513100,-0.004092071611253245,513100,-0.004092071611253245,513100,-0.004092071611253356,513100,-0.004092071611253245,513100,-0.004092071611253356,513100,-0.004092071611253245,513100,0,0,0,0
2017-03-02,0.02157164869029282,513100,0.02157164869029282,513100,0.02157164869029282,513100,0.02157164869029282,513100,0.02157164869029282,513100,0.02157164869029282,513100,0.02157164869029282,513100,0,0,0,0
2017-03-03,-0.005530417295123269,513100,-0.00553041729512338,513100,-0.005530417295123269,513100,-0.005530417295123269,513100,-0.005530417295123269,513100,-0.00553041729512338,513100,-0.005530417295123269,513100,0,0,0,0
2017-03-06,0.021233569261880803,513100,0.021233569261880803,513100,0.021233569261880803,513100,0.021233569261880803,513100,0.021233569261880803,513100,0.021233569261880803,513100,0.021233569261880803,513100,0,0,0,0
2017-03-07,-0.013366336633663267,513100,-0.013366336633663378,513100,-0.013366336633663378,513100,-0.013366336633663267,513100,-0.013366336633663378,513100,-0.013366336633663378,513100,-0.013366336633663267,513100,0,0,0,0
2017-03-08,-0.007526342197691993,513100,-0.007526342197691993,513100,-0.007526342197691993,513100,-0.007526342197691993,513100,-0.007526342197691993,513100,-0.007526342197691993,513100,-0.007526342197691993,513100,0,0,0,0
2017-03-09,0.0005055611729019027,513100,0.0005055611729019027,513100,0.0005055611729019027,513100,0.0005055611729019027,513100,0.0005055611729019027,513100,0.0005055611729019027,513100,0.0005055611729019027,513100,0,0,0,0
2017-03-10,0.008084891359272373,513100,0.008084891359272373,513100,0.008084891359272373,513100,0.008084891359272373,513100,0.008084891359272373,513100,0.008084891359272373,513100,0.008084891359272373,513100,0,0,0,0
2017-03-13,0.007518796992481036,513100,0.007518796992481036,513100,0.007518796992481036,513100,0.007518796992481036,513100,0.007518796992481036,513100,0.007518796992481036,513100,0.007518796992481036,513100,0,0,0,0
2017-03-14,0.007462686567164312,513100,0.007462686567164312,513100,0.007462686567164312,513100,0.007462686567164312,513100,0.007462686567164312,513100,0.007462686567164312,513100,0.007462686567164312,513100,0,0,0,0
2017-03-15,-0.002962962962962612,513100,-0.002962962962962723,513100,-0.002962962962962834,513100,-0.002962962962962723,513100,-0.002962962962962723,513100,-0.002962962962962612,513100,-0.002962962962962834,513100,0,0,0,0
2017-03-16,0.010401188707280795,513100,0.010401188707280795,513100,0.010401188707280795,513100,0.010401188707280795,513100,0.010401188707280795,513100,0.010401188707280795,513100,0.010401188707280795,513100,0,0,0,0
2017-03-17,-0.002941176470588336,513100,-0.002941176470588114,513100,-0.002941176470588336,513100,-0.002941176470588225,513100,-0.002941176470588225,513100,-0.002941176470588114,513100,-0.002941176470588225,513100,0,0,0,0
2017-03-20,-0.002949852507374673,513100,-0.002949852507374784,513100,-0.002949852507374673,513100,-0.002949852507374673,513100,-0.002949852507374562,513100,-0.002949852507374784,513100,-0.002949852507374673,513100,0,0,0,0
2017-03-21,0.00591715976331364,513100,0.00591715976331364,513100,0.00591715976331364,513100,0.00591715976331364,513100,0.00591715976331364,513100,0.00591715976331364,513100,0.00591715976331364,513100,0,0,0,0
2017-03-22,-0.030882352941176472,513100,-0.030882352941176583,513100,-0.030882352941176472,513100,-0.031076176470588246,159915,-0.03088235294117636,513100,-0.031076176470588246,159915,-0.031076176470588246,510500,0,0,0,0
2017-03-23,0.0025290844714211946,513100,0.0025290844714211946,513100,0.0025290844714211946,513100,0.0005364806866952065,159915,0.0025290844714211946,513100,0.0005364806866952065,159915,0.00205942924389535,510500,0,0,0,0
2017-03-24,-0.013819878910191541,510500,-0.013819878910191652,510500,-0.013819878910191541,510500,0.009115281501340444,159915,-0.013819878910191652,510500,0.009115281501340444,159915,0.006312389900176241,510500,0,0,0,0
2017-03-27,-0.005981035740335594,510500,-0.005981035740335483,510500,-0.005981035740335594,510500,-0.009564293304994642,159915,-0.005981035740335594,510500,-0.009564293304994531,159915,-0.005981035740335483,510500,0,0,0,0
2017-03-28,-0.0022013501614323028,510500,-0.0022013501614323028,510500,-0.0022013501614323028,510500,-0.0005364806866953176,159915,-0.0022013501614323028,510500,-0.0005364806866953176,159915,-0.0022013501614323028,510500,0,0,0,0
2017-03-29,-0.0033828504191795172,510500,-0.003382850419179406,510500,-0.003382850419179406,510500,-0.009859903381642443,510300,-0.003382850419179406,510500,-0.009859903381642665,510300,-0.003382850419179295,510500,0,0,0,0
2017-03-30,-0.015250118063754314,513100,-0.015250118063754314,513100,-0.015250118063754425,513100,-0.009730155979203015,513100,-0.015250118063754314,513100,-0.009730155979202904,513100,-0.015250118063754425,513100,0,0,0,0
2017-03-31,0.0075301204819278045,513100,0.0075301204819278045,513100,0.0075301204819278045,513100,0.0075301204819278045,513100,0.0075301204819278045,513100,0.0075301204819278045,513100,0.0075301204819278045,513100,0,0,0,0
2017-04-05,-0.008668659691081215,510300,-0.008668659691081215,510300,-0.008668659691081215,510300,-0.008668659691081326,510300,-0.008668659691081326,510300,-0.008668659691081104,510300,-0.008668659691081326,510300,0,0,0,0
2017-04-06,-0.0011392765593848386,510300,-0.0011392765593848386,510300,-0.0011392765593848386,510300,-0.0011392765593849496,510300,-0.0011392765593848386,510300,-0.0011392765593849496,510300,-0.0011392765593849496,510300,0,0,0,0
2017-04-07,0.001996007984031767,510300,0.001996007984031767,510300,0.001996007984031767,510300,0.001996007984031767,510300,0.001996007984031767,510300,0.001996007984031767,510300,0.001996007984031767,510300,0,0,0,0
2017-04-10,-0.0025611838360841688,510300,-0.0025611838360840578,510300,-0.0025611838360841688,510300,-0.00256118383608428,510300,-0.0025611838360841688,510300,-0.00256118383608428,510300,-0.0025611838360841688,510300,0,0,0,0
2017-04-11,0.002567760342367942,510300,0.002567760342367942,510300,0.002567760342367942,510300,0.002567760342367942,510300,0.002567760342367942,510300,0.002567760342367942,510300,0.002567760342367942,510300,0,0,0,0
2017-04-12,-0.0036994877632328116,510300,-0.0036994877632327006,510300,-0.0036994877632327006,510300,-0.0036994877632327006,510300,-0.0036994877632327006,510300,-0.0036994877632327006,510300,-0.0036994877632327006,510300,0,0,0,0
2017-04-13,0.0037132247929163587,510300,0.0037132247929163587,510300,0.0037132247929163587,510300,0.0037132247929163587,510300,0.0037132247929163587,510300,0.0037132247929163587,510300,0.0037132247929163587,510300,0,0,0,0
2017-04-14,-0.00825270347182705,510300,-0.008252703471826828,510300,-0.008252703471826939,510300,-0.00825270347182705,510300,-0.008252703471826939,510300,-0.008252703471826939,510300,-0.008252703471826939,510300,0,0,0,0
2017-04-17,-0.0036426398852220654,518880,-0.0036426398852222874,518880,-0.0036426398852221764,518880,-0.0036426398852220654,518880,-0.0036426398852221764,518880,-0.0036426398852221764,518880,-0.0036426398852222874,518880,0,0,0,0
2017-04-18,-0.003155680224403934,518880,-0.003155680224403934,518880,-0.003155680224403934,518880,-0.003155680224403934,518880,-0.003155680224403934,518880,-0.003155680224403934,518880,-0.003155680224403934,518880,0,0,0,0
2017-04-19,-0.000703482237073394,518880,-0.000703482237073505,518880,-0.000703482237073505,518880,-0.000703482237073505,518880,-0.000703482237073505,518880,-0.000703482237073394,518880,-0.000703482237073505,518880,0,0,0,0
2017-04-20,-0.0017599436818023229,518880,-0.0017599436818023229,518880,-0.0017599436818023229,518880,-0.0017599436818023229,518880,-0.0017599436818023229,518880,-0.0017599436818024339,518880,-0.0017599436818022118,518880,0,0,0,0
2017-04-21,-0.0031734837799715088,518880,-0.00317348377997162,518880,-0.00317348377997162,518880,-0.0031734837799715088,518880,-0.00317348377997162,518880,-0.00317348377997162,518880,-0.00317348377997162,518880,0,0,0,0
2017-04-24,-0.0077821011673153695,518880,-0.0077821011673152585,518880,-0.0077821011673152585,518880,-0.0077821011673152585,518880,-0.0077821011673152585,518880,-0.0077821011673152585,518880,-0.0077821011673152585,518880,0,0,0,0
2017-04-25,0.0007130124777183777,518880,0.0007130124777183777,518880,0.0007130124777183777,518880,0.0007130124777183777,518880,0.0007130124777183777,518880,0.00051286987522281,513100,0.00051286987522281,513100,0,0,0,0
2017-04-26,-0.00483035268970422,513100,-0.00483035268970422,513100,-0.004830352689704331,513100,-0.004830352689704109,513100,-0.00483035268970422,513100,0.010000000000000009,513100,0.010000000000000009,513100,0,0,0,0
2017-04-27,-0.006930693069307048,513100,-0.006930693069307048,513100,-0.006930693069307048,513100,-0.006930693069306937,513100,-0.006930693069307048,513100,-0.006930693069307048,513100,-0.006930693069307048,513100,0,0,0,0
2017-04-28,0.006480558325025143,513100,0.006480558325025143,513100,0.006480558325025143,513100,0.006480558325025143,513100,0.006480558325025143,513100,0.006480558325025143,513100,0.006480558325025143,513100,0,0,0,0
2017-05-02,0.011391778107973982,513100,0.011391778107973982,513100,0.011391778107973982,513100,0.011391778107973982,513100,0.011391778107973982,513100,0.011391778107973982,513100,0.011391778107973982,513100,0,0,0,0
2017-05-03,-0.0014691478942212566,513100,-0.0014691478942212566,513100,-0.0014691478942212566,513100,-0.0014691478942212566,513100,-0.0014691478942211456,513100,-0.0014691478942213676,513100,-0.0014691478942211456,513100,0,0,0,0
2017-05-04,-0.002942618930848684,513100,-0.002942618930848684,513100,-0.002942618930848795,513100,-0.002942618930848573,513100,-0.002942618930848684,513100,-0.002942618930848573,513100,-0.002942618930848684,513100,0,0,0,0
2017-05-05,-0.002951303492375823,513100,-0.002951303492375823,513100,-0.002951303492375823,513100,-0.002951303492375712,513100,-0.002951303492375823,513100,-0.002951303492375712,513100,-0.002951303492375934,513100,0,0,0,0
2017-05-08,0.017760236803157303,513100,0.017760236803157303,513100,0.017760236803157303,513100,0.017760236803157303,513100,0.017760236803157303,513100,0.017760236803157303,513100,0.017760236803157303,513100,0,0,0,0
2017-05-09,0.004362578768783321,513100,0.004362578768783321,513100,0.004362578768783321,513100,0.004362578768783321,513100,0.004362578768783321,513100,0.004362578768783321,513100,0.004362578768783321,513100,0,0,0,0
2017-05-10,-0.0004826254826254539,513100,-0.0004826254826254539,513100,-0.0004826254826254539,513100,-0.0004826254826253429,513100,-0.00048262548262556493,513100,-0.0004826254826254539,513100,-0.0004826254826253429,513100,0,0,0,0
2017-05-11,-0.00048285852245311123,513100,-0.00048285852245311123,513100,-0.0006827619507485672,159915,-0.0006827619507484561,159915,-0.0006827619507485672,159915,-0.0006827619507485672,159915,-0.0006827619507487892,159915,1,1,1,1
2017-05-12,-0.009178743961352653,513100,-0.009178743961352542,513100,0.001179245283018826,159915,0.001179245283018826,159915,0.001179245283018826,159915,0.001179245283018826,159915,0.001179245283018826,159915,0,0,0,0
2017-05-15,0.004388103364212581,513100,0.004388103364212581,513100,0.0035335689045936647,159915,0.0035335689045936647,159915,0.0035335689045936647,159915,0.0035335689045936647,159915,0.0035335689045936647,159915,0,0,0,0
2017-05-16,0.006310679611650327,513100,0.006310679611650327,513100,0.021713615023474242,159915,0.021713615023474242,159915,0.021713615023474242,159915,0.021713615023474242,159915,0.021713615023474242,159915,0,0,0,0
2017-05-17,-0.004341534008682979,513100,-0.004341534008682979,513100,0.0011487650775416913,159915,0.0011487650775416913,159915,0.0011487650775416913,159915,0.0011487650775416913,159915,0.0011487650775416913,159915,0,0,0,0
2017-05-18,-0.02131782945736449,513100,-0.02131782945736438,513100,-0.0030680436029832947,513100,-0.0030680436029834057,513100,-0.0030680436029832947,513100,-0.0030680436029834057,513100,-0.0030680436029834057,513100,0,0,0,0
2017-05-19,0.006435643564356441,513100,0.006435643564356441,513100,0.006435643564356441,513100,0.006435643564356441,513100,0.006435643564356441,513100,0.006435643564356441,513100,0.006435643564356441,513100,0,0,0,0
2017-05-22,0.008362026561731462,513100,0.008362026561731462,513100,0.008362026561731462,513100,0.008362026561731462,513100,0.008362026561731462,513100,0.008362026561731462,513100,0.008362026561731462,513100,0,0,0,0
2017-05-23,0.009756097560975618,513100,0.009756097560975618,513100,0.009756097560975618,513100,0.009756097560975618,513100,0.009756097560975618,513100,0.009756097560975618,513100,0.009756097560975618,513100,0,0,0,0
2017-05-24,-0.00048309178743954906,513100,-0.00048309178743954906,513100,-0.00048309178743954906,513100,-0.00048309178743954906,513100,-0.00048309178743954906,513100,-0.00048309178743943804,513100,-0.0004830917874396601,513100,0,0,0,0
2017-05-25,0.006283228612856462,513100,0.006283228612856462,513100,0.006283228612856462,513100,0.006283228612856462,513100,0.006283228612856462,513100,0.006283228612856462,513100,0.006283228612856462,513100,0,0,0,0
2017-05-26,0.012487992315081797,513100,0.012487992315081797,513100,0.012487992315081797,513100,0.012487992315081797,513100,0.012487992315081797,513100,0.012487992315081797,513100,0.012487992315081797,513100,0,0,0,0
2017-05-31,-0.0004743833017077925,513100,-0.0004743833017077925,513100,-0.0004743833017076815,513100,-0.0004743833017077925,513100,-0.0004743833017077925,513100,-0.00047438330170790355,513100,-0.0004743833017077925,513100,0,0,0,0
2017-06-01,-0.009492168960607672,513100,-0.009492168960607561,513100,-0.009492168960607672,513100,-0.009492168960607672,513100,-0.009492168960607672,513100,-0.009492168960607561,513100,-0.009492168960607672,513100,0,0,0,0
2017-06-02,0.014374700527072237,513100,0.014374700527072237,513100,0.014374700527072237,513100,0.014374700527072237,513100,0.014374700527072237,513100,0.014374700527072237,513100,0.014374700527072237,513100,0,0,0,0
2017-06-05,0.008502598016060459,513100,0.008502598016060459,513100,0.008502598016060459,513100,0.008502598016060459,513100,0.008502598016060459,513100,0.008502598016060459,513100,0.008502598016060459,513100,0,0,0,0
2017-06-06,-0.005620608899297275,513100,-0.005620608899297053,513100,-0.005620608899297164,513100,-0.005620608899297164,513100,-0.005620608899297164,513100,-0.005620608899297164,513100,-0.005620608899297164,513100,0,0,0,0
2017-06-07,-0.005380310880829131,510300,-0.005380310880829131,510300,-0.005380310880829131,510300,-0.00538031088082902,510300,-0.005380310880828909,510300,-0.005380310880828909,510300,-0.005181347150259197,513100,0,0,0,0
2017-06-08,0.007062146892655274,510300,0.007062146892655274,510300,0.007062146892655274,510300,0.007062146892655274,510300,0.007062146892655274,510300,0.007062146892655274,510300,0.003113731060606195,510300,0,0,0,0
2017-06-09,0.006171107994390024,510300,0.006171107994390024,510300,0.006171107994390024,510300,0.006171107994390024,510300,0.006171107994390024,510300,0.006171107994390024,510300,0.006171107994390024,510300,0,0,0,0
2017-06-12,-0.0019514914970726327,510300,-0.0019514914970727437,510300,-0.0019514914970727437,510300,-0.0019514914970727437,510300,-0.0019514914970727437,510300,-0.0019514914970727437,510300,-0.0019514914970726327,510300,0,0,0,0
2017-06-13,0.001955307262569761,510300,0.001955307262569761,510300,0.001955307262569761,510300,0.001955307262569761,510300,0.001955307262569761,510300,0.001955307262569761,510300,0.001955307262569761,510300,0,0,0,0
2017-06-14,-0.01003624198494557,510300,-0.010036241984945793,510300,-0.010036241984945682,510300,-0.010036241984945682,510300,-0.01003624198494557,510300,-0.010036241984945682,510300,-0.01003624198494557,510300,0,0,0,0
2017-06-15,-0.003379329766262984,510300,-0.003379329766263095,510300,-0.003379329766262984,510300,-0.003379329766262873,510300,-0.003379329766263095,510300,-0.003379329766263095,510300,-0.003379329766263095,510300,0,0,0,0
2017-06-16,-0.0016953941791467697,510300,-0.0016953941791468807,510300,-0.0016953941791469918,510300,-0.0016953941791468807,510300,-0.0016953941791467697,510300,-0.0016953941791468807,510300,-0.0016953941791469918,510300,0,0,0,0
2017-06-19,0.011321822813473048,510300,0.011321822813473048,510300,0.011321822813473048,510300,0.011321822813473048,510300,0.011321822813473048,510300,0.011321822813473048,510300,0.011321822813473048,510300,0,0,0,0
2017-06-20,-0.0030786453960257587,510300,-0.0030786453960257587,510300,-0.0030786453960256477,510300,-0.0030786453960257587,510300,-0.0030786453960257587,510300,-0.0030786453960257587,510300,-0.0030786453960257587,510300,0,0,0,0
2017-06-21,0.012633352049410629,510300,0.012633352049410629,510300,0.012633352049410629,510300,0.012633352049410629,510300,0.012633352049410629,510300,0.012633352049410629,510300,0.012633352049410629,510300,0,0,0,0
2017-06-22,0.0011089548100915447,510300,0.0011089548100915447,510300,0.0011089548100915447,510300,0.0011089548100915447,510300,0.0011089548100915447,510300,0.0011089548100915447,510300,0.0011089548100915447,510300,0,0,0,0
2017-06-23,0.009692605926336029,510300,0.009692605926336029,510300,0.009692605926336029,510300,0.009692605926336029,510300,0.009692605926336029,510300,0.009692605926336029,510300,0.009692605926336029,510300,0,0,0,0
2017-06-26,0.012342292923751996,510300,0.012342292923751996,510300,0.012342292923751996,510300,0.012342292923751996,510300,0.012342292923751996,510300,0.012342292923751996,510300,0.012342292923751996,510300,0,0,0,0
2017-06-27,0.0005418585749119575,510300,0.0005418585749119575,510300,0.0005418585749119575,510300,0.0005418585749119575,510300,0.0005418585749119575,510300,0.0005418585749119575,510300,0.0005418585749119575,510300,0,0,0,0
2017-06-28,-0.006769564040075782,510300,-0.006769564040075893,510300,-0.006769564040075893,510300,-0.006769564040075893,510300,-0.006769564040075782,510300,-0.006769564040075893,510300,-0.006769564040075893,510300,0,0,0,0
2017-06-29,0.005997818974918134,510300,0.005997818974918134,510300,0.005997818974918134,510300,0.005997818974918134,510300,0.005997818974918134,510300,0.005997818974918134,510300,0.005997818974918134,510300,0,0,0,0
2017-06-30,-0.001626016260162788,510300,-0.001626016260162677,510300,-0.001626016260162677,510300,-0.001626016260162677,510300,-0.001626016260162788,510300,-0.001626016260162566,510300,-0.001626016260162677,510300,0,0,0,0
2017-07-03,-0.004343105320304019,510300,-0.00434310532030413,510300,-0.004343105320304019,510300,-0.004343105320303908,510300,-0.004343105320304019,510300,-0.004343105320303908,510300,-0.004343105320304019,510300,0,0,0,0
2017-07-04,-0.008178844056706658,510300,-0.008178844056706769,510300,-0.008178844056706769,510300,-0.00817884405670688,510300,-0.008178844056706658,510300,-0.008178844056706769,510300,-0.008377208287895233,510500,0,0,0,0
2017-07-05,0.012919186366135316,510300,0.012919186366135316,510300,0.012919186366135316,510300,0.012919186366135316,510300,0.012919186366135316,510300,0.012919186366135316,510300,0.006187161639597871,510500,0,0,0,0
2017-07-06,-0.0008141112618724744,510300,-0.0008141112618724744,510300,-0.0008141112618724744,510300,-0.0008141112618723634,510300,-0.0008141112618724744,510300,-0.0008141112618725854,510300,0.0,510500,0,0,0,0
2017-07-07,-0.0005431830526888559,510300,-0.0005431830526887449,510300,-0.0005431830526887449,510300,-0.0005431830526887449,510300,-0.0005431830526887449,510300,-0.0005431830526887449,510300,0.006302843966179861,510500,0,0,0,0
2017-07-10,0.0008867391304345773,510500,0.0008867391304347993,510500,0.0008867391304345773,510500,0.0008867391304347993,510500,0.0008867391304347993,510500,0.0008867391304345773,510500,-0.0033608310418575815,510500,0,0,0,0
2017-07-11,-0.011036174126302756,510500,-0.011036174126302756,510500,-0.011036174126302645,510500,-0.011036174126302756,510500,-0.011036174126302756,510500,-0.011036174126302645,510500,-0.011036174126302756,510500,0,0,0,0
2017-07-12,-0.0013949163050216429,510500,-0.0013949163050216429,510500,-0.001394916305021754,510500,-0.001394916305021754,510500,-0.001394916305021754,510500,-0.001394916305021865,510500,-0.001394916305021865,510500,0,0,0,0
2017-07-13,0.0008862331212167174,510300,0.0008862331212167174,510300,0.0008862331212167174,510300,0.0008862331212167174,510300,0.0008862331212167174,510300,0.0008862331212169394,510300,0.0008862331212167174,510300,0,0,0,0
2017-07-14,0.006702412868632601,510300,0.006702412868632601,510300,0.006702412868632601,510300,0.006702412868632601,510300,0.006702412868632601,510300,0.006702412868632601,510300,0.006702412868632601,510300,0,0,0,0
2017-07-17,-0.013581890812250252,510300,-0.013581890812250252,510300,-0.013779174434087715,159915,-0.013779174434087604,159915,-0.013779174434087826,159915,-0.013779174434087826,159915,-0.013779174434087826,159915,1,1,1,1
2017-07-18,0.0005399568034556435,510300,0.0005399568034556435,510300,0.005732484076433009,159915,0.005732484076433009,159915,0.005732484076433009,159915,0.005732484076433009,159915,0.005732484076433009,159915,0,0,0,0
2017-07-19,0.02077711818672423,510300,0.02077711818672423,510300,0.008866371120962668,159915,0.008866371120962668,159915,0.008866371120962668,159915,0.008866371120962668,159915,0.008866371120962668,159915,0,0,0,0
2017-07-20,0.004758128469468659,510300,0.004758128469468659,510300,-0.0018832391713746732,159915,-0.0018832391713746732,159915,-0.0018832391713747842,159915,-0.0018832391713746732,159915,-0.0018832391713745622,159915,0,0,0,0
2017-07-21,-0.0049986845566956095,510300,-0.0049986845566956095,510300,0.0006289308176099517,159915,0.0006289308176099517,159915,0.0006289308176099517,159915,0.0006289308176099517,159915,0.0006289308176099517,159915,0,0,0,0
2017-07-24,0.005023796932839719,510300,0.005023796932839719,510300,0.004827278441232208,510300,0.004827278441231986,513100,0.004827278441231986,510300,0.004827278441231986,513100,0.004827278441231986,510300,0,0,0,0
2017-07-25,-0.007629571165482907,510300,-0.007629571165482907,510300,-0.007629571165482907,510300,0.0019102196752627254,513100,-0.007629571165482796,510300,0.0019102196752627254,513100,-0.007629571165482907,510300,0,0,0,0
2017-07-26,-0.005567338282078449,510300,-0.005567338282078449,510300,-0.005567338282078449,510300,0.0,513100,-0.00556733828207856,510300,0.0,513100,-0.005567338282078338,510300,0,0,0,0
2017-07-27,0.0029325513196480912,510300,0.0029325513196480912,510300,0.0029325513196480912,510300,0.008579599618684597,513100,0.0029325513196480912,510300,0.008579599618684597,513100,0.00273196480938398,513100,0,0,0,0
2017-07-28,0.0037214247740562367,510300,0.0037214247740562367,510300,0.0037214247740562367,510300,-0.017485822306238075,513100,0.0037214247740562367,510300,-0.017485822306237964,513100,-0.017485822306237964,513100,0,0,0,0
2017-07-31,0.00370762711864403,510300,0.00370762711864403,510300,0.00370762711864403,510300,-0.0009620009620010528,513100,0.00370762711864403,510300,-0.0009620009620010528,513100,-0.0009620009620010528,513100,0,0,0,0
2017-08-01,0.0079155672823219,510300,0.0079155672823219,510300,0.0079155672823219,510300,0.001925854597977894,513100,0.0079155672823219,510300,0.001925854597977894,513100,0.001925854597977894,513100,0,0,0,0
2017-08-02,0.0,510300,0.0,510300,0.0,510300,0.008169149447381008,513100,0.0,510300,0.008169149447381008,513100,0.008169149447381008,513100,0,0,0,0
2017-08-03,-0.009947643979057563,510300,-0.009947643979057452,510300,-0.009947643979057674,510300,-0.007149666348903572,513100,-0.009947643979057563,510300,-0.007149666348903461,513100,-0.007149666348903683,513100,0,0,0,0
2017-08-04,-0.0060814383923850635,510300,-0.0060814383923850635,510300,-0.0060814383923851745,510300,-0.0038406144983196278,513100,-0.0060814383923851745,510300,-0.0038406144983196278,513100,-0.0038406144983195167,513100,0,0,0,0
2017-08-07,0.006118648576749264,510300,0.006118648576749264,510300,0.006118648576749264,510300,0.005783132530120527,513100,0.006118648576749264,510300,0.005783132530120527,513100,0.005783132530120527,513100,0,0,0,0
2017-08-08,0.00026441036488633607,510300,0.00026441036488633607,510300,0.00026441036488633607,510300,0.002395783421178743,513100,0.00026441036488633607,510300,0.002395783421178743,513100,0.002395783421178743,513100,0,0,0,0
2017-08-09,-0.0007930214115781098,510300,-0.0007930214115779988,510300,-0.0007930214115781098,510300,-0.008126195028680838,513100,-0.0007930214115781098,510300,-0.008324569789674996,510500,-0.008324569789674996,510500,0,0,0,0
2017-08-10,-0.002116402116401961,510300,-0.002116402116402072,510300,-0.002116402116402072,510300,-0.004536481927710834,510500,-0.002116402116402072,510300,-0.008233532934131538,510500,-0.008233532934131538,510500,0,0,0,0
2017-08-11,-0.019284199363732712,510500,-0.0192841993637326,510500,-0.019284199363732824,510500,-0.01871698113207554,510500,-0.019284199363732824,510500,-0.018716981132075317,510500,-0.018716981132075428,510500,0,0,0,0
2017-08-14,0.02030456852791862,510500,0.02030456852791862,510500,0.02030456852791862,510500,0.02030456852791862,510500,0.02030456852791862,510500,0.020100507614213114,159915,0.020100507614212892,159915,0,0,0,0
2017-08-15,0.0006030453791647794,510500,0.0006030453791647794,510500,0.0006030453791647794,510500,0.0006030453791647794,510500,0.0006030453791647794,510500,0.00235017626321965,159915,0.00235017626321965,159915,0,0,0,0
2017-08-16,0.0010051227964442688,159915,0.0010051227964440468,159915,0.0010051227964442688,159915,0.0010051227964440468,159915,0.0010051227964442688,159915,0.016998827667057625,159915,0.016998827667057625,159915,0,0,0,0
2017-08-17,0.006340057636887497,159915,0.006340057636887497,159915,0.006340057636887497,159915,0.006340057636887497,159915,0.006340057636887497,159915,0.006340057636887497,159915,0.006340057636887497,159915,0,0,0,0
2017-08-18,-0.0074455899198166975,159915,-0.0074455899198169195,159915,-0.0074455899198168085,159915,-0.0074455899198168085,159915,-0.0074455899198169195,159915,-0.0074455899198168085,159915,-0.0074455899198169195,159915,0,0,0,0
2017-08-21,0.002308136180034559,159915,0.002308136180034559,159915,0.002308136180034559,159915,0.002308136180034559,159915,0.002308136180034559,159915,0.002308136180034559,159915,0.002308136180034559,159915,0,0,0,0
2017-08-22,-0.0063327576280944875,159915,-0.0063327576280943765,159915,-0.0063327576280943765,159915,-0.0063327576280944875,159915,-0.0063327576280945985,159915,-0.0063327576280943765,159915,-0.0063327576280944875,159915,0,0,0,0
2017-08-23,-0.005214368482039378,159915,-0.005214368482039489,159915,-0.005214368482039489,159915,-0.005214368482039378,159915,-0.005214368482039378,159915,-0.005214368482039378,159915,-0.005214368482039378,159915,0,0,0,0
2017-08-24,-0.006988934187536433,159915,-0.006988934187536433,159915,-0.006988934187536433,159915,-0.006988934187536433,159915,-0.006988934187536433,159915,-0.006988934187536544,159915,-0.006988934187536433,159915,0,0,0,0
2017-08-25,0.010557184750733084,159915,0.010557184750733084,159915,0.010557184750733084,159915,0.010557184750733084,159915,0.010557184750733084,159915,0.010557184750733084,159915,0.010557184750733084,159915,0,0,0,0
2017-08-28,0.01857225769007531,159915,0.01857225769007531,159915,0.01857225769007531,159915,0.01857225769007531,159915,0.01857225769007531,159915,0.01857225769007531,159915,0.01857225769007531,159915,0,0,0,0
2017-08-29,-0.006837606837606702,159915,-0.00683760683760648,159915,-0.006837606837606702,159915,-0.006837606837606591,159915,-0.006837606837606702,159915,-0.006837606837606591,159915,-0.00683760683760648,159915,0,0,0,0
2017-08-30,0.007458405048766492,159915,0.007458405048766492,159915,0.007458405048766492,159915,0.007458405048766492,159915,0.007458405048766492,159915,0.007458405048766492,159915,0.007458405048766492,159915,0,0,0,0
2017-08-31,0.005125284738040969,159915,0.005125284738040969,159915,0.005125284738040969,159915,0.005125284738040969,159915,0.005125284738040969,159915,0.005125284738040969,159915,0.005125284738040969,159915,0,0,0,0
2017-09-01,0.006232294617563916,159915,0.006232294617563916,159915,0.006232294617563916,159915,0.006232294617563916,159915,0.006232294617563916,159915,0.006232294617563916,159915,0.006232294617563916,159915,0,0,0,0
2017-09-04,0.011261261261261257,159915,0.011261261261261257,159915,0.011261261261261257,159915,0.011261261261261257,159915,0.011261261261261257,159915,0.011261261261261257,159915,0.011261261261261257,159915,0,0,0,0
2017-09-05,0.0,159915,0.0,159915,0.0,159915,0.0,159915,0.0,159915,0.0,159915,0.0,159915,0,0,0,0
2017-09-06,0.009465478841870878,159915,0.009465478841870878,159915,0.009465478841870878,159915,0.009465478841870878,159915,0.009465478841870878,159915,0.009465478841870878,159915,0.009465478841870878,159915,0,0,0,0
2017-09-07,-0.007170435741864156,159915,-0.007170435741864045,159915,-0.007170435741864156,159915,-0.007170435741864267,159915,-0.007170435741864045,159915,-0.007170435741864156,159915,-0.007170435741864156,159915,0,0,0,0
2017-09-08,-0.0050000000000001155,159915,-0.0050000000000000044,159915,-0.0050000000000001155,159915,-0.0050000000000002265,159915,-0.0050000000000001155,159915,-0.0050000000000002265,159915,-0.0050000000000002265,159915,0,0,0,0
2017-09-11,0.008933556672250154,159915,0.008933556672250154,159915,0.008933556672250154,159915,0.008933556672250154,159915,0.008933556672250154,159915,0.008933556672250154,159915,0.008933556672250154,159915,0,0,0,0
2017-09-12,-0.00774764803541772,159915,-0.007747648035417609,159915,-0.00774764803541772,159915,-0.00774764803541772,159915,-0.00774764803541772,159915,-0.00774764803541772,159915,-0.00774764803541772,159915,0,0,0,0
2017-09-13,0.002030451756832141,510500,0.002030451756831919,510500,0.002030451756832141,510500,0.002030451756832141,510500,0.002030451756832141,510500,0.002030451756832141,510500,0.002030451756832141,510500,0,0,0,0
2017-09-14,-0.002130984514845946,510500,-0.002130984514845835,510500,-0.002130984514845835,510500,-0.002130984514845946,510500,-0.002130984514845946,510500,-0.002130984514845946,510500,-0.002130984514845946,510500,0,0,0,0
2017-09-15,-0.007687927107061454,510500,-0.007687927107061565,510500,-0.007687927107061676,510500,-0.007687927107061565,510500,-0.007687927107061565,510500,-0.007687927107061565,510500,-0.007687927107061454,510500,0,0,0,0
2017-09-18,0.00946915351506461,510500,0.00946915351506461,510500,0.00946915351506461,510500,0.00946915351506461,510500,0.00946915351506461,510500,0.00946915351506461,510500,0.00946915351506461,510500,0,0,0,0
2017-09-19,-0.008527572484366197,510500,-0.008527572484366308,510500,-0.008527572484366197,510500,-0.008527572484366086,510500,-0.008527572484366086,510500,-0.008527572484366197,510500,-0.008527572484366308,510500,0,0,0,0
2017-09-20,0.010321100917431103,510500,0.010321100917431103,510500,0.010321100917431103,510500,0.010321100917431103,510500,0.010321100917431103,510500,0.010321100917431103,510500,0.010321100917431103,510500,0,0,0,0
2017-09-21,-0.011634506242905518,510500,-0.011634506242905629,510500,-0.01163450624290574,510500,-0.011634506242905629,510500,-0.011634506242905518,510500,-0.011634506242905629,510500,-0.011634506242905518,510500,0,0,0,0
2017-09-22,-0.0074648291702555936,510500,-0.0074648291702555936,510500,-0.0074648291702555936,510500,-0.0074648291702554825,510500,-0.0074648291702554825,510500,-0.0074648291702555936,510500,-0.0074648291702555936,510500,0,0,0,0
2017-09-25,-0.012149262366213387,510500,-0.012149262366213498,510500,-0.012149262366213498,510500,-0.012149262366213387,510500,-0.012149262366213387,510500,-0.012149262366213387,510500,-0.012149262366213387,510500,0,0,0,0
2017-09-26,0.004392386530014614,510500,0.004392386530014614,510500,0.004392386530014614,510500,0.004392386530014614,510500,0.004392386530014614,510500,0.004392386530014614,510500,0.004392386530014614,510500,0,0,0,0
2017-09-27,0.009037900874635518,510500,0.009037900874635518,510500,0.009037900874635518,510500,0.009037900874635518,510500,0.009037900874635518,510500,0.009037900874635518,510500,0.009037900874635518,510500,0,0,0,0
2017-09-28,0.00028893383415207197,510500,0.00028893383415207197,510500,0.00028893383415207197,510500,0.00028893383415207197,510500,0.00028893383415207197,510500,0.00028893383415207197,510500,0.00028893383415207197,510500,0,0,0,0
2017-09-29,0.0060658578856152,510500,0.0060658578856152,510500,0.0060658578856152,510500,0.0060658578856152,510500,0.0060658578856152,510500,0.0060658578856152,510500,0.0060658578856152,510500,0,0,0,0
2017-10-09,0.010479471719781808,510500,0.010479471719781808,510500,0.010479471719781808,510500,0.010479471719781808,510500,0.010479471719781808,510500,0.010479471719781808,510500,0.010479471719781808,510500,0,0,0,0
2017-10-10,0.0032675095894303396,510500,0.0032675095894303396,510500,0.0032675095894303396,510500,0.0032675095894303396,510500,0.0032675095894303396,510500,0.0032675095894303396,510500,0.0032675095894303396,510500,0,0,0,0
2017-10-11,-0.005522514868309125,510500,-0.005522514868309236,510500,-0.005522514868309125,510500,-0.005522514868309236,510500,-0.005522514868309236,510500,-0.0057214103653356885,513100,-0.0057214103653356885,513100,0,0,0,0
2017-10-12,-0.0018510608002278994,510500,-0.0018510608002276774,510500,-0.0018510608002277884,510500,-0.0018510608002278994,510500,-0.0018510608002277884,510500,0.0014278914802474674,513100,0.0014278914802474674,513100,0,0,0,0
2017-10-13,0.007845934379457908,510500,0.007845934379457908,510500,0.007845934379457908,510500,0.007845934379457908,510500,0.007845934379457908,510500,-0.0009505703422055811,513100,-0.0009505703422054701,513100,0,0,0,0
2017-10-16,-0.014634479830148539,513100,-0.01463447983014865,513100,-0.014634479830148761,513100,-0.01463447983014865,513100,-0.01463447983014865,513100,0.004757373929590969,513100,0.004757373929590969,513100,0,0,0,0
2017-10-17,0.004734848484848397,513100,0.004734848484848397,513100,0.004734848484848397,513100,0.004734848484848397,513100,0.004734848484848397,513100,0.004734848484848397,513100,0.004734848484848397,513100,0,0,0,0
2017-10-18,-0.001413760603204417,513100,-0.001413760603204417,513100,-0.001413760603204417,513100,-0.001413760603204417,513100,-0.001413760603204417,513100,-0.001413760603204528,513100,-0.001413760603204417,513100,0,0,0,0
2017-10-19,0.0018876828692779846,513100,0.0018876828692779846,513100,0.0018876828692779846,513100,0.0018876828692779846,513100,0.0018876828692779846,513100,0.0018876828692779846,513100,0.0018876828692779846,513100,0,0,0,0
2017-10-20,0.0,513100,0.0,513100,0.0,513100,0.0,513100,0.0,513100,0.0,513100,0.0,513100,0,0,0,0
2017-10-23,0.0023551577955722713,513100,0.0023551577955722713,513100,0.0023551577955722713,513100,0.0023551577955722713,513100,0.0023551577955722713,513100,0.0023551577955722713,513100,0.0023551577955722713,513100,0,0,0,0
2017-10-24,-0.004229323308270527,513100,-0.004229323308270527,513100,-0.004229323308270527,513100,-0.004229323308270527,513100,-0.004229323308270527,513100,-0.004229323308270638,513100,-0.004229323308270527,513100,0,0,0,0
2017-10-25,0.0018876828692779846,513100,0.0018876828692779846,513100,0.0018876828692779846,513100,0.0018876828692779846,513100,0.0018876828692779846,513100,0.0018876828692779846,513100,0.0018876828692779846,513100,0,0,0,0
2017-10-26,-0.004710315591144543,513100,-0.004710315591144654,513100,-0.004710315591144654,513100,-0.004710315591144654,513100,-0.004710315591144543,513100,-0.0049093735280264506,510300,-0.0049093735280264506,510300,0,0,0,0
2017-10-27,0.0056791292001892035,513100,0.0056791292001892035,513100,0.0056791292001892035,513100,0.0056791292001892035,513100,0.0056791292001892035,513100,0.004922471080482493,510300,0.004922471080482493,510300,0,0,0,0
2017-10-30,0.02023529411764713,513100,0.02023529411764713,513100,0.02023529411764713,513100,0.02023529411764713,513100,0.02023529411764713,513100,-0.00440852314474649,510300,-0.00440852314474649,510300,0,0,0,0
2017-10-31,0.0018450184501845879,513100,0.0018450184501845879,513100,0.0018450184501845879,513100,0.0018450184501845879,513100,0.0018450184501845879,513100,-0.0007380073800736797,510300,-0.0007380073800737907,510300,0,0,0,0
2017-11-01,0.005064456721915134,513100,0.005064456721915134,513100,0.005064456721915134,513100,0.005064456721915134,513100,0.005064456721915134,513100,-0.003446578040374404,510300,-0.003645888724766344,513100,0,0,0,0
2017-11-02,-0.0032065964269352154,513100,-0.0032065964269352154,513100,-0.0032065964269352154,513100,-0.0032065964269352154,513100,-0.0032065964269353264,513100,0.0017292490118576698,510300,-0.0032065964269352154,513100,0,0,0,0
2017-11-03,0.0013786764705880916,513100,0.0013786764705880916,513100,0.0013786764705880916,513100,0.0013786764705880916,513100,0.0013786764705880916,513100,-0.0027127003699135566,510300,0.0013786764705880916,513100,0,0,0,0
2017-11-06,0.0032124827902708653,513100,0.0032124827902708653,513100,0.0032124827902708653,513100,0.0032124827902708653,513100,0.0032124827902708653,513100,0.008902077151335508,510300,0.0032124827902708653,513100,0,0,0,0
2017-11-07,0.0022872827081426017,513100,0.0022872827081426017,513100,0.0022872827081426017,513100,0.0022872827081426017,513100,0.0022872827081426017,513100,0.009803921568627416,510300,0.0022872827081426017,513100,0,0,0,0
2017-11-08,0.0018256503879507946,513100,0.0018256503879507946,513100,0.0018256503879507946,513100,0.0018256503879507946,513100,0.0018256503879507946,513100,-0.0021844660194173526,510300,0.0018256503879507946,513100,0,0,0,0
2017-11-09,0.0031890660592255315,513100,0.0031890660592255315,513100,0.0031890660592255315,513100,0.0031890660592255315,513100,0.0031890660592255315,513100,0.007540744344441963,510300,0.0031890660592255315,513100,0,0,0,0
2017-11-10,-0.0027247956403270157,513100,-0.0027247956403269047,513100,-0.0027247956403270157,513100,-0.0027247956403270157,513100,-0.0027247956403270157,513100,0.00893288266537895,510300,-0.0027247956403270157,513100,0,0,0,0
2017-11-13,0.0004553734061929493,513100,0.0004553734061929493,513100,0.0004553734061929493,513100,0.0004553734061929493,513100,0.0004553734061929493,513100,0.00215362526920293,510300,0.0002552823315116193,510300,0,0,0,0
2017-11-14,0.001365498406918686,513100,0.001365498406918686,513100,0.001365498406918686,513100,0.001365498406918686,513100,0.001365498406918686,513100,-0.0076408787010505685,510300,-0.00764087870105068,510300,0,0,0,0
2017-11-15,-0.006818181818181834,513100,-0.006818181818181945,513100,-0.006818181818181945,513100,-0.006818181818181945,513100,-0.006818181818181945,513100,-0.0072184793070255715,510300,-0.0072184793070255715,510300,0,0,0,0
2017-11-16,-0.0036613272311214473,513100,-0.0036613272311214473,513100,-0.0036613272311214473,513100,-0.0036613272311214473,513100,-0.0036613272311214473,513100,0.009452253999030491,510300,0.009452253999030491,510300,0,0,0,0
2017-11-17,0.011943040881947642,513100,0.011943040881947642,513100,0.011943040881947642,513100,0.011943040881947642,513100,0.011943040881947642,513100,0.0012004801920768582,510300,0.0012004801920768582,510300,0,0,0,0
2017-11-20,-0.004284521107580819,510300,-0.004284521107580486,510300,-0.004284521107580708,510300,-0.004284521107580597,510300,-0.004284521107580597,510300,0.00791366906474833,510300,0.00791366906474833,510300,0,0,0,0
2017-11-21,0.01974779919105374,510300,0.01974779919105374,510300,0.01974779919105374,510300,0.01974779919105374,510300,0.01974779919105374,510300,0.01974779919105374,510300,0.01974779919105374,510300,0,0,0,0
2017-11-22,-0.00023331777881463456,510300,-0.00023331777881463456,510300,-0.00023331777881474558,510300,-0.00023331777881463456,510300,-0.00023331777881474558,510300,-0.00023331777881463456,510300,-0.00023331777881463456,510300,0,0,0,0
2017-11-23,-0.03173862310385067,510300,-0.03173862310385067,510300,-0.03173862310385067,510300,-0.031932275379229935,513100,-0.03173862310385067,510300,-0.031932275379229935,513100,-0.031932275379229935,513100,0,0,0,0
2017-11-24,0.0009640877319834207,510300,0.0009640877319834207,510300,0.0009640877319834207,510300,0.0,513100,0.0009640877319834207,510300,0.0,513100,0.0,513100,0,0,0,0
2017-11-27,-0.016132915964362837,510300,-0.016132915964362837,510300,-0.016132915964362837,510300,0.004981884057970953,513100,-0.01613291596436295,510300,0.004981884057970953,513100,0.004981884057970953,513100,0,0,0,0
2017-11-28,0.004650024473813019,510300,0.004650024473813019,510300,0.004650024473813019,510300,0.0022532672374944163,513100,0.004650024473813019,510300,0.0022532672374944163,513100,0.0022532672374944163,513100,0,0,0,0
2017-11-29,-0.0009744214372716664,510300,-0.0009744214372717774,510300,-0.0009744214372717774,510300,0.00989208633093508,513100,-0.0009744214372717774,510300,0.00989208633093508,513100,0.00989208633093508,513100,0,0,0,0
2017-11-30,-0.011658327237258903,513100,-0.011658327237259125,513100,-0.011658327237259014,513100,-0.014247551202137276,513100,-0.011658327237259014,513100,-0.014247551202137165,513100,-0.014247551202137387,513100,0,0,0,0
2017-12-01,0.012195121951219523,513100,0.012195121951219523,513100,0.012195121951219523,513100,0.012195121951219523,513100,0.012195121951219523,513100,0.012195121951219523,513100,0.012195121951219523,513100,0,0,0,0
2017-12-04,0.009370816599732157,513100,0.009370816599732157,513100,0.009370816599732157,513100,0.009370816599732157,513100,0.009370816599732157,513100,0.009370816599732157,513100,0.009370816599732157,513100,0,0,0,0
2017-12-05,-0.027409372236958385,513100,-0.027409372236958385,513100,-0.027409372236958385,513100,-0.027603890362510985,518880,-0.027409372236958496,513100,-0.027603890362510874,518880,-0.027603890362510985,518880,0,0,0,0
2017-12-06,-0.011363636363636465,513100,-0.011363636363636465,513100,-0.011363636363636354,513100,-0.0061203552923759785,513100,-0.011363636363636354,513100,-0.0061203552923759785,513100,-0.0061203552923760896,513100,0,0,0,0
2017-12-07,0.006896551724137945,513100,0.006896551724137945,513100,0.006896551724137945,513100,0.006896551724137945,513100,0.006896551724137945,513100,0.006896551724137945,513100,0.006896551724137945,513100,0,0,0,0
2017-12-08,0.009132420091324311,513100,0.009132420091324311,513100,0.009132420091324311,513100,0.009132420091324311,513100,0.009132420091324311,513100,0.009132420091324311,513100,0.009132420091324311,513100,0,0,0,0
2017-12-11,0.00452488687782826,513100,0.00452488687782826,513100,0.00452488687782826,513100,0.00452488687782826,513100,0.00452488687782826,513100,0.00452488687782826,513100,0.00452488687782826,513100,0,0,0,0
2017-12-12,0.006756756756756577,513100,0.006756756756756577,513100,0.006756756756756577,513100,0.006756756756756577,513100,0.006756756756756577,513100,0.006756756756756577,513100,0.006756756756756577,513100,0,0,0,0
2017-12-13,0.0008948545861298118,513100,0.0008948545861298118,513100,0.0008948545861298118,513100,0.0008948545861298118,513100,0.0008948545861298118,513100,0.0008948545861298118,513100,0.0008948545861298118,513100,0,0,0,0
2017-12-14,0.0026821636119802594,513100,0.0026821636119802594,513100,0.0026821636119802594,513100,0.0026821636119802594,513100,0.0026821636119802594,513100,0.0026821636119802594,513100,0.0026821636119802594,513100,0,0,0,0
2017-12-15,-0.004904146232723838,513100,-0.004904146232723838,513100,-0.004904146232723949,513100,-0.004904146232723838,513100,-0.004904146232723727,513100,-0.004904146232723727,513100,-0.004904146232723838,513100,0,0,0,0
2017-12-18,0.015232974910394104,513100,0.015232974910394104,513100,0.015232974910394104,513100,0.015232974910394104,513100,0.015232974910394104,513100,0.015232974910394104,513100,0.015232974910394104,513100,0,0,0,0
2017-12-19,0.0061782877316856055,513100,0.0061782877316856055,513100,0.0061782877316856055,513100,0.0061782877316856055,513100,0.0061782877316856055,513100,0.0061782877316856055,513100,0.0061782877316856055,513100,0,0,0,0
2017-12-20,-0.0017543859649122862,513100,-0.0017543859649123972,513100,-0.0017543859649125082,513100,-0.0017543859649122862,513100,-0.0017543859649125082,513100,-0.0017543859649125082,513100,-0.0017543859649123972,513100,0,0,0,0
2017-12-21,-0.0061511423550086874,513100,-0.006151142355008576,513100,-0.0061511423550086874,513100,-0.0061511423550087985,513100,-0.0061511423550086874,513100,-0.0061511423550087985,513100,-0.006151142355008576,513100,0,0,0,0
2017-12-22,0.0030946065428825165,513100,0.0030946065428825165,513100,0.0030946065428825165,513100,0.0030946065428825165,513100,0.0030946065428825165,513100,0.0030946065428825165,513100,0.0030946065428825165,513100,0,0,0,0
2017-12-25,-0.0030850594975762036,513100,-0.0030850594975760925,513100,-0.0030850594975763146,513100,-0.0030850594975763146,513100,-0.0030850594975762036,513100,-0.0030850594975763146,513100,-0.0030850594975763146,513100,0,0,0,0
2017-12-26,-0.0004420866489831532,513100,-0.0004420866489831532,513100,-0.0004420866489831532,513100,-0.0004420866489832642,513100,-0.0004420866489832642,513100,-0.0004420866489831532,513100,-0.0004420866489831532,513100,0,0,0,0
2017-12-27,-0.011941618752764449,513100,-0.011941618752764338,513100,-0.011941618752764449,513100,-0.011941618752764338,513100,-0.011941618752764338,513100,-0.011941618752764227,513100,-0.011941618752764338,513100,0,0,0,0
2017-12-28,-0.003133393017009767,513100,-0.003133393017009767,513100,-0.003133393017009767,513100,-0.003133393017009767,513100,-0.003133393017009767,513100,-0.003133393017009767,513100,-0.003133393017009767,513100,0,0,0,0
2017-12-29,0.0006978895374945004,510300,0.0006978895374945004,510300,0.0006978895374947225,510300,0.0006978895374942784,510300,0.0006978895374945004,510300,0.0006978895374945004,510300,0.0006978895374945004,510300,0,0,0,0
2018-01-02,0.014720314033366266,510300,0.014720314033366266,510300,0.014720314033366266,510300,0.014720314033366266,510300,0.014720314033366266,510300,0.014720314033366266,510300,0.014720314033366266,510300,0,0,0,0
2018-01-03,0.00511808510638323,510500,0.005118085106383008,510500,0.005118085106383008,510500,0.005319148936170359,510300,0.00511808510638323,510500,0.005319148936170359,510300,0.005319148936170359,510300,0,0,0,0
2018-01-04,0.0038690476190477163,510500,0.0038690476190477163,510500,0.0038690476190477163,510500,0.0031265031265030885,510300,0.0038690476190477163,510500,0.0029258778258778317,510500,0.0029258778258778317,510500,0,0,0,0
2018-01-05,0.0017788319003853026,510500,0.0017788319003853026,510500,0.0017788319003853026,510500,0.0038360105490289342,510300,0.0017788319003853026,510500,0.0017788319003853026,510500,0.0017788319003853026,510500,0,0,0,0
2018-01-08,0.004587155963302614,510500,0.004587155963302614,510500,0.004587155963302614,510500,0.004060186290900214,510300,0.004587155963302614,510500,0.004587155963302614,510500,0.004587155963302614,510500,0,0,0,0
2018-01-09,-0.000883782589482851,510500,-0.00088378258948274,510500,-0.0008837825894829621,510500,0.008087535680304736,510300,-0.000883782589482851,510500,-0.00088378258948274,510500,-0.000883782589482851,510500,0,0,0,0
2018-01-10,-0.005012531328320913,510500,-0.005012531328321024,510500,-0.005012531328321024,510500,0.004247286455875354,510300,-0.005012531328321024,510500,-0.005012531328320913,510500,-0.0052115288220552225,510300,0,0,0,0
2018-01-11,0.002370721588383473,510500,0.002370721588383473,510500,0.002370721588383473,510500,-0.0014097744360902498,510300,0.002370721588383473,510500,0.002370721588383473,510500,-0.0014097744360902498,510300,0,0,0,0
2018-01-12,-0.005224863266814483,510300,-0.005224863266814483,510300,-0.0052248632668145945,510300,0.005411764705882227,510300,-0.005224863266814372,510300,-0.005224863266814372,510300,0.005411764705882227,510300,0,0,0,0
2018-01-15,-0.0018722209220688457,510300,-0.0018722209220689567,510300,-0.0018722209220689567,510300,-0.0018722209220688457,510300,-0.0018722209220689567,510300,-0.0018722209220687347,510300,-0.0018722209220687347,510300,0,0,0,0
2018-01-16,0.010082063305978828,510300,0.010082063305978828,510300,0.010082063305978828,510300,0.010082063305978828,510300,0.010082063305978828,510300,0.010082063305978828,510300,0.010082063305978828,510300,0,0,0,0
2018-01-17,-0.003017641597028886,510300,-0.003017641597028775,510300,-0.003017641597028775,510300,-0.003017641597028775,510300,-0.003017641597028775,510300,-0.003017641597028775,510300,-0.003017641597028664,510300,0,0,0,0
2018-01-18,0.006519208381839503,510300,0.006519208381839503,510300,0.006519208381839503,510300,0.006519208381839503,510300,0.006519208381839503,510300,0.006519208381839503,510300,0.006519208381839503,510300,0,0,0,0
2018-01-19,0.002775850104094202,510300,0.002775850104094202,510300,0.002775850104094202,510300,0.002775850104094202,510300,0.002775850104094202,510300,0.002775850104094202,510300,0.002775850104094202,510300,0,0,0,0
2018-01-22,0.012687427912341231,510300,0.012687427912341231,510300,0.012687427912341231,510300,0.012687427912341231,510300,0.012687427912341231,510300,0.012687427912341231,510300,0.012687427912341231,510300,0,0,0,0
2018-01-23,0.010022779043280083,510300,0.010022779043280083,510300,0.010022779043280083,510300,0.010022779043280083,510300,0.010022779043280083,510300,0.010022779043280083,510300,0.010022779043280083,510300,0,0,0,0
2018-01-24,0.0006836827711942384,510300,0.0006836827711942384,510300,0.0006836827711942384,510300,0.0006836827711942384,510300,0.0006836827711942384,510300,0.0006836827711942384,510300,0.0006836827711942384,510300,0,0,0,0
2018-01-25,-0.006376679571851507,510300,-0.006376679571851396,510300,-0.006376679571851285,510300,-0.006376679571851285,510300,-0.006376679571851285,510300,-0.006376679571851396,510300,-0.006376679571851285,510300,0,0,0,0
2018-01-26,0.005042402016960601,510300,0.005042402016960601,510300,0.005042402016960601,510300,0.005042402016960601,510300,0.005042402016960601,510300,0.005042402016960601,510300,0.005042402016960601,510300,0,0,0,0
2018-01-29,-0.0189281641961232,510300,-0.01892816419612331,510300,-0.01892816419612331,510300,-0.01892816419612331,510300,-0.018928164196123087,510300,-0.0189281641961232,510300,-0.0189281641961232,510300,0,0,0,0
2018-01-30,-0.010227801022780092,510300,-0.010227801022780092,510300,-0.01022780102277987,510300,-0.010227801022779981,510300,-0.010227801022780092,510300,-0.01022780102277987,510300,-0.010227801022779981,510300,0,0,0,0
2018-01-31,0.0030530765617660105,510300,0.0030530765617660105,510300,0.0030530765617660105,510300,0.0030530765617660105,510300,0.0030530765617660105,510300,0.0030530765617660105,510300,0.0030530765617660105,510300,0,0,0,0
2018-02-01,-0.007024116132053337,510300,-0.007024116132053337,510300,-0.007024116132053337,510300,-0.0070241161320535594,510300,-0.0070241161320535594,510300,-0.0070241161320535594,510300,-0.007024116132053448,510300,0,0,0,0
2018-02-02,0.0061306295684981915,510300,0.0061306295684981915,510300,0.0061306295684981915,510300,0.0061306295684981915,510300,0.0061306295684981915,510300,0.0061306295684981915,510300,0.0061306295684981915,510300,0,0,0,0
2018-02-05,-0.0009374267635343658,510300,-0.0009374267635342548,510300,-0.0009374267635342548,510300,-0.0009374267635342548,510300,-0.0009374267635341438,510300,-0.0009374267635342548,510300,-0.0009374267635342548,510300,0,0,0,0
2018-02-06,-0.028343560872624796,513100,-0.028343560872624907,513100,-0.028343560872624796,513100,-0.028343560872625018,513100,-0.028343560872624907,513100,-0.028343560872625018,513100,-0.028343560872624796,518880,0,0,0,0
2018-02-07,0.032935560859188584,513100,0.032935560859188584,513100,0.032935560859188584,513100,0.032935560859188584,513100,0.032935560859188584,513100,0.032935560859188584,513100,-0.013573000733675733,518880,0,0,0,0
2018-02-08,0.002310536044362266,513100,0.002310536044362266,513100,0.002310536044362266,513100,0.002310536044362266,513100,0.002310536044362266,513100,0.002310536044362266,513100,-0.0033469691335069607,518880,0,0,0,0
2018-02-09,-0.035500230520977394,513100,-0.035500230520977394,513100,-0.035693130474873214,510500,-0.035693130474873214,510500,-0.035693130474873214,510500,-0.035693130474873214,510500,0.004276716417910498,510500,1,1,1,1
2018-02-12,0.018642447418737884,513100,0.018642447418737884,513100,0.027073337902673078,510500,0.027073337902673078,510500,0.027073337902673078,510500,0.027073337902673078,510500,0.027073337902673078,510500,0,0,0,0
2018-02-13,0.01548568747067125,513100,0.01548568747067125,513100,0.006172839506172867,510500,0.006172839506172867,510500,0.006172839506172867,510500,0.006172839506172867,510500,0.006172839506172867,510500,0,0,0,0
2018-02-14,0.013401109057301186,513100,0.013401109057301186,513100,0.003316199635218009,510500,0.003316199635218009,510500,0.003316199635218009,510500,0.003316199635218009,510500,0.003316199635218009,510500,0,0,0,0
2018-02-22,0.017783857729138264,513100,0.017783857729138264,513100,0.020823004462072303,510500,0.020823004462072303,510500,0.020823004462072303,510500,0.020823004462072303,510500,0.020823004462072303,510500,0,0,0,0
2018-02-23,0.007616487455197163,513100,0.007616487455197163,513100,0.001256726566294386,513100,0.001256726566294386,518880,0.001256726566294164,513100,0.001256726566294386,518880,0.001256726566294386,513100,0,0,0,0
2018-02-26,0.019119608714984304,513100,0.019119608714984304,513100,0.019119608714984304,513100,0.005329867256637089,513100,0.019119608714984304,513100,0.005329867256637311,513100,0.019119608714984304,513100,0,0,0,0
2018-02-27,0.01221640488656206,513100,0.01221640488656206,513100,0.01221640488656206,513100,0.01221640488656206,513100,0.01221640488656206,513100,0.01221640488656206,513100,0.01221640488656206,513100,0,0,0,0
2018-02-28,-0.014655172413792883,513100,-0.014655172413793105,513100,-0.014655172413793105,513100,-0.014655172413792994,513100,-0.014655172413792994,513100,-0.014655172413792994,513100,-0.014655172413792994,513100,0,0,0,0
2018-03-01,0.0008748906386699673,513100,0.0008748906386699673,513100,0.0008748906386699673,513100,0.0008748906386699673,513100,0.0008748906386699673,513100,0.0008748906386699673,513100,0.0008748906386699673,513100,0,0,0,0
2018-03-02,-0.015297202797202702,513100,-0.015297202797202591,513100,-0.015297202797202591,513100,-0.015297202797202591,513100,-0.015297202797202591,513100,-0.015297202797202591,513100,-0.01529720279720248,513100,0,0,0,0
2018-03-05,0.0066577896138479975,513100,0.0066577896138479975,513100,0.0066577896138479975,513100,0.0066577896138479975,513100,0.0066577896138479975,513100,0.0066577896138479975,513100,0.0066577896138479975,513100,0,0,0,0
2018-03-06,0.013024867724867883,159915,0.013024867724867883,159915,0.013024867724867883,159915,0.013024867724867661,159915,0.013024867724867883,159915,0.013024867724867883,159915,0.013024867724867883,159915,0,0,0,0
2018-03-07,-0.008269344359125852,159915,-0.008269344359125852,159915,-0.008269344359125741,159915,-0.00826934435912563,159915,-0.008269344359125741,159915,-0.008269344359125741,159915,-0.008269344359125852,159915,0,0,0,0
2018-03-08,0.004169148302560988,159915,0.004169148302560988,159915,0.004169148302560988,159915,0.004169148302560988,159915,0.004169148302560988,159915,0.004169148302560988,159915,0.004169148302560988,159915,0,0,0,0
2018-03-09,0.040925266903914626,159915,0.040925266903914626,159915,0.040925266903914626,159915,0.040925266903914626,159915,0.040925266903914626,159915,0.040925266903914626,159915,0.040925266903914626,159915,0,0,0,0
2018-03-12,0.012535612535612639,159915,0.012535612535612639,159915,0.012535612535612639,159915,0.012535612535612639,159915,0.012535612535612639,159915,0.012535612535612639,159915,0.012535612535612639,159915,0,0,0,0
2018-03-13,-0.00562746201463149,159915,-0.005627462014631379,159915,-0.005627462014631268,159915,-0.005627462014631379,159915,-0.00562746201463149,159915,-0.00562746201463149,159915,-0.005627462014631379,159915,0,0,0,0
2018-03-14,-0.014714204867006142,159915,-0.014714204867006142,159915,-0.014714204867006142,159915,-0.014714204867006142,159915,-0.014714204867006142,159915,-0.014714204867006031,159915,-0.014714204867006253,159915,0,0,0,0
2018-03-15,0.0005743825387707346,159915,0.0005743825387707346,159915,0.0005743825387707346,159915,0.0005743825387707346,159915,0.0005743825387707346,159915,0.0005743825387707346,159915,0.0005743825387707346,159915,0,0,0,0
2018-03-16,-0.01492537313432818,159915,-0.01492537313432829,159915,-0.01492537313432818,159915,-0.01492537313432829,159915,-0.01492537313432818,159915,-0.014925373134328401,159915,-0.01492537313432829,159915,0,0,0,0
2018-03-19,0.011655011655011593,159915,0.011655011655011593,159915,0.011655011655011593,159915,0.011655011655011593,159915,0.011655011655011593,159915,0.011655011655011593,159915,0.011655011655011593,159915,0,0,0,0
2018-03-20,0.01382488479262678,159915,0.01382488479262678,159915,0.01382488479262678,159915,0.01382488479262678,159915,0.01382488479262678,159915,0.01382488479262678,159915,0.01382488479262678,159915,0,0,0,0
2018-03-21,-0.022727272727272596,159915,-0.022727272727272707,159915,-0.022727272727272707,159915,-0.022727272727272596,159915,-0.022727272727272596,159915,-0.022727272727272596,159915,-0.022727272727272596,159915,0,0,0,0
2018-03-22,-0.005232558139534826,159915,-0.005232558139534937,159915,-0.005232558139534937,159915,-0.005232558139534826,159915,-0.005232558139534937,159915,-0.005232558139534937,159915,-0.005232558139534826,159915,0,0,0,0
2018-03-23,-0.052205961426066594,518880,-0.05220596142606648,518880,-0.052205961426066594,518880,-0.05220596142606648,513100,-0.052205961426066705,518880,-0.052205961426066594,513100,-0.05220596142606648,518880,0,0,0,0
2018-03-26,-0.0012942721634439103,159915,-0.0012942721634439103,159915,-0.0012942721634439103,159915,-0.007911705989110951,518880,-0.0010944910616562664,518880,-0.00791170598911084,518880,-0.0010944910616562664,518880,0,0,0,0
2018-03-27,0.03885236102809331,159915,0.03885236102809331,159915,0.03885236102809331,159915,-0.0007304601899195129,518880,-0.0009303140978818014,159915,-0.0007304601899196239,518880,-0.0007304601899197349,518880,0,0,0,0
2018-03-28,-0.004602991944764212,159915,-0.004602991944764212,159915,-0.004602991944764212,159915,-0.005482456140350811,518880,-0.004602991944764212,159915,-0.005482456140350922,518880,-0.005482456140350811,518880,0,0,0,0
2018-03-29,0.005202312138728349,159915,0.005202312138728349,159915,0.005202312138728349,159915,-0.012127894156560015,518880,0.005202312138728349,159915,-0.012127894156560015,518880,-0.012127894156560015,518880,0,0,0,0
2018-03-30,0.029902242668200074,159915,0.029902242668200074,159915,0.029902242668200074,159915,0.0014880952380953438,518880,0.029902242668200074,159915,0.0014880952380953438,518880,0.0014880952380953438,518880,0,0,0,0
2018-04-02,-0.0016750418760466124,159915,-0.0016750418760468344,159915,-0.0016750418760467234,159915,0.0014858841010401136,518880,-0.0016750418760467234,159915,0.0014858841010401136,518880,0.0014858841010401136,518880,0,0,0,0
2018-04-03,-0.013422818791946178,159915,-0.01342281879194629,159915,-0.01342281879194629,159915,0.007418397626112849,518880,-0.01342281879194629,159915,0.007418397626112849,518880,0.007418397626112849,518880,0,0,0,0
2018-04-04,-0.018140589569161092,159915,-0.018140589569161092,159915,-0.018140589569161092,159915,-0.0014727540500734104,518880,-0.018140589569161203,159915,-0.0014727540500736325,518880,-0.0014727540500735214,518880,0,0,0,0
2018-04-09,0.0028868360277136684,159915,0.0028868360277136684,159915,0.0028868360277136684,159915,-0.0018436578171092677,518880,0.0028868360277136684,159915,-0.0018436578171092677,518880,-0.0018436578171092677,518880,0,0,0,0
2018-04-10,-0.003077950489349557,518880,-0.003077950489349557,518880,-0.003077950489349446,518880,0.0011082379017361976,518880,-0.003077950489349446,518880,0.0011082379017361976,518880,0.0011082379017361976,518880,0,0,0,0
2018-04-11,0.005904059040590326,518880,0.005904059040590326,518880,0.005904059040590326,518880,0.005904059040590326,518880,0.005904059040590326,518880,0.005904059040590326,518880,0.005904059040590326,518880,0,0,0,0
2018-04-12,0.0033015407190022383,518880,0.0033015407190022383,518880,0.0033015407190022383,518880,0.0033015407190022383,518880,0.0033015407190022383,518880,0.0033015407190022383,518880,0.0033015407190022383,518880,0,0,0,0
2018-04-13,-0.007678244972577519,518880,-0.007678244972577519,518880,-0.007678244972577519,518880,-0.007678244972577519,518880,-0.00767824497257763,518880,-0.007678244972577408,518880,-0.00767824497257763,518880,0,0,0,0
2018-04-16,0.00405305821665447,518880,0.00405305821665447,518880,0.00405305821665447,518880,0.00405305821665447,518880,0.00405305821665447,518880,0.00405305821665447,518880,0.00405305821665447,518880,0,0,0,0
2018-04-17,0.0014678899082569696,518880,0.0014678899082569696,518880,0.0014678899082569696,518880,0.0014678899082569696,518880,0.0014678899082569696,518880,0.0014678899082569696,518880,0.0014678899082569696,518880,0,0,0,0
2018-04-18,-0.0007328691828510925,518880,-0.0007328691828509815,518880,-0.0007328691828510925,518880,-0.0007328691828510925,518880,-0.0007328691828512035,518880,-0.0007328691828509815,518880,-0.0007328691828510925,518880,0,0,0,0
2018-04-19,0.0025669233590026597,518880,0.0025669233590026597,518880,0.0025669233590026597,518880,0.0025669233590026597,518880,0.0025669233590026597,518880,0.0025669233590026597,518880,0.0025669233590026597,518880,0,0,0,0
2018-04-20,-0.004389173372348343,518880,-0.004389173372348343,518880,-0.004389173372348232,518880,-0.004389173372348121,518880,-0.004389173372348343,518880,-0.004389173372348232,518880,-0.004389173372348232,518880,0,0,0,0
2018-04-23,-0.005143277002204405,518880,-0.005143277002204405,518880,-0.005143277002204294,518880,-0.005342248346803746,513100,-0.005143277002204294,518880,-0.005342248346803746,513100,-0.005342248346803968,513100,0,0,0,0
2018-04-24,-0.0031536189069423237,513100,-0.0031536189069425458,513100,-0.0031536189069425458,513100,0.005903723887375145,513100,-0.0031536189069423237,513100,0.005903723887375145,513100,0.005903723887375145,513100,0,0,0,0
2018-04-25,-0.01986455981941304,513100,-0.019864559819413152,513100,-0.01986455981941304,513100,-0.019864559819413152,513100,-0.019864559819413263,513100,-0.019864559819413152,513100,-0.019864559819413152,513100,0,0,0,0
2018-04-26,0.0,513100,0.0,513100,0.0,513100,0.0,513100,0.0,513100,0.0,513100,0.0,513100,0,0,0,0
2018-04-27,0.028558268079226234,513100,0.028558268079226234,513100,0.028558268079226234,513100,0.028558268079226234,513100,0.028558268079226234,513100,0.028558268079226234,513100,0.028558268079226234,513100,0,0,0,0
2018-05-02,-0.000895656068070072,513100,-0.000895656068069961,513100,-0.00089565606806985,513100,-0.000895656068069961,513100,-0.000895656068069961,513100,-0.000895656068069961,513100,-0.000895656068069961,513100,0,0,0,0
2018-05-03,-0.0044822949350066255,513100,-0.0044822949350066255,513100,-0.0044822949350065144,513100,-0.0044822949350066255,513100,-0.0044822949350066255,513100,-0.0044822949350066255,513100,-0.0044822949350066255,513100,0,0,0,0
2018-05-04,0.0031517334533994745,513100,0.0031517334533994745,513100,0.0031517334533994745,513100,0.0031517334533994745,513100,0.0031517334533994745,513100,0.0031517334533994745,513100,0.0031517334533994745,513100,0,0,0,0
2018-05-07,0.018850987432674993,513100,0.018850987432674993,513100,0.018850987432674993,513100,0.018850987432674993,513100,0.018850987432674993,513100,0.018850987432674993,513100,0.018850987432674993,513100,0,0,0,0
2018-05-08,0.0017621145374449032,513100,0.0017621145374449032,513100,0.0017621145374449032,513100,0.0017621145374449032,513100,0.0017621145374449032,513100,0.0017621145374449032,513100,0.0017621145374449032,513100,0,0,0,0
2018-05-09,-0.0008795074758136678,513100,-0.0008795074758136678,513100,-0.0008795074758135568,513100,-0.0008795074758136678,513100,-0.0008795074758136678,513100,-0.0008795074758136678,513100,-0.0008795074758136678,513100,0,0,0,0
2018-05-10,0.014084507042253502,513100,0.014084507042253502,513100,0.014084507042253502,513100,0.014084507042253502,513100,0.014084507042253502,513100,0.014084507042253502,513100,0.014084507042253502,513100,0,0,0,0
2018-05-11,0.0056423611111111605,513100,0.0056423611111111605,513100,0.0056423611111111605,513100,0.0056423611111111605,513100,0.0056423611111111605,513100,0.0056423611111111605,513100,0.0056423611111111605,513100,0,0,0,0
2018-05-14,-0.0008631851532154844,513100,-0.0008631851532154844,513100,-0.0008631851532153734,513100,-0.0008631851532154844,513100,-0.0008631851532154844,513100,-0.0008631851532154844,513100,-0.0008631851532154844,513100,0,0,0,0
2018-05-15,-0.0017278617710583255,513100,-0.0017278617710583255,513100,-0.0017278617710584365,513100,-0.0017278617710584365,513100,-0.0017278617710583255,513100,-0.0017278617710584365,513100,-0.0017278617710584365,513100,0,0,0,0
2018-05-16,-0.009519688446559815,513100,-0.009519688446559815,513100,-0.009519688446559815,513100,-0.009519688446559815,513100,-0.009519688446559815,513100,-0.009519688446559926,513100,-0.009519688446559704,513100,0,0,0,0
2018-05-17,0.008737439930100566,513100,0.008737439930100566,513100,0.008737439930100566,513100,0.008737439930100566,513100,0.008737439930100566,513100,0.008737439930100566,513100,0.008737439930100566,513100,0,0,0,0
2018-05-18,-0.00043308791684726344,513100,-0.00043308791684726344,513100,-0.00043308791684737447,513100,-0.0004330879168471524,513100,-0.00043308791684737447,513100,-0.00043308791684726344,513100,-0.00043308791684737447,513100,0,0,0,0
2018-05-21,0.006932409012131657,513100,0.006932409012131657,513100,0.006932409012131657,513100,0.006932409012131657,513100,0.006932409012131657,513100,0.006932409012131657,513100,0.006932409012131657,513100,0,0,0,0
2018-05-22,-0.003442340791738552,513100,-0.003442340791738552,513100,-0.003442340791738552,513100,-0.003442340791738552,513100,-0.003442340791738552,513100,-0.003442340791738552,513100,-0.003442340791738552,513100,0,0,0,0
2018-05-23,-0.007772020725388629,513100,-0.00777202072538874,513100,-0.007772020725388629,513100,-0.007772020725388518,513100,-0.007772020725388629,513100,-0.007772020725388629,513100,-0.007772020725388629,513100,0,0,0,0
2018-05-24,0.01087902523933848,513100,0.01087902523933848,513100,0.01087902523933848,513100,0.01087902523933848,513100,0.01087902523933848,513100,0.01087902523933848,513100,0.01087902523933848,513100,0,0,0,0
2018-05-25,0.0017219113215669601,513100,0.0017219113215669601,513100,0.0017219113215669601,513100,0.0017219113215669601,513100,0.0017219113215669601,513100,0.0017219113215669601,513100,0.0017219113215669601,513100,0,0,0,0
2018-05-28,0.004297378599054769,513100,0.004297378599054769,513100,0.004297378599054769,513100,0.004297378599054769,513100,0.004297378599054769,513100,0.004297378599054769,513100,0.004297378599054769,513100,0,0,0,0
2018-05-29,-0.0008557980316646896,513100,-0.0008557980316645786,513100,-0.0008557980316648006,513100,-0.0008557980316646896,513100,-0.0008557980316645786,513100,-0.0008557980316646896,513100,-0.0008557980316646896,513100,0,0,0,0
2018-05-30,-0.006852248394004334,513100,-0.006852248394004334,513100,-0.006852248394004445,513100,-0.006852248394004223,513100,-0.006852248394004223,513100,-0.006852248394004334,513100,-0.006852248394004445,513100,0,0,0,0
2018-05-31,0.013367830961621419,513100,0.013367830961621419,513100,0.013367830961621419,513100,0.013367830961621419,513100,0.013367830961621419,513100,0.013367830961621419,513100,0.013367830961621419,513100,0,0,0,0
2018-06-01,-0.003829787234042481,513100,-0.003829787234042481,513100,-0.003829787234042592,513100,-0.003829787234042481,513100,-0.00382978723404237,513100,-0.003829787234042481,513100,-0.003829787234042481,513100,0,0,0,0
2018-06-04,0.018368218709952977,513100,0.018368218709952977,513100,0.018368218709952977,513100,0.018368218709952977,513100,0.018368218709952977,513100,0.018368218709952977,513100,0.018368218709952977,513100,0,0,0,0
2018-06-05,0.012583892617449743,513100,0.012583892617449743,513100,0.012583892617449743,513100,0.012583892617449743,513100,0.012583892617449743,513100,0.012583892617449743,513100,0.012583892617449743,513100,0,0,0,0
2018-06-06,0.0024855012427504874,513100,0.0024855012427504874,513100,0.0024855012427504874,513100,0.0024855012427504874,513100,0.0024855012427504874,513100,0.0024855012427504874,513100,0.0024855012427504874,513100,0,0,0,0
2018-06-07,0.007851239669421473,513100,0.007851239669421473,513100,0.007851239669421473,513100,0.007851239669421473,513100,0.007851239669421473,513100,0.007851239669421473,513100,0.007851239669421473,513100,0,0,0,0
2018-06-08,-0.013940139401393936,513100,-0.013940139401394158,513100,-0.013940139401393936,513100,-0.013940139401394158,513100,-0.013940139401394047,513100,-0.013940139401394047,513100,-0.013940139401394047,513100,0,0,0,0
2018-06-11,0.010810810810810922,513100,0.010810810810810922,513100,0.010810810810810922,513100,0.010810810810810922,513100,0.010810810810810922,513100,0.010810810810810922,513100,0.010810810810810922,513100,0,0,0,0
2018-06-12,0.002879473467708893,513100,0.002879473467708893,513100,0.002879473467708893,513100,0.002879473467708893,513100,0.002879473467708893,513100,0.002879473467708893,513100,0.002879473467708893,513100,0,0,0,0
2018-06-13,0.00533223954060702,513100,0.00533223954060702,513100,0.00533223954060702,513100,0.00533223954060702,513100,0.00533223954060702,513100,0.00533223954060702,513100,0.00533223954060702,513100,0,0,0,0
2018-06-14,-0.006119951040391758,513100,-0.006119951040391758,513100,-0.006119951040391758,513100,-0.006119951040391758,513100,-0.006119951040391758,513100,-0.006119951040391758,513100,-0.006119951040391758,513100,0,0,0,0
2018-06-15,0.014778325123152802,513100,0.014778325123152802,513100,0.014778325123152802,513100,0.014778325123152802,513100,0.014778325123152802,513100,0.014778325123152802,513100,0.014778325123152802,513100,0,0,0,0
2018-06-19,-0.01213592233009686,513100,-0.01213592233009686,513100,-0.012333495145630646,510500,-0.012333495145630757,510500,-0.012333495145630757,510500,-0.012333495145630757,510500,-0.012333495145630868,510500,1,1,1,1
2018-06-20,0.006552006552006606,513100,0.006552006552006606,513100,0.008825151682294585,510500,0.008825151682294585,510500,0.008825151682294585,510500,0.008825151682294585,510500,0.008825151682294585,510500,0,0,0,0
2018-06-21,0.019121236777868145,513100,0.019121236777868145,513100,-0.01767814835064707,510500,-0.01767814835064707,510500,-0.01767814835064707,510500,-0.01767814835064707,510500,-0.01767814835064707,510500,0,0,0,0
2018-06-22,-0.006786427145708651,513100,-0.006786427145708651,513100,0.012987012987013102,510500,0.012987012987013102,510500,0.012987012987013102,510500,0.012987012987013102,510500,0.012987012987013102,510500,0,0,0,0
2018-06-25,-0.006832797427652748,513100,-0.006832797427652748,513100,-0.009157509157509125,510500,-0.009157509157509014,510500,-0.009157509157509125,510500,-0.009157509157509014,510500,-0.009157509157509014,510500,0,0,0,0
2018-06-26,-0.01618777822743822,513100,-0.016187778227438332,513100,0.008485878003696934,513100,0.008485878003696712,513100,0.008485878003696712,513100,0.008485878003696712,513100,0.008485878003696712,513100,0,0,0,0
2018-06-27,-0.007404360345537042,513100,-0.007404360345537042,513100,-0.007404360345537042,513100,-0.007404360345537042,513100,-0.007404360345537153,513100,-0.007404360345537042,513100,-0.007404360345537042,513100,0,0,0,0
2018-06-28,-0.0070451719850809225,513100,-0.0070451719850808114,513100,-0.0070451719850808114,513100,-0.0070451719850808114,513100,-0.0070451719850808114,513100,-0.0070451719850808114,513100,-0.0070451719850807,513100,0,0,0,0
2018-06-29,0.02212020033388984,513100,0.02212020033388984,513100,0.02212020033388984,513100,0.02212020033388984,513100,0.02212020033388984,513100,0.02212020033388984,513100,0.02212020033388984,513100,0,0,0,0
2018-07-02,-0.004899959167007029,513100,-0.004899959167006918,513100,-0.004899959167006918,513100,-0.004899959167006918,513100,-0.004899959167006918,513100,-0.004899959167006918,513100,-0.004899959167006918,513100,0,0,0,0
2018-07-03,0.02708247845711953,513100,0.02708247845711953,513100,0.02708247845711953,513100,0.02708247845711953,513100,0.02708247845711953,513100,0.02708247845711953,513100,0.02708247845711953,513100,0,0,0,0
2018-07-04,-0.017578905313623605,513100,-0.017578905313623605,513100,-0.017578905313623716,513100,-0.017578905313623716,513100,-0.017578905313623827,513100,-0.017578905313623716,513100,-0.017578905313623716,513100,0,0,0,0
2018-07-05,0.0004066693777957653,513100,0.0004066693777957653,513100,0.0004066693777957653,513100,0.0004066693777957653,513100,0.0004066693777957653,513100,0.0004066693777957653,513100,0.0004066693777957653,513100,0,0,0,0
2018-07-06,0.01504065040650393,513100,0.01504065040650393,513100,0.01504065040650393,513100,0.01504065040650393,513100,0.01504065040650393,513100,0.01504065040650393,513100,0.01504065040650393,513100,0,0,0,0
2018-07-09,0.03083700440528636,513100,0.03083700440528636,513100,0.03083700440528636,513100,0.03083700440528636,513100,0.03083700440528636,513100,0.03083700440528636,513100,0.03083700440528636,513100,0,0,0,0
2018-07-10,0.011655011655011815,513100,0.011655011655011815,513100,0.011655011655011815,513100,0.011655011655011815,513100,0.011655011655011815,513100,0.011655011655011815,513100,0.011655011655011815,513100,0,0,0,0
2018-07-11,-0.01920122887864828,513100,-0.01920122887864828,513100,-0.01920122887864828,513100,-0.01920122887864839,513100,-0.01920122887864828,513100,-0.01920122887864828,513100,-0.01920122887864828,513100,0,0,0,0
2018-07-12,0.009397024275646038,513100,0.009397024275646038,513100,0.009397024275646038,513100,0.009397024275646038,513100,0.009397024275646038,513100,0.009397024275646038,513100,0.009397024275646038,513100,0,0,0,0
2018-07-13,0.009697439875872904,513100,0.009697439875872904,513100,0.009697439875872904,513100,0.009697439875872904,513100,0.009697439875872904,513100,0.009697439875872904,513100,0.009697439875872904,513100,0,0,0,0
2018-07-16,-0.007299270072992803,513100,-0.007299270072992692,513100,-0.007299270072992803,513100,-0.007299270072992692,513100,-0.007299270072992692,513100,-0.007299270072992803,513100,-0.007299270072992803,513100,0,0,0,0
2018-07-17,-0.009674922600619085,513100,-0.009674922600619196,513100,-0.009674922600619196,513100,-0.009674922600619196,513100,-0.009674922600619196,513100,-0.009674922600619196,513100,-0.009674922600619085,513100,0,0,0,0
2018-07-18,0.014067995310668158,513100,0.014067995310668158,513100,0.014067995310668158,513100,0.014067995310668158,513100,0.014067995310668158,513100,0.014067995310668158,513100,0.014067995310668158,513100,0,0,0,0
2018-07-19,0.0046242774566473965,513100,0.0046242774566473965,513100,0.0046242774566473965,513100,0.0046242774566473965,513100,0.0046242774566473965,513100,0.0046242774566473965,513100,0.0046242774566473965,513100,0,0,0,0
2018-07-20,0.0011507479861909697,513100,0.0011507479861909697,513100,0.0011507479861909697,513100,0.0011507479861909697,513100,0.0011507479861909697,513100,0.0011507479861909697,513100,0.0011507479861909697,513100,0,0,0,0
2018-07-23,-0.0030651340996168397,513100,-0.0030651340996168397,513100,-0.0030651340996168397,513100,-0.0030651340996168397,513100,-0.0030651340996167287,513100,-0.0030651340996168397,513100,-0.0030651340996168397,513100,0,0,0,0
2018-07-24,0.014988470407379051,513100,0.014988470407379051,513100,0.014988470407379051,513100,0.014988470407379051,513100,0.014988470407379051,513100,0.014988470407379051,513100,0.014988470407379051,513100,0,0,0,0
2018-07-25,0.0034078000757289395,513100,0.0034078000757289395,513100,0.0034078000757289395,513100,0.0034078000757289395,513100,0.0034078000757289395,513100,0.0034078000757289395,513100,0.0034078000757289395,513100,0,0,0,0
2018-07-26,0.0022641509433962703,513100,0.0022641509433962703,513100,0.0022641509433962703,513100,0.0022641509433962703,513100,0.0022641509433962703,513100,0.0022641509433962703,513100,0.0022641509433962703,513100,0,0,0,0
2018-07-27,0.0007530120481926694,513100,0.0007530120481926694,513100,0.0007530120481926694,513100,0.0007530120481926694,513100,0.0007530120481926694,513100,0.0007530120481926694,513100,0.0007530120481926694,513100,0,0,0,0
2018-07-30,-0.004514672686230292,513100,-0.004514672686230292,513100,-0.004514672686230181,513100,-0.004514672686230292,513100,-0.004514672686230292,513100,-0.004514672686230181,513100,-0.004514672686230292,513100,0,0,0,0
2018-07-31,-0.023431594860166216,513100,-0.023431594860166216,513100,-0.023431594860166327,513100,-0.023626908541194314,518880,-0.023431594860166216,513100,-0.023626908541194203,518880,-0.023626908541194203,518880,0,0,0,0
2018-08-01,0.012770897832817374,513100,0.012770897832817374,513100,0.012770897832817374,513100,-0.0005740366629256588,513100,0.012770897832817374,513100,-0.0005740366629255478,513100,-0.0005740366629255478,513100,0,0,0,0
2018-08-02,0.0022927015666796002,513100,0.0022927015666796002,513100,0.0022927015666796002,513100,0.0022927015666796002,513100,0.0022927015666796002,513100,0.0022927015666796002,513100,0.0022927015666796002,513100,0,0,0,0
2018-08-03,0.030118185284025767,513100,0.030118185284025767,513100,0.030118185284025767,513100,0.030118185284025767,513100,0.030118185284025767,513100,0.030118185284025767,513100,0.030118185284025767,513100,0,0,0,0
2018-08-06,0.024426350851221246,513100,0.024426350851221246,513100,0.024221465581051094,159915,0.02422146558105087,159915,0.02422146558105087,159915,0.024221465581051094,159915,0.024221465581051094,159915,1,1,1,1
2018-08-07,-0.005057803468208055,513100,-0.005057803468208055,513100,0.027656477438136706,159915,0.027656477438136706,159915,0.027656477438136706,159915,0.027656477438136706,159915,0.027656477438136706,159915,0,0,0,0
2018-08-08,-0.015976761074800172,513100,-0.015976761074800172,513100,-0.02195467422096309,159915,-0.02195467422096309,159915,-0.02195467422096309,159915,-0.02195467422096309,159915,-0.021954674220962977,159915,0,0,0,0
2018-08-09,-0.01365313653136535,513100,-0.01365313653136524,513100,0.03258508327299059,159915,0.03258508327299059,159915,0.03258508327299059,159915,0.03258508327299059,159915,0.03258508327299059,159915,0,0,0,0
2018-08-10,-0.00224466891133579,513100,-0.00224466891133579,513100,0.007713884992987419,159915,0.007713884992987419,159915,0.007713884992987419,159915,0.007713884992987419,159915,0.007713884992987419,159915,0,0,0,0
2018-08-13,-0.002624671916010346,513100,-0.002624671916010346,513100,0.01441085594989544,513100,0.014410855949895662,513100,0.014410855949895662,513100,0.014410855949895662,513100,0.014410855949895662,513100,0,0,0,0
2018-08-14,0.0071428571428571175,513100,0.0071428571428571175,513100,0.0071428571428571175,513100,0.0071428571428571175,513100,0.0071428571428571175,513100,0.0071428571428571175,513100,0.0071428571428571175,513100,0,0,0,0
2018-08-15,0.01157148189623003,513100,0.01157148189623003,513100,0.01157148189623003,513100,0.01157148189623003,513100,0.01157148189623003,513100,0.01157148189623003,513100,0.01157148189623003,513100,0,0,0,0
2018-08-16,-0.0177121771217712,513100,-0.0177121771217712,513100,-0.0177121771217712,513100,-0.0177121771217712,513100,-0.0177121771217712,513100,-0.01771217712177131,513100,-0.0177121771217712,513100,0,0,0,0
2018-08-17,0.002253944402704766,513100,0.002253944402704766,513100,0.002253944402704766,513100,0.002253944402704766,513100,0.002253944402704766,513100,0.002253944402704766,513100,0.002253944402704766,513100,0,0,0,0
2018-08-20,-0.004872563718140932,513100,-0.004872563718141043,513100,-0.004872563718141043,513100,-0.004872563718141043,513100,-0.004872563718141043,513100,-0.004872563718141043,513100,-0.004872563718141043,513100,0,0,0,0
2018-08-21,-0.006403013182674,513100,-0.006403013182674,513100,-0.006403013182674111,513100,-0.006403013182673889,513100,-0.006403013182674111,513100,-0.006403013182674,513100,-0.006403013182674,513100,0,0,0,0
2018-08-22,-0.0007581501137224889,513100,-0.0007581501137224889,513100,-0.0007581501137224889,513100,-0.0007581501137224889,513100,-0.0007581501137224889,513100,-0.0007581501137224889,513100,-0.0007581501137224889,513100,0,0,0,0
2018-08-23,0.011001517450682785,513100,0.011001517450682785,513100,0.011001517450682785,513100,0.011001517450682785,513100,0.011001517450682785,513100,0.011001517450682785,513100,0.011001517450682785,513100,0,0,0,0
2018-08-24,0.00037523452157595116,513100,0.00037523452157595116,513100,0.00037523452157595116,513100,0.00037523452157595116,513100,0.00037523452157595116,513100,0.00037523452157595116,513100,0.00037523452157595116,513100,0,0,0,0
2018-08-27,0.004501125281320295,513100,0.004501125281320295,513100,0.004501125281320295,513100,0.004501125281320295,513100,0.004501125281320295,513100,0.004501125281320295,513100,0.004501125281320295,513100,0,0,0,0
2018-08-28,0.010082150858850003,513100,0.010082150858850003,513100,0.010082150858850003,513100,0.010082150858850003,513100,0.010082150858850003,513100,0.010082150858850003,513100,0.010082150858850003,513100,0,0,0,0
2018-08-29,0.0011090573012939586,513100,0.0011090573012939586,513100,0.0011090573012939586,513100,0.0011090573012939586,513100,0.0011090573012939586,513100,0.0011090573012939586,513100,0.0011090573012939586,513100,0,0,0,0
2018-08-30,0.01477104874446078,513100,0.01477104874446078,513100,0.01477104874446078,513100,0.01477104874446078,513100,0.01477104874446078,513100,0.01477104874446078,513100,0.01477104874446078,513100,0,0,0,0
2018-08-31,-0.0029112081513829047,513100,-0.0029112081513827937,513100,-0.0029112081513827937,513100,-0.0029112081513827937,513100,-0.0029112081513826826,513100,-0.0029112081513827937,513100,-0.0029112081513827937,513100,0,0,0,0
2018-09-03,0.0007299270072991249,513100,0.0007299270072991249,513100,0.0007299270072991249,513100,0.0007299270072991249,513100,0.0007299270072991249,513100,0.0007299270072991249,513100,0.0007299270072991249,513100,0,0,0,0
2018-09-04,0.004376367614879584,513100,0.004376367614879584,513100,0.004376367614879584,513100,0.004376367614879584,513100,0.004376367614879584,513100,0.004376367614879584,513100,0.004376367614879584,513100,0,0,0,0
2018-09-05,-0.009440813362381895,513100,-0.009440813362381895,513100,-0.009440813362381895,513100,-0.009440813362381895,513100,-0.009440813362382006,513100,-0.009440813362381895,513100,-0.009440813362381895,513100,0,0,0,0
2018-09-06,-0.01612903225806439,513100,-0.01612903225806439,513100,-0.01612903225806439,513100,-0.01612903225806439,513100,-0.01612903225806439,513100,-0.01612903225806439,513100,-0.01612903225806439,513100,0,0,0,0
2018-09-07,-0.00819672131147553,513100,-0.00819672131147553,513100,-0.008196721311475419,513100,-0.008196721311475419,513100,-0.008196721311475419,513100,-0.008196721311475419,513100,-0.008196721311475419,513100,0,0,0,0
2018-09-10,0.0067618332081142984,513100,0.0067618332081142984,513100,0.0067618332081142984,513100,0.0067618332081142984,513100,0.0067618332081142984,513100,0.0067618332081142984,513100,0.0067618332081142984,513100,0,0,0,0
2018-09-11,0.004850746268656669,513100,0.004850746268656669,513100,0.004850746268656669,513100,0.004850746268656669,513100,0.004850746268656669,513100,0.004850746268656669,513100,0.004850746268656669,513100,0,0,0,0
2018-09-12,0.010768659487560228,513100,0.010768659487560228,513100,0.010768659487560228,513100,0.010768659487560228,513100,0.010768659487560228,513100,0.010768659487560228,513100,0.010768659487560228,513100,0,0,0,0
2018-09-13,-0.009919177075679686,513100,-0.009919177075679686,513100,-0.009919177075679686,513100,-0.009919177075679686,513100,-0.009919177075679686,513100,-0.009919177075679686,513100,-0.009919177075679686,513100,0,0,0,0
2018-09-14,0.010018552875695752,513100,0.010018552875695752,513100,0.010018552875695752,513100,0.010018552875695752,513100,0.010018552875695752,513100,0.010018552875695752,513100,0.010018552875695752,513100,0,0,0,0
2018-09-17,-0.004775900073475392,513100,-0.004775900073475392,513100,-0.004775900073475281,513100,-0.004775900073475392,513100,-0.004775900073475392,513100,-0.004775900073475392,513100,-0.004775900073475392,513100,0,0,0,0
2018-09-18,-0.013289036544850474,513100,-0.013289036544850474,513100,-0.013289036544850474,513100,-0.013289036544850474,513100,-0.013289036544850474,513100,-0.013289036544850474,513100,-0.013289036544850474,513100,0,0,0,0
2018-09-19,0.008604564160119788,513100,0.008604564160119788,513100,0.008604564160119788,513100,0.008604564160119788,513100,0.008604564160119788,513100,0.008604564160119788,513100,0.008604564160119788,513100,0,0,0,0
2018-09-20,-0.0018545994065285454,513100,-0.0018545994065284344,513100,-0.0018545994065284344,513100,-0.0018545994065284344,513100,-0.0018545994065285454,513100,-0.0018545994065284344,513100,-0.0018545994065284344,513100,0,0,0,0
2018-09-21,0.01077666295057611,513100,0.01077666295057611,513100,0.01077666295057611,513100,0.01077666295057611,513100,0.01077666295057611,513100,0.01077666295057611,513100,0.01077666295057611,513100,0,0,0,0
2018-09-25,-0.004044117647058809,513100,-0.004044117647058809,513100,-0.004044117647058809,513100,-0.004044117647058809,513100,-0.004044117647058809,513100,-0.004044117647058809,513100,-0.004044117647058809,513100,0,0,0,0
2018-09-26,0.00627537836840153,513100,0.00627537836840153,513100,0.00627537836840153,513100,0.00627537836840153,513100,0.00627537836840153,513100,0.00627537836840153,513100,0.00627537836840153,513100,0,0,0,0
2018-09-27,-0.0018341892883345645,513100,-0.0018341892883345645,513100,-0.0018341892883345645,513100,-0.0018341892883345645,513100,-0.0018341892883345645,513100,-0.0018341892883345645,513100,-0.0018341892883345645,513100,0,0,0,0
2018-09-28,0.012127894156560126,513100,0.012127894156560126,513100,0.012127894156560126,513100,0.012127894156560126,513100,0.012127894156560126,513100,0.012127894156560126,513100,0.012127894156560126,513100,0,0,0,0
2018-10-08,-0.02815374001452431,518880,-0.02815374001452431,518880,-0.02815374001452431,518880,-0.02815374001452431,518880,-0.02815374001452431,518880,-0.02815374001452431,518880,-0.02815374001452431,518880,0,0,0,0
2018-10-09,-0.0015060240963854499,518880,-0.0015060240963854499,518880,-0.0015060240963854499,518880,-0.0015060240963854499,518880,-0.001506024096385561,518880,-0.0015060240963853389,518880,-0.0015060240963854499,518880,0,0,0,0
2018-10-10,0.0,518880,0.0,518880,0.0,518880,0.0,518880,0.0,518880,0.0,518880,0.0,518880,0,0,0,0
2018-10-11,0.004700980392156939,510500,0.004700980392156939,510500,0.004700980392156939,510300,0.004700980392156939,510300,0.004700980392156717,510300,0.004700980392156939,510300,0.004700980392156717,510300,1,1,1,1
2018-10-12,-0.0039525691699607846,510500,-0.003952569169960896,510500,0.01858853182104614,510300,0.01858853182104614,510300,0.01858853182104614,510300,0.01858853182104614,510300,0.01858853182104614,510300,0,0,0,0
2018-10-15,-0.017195767195767098,510500,-0.017195767195767098,510500,-0.014537581193937665,510300,-0.014537581193937554,510300,-0.014537581193937554,510300,-0.014537581193937554,510300,-0.014537581193937554,510300,0,0,0,0
2018-10-16,-0.01861821444594003,510500,-0.01861821444594003,510500,-0.006591337099811634,510300,-0.006591337099811634,510300,-0.006591337099811634,510300,-0.006591337099811634,510300,-0.006591337099811634,510300,0,0,0,0
2018-10-17,0.004342857142857204,510500,0.004342857142857204,510500,0.003475513428120136,510300,0.003475513428120136,510300,0.003475513428120136,510300,0.003475513428120136,510300,0.003475513428120136,510300,0,0,0,0
2018-10-18,-0.02227114246700057,518880,-0.022271142467000682,518880,-0.022235894206549145,518880,-0.022235894206549145,518880,-0.022235894206549034,518880,-0.022235894206549034,518880,-0.022235894206549145,518880,0,0,0,0
2018-10-19,0.004408523144746601,518880,0.004408523144746601,518880,0.004408523144746601,518880,0.004408523144746601,518880,0.004408523144746601,518880,0.004408523144746601,518880,0.004408523144746601,518880,0,0,0,0
2018-10-22,-0.001463057790782707,518880,-0.001463057790782596,518880,-0.001463057790782707,518880,-0.001463057790782707,518880,-0.001463057790782707,518880,-0.001463057790782707,518880,-0.001463057790782818,518880,0,0,0,0
2018-10-23,0.00512820512820511,518880,0.00512820512820511,518880,0.00512820512820511,518880,0.00512820512820511,518880,0.00512820512820511,518880,0.00512820512820511,518880,0.00512820512820511,518880,0,0,0,0
2018-10-24,0.00036443148688047877,518880,0.00036443148688047877,518880,0.00036443148688047877,518880,0.00036443148688047877,518880,0.00036443148688047877,518880,0.00036443148688047877,518880,0.00036443148688047877,518880,0,0,0,0
2018-10-25,0.0051001821493623645,518880,0.0051001821493623645,518880,0.0051001821493623645,518880,0.0051001821493623645,518880,0.0051001821493623645,518880,0.0051001821493623645,518880,0.0051001821493623645,518880,0,0,0,0
2018-10-26,-0.0007249003262050913,518880,-0.0007249003262049802,518880,-0.0007249003262050913,518880,-0.0007249003262050913,518880,-0.0007249003262050913,518880,-0.0007249003262050913,518880,-0.0007249003262050913,518880,0,0,0,0
2018-10-29,-0.0014508523757709169,518880,-0.0014508523757710279,518880,-0.0014508523757709169,518880,-0.0014508523757709169,518880,-0.0014508523757709169,518880,-0.0014508523757709169,518880,-0.0014508523757709169,518880,0,0,0,0
2018-10-30,-0.002179440610243444,518880,-0.002179440610243444,518880,-0.002179440610243444,518880,-0.002179440610243444,518880,-0.002179440610243444,518880,-0.002179440610243444,518880,-0.002179440610243444,518880,0,0,0,0
2018-10-31,-0.008372770294866938,518880,-0.008372770294866938,518880,-0.008372770294866938,518880,-0.008372770294866938,518880,-0.008372770294866938,518880,-0.008372770294866938,518880,-0.008372770294866938,518880,0,0,0,0
2018-11-01,0.0022026431718060735,518880,0.0022026431718060735,518880,0.0022026431718060735,518880,0.0022026431718060735,518880,0.0022026431718060735,518880,0.0022026431718060735,518880,0.0022026431718060735,518880,0,0,0,0
2018-11-02,0.000366300366300365,518880,0.000366300366300365,518880,0.000366300366300365,518880,0.000366300366300365,518880,0.000366300366300365,518880,0.000366300366300365,518880,0.000366300366300365,518880,0,0,0,0
2018-11-05,0.0003661662394729426,518880,0.0003661662394729426,518880,0.0003661662394729426,518880,0.0003661662394729426,518880,0.0003661662394729426,518880,0.0003661662394729426,518880,0.0003661662394729426,518880,0,0,0,0
2018-11-06,0.0007320644216690653,518880,0.0007320644216690653,518880,0.0007320644216690653,518880,0.0007320644216690653,518880,0.0007320644216690653,518880,0.0007320644216690653,518880,0.0007320644216690653,518880,0,0,0,0
2018-11-07,0.00036576444769553795,518880,0.00036576444769553795,518880,0.00036576444769553795,518880,0.00036576444769553795,518880,0.00036576444769553795,518880,0.00036576444769553795,518880,0.00036576444769553795,518880,0,0,0,0
2018-11-08,-0.0040219378427786,518880,-0.0040219378427786,518880,-0.0040219378427786,518880,-0.0040219378427786,518880,-0.004021937842778489,518880,-0.0040219378427786,518880,-0.0040219378427786,518880,0,0,0,0
2018-11-09,-0.0022026431718062955,518880,-0.0022026431718062955,518880,-0.0022026431718062955,518880,-0.0022026431718064066,518880,-0.0022026431718062955,518880,-0.0022026431718062955,518880,-0.0022026431718062955,518880,0,0,0,0
2018-11-12,-0.007556880058866677,513100,-0.007556880058866677,513100,-0.007556880058866677,513100,-0.007556880058866677,513100,-0.007556880058866677,513100,-0.007556880058866677,513100,-0.007556880058866677,513100,0,0,0,0
2018-11-13,-0.029984423676012506,513100,-0.029984423676012506,513100,-0.029984423676012395,513100,-0.030178426791277246,518880,-0.029984423676012506,513100,-0.030178426791277246,518880,-0.030178426791277246,518880,0,0,0,0
2018-11-14,-0.0032115616218387766,513100,-0.0032115616218387766,513100,-0.0032115616218387766,513100,-0.000571811082186624,513100,-0.0032115616218387766,513100,-0.000571811082186735,513100,-0.000571811082186735,513100,0,0,0,0
2018-11-15,-0.007652033830044314,513100,-0.007652033830044314,513100,-0.007652033830044314,513100,-0.007652033830044314,513100,-0.007652033830044314,513100,-0.007652033830044314,513100,-0.007652033830044314,513100,0,0,0,0
2018-11-16,0.0040584415584417055,513100,0.0040584415584417055,513100,0.0040584415584417055,513100,0.0040584415584417055,513100,0.0040584415584417055,513100,0.0040584415584417055,513100,0.0040584415584417055,513100,0,0,0,0
2018-11-19,0.004042037186742009,513100,0.004042037186742009,513100,0.004042037186742009,513100,0.004042037186742009,513100,0.004042037186742009,513100,0.004042037186742009,513100,0.003841228779304595,518880,0,0,0,0
2018-11-20,-0.03542673107890504,513100,-0.03542673107890504,513100,-0.03542673107890493,513100,-0.035619645732689165,518880,-0.03542673107890515,513100,-0.035619645732689276,518880,0.003684598378776771,518880,0,0,0,0
2018-11-21,-0.007095158597662743,513100,-0.007095158597662854,513100,-0.007095158597662632,513100,-0.0005670337738620246,513100,-0.007095158597662632,513100,-0.0005670337738621356,513100,-0.0003671071953011973,518880,0,0,0,0
2018-11-22,-0.001040521227406721,518880,-0.00104052122740661,518880,-0.001040521227406721,518880,-0.00104052122740661,518880,-0.00104052122740661,518880,-0.00104052122740661,518880,0.0018362100624311761,518880,0,0,0,0
2018-11-23,0.0010997067448679232,518880,0.0010997067448679232,518880,0.000899486803519034,512400,0.000899486803519034,512400,0.000899486803519034,512400,0.000899486803519034,512400,0.000899486803519034,512400,1,1,1,1
2018-11-26,-0.0014646649578907711,518880,-0.0014646649578907711,518880,-0.0068846815834767705,512400,-0.0068846815834766595,512400,-0.0068846815834767705,512400,-0.0068846815834767705,512400,-0.0068846815834767705,512400,0,0,0,0
2018-11-27,-0.001833516685001757,518880,-0.001833516685001868,518880,0.008665511265164572,512400,0.008665511265164572,512400,0.008665511265164572,512400,0.008665511265164572,512400,0.008665511265164572,512400,0,0,0,0
2018-11-28,-0.00440852314474649,518880,-0.00440852314474649,518880,0.00859106529209619,512400,0.00859106529209619,512400,0.00859106529209619,512400,0.00859106529209619,512400,0.00859106529209619,512400,0,0,0,0
2018-11-29,0.007749077490774914,518880,0.007749077490774914,518880,-0.0034071550255536653,512400,-0.0034071550255536653,512400,-0.0034071550255536653,512400,-0.0034071550255536653,512400,-0.0034071550255536653,512400,0,0,0,0
2018-11-30,0.0003661662394729426,518880,0.0003661662394729426,518880,0.010054358974359134,518880,0.010054358974358912,518880,0.010054358974358912,518880,0.010054358974359134,518880,0.010054358974358912,518880,0,0,0,0
2018-12-03,-0.004392386530014614,518880,-0.004392386530014614,518880,-0.004392386530014503,518880,-0.004392386530014614,518880,-0.004392386530014725,518880,-0.004392386530014614,518880,-0.004591508052708582,513100,0,0,0,0
2018-12-04,0.0,518880,0.0,518880,0.0,518880,0.0,518880,0.0,518880,0.0,518880,-0.017591868647380826,513100,0,0,0,0
2018-12-05,0.0018382352941175295,518880,0.0018382352941175295,518880,0.0018382352941175295,518880,0.0018382352941175295,518880,0.0018382352941175295,518880,0.0018382352941175295,518880,-0.027651730998806356,518880,0,0,0,0
2018-12-06,0.003669724770642091,518880,0.003669724770642091,518880,0.003669724770642091,518880,0.003669724770642091,518880,0.003669724770642091,518880,0.003669724770642091,518880,0.003669724770642091,518880,0,0,0,0
2018-12-07,0.00109689213893982,518880,0.00109689213893982,518880,0.00109689213893982,518880,0.00109689213893982,518880,0.00109689213893982,518880,0.00109689213893982,518880,0.00109689213893982,518880,0,0,0,0
2018-12-10,0.01059167275383488,518880,0.01059167275383488,518880,0.01059167275383488,518880,0.01059167275383488,518880,0.01059167275383488,518880,0.01059167275383488,518880,0.01059167275383488,518880,0,0,0,0
2018-12-11,-0.0014456089627754576,518880,-0.0014456089627754576,518880,-0.0014456089627754576,518880,-0.0014456089627755686,518880,-0.0014456089627754576,518880,-0.0014456089627754576,518880,-0.0014456089627754576,518880,0,0,0,0
2018-12-12,-0.0047050307636625766,518880,-0.0047050307636625766,518880,-0.004705030763662688,518880,-0.004705030763662688,518880,-0.004705030763662688,518880,-0.004705030763662799,518880,-0.004705030763662799,518880,0,0,0,0
2018-12-13,-0.0007272727272726875,518880,-0.0007272727272727986,518880,-0.0007272727272726875,518880,-0.0007272727272725765,518880,-0.0007272727272726875,518880,-0.0007272727272725765,518880,-0.0007272727272726875,518880,0,0,0,0
2018-12-14,-0.0010917030567688668,518880,-0.0010917030567686448,518880,-0.0010917030567687558,518880,-0.0010917030567687558,518880,-0.0010917030567687558,518880,-0.0010917030567686448,518880,-0.0010917030567686448,518880,0,0,0,0
2018-12-17,0.00036429872495435944,518880,0.00036429872495435944,518880,0.00036429872495435944,518880,0.00036429872495435944,518880,0.00036429872495435944,518880,0.00036429872495435944,518880,0.00036429872495435944,518880,0,0,0,0
2018-12-18,0.005462490895848493,518880,0.005462490895848493,518880,0.005462490895848493,518880,0.005462490895848493,518880,0.005462490895848493,518880,0.005462490895848493,518880,0.005462490895848493,518880,0,0,0,0
2018-12-19,0.003259688518652659,518880,0.003259688518652659,518880,0.003259688518652659,518880,0.003259688518652659,518880,0.003259688518652659,518880,0.003259688518652659,518880,0.003259688518652659,518880,0,0,0,0
2018-12-20,0.0,518880,0.0,518880,0.0,518880,0.0,518880,0.0,518880,0.0,518880,0.0,518880,0,0,0,0
2018-12-21,0.006498194945848246,518880,0.006498194945848246,518880,0.006498194945848246,518880,0.006498194945848246,518880,0.006498194945848246,518880,0.006498194945848246,518880,0.006498194945848246,518880,0,0,0,0
2018-12-24,0.0035868005738881603,518880,0.0035868005738881603,518880,0.0035868005738881603,518880,0.0035868005738881603,518880,0.0035868005738881603,518880,0.0035868005738881603,518880,0.0035868005738881603,518880,0,0,0,0
2018-12-25,0.00786275911365264,518880,0.00786275911365264,518880,0.00786275911365264,518880,0.00786275911365264,518880,0.00786275911365264,518880,0.00786275911365264,518880,0.00786275911365264,518880,0,0,0,0
2018-12-26,-0.00035460992907798694,518880,-0.00035460992907798694,518880,-0.00035460992907798694,518880,-0.00035460992907798694,518880,-0.00035460992907798694,518880,-0.00035460992907798694,518880,-0.0003546099290778759,518880,0,0,0,0
2018-12-27,-0.003547357218871894,518880,-0.003547357218872116,518880,-0.003547357218872005,518880,-0.003547357218872005,518880,-0.003547357218872005,518880,-0.003547357218872005,518880,-0.003547357218872005,518880,0,0,0,0
2018-12-28,0.006051975792096709,518880,0.006051975792096709,518880,0.006051975792096709,518880,0.006051975792096709,518880,0.006051975792096709,518880,0.006051975792096709,518880,0.006051975792096709,518880,0,0,0,0
2019-01-02,0.0038924274593064023,518880,0.0038924274593064023,518880,0.0038924274593064023,518880,0.0038924274593064023,518880,0.0038924274593064023,518880,0.0038924274593064023,518880,0.0038924274593064023,518880,0,0,0,0
2019-01-03,0.010927035600986956,518880,0.010927035600986956,518880,0.010927035600986956,518880,0.010927035600986956,518880,0.010927035600986956,518880,0.010927035600986956,518880,0.010927035600986956,518880,0,0,0,0
2019-01-04,-0.0052301255230122745,518880,-0.0052301255230123855,518880,-0.0052301255230122745,518880,-0.0052301255230122745,518880,-0.0052301255230122745,518880,-0.0052301255230122745,518880,-0.0052301255230122745,518880,0,0,0,0
2019-01-07,-0.004206098843322792,518880,-0.004206098843322792,518880,-0.004206098843322681,518880,-0.004206098843322792,518880,-0.004206098843322792,518880,-0.004206098843322792,518880,-0.004206098843322792,518880,0,0,0,0
2019-01-08,-0.00457585357268564,518880,-0.00457585357268564,518880,-0.004575853572685529,518880,-0.00457585357268564,518880,-0.00457585357268564,518880,-0.00457585357268564,518880,-0.00457585357268564,518880,0,0,0,0
2019-01-09,-0.0038896746817538297,518880,-0.0038896746817539407,518880,-0.0038896746817539407,518880,-0.0038896746817539407,518880,-0.0038896746817539407,518880,-0.0038896746817539407,518880,-0.0038896746817539407,518880,0,0,0,0
2019-01-10,0.0021299254526090383,518880,0.0021299254526090383,518880,0.0021299254526090383,518880,0.0021299254526090383,518880,0.0021299254526090383,518880,0.0021299254526090383,518880,0.0021299254526090383,518880,0,0,0,0
2019-01-11,-0.006376195536663021,518880,-0.006376195536663021,518880,-0.006376195536663021,518880,-0.00637619553666291,518880,-0.006376195536663132,518880,-0.006376195536663021,518880,-0.006376195536663021,518880,0,0,0,0
2019-01-14,0.0007130124777183777,518880,0.0007130124777183777,518880,0.0007130124777183777,518880,0.0007130124777183777,518880,0.0007130124777183777,518880,0.0007130124777183777,518880,0.0007130124777183777,518880,0,0,0,0
2019-01-15,-0.002137513359458443,518880,-0.002137513359458443,518880,-0.0021375133594583318,518880,-0.002137513359458443,518880,-0.002137513359458443,518880,-0.002137513359458443,518880,-0.002137513359458554,518880,0,0,0,0
2019-01-16,0.000714030703320212,518880,0.000714030703320212,518880,0.000714030703320212,518880,0.000714030703320212,518880,0.000714030703320212,518880,0.000714030703320212,518880,0.000714030703320212,518880,0,0,0,0
2019-01-17,0.0024973242953978403,518880,0.0024973242953978403,518880,0.0024973242953978403,518880,0.0024973242953978403,518880,0.0024973242953978403,518880,0.0024973242953978403,518880,0.0024973242953978403,518880,0,0,0,0
2019-01-18,0.000355871886120962,518880,0.000355871886120962,518880,0.000355871886120962,518880,0.000355871886120962,518880,0.000355871886120962,518880,0.000355871886120962,518880,0.000355871886120962,518880,0,0,0,0
2019-01-21,-0.0041124155104945714,513100,-0.0041124155104945714,513100,-0.00411241551049446,513100,-0.0041124155104945714,513100,-0.0041124155104945714,513100,-0.00411241551049446,513100,-0.0041124155104945714,513100,0,0,0,0
2019-01-22,-0.005434782608695565,513100,-0.005434782608695565,513100,-0.005434782608695565,513100,-0.005434782608695565,513100,-0.005434782608695565,513100,-0.005434782608695565,513100,-0.005434782608695565,513100,0,0,0,0
2019-01-23,-0.01092896174863367,513100,-0.010928961748633781,513100,-0.010928961748633781,513100,-0.010928961748633781,513100,-0.01092896174863367,513100,-0.010928961748633781,513100,-0.010928961748633781,513100,0,0,0,0
2019-01-24,0.0008499787505311662,513100,0.0008499787505311662,513100,0.0008499787505311662,513100,0.0008499787505311662,513100,0.0008499787505311662,513100,0.0008499787505311662,513100,0.0008499787505311662,513100,0,0,0,0
2019-01-25,0.006794055201698512,513100,0.006794055201698512,513100,0.006794055201698512,513100,0.006794055201698512,513100,0.006794055201698512,513100,0.006794055201698512,513100,0.006794055201698512,513100,0,0,0,0
2019-01-28,-0.000421762969211148,513100,-0.000421762969211259,513100,-0.000421762969211259,513100,-0.00042176296921137,513100,-0.000421762969211259,513100,-0.000421762969211259,513100,-0.000421762969211259,513100,0,0,0,0
2019-01-29,-0.010548523206751037,513100,-0.010548523206751037,513100,-0.010548523206751037,513100,-0.010548523206751037,513100,-0.010548523206750926,513100,-0.010548523206751037,513100,-0.010548523206751037,513100,0,0,0,0
2019-01-30,-0.0025586353944564433,513100,-0.0025586353944563323,513100,-0.0025586353944563323,513100,-0.0025586353944564433,513100,-0.0025586353944563323,513100,-0.0025586353944563323,513100,-0.0025586353944564433,513100,0,0,0,0
2019-01-31,0.0239418554938009,513100,0.0239418554938009,513100,0.0239418554938009,513100,0.0239418554938009,513100,0.0239418554938009,513100,0.0239418554938009,513100,0.0239418554938009,513100,0,0,0,0
2019-02-01,0.013361169102296566,513100,0.013361169102296566,513100,0.013361169102296566,513100,0.013361169102296566,513100,0.013361169102296566,513100,0.013361169102296566,513100,0.013361169102296566,513100,0,0,0,0
2019-02-11,0.0049443757725586845,513100,0.0049443757725586845,513100,0.0049443757725586845,513100,0.0049443757725586845,513100,0.0049443757725586845,513100,0.0049443757725586845,513100,0.0049443757725586845,513100,0,0,0,0
2019-02-12,0.00820008200082012,513100,0.00820008200082012,513100,0.00820008200082012,513100,0.007998441984419902,510300,0.00820008200082012,513100,0.007998441984419902,510300,0.007998441984419902,510300,0,0,0,0
2019-02-13,0.011793411956079636,513100,0.011793411956079636,513100,0.011793411956079636,513100,0.020758122743682383,510300,0.011793411956079636,513100,0.020758122743682383,510300,0.020758122743682383,510300,0,0,0,0
2019-02-14,-0.003215434083601254,513100,-0.003215434083601254,513100,-0.003215434083601143,513100,0.001178897730621964,510300,-0.003215434083601143,513100,0.001178897730621964,510300,0.001178897730621964,510300,0,0,0,0
2019-02-15,-0.008870967741935298,513100,-0.008870967741935298,513100,-0.008870967741935298,513100,-0.016485133941713026,510300,-0.00887096774193541,513100,-0.016485133941713026,510300,-0.016485133941713026,510300,0,0,0,0
2019-02-18,0.013425549227013889,513100,0.013425549227013889,513100,0.013425549227013889,513100,0.029033223585752665,510300,0.013425549227013889,513100,0.029033223585752665,510300,0.029033223585752665,510300,0,0,0,0
2019-02-19,0.0008028904054595554,513100,0.0008028904054595554,513100,0.0008028904054595554,513100,-0.002617801047120505,510300,0.0008028904054595554,513100,-0.002617801047120505,510300,-0.002617801047120505,510300,0,0,0,0
2019-02-20,-0.0072202166064979645,513100,-0.0072202166064978535,513100,-0.0072202166064978535,513100,0.002624671916010568,510300,-0.0072202166064979645,513100,0.002624671916010568,510300,0.002624671916010568,510300,0,0,0,0
2019-02-21,0.00040404040404040664,513100,0.00040404040404040664,513100,0.00040404040404040664,513100,-0.0011634671320533974,510300,0.00040404040404040664,513100,-0.0011634671320535084,510300,-0.0011634671320533974,510300,0,0,0,0
2019-02-22,-0.005449353796445844,510300,-0.005449353796445844,510300,-0.005449353796445733,510300,0.026585556202679106,159915,-0.005449353796445733,510300,0.026585556202678884,159915,0.02679091438555603,510300,0,0,0,0
2019-02-25,0.07040414066931389,159915,0.07040414066931389,159915,0.07040414066931389,159915,0.06116642958748231,159915,0.07061826432217821,510300,0.06116642958748231,159915,0.07040414066931366,159915,0,0,0,0
2019-02-26,-0.00871313672922236,159915,-0.00871313672922247,159915,-0.00871313672922247,159915,-0.00871313672922247,159915,-0.022712052980132458,159915,-0.00871313672922247,159915,-0.00871313672922247,159915,0,0,0,0
2019-02-27,-0.014198782961460377,159915,-0.014198782961460488,159915,-0.014198782961460599,159915,-0.014198782961460488,159915,-0.014198782961460377,159915,-0.014198782961460488,159915,-0.014198782961460488,159915,0,0,0,0
2019-02-28,0.008230452674897082,159915,0.008230452674897082,159915,0.008230452674897082,159915,0.008230452674897082,159915,0.008230452674897082,159915,0.008230452674897082,159915,0.008230452674897082,159915,0,0,0,0
2019-03-01,0.020408163265306145,159915,0.020408163265306145,159915,0.020408163265306145,159915,0.020408163265306145,159915,0.020408163265306145,159915,0.020408163265306145,159915,0.020408163265306145,159915,0,0,0,0
2019-03-04,0.03733333333333344,159915,0.03733333333333344,159915,0.03733333333333344,159915,0.03733333333333344,159915,0.03733333333333344,159915,0.03733333333333344,159915,0.03733333333333344,159915,0,0,0,0
2019-03-05,0.03791773778920304,159915,0.03791773778920304,159915,0.03791773778920304,159915,0.03791773778920304,159915,0.03791773778920304,159915,0.03791773778920304,159915,0.03791773778920304,159915,0,0,0,0
2019-03-06,0.01238390092879249,159915,0.01238390092879249,159915,0.01238390092879249,159915,0.01238390092879249,159915,0.01238390092879249,159915,0.01238390092879249,159915,0.01238390092879249,159915,0,0,0,0
2019-03-07,-0.008562691131498434,159915,-0.008562691131498434,159915,-0.008562691131498434,159915,-0.008562691131498434,159915,-0.008562691131498434,159915,-0.008562691131498434,159915,-0.008562691131498434,159915,0,0,0,0
2019-03-08,-0.022825416409623656,159915,-0.022825416409623656,159915,-0.022825416409623656,159915,-0.022825416409623656,159915,-0.022825416409623656,159915,-0.022825416409623656,159915,-0.022825416409623656,159915,0,0,0,0
2019-03-11,0.04671717171717171,159915,0.04671717171717171,159915,0.04671717171717171,159915,0.04671717171717171,159915,0.04671717171717171,159915,0.04671717171717171,159915,0.04671717171717171,159915,0,0,0,0
2019-03-12,0.022919179734619988,159915,0.022919179734619988,159915,0.022919179734619988,159915,0.022919179734619988,159915,0.022919179734619988,159915,0.022919179734619988,159915,0.022919179734619988,159915,0,0,0,0
2019-03-13,-0.046181367924528094,510500,-0.046181367924528205,510500,-0.046181367924528316,510500,-0.046181367924528316,510500,-0.046181367924528316,510500,-0.046181367924528205,510500,-0.046181367924528094,510500,0,0,0,0
2019-03-14,-0.023499326773692153,159915,-0.023499326773692264,159915,-0.023499326773692264,159915,-0.023499326773692264,159915,-0.023303987571206553,510500,-0.023303987571206553,510500,-0.023303987571206553,510500,0,0,0,0
2019-03-15,0.0037902716361339905,159915,0.0037902716361339905,159915,0.0037902716361339905,159915,0.0037902716361339905,159915,0.010755744079179674,159915,0.010957935666312979,510500,0.010957935666312979,510500,0,0,0,0
2019-03-18,0.028319697923222087,159915,0.028319697923222087,159915,0.028319697923222087,159915,0.028319697923222087,159915,0.028319697923222087,159915,0.03178660839160852,159915,0.031993006993007,510500,0,0,0,0
2019-03-19,-0.0006119951040389759,159915,-0.000611995104039087,159915,-0.0006119951040389759,159915,-0.000611995104039087,159915,-0.000611995104039087,159915,-0.000611995104039087,159915,-0.0018634592580041298,510500,0,0,0,0
2019-03-20,-0.012247397428046591,159915,-0.01224739742804648,159915,-0.012247397428046591,159915,-0.012247397428046591,159915,-0.012247397428046591,159915,-0.012247397428046591,159915,0.0001697216564833237,510500,0,0,0,0
2019-03-21,0.008679479231246123,159915,0.008679479231246123,159915,0.008679479231246123,159915,0.008679479231246123,159915,0.008679479231246123,159915,0.008679479231246123,159915,0.011030035635499758,510500,0,0,0,0
2019-03-22,-0.00368776889981548,159915,-0.003687768899815369,159915,-0.00368776889981548,159915,-0.00368776889981548,159915,-0.00368776889981548,159915,-0.00368776889981548,159915,0.010741859684457955,510500,0,0,0,0
2019-03-25,-0.014188772362739077,159915,-0.014188772362738966,159915,-0.014188772362738966,159915,-0.014188772362738966,159915,-0.014188772362738966,159915,-0.014188772362738966,159915,-0.014447027565592907,510500,0,0,0,0
2019-03-26,-0.026282853566958697,159915,-0.026282853566958697,159915,-0.026282853566958586,159915,-0.026282853566958697,159915,-0.026282853566958586,159915,-0.026282853566958697,159915,-0.03018557708508851,513100,0,0,0,0
2019-03-27,0.007712082262210762,159915,0.007712082262210762,159915,0.007712082262210762,159915,0.007712082262210762,159915,0.007712082262210762,159915,0.007712082262210762,159915,0.0070367474589523304,513100,0,0,0,0
2019-03-28,-0.007653061224489832,159915,-0.007653061224489832,159915,-0.007653061224489832,159915,-0.007653061224489832,159915,-0.007653061224489832,159915,-0.007653061224489832,159915,-0.010869565217391353,513100,0,0,0,0
2019-03-29,0.04370179948586128,159915,0.04370179948586128,159915,0.04370179948586128,159915,0.04370179948586128,159915,0.04370179948586128,159915,0.04370179948586128,159915,0.008241758241758212,513100,0,0,0,0
2019-04-01,0.04310344827586188,159915,0.04310344827586188,159915,0.04310344827586188,159915,0.04310344827586188,159915,0.04310344827586188,159915,0.04310344827586188,159915,0.013623978201634968,513100,0,0,0,0
2019-04-02,-0.007083825265643551,159915,-0.00708382526564344,159915,-0.007083825265643551,159915,-0.00708382526564344,159915,-0.00708382526564344,159915,-0.007083825265643551,159915,0.003456221198156584,513100,0,0,0,0
2019-04-03,0.010701545778834642,159915,0.010701545778834642,159915,0.010701545778834642,159915,0.010701545778834642,159915,0.010701545778834642,159915,0.01049940546967898,513100,0.007654037504783773,513100,0,0,0,0
2019-04-04,0.0005882352941177782,159915,0.0005882352941177782,159915,0.0005882352941177782,159915,0.00038811764705881657,510300,0.0005882352941177782,159915,0.0011393847322447304,513100,0.0011393847322447304,513100,0,0,0,0
2019-04-08,-0.021359788359788356,510300,-0.021359788359788356,510300,-0.021359788359788356,510300,-0.00640078778926656,510300,-0.021359788359788356,510300,0.003414264036418757,513100,0.0032135811836113692,510300,0,0,0,0
2019-04-09,0.005946481665014769,510300,0.005946481665014769,510300,0.005946481665014769,510300,0.005946481665014769,510300,0.005946481665014769,510300,0.0009339886578452194,510300,0.005946481665014769,510300,0,0,0,0
2019-04-10,0.001477832512315258,510300,0.001477832512315258,510300,0.001477832512315258,510300,0.001477832512315258,510300,0.001477832512315258,510300,0.001477832512315258,510300,0.001477832512315258,510300,0,0,0,0
2019-04-11,-0.017215937038858597,510300,-0.01721593703885871,510300,-0.01721593703885882,510300,-0.01721593703885871,510300,-0.01721593703885871,510300,-0.01721593703885871,510300,-0.017215937038858597,510300,0,0,0,0
2019-04-12,-0.00350350350350348,510300,-0.00350350350350348,510300,-0.003503503503503591,510300,-0.00350350350350348,510300,-0.00350350350350348,510300,-0.00350350350350348,510300,-0.00350350350350348,510300,0,0,0,0
2019-04-15,-0.006278252134605977,510300,-0.006278252134605977,510300,-0.006278252134605977,510300,-0.006278252134605866,510300,-0.006278252134605977,510300,-0.006278252134605977,510300,-0.006278252134605977,510300,0,0,0,0
2019-04-16,0.030326004548900665,510300,0.030326004548900665,510300,0.030326004548900665,510300,0.030326004548900665,510300,0.030326004548900665,510300,0.030326004548900665,510300,0.030326004548900665,510300,0,0,0,0
2019-04-17,-0.002452783909737466,510300,-0.002452783909737577,510300,-0.002452783909737466,510300,-0.002452783909737577,510300,-0.002452783909737577,510300,-0.002452783909737466,510300,-0.002452783909737466,510300,0,0,0,0
2019-04-18,-0.001721170395869276,510300,-0.001721170395869387,510300,-0.001721170395869276,510300,-0.0017211703958691649,510300,-0.001721170395869276,510300,-0.0017211703958691649,510300,-0.001721170395869276,510300,0,0,0,0
2019-04-19,0.014778325123152802,510300,0.014778325123152802,510300,0.014778325123152802,510300,0.014778325123152802,510300,0.014778325123152802,510300,0.014778325123152802,510300,0.014778325123152802,510300,0,0,0,0
2019-04-22,-0.0249999999999998,510300,-0.0249999999999998,510300,-0.02499999999999991,510300,-0.025194999999999856,513100,-0.02499999999999991,510300,-0.025194999999999856,513100,-0.025194999999999856,513100,0,0,0,0
2019-04-23,-0.0017425939756038344,510300,-0.0017425939756038344,510300,-0.0017425939756039455,510300,0.0074654721911160404,513100,-0.0017425939756038344,510300,0.0074654721911160404,513100,0.0074654721911160404,513100,0,0,0,0
2019-04-24,0.0014962593516210099,510300,0.0014962593516210099,510300,0.0014962593516210099,510300,0.015561319007039831,513100,0.0014962593516210099,510300,0.015561319007039831,513100,0.015561319007039831,513100,0,0,0,0
2019-04-25,-0.020667330677290874,510300,-0.020667330677290874,510300,-0.020667330677290874,510300,0.00693177672382328,513100,-0.020667330677290874,510300,0.00693177672382328,513100,0.00693177672382328,513100,0,0,0,0
2019-04-26,-0.01392723112128147,513100,-0.013927231121281247,513100,-0.01392723112128147,513100,0.006521739130434856,513100,-0.01392723112128147,513100,0.006521739130434856,513100,0.006521739130434856,513100,0,0,0,0
2019-04-29,0.012958963282937441,513100,0.012958963282937441,513100,0.012958963282937441,513100,0.012958963282937441,513100,0.012958963282937441,513100,0.012958963282937441,513100,0.012958963282937441,513100,0,0,0,0
2019-04-30,-0.0024875621890545485,513100,-0.0024875621890546595,513100,-0.0024875621890546595,513100,-0.0024875621890545485,513100,-0.0024875621890546595,513100,-0.0024875621890546595,513100,-0.0024875621890545485,513100,0,0,0,0
2019-05-06,-0.028500178126113274,513100,-0.028500178126113274,513100,-0.028500178126113274,513100,-0.028694478090487974,518880,-0.028500178126113274,513100,-0.028694478090487974,518880,-0.028694478090488085,518880,0,0,0,0
2019-05-07,0.011001100110010986,513100,0.011001100110010986,513100,0.011001100110010986,513100,-0.0023477980665951304,513100,0.011001100110010986,513100,-0.0023477980665953524,513100,-0.0023477980665952414,513100,0,0,0,0
2019-05-08,-0.019223793978962678,513100,-0.019223793978962678,513100,-0.019223793978962678,513100,-0.019223793978962678,513100,-0.019223793978962678,513100,-0.019223793978962678,513100,-0.01922379397896279,513100,0,0,0,0
2019-05-09,-0.006656804733727761,513100,-0.006656804733727761,513100,-0.006656804733727761,513100,-0.006656804733727761,513100,-0.006656804733727761,513100,-0.00665680473372765,513100,-0.006656804733727761,513100,0,0,0,0
2019-05-10,0.0011169024571855424,513100,0.0011169024571855424,513100,0.0011169024571855424,513100,0.0011169024571855424,513100,0.0011169024571855424,513100,0.0011169024571855424,513100,0.0011169024571855424,513100,0,0,0,0
2019-05-13,-0.0037188545927854255,513100,-0.0037188545927855365,513100,-0.0037188545927854255,513100,-0.0037188545927854255,513100,-0.0037188545927854255,513100,-0.0037188545927853145,513100,-0.0037188545927853145,513100,0,0,0,0
2019-05-14,-0.020725942515863904,518880,-0.020725942515864015,518880,-0.020725942515864015,518880,-0.020725942515864126,518880,-0.020725942515864126,518880,-0.020725942515864015,518880,-0.020725942515864237,518880,0,0,0,0
2019-05-15,-0.004898530440867965,518880,-0.004898530440868076,518880,-0.004898530440867965,518880,-0.004898530440867965,518880,-0.004898530440868076,518880,-0.004898530440867965,518880,-0.004898530440867854,518880,0,0,0,0
2019-05-16,0.004922644163150469,518880,0.004922644163150469,518880,0.004922644163150469,518880,0.004922644163150469,518880,0.004922644163150469,518880,0.004922644163150469,518880,0.004922644163150469,518880,0,0,0,0
2019-05-17,-0.0013995801259621965,518880,-0.0013995801259621965,518880,-0.0013995801259621965,518880,-0.0013995801259621965,518880,-0.0013995801259621965,518880,-0.0013995801259621965,518880,-0.0013995801259621965,518880,0,0,0,0
2019-05-20,-0.006657323055361153,518880,-0.006657323055361042,518880,-0.006657323055361042,518880,-0.006657323055361042,518880,-0.006657323055360931,518880,-0.006657323055361042,518880,-0.006657323055360931,518880,0,0,0,0
2019-05-21,-0.0003527336860670305,518880,-0.0003527336860671415,518880,-0.0003527336860670305,518880,-0.0003527336860670305,518880,-0.0003527336860670305,518880,-0.0003527336860670305,518880,-0.0003527336860671415,518880,0,0,0,0
2019-05-22,0.0,518880,0.0,518880,0.0,518880,0.0,518880,0.0,518880,0.0,518880,0.0,518880,0,0,0,0
2019-05-23,0.0024700070571630484,518880,0.0024700070571630484,518880,0.0024700070571630484,518880,0.0024700070571630484,518880,0.0024700070571630484,518880,0.0024700070571630484,518880,0.0024700070571630484,518880,0,0,0,0
2019-05-24,0.0052798310454065245,518880,0.0052798310454065245,518880,0.0052798310454065245,518880,0.0052798310454065245,518880,0.0052798310454065245,518880,0.0052798310454065245,518880,0.0052798310454065245,518880,0,0,0,0
2019-05-27,0.0007002801120448154,518880,0.0007002801120448154,518880,0.0007002801120448154,518880,0.0007002801120448154,518880,0.0007002801120448154,518880,0.0007002801120448154,518880,0.0007002801120448154,518880,0,0,0,0
2019-05-28,-0.0013995801259621965,518880,-0.0013995801259621965,518880,-0.0013995801259621965,518880,-0.0013995801259621965,518880,-0.0013995801259621965,518880,-0.0013995801259621965,518880,-0.0013995801259621965,518880,0,0,0,0
2019-05-29,0.0024526979677645944,518880,0.0024526979677645944,518880,0.0024526979677645944,518880,0.0024526979677645944,518880,0.0024526979677645944,518880,0.0024526979677645944,518880,0.0024526979677645944,518880,0,0,0,0
2019-05-30,-0.004893393918210642,518880,-0.004893393918210753,518880,-0.004893393918210642,518880,-0.004893393918210642,518880,-0.004893393918210753,518880,-0.004893393918210642,518880,-0.004893393918210531,518880,0,0,0,0
2019-05-31,0.010888654724271252,518880,0.010888654724271252,518880,0.010888654724271252,518880,0.010888654724271252,518880,0.010888654724271252,518880,0.010888654724271252,518880,0.010888654724271252,518880,0,0,0,0
2019-06-03,0.012306184850590762,512400,0.012306184850590762,512400,0.012306184850590762,512400,0.012306184850590762,512400,0.01230618485059054,512400,0.012306184850590762,512400,0.01230618485059054,512400,0,0,0,0
2019-06-04,-0.014128728414442793,512400,-0.014128728414442793,512400,-0.014128728414442793,512400,-0.014128728414442793,512400,-0.014128728414442793,512400,-0.014128728414442682,512400,-0.014128728414442682,512400,0,0,0,0
2019-06-05,0.009554140127388644,512400,0.009554140127388644,512400,0.009554140127388644,512400,0.009554140127388644,512400,0.009554140127388644,512400,0.009554140127388644,512400,0.009554140127388644,512400,0,0,0,0
2019-06-06,-0.006309148264984299,512400,-0.006309148264984188,512400,-0.006309148264984188,512400,-0.006309148264984188,512400,-0.006309148264984188,512400,-0.006309148264984077,512400,-0.006309148264984188,512400,0,0,0,0
2019-06-10,0.00952380952380949,512400,0.00952380952380949,512400,0.00952380952380949,512400,0.00952380952380949,512400,0.00952380952380949,512400,0.00952380952380949,512400,0.00952380952380949,512400,0,0,0,0
2019-06-11,0.02672955974842761,512400,0.02672955974842761,512400,0.02672955974842761,512400,0.02672955974842761,512400,0.02672955974842761,512400,0.02672955974842761,512400,0.02672955974842761,512400,0,0,0,0
2019-06-12,0.012251148545176171,512400,0.012251148545176171,512400,0.012251148545176171,512400,0.012251148545176171,512400,0.012251148545176171,512400,0.012251148545176171,512400,0.012251148545176171,512400,0,0,0,0
2019-06-13,-0.001512859304084846,512400,-0.001512859304084846,512400,-0.001512859304084846,512400,-0.001512859304084846,512400,-0.001512859304084846,512400,-0.001512859304084735,512400,-0.001512859304084846,512400,0,0,0,0
2019-06-14,-0.00757575757575768,512400,-0.00757575757575768,512400,-0.007575757575757569,512400,-0.00757575757575768,512400,-0.00757575757575768,512400,-0.00757575757575768,512400,-0.00757575757575768,512400,0,0,0,0
2019-06-17,0.010687022900763399,512400,0.010687022900763399,512400,0.010687022900763399,512400,0.010687022900763399,512400,0.010687022900763399,512400,0.010687022900763399,512400,0.010687022900763399,512400,0,0,0,0
2019-06-18,-0.0166163141993958,512400,-0.01661631419939591,512400,-0.0166163141993958,512400,-0.0166163141993958,512400,-0.016616314199395688,512400,-0.0166163141993958,512400,-0.01661631419939591,512400,0,0,0,0
2019-06-19,0.001536098310291889,512400,0.001536098310291889,512400,0.001536098310291889,512400,0.001536098310291889,512400,0.001536098310291889,512400,0.001536098310291889,512400,0.001536098310291889,512400,0,0,0,0
2019-06-20,0.01840490797546024,512400,0.01840490797546024,512400,0.01840490797546024,512400,0.01840490797546024,512400,0.01840490797546024,512400,0.01840490797546024,512400,0.01840490797546024,512400,0,0,0,0
2019-06-21,0.016566265060240948,512400,0.016566265060240948,512400,0.016566265060240948,512400,0.016566265060240948,512400,0.016566265060240948,512400,0.016566265060240948,512400,0.016566265060240948,512400,0,0,0,0
2019-06-24,0.00592592592592589,512400,0.00592592592592589,512400,0.00592592592592589,512400,0.00592592592592589,512400,0.00592592592592589,512400,0.00592592592592589,512400,0.00592592592592589,512400,0,0,0,0
2019-06-25,0.004418262150220897,512400,0.004418262150220897,512400,0.004418262150220897,512400,0.004418262150220897,512400,0.004418262150220897,512400,0.004418262150220897,512400,0.004418262150220897,512400,0,0,0,0
2019-06-26,-0.024926686217008776,512400,-0.024926686217008776,512400,-0.024926686217008776,512400,-0.025121700879765396,510300,-0.024926686217008776,512400,-0.025121700879765285,510300,-0.025121700879765285,510300,0,0,0,0
2019-06-27,0.004511278195488799,512400,0.004511278195488799,512400,0.004511278195488799,512400,0.011000523834468368,510300,0.004511278195488799,512400,0.011000523834468368,510300,0.011000523834468368,510300,0,0,0,0
2019-06-28,-0.00768353293413182,510300,-0.007683532934131709,510300,-0.007683532934131709,510300,-0.0002590673575129099,510300,-0.00768353293413182,510300,-0.00025906735751279886,510300,-0.0002590673575129099,510300,0,0,0,0
2019-07-01,0.0246177766260689,510300,0.0246177766260689,510300,0.0246177766260689,510300,0.0246177766260689,510300,0.0246177766260689,510300,0.0246177766260689,510300,0.0246177766260689,510300,0,0,0,0
2019-07-02,0.0015174506828528056,510300,0.0015174506828528056,510300,0.0015174506828528056,510300,0.0015174506828528056,510300,0.0015174506828528056,510300,0.0015174506828528056,510300,0.0015174506828528056,510300,0,0,0,0
2019-07-03,-0.008333333333333304,510300,-0.008333333333333304,510300,-0.008333333333333304,510300,-0.008333333333333193,510300,-0.008333333333333304,510300,-0.008333333333333304,510300,-0.008333333333333415,510300,0,0,0,0
2019-07-04,-0.006620830150241952,510300,-0.006620830150241952,510300,-0.006620830150241952,510300,-0.006620830150241841,510300,-0.006620830150241952,510300,-0.006620830150241952,510300,-0.006620830150241841,510300,0,0,0,0
2019-07-05,0.005126890540886997,510300,0.005126890540886997,510300,0.005126890540886997,510300,0.005126890540886997,510300,0.005126890540886997,510300,0.005126890540886997,510300,0.005126890540886997,510300,0,0,0,0
2019-07-08,-0.02295332823259366,510300,-0.02295332823259366,510300,-0.02295332823259366,510300,-0.02314873756694713,513100,-0.02295332823259355,510300,-0.02314873756694713,513100,-0.02314873756694702,513100,0,0,0,0
2019-07-09,-0.002349256068911454,510300,-0.002349256068911454,510300,-0.002349256068911454,510300,-0.00756211739287016,513100,-0.002349256068911454,510300,-0.007562117392870382,513100,-0.007562117392870271,513100,0,0,0,0
2019-07-10,0.0002616431187858481,510300,0.0002616431187858481,510300,0.0002616431187858481,510300,0.011248185776487674,513100,0.0002616431187858481,510300,0.011248185776487674,513100,0.011248185776487674,513100,0,0,0,0
2019-07-11,6.15223646349694e-05,513100,0.0002615746795708862,510300,0.0002615746795708862,510300,0.012558306422676857,513100,0.0002615746795708862,510300,0.012558306422676857,513100,0.012558306422676857,513100,0,0,0,0
2019-07-12,-0.0017717930545712024,513100,0.008106694560669592,510300,0.008106694560669592,510300,-0.0017717930545713134,513100,0.008106694560669592,510300,-0.0017717930545713134,513100,-0.0017717930545712024,513100,0,0,0,0
2019-07-15,0.008164714235001647,513100,0.0036316472114137355,510300,0.0036316472114137355,510300,0.008164714235001647,513100,0.0036316472114137355,510300,0.008164714235001647,513100,0.008164714235001647,513100,0,0,0,0
2019-07-16,0.0031690140845070935,513100,-0.00413543551305251,510300,-0.00413543551305251,510300,0.0031690140845070935,513100,-0.00413543551305251,510300,0.0031690140845070935,513100,0.0031690140845070935,513100,0,0,0,0
2019-07-17,-0.005265005265005285,513100,-0.0015572281339216731,510300,-0.0015572281339216731,510300,-0.005265005265005285,513100,-0.0015572281339216731,510300,-0.005265005265005285,513100,-0.005265005265005285,513100,0,0,0,0
2019-07-18,-0.011291460832745348,513100,-0.006697270600467875,513100,-0.006697270600467875,513100,-0.011291460832745459,513100,-0.006697270600467875,513100,-0.011291460832745348,513100,-0.011291460832745237,513100,0,0,0,0
2019-07-19,0.011777301927194728,513100,0.011777301927194728,513100,0.011777301927194728,513100,0.011777301927194728,513100,0.011777301927194728,513100,0.011777301927194728,513100,0.011777301927194728,513100,0,0,0,0
2019-07-22,-0.010934744268077501,513100,-0.010934744268077501,513100,-0.010934744268077501,513100,-0.010934744268077501,513100,-0.010934744268077501,513100,-0.01093474426807739,513100,-0.010934744268077501,513100,0,0,0,0
2019-07-23,0.011055634807418002,513100,0.011055634807418002,513100,0.011055634807418002,513100,0.011055634807418002,513100,0.011055634807418002,513100,0.011055634807418002,513100,0.011055634807418002,513100,0,0,0,0
2019-07-24,0.004232804232804144,513100,0.004232804232804144,513100,0.004232804232804144,513100,0.004232804232804144,513100,0.004232804232804144,513100,0.004232804232804144,513100,0.004232804232804144,513100,0,0,0,0
2019-07-25,0.008078679311556147,513100,0.008078679311556147,513100,0.008078679311556147,513100,0.008078679311556147,513100,0.008078679311556147,513100,0.008078679311556147,513100,0.008078679311556147,513100,0,0,0,0
2019-07-26,-0.0055749128919860835,513100,-0.0055749128919860835,513100,-0.0055749128919860835,513100,-0.0055749128919861946,513100,-0.0055749128919860835,513100,-0.0055749128919860835,513100,-0.0055749128919861946,513100,0,0,0,0
2019-07-29,0.0042046250875964475,513100,0.0042046250875964475,513100,0.0042046250875964475,513100,0.0042046250875964475,513100,0.0042046250875964475,513100,0.0042046250875964475,513100,0.0042046250875964475,513100,0,0,0,0
2019-07-30,-0.0017445917655268817,513100,-0.0017445917655269927,513100,-0.0017445917655268817,513100,-0.0017445917655268817,513100,-0.0017445917655269927,513100,-0.0017445917655268817,513100,-0.0017445917655268817,513100,0,0,0,0
2019-07-31,-0.0024466969591053767,513100,-0.0024466969591053767,513100,-0.0024466969591053767,513100,-0.0024466969591054877,513100,-0.0024466969591053767,513100,-0.0024466969591054877,513100,-0.0024466969591054877,513100,0,0,0,0
2019-08-01,-0.014365802382620974,513100,-0.014365802382620863,513100,-0.014365802382620863,513100,-0.014365802382620863,513100,-0.014365802382620751,513100,-0.014562929222144194,159915,-0.014562929222144194,159915,0,0,0,0
2019-08-02,0.00177746178457161,513100,0.00177746178457161,513100,0.00177746178457161,513100,0.00177746178457161,513100,0.00177746178457161,513100,-0.009894459102902542,159915,-0.00989445910290232,159915,0,0,0,0
2019-08-05,-0.01029098651525906,513100,-0.01029098651525906,513100,-0.01029098651525906,513100,-0.01029098651525917,513100,-0.01029098651525906,513100,-0.01865423051299131,159915,-0.01865423051299131,159915,0,0,0,0
2019-08-06,-0.01991638580136257,518880,-0.01991638580136257,518880,-0.01991638580136268,518880,-0.01991638580136257,518880,-0.01991638580136257,518880,-0.015132518669382145,518880,-0.015132518669382367,518880,0,0,0,0
2019-08-07,0.02032766990291268,518880,0.02032766990291268,518880,0.02032766990291268,518880,0.02032766990291268,518880,0.02032766990291268,518880,0.02032766990291268,518880,0.02032766990291268,518880,0,0,0,0
2019-08-08,0.006839131727624181,518880,0.006839131727624181,518880,0.006839131727624181,518880,0.006839131727624181,518880,0.006839131727624181,518880,0.006839131727624181,518880,0.006839131727624181,518880,0,0,0,0
2019-08-09,0.005020673360897732,518880,0.005020673360897732,518880,0.005020673360897732,518880,0.005020673360897732,518880,0.005020673360897732,518880,0.005020673360897732,518880,0.005020673360897732,518880,0,0,0,0
2019-08-12,-0.0061710255656772794,518880,-0.0061710255656772794,518880,-0.0061710255656772794,518880,-0.0061710255656772794,518880,-0.0061710255656772794,518880,-0.006171025565677168,518880,-0.0061710255656772794,518880,0,0,0,0
2019-08-13,0.024541691306918967,518880,0.024541691306918967,518880,0.024541691306918967,518880,0.024541691306918967,518880,0.024541691306918967,518880,0.024541691306918967,518880,0.024541691306918967,518880,0,0,0,0
2019-08-14,-0.025685425685425645,518880,-0.025685425685425756,518880,-0.025685425685425645,518880,-0.025880288600288348,512400,-0.025685425685425645,518880,-0.02588028860028846,512400,-0.02588028860028857,512400,0,0,0,0
2019-08-15,0.011255924170616272,518880,0.011255924170616272,518880,0.011255924170616272,518880,-0.006079027355623157,512400,0.011255924170616272,518880,-0.006079027355623046,512400,-0.006079027355623157,512400,0,0,0,0
2019-08-16,0.0014645577035734547,518880,0.0014645577035734547,518880,0.0014645577035734547,518880,0.004587155963302836,512400,0.0014645577035734547,518880,0.004587155963302836,512400,0.004587155963302836,512400,0,0,0,0
2019-08-19,-0.004972214097689331,518880,-0.004972214097689331,518880,-0.004972214097689331,518880,0.010654490106544845,512400,-0.00497221409768922,518880,0.010654490106544845,512400,0.010452359208523498,159915,0,0,0,0
2019-08-20,-0.004115226337448763,518880,-0.004115226337448874,518880,-0.004115226337448763,518880,0.010542168674698704,512400,-0.004115226337448763,518880,0.010542168674698704,512400,-0.00956632653061229,159915,0,0,0,0
2019-08-21,0.0008854781582054994,518880,0.0008854781582054994,518880,0.0008854781582054994,518880,-0.011922503725782518,512400,0.0008854781582054994,518880,-0.011922503725782518,512400,-0.0025756600128784557,159915,0,0,0,0
2019-08-22,0.0029489826010025144,518880,0.0029489826010025144,518880,0.0029489826010025144,518880,-0.0015082956259425684,512400,0.0029489826010025144,518880,-0.0015082956259426794,512400,0.0032278889606198735,159915,0,0,0,0
2019-08-23,-0.000882093501911152,518880,-0.000882093501911152,518880,-0.000882093501911152,518880,-0.0045317220543807935,512400,-0.000882093501911152,518880,-0.0045317220543807935,512400,0.0006435006435006052,159915,0,0,0,0
2019-08-26,0.03590347263095928,518880,0.03590347263095928,518880,0.03590347263095928,518880,0.006069802731411222,512400,0.03590347263095928,518880,0.006069802731411222,512400,-0.009646302250803651,159915,0,0,0,0
2019-08-27,0.0005681818181817455,518880,0.0005681818181817455,518880,0.0005681818181817455,518880,0.007541478129713397,512400,0.0005681818181817455,518880,0.007541478129713397,512400,0.01753246753246751,159915,0,0,0,0
2019-08-28,0.0005678591709257219,518880,0.0005678591709257219,518880,0.0005678591709257219,518880,-0.005988023952095856,512400,0.0005678591709257219,518880,-0.0059880239520957446,512400,-0.0012763241863432695,159915,0,0,0,0
2019-08-29,0.01163450624290574,518880,0.01163450624290574,518880,0.01163450624290574,518880,0.003012048192771122,512400,0.01163450624290574,518880,0.003012048192771122,512400,-0.004472843450479269,159915,0,0,0,0
2019-08-30,-0.015988779803646436,518880,-0.015988779803646547,518880,-0.015988779803646436,518880,0.0,512400,-0.015988779803646325,518880,0.0,512400,-0.005776636713735517,159915,0,0,0,0
2019-09-02,-0.0034207525655644,518880,-0.0034207525655644,518880,-0.0034207525655644,518880,0.01180960960960964,510500,-0.0034207525655644,518880,0.01180960960960964,510500,0.02775984506132989,159915,0,0,0,0
2019-09-03,0.004290617848970335,518880,0.004290617848970335,518880,0.004290617848970335,518880,0.005547337278106301,510500,0.004290617848970335,518880,0.005547337278106301,510500,0.0018844221105527303,159915,0,0,0,0
2019-09-04,0.0035019082882370434,510500,0.0035019082882370434,510500,0.0035019082882368213,510500,0.014895182052225175,510500,0.0035019082882368213,510500,0.014895182052225175,510500,0.007523510971786829,159915,0,0,0,0
2019-09-05,0.006341728574017047,510500,0.006341728574017047,510500,0.006341728574017047,510500,0.006341728574017047,510500,0.006341728574017047,510500,0.006341728574017047,510500,0.012445550715619147,159915,0,0,0,0
2019-09-06,0.0028808066258552145,510500,0.0028808066258552145,510500,0.0028808066258552145,510500,0.0028808066258552145,510500,0.0028808066258552145,510500,0.0028808066258552145,510500,0.0024585125998770607,159915,0,0,0,0
2019-09-09,0.019030520646319493,510500,0.019030520646319493,510500,0.019030520646319493,510500,0.019030520646319493,510500,0.019030520646319493,510500,0.019030520646319493,510500,0.02391171060698949,159915,0,0,0,0
2019-09-10,-0.0008809020436927328,510500,-0.0008809020436927328,510500,-0.0008809020436927328,510500,-0.0008809020436927328,510500,-0.0008809020436927328,510500,-0.0008809020436927328,510500,-0.005389221556886259,159915,0,0,0,0
2019-09-11,-0.004055722094868708,510500,-0.004055722094868819,510500,-0.004055722094868708,510500,-0.004055722094868597,510500,-0.004055722094868708,510500,-0.004055722094868819,510500,-0.013847080072245888,159915,0,0,0,0
2019-09-12,0.0026558073654392444,510500,0.0026558073654392444,510500,0.0026558073654392444,510500,0.0026558073654392444,510500,0.0026558073654392444,510500,0.0026558073654392444,510500,0.004683028083028118,510500,0,0,0,0
2019-09-16,0.0003531696980398902,510500,0.0003531696980398902,510500,0.0003531696980398902,510500,0.0003531696980398902,510500,0.0003531696980398902,510500,0.0003531696980398902,510500,0.0003531696980398902,510500,0,0,0,0
2019-09-17,-0.020829655781112177,510500,-0.020829655781112177,510500,-0.020829655781112177,510500,-0.02102548984995578,510300,-0.020829655781112177,510500,-0.021025489849955892,510300,-0.021025489849955892,159915,0,0,0,0
2019-09-18,0.0007211105101858628,510500,0.0007211105101858628,510500,0.0007211105101858628,510500,0.004101847633510403,510500,0.0007211105101858628,510500,0.004302708175145442,510300,-0.0006180469715699743,159915,0,0,0,0
2019-09-19,0.009007386056566258,510500,0.009007386056566258,510500,0.009007386056566258,510500,0.009007386056566258,510500,0.009007386056566258,510500,0.004788306451612989,510300,0.015460729746443969,159915,0,0,0,0
2019-09-20,0.0016068559185860032,510500,0.0016068559185860032,510500,0.0016068559185860032,510500,0.0016068559185860032,510500,0.0016068559185860032,510500,0.001304589917231036,510500,-0.0026355663824603193,510500,0,0,0,0
2019-09-23,-0.004099821746880727,510500,-0.004099821746880727,510500,-0.0040998217468808384,510500,-0.004099821746880616,510500,-0.004099821746880727,510500,-0.0040998217468808384,510500,-0.0040998217468808384,510500,0,0,0,0
2019-09-24,0.0003579738679078126,510500,0.0003579738679078126,510500,0.0003579738679078126,510500,0.0003579738679078126,510500,0.0003579738679078126,510500,0.0003579738679078126,510500,0.0003579738679078126,510500,0,0,0,0
2019-09-25,-0.01574521381284666,510500,-0.01574521381284666,510500,-0.01574521381284666,510500,-0.01574521381284666,510500,-0.01574521381284666,510500,-0.015745213812846548,510500,-0.01574521381284666,510500,0,0,0,0
2019-09-26,-0.022723141247046108,510500,-0.022723141247045997,510500,-0.022723141247045997,510500,-0.022918596618796472,513100,-0.022723141247045997,510500,-0.022918596618796583,513100,-0.022918596618796694,513100,0,0,0,0
2019-09-27,0.00465029761904745,510500,0.00465029761904745,510500,0.00465029761904745,510500,-0.0013990905911158702,513100,0.00465029761904745,510500,-0.0013990905911158702,513100,-0.0013990905911158702,513100,0,0,0,0
2019-09-30,-0.014071468246620977,510500,-0.014071468246620977,510500,-0.014071468246620977,510500,-0.007554045534150511,159915,-0.014071468246621088,510500,-0.0075540455341504,159915,-0.0075540455341504,159915,0,0,0,0
2019-10-08,0.002053070422534997,513100,0.002053070422534997,513100,0.002053070422534997,513100,-0.009115414012738965,513100,0.002053070422535219,513100,-0.009115414012738854,513100,-0.009115414012738854,513100,0,0,0,0
2019-10-09,-0.014598243765367114,518880,-0.014598243765367114,518880,-0.014598243765367114,518880,-0.014598243765367225,518880,-0.014598243765367003,518880,-0.014598243765366892,518880,-0.014598243765367114,518880,0,0,0,0
2019-10-10,-0.005232558139534826,518880,-0.005232558139534826,518880,-0.005232558139534826,518880,-0.005232558139534826,518880,-0.005232558139534937,518880,-0.005232558139534715,518880,-0.005232558139534826,518880,0,0,0,0
2019-10-11,-0.004967855055523107,518880,-0.004967855055523329,518880,-0.004967855055523218,518880,-0.004967855055523218,518880,-0.004967855055523218,518880,-0.004967855055523218,518880,-0.004967855055523218,518880,0,0,0,0
2019-10-14,-0.01439060205580045,518880,-0.014390602055800339,518880,-0.01439060205580045,518880,-0.01439060205580045,518880,-0.014390602055800339,518880,-0.014390602055800339,518880,-0.014587723935389207,513100,0,0,0,0
2019-10-15,0.002085816448152533,518880,0.002085816448152533,518880,0.002085816448152533,518880,0.002085816448152533,518880,0.002085816448152533,518880,0.002085816448152533,518880,0.0038354253835426455,513100,0,0,0,0
2019-10-16,-0.004064823074635737,513100,-0.004064823074635626,513100,-0.004064823074635626,513100,-0.004064823074635626,513100,-0.004064823074635626,513100,-0.004064823074635626,513100,0.008683570684265396,513100,0,0,0,0
2019-10-17,-0.0003443526170798794,513100,-0.0003443526170797684,513100,-0.0003443526170798794,513100,-0.0003443526170798794,513100,-0.00034435261707999043,513100,-0.0003443526170797684,513100,-0.00034435261707999043,513100,0,0,0,0
2019-10-18,-0.0013778849466068444,513100,-0.0013778849466069554,513100,-0.0013778849466069554,513100,-0.0013778849466069554,513100,-0.0013778849466069554,513100,-0.0013778849466068444,513100,-0.0013778849466069554,513100,0,0,0,0
2019-10-21,-0.005864091065884702,513100,-0.005864091065884702,513100,-0.005864091065884702,513100,-0.005864091065884813,513100,-0.005864091065884702,513100,-0.005864091065884702,513100,-0.005864091065884702,513100,0,0,0,0
2019-10-22,0.008674531575294964,513100,0.008674531575294964,513100,0.008674531575294964,513100,0.008674531575294964,513100,0.008674531575294964,513100,0.008674531575294964,513100,0.008674531575294964,513100,0,0,0,0
2019-10-23,-0.01203990368077057,513100,-0.01203990368077057,513100,-0.01203990368077057,513100,-0.01203990368077057,513100,-0.01203990368077057,513100,-0.01203990368077057,513100,-0.01203990368077068,513100,0,0,0,0
2019-10-24,0.0055710306406684396,513100,0.0055710306406684396,513100,0.0055710306406684396,513100,0.0055710306406684396,513100,0.0055710306406684396,513100,0.0055710306406684396,513100,0.0055710306406684396,513100,0,0,0,0
2019-10-25,0.0027700831024930483,513100,0.0027700831024930483,513100,0.0027700831024930483,513100,0.0027700831024930483,513100,0.0027700831024930483,513100,0.0027700831024930483,513100,0.0027700831024930483,513100,0,0,0,0
2019-10-28,0.012430939226519389,513100,0.012430939226519389,513100,0.012430939226519389,513100,0.012430939226519389,513100,0.012430939226519389,513100,0.012430939226519389,513100,0.012430939226519389,513100,0,0,0,0
2019-10-29,0.00716234652114589,513100,0.00716234652114589,513100,0.00716234652114589,513100,0.00716234652114589,513100,0.00716234652114589,513100,0.00716234652114589,513100,0.00716234652114589,513100,0,0,0,0
2019-10-30,-0.006434134778191325,513100,-0.006434134778191436,513100,-0.006434134778191436,513100,-0.006434134778191436,513100,-0.006434134778191436,513100,-0.006434134778191436,513100,-0.006434134778191325,513100,0,0,0,0
2019-10-31,0.005453306066802943,513100,0.005453306066802943,513100,0.005453306066802943,513100,0.005453306066802943,513100,0.005453306066802943,513100,0.005453306066802943,513100,0.005453306066802943,513100,0,0,0,0
2019-11-01,0.0020338983050847137,513100,0.0020338983050847137,513100,0.0020338983050847137,513100,0.0020338983050847137,513100,0.0020338983050847137,513100,0.0020338983050847137,513100,0.0020338983050847137,513100,0,0,0,0
2019-11-04,0.007104194857916024,513100,0.007104194857916024,513100,0.007104194857916024,513100,0.007104194857916024,513100,0.007104194857916024,513100,0.007104194857916024,513100,0.007104194857916024,513100,0,0,0,0
2019-11-05,0.005038629492778002,513100,0.005038629492778002,513100,0.005038629492778002,513100,0.005038629492778002,513100,0.005038629492778002,513100,0.005038629492778002,513100,0.005038629492778002,513100,0,0,0,0
2019-11-06,-0.006016042780748632,513100,-0.006016042780748632,513100,-0.006016042780748632,513100,-0.006016042780748632,513100,-0.006016042780748632,513100,-0.006016042780748743,513100,-0.006016042780748632,513100,0,0,0,0
2019-11-07,-0.0013449899125757003,513100,-0.0013449899125758114,513100,-0.0013449899125757003,513100,-0.0013449899125757003,513100,-0.0013449899125757003,513100,-0.0013449899125758114,513100,-0.0013449899125755893,513100,0,0,0,0
2019-11-08,-0.00303030303030305,513100,-0.00303030303030305,513100,-0.00303030303030305,513100,-0.00303030303030305,513100,-0.00303030303030305,513100,-0.003030303030302939,513100,-0.00303030303030305,513100,0,0,0,0
2019-11-11,0.005741303613644222,513100,0.005741303613644222,513100,0.005741303613644222,513100,0.005741303613644222,513100,0.005741303613644222,513100,0.005741303613644222,513100,0.005741303613644222,513100,0,0,0,0
2019-11-12,0.005036937541974318,513100,0.005036937541974318,513100,0.005036937541974318,513100,0.005036937541974318,513100,0.005036937541974318,513100,0.005036937541974318,513100,0.005036937541974318,513100,0,0,0,0
2019-11-13,0.00033411293017060473,513100,0.00033411293017060473,513100,0.00033411293017060473,513100,0.00033411293017060473,513100,0.00033411293017060473,513100,0.00033411293017060473,513100,0.00033411293017060473,513100,0,0,0,0
2019-11-14,0.002338009352037318,513100,0.002338009352037318,513100,0.002338009352037318,513100,0.002338009352037318,513100,0.002338009352037318,513100,0.002338009352037318,513100,0.002338009352037318,513100,0,0,0,0
2019-11-15,0.004331889370210007,513100,0.004331889370210007,513100,0.004331889370210007,513100,0.004331889370210007,513100,0.004331889370210007,513100,0.004331889370210007,513100,0.004331889370210007,513100,0,0,0,0
2019-11-18,0.004644990046450026,513100,0.004644990046450026,513100,0.004644990046450026,513100,0.004644990046450026,513100,0.004644990046450026,513100,0.004644990046450026,513100,0.004644990046450026,513100,0,0,0,0
2019-11-19,0.005284015852047519,513100,0.005284015852047519,513100,0.005284015852047519,513100,0.005284015852047519,513100,0.005284015852047519,513100,0.005284015852047519,513100,0.005284015852047519,513100,0,0,0,0
2019-11-20,-0.0045992115637319975,513100,-0.0045992115637319975,513100,-0.0045992115637321085,513100,-0.0045992115637318864,513100,-0.0045992115637319975,513100,-0.0045992115637321085,513100,-0.0045992115637319975,513100,0,0,0,0
2019-11-21,-0.00429042904290422,513100,-0.00429042904290422,513100,-0.00429042904290422,513100,-0.004290429042904331,513100,-0.00429042904290422,513100,-0.004290429042904109,513100,-0.00429042904290422,513100,0,0,0,0
2019-11-22,0.001988730527013649,513100,0.001988730527013649,513100,0.001988730527013649,513100,0.001988730527013649,513100,0.001988730527013649,513100,0.001988730527013649,513100,0.001988730527013649,513100,0,0,0,0
2019-11-25,0.006285147204763364,513100,0.006285147204763364,513100,0.006285147204763364,513100,0.006285147204763364,513100,0.006285147204763364,513100,0.006285147204763364,513100,0.006285147204763364,513100,0,0,0,0
2019-11-26,0.015779092702169706,513100,0.015779092702169706,513100,0.015779092702169706,513100,0.015779092702169706,513100,0.015779092702169706,513100,0.015779092702169706,513100,0.015779092702169706,513100,0,0,0,0
2019-11-27,-0.002912621359223322,513100,-0.002912621359223322,513100,-0.002912621359223322,513100,-0.002912621359223322,513100,-0.002912621359223322,513100,-0.002912621359223211,513100,-0.002912621359223322,513100,0,0,0,0
2019-11-28,0.0058422590068161195,513100,0.0058422590068161195,513100,0.0058422590068161195,513100,0.0058422590068161195,513100,0.0058422590068161195,513100,0.0058422590068161195,513100,0.0058422590068161195,513100,0,0,0,0
2019-11-29,-0.0012907389480476539,513100,-0.001290738948047765,513100,-0.001290738948047765,513100,-0.001290738948047765,513100,-0.001290738948047765,513100,-0.001290738948047876,513100,-0.001290738948047765,513100,0,0,0,0
2019-12-02,0.008077544426494221,513100,0.008077544426494221,513100,0.008077544426494221,513100,0.008077544426494221,513100,0.008077544426494221,513100,0.008077544426494221,513100,0.008077544426494221,513100,0,0,0,0
2019-12-03,-0.011538461538461497,513100,-0.011538461538461497,513100,-0.011538461538461386,513100,-0.011538461538461497,513100,-0.011538461538461608,513100,-0.011538461538461497,513100,-0.011538461538461497,513100,0,0,0,0
2019-12-04,-0.011997405966277519,513100,-0.011997405966277408,513100,-0.011997405966277519,513100,-0.011997405966277519,513100,-0.011997405966277519,513100,-0.01199740596627763,513100,-0.011997405966277408,513100,0,0,0,0
2019-12-05,0.004594683295044311,513100,0.004594683295044311,513100,0.004594683295044311,513100,0.004594683295044311,513100,0.004594683295044311,513100,0.004594683295044311,513100,0.004594683295044311,513100,0,0,0,0
2019-12-06,-0.0009800718719370494,513100,-0.0009800718719371604,513100,-0.0009800718719371604,513100,-0.0009800718719370494,513100,-0.0009800718719371604,513100,-0.0009800718719372714,513100,-0.0009800718719371604,513100,0,0,0,0
2019-12-09,0.0089544800523218,512400,0.0089544800523218,512400,0.0089544800523218,512400,0.0089544800523218,512400,0.0089544800523218,512400,0.008954480052322022,512400,0.0089544800523218,512400,0,0,0,0
2019-12-10,0.009316770186335477,512400,0.009316770186335477,512400,0.009316770186335477,512400,0.009316770186335477,512400,0.009316770186335477,512400,0.009316770186335477,512400,0.009316770186335477,512400,0,0,0,0
2019-12-11,-0.006153846153846065,512400,-0.006153846153846176,512400,-0.006153846153846176,512400,-0.006153846153846176,512400,-0.006153846153846176,512400,-0.006153846153846287,512400,-0.006153846153846065,512400,0,0,0,0
2019-12-12,-0.0015479876160992,512400,-0.0015479876160992,512400,-0.0015479876160992,512400,-0.0015479876160992,512400,-0.0015479876160992,512400,-0.0015479876160992,512400,-0.0015479876160992,512400,0,0,0,0
2019-12-13,0.013953488372093092,512400,0.013953488372093092,512400,0.013953488372093092,512400,0.013953488372093092,512400,0.013953488372093092,512400,0.013953488372093092,512400,0.013953488372093092,512400,0,0,0,0
2019-12-16,0.003058103975535076,512400,0.003058103975535076,512400,0.003058103975535076,512400,0.003058103975535076,512400,0.003058103975535076,512400,0.003058103975535076,512400,0.003058103975535076,512400,0,0,0,0
2019-12-17,0.02591463414634143,512400,0.02591463414634143,512400,0.02591463414634143,512400,0.02591463414634143,512400,0.02591463414634143,512400,0.02591463414634143,512400,0.02591463414634143,512400,0,0,0,0
2019-12-18,0.0,512400,0.0,512400,0.0,512400,0.0,512400,0.0,512400,0.0,512400,0.0,512400,0,0,0,0
2019-12-19,0.002971768202080227,512400,0.002971768202080227,512400,0.002971768202080227,512400,0.002971768202080227,512400,0.002971768202080227,512400,0.002971768202080227,512400,0.002971768202080227,512400,0,0,0,0
2019-12-20,-0.01333333333333342,512400,-0.01333333333333342,512400,-0.01333333333333342,512400,-0.01333333333333342,512400,-0.013333333333333308,512400,-0.01333333333333342,512400,-0.01333333333333342,512400,0,0,0,0
2019-12-23,-0.007507507507507616,512400,-0.007507507507507616,512400,-0.007507507507507616,512400,-0.007507507507507727,512400,-0.007507507507507616,512400,-0.007507507507507727,512400,-0.007507507507507616,512400,0,0,0,0
2019-12-24,0.046898638426626116,512400,0.046898638426626116,512400,0.046898638426626116,512400,0.046898638426626116,512400,0.046898638426626116,512400,0.046898638426626116,512400,0.046898638426626116,512400,0,0,0,0
2019-12-25,-0.0014450867052022698,512400,-0.0014450867052022698,512400,-0.0014450867052022698,512400,-0.0014450867052022698,512400,-0.0014450867052022698,512400,-0.0014450867052021588,512400,-0.0014450867052022698,512400,0,0,0,0
2019-12-26,0.01013024602026058,512400,0.01013024602026058,512400,0.01013024602026058,512400,0.01013024602026058,512400,0.01013024602026058,512400,0.01013024602026058,512400,0.01013024602026058,512400,0,0,0,0
2019-12-27,0.03008595988538687,512400,0.03008595988538687,512400,0.03008595988538687,512400,0.03008595988538687,512400,0.03008595988538687,512400,0.03008595988538687,512400,0.03008595988538687,512400,0,0,0,0
2019-12-30,0.009735744089012455,512400,0.009735744089012455,512400,0.009735744089012455,512400,0.009735744089012455,512400,0.009735744089012455,512400,0.009735744089012455,512400,0.009735744089012455,512400,0,0,0,0
2019-12-31,0.0,512400,0.0,512400,0.0,512400,0.0,512400,0.0,512400,0.0,512400,0.0,512400,0,0,0,0
2020-01-02,0.01377410468319562,512400,0.01377410468319562,512400,0.01377410468319562,512400,0.01377410468319562,512400,0.01377410468319562,512400,0.01377410468319562,512400,0.01377410468319562,512400,0,0,0,0
2020-01-03,0.016304347826086918,512400,0.016304347826086918,512400,0.016304347826086918,512400,0.016304347826086918,512400,0.016304347826086918,512400,0.016304347826086918,512400,0.016304347826086918,512400,0,0,0,0
2020-01-06,0.03609625668449201,512400,0.03609625668449201,512400,0.03609625668449201,512400,0.03609625668449201,512400,0.03609625668449201,512400,0.03609625668449201,512400,0.03609625668449201,512400,0,0,0,0
2020-01-07,-0.012903225806451535,512400,-0.012903225806451535,512400,-0.012903225806451535,512400,-0.012903225806451646,512400,-0.012903225806451424,512400,-0.012903225806451646,512400,-0.012903225806451424,512400,0,0,0,0
2020-01-08,0.0,512400,0.0,512400,0.0,512400,0.0,512400,0.0,512400,0.0,512400,0.0,512400,0,0,0,0
2020-01-09,-0.011764705882352788,512400,-0.011764705882352788,512400,-0.0117647058823529,512400,-0.011764705882352788,512400,-0.011764705882352788,512400,-0.011764705882352677,512400,-0.011764705882352788,512400,0,0,0,0
2020-01-10,-0.005291005291005235,512400,-0.005291005291005235,512400,-0.005291005291005124,512400,-0.005291005291005235,512400,-0.005291005291005235,512400,-0.005291005291005235,512400,-0.005291005291005235,512400,0,0,0,0
2020-01-13,0.007978723404255428,512400,0.007978723404255428,512400,0.007978723404255428,512400,0.007978723404255428,512400,0.007978723404255428,512400,0.007978723404255428,512400,0.007978723404255428,512400,0,0,0,0
2020-01-14,0.0237467018469657,512400,0.0237467018469657,512400,0.0237467018469657,512400,0.0237467018469657,512400,0.0237467018469657,512400,0.0237467018469657,512400,0.0237467018469657,512400,0,0,0,0
2020-01-15,-0.021907216494845394,512400,-0.021907216494845394,512400,-0.021907216494845505,512400,-0.021907216494845394,512400,-0.021907216494845394,512400,-0.021907216494845283,512400,-0.021907216494845394,512400,0,0,0,0
2020-01-16,-0.005270092226613898,512400,-0.005270092226613898,512400,-0.005270092226613787,512400,-0.005270092226613898,512400,-0.005270092226613898,512400,-0.005270092226613898,512400,-0.005270092226613898,512400,0,0,0,0
2020-01-17,-0.0026490066225165476,512400,-0.0026490066225164366,512400,-0.0026490066225165476,512400,-0.0026490066225165476,512400,-0.0026490066225165476,512400,-0.0026490066225165476,512400,-0.0026490066225165476,512400,0,0,0,0
2020-01-20,0.005312084993359889,512400,0.005312084993359889,512400,0.005312084993359889,512400,0.005312084993359889,512400,0.005312084993359889,512400,0.005312084993359889,512400,0.005312084993359889,512400,0,0,0,0
2020-01-21,-0.023778071334214057,512400,-0.023778071334214057,512400,-0.023778071334214057,512400,-0.023778071334214168,512400,-0.023778071334214057,512400,-0.023778071334214057,512400,-0.023973315719947097,159915,0,0,0,0
2020-01-22,0.006564546684709072,159915,0.006564546684709072,159915,0.006564546684709072,159915,0.006765899864682012,512400,0.006564546684709072,159915,0.006765899864682012,512400,0.01374207188160681,159915,0,0,0,0
2020-01-23,-0.03388946819603755,159915,-0.03388946819603755,159915,-0.03388946819603755,159915,-0.029763978494623422,513100,-0.03388946819603755,159915,-0.029763978494623422,513100,-0.03408269030239841,513100,0,0,0,0
2020-02-03,-0.07843583378305452,513100,-0.07843583378305452,513100,-0.07843583378305452,513100,-0.05050621046578507,518880,-0.07843583378305452,513100,-0.05050621046578496,518880,-0.05050621046578496,518880,0,0,0,0
2020-02-04,0.03602785346654569,513100,0.03602785346654569,513100,0.03602785346654569,513100,-0.007954545454545325,518880,0.03602785346654569,513100,-0.007954545454545436,518880,-0.007954545454545325,518880,0,0,0,0
2020-02-05,0.04324956165984806,513100,0.04324956165984806,513100,0.04324956165984806,513100,-0.006785166093929096,513100,0.04324956165984806,513100,-0.0065864833906070785,518880,-0.006586483390607301,518880,0,0,0,0
2020-02-06,0.031372549019607954,513100,0.031372549019607954,513100,0.031372549019607954,513100,0.031372549019607954,513100,0.031372549019607954,513100,-0.005099567598731536,513100,-0.005099567598731425,513100,0,0,0,0
2020-02-07,0.007332971211298167,513100,0.007332971211298167,513100,0.007332971211298167,513100,0.007332971211298167,513100,0.007332971211298167,513100,0.007332971211298167,513100,0.007332971211298167,513100,0,0,0,0
2020-02-10,0.00620113238069564,513100,0.00620113238069564,513100,0.00620113238069564,513100,0.00620113238069564,513100,0.00620113238069564,513100,0.00620113238069564,513100,0.00620113238069564,513100,0,0,0,0
2020-02-11,0.03724544480171477,513100,0.03724544480171477,513100,0.03724544480171477,513100,0.03724544480171477,513100,0.03724544480171477,513100,0.03724544480171477,513100,0.03724544480171477,513100,0,0,0,0
2020-02-12,0.025833118057349447,513100,0.025833118057349447,513100,0.025833118057349447,513100,0.025833118057349447,513100,0.025833118057349447,513100,0.025833118057349447,513100,0.025833118057349447,513100,0,0,0,0
2020-02-13,0.056912616469403154,513100,0.056912616469403154,513100,0.056912616469403154,513100,0.056912616469403154,513100,0.056912616469403154,513100,0.056912616469403154,513100,0.056912616469403154,513100,0,0,0,0
2020-02-14,-0.044746723850369374,159915,-0.04474672385036926,159915,-0.04474672385036926,159915,-0.044746723850369374,159915,-0.044746723850369374,159915,-0.044746723850369374,159915,-0.04474672385036926,159915,0,0,0,0
2020-02-17,0.04206633115249114,513100,0.04206633115249114,513100,0.042066331152491365,513100,0.042066331152491365,513100,0.04227478610971325,159915,0.04227478610971325,159915,0.04227478610971325,159915,0,0,0,0
2020-02-18,-0.03495975855130773,513100,-0.03495975855130784,513100,-0.03495975855130773,513100,-0.03495975855130773,513100,0.00917431192660545,159915,0.00917431192660545,159915,0.00917431192660545,159915,0,0,0,0
2020-02-19,-0.009903570497784675,513100,-0.009903570497784786,513100,-0.009903570497784786,513100,-0.009903570497784675,513100,-0.017224880382775143,159915,-0.017224880382775143,159915,-0.017224880382775143,159915,0,0,0,0
2020-02-20,0.005527770465912019,513100,0.005527770465912019,513100,0.005527770465912019,513100,0.005527770465912019,513100,0.024829600778967897,159915,0.024829600778967897,159915,0.024829600778967897,159915,0,0,0,0
2020-02-21,-0.02663450261780098,159915,-0.026634502617801092,159915,-0.02663450261780098,159915,-0.026634502617801092,159915,0.019002375296912177,159915,0.019002375296912177,159915,0.019002375296912177,159915,0,0,0,0
2020-02-24,0.01538461538461533,159915,0.01538461538461533,159915,0.01538461538461533,159915,0.01538461538461533,159915,0.01538461538461533,159915,0.01538461538461533,159915,0.01538461538461533,159915,0,0,0,0
2020-02-25,0.007805325987144229,159915,0.007805325987144229,159915,0.007805325987144229,159915,0.007805325987144229,159915,0.007805325987144229,159915,0.007805325987144229,159915,0.007805325987144229,159915,0,0,0,0
2020-02-26,-0.04256054669703868,510500,-0.04256054669703868,510500,-0.04256054669703868,510500,-0.04236902050113889,159915,-0.04256054669703857,510500,-0.04236902050113889,159915,-0.04236902050113878,159915,0,0,0,0
2020-02-27,-0.00052163422872753,159915,-0.000521634228727641,159915,-0.000521634228727641,159915,0.00428163653663205,159915,-0.00032169856844144196,510500,0.00428163653663205,159915,0.00428163653663205,159915,0,0,0,0
2020-02-28,-0.055139270487920555,510500,-0.055139270487920555,510500,-0.055139270487920555,510500,-0.055139270487920555,510500,-0.049908479485116564,159915,-0.055139270487920555,510500,-0.055139270487920666,510500,0,0,0,0
2020-03-02,0.03657297663393155,510500,0.03657297663393155,510500,0.03657297663393155,510500,0.03657297663393155,510500,0.029573934837092697,159915,0.03657297663393155,510500,0.03657297663393155,510500,0,0,0,0
2020-03-03,0.0068605031035609,510500,0.0068605031035609,510500,0.0068605031035609,510500,0.0068605031035609,510500,0.018500486854917453,159915,0.0068605031035609,510500,0.0068605031035609,510500,0,0,0,0
2020-03-04,0.0032446463335498166,510500,0.0032446463335498166,510500,0.0032446463335498166,510500,0.0032446463335498166,510500,-0.0019120458891012104,159915,0.0032446463335498166,510500,0.0032446463335498166,510500,0,0,0,0
2020-03-05,0.012774902975420499,510500,0.012774902975420499,510500,0.012774902975420499,510500,0.012774902975420499,510500,0.015804597701149392,159915,0.012774902975420499,510500,0.012774902975420499,510500,0,0,0,0
2020-03-06,-0.005748044068337843,510500,-0.005748044068337843,510500,-0.005748044068337843,510500,-0.005748044068337843,510500,-0.0047147571900045815,159915,-0.005748044068337843,510500,-0.005748044068337843,510500,0,0,0,0
2020-03-09,-0.036935924201060066,510500,-0.036935924201060066,510500,-0.036935924201060066,510500,-0.037128537016219876,512890,-0.04661421127427767,512890,-0.037128537016219876,512890,-0.037128537016219876,512890,0,0,0,0
2020-03-10,0.022177755544438904,510500,0.022177755544438904,510500,0.022177755544438904,510500,0.012269938650306678,512890,0.012269938650306678,512890,0.012269938650306678,512890,0.012269938650306678,512890,0,0,0,0
2020-03-11,-0.014681892332789492,510500,-0.014681892332789492,510500,-0.014681892332789492,510500,-0.008658008658008809,512890,-0.00865800865800892,512890,-0.008658008658008809,512890,-0.008658008658008698,512890,0,0,0,0
2020-03-12,-0.012913907284768267,510500,-0.012913907284768378,510500,-0.012913907284768267,510500,-0.013973799126637654,512890,-0.013973799126637543,512890,-0.013973799126637543,512890,-0.014171004366812179,510500,0,0,0,0
2020-03-13,-0.007212344850721308,510500,-0.007212344850721308,510500,-0.007212344850721308,510500,-0.01791124889282525,518880,-0.01791124889282547,510500,-0.01791124889282547,518880,-0.007410902381751239,518880,0,0,0,0
2020-03-16,-0.048678222672748794,518880,-0.048678222672748794,518880,-0.04867822267274868,518880,-0.02532347230154197,513100,-0.04867822267274868,518880,-0.02532347230154186,513100,-0.02532347230154197,513100,0,0,0,0
2020-03-17,-0.04676362038664328,513100,-0.04676362038664317,513100,-0.04676362038664317,513100,0.02168616915422872,518880,-0.04676362038664328,513100,0.02168616915422872,518880,0.02168616915422872,518880,0,0,0,0
2020-03-18,-0.027133917559233778,518880,-0.02713391755923389,518880,-0.027133917559233778,518880,0.02181259600614438,518880,-0.027133917559233778,518880,0.02181259600614438,518880,0.021608233486943185,513100,0,0,0,0
2020-03-19,-0.004209260372820323,518880,-0.004209260372820323,518880,-0.004209260372820323,518880,-0.004209260372820323,518880,-0.004209260372820323,518880,-0.004209260372820212,518880,0.02101400933955966,513100,0,0,0,0
2020-03-20,0.010265700483091944,518880,0.010265700483091944,518880,0.010265700483091944,518880,0.010265700483091944,518880,0.010265700483091944,518880,0.010265700483091944,518880,0.03266906239790912,513100,0,0,0,0
2020-03-23,-0.0028892408846383777,513100,-0.0028892408846384887,513100,-0.0028892408846383777,513100,-0.0028892408846385997,513100,-0.0028892408846384887,513100,-0.0028892408846384887,513100,-0.04492249288199934,513100,0,0,0,0
2020-03-24,0.053449420337860154,518880,0.053449420337860154,518880,0.053449420337860154,518880,0.05366015236833377,513100,0.053449420337860154,518880,0.05366015236833377,513100,0.053449420337860154,518880,0,0,0,0
2020-03-25,0.01646324155549239,518880,0.01646324155549239,518880,0.01646324155549239,518880,0.038038352719270696,513100,0.01646324155549239,518880,0.038038352719270696,513100,0.01646324155549239,518880,0,0,0,0
2020-03-26,-0.002513264451270425,518880,-0.002513264451270425,518880,-0.002513264451270425,518880,-0.025028467595396675,518880,-0.002513264451270425,518880,-0.025028467595396564,518880,-0.002513264451270425,518880,0,0,0,0
2020-03-27,0.011198208286674172,518880,0.011198208286674172,518880,0.011198208286674172,518880,0.011198208286674172,518880,0.011198208286674172,518880,0.011198208286674172,518880,0.011198208286674172,518880,0,0,0,0
2020-03-30,-0.008028792912513794,518880,-0.008028792912513794,518880,-0.008028792912513905,518880,-0.008028792912513905,518880,-0.008028792912513794,518880,-0.008028792912513683,518880,-0.008028792912513794,518880,0,0,0,0
2020-03-31,0.0008372871895059308,518880,0.0008372871895059308,518880,0.0008372871895059308,518880,0.0008372871895059308,518880,0.0008372871895059308,518880,0.0008372871895059308,518880,0.0008372871895059308,518880,0,0,0,0
2020-04-01,-0.01617401003904062,518880,-0.01617401003904062,518880,-0.01617401003904062,518880,-0.01617401003904062,518880,-0.01617401003904062,518880,-0.01617401003904062,518880,-0.01617401003904073,518880,0,0,0,0
2020-04-02,0.004251700680272252,518880,0.004251700680272252,518880,0.004251700680272252,518880,0.004251700680272252,518880,0.004251700680272252,518880,0.004251700680272252,518880,0.004251700680272252,518880,0,0,0,0
2020-04-03,0.009031893875246944,518880,0.009031893875246944,518880,0.009031893875246944,518880,0.009031893875246944,518880,0.009031893875246944,518880,0.009031893875246944,518880,0.009031893875246944,518880,0,0,0,0
2020-04-07,0.028251748251748143,518880,0.028251748251748143,518880,0.028251748251748143,518880,0.028251748251748143,518880,0.028251748251748143,518880,0.028251748251748143,518880,0.028251748251748143,518880,0,0,0,0
2020-04-08,-0.00952121871599565,518880,-0.00952121871599565,518880,-0.00952121871599565,518880,-0.009521218715995539,518880,-0.00952121871599576,518880,-0.009521218715995539,518880,-0.00952121871599565,518880,0,0,0,0
2020-04-09,0.0024718483932986146,518880,0.0024718483932986146,518880,0.0024718483932986146,518880,0.0024718483932986146,518880,0.0024718483932986146,518880,0.0024718483932986146,518880,0.0024718483932986146,518880,0,0,0,0
2020-04-10,0.005753424657534145,518880,0.005753424657534145,518880,0.005753424657534145,518880,0.005753424657534145,518880,0.005753424657534145,518880,0.005753424657534145,518880,0.005753424657534145,518880,0,0,0,0
2020-04-13,-0.0002724053391446324,518880,-0.0002724053391446324,518880,-0.0002724053391446324,518880,-0.0002724053391446324,518880,-0.0002724053391446324,518880,-0.0002724053391446324,518880,-0.0002724053391446324,518880,0,0,0,0
2020-04-14,0.011444141689373355,518880,0.011444141689373355,518880,0.011444141689373355,518880,0.011444141689373355,518880,0.011444141689373355,518880,0.011444141689373355,518880,0.011444141689373355,518880,0,0,0,0
2020-04-15,-0.0026939655172414367,518880,-0.0026939655172414367,518880,-0.0026939655172414367,518880,-0.0026939655172415478,518880,-0.0026939655172414367,518880,-0.0026939655172415478,518880,-0.0026939655172414367,518880,0,0,0,0
2020-04-16,0.0075634792004322104,518880,0.0075634792004322104,518880,0.0075634792004322104,518880,0.0075634792004322104,518880,0.0075634792004322104,518880,0.0075634792004322104,518880,0.0075634792004322104,518880,0,0,0,0
2020-04-17,-0.01635388739946364,518880,-0.01635388739946364,518880,-0.01635388739946364,518880,-0.01635388739946353,518880,-0.01635388739946364,518880,-0.01635388739946364,518880,-0.01635388739946364,518880,0,0,0,0
2020-04-20,-0.004905968928863524,518880,-0.0049059689288636354,518880,-0.004905968928863524,518880,-0.004905968928863524,518880,-0.004905968928863524,518880,-0.004905968928863524,518880,-0.004905968928863524,518880,0,0,0,0
2020-04-21,0.009038619556286154,518880,0.009038619556286154,518880,0.009038619556286154,518880,0.009038619556286154,518880,0.009038619556286154,518880,0.009038619556286154,518880,0.009038619556286154,518880,0,0,0,0
2020-04-22,-0.0029138979370249007,513100,-0.0029138979370250118,513100,-0.0029138979370250118,513100,-0.0029138979370249007,513100,-0.0029138979370249007,513100,-0.0029138979370249007,513100,-0.0029138979370249007,513100,0,0,0,0
2020-04-23,0.012269938650306678,513100,0.012269938650306678,513100,0.012269938650306678,513100,0.012269938650306678,513100,0.012269938650306678,513100,0.012269938650306678,513100,0.012269938650306678,513100,0,0,0,0
2020-04-24,-0.0054834054834054236,513100,-0.0054834054834054236,513100,-0.0054834054834054236,513100,-0.0054834054834054236,513100,-0.0054834054834054236,513100,-0.0054834054834053125,513100,-0.0054834054834054236,513100,0,0,0,0
2020-04-27,0.03511317469529884,513100,0.03511317469529884,513100,0.03511317469529884,513100,0.03511317469529884,513100,0.03511317469529884,513100,0.03511317469529884,513100,0.03511317469529884,513100,0,0,0,0
2020-04-28,0.024950939164564145,513100,0.024950939164564145,513100,0.024950939164564145,513100,0.024950939164564145,513100,0.024950939164564145,513100,0.024950939164564145,513100,0.024950939164564145,513100,0,0,0,0
2020-04-29,0.018052516411378505,513100,0.018052516411378505,513100,0.018052516411378505,513100,0.018052516411378505,513100,0.018052516411378505,513100,0.018052516411378505,513100,0.018052516411378505,513100,0,0,0,0
2020-04-30,0.004030091348737219,513100,0.004030091348737219,513100,0.004030091348737219,513100,0.004030091348737219,513100,0.004030091348737219,513100,0.004030091348737219,513100,0.004030091348737219,513100,0,0,0,0
2020-05-06,0.002943537597003054,513100,0.002943537597003054,513100,0.002943537597003054,513100,0.002943537597003054,513100,0.002943537597003054,513100,0.002943537597003054,513100,0.002943537597003054,513100,0,0,0,0
2020-05-07,0.004268943436499306,513100,0.004268943436499306,513100,0.004268943436499306,513100,0.004268943436499306,513100,0.004268943436499306,513100,0.004268943436499306,513100,0.004268943436499306,513100,0,0,0,0
2020-05-08,0.006641870350690748,513100,0.006641870350690748,513100,0.006641870350690748,513100,0.006641870350690748,513100,0.006641870350690748,513100,0.006641870350690748,513100,0.006641870350690748,513100,0,0,0,0
2020-05-11,-0.016627078384798155,513100,-0.016627078384798155,513100,-0.016627078384798155,513100,-0.016627078384798155,513100,-0.016627078384798044,513100,-0.016627078384798155,513100,-0.016627078384798155,513100,0,0,0,0
2020-05-12,-0.018786902844873832,513100,-0.018786902844873832,513100,-0.01878690284487372,513100,-0.018786902844873832,513100,-0.01878690284487372,513100,-0.018786902844873832,513100,-0.018786902844873832,513100,0,0,0,0
2020-05-13,-0.003282275711159688,513100,-0.003282275711159688,513100,-0.003282275711159799,513100,-0.003282275711159688,513100,-0.003282275711159799,513100,-0.003282275711159688,513100,-0.003282275711159688,513100,0,0,0,0
2020-05-14,-0.01591657519209666,513100,-0.01591657519209666,513100,-0.01591657519209666,513100,-0.01591657519209655,513100,-0.01591657519209666,513100,-0.01591657519209666,513100,-0.01591657519209677,513100,0,0,0,0
2020-05-15,0.006692693809258188,513100,0.006692693809258188,513100,0.006692693809258188,513100,0.006692693809258188,513100,0.006692693809258188,513100,0.006692693809258188,513100,0.006692693809258188,513100,0,0,0,0
2020-05-18,0.011357340720221654,513100,0.011357340720221654,513100,0.011357340720221654,513100,0.011357340720221654,513100,0.011357340720221654,513100,0.011357340720221654,513100,0.011357340720221654,513100,0,0,0,0
2020-05-19,0.026568063544234466,513100,0.026568063544234466,513100,0.026568063544234466,513100,0.026568063544234466,513100,0.026568063544234466,513100,0.026568063544234466,513100,0.026568063544234466,513100,0,0,0,0
2020-05-20,-0.007203842049092857,513100,-0.007203842049092857,513100,-0.007203842049092968,513100,-0.007203842049092968,513100,-0.007203842049092968,513100,-0.007203842049092746,513100,-0.007203842049092968,513100,0,0,0,0
2020-05-21,-0.00026874496103190815,513100,-0.00026874496103190815,513100,-0.0002687449610317971,513100,-0.00026874496103190815,513100,-0.00026874496103201917,513100,-0.00026874496103190815,513100,-0.00026874496103190815,513100,0,0,0,0
2020-05-22,-0.033333333333333326,513100,-0.033333333333333326,513100,-0.033333333333333326,513100,-0.03352666666666648,518880,-0.033333333333333215,513100,-0.033526666666666705,518880,-0.033526666666666594,518880,0,0,0,0
2020-05-25,0.032536151279199066,513100,0.032536151279199066,513100,0.032536151279199066,513100,-0.002010763260025916,513100,0.032536151279199066,513100,-0.0018111254851229663,518880,-0.0018111254851229663,518880,0,0,0,0
2020-05-26,0.02262321572852133,513100,0.02262321572852133,513100,0.02262321572852133,513100,0.02262321572852133,513100,0.02262321572852133,513100,0.00466562986003094,518880,0.00466562986003094,518880,0,0,0,0
2020-05-27,-0.006584145377930062,513100,-0.006584145377930062,513100,-0.006584145377930062,513100,-0.006584145377930062,513100,-0.006584145377930062,513100,-0.010775799793601548,513100,-0.01077579979360166,513100,0,0,0,0
2020-05-28,-0.003976670201484511,513100,-0.003976670201484622,513100,-0.003976670201484511,513100,-0.003976670201484511,513100,-0.003976670201484511,513100,-0.003976670201484511,513100,-0.003976670201484511,513100,0,0,0,0
2020-05-29,-0.007186585041256355,513100,-0.007186585041256355,513100,-0.007186585041256466,513100,-0.007186585041256355,513100,-0.007186585041256466,513100,-0.007186585041256355,513100,-0.007186585041256244,513100,0,0,0,0
2020-06-01,0.0035526005361929958,512400,0.0035526005361929958,512400,0.0035526005361929958,512400,0.0037533512064342744,513100,0.0035526005361927737,512400,0.0037533512064342744,513100,0.0037533512064342744,513100,0,0,0,0
2020-06-02,-0.001457725947521915,512400,-0.001457725947521915,512400,-0.0014577259475220261,512400,-0.001602564102564208,513100,-0.0014577259475220261,512400,-0.001602564102564208,513100,-0.0018022435897437905,510500,0,0,0,0
2020-06-03,-0.008759124087591275,512400,-0.008759124087591164,512400,-0.008759124087591275,512400,0.008828250401283988,513100,-0.008759124087591164,512400,0.008828250401283988,513100,-0.0016515276630882925,510500,0,0,0,0
2020-06-04,0.004418262150220897,512400,0.004418262150220897,512400,0.004418262150220897,512400,0.005833996287456955,513100,0.004418262150220897,512400,0.005833996287456955,513100,0.0018196856906533831,510500,0,0,0,0
2020-06-05,-0.0014662756598242677,512400,-0.0014662756598241566,512400,-0.0014662756598241566,512400,-0.0002636435539152826,513100,-0.0014662756598241566,512400,-0.0002636435539152826,513100,0.002311756935270859,510500,0,0,0,0
2020-06-08,0.008810572687224738,512400,0.008810572687224738,512400,0.008810572687224738,512400,0.001054852320675037,513100,0.008810572687224738,512400,0.001054852320675037,513100,-0.002141680395387202,510500,0,0,0,0
2020-06-09,0.0,512400,0.0,512400,0.0,512400,0.0015806111696523573,513100,0.0,512400,0.0015806111696523573,513100,0.005943536404160454,510500,0,0,0,0
2020-06-10,-0.007278020378457151,512400,-0.007278020378457151,512400,-0.007278020378457151,512400,-0.0036822724881642177,513100,-0.007278020378457151,512400,-0.0036822724881642177,513100,0.00131298211061881,510500,0,0,0,0
2020-06-11,0.008797653958944052,512400,0.008797653958944052,512400,0.008797653958944052,512400,-0.000527983104540608,513100,0.008797653958944052,512400,-0.000527983104540608,513100,-0.0018029831175216948,510500,0,0,0,0
2020-06-12,-0.010174418604650848,512400,-0.010174418604650848,512400,-0.010174418604650848,512400,-0.01637612255678811,513100,-0.010174418604650848,512400,-0.01637612255678811,513100,-3.582922824285628e-05,159915,0,0,0,0
2020-06-15,-0.01341321585903088,159915,-0.01341321585903077,159915,-0.01341321585903088,159915,-0.01584317937701407,513100,-0.01341321585903077,159915,-0.01584317937701396,513100,0.0,159915,0,0,0,0
2020-06-16,0.01961700140121425,159915,0.01961700140121425,159915,0.01961700140121425,159915,0.03826433833560694,159915,0.01961700140121425,159915,0.03826433833560716,159915,0.01961700140121425,159915,0,0,0,0
2020-06-17,0.0022904260192397885,159915,0.0022904260192397885,159915,0.0022904260192397885,159915,0.0022904260192397885,159915,0.0022904260192397885,159915,0.0022904260192397885,159915,0.0022904260192397885,159915,0,0,0,0
2020-06-18,0.002742230347348995,159915,0.002742230347348995,159915,0.002742230347348995,159915,0.002742230347348995,159915,0.002742230347348995,159915,0.002742230347348995,159915,0.002742230347348995,159915,0,0,0,0
2020-06-19,0.020054694621695512,159915,0.020054694621695512,159915,0.020054694621695512,159915,0.020054694621695512,159915,0.020054694621695512,159915,0.020054694621695512,159915,0.020054694621695512,159915,0,0,0,0
2020-06-22,0.011170688114387817,159915,0.011170688114387817,159915,0.011170688114387817,159915,0.011170688114387817,159915,0.011170688114387817,159915,0.011170688114387817,159915,0.011170688114387817,159915,0,0,0,0
2020-06-23,0.01944321696862583,159915,0.01944321696862583,159915,0.01944321696862583,159915,0.01944321696862583,159915,0.01944321696862583,159915,0.01944321696862583,159915,0.01944321696862583,159915,0,0,0,0
2020-06-24,0.0,159915,0.0,159915,0.0,159915,0.0,159915,0.0,159915,0.0,159915,0.0,159915,0,0,0,0
2020-06-29,-0.005201560468140465,159915,-0.005201560468140465,159915,-0.005201560468140354,159915,-0.005201560468140465,159915,-0.005201560468140465,159915,-0.005201560468140465,159915,-0.005201560468140354,159915,0,0,0,0
2020-06-30,0.02788671023965139,159915,0.02788671023965139,159915,0.02788671023965139,159915,0.02788671023965139,159915,0.02788671023965139,159915,0.02788671023965139,159915,0.02788671023965139,159915,0,0,0,0
2020-07-01,-0.007206443408223628,159915,-0.007206443408223628,159915,-0.007206443408223628,159915,-0.007206443408223628,159915,-0.007206443408223628,159915,-0.007206443408223517,159915,-0.007206443408223517,159915,0,0,0,0
2020-07-02,0.0034158838599487318,159915,0.0034158838599487318,159915,0.0034158838599487318,159915,0.0034158838599487318,159915,0.0034158838599487318,159915,0.0034158838599487318,159915,0.0034158838599487318,159915,0,0,0,0
2020-07-03,0.012765957446808418,159915,0.012765957446808418,159915,0.012765957446808418,159915,0.012765957446808418,159915,0.012765957446808418,159915,0.012765957446808418,159915,0.012765957446808418,159915,0,0,0,0
2020-07-06,0.02941176470588247,159915,0.02941176470588247,159915,0.02941176470588247,159915,0.02941176470588247,159915,0.02941176470588247,159915,0.02941176470588247,159915,0.02941176470588247,159915,0,0,0,0
2020-07-07,0.021632653061224527,159915,0.021632653061224527,159915,0.021632653061224527,159915,0.021632653061224527,159915,0.021632653061224527,159915,0.021632653061224527,159915,0.021632653061224527,159915,0,0,0,0
2020-07-08,0.028365960846983507,159915,0.028365960846983507,159915,0.028365960846983507,159915,0.028365960846983507,159915,0.028365960846983507,159915,0.028365960846983507,159915,0.028365960846983507,159915,0,0,0,0
2020-07-09,0.03885003885003879,159915,0.03885003885003879,159915,0.03885003885003879,159915,0.03885003885003879,159915,0.03885003885003879,159915,0.03885003885003879,159915,0.03885003885003879,159915,0,0,0,0
2020-07-10,0.004113687359760698,159915,0.004113687359760698,159915,0.004113687359760698,159915,0.004113687359760698,159915,0.004113687359760698,159915,0.004113687359760698,159915,0.004113687359760698,159915,0,0,0,0
2020-07-13,0.043575418994413306,159915,0.043575418994413306,159915,0.043575418994413306,159915,0.043575418994413306,159915,0.043575418994413306,159915,0.043575418994413306,159915,0.043575418994413306,159915,0,0,0,0
2020-07-14,-0.012491077801570216,159915,-0.012491077801570216,159915,-0.012491077801570327,159915,-0.012491077801570327,159915,-0.012491077801570216,159915,-0.012491077801570327,159915,-0.012491077801570327,159915,0,0,0,0
2020-07-15,-0.016263100831225064,159915,-0.016263100831225175,159915,-0.016263100831225175,159915,-0.016263100831225175,159915,-0.016263100831225175,159915,-0.016263100831225175,159915,-0.016263100831225175,159915,0,0,0,0
2020-07-16,-0.06043776634827336,510500,-0.06043776634827347,510500,-0.06043776634827336,510500,-0.06043776634827347,510500,-0.06043776634827336,510500,-0.06043776634827347,510500,-0.06043776634827347,510500,0,0,0,0
2020-07-17,0.0005201094785363125,159915,0.0005201094785365346,159915,0.0005201094785363125,159915,0.0005201094785365346,159915,0.0007202535292423207,510500,0.0007202535292423207,510500,0.0007202535292423207,510500,0,0,0,0
2020-07-20,0.01084010840108407,159915,0.01084010840108407,159915,0.01084010840108407,159915,0.01084010840108407,159915,0.029159320570030234,159915,0.029365193608752005,510500,0.029365193608752005,510500,0,0,0,0
2020-07-21,0.01225584067407115,159915,0.01225584067407115,159915,0.01225584067407115,159915,0.01225584067407115,159915,0.01225584067407115,159915,0.005392504544818877,159915,0.005392504544818877,512890,0,0,0,0
2020-07-22,0.01324252743094978,159915,0.01324252743094978,159915,0.01324252743094978,159915,0.01324252743094978,159915,0.01324252743094978,159915,0.01324252743094978,159915,0.0007547169811321641,512890,0,0,0,0
2020-07-23,0.010455563853622118,159915,0.010455563853622118,159915,0.010455563853622118,159915,0.010455563853622118,159915,0.010455563853622118,159915,0.010455563853622118,159915,-0.009049773755655965,512890,0,0,0,0
2020-07-24,-0.06264131559497399,512890,-0.0626413155949741,512890,-0.06264131559497399,512890,-0.06264131559497399,512890,-0.0626413155949741,512890,-0.06264131559497399,512890,-0.030441400304414112,512890,0,0,0,0
2020-07-27,-0.007064364207221563,512890,-0.007064364207221452,512890,-0.007064364207221563,512890,-0.007064364207221563,512890,-0.007064364207221674,512890,-0.007064364207221563,512890,-0.007262951334380152,512400,0,0,0,0
2020-07-28,0.006122845849802383,512400,0.006122845849802383,512400,0.006122845849802383,512400,0.006324110671936722,512890,0.006122845849802383,512400,0.006324110671936722,512890,-0.00815850815850816,512400,0,0,0,0
2020-07-29,0.014101057579318566,512400,0.014101057579318566,512400,0.014101057579318566,512400,0.01335428122545168,512890,0.014101057579318566,512400,0.01335428122545168,512890,0.014101057579318566,512400,0,0,0,0
2020-07-30,-0.01390498261877171,512400,-0.013904982618771822,512400,-0.01390498261877171,512400,0.00832542635658906,512400,-0.0139049826187716,512400,0.00832542635658906,512400,-0.01390498261877171,512400,0,0,0,0
2020-07-31,0.009400705052879044,512400,0.009400705052879044,512400,0.009400705052879044,512400,0.009400705052879044,512400,0.009400705052879044,512400,0.009400705052879044,512400,0.009400705052879044,512400,0,0,0,0
2020-08-03,0.0186263096623982,512400,0.0186263096623982,512400,0.0186263096623982,512400,0.0186263096623982,512400,0.0186263096623982,512400,0.0186263096623982,512400,0.0186263096623982,512400,0,0,0,0
2020-08-04,-0.0022857142857142243,512400,-0.0022857142857141133,512400,-0.0022857142857142243,512400,-0.0022857142857141133,512400,-0.0022857142857142243,512400,-0.0022857142857142243,512400,-0.0022857142857142243,512400,0,0,0,0
2020-08-05,0.029782359679267012,512400,0.029782359679267012,512400,0.029782359679267012,512400,0.029782359679267012,512400,0.029782359679267012,512400,0.029782359679267012,512400,0.029782359679267012,512400,0,0,0,0
2020-08-06,0.027808676307007785,512400,0.027808676307007785,512400,0.027808676307007785,512400,0.027808676307007785,512400,0.027808676307007785,512400,0.027808676307007785,512400,0.027808676307007785,512400,0,0,0,0
2020-08-07,-0.012987012987012991,512400,-0.012987012987012991,512400,-0.012987012987012991,512400,-0.012987012987012991,512400,-0.012987012987013102,512400,-0.012987012987012991,512400,-0.012987012987012991,512400,0,0,0,0
2020-08-10,-0.024317982456140252,512890,-0.024317982456140252,512890,-0.024317982456140363,512890,-0.024317982456140252,512890,-0.024317982456140363,512890,-0.024317982456140363,512890,-0.024317982456140363,512890,0,0,0,0
2020-08-11,-0.003695491500369519,512890,-0.003695491500369741,512890,-0.00369549150036963,512890,-0.00369549150036963,512890,-0.003695491500369519,512890,-0.00369549150036963,512890,-0.003695491500369519,512890,0,0,0,0
2020-08-12,-0.005934718100890191,512890,-0.005934718100890191,512890,-0.005934718100890191,512890,-0.005934718100890191,512890,-0.005934718100890191,512890,-0.005934718100890191,512890,-0.005934718100890191,512890,0,0,0,0
2020-08-13,0.008955223880596996,512890,0.008955223880596996,512890,0.008955223880596996,512890,0.008955223880596996,512890,0.008955223880596996,512890,0.008955223880596996,512890,0.008955223880596996,512890,0,0,0,0
2020-08-14,0.00591715976331364,512890,0.00591715976331364,512890,0.00591715976331364,512890,0.00591715976331364,512890,0.00591715976331364,512890,0.00591715976331364,512890,0.00591715976331364,512890,0,0,0,0
2020-08-17,0.02720588235294108,512890,0.02720588235294108,512890,0.02720588235294108,512890,0.02720588235294108,512890,0.02720588235294108,512890,0.02720588235294108,512890,0.02720588235294108,512890,0,0,0,0
2020-08-18,0.0007158196134573469,512890,0.0007158196134573469,512890,0.0007158196134573469,512890,0.0007158196134573469,512890,0.0007158196134573469,512890,0.0007158196134573469,512890,0.0007158196134573469,512890,0,0,0,0
2020-08-19,-0.005007153075822668,512890,-0.005007153075822668,512890,-0.005007153075822557,512890,-0.005007153075822668,512890,-0.005007153075822668,512890,-0.005007153075822668,512890,-0.005007153075822668,512890,0,0,0,0
2020-08-20,-0.011502516175413535,512890,-0.011502516175413313,512890,-0.011502516175413424,512890,-0.011502516175413424,512890,-0.011502516175413424,512890,-0.011502516175413424,512890,-0.011502516175413424,512890,0,0,0,0
2020-08-21,-0.0014545454545454861,512890,-0.001454545454545375,512890,-0.0014545454545454861,512890,-0.0014545454545454861,512890,-0.0014545454545454861,512890,-0.0016542545454545365,513100,-0.0016542545454545365,513100,0,0,0,0
2020-08-24,0.0063536780772031065,513100,0.0063536780772031065,513100,0.0063536780772031065,513100,0.0063536780772031065,513100,0.0063536780772031065,513100,0.04299287410926378,513100,0.04299287410926378,513100,0,0,0,0
2020-08-25,0.04554771122751089,513100,0.04554771122751089,513100,0.04554771122751089,513100,0.04554771122751089,513100,0.04554771122751089,513100,0.04554771122751089,513100,0.04554771122751089,513100,0,0,0,0
2020-08-26,-0.019167937268568802,513100,-0.019167937268568802,513100,-0.019167937268568802,513100,-0.01916793726856869,513100,-0.019167937268568802,513100,-0.01916793726856869,513100,-0.019167937268568802,513100,0,0,0,0
2020-08-27,0.04308238951809895,513100,0.04308238951809895,513100,0.04308238951809895,513100,0.04308238951809895,513100,0.04308238951809895,513100,0.04308238951809895,513100,0.04308238951809895,513100,0,0,0,0
2020-08-28,0.021290185224611458,513100,0.021290185224611458,513100,0.021290185224611458,513100,0.021290185224611458,513100,0.021290185224611458,513100,0.021290185224611458,513100,0.021290185224611458,513100,0,0,0,0
2020-08-31,0.054409005628517804,513100,0.054409005628517804,513100,0.054409005628517804,513100,0.054409005628517804,513100,0.054409005628517804,513100,0.054409005628517804,513100,0.054409005628517804,513100,0,0,0,0
2020-09-01,-0.013444049031237526,513100,-0.013444049031237526,513100,-0.013444049031237526,513100,-0.013444049031237526,513100,-0.013444049031237526,513100,-0.013444049031237526,513100,-0.013444049031237526,513100,0,0,0,0
2020-09-02,0.040681362725450754,513100,0.040681362725450754,513100,0.040681362725450754,513100,0.040681362725450976,513100,0.040681362725450754,513100,0.040681362725450754,513100,0.040681362725450754,513100,0,0,0,0
2020-09-03,0.021567494704409773,513100,0.021567494704409773,513100,0.021567494704409773,513100,0.021567494704409773,513100,0.021567494704409773,513100,0.021567494704409773,513100,0.021567494704409773,513100,0,0,0,0
2020-09-04,-0.08670484448633353,510300,-0.08670484448633364,510300,-0.08670484448633353,510300,-0.08670484448633353,510300,-0.08670484448633353,510300,-0.08670484448633342,510300,-0.08670484448633353,510300,0,0,0,0
2020-09-07,-0.020282957133982094,513100,-0.020282957133982094,513100,-0.020282957133982094,513100,-0.020282957133982094,513100,-0.020282957133982094,513100,-0.020282957133982094,513100,-0.02028295713398187,513100,0,0,0,0
2020-09-08,0.0535236396074934,513100,0.0535236396074934,513100,0.0535236396074934,513100,0.0535236396074934,513100,0.0535236396074934,513100,0.0535236396074934,513100,0.0535236396074934,513100,0,0,0,0
2020-09-09,-0.0514175275190516,518880,-0.0514175275190516,518880,-0.0514175275190516,518880,-0.05122777307366633,513100,-0.05141752751905149,518880,-0.05122777307366633,513100,-0.05122777307366633,513100,0,0,0,0
2020-09-10,0.006681612586037389,513100,0.006681612586037389,513100,0.006681612586037389,513100,0.02833556448014285,513100,0.0068829891838742,518880,0.02833556448014285,513100,0.02833556448014285,513100,0,0,0,0
2020-09-11,-0.01735734432631808,513100,-0.01735734432631808,513100,-0.01735734432631797,513100,-0.01735734432631808,513100,-0.0023968261718749773,513100,-0.01735734432631797,513100,-0.01735734432631797,513100,0,0,0,0
2020-09-14,0.02759991168028253,513100,0.02759991168028253,513100,0.02759991168028253,513100,0.02759991168028253,513100,0.02759991168028253,513100,0.02759991168028253,513100,0.02759991168028253,513100,0,0,0,0
2020-09-15,0.03373442200257837,513100,0.03373442200257837,513100,0.03373442200257837,513100,0.03373442200257837,513100,0.03373442200257837,513100,0.03373442200257837,513100,0.03373442200257837,513100,0,0,0,0
2020-09-16,-0.0018707129494907049,513100,-0.001870712949490816,513100,-0.001870712949490816,513100,-0.001870712949490816,513100,-0.001870712949490816,513100,-0.001870712949490816,513100,-0.001870712949490816,513100,0,0,0,0
2020-09-17,-0.041424573094543615,518880,-0.04142457309454384,518880,-0.04142457309454384,518880,-0.04123281965847547,513100,-0.041424573094543615,518880,-0.041232819658475584,513100,-0.04123281965847547,513100,0,0,0,0
2020-09-18,0.004232610837438644,513100,0.004232610837438644,513100,0.004232610837438422,513100,0.03410078192875754,513100,0.004232610837438644,513100,0.03410078192875754,513100,0.03410078192875754,513100,0,0,0,0
2020-09-21,-0.019743751312749525,513100,-0.019743751312749414,513100,-0.019743751312749414,513100,-0.019743751312749414,513100,-0.019743751312749414,513100,-0.019743751312749303,513100,-0.019743751312749525,513100,0,0,0,0
2020-09-22,-0.015856010284979627,513100,-0.015856010284979738,513100,-0.015856010284979627,513100,-0.015856010284979627,513100,-0.015856010284979627,513100,-0.015856010284979627,513100,-0.015856010284979627,513100,0,0,0,0
2020-09-23,0.013498802525582443,513100,0.013498802525582443,513100,0.013498802525582443,513100,0.013498802525582443,513100,0.013498802525582443,513100,0.013498802525582443,513100,0.013498802525582443,513100,0,0,0,0
2020-09-24,-0.03737916219119242,513100,-0.037379162191192306,513100,-0.037379162191192306,513100,-0.037379162191192306,513100,-0.03737916219119242,513100,-0.037379162191192306,513100,-0.037379162191192306,513100,0,0,0,0
2020-09-25,-0.008033920999776845,513100,-0.008033920999776956,513100,-0.008033920999776734,513100,-0.008033920999776734,513100,-0.008033920999776734,513100,-0.008033920999776956,513100,-0.008033920999776956,513100,0,0,0,0
2020-09-28,0.01687289088863886,513100,0.01687289088863886,513100,0.01687289088863886,513100,0.01687289088863886,513100,0.01687289088863886,513100,0.01687289088863886,513100,0.01687289088863886,513100,0,0,0,0
2020-09-29,0.005752212389380729,513100,0.005752212389380729,513100,0.005752212389380729,513100,0.005752212389380729,513100,0.005752212389380729,513100,0.005752212389380729,513100,0.005752212389380729,513100,0,0,0,0
2020-09-30,0.0019797624285085025,513100,0.0019797624285085025,513100,0.0019797624285085025,513100,0.0019797624285085025,513100,0.0019797624285085025,513100,0.0019797624285085025,513100,0.0019797624285085025,513100,0,0,0,0
2020-10-09,0.019538968166849635,513100,0.019538968166849635,513100,0.019538968166849635,513100,0.019538968166849635,513100,0.019538968166849635,513100,0.019538968166849635,513100,0.019538968166849635,513100,0,0,0,0
2020-10-12,0.006043367786391141,159915,0.006043367786391141,159915,0.0060433677863909185,159915,0.0060433677863909185,159915,0.006043367786391141,159915,0.006043367786391141,159915,0.006043367786391141,159915,0,0,0,0
2020-10-13,0.00186358553857624,159915,0.00186358553857624,159915,0.00186358553857624,159915,0.00186358553857624,159915,0.00186358553857624,159915,0.00186358553857624,159915,0.00186358553857624,159915,0,0,0,0
2020-10-14,-0.007440476190476275,159915,-0.007440476190476164,159915,-0.007440476190476275,159915,-0.007440476190476275,159915,-0.007440476190476275,159915,-0.007440476190476275,159915,-0.007440476190476275,159915,0,0,0,0
2020-10-15,-0.006746626686656709,159915,-0.00674662668665682,159915,-0.006746626686656709,159915,-0.006746626686656709,159915,-0.006746626686656709,159915,-0.00674662668665682,159915,-0.00674662668665682,159915,0,0,0,0
2020-10-16,-0.006037735849056647,159915,-0.006037735849056647,159915,-0.006037735849056647,159915,-0.006037735849056647,159915,-0.006037735849056647,159915,-0.006037735849056758,159915,-0.006037735849056758,159915,0,0,0,0
2020-10-19,-0.012908124525436548,159915,-0.012908124525436548,159915,-0.01290812452543666,159915,-0.012908124525436548,159915,-0.012908124525436548,159915,-0.01290812452543666,159915,-0.01290812452543666,159915,0,0,0,0
2020-10-20,0.017307692307692246,159915,0.017307692307692246,159915,0.017307692307692246,159915,0.017307692307692246,159915,0.017307692307692246,159915,0.017307692307692246,159915,0.017307692307692246,159915,0,0,0,0
2020-10-21,-0.012476370510396961,159915,-0.012476370510397072,159915,-0.012476370510397072,159915,-0.012476370510396961,159915,-0.01247637051039685,159915,-0.012476370510397072,159915,-0.012476370510396961,159915,0,0,0,0
2020-10-22,-0.011485451761102605,159915,-0.011485451761102494,159915,-0.011485451761102605,159915,-0.011485451761102605,159915,-0.011485451761102716,159915,-0.011485451761102494,159915,-0.011485451761102605,159915,0,0,0,0
2020-10-23,-0.025561580170410547,159915,-0.025561580170410547,159915,-0.025561580170410436,159915,-0.025561580170410436,159915,-0.025561580170410325,159915,-0.025561580170410436,159915,-0.025561580170410325,159915,0,0,0,0
2020-10-26,0.006756756756756799,159915,0.006756756756756799,159915,0.006756756756756799,159915,0.006756756756756799,159915,0.006756756756756799,159915,0.006756756756756799,159915,0.006756756756756799,159915,0,0,0,0
2020-10-27,0.01065929727595738,159915,0.01065929727595738,159915,0.01065929727595738,159915,0.01065929727595738,159915,0.01065929727595738,159915,0.01065929727595738,159915,0.01065929727595738,159915,0,0,0,0
2020-10-28,0.006640624999999956,159915,0.006640624999999956,159915,0.006640624999999956,159915,0.006640624999999956,159915,0.006640624999999956,159915,0.006640624999999956,159915,0.006640624999999956,159915,0,0,0,0
2020-10-29,0.011641443538998875,159915,0.011641443538998875,159915,0.011641443538998875,159915,0.011641443538998875,159915,0.011641443538998875,159915,0.011641443538998875,159915,0.011641443538998875,159915,0,0,0,0
2020-10-30,-0.016877637130801704,159915,-0.016877637130801704,159915,-0.016877637130801704,159915,-0.016877637130801704,159915,-0.016877637130801815,159915,-0.016877637130801815,159915,-0.016877637130801593,159915,0,0,0,0
2020-11-02,0.02106905969566908,159915,0.02106905969566908,159915,0.02106905969566908,159915,0.02106905969566908,159915,0.02106905969566908,159915,0.02106905969566908,159915,0.02106905969566908,159915,0,0,0,0
2020-11-03,0.012227741688956906,159915,0.012227741688956906,159915,0.012227741688956906,159915,0.012227741688956906,159915,0.012227741688956906,159915,0.012227741688956906,159915,0.012227741688956906,159915,0,0,0,0
2020-11-04,0.003397508493771184,159915,0.003397508493771184,159915,0.003397508493771184,159915,0.003397508493771184,159915,0.003397508493771184,159915,0.003397508493771184,159915,0.003397508493771184,159915,0,0,0,0
2020-11-05,0.011836719337848134,512400,0.011836719337848134,512400,0.011836719337848134,512400,0.011836719337847912,512400,0.011836719337848134,512400,0.011836719337848134,512400,0.011836719337848134,512400,0,0,0,0
2020-11-06,0.01527614571092828,512400,0.01527614571092828,512400,0.01527614571092828,512400,0.01527614571092828,512400,0.01527614571092828,512400,0.01527614571092828,512400,0.01527614571092828,512400,0,0,0,0
2020-11-09,0.03819444444444442,512400,0.03819444444444442,512400,0.03819444444444442,512400,0.03819444444444442,512400,0.03819444444444442,512400,0.03819444444444442,512400,0.03819444444444442,512400,0,0,0,0
2020-11-10,-0.024526198439241975,512400,-0.024526198439241975,512400,-0.024526198439241975,512400,-0.024526198439242086,512400,-0.024526198439241975,512400,-0.024526198439241975,512400,-0.024526198439241975,512400,0,0,0,0
2020-11-11,-0.010285714285714342,512400,-0.010285714285714453,512400,-0.010285714285714231,512400,-0.010285714285714342,512400,-0.010285714285714342,512400,-0.010285714285714231,512400,-0.010285714285714342,512400,0,0,0,0
2020-11-12,0.0034642032332563577,512400,0.0034642032332563577,512400,0.0034642032332563577,512400,0.0034642032332563577,512400,0.0034642032332563577,512400,0.0034642032332563577,512400,0.0034642032332563577,512400,0,0,0,0
2020-11-13,0.013808975834292303,512400,0.013808975834292303,512400,0.013808975834292303,512400,0.013808975834292303,512400,0.013808975834292303,512400,0.013808975834292303,512400,0.013808975834292303,512400,0,0,0,0
2020-11-16,0.047673098751418896,512400,0.047673098751418896,512400,0.047673098751418896,512400,0.047673098751418896,512400,0.047673098751418896,512400,0.047673098751418896,512400,0.047673098751418896,512400,0,0,0,0
2020-11-17,-0.01625135427952329,512400,-0.01625135427952329,512400,-0.01625135427952329,512400,-0.016251354279523178,512400,-0.01625135427952329,512400,-0.01625135427952329,512400,-0.01625135427952329,512400,0,0,0,0
2020-11-18,0.005506607929515406,512400,0.005506607929515406,512400,0.005506607929515406,512400,0.005506607929515406,512400,0.005506607929515406,512400,0.005506607929515406,512400,0.005506607929515406,512400,0,0,0,0
2020-11-19,-0.014238773274917849,512400,-0.01423877327491796,512400,-0.014238773274917849,512400,-0.014238773274917849,512400,-0.014238773274917849,512400,-0.014238773274917738,512400,-0.014238773274917849,512400,0,0,0,0
2020-11-20,0.03777777777777791,512400,0.03777777777777791,512400,0.03777777777777791,512400,0.03777777777777791,512400,0.03777777777777791,512400,0.03777777777777791,512400,0.03777777777777791,512400,0,0,0,0
2020-11-23,0.03211991434689487,512400,0.03211991434689487,512400,0.03211991434689487,512400,0.03211991434689487,512400,0.03211991434689487,512400,0.03211991434689487,512400,0.03211991434689487,512400,0,0,0,0
2020-11-24,0.012448132780082943,512400,0.012448132780082943,512400,0.012448132780082943,512400,0.012448132780082943,512400,0.012448132780082943,512400,0.012448132780082943,512400,0.012448132780082943,512400,0,0,0,0
2020-11-25,-0.027663934426229497,512400,-0.02766393442622961,512400,-0.027663934426229497,512400,-0.027663934426229386,512400,-0.027663934426229497,512400,-0.02766393442622961,512400,-0.02766393442622961,512400,0,0,0,0
2020-11-26,0.0,512400,0.0,512400,0.0,512400,0.0,512400,0.0,512400,0.0,512400,0.0,512400,0,0,0,0
2020-11-27,-0.004214963119072657,512400,-0.004214963119072657,512400,-0.004214963119072546,512400,-0.004214963119072657,512400,-0.004214963119072657,512400,-0.004214963119072657,512400,-0.004214963119072768,512400,0,0,0,0
2020-11-30,0.013756613756613856,512400,0.013756613756613856,512400,0.013756613756613856,512400,0.013756613756613856,512400,0.013756613756613856,512400,0.013756613756613856,512400,0.013756613756613856,512400,0,0,0,0
2020-12-01,0.008350730688935215,512400,0.008350730688935215,512400,0.008350730688935215,512400,0.008350730688935215,512400,0.008350730688935215,512400,0.008350730688935215,512400,0.008350730688935215,512400,0,0,0,0
2020-12-02,-0.006211180124223614,512400,-0.006211180124223725,512400,-0.006211180124223614,512400,-0.006211180124223614,512400,-0.006211180124223614,512400,-0.006211180124223614,512400,-0.006211180124223614,512400,0,0,0,0
2020-12-03,-0.03124999999999989,512400,-0.03125,512400,-0.03124999999999989,512400,-0.031249999999999778,512400,-0.031249999999999778,512400,-0.031249999999999778,512400,-0.03124999999999989,512400,0,0,0,0
2020-12-04,0.02473118279569886,512400,0.02473118279569886,512400,0.02473118279569886,512400,0.02473118279569886,512400,0.02473118279569886,512400,0.02473118279569886,512400,0.02473118279569886,512400,0,0,0,0
2020-12-07,-0.009443861490031513,512400,-0.009443861490031402,512400,-0.009443861490031513,512400,-0.009443861490031624,512400,-0.009443861490031513,512400,-0.009443861490031402,512400,-0.009443861490031513,512400,0,0,0,0
2020-12-08,0.0031779661016948513,512400,0.0031779661016948513,512400,0.0031779661016948513,512400,0.0031779661016948513,512400,0.0031779661016948513,512400,0.0031779661016948513,512400,0.0031779661016948513,512400,0,0,0,0
2020-12-09,-0.012671594508975592,512400,-0.012671594508975592,512400,-0.012671594508975703,512400,-0.012671594508975481,512400,-0.012671594508975592,512400,-0.012671594508975592,512400,-0.012671594508975592,512400,0,0,0,0
2020-12-10,-0.013903743315508033,512400,-0.013903743315508144,512400,-0.013903743315508033,512400,-0.013903743315508033,512400,-0.013903743315508033,512400,-0.013903743315507922,512400,-0.013903743315508033,512400,0,0,0,0
2020-12-11,-0.010845986984815648,512400,-0.010845986984815648,512400,-0.010845986984815648,512400,-0.010845986984815537,512400,-0.010845986984815648,512400,-0.010845986984815648,512400,-0.010845986984815648,512400,0,0,0,0
2020-12-14,0.007473903508771862,159915,0.007473903508771862,159915,0.007473903508771862,159915,0.007473903508772084,159915,0.007473903508772084,159915,0.007473903508772084,159915,0.007473903508771862,159915,0,0,0,0
2020-12-15,0.009844755774327751,159915,0.009844755774327751,159915,0.009844755774327751,159915,0.009844755774327751,159915,0.009844755774327751,159915,0.009844755774327751,159915,0.009844755774327751,159915,0,0,0,0
2020-12-16,0.0,159915,0.0,159915,0.0,159915,0.0,159915,0.0,159915,0.0,159915,0.0,159915,0,0,0,0
2020-12-17,0.010123734533183493,159915,0.010123734533183493,159915,0.010123734533183493,159915,0.010123734533183493,159915,0.010123734533183493,159915,0.010123734533183493,159915,0.010123734533183493,159915,0,0,0,0
2020-12-18,-0.00222717149220486,159915,-0.00222717149220486,159915,-0.00222717149220486,159915,-0.00222717149220486,159915,-0.0022271714922049712,159915,-0.00222717149220486,159915,-0.00222717149220486,159915,0,0,0,0
2020-12-21,0.033482142857142794,159915,0.033482142857142794,159915,0.033482142857142794,159915,0.033482142857142794,159915,0.033482142857142794,159915,0.033482142857142794,159915,0.033482142857142794,159915,0,0,0,0
2020-12-22,-0.021598272138228958,159915,-0.021598272138228847,159915,-0.021598272138228958,159915,-0.021793952483801338,513100,-0.021598272138228847,159915,-0.021793952483801227,513100,-0.021793952483801116,513100,0,0,0,0
2020-12-23,0.009933774834437026,159915,0.009933774834437026,159915,0.009933774834437026,159915,0.0035210514073040766,159915,0.009933774834437026,159915,0.0037217957664572587,513100,0.0037217957664572587,513100,0,0,0,0
2020-12-24,-0.006921675774134717,159915,-0.006921675774134606,159915,-0.006921675774134717,159915,-0.006921675774134606,159915,-0.006921675774134717,159915,-0.004138957126303633,159915,-0.004138957126303633,159915,0,0,0,0
2020-12-25,0.00843727072633893,159915,0.00843727072633893,159915,0.00843727072633893,159915,0.00843727072633893,159915,0.00843727072633893,159915,0.00843727072633893,159915,0.00843727072633893,159915,0,0,0,0
2020-12-28,-0.0014550745725718794,159915,-0.0014550745725719905,159915,-0.0014550745725719905,159915,-0.0014550745725718794,159915,-0.0014550745725718794,159915,-0.0014550745725719905,159915,-0.0014550745725718794,159915,0,0,0,0
2020-12-29,-0.010200364298724951,159915,-0.010200364298724951,159915,-0.010200364298725062,159915,-0.010200364298724951,159915,-0.010200364298724951,159915,-0.01020036429872484,159915,-0.010200364298724951,159915,0,0,0,0
2020-12-30,0.030180345969819555,159915,0.030180345969819555,159915,0.030180345969819555,159915,0.030180345969819555,159915,0.030180345969819555,159915,0.030180345969819555,159915,0.030180345969819555,159915,0,0,0,0
2020-12-31,0.023937120400143064,159915,0.023937120400143064,159915,0.023937120400143064,159915,0.023937120400143064,159915,0.023937120400143064,159915,0.023937120400143064,159915,0.023937120400143064,159915,0,0,0,0
2021-01-04,0.03838101884159095,159915,0.03838101884159095,159915,0.03838101884159095,159915,0.03838101884159095,159915,0.03838101884159095,159915,0.03838101884159095,159915,0.03838101884159095,159915,0,0,0,0
2021-01-05,0.0040322580645162365,159915,0.0040322580645162365,159915,0.0040322580645162365,159915,0.0040322580645162365,159915,0.0040322580645162365,159915,0.0040322580645162365,159915,0.0040322580645162365,159915,0,0,0,0
2021-01-06,0.005020080321285203,159915,0.005020080321285203,159915,0.005020080321285203,159915,0.005020080321285203,159915,0.005020080321285203,159915,0.005020080321285203,159915,0.005020080321285203,159915,0,0,0,0
2021-01-07,0.017649017649017607,159915,0.017649017649017607,159915,0.017649017649017607,159915,0.017649017649017607,159915,0.017649017649017607,159915,0.017649017649017607,159915,0.017649017649017607,159915,0,0,0,0
2021-01-08,-0.006544502617801151,159915,-0.006544502617800929,159915,-0.00654450261780104,159915,-0.00654450261780104,159915,-0.00654450261780104,159915,-0.00654450261780104,159915,-0.00654450261780104,159915,0,0,0,0
2021-01-11,-0.015480895915678583,159915,-0.015480895915678583,159915,-0.015480895915678694,159915,-0.015480895915678583,159915,-0.015480895915678583,159915,-0.015480895915678583,159915,-0.015480895915678472,159915,0,0,0,0
2021-01-12,0.029106724657075977,159915,0.029106724657075977,159915,0.029106724657075977,159915,0.029106724657075977,159915,0.029106724657075977,159915,0.029106724657075977,159915,0.029106724657075977,159915,0,0,0,0
2021-01-13,-0.016579973992197683,159915,-0.016579973992197683,159915,-0.016579973992197683,159915,-0.016579973992197683,159915,-0.016579973992197683,159915,-0.016579973992197683,159915,-0.016579973992197683,159915,0,0,0,0
2021-01-14,-0.01256198347107429,159915,-0.01256198347107429,159915,-0.01256198347107429,159915,-0.01256198347107429,159915,-0.0125619834710744,159915,-0.01256198347107429,159915,-0.01256198347107429,159915,0,0,0,0
2021-01-15,0.001004352192835567,159915,0.001004352192835567,159915,0.001004352192835567,159915,0.001004352192835567,159915,0.001004352192835567,159915,0.001004352192835567,159915,0.001004352192835567,159915,0,0,0,0
2021-01-18,0.0187290969899665,159915,0.0187290969899665,159915,0.0187290969899665,159915,0.0187290969899665,159915,0.0187290969899665,159915,0.0187290969899665,159915,0.0187290969899665,159915,0,0,0,0
2021-01-19,-0.022980958634274407,159915,-0.022980958634274407,159915,-0.022980958634274518,159915,-0.022980958634274518,159915,-0.022980958634274407,159915,-0.022980958634274407,159915,-0.022980958634274518,159915,0,0,0,0
2021-01-20,0.040322580645161255,159915,0.040322580645161255,159915,0.040322580645161255,159915,0.040322580645161255,159915,0.040322580645161255,159915,0.040322580645161255,159915,0.040322580645161255,159915,0,0,0,0
2021-01-21,0.025839793281653867,159915,0.025839793281653867,159915,0.025839793281653867,159915,0.025839793281653867,159915,0.025839793281653867,159915,0.025839793281653867,159915,0.025839793281653867,159915,0,0,0,0
2021-01-22,0.02046599496221657,159915,0.02046599496221657,159915,0.02046599496221657,159915,0.02046599496221657,159915,0.02046599496221657,159915,0.02046599496221657,159915,0.02046599496221657,159915,0,0,0,0
2021-01-25,0.000308546744831828,159915,0.000308546744831828,159915,0.000308546744831828,159915,0.000308546744831828,159915,0.000308546744831828,159915,0.000308546744831828,159915,0.000308546744831828,159915,0,0,0,0
2021-01-26,-0.02776064157927205,159915,-0.02776064157927194,159915,-0.02776064157927205,159915,-0.02776064157927216,159915,-0.02776064157927205,159915,-0.02776064157927205,159915,-0.02776064157927205,159915,0,0,0,0
2021-01-27,0.004441624365482122,159915,0.004441624365482122,159915,0.004441624365482122,159915,0.004441624365482122,159915,0.004441624365482122,159915,0.004441624365482122,159915,0.004441624365482122,159915,0,0,0,0
2021-01-28,-0.03442830069488312,159915,-0.03442830069488312,159915,-0.03442830069488312,159915,-0.03462141503474403,510500,-0.03442830069488312,159915,-0.03462141503474414,510500,-0.03462141503474414,512400,0,0,0,0
2021-01-29,-0.009159306509650023,159915,-0.009159306509650023,159915,-0.009159306509650023,159915,-0.014234250421111594,159915,-0.009159306509650023,159915,-0.014234250421111705,159915,-0.011204481792717047,512400,0,0,0,0
2021-02-01,0.008913832948167721,159915,0.008913832948167721,159915,0.008913832948167721,159915,0.008913832948167721,159915,0.008913832948167721,159915,0.008913832948167721,159915,0.011129178470254963,159915,0,0,0,0
2021-02-02,0.020287958115183136,159915,0.020287958115183136,159915,0.020287958115183136,159915,0.020287958115183136,159915,0.020287958115183136,159915,0.020287958115183136,159915,0.020287958115183136,159915,0,0,0,0
2021-02-03,-0.004047851186658069,513100,-0.0038486209108402614,159915,-0.0038486209108402614,159915,-0.0038486209108402614,159915,-0.0038486209108401503,159915,-0.004047851186658069,513100,-0.0038486209108403724,159915,0,0,0,0
2021-02-04,-0.009793011350990533,513100,-0.002775144880875713,513100,-0.002775144880875713,513100,-0.002775144880875713,513100,-0.002775144880875713,513100,-0.009793011350990533,513100,-0.002775144880875713,513100,0,0,0,0
2021-02-05,0.013261407057765906,513100,0.013261407057765906,513100,0.013261407057765906,513100,0.013261407057765906,513100,0.013261407057765906,513100,0.013261407057765906,513100,0.013261407057765906,513100,0,0,0,0
2021-02-08,0.006433007985803041,513100,0.006433007985803041,513100,0.006433007985803041,513100,0.006433007985803041,513100,0.006433007985803041,513100,0.006433007985803041,513100,0.006433007985803041,513100,0,0,0,0
2021-02-09,-0.0002204099625302547,513100,-0.00022040996253014367,513100,-0.0002204099625302547,513100,-0.0002204099625303657,513100,-0.0002204099625302547,513100,-0.0002204099625302547,513100,-0.0002204099625302547,513100,0,0,0,0
2021-02-10,0.0037477954144622405,513100,0.0037477954144622405,513100,0.0037477954144622405,513100,0.0037477954144622405,513100,0.0037477954144622405,513100,0.0037477954144622405,513100,0.0037477954144622405,513100,0,0,0,0
2021-02-18,-0.0046123435097737975,513100,-0.0046123435097737975,513100,-0.0046123435097737975,513100,-0.0046123435097737975,513100,-0.0046123435097737975,513100,-0.0046123435097737975,513100,-0.0046123435097737975,513100,0,0,0,0
2021-02-19,-0.0011032656663724216,513100,-0.0011032656663724216,513100,-0.0011032656663724216,513100,-0.0011032656663724216,513100,-0.0011032656663724216,513100,-0.0011032656663724216,513100,-0.0011032656663724216,513100,0,0,0,0
2021-02-22,-0.009034106472277648,512400,-0.009034106472277537,512400,-0.009034106472277537,512400,-0.008835873647006887,513100,-0.009034106472277648,512400,-0.008835873647007109,513100,-0.008835873647006998,513100,0,0,0,0
2021-02-23,-0.02093023255813964,512400,-0.02093023255813975,512400,-0.02093023255813964,512400,-0.015823490082460312,513100,-0.02093023255813964,512400,-0.015823490082460423,513100,-0.015823490082460423,513100,0,0,0,0
2021-02-24,-0.04453000791765638,512890,-0.04453000791765627,512890,-0.04453000791765638,512890,-0.01743659420289867,513100,-0.04453000791765627,512890,-0.01763310688405806,512890,-0.01763310688405817,512890,0,0,0,0
2021-02-25,0.023460410557184508,512890,0.023460410557184508,512890,0.023460410557184508,512890,0.01892500576169609,512890,0.023460410557184508,512890,0.023460410557184508,512890,0.023460410557184508,512890,0,0,0,0
2021-02-26,-0.01862464183381074,512890,-0.01862464183381063,512890,-0.01862464183381085,512890,-0.01862464183381074,512890,-0.01862464183381074,512890,-0.01862464183381074,512890,-0.01862464183381074,512890,0,0,0,0
2021-03-01,0.011678832116788218,512890,0.011678832116788218,512890,0.011678832116788218,512890,0.011678832116788218,512890,0.011678832116788218,512890,0.011678832116788218,512890,0.011678832116788218,512890,0,0,0,0
2021-03-02,-0.00505050505050475,512890,-0.005050505050504861,512890,-0.005050505050504972,512890,-0.005050505050504861,512890,-0.005050505050504861,512890,-0.005050505050504972,512890,-0.005050505050504861,512890,0,0,0,0
2021-03-03,0.02248005801305286,512890,0.02248005801305286,512890,0.02248005801305286,512890,0.02248005801305286,512890,0.02248005801305286,512890,0.02248005801305286,512890,0.02248005801305286,512890,0,0,0,0
2021-03-04,0.0007092198581561959,512890,0.0007092198581561959,512890,0.0007092198581561959,512890,0.0007092198581561959,512890,0.0007092198581561959,512890,0.0007092198581561959,512890,0.0007092198581561959,512890,0,0,0,0
2021-03-05,-0.014883061658398367,512890,-0.014883061658398367,512890,-0.014883061658398367,512890,-0.014883061658398367,512890,-0.014883061658398367,512890,-0.014883061658398367,512890,-0.014883061658398367,512890,0,0,0,0
2021-03-08,-0.0057553956834532904,512890,-0.0057553956834532904,512890,-0.0057553956834532904,512890,-0.0057553956834534015,512890,-0.0057553956834532904,512890,-0.0057553956834534015,512890,-0.0057553956834532904,512890,0,0,0,0
2021-03-09,-0.007959479015918758,512890,-0.007959479015918758,512890,-0.007959479015918758,512890,-0.007959479015918647,512890,-0.007959479015918758,512890,-0.007959479015918758,512890,-0.007959479015918758,512890,0,0,0,0
2021-03-10,-0.008023340627279385,512890,-0.008023340627279385,512890,-0.008023340627279385,512890,-0.008023340627279496,512890,-0.008023340627279385,512890,-0.008023340627279385,512890,-0.008023340627279385,512890,0,0,0,0
2021-03-11,0.02132352941176463,512890,0.02132352941176463,512890,0.02132352941176463,512890,0.02132352941176463,512890,0.02132352941176463,512890,0.02132352941176463,512890,0.02132352941176463,512890,0,0,0,0
2021-03-12,0.022318214542836445,512890,0.022318214542836445,512890,0.022318214542836445,512890,0.022318214542836445,512890,0.022318214542836445,512890,0.022318214542836445,512890,0.022318214542836445,512890,0,0,0,0
2021-03-15,0.004929577464788837,512890,0.004929577464788837,512890,0.004929577464788837,512890,0.004929577464788837,512890,0.004929577464788837,512890,0.004929577464788837,512890,0.004929577464788837,512890,0,0,0,0
2021-03-16,0.004905395935528967,512890,0.004905395935528967,512890,0.004905395935528967,512890,0.004905395935528967,512890,0.004905395935528967,512890,0.004905395935528967,512890,0.004905395935528967,512890,0,0,0,0
2021-03-17,-0.006276150627615218,512890,-0.006276150627615107,512890,-0.006276150627615107,512890,-0.006276150627615107,512890,-0.006276150627615107,512890,-0.006276150627615107,512890,-0.006276150627615218,512890,0,0,0,0
2021-03-18,0.00210526315789461,512890,0.00210526315789461,512890,0.00210526315789461,512890,0.00210526315789461,512890,0.00210526315789461,512890,0.00210526315789461,512890,0.00210526315789461,512890,0,0,0,0
2021-03-19,-0.011904761904761862,512890,-0.011904761904761862,512890,-0.011904761904761862,512890,-0.011904761904761973,512890,-0.011904761904761862,512890,-0.011904761904761862,512890,-0.011904761904761751,512890,0,0,0,0
2021-03-22,0.011339475549255962,512890,0.011339475549255962,512890,0.011339475549255962,512890,0.011339475549255962,512890,0.011339475549255962,512890,0.011339475549255962,512890,0.011339475549255962,512890,0,0,0,0
2021-03-23,-0.014015416958654603,512890,-0.014015416958654603,512890,-0.014015416958654492,512890,-0.014015416958654492,512890,-0.014015416958654492,512890,-0.014015416958654603,512890,-0.014015416958654492,512890,0,0,0,0
2021-03-24,-0.00995024875621886,512890,-0.00995024875621875,512890,-0.00995024875621875,512890,-0.010148258706467406,518880,-0.00995024875621875,512890,-0.010148258706467628,518880,-0.010148258706467517,518880,0,0,0,0
2021-03-25,-0.0016354630294328487,513100,-0.0016354630294328487,513100,-0.0016354630294328487,513100,0.0030743432084963107,518880,-0.0016354630294327377,513100,0.0030743432084963107,518880,0.0030743432084963107,518880,0,0,0,0
2021-03-26,0.008634772462077,513100,0.008634772462077,513100,0.008634772462077,513100,-0.0029857341877961296,513100,0.008634772462077,513100,-0.0029857341877961296,513100,-0.0029857341877961296,512890,0,0,0,0
2021-03-29,-0.00019999999999997797,512890,-0.00019999999999997797,512890,-0.00019999999999997797,512890,-0.00019999999999986695,512890,-0.00019999999999997797,512890,-0.00019999999999997797,512890,0.0164051355206849,512890,0,0,0,0
2021-03-30,-0.0028070175438598133,512890,-0.0028070175438597023,512890,-0.0028070175438598133,512890,-0.0028070175438597023,512890,-0.0028070175438598133,512890,-0.0028070175438598133,512890,-0.0028070175438598133,512890,0,0,0,0
2021-03-31,-0.0014074595355382247,512890,-0.0014074595355383357,512890,-0.0014074595355383357,512890,-0.0014074595355384467,512890,-0.0014074595355383357,512890,-0.0014074595355382247,512890,-0.0014074595355382247,512890,0,0,0,0
2021-04-01,0.006342494714587588,512890,0.006342494714587588,512890,0.006342494714587588,512890,0.006141226215644613,513100,0.006342494714587588,512890,0.006141226215644835,513100,0.006342494714587588,512890,0,0,0,0
2021-04-02,-0.008601680672268741,513100,-0.008601680672268741,513100,-0.008601680672268741,513100,0.011060948081264232,513100,-0.008601680672268741,513100,0.011060948081264232,513100,-0.00860168067226863,513100,0,0,0,0
2021-04-06,0.015628488501897797,513100,0.015628488501897797,513100,0.015628488501897797,513100,0.015628488501897797,513100,0.015628488501897797,513100,0.015628488501897797,513100,0.015628488501897797,513100,0,0,0,0
2021-04-07,-0.0008793141349747735,513100,-0.0008793141349748845,513100,-0.0008793141349748845,513100,-0.0008793141349748845,513100,-0.0008793141349748845,513100,-0.0008793141349748845,513100,-0.0008793141349748845,513100,0,0,0,0
2021-04-08,0.010341034103410252,513100,0.010341034103410252,513100,0.010341034103410252,513100,0.010341034103410252,513100,0.010341034103410252,513100,0.010341034103410252,513100,0.010341034103410252,513100,0,0,0,0
2021-04-09,0.0028310104529618574,513100,0.0028310104529618574,513100,0.0028310104529618574,513100,0.0028310104529618574,513100,0.0028310104529618574,513100,0.0028310104529618574,513100,0.0028310104529618574,513100,0,0,0,0
2021-04-12,0.006514657980455807,513100,0.006514657980455807,513100,0.006514657980455807,513100,0.006514657980455807,513100,0.006514657980455807,513100,0.006514657980455807,513100,0.006514657980455807,513100,0,0,0,0
2021-04-13,-0.0021574973031284195,513100,-0.0021574973031284195,513100,-0.0021574973031283085,513100,-0.0021574973031284195,513100,-0.0021574973031284195,513100,-0.0021574973031284195,513100,-0.0021574973031285305,513100,0,0,0,0
2021-04-14,0.01297297297297284,513100,0.01297297297297284,513100,0.01297297297297284,513100,0.01297297297297284,513100,0.01297297297297284,513100,0.01297297297297284,513100,0.01297297297297284,513100,0,0,0,0
2021-04-15,-0.010032017075773725,513100,-0.010032017075773836,513100,-0.010032017075773725,513100,-0.010032017075773836,513100,-0.010032017075773725,513100,-0.010032017075773725,513100,-0.010032017075773614,513100,0,0,0,0
2021-04-16,0.009271237602414883,513100,0.009271237602414883,513100,0.009271237602414883,513100,0.009271237602414883,513100,0.009271237602414883,513100,0.009271237602414883,513100,0.009271237602414883,513100,0,0,0,0
2021-04-19,0.0019226660969879905,513100,0.0019226660969879905,513100,0.0019226660969879905,513100,0.0019226660969879905,513100,0.0019226660969879905,513100,0.0019226660969879905,513100,0.0019226660969879905,513100,0,0,0,0
2021-04-20,-0.014925373134328401,513100,-0.014925373134328401,513100,-0.014925373134328401,513100,-0.014925373134328401,513100,-0.014925373134328401,513100,-0.014925373134328401,513100,-0.014925373134328401,513100,0,0,0,0
2021-04-21,-0.007575757575757569,513100,-0.007575757575757569,513100,-0.007575757575757569,513100,-0.007575757575757458,513100,-0.007575757575757569,513100,-0.007575757575757569,513100,-0.007575757575757458,513100,0,0,0,0
2021-04-22,0.009160305343511421,513100,0.009160305343511421,513100,0.009160305343511421,513100,0.009160305343511421,513100,0.009160305343511421,513100,0.009160305343511421,513100,0.009160305343511421,513100,0,0,0,0
2021-04-23,-0.011886751674951346,513100,-0.011886751674951235,513100,-0.011886751674951235,513100,-0.011886751674951124,513100,-0.011886751674951235,513100,-0.011886751674951124,513100,-0.011886751674951235,513100,0,0,0,0
2021-04-26,0.010279965004374336,513100,0.010279965004374336,513100,0.010279965004374336,513100,0.010279965004374336,513100,0.010279965004374336,513100,0.010279965004374336,513100,0.01007790901137362,159915,0,0,0,0
2021-04-27,0.008010391859709864,513100,0.008010391859709864,513100,0.008010391859709864,513100,0.008010391859709864,513100,0.008010391859709864,513100,0.0078087897813379215,159915,0.007334963325183352,159915,0,0,0,0
2021-04-28,-0.003635738831615165,159915,-0.003635738831615054,159915,-0.003635738831615165,159915,-0.003635738831615165,159915,-0.003635738831615054,159915,0.022538141470180184,159915,0.022538141470180184,159915,0,0,0,0
2021-04-29,0.0010172939979653517,159915,0.0010172939979653517,159915,0.0010172939979653517,159915,0.0010172939979653517,159915,0.0010172939979653517,159915,0.0010172939979653517,159915,0.0010172939979653517,159915,0,0,0,0
2021-04-30,0.012533875338753386,159915,0.012533875338753386,159915,0.012533875338753386,159915,0.012533875338753386,159915,0.012533875338753386,159915,0.012533875338753386,159915,0.012533875338753386,159915,0,0,0,0
2021-05-06,-0.02843760455001676,159915,-0.02843760455001676,159915,-0.02843760455001676,159915,-0.028631917029106724,510500,-0.02843760455001676,159915,-0.028631917029106835,510500,-0.028631917029106835,512400,0,0,0,0
2021-05-07,-0.029464118457300237,512400,-0.029464118457300237,512400,-0.029464118457300237,512400,-0.004511880912632216,518880,-0.029464118457300237,512400,-0.004511880912631994,518880,0.026437655417406836,518880,0,0,0,0
2021-05-10,0.052768166089965485,512400,0.052768166089965485,512400,0.052768166089965485,512400,0.0034974441754103136,518880,0.052768166089965485,512400,0.0034974441754103136,518880,0.0034974441754103136,518880,0,0,0,0
2021-05-11,-0.04702711585866903,510500,-0.04702711585866903,510500,-0.04702711585866903,510500,-0.0013404825737264314,518880,-0.04702711585866903,510500,-0.0013404825737263204,518880,-0.0013404825737263204,518880,0,0,0,0
2021-05-12,0.010832853750523785,512400,0.010832853750523785,512400,0.010832853750523785,512400,0.0016788187919463127,512400,0.011035060762676352,510500,0.0016788187919463127,512400,0.0016788187919463127,512890,0,0,0,0
2021-05-13,-0.050790222984562594,512890,-0.05079022298456248,512890,-0.05079022298456248,512890,-0.05079022298456237,518880,-0.01105277701022378,510500,-0.05079022298456248,518880,-0.002898515519568101,518880,0,0,0,0
2021-05-14,-0.002029769959404515,512890,-0.002029769959404515,512890,-0.002029769959404515,512890,0.005918751681463386,518880,0.015507124895222102,510500,0.005918751681463386,518880,0.005918751681463386,518880,0,0,0,0
2021-05-17,0.0054237288135592365,512890,0.0054237288135592365,512890,0.0054237288135592365,512890,0.010163145225996262,518880,0.005090108680698924,510500,0.010163145225996262,518880,0.010163145225996262,518880,0,0,0,0
2021-05-18,0.0026972353337828547,512890,0.0026972353337828547,512890,0.0026972353337828547,512890,0.006619009796134501,518880,0.0027374760470846304,510500,0.006619009796134501,518880,0.006619009796134501,518880,0,0,0,0
2021-05-19,-0.0013449899125755893,512890,-0.0013449899125755893,512890,-0.0013449899125755893,512890,0.002630194634402949,518880,-0.0016380016380016515,510500,0.002630194634402949,518880,0.002630194634402949,518880,0,0,0,0
2021-05-20,-0.013468013468013518,512890,-0.013468013468013518,512890,-0.013468013468013518,512890,-0.0002623294858341563,518880,-0.003691550451189518,510500,-0.0002623294858341563,518880,-0.00046227701993706294,159915,0,0,0,0
2021-05-21,0.004095563139931757,512890,0.004095563139931757,512890,0.004095563139931757,512890,0.0013119916032537926,518880,-0.003842459173871271,510500,0.0013119916032537926,518880,-0.010187315149523646,159915,0,0,0,0
2021-05-24,0.00679809653297081,512890,0.00679809653297081,512890,0.00679809653297081,512890,0.003144654088050425,518880,0.0028929604628735728,510500,0.003144654088050425,518880,0.007968127490039834,159915,0,0,0,0
2021-05-25,0.014854827819041017,512890,0.014854827819041017,512890,0.014854827819041017,512890,-0.004378892371995735,159915,0.010714285714285676,510500,-0.004378892371995846,159915,0.02733860342556005,159915,0,0,0,0
2021-05-26,0.005322687957418415,512890,0.005322687957418415,512890,0.005322687957418415,512890,-0.007694773966014701,159915,0.0012946724653437602,512890,-0.007694773966014701,159915,-0.007694773966014701,159915,0,0,0,0
2021-05-27,0.006618133686300487,512890,0.006618133686300487,512890,0.006618133686300487,512890,0.0074313408723747365,159915,0.006618133686300487,512890,0.0074313408723747365,159915,0.0074313408723747365,159915,0,0,0,0
2021-05-28,0.004602235371466312,512890,0.004602235371466312,512890,0.004602235371466312,512890,0.0009621552277101486,159915,0.004602235371466312,512890,0.0009621552277101486,159915,0.0009621552277101486,159915,0,0,0,0
2021-05-31,0.005890052356020803,512890,0.005890052356020803,512890,0.005890052356020803,512890,0.023710349247036078,159915,0.005890052356020803,512890,0.023710349247036078,159915,0.023710349247036078,159915,0,0,0,0
2021-06-01,0.0,512890,0.0,512890,0.0,512890,-0.0021909233176837795,159915,0.0,512890,-0.0021909233176837795,159915,-0.0021909233176837795,159915,0,0,0,0
2021-06-02,0.0019518542615486467,512890,0.0019518542615486467,512890,0.0019518542615486467,512890,-0.01744874529485585,512890,0.0019518542615486467,512890,-0.01744874529485574,512890,-0.01744874529485596,512890,0,0,0,0
2021-06-03,-0.0025974025974025983,512890,-0.0025974025974025983,512890,-0.0025974025974025983,512890,-0.0025974025974025983,512890,-0.0025974025974025983,512890,-0.0025974025974025983,512890,-0.0025974025974027093,512890,0,0,0,0
2021-06-04,-0.001953125,512890,-0.001953125000000111,512890,-0.001953125,512890,-0.001953125000000111,512890,-0.001953125,512890,-0.001953125,512890,-0.001953125,512890,0,0,0,0
2021-06-07,-0.010437051532941943,512890,-0.010437051532941943,512890,-0.010437051532941943,512890,-0.010437051532941943,512890,-0.010437051532941943,512890,-0.010437051532941943,512890,-0.010437051532941943,512890,0,0,0,0
2021-06-08,0.0032959789057351863,512890,0.0032959789057351863,512890,0.0032959789057351863,512890,0.0032959789057351863,512890,0.0032959789057351863,512890,0.0032959789057351863,512890,0.0032959789057351863,512890,0,0,0,0
2021-06-09,0.0013140604467805073,512890,0.0013140604467805073,512890,0.0013140604467805073,512890,0.0013140604467805073,512890,0.0013140604467805073,512890,0.0013140604467805073,512890,0.0013140604467805073,512890,0,0,0,0
2021-06-10,-0.00019999999999997797,510500,-0.00019999999999997797,510500,-0.00019999999999997797,510500,0.0,512890,-0.00019999999999997797,510500,0.0,512890,-0.00019999999999997797,510500,0,0,0,0
2021-06-11,-0.004903260005300947,510500,-0.004903260005300947,510500,-0.004903260005300947,510500,-0.002624671916010346,512890,-0.004903260005300947,510500,-0.002624671916010457,512890,-0.004903260005300947,510500,0,0,0,0
2021-06-15,-0.012118790784392042,510500,-0.012118790784392042,510500,-0.012118790784392042,510500,-0.011184210526316019,512890,-0.012118790784392042,510500,-0.011184210526315908,512890,-0.012118790784392042,510500,0,0,0,0
2021-06-16,-0.012330223779994709,513100,-0.012330223779994709,513100,-0.012330223779994598,513100,-0.0006653359946773296,512890,-0.012330223779994598,513100,-0.0006653359946772186,512890,-0.012330223779994487,513100,0,0,0,0
2021-06-17,-0.0032587442971974134,513100,-0.0032587442971974134,513100,-0.0032587442971974134,513100,-0.0008656458055924521,513100,-0.0032587442971974134,513100,-0.0008656458055926741,513100,-0.0032587442971974134,513100,0,0,0,0
2021-06-18,0.020924149956408122,513100,0.020924149956408122,513100,0.020924149956408122,513100,0.020924149956408122,513100,0.020924149956408122,513100,0.020924149956408122,513100,0.020924149956408122,513100,0,0,0,0
2021-06-21,-0.009180187873612411,513100,-0.009180187873612411,513100,-0.009180187873612522,513100,-0.0091801878736123,513100,-0.009180187873612411,513100,-0.0091801878736123,513100,-0.009180187873612411,513100,0,0,0,0
2021-06-22,0.006464124111182912,513100,0.006464124111182912,513100,0.006464124111182912,513100,0.006464124111182912,513100,0.006464124111182912,513100,0.006464124111182912,513100,0.006464124111182912,513100,0,0,0,0
2021-06-23,0.015414258188824581,513100,0.015414258188824581,513100,0.015414258188824581,513100,0.015414258188824581,513100,0.015414258188824581,513100,0.015414258188824581,513100,0.015414258188824581,513100,0,0,0,0
2021-06-24,-0.00021083702298119178,513100,-0.00021083702298119178,513100,-0.00021083702298119178,513100,-0.00021083702298119178,513100,-0.00021083702298119178,513100,-0.00021083702298119178,513100,-0.00021083702298119178,513100,0,0,0,0
2021-06-25,0.002952340784479146,513100,0.002952340784479146,513100,0.002952340784479146,513100,0.002952340784479146,513100,0.002952340784479146,513100,0.002952340784479146,513100,0.002952340784479146,513100,0,0,0,0
2021-06-28,0.0023128679562658405,513100,0.0023128679562658405,513100,0.0023128679562658405,513100,0.0023128679562658405,513100,0.0023128679562658405,513100,0.0023128679562658405,513100,0.0023128679562658405,513100,0,0,0,0
2021-06-29,0.007551919446192379,513100,0.007551919446192379,513100,0.007551919446192379,513100,0.007551919446192379,513100,0.007551919446192379,513100,0.007551919446192379,513100,0.007551919446192379,513100,0,0,0,0
2021-06-30,0.007078909015198809,513100,0.007078909015198809,513100,0.007078909015198809,513100,0.007078909015198809,513100,0.007078909015198809,513100,0.007078909015198809,513100,0.007078909015198809,513100,0,0,0,0
2021-07-01,-0.0020673971469920005,513100,-0.0020673971469920005,513100,-0.0020673971469920005,513100,-0.0020673971469920005,513100,-0.0020673971469920005,513100,-0.0020673971469920005,513100,-0.0020673971469921115,513100,0,0,0,0
2021-07-02,0.0002071680132589293,513100,0.0002071680132589293,513100,0.0002071680132589293,513100,0.0002071680132589293,513100,0.0002071680132589293,513100,0.0002071680132589293,513100,0.0002071680132589293,513100,0,0,0,0
2021-07-05,0.011391880695940326,513100,0.011391880695940326,513100,0.011391880695940326,513100,0.011391880695940326,513100,0.011391880695940326,513100,0.011391880695940326,513100,0.011391880695940326,513100,0,0,0,0
2021-07-06,0.0008191685439278285,513100,0.0008191685439278285,513100,0.0008191685439278285,513100,0.0008191685439278285,513100,0.0008191685439278285,513100,0.0008191685439278285,513100,0.0008191685439278285,513100,0,0,0,0
2021-07-07,0.006547984448536992,513100,0.006547984448536992,513100,0.006547984448536992,513100,0.006547984448536992,513100,0.006547984448536992,513100,0.006547984448536992,513100,0.006547984448536992,513100,0,0,0,0
2021-07-08,-0.0018296401707662557,513100,-0.0018296401707661447,513100,-0.0018296401707662557,513100,-0.0018296401707661447,513100,-0.0018296401707662557,513100,-0.0018296401707662557,513100,-0.0018296401707662557,513100,0,0,0,0
2021-07-09,-0.0014256619144603633,513100,-0.0014256619144604743,513100,-0.0014256619144603633,513100,-0.0014256619144603633,513100,-0.0014256619144603633,513100,-0.0014256619144603633,513100,-0.0014256619144603633,513100,0,0,0,0
2021-07-12,0.006322659596165625,513100,0.006322659596165625,513100,0.006322659596165625,513100,0.006322659596165625,513100,0.006322659596165625,513100,0.006322659596165625,513100,0.006121395064246471,512400,0,0,0,0
2021-07-13,0.001216051884880498,513100,0.001216051884880498,513100,0.001216051884880498,513100,0.001216051884880498,513100,0.001216051884880498,513100,0.001216051884880498,513100,0.0,512400,0,0,0,0
2021-07-14,-0.00040485829959524544,513100,-0.00040485829959524544,513100,-0.00040485829959535646,513100,-0.0004048582995951344,513100,-0.00040485829959524544,513100,-0.00040485829959524544,513100,-0.03508537490720087,513100,0,0,0,0
2021-07-15,0.0020251113811260435,513100,0.0020251113811260435,513100,0.0020251113811260435,513100,0.0018247063588499035,512400,0.0020251113811260435,513100,0.0018247063588499035,512400,0.0020251113811260435,513100,0,0,0,0
2021-07-16,-0.009292764753435878,512400,-0.009292764753435878,512400,-0.00929276475343599,512400,0.002038358208955149,513100,-0.00929276475343599,512400,0.002038358208955371,513100,-0.00909458367017002,513100,0,0,0,0
2021-07-19,-0.008935219657483229,512400,-0.008935219657483229,512400,-0.00893521965748334,512400,-0.006113563124617416,512400,-0.008935219657483229,512400,-0.005914746073832244,513100,-0.006113563124617416,512400,0,0,0,0
2021-07-20,0.002253944402704766,512400,0.002253944402704766,512400,0.002253944402704766,512400,0.002253944402704766,512400,0.002253944402704766,512400,-0.0022568732047597573,513100,0.002253944402704766,512400,0,0,0,0
2021-07-21,0.0502248875562219,512400,0.0502248875562219,512400,0.0502248875562219,512400,0.0502248875562219,512400,0.0502248875562219,512400,0.005967797655767937,512400,0.0502248875562219,512400,0,0,0,0
2021-07-22,0.020699500356887945,512400,0.020699500356887945,512400,0.020699500356887945,512400,0.020699500356887945,512400,0.020699500356887945,512400,0.020699500356887945,512400,0.020699500356887945,512400,0,0,0,0
2021-07-23,0.0,512400,0.0,512400,0.0,512400,-0.00019999999999997797,518880,0.0,512400,-0.00019999999999986695,518880,-0.00019999999999997797,513100,0,0,0,0
2021-07-26,0.012384895104895044,513100,0.012384895104895044,513100,0.012384895104895044,513100,0.002242508143322386,513100,0.012384895104895266,513100,0.0024429967426709,518880,0.013266331658291497,513100,0,0,0,0
2021-07-27,-0.002182106724856192,513100,-0.002182106724856192,513100,-0.002182106724856192,513100,-0.002182106724856081,513100,-0.002182106724856303,513100,-0.008394259409694071,518880,-0.002182106724856192,513100,0,0,0,0
2021-07-28,-0.00994035785288272,513100,-0.00994035785288272,513100,-0.00994035785288272,513100,-0.00994035785288272,513100,-0.00994035785288272,513100,0.00983069361004918,518880,-0.00994035785288272,513100,0,0,0,0
2021-07-29,0.003212851405622441,513100,0.003212851405622441,513100,0.003212851405622441,513100,0.003212851405622441,513100,0.003212851405622441,513100,0.002503623580313752,513100,0.003212851405622441,513100,0,0,0,0
2021-07-30,-0.016813450760608695,513100,-0.016813450760608584,513100,-0.016813450760608695,513100,-0.016813450760608695,513100,-0.016813450760608584,513100,-0.016813450760608695,513100,-0.016813450760608695,513100,0,0,0,0
2021-08-02,0.013843648208469173,513100,0.013843648208469173,513100,0.013843648208469173,513100,0.013843648208469173,513100,0.013843648208469173,513100,0.013843648208469173,513100,0.013843648208469173,513100,0,0,0,0
2021-08-03,-0.002409638554216831,513100,-0.002409638554216942,513100,-0.002409638554216831,513100,-0.002409638554216831,513100,-0.002409638554216831,513100,-0.002409638554216942,513100,-0.002409638554216831,513100,0,0,0,0
2021-08-04,0.0066425120772948265,513100,0.0066425120772948265,513100,0.0066425120772948265,513100,0.0066425120772948265,513100,0.0066425120772948265,513100,0.0066425120772948265,513100,0.0066425120772948265,513100,0,0,0,0
2021-08-05,-0.0009998000399918938,513100,-0.0009998000399918938,513100,-0.0009998000399918938,513100,-0.0009998000399918938,513100,-0.0009998000399920048,513100,-0.0009998000399918938,513100,-0.0009998000399918938,513100,0,0,0,0
2021-08-06,0.007405924739791736,513100,0.007405924739791736,513100,0.007405924739791736,513100,0.007405924739791736,513100,0.007405924739791736,513100,0.007405924739791736,513100,0.007405924739791736,513100,0,0,0,0
2021-08-09,-0.004967216371945193,513100,-0.004967216371945193,513100,-0.004967216371945193,513100,-0.004967216371945193,513100,-0.004967216371945304,513100,-0.004967216371945193,513100,-0.004967216371945193,513100,0,0,0,0
2021-08-10,0.004592651757188371,513100,0.004592651757188371,513100,0.004592651757188371,513100,0.004592651757188371,513100,0.004592651757188371,513100,0.004592651757188371,513100,0.004592651757188371,513100,0,0,0,0
2021-08-11,-0.00496919101570259,513100,-0.004969191015702701,513100,-0.00496919101570259,513100,-0.004969191015702701,513100,-0.004969191015702479,513100,-0.004969191015702701,513100,-0.004969191015702701,513100,0,0,0,0
2021-08-12,-0.0027966440271673942,513100,-0.0027966440271673942,513100,-0.0027966440271673942,513100,-0.0027966440271675053,513100,-0.0027966440271673942,513100,-0.0027966440271673942,513100,-0.0027966440271673942,513100,0,0,0,0
2021-08-13,0.0036057692307691624,513100,0.0036057692307691624,513100,0.0036057692307691624,513100,0.0036057692307691624,513100,0.0036057692307691624,513100,0.0036057692307691624,513100,0.0036057692307691624,513100,0,0,0,0
2021-08-16,0.0023952095808383866,513100,0.0023952095808383866,513100,0.0023952095808383866,513100,0.0023952095808383866,513100,0.0023952095808383866,513100,0.0023952095808383866,513100,0.0023952095808383866,513100,0,0,0,0
2021-08-17,0.003385105535643085,513100,0.003385105535643085,513100,0.003385105535643085,513100,0.003385105535643085,513100,0.003385105535643085,513100,0.003385105535643085,513100,0.003385105535643085,513100,0,0,0,0
2021-08-18,-0.005953562214724983,513100,-0.005953562214725094,513100,-0.005953562214725094,513100,-0.005953562214725094,513100,-0.005953562214724983,513100,-0.005953562214725094,513100,-0.005953562214725205,513100,0,0,0,0
2021-08-19,-0.0173687362747057,513100,-0.0173687362747057,513100,-0.017368736274705587,513100,-0.01736873627470581,513100,-0.017368736274705587,513100,-0.0173687362747057,513100,-0.01756526252745083,518880,0,0,0,0
2021-08-20,0.009345794392523477,513100,0.009345794392523477,513100,0.009345794392523477,513100,0.009345794392523477,513100,0.009345794392523477,513100,0.009345794392523477,513100,0.003015350877192846,518880,0,0,0,0
2021-08-23,0.016505636070853535,513100,0.016505636070853535,513100,0.016505636070853535,513100,0.016505636070853535,513100,0.016505636070853535,513100,0.016505636070853535,513100,-0.0019130910084722563,518880,0,0,0,0
2021-08-24,0.014455445544554468,513100,0.014455445544554468,513100,0.014455445544554468,513100,0.014455445544554468,513100,0.014455445544554468,513100,0.014455445544554468,513100,0.0071917305585980085,513100,0,0,0,0
2021-08-25,-0.0009759906304899202,513100,-0.0009759906304899202,513100,-0.0009759906304899202,513100,-0.0009759906304900312,513100,-0.0009759906304899202,513100,-0.0009759906304899202,513100,-0.0009759906304900312,513100,0,0,0,0
2021-08-26,-0.0013677217663150554,513100,-0.0013677217663150554,513100,-0.0013677217663150554,513100,-0.0013677217663150554,513100,-0.0013677217663149444,513100,-0.0013677217663150554,513100,-0.0013677217663150554,513100,0,0,0,0
2021-08-27,0.0007826257092546918,513100,0.0007826257092546918,513100,0.0007826257092546918,513100,0.0007826257092546918,513100,0.0007826257092546918,513100,0.0007826257092546918,513100,0.0007826257092546918,513100,0,0,0,0
2021-08-30,0.007624633431084993,513100,0.007624633431084993,513100,0.007624633431084993,513100,0.007624633431084993,513100,0.007624633431084993,513100,0.007624633431084993,513100,0.007624633431084993,513100,0,0,0,0
2021-08-31,0.013581684128832094,513100,0.013581684128832094,513100,0.013581684128832094,513100,0.013581684128832094,513100,0.013581684128832094,513100,0.013581684128832094,513100,0.013581684128832094,513100,0,0,0,0
2021-09-01,-0.004594180704440953,513100,-0.004594180704441064,513100,-0.004594180704441064,513100,-0.004594180704441064,513100,-0.004594180704441064,513100,-0.004594180704441064,513100,-0.004594180704441064,513100,0,0,0,0
2021-09-02,-0.0013461538461538858,513100,-0.0013461538461538858,513100,-0.0013461538461538858,513100,-0.0013461538461539968,513100,-0.0013461538461538858,513100,-0.0013461538461538858,513100,-0.0013461538461538858,513100,0,0,0,0
2021-09-03,-0.002118236087039982,513100,-0.002118236087040093,513100,-0.002118236087040093,513100,-0.002118236087040093,513100,-0.002118236087040093,513100,-0.002118236087040093,513100,-0.002118236087039982,513100,0,0,0,0
2021-09-06,0.0025086839058279242,513100,0.0025086839058279242,513100,0.0025086839058279242,513100,0.0025086839058279242,513100,0.0025086839058279242,513100,0.0025086839058279242,513100,0.0025086839058279242,513100,0,0,0,0
2021-09-07,0.0009624639076033503,513100,0.0009624639076033503,513100,0.0009624639076033503,513100,0.0009624639076033503,513100,0.0009624639076033503,513100,0.0009624639076033503,513100,0.0009624639076033503,513100,0,0,0,0
2021-09-08,-0.0013461538461538858,513100,-0.0013461538461538858,513100,-0.0013461538461538858,513100,-0.0013461538461539968,513100,-0.0013461538461538858,513100,-0.0013461538461538858,513100,-0.0013461538461538858,513100,0,0,0,0
2021-09-09,-0.005391873676102499,513100,-0.005391873676102388,513100,-0.005391873676102388,513100,-0.005391873676102388,513100,-0.005391873676102499,513100,-0.005391873676102388,513100,-0.005391873676102388,513100,0,0,0,0
2021-09-10,-0.003490726040658365,512890,-0.003490726040658476,512890,-0.003490726040658365,512890,-0.0032913843175218505,513100,-0.003490726040658476,512890,-0.0032913843175219615,513100,-0.0032913843175218505,513100,0,0,0,0
2021-09-13,0.02524314632735658,513100,0.02524314632735658,513100,0.025243146327356802,513100,-0.005050505050504972,513100,0.02524314632735658,513100,-0.005050505050504972,513100,-0.005050505050504972,513100,0,0,0,0
2021-09-14,-0.005857087075361256,513100,-0.005857087075361256,513100,-0.005857087075361256,513100,-0.005857087075361256,513100,-0.005857087075361256,513100,-0.005857087075361256,513100,-0.005857087075361256,513100,0,0,0,0
2021-09-15,-0.0021602513747052132,513100,-0.0021602513747052132,513100,-0.0021602513747052132,513100,-0.0021602513747052132,513100,-0.0021602513747052132,513100,-0.0021602513747052132,513100,-0.0021602513747052132,513100,0,0,0,0
2021-09-16,0.004920291281243827,513100,0.004920291281243827,513100,0.004920291281243827,513100,0.004920291281243827,513100,0.004920291281243827,513100,0.004920291281243827,513100,0.004920291281243827,513100,0,0,0,0
2021-09-17,0.0056795926361143945,513100,0.0056795926361143945,513100,0.0056795926361143945,513100,0.0056795926361143945,513100,0.0056795926361143945,513100,0.0056795926361143945,513100,0.0056795926361143945,513100,0,0,0,0
2021-09-22,-0.02453748782862697,513100,-0.02453748782862697,513100,-0.02453748782862697,513100,-0.024732580331061182,518880,-0.02453748782862686,513100,-0.024732580331061293,518880,-0.024732580331061182,518880,0,0,0,0
2021-09-23,0.009183469754441953,513100,0.009183469754441953,513100,0.009183469754441953,513100,-0.009813461538461521,513100,0.009183469754441953,513100,-0.009813461538461521,513100,-0.009615384615384803,518880,0,0,0,0
2021-09-24,0.001978239366963619,513100,0.001978239366963619,513100,0.001978239366963619,513100,0.0017778437190902885,518880,0.001978239366963619,513100,0.0017778437190902885,518880,-0.005469403606102707,513100,0,0,0,0
2021-09-27,0.0061204343534055905,513100,0.0061204343534055905,513100,0.0061204343534055905,513100,0.0009152258784161926,513100,0.0061204343534055905,513100,0.0009152258784159706,513100,0.0061204343534055905,513100,0,0,0,0
2021-09-28,-0.017857142857142905,513100,-0.017857142857142905,513100,-0.017857142857142905,513100,-0.017857142857143016,513100,-0.017857142857143016,513100,-0.017857142857142794,513100,-0.017857142857142905,513100,0,0,0,0
2021-09-29,-0.014185814185814216,513100,-0.014185814185814216,513100,-0.014185814185814216,513100,-0.014185814185814216,513100,-0.014185814185814216,513100,-0.014185814185814216,513100,-0.014185814185814216,513100,0,0,0,0
2021-09-30,0.0020267531414672746,513100,0.0020267531414672746,513100,0.0020267531414672746,513100,0.0020267531414672746,513100,0.0020267531414672746,513100,0.0020267531414672746,513100,0.0020267531414672746,513100,0,0,0,0
2021-10-08,-0.0016155744336568967,518880,-0.0016155744336568967,518880,-0.0016155744336568967,518880,-0.0014158576051779281,513100,-0.0016155744336567857,518880,-0.0014158576051779281,513100,-0.0016155744336568967,518880,0,0,0,0
2021-10-11,-0.0039029829941457095,518880,-0.0039029829941457095,518880,-0.0039029829941457095,518880,-0.011540652217946201,518880,-0.0039029829941457095,518880,-0.011540652217946201,518880,-0.0039029829941455985,518880,0,0,0,0
2021-10-12,0.005037783375315019,518880,0.005037783375315019,518880,0.005037783375315019,518880,0.005037783375315019,518880,0.005037783375315019,518880,0.005037783375315019,518880,0.005037783375315019,518880,0,0,0,0
2021-10-13,-0.0002784739626844335,518880,-0.00027847396268432245,518880,-0.0002784739626844335,518880,-0.0002784739626845445,518880,-0.0002784739626844335,518880,-0.0002784739626844335,518880,-0.0002784739626844335,518880,0,0,0,0
2021-10-14,0.012813370473537589,518880,0.012813370473537589,518880,0.012813370473537589,518880,0.012813370473537589,518880,0.012813370473537589,518880,0.012813370473537589,518880,0.012813370473537589,518880,0,0,0,0
2021-10-15,-0.0019251925192520503,518880,-0.0019251925192520503,518880,-0.0019251925192519392,518880,-0.0019251925192520503,518880,-0.0019251925192520503,518880,-0.0019251925192519392,518880,-0.0019251925192519392,518880,0,0,0,0
2021-10-18,-0.013502342243042254,518880,-0.013502342243042254,518880,-0.013502342243042254,518880,-0.013502342243042254,518880,-0.013502342243042254,518880,-0.013502342243042365,518880,-0.013502342243042254,518880,0,0,0,0
2021-10-19,0.003910614525139522,518880,0.003910614525139522,518880,0.003910614525139522,518880,0.003910614525139522,518880,0.003910614525139522,518880,0.003910614525139522,518880,0.0037098324022344364,513100,0,0,0,0
2021-10-20,-0.0027824151363382565,518880,-0.0027824151363382565,518880,-0.0027824151363381455,518880,-0.0027824151363382565,518880,-0.0027824151363382565,518880,-0.0027824151363382565,518880,0.0017860686644175505,513100,0,0,0,0
2021-10-21,0.004743303571428603,518880,0.004743303571428603,518880,0.004743303571428603,518880,0.004743303571428603,518880,0.004743303571428603,518880,0.004743303571428603,518880,-0.00019809825673544612,513100,0,0,0,0
2021-10-22,0.0038878089419607242,518880,0.0038878089419607242,518880,0.0038878089419607242,518880,0.0038878089419607242,518880,0.0038878089419607242,518880,0.0038878089419607242,518880,0.0035664751337429745,513100,0,0,0,0
2021-10-25,-0.0024896265560166997,518880,-0.0024896265560166997,518880,-0.0024896265560166997,518880,-0.002689128630705362,513100,-0.0024896265560166997,518880,-0.002689128630705362,513100,-0.0049358341559725405,513100,0,0,0,0
2021-10-26,0.004159733777038266,518880,0.004159733777038266,518880,0.004159733777038266,518880,0.012499999999999956,513100,0.004159733777038266,518880,0.012499999999999956,513100,0.012499999999999956,513100,0,0,0,0
2021-10-27,-0.007655012427506214,513100,-0.007655012427506325,513100,-0.007655012427506325,513100,-0.0015677052714087036,513100,-0.007655012427506214,513100,-0.0015677052714088147,513100,-0.0015677052714088147,513100,0,0,0,0
2021-10-28,0.004121687929342421,513100,0.004121687929342421,513100,0.004121687929342421,513100,0.004121687929342421,513100,0.004121687929342421,513100,0.004121687929342421,513100,0.004121687929342421,513100,0,0,0,0
2021-10-29,0.0011727912431587217,513100,0.0011727912431587217,513100,0.0011727912431587217,513100,0.0011727912431587217,513100,0.0011727912431587217,513100,0.0011727912431587217,513100,0.0011727912431587217,513100,0,0,0,0
2021-11-01,0.01679031628270211,513100,0.01679031628270211,513100,0.01679031628270211,513100,0.01679031628270211,513100,0.01679031628270211,513100,0.01679031628270211,513100,0.01679031628270211,513100,0,0,0,0
2021-11-02,0.0019201228878646948,513100,0.0019201228878646948,513100,0.0019201228878646948,513100,0.0019201228878646948,513100,0.0019201228878646948,513100,0.0019201228878646948,513100,0.0019201228878646948,513100,0,0,0,0
2021-11-03,0.004791107704101183,513100,0.004791107704101183,513100,0.004791107704101183,513100,0.004791107704101183,513100,0.004791107704101183,513100,0.004791107704101183,513100,0.004791107704101183,513100,0,0,0,0
2021-11-04,0.01373259584207509,513100,0.01373259584207509,513100,0.01373259584207509,513100,0.01373259584207509,513100,0.01373259584207509,513100,0.01373259584207509,513100,0.01373259584207509,513100,0,0,0,0
2021-11-05,0.012229539040451431,513100,0.012229539040451431,513100,0.012229539040451431,513100,0.012229539040451431,513100,0.012229539040451431,513100,0.012229539040451431,513100,0.012229539040451431,513100,0,0,0,0
2021-11-08,-0.0033457249070633077,513100,-0.0033457249070633077,513100,-0.0033457249070633077,513100,-0.0033457249070631967,513100,-0.0033457249070631967,513100,-0.0033457249070631967,513100,-0.0033457249070633077,513100,0,0,0,0
2021-11-09,0.0011189854531892252,513100,0.0011189854531892252,513100,0.0011189854531892252,513100,0.0011189854531892252,513100,0.0011189854531892252,513100,0.0011189854531892252,513100,0.0011189854531892252,513100,0,0,0,0
2021-11-10,-0.009687034277198303,513100,-0.009687034277198303,513100,-0.009687034277198303,513100,-0.009687034277198303,513100,-0.009687034277198303,513100,-0.009687034277198414,513100,-0.009687034277198303,513100,0,0,0,0
2021-11-11,-0.008276899924755332,513100,-0.008276899924755332,513100,-0.008276899924755332,513100,-0.008276899924755332,513100,-0.008276899924755221,513100,-0.008276899924755332,513100,-0.008276899924755332,513100,0,0,0,0
2021-11-12,-0.00037936267071336793,513100,-0.00037936267071336793,513100,-0.00037936267071347896,513100,-0.00037936267071336793,513100,-0.00037936267071336793,513100,-0.00037936267071336793,513100,-0.00037936267071347896,513100,0,0,0,0
2021-11-15,0.012523719165085545,513100,0.012523719165085545,513100,0.012523719165085545,513100,0.012523719165085545,513100,0.012523719165085545,513100,0.012523719165085545,513100,0.012523719165085545,513100,0,0,0,0
2021-11-16,-0.005997001499250421,513100,-0.005997001499250532,513100,-0.005997001499250421,513100,-0.005997001499250421,513100,-0.005997001499250421,513100,-0.005997001499250532,513100,-0.005997001499250532,513100,0,0,0,0
2021-11-17,0.008107088989441902,513100,0.008107088989441902,513100,0.008107088989441902,513100,0.008107088989441902,513100,0.008107088989441902,513100,0.008107088989441902,513100,0.008107088989441902,513100,0,0,0,0
2021-11-18,0.0022442491116512198,513100,0.0022442491116512198,513100,0.0022442491116512198,513100,0.0022442491116512198,513100,0.0022442491116512198,513100,0.0022442491116512198,513100,0.0022442491116512198,513100,0,0,0,0
2021-11-19,0.013808546370591479,513100,0.013808546370591479,513100,0.013808546370591479,513100,0.013808546370591479,513100,0.013808546370591479,513100,0.013808546370591479,513100,0.013808546370591479,513100,0,0,0,0
2021-11-22,0.00276090557702946,513100,0.00276090557702946,513100,0.00276090557702946,513100,0.00276090557702946,513100,0.00276090557702946,513100,0.00276090557702946,513100,0.00276090557702946,513100,0,0,0,0
2021-11-23,-0.016336270190895785,513100,-0.016336270190895785,513100,-0.016336270190895785,513100,-0.016336270190895785,513100,-0.016336270190895674,513100,-0.016336270190895785,513100,-0.016336270190895785,513100,0,0,0,0
2021-11-24,0.0016794178018286754,513100,0.0016794178018286754,513100,0.0016794178018286754,513100,0.0016794178018286754,513100,0.0016794178018286754,513100,0.0016794178018286754,513100,0.0016794178018286754,513100,0,0,0,0
2021-11-25,0.005029806259314373,513100,0.005029806259314373,513100,0.005029806259314373,513100,0.005029806259314373,513100,0.005029806259314373,513100,0.005029806259314373,513100,0.005029806259314373,513100,0,0,0,0
2021-11-26,-0.010194624652455908,513100,-0.010194624652455908,513100,-0.010194624652455908,513100,-0.010194624652455797,513100,-0.010194624652455908,513100,-0.010194624652455908,513100,-0.010194624652455797,513100,0,0,0,0
2021-11-29,-0.003370786516853852,513100,-0.003370786516853852,513100,-0.003370786516853852,513100,-0.003370786516853852,513100,-0.003370786516853741,513100,-0.003370786516853852,513100,-0.003370786516853852,513100,0,0,0,0
2021-11-30,0.004509582863585049,513100,0.004509582863585049,513100,0.004509582863585049,513100,0.004509582863585049,513100,0.004509582863585049,513100,0.004509582863585049,513100,0.004509582863585049,513100,0,0,0,0
2021-12-01,0.0007482229704451893,513100,0.0007482229704451893,513100,0.0007482229704451893,513100,0.0007482229704451893,513100,0.0007482229704451893,513100,0.0007482229704451893,513100,0.0007482229704451893,513100,0,0,0,0
2021-12-02,-0.0224299065420559,513100,-0.02242990654205579,513100,-0.0224299065420559,513100,-0.022625420560747456,518880,-0.0224299065420559,513100,-0.022625420560747456,518880,-0.022625420560747456,518880,0,0,0,0
2021-12-03,-0.000764818355640684,513100,-0.000764818355640684,513100,-0.000764818355640684,513100,-0.0027169790209788935,513100,-0.000764818355640684,513100,-0.0027169790209788935,513100,-0.0027169790209788935,513100,0,0,0,0
2021-12-06,-0.013968618446230319,513100,-0.013968618446230319,513100,-0.013968618446230319,513100,-0.013968618446230319,513100,-0.013968618446230319,513100,-0.013968618446230208,513100,-0.013968618446230319,513100,0,0,0,0
2021-12-07,0.013002134678827826,513100,0.013002134678827826,513100,0.013002134678827826,513100,0.013002134678827826,513100,0.013002134678827826,513100,0.013002134678827826,513100,0.013002134678827826,513100,0,0,0,0
2021-12-08,0.02490421455938696,513100,0.02490421455938696,513100,0.02490421455938696,513100,0.02469923371647509,512890,0.02490421455938696,513100,0.02469923371647509,512890,0.02469923371647509,512890,0,0,0,0
2021-12-09,-0.004124448598130659,512890,-0.004124448598130659,512890,-0.004124448598130548,512890,0.002547770700636942,512890,-0.004124448598130548,512890,0.002547770700636942,512890,0.002547770700636942,512890,0,0,0,0
2021-12-10,-0.003811944091486663,512890,-0.003811944091486663,512890,-0.003811944091486663,512890,-0.003811944091486552,512890,-0.003811944091486552,512890,-0.003811944091486663,512890,-0.003811944091486663,512890,0,0,0,0
2021-12-13,-0.0063775510204080454,512890,-0.0063775510204080454,512890,-0.0063775510204080454,512890,-0.0063775510204080454,512890,-0.0063775510204080454,512890,-0.0063775510204080454,512890,-0.0063775510204080454,512890,0,0,0,0
2021-12-14,-0.012836970474967901,512890,-0.012836970474967901,512890,-0.012836970474967901,512890,-0.012836970474967901,512890,-0.01283697047496779,512890,-0.012836970474967901,512890,-0.012836970474967901,512890,0,0,0,0
2021-12-15,0.00890091027308193,513100,0.00890091027308193,513100,0.00890091027308193,513100,0.00910273081924573,512890,0.00890091027308193,513100,0.00910273081924573,512890,0.00910273081924573,512890,0,0,0,0
2021-12-16,0.024918535556833543,513100,0.024918535556833543,513100,0.024918535556833543,513100,0.014175257731958713,512890,0.024918535556833543,513100,0.014175257731958713,512890,0.014175257731958713,512890,0,0,0,0
2021-12-17,-0.0291752384514683,513100,-0.0291752384514683,513100,-0.0291752384514683,513100,0.001070393900889366,513100,-0.02917523845146841,513100,0.001070393900889588,513100,0.001070393900889366,518880,0,0,0,0
2021-12-20,-0.015223001348487641,518880,-0.015223001348487641,518880,-0.01522300134848753,518880,-0.01522300134848753,518880,-0.015223001348487641,518880,-0.015223001348487641,518880,-0.0013777900248002073,518880,0,0,0,0
2021-12-21,-0.006898454746136928,518880,-0.006898454746136928,518880,-0.006898454746136928,518880,-0.006898454746136928,518880,-0.006898454746137039,518880,-0.006898454746137039,518880,-0.006898454746137039,518880,0,0,0,0
2021-12-22,-0.0022228396776881043,518880,-0.0022228396776882153,518880,-0.0022228396776881043,518880,-0.0022228396776879933,518880,-0.0022228396776881043,518880,-0.0022228396776881043,518880,-0.0022228396776881043,518880,0,0,0,0
2021-12-23,0.010025062656641381,518880,0.010025062656641381,518880,0.010025062656641381,518880,0.010025062656641381,518880,0.010025062656641381,518880,0.010025062656641381,518880,0.010025062656641381,518880,0,0,0,0
2021-12-24,0.0016542597187758634,518880,0.0016542597187758634,518880,0.0016542597187758634,518880,0.0016542597187758634,518880,0.0016542597187758634,518880,0.0016542597187758634,518880,0.0016542597187758634,518880,0,0,0,0
2021-12-27,-0.0008257638315440907,518880,-0.0008257638315440907,518880,-0.0008257638315440907,518880,-0.0008257638315440907,518880,-0.0008257638315440907,518880,-0.0008257638315440907,518880,-0.0008257638315440907,518880,0,0,0,0
2021-12-28,0.0033057851239668423,518880,0.0033057851239668423,518880,0.0033057851239668423,518880,0.0033057851239668423,518880,0.0033057851239668423,518880,0.0033057851239668423,518880,0.0033057851239668423,518880,0,0,0,0
2021-12-29,-0.004667764964305321,518880,-0.004667764964305321,518880,-0.004667764964305321,518880,-0.00466776496430521,518880,-0.004667764964305321,518880,-0.004667764964305321,518880,-0.004667764964305321,518880,0,0,0,0
2021-12-30,-0.005241379310344962,518880,-0.005241379310344962,518880,-0.005241379310344962,518880,-0.005241379310344962,518880,-0.005241379310344962,518880,-0.005241379310344962,518880,-0.005440331034482826,513100,0,0,0,0
2021-12-31,0.010260676650027722,518880,0.010260676650027722,518880,0.010260676650027722,518880,0.010260676650027722,518880,0.010260676650027722,518880,0.010260676650027722,518880,-0.0014892032762472418,513100,0,0,0,0
2022-01-04,-0.006313477902827214,518880,-0.006313477902827214,518880,-0.006313477902827214,518880,-0.006313477902827214,518880,-0.006313477902827214,518880,-0.006313477902827214,518880,0.007829977628635243,513100,0,0,0,0
2022-01-05,0.004143646408839796,518880,0.004143646408839796,518880,0.004143646408839796,518880,0.004143646408839796,518880,0.004143646408839796,518880,0.004143646408839796,518880,-0.0201627820939696,513100,0,0,0,0
2022-01-06,-0.005777166437413883,518880,-0.005777166437413883,518880,-0.005777166437413883,518880,-0.005777166437413994,518880,-0.005777166437413772,518880,-0.005777166437413883,518880,-0.02775725882575031,518880,0,0,0,0
2022-01-07,-0.006087437742113844,518880,-0.006087437742113844,518880,-0.006087437742113844,518880,-0.006087437742113733,518880,-0.006087437742113844,518880,-0.006087437742113844,518880,-0.006087437742113844,518880,0,0,0,0
2022-01-10,0.0019487750556792527,518880,0.0019487750556792527,518880,0.0019487750556792527,518880,0.0019487750556792527,518880,0.0019487750556792527,518880,0.0019487750556792527,518880,0.0019487750556792527,518880,0,0,0,0
2022-01-11,0.008335648791330863,518880,0.008335648791330863,518880,0.008335648791330863,518880,0.008335648791330863,518880,0.008335648791330863,518880,0.008335648791330863,518880,0.008335648791330863,518880,0,0,0,0
2022-01-12,0.004684486084320705,518880,0.004684486084320705,518880,0.004684486084320705,518880,0.004684486084320705,518880,0.004684486084320705,518880,0.004684486084320705,518880,0.004684486084320705,518880,0,0,0,0
2022-01-13,0.0021941854086671153,518880,0.0021941854086671153,518880,0.0021941854086671153,518880,0.0021941854086671153,518880,0.0021941854086671153,518880,0.0021941854086671153,518880,0.0021941854086671153,518880,0,0,0,0
2022-01-14,-0.0010946907498631253,518880,-0.0010946907498631253,518880,-0.0010946907498631253,518880,-0.0010946907498631253,518880,-0.0010946907498631253,518880,-0.0010946907498631253,518880,-0.0010946907498631253,518880,0,0,0,0
2022-01-17,-0.004109589041095818,518880,-0.004109589041095818,518880,-0.004109589041095818,518880,-0.004109589041095707,518880,-0.004109589041095818,518880,-0.004109589041095929,518880,-0.004109589041095818,518880,0,0,0,0
2022-01-18,-0.0016506189821182682,518880,-0.0016506189821182682,518880,-0.0016506189821182682,518880,-0.0016506189821183792,518880,-0.0016506189821182682,518880,-0.0016506189821181572,518880,-0.0016506189821182682,518880,0,0,0,0
2022-01-19,-0.0011022320198401658,518880,-0.0011022320198401658,518880,-0.0011022320198401658,518880,-0.0011022320198401658,518880,-0.0011022320198401658,518880,-0.0011022320198401658,518880,-0.0011022320198401658,518880,0,0,0,0
2022-01-20,0.013517241379310319,518880,0.013517241379310319,518880,0.013517241379310319,518880,0.013517241379310319,518880,0.013517241379310319,518880,0.013517241379310319,518880,0.013517241379310319,518880,0,0,0,0
2022-01-21,-0.0005443658138268859,518880,-0.0005443658138268859,518880,-0.0005443658138268859,518880,-0.0005443658138269969,518880,-0.0005443658138269969,518880,-0.0005443658138268859,518880,-0.0005443658138268859,518880,0,0,0,0
2022-01-24,-0.002723311546841023,518880,-0.002723311546841023,518880,-0.002723311546841023,518880,-0.002723311546841023,518880,-0.002723311546840912,518880,-0.002723311546840912,518880,-0.002723311546841134,518880,0,0,0,0
2022-01-25,0.0024576734025123503,518880,0.0024576734025123503,518880,0.0024576734025123503,518880,0.0024576734025123503,518880,0.0024576734025123503,518880,0.0024576734025123503,518880,0.0024576734025123503,518880,0,0,0,0
2022-01-26,0.0008172160174340082,518880,0.0008172160174340082,518880,0.0008172160174340082,518880,0.0008172160174340082,518880,0.0008172160174340082,518880,0.0008172160174340082,518880,0.0008172160174340082,518880,0,0,0,0
2022-01-27,-0.01850843767011423,518880,-0.01850843767011423,518880,-0.01850843767011423,518880,-0.01850843767011423,518880,-0.01850843767011423,518880,-0.01850843767011434,518880,-0.01850843767011423,518880,0,0,0,0
2022-01-28,-0.0033277870216306127,518880,-0.0033277870216306127,518880,-0.0033277870216306127,518880,-0.0033277870216305017,518880,-0.0033277870216307237,518880,-0.0033277870216306127,518880,-0.0033277870216306127,518880,0,0,0,0
2022-02-07,0.0072342793544797335,518880,0.0072342793544797335,518880,0.0072342793544797335,518880,0.0072342793544797335,518880,0.0072342793544797335,518880,0.0072342793544797335,518880,0.0072342793544797335,518880,0,0,0,0
2022-02-08,0.005801104972375626,518880,0.005801104972375626,518880,0.005801104972375626,518880,0.005801104972375626,518880,0.005801104972375626,518880,0.005801104972375626,518880,0.005801104972375626,518880,0,0,0,0
2022-02-09,0.004669046965119383,518880,0.004669046965119383,518880,0.004669046965119383,518880,0.004669046965119383,518880,0.004669046965119383,518880,0.004669046965119383,518880,0.004669046965119383,518880,0,0,0,0
2022-02-10,0.001913613996719521,518880,0.001913613996719521,518880,0.001913613996719521,518880,0.001913613996719521,518880,0.001913613996719521,518880,0.001913613996719521,518880,0.001913613996719521,518880,0,0,0,0
2022-02-11,-0.00545702592087316,518880,-0.00545702592087316,518880,-0.00545702592087316,518880,-0.00545702592087316,518880,-0.005457025920873049,518880,-0.00545702592087316,518880,-0.005457025920873271,518880,0,0,0,0
2022-02-14,0.016460905349794164,518880,0.016460905349794164,518880,0.016460905349794164,518880,0.016460905349794164,518880,0.016460905349794164,518880,0.016460905349794164,518880,0.016460905349794164,518880,0,0,0,0
2022-02-15,0.009986504723346723,518880,0.009986504723346723,518880,0.009986504723346723,518880,0.009986504723346723,518880,0.009986504723346723,518880,0.009986504723346723,518880,0.009986504723346723,518880,0,0,0,0
2022-02-16,-0.01336183858898976,518880,-0.01336183858898976,518880,-0.01336183858898965,518880,-0.01336183858898976,518880,-0.01336183858898976,518880,-0.01336183858898976,518880,-0.01336183858898976,518880,0,0,0,0
2022-02-17,0.009209100758396538,518880,0.009209100758396538,518880,0.009209100758396538,518880,0.009209100758396538,518880,0.009209100758396538,518880,0.009209100758396538,518880,0.009209100758396538,518880,0,0,0,0
2022-02-18,0.00912506709608163,518880,0.00912506709608163,518880,0.00912506709608163,518880,0.00912506709608163,518880,0.00912506709608163,518880,0.00912506709608163,518880,0.00912506709608163,518880,0,0,0,0
2022-02-21,-0.0015957446808509967,518880,-0.0015957446808508857,518880,-0.0015957446808509967,518880,-0.0015957446808509967,518880,-0.0015957446808511078,518880,-0.0015957446808509967,518880,-0.0015957446808511078,518880,0,0,0,0
2022-02-22,0.012519978689397915,518880,0.012519978689397915,518880,0.012519978689397915,518880,0.012519978689397915,518880,0.012519978689397915,518880,0.012519978689397915,518880,0.012519978689397915,518880,0,0,0,0
2022-02-23,-0.007629571165482907,518880,-0.007629571165482907,518880,-0.007629571165482907,518880,-0.007629571165482907,518880,-0.007629571165482907,518880,-0.007629571165483018,518880,-0.007629571165482796,518880,0,0,0,0
2022-02-24,0.02147401908801716,518880,0.02147401908801716,518880,0.02126972428419971,513100,0.021269724284199487,513100,0.02126972428419971,513100,0.021269724284199487,513100,0.02126972428419971,513100,1,1,1,1
2022-02-25,-0.011938749026732531,518880,-0.011938749026732531,518880,0.043173862310385,513100,0.043173862310385,513100,0.043173862310385,513100,0.043173862310385,513100,0.043173862310385,513100,0,0,0,0
2022-02-28,-0.00525348043078544,518880,-0.00525348043078544,518880,0.0022371364653244186,513100,0.0022371364653244186,513100,0.0022371364653244186,513100,0.0022371364653244186,513100,0.0022371364653244186,513100,0,0,0,0
2022-03-01,-0.00026406126221278914,518880,-0.00026406126221278914,518880,0.025669642857142794,513100,0.025669642857142794,513100,0.025669642857142794,513100,0.025669642857142794,513100,0.025669642857142794,513100,0,0,0,0
2022-03-02,0.01347068145800323,518880,0.01347068145800323,518880,-0.015233949945593017,513100,-0.015233949945593017,513100,-0.015233949945593017,513100,-0.015233949945593017,513100,-0.015233949945593017,513100,0,0,0,0
2022-03-03,-0.0026062027625749495,518880,-0.0026062027625748385,518880,0.01637127071823219,518880,0.01637127071823219,518880,0.01637127071823219,518880,0.01637127071823219,518880,0.016371270718231967,518880,0,0,0,0
2022-03-04,0.0036582179252679925,518880,0.0036582179252679925,518880,0.0036582179252679925,518880,0.0036582179252679925,518880,0.0036582179252679925,518880,0.0036582179252679925,518880,0.0036582179252679925,518880,0,0,0,0
2022-03-07,0.022129653736006283,518880,0.022129653736006283,518880,0.022129653736006283,518880,0.022129653736006283,518880,0.022129653736006283,518880,0.022129653736006283,518880,0.022129653736006283,518880,0,0,0,0
2022-03-08,0.022669383596535697,518880,0.022669383596535697,518880,0.02246484971981655,159915,0.022464849719816327,159915,0.02246484971981655,159915,0.022464849719816327,159915,0.022464849719816327,159915,1,1,1,1
2022-03-09,0.011457036114570496,518880,0.011457036114570496,518880,-0.009573195053849237,159915,-0.009573195053849237,159915,-0.009573195053849237,159915,-0.009573195053849237,159915,-0.009573195053849237,159915,0,0,0,0
2022-03-10,-0.032011819748830384,518880,-0.032011819748830384,518880,0.025775271848570203,159915,0.025775271848570203,159915,0.025775271848570203,159915,0.025775271848570203,159915,0.025775271848570203,159915,0,0,0,0
2022-03-11,0.001526329178326069,518880,0.001526329178326069,518880,0.014134275618374659,159915,0.014134275618374659,159915,0.014134275618374659,159915,0.014134275618374659,159915,0.014134275618374659,159915,0,0,0,0
2022-03-14,-0.005080010160020354,518880,-0.005080010160020354,518880,-0.03600464576074347,159915,-0.03600464576074336,159915,-0.03600464576074336,159915,-0.03600464576074336,159915,-0.03600464576074336,159915,0,0,0,0
2022-03-15,-0.021700280827163798,518880,-0.021700280827163687,518880,-0.027905301204819377,510500,-0.027905301204819377,510500,-0.027905301204819377,510500,-0.027905301204819488,510500,-0.027905301204819377,510500,1,1,1,1
2022-03-16,-0.009394572025052228,518880,-0.009394572025052228,518880,0.0351585876720526,510500,0.0351585876720526,510500,0.0351585876720526,510500,0.0351585876720526,510500,0.0351585876720526,510500,0,0,0,0
2022-03-17,0.012908324552160177,518880,0.012908324552160177,518880,0.01633183986125175,510500,0.01633183986125175,510500,0.01633183986125175,510500,0.01633183986125175,510500,0.01633183986125175,510500,0,0,0,0
2022-03-18,0.001560468140441973,518880,0.001560468140441973,518880,0.010238907849829282,510500,0.010238907849829282,510500,0.010238907849829282,510500,0.010238907849829282,510500,0.010238907849829282,510500,0,0,0,0
2022-03-21,-0.002596728122565506,518880,-0.002596728122565506,518880,0.0038006756756756577,510500,0.0038006756756756577,510500,0.0038006756756756577,510500,0.0038006756756756577,510500,0.0038006756756756577,510500,0,0,0,0
2022-03-22,0.006508721687060737,518880,0.006508721687060737,518880,8.040947973642076e-05,518880,8.040947973642076e-05,513100,8.040947973642076e-05,518880,8.040947973642076e-05,513100,8.040947973664281e-05,513100,0,0,0,0
2022-03-23,-0.00821702017589232,513100,-0.00821702017589232,513100,-0.00821702017589232,513100,0.02467811158798283,513100,-0.008018623900672317,518880,0.02467811158798283,513100,0.02467811158798283,513100,0,0,0,0
2022-03-24,-0.009424083769633551,513100,-0.009424083769633551,513100,-0.009424083769633551,513100,-0.009424083769633551,513100,0.01153168187744491,513100,-0.009424083769633551,513100,-0.009424083769633551,513100,0,0,0,0
2022-03-25,0.017970401691332016,513100,0.017970401691332016,513100,0.017970401691332016,513100,0.017970401691332016,513100,0.017970401691332016,513100,0.017970401691332016,513100,0.017970401691332016,513100,0,0,0,0
2022-03-28,-0.00519210799584624,513100,-0.00519210799584624,513100,-0.005192107995846351,513100,-0.00519210799584624,513100,-0.00519210799584624,513100,-0.00519210799584624,513100,-0.00519210799584624,513100,0,0,0,0
2022-03-29,0.02087682672233826,513100,0.02087682672233826,513100,0.02087682672233826,513100,0.02087682672233826,513100,0.02087682672233826,513100,0.02087682672233826,513100,0.02087682672233826,513100,0,0,0,0
2022-03-30,0.012269938650306678,513100,0.012269938650306678,513100,0.012269938650306678,513100,0.012269938650306678,513100,0.012269938650306678,513100,0.012269938650306678,513100,0.012269938650306678,513100,0,0,0,0
2022-03-31,-0.007070707070707116,513100,-0.007070707070707116,513100,-0.007070707070707116,513100,-0.007070707070707116,513100,-0.007070707070707116,513100,-0.007070707070707116,513100,-0.007070707070707116,513100,0,0,0,0
2022-04-01,-0.010172939979654294,513100,-0.010172939979654294,513100,-0.010172939979654294,513100,-0.010172939979654294,513100,-0.010172939979654405,513100,-0.010172939979654294,513100,-0.010172939979654405,513100,0,0,0,0
2022-04-06,-0.006166495375128589,513100,-0.006166495375128589,513100,-0.006166495375128589,513100,-0.006166495375128589,513100,-0.006166495375128478,513100,-0.006166495375128589,513100,-0.006166495375128589,513100,0,0,0,0
2022-04-07,-0.020682523267838815,513100,-0.020682523267838815,513100,-0.020682523267838926,513100,-0.020682523267838815,513100,-0.020682523267838815,513100,-0.020682523267838815,513100,-0.020682523267838815,513100,0,0,0,0
2022-04-08,0.006335797254487963,513100,0.006335797254487963,513100,0.006335797254487963,513100,0.006335797254487963,513100,0.006335797254487963,513100,0.006335797254487963,513100,0.006335797254487963,513100,0,0,0,0
2022-04-11,-0.025378593913955805,588080,-0.025378593913955916,588080,-0.025378593913955805,588080,-0.025378593913955805,588080,-0.025378593913955694,588080,-0.025378593913955805,588080,-0.025378593913955805,588080,1,1,1,1
2022-04-12,0.0009756097560975618,588080,0.0009756097560975618,588080,0.0009756097560975618,588080,0.0009756097560975618,588080,0.0009756097560975618,588080,0.0009756097560975618,588080,0.0009756097560975618,588080,0,0,0,0
2022-04-13,-0.032163742690058617,588080,-0.032163742690058506,588080,-0.032163742690058506,588080,-0.032163742690058506,588080,-0.032163742690058506,588080,-0.032163742690058506,588080,-0.032163742690058506,588080,0,0,0,0
2022-04-14,0.011077542799597273,588080,0.011077542799597273,588080,0.011077542799597273,588080,0.011077542799597273,588080,0.011077542799597273,588080,0.011077542799597273,588080,0.011077542799597273,588080,0,0,0,0
2022-04-15,-0.0009960159362550902,588080,-0.0009960159362549792,588080,-0.0009960159362550902,588080,-0.0009960159362550902,588080,-0.0009960159362552012,588080,-0.0009960159362552012,588080,-0.0009960159362550902,588080,0,0,0,0
2022-04-18,0.029704287138584196,518880,0.029704287138584196,518880,0.029704287138584196,518880,0.029704287138584196,518880,0.029704287138584196,518880,0.029704287138584196,518880,0.029704287138584196,518880,0,0,0,0
2022-04-19,-0.007814469372321553,518880,-0.007814469372321553,518880,-0.007814469372321442,518880,-0.007814469372321553,518880,-0.007814469372321553,518880,-0.007814469372321553,518880,-0.007814469372321553,518880,0,0,0,0
2022-04-20,-0.012703252032520318,518880,-0.012703252032520429,518880,-0.012703252032520429,518880,-0.012703252032520318,518880,-0.012703252032520429,518880,-0.012703252032520318,518880,-0.012703252032520318,518880,0,0,0,0
2022-04-21,0.013124034997426648,518880,0.013124034997426648,518880,0.01292141019042714,510300,0.012921410190427363,510300,0.01292141019042714,510300,0.01292141019042714,510300,0.01292141019042714,510300,1,1,1,1
2022-04-22,0.0035560071120142034,518880,0.0035560071120142034,518880,0.0025025025025025016,510300,0.0025025025025025016,510300,0.0025025025025025016,510300,0.0025025025025025016,510300,0.0025025025025025016,510300,0,0,0,0
2022-04-25,-0.007032346241457765,510300,-0.007032346241457876,510300,-0.04817773339990028,510300,-0.04817773339990017,510300,-0.04817773339990017,510300,-0.04817773339990017,510300,-0.04817773339990017,510300,0,0,0,0
2022-04-26,-0.007867820613690069,510300,-0.007867820613689958,510300,-0.007867820613690069,510300,-0.00786782061369018,510300,-0.007867820613690069,510300,-0.007867820613690069,510300,-0.007867820613690069,510300,0,0,0,0
2022-04-27,0.02802008987575988,510300,0.02802008987575988,510300,0.02802008987575988,510300,0.02802008987575988,510300,0.02802008987575988,510300,0.02802008987575988,510300,0.02802008987575988,510300,0,0,0,0
2022-04-28,0.00668552327076366,510300,0.00668552327076366,510300,0.0064841861661095734,518880,0.0064841861661095734,518880,0.0064841861661095734,518880,0.0064841861661095734,518880,0.0064841861661095734,518880,0,0,0,0
2022-04-29,0.025542784163473664,510300,0.025542784163473664,510300,0.013367609254498758,518880,0.013367609254498758,518880,0.013367609254498758,518880,0.013367609254498758,518880,0.013367609254498758,518880,0,0,0,0
2022-05-05,-0.003935242839352315,518880,-0.003935242839352315,518880,-0.003297818366311822,518880,-0.003297818366311711,518880,-0.003297818366311711,518880,-0.003297818366311711,518880,-0.003297818366311711,518880,0,0,0,0
2022-05-06,-0.001781623822855627,518880,-0.001781623822855627,518880,-0.001781623822855627,518880,-0.001781623822855627,518880,-0.001781623822855627,518880,-0.001781623822855627,518880,-0.001781623822855627,518880,0,0,0,0
2022-05-09,0.004334523202447649,518880,0.004334523202447649,518880,0.004334523202447649,518880,0.004334523202447649,518880,0.004334523202447649,518880,0.004334523202447649,518880,0.004334523202447649,518880,0,0,0,0
2022-05-10,-0.007362274689007298,518880,-0.007362274689007298,518880,-0.007362274689007187,518880,-0.007362274689007298,518880,-0.007362274689007187,518880,-0.007362274689007298,518880,-0.007362274689007298,518880,0,0,0,0
2022-05-11,-0.005115089514066362,518880,-0.005115089514066362,518880,-0.005115089514066362,518880,-0.005115089514066473,518880,-0.005115089514066362,518880,-0.005115089514066362,518880,-0.005115089514066362,518880,0,0,0,0
2022-05-12,0.009768637532133528,518880,0.009768637532133528,518880,0.009768637532133528,518880,0.009768637532133528,518880,0.009768637532133528,518880,0.009768637532133528,518880,0.009768637532133528,518880,0,0,0,0
2022-05-13,-0.010183299389001976,518880,-0.010183299389001976,518880,-0.010183299389001976,518880,-0.010183299389001976,518880,-0.010183299389001976,518880,-0.010183299389001976,518880,-0.010183299389001976,518880,0,0,0,0
2022-05-16,-0.009516460905349633,518880,-0.009516460905349633,518880,-0.009516460905349633,518880,-0.009516460905349633,518880,-0.009516460905349522,518880,-0.009516460905349633,518880,-0.009516460905349633,518880,0,0,0,0
2022-05-17,0.006751493118670515,518880,0.006751493118670515,518880,0.006751493118670515,518880,0.006751493118670515,518880,0.006751493118670515,518880,0.006751493118670515,518880,0.006751493118670515,518880,0,0,0,0
2022-05-18,-0.010575187000257946,518880,-0.010575187000257946,518880,-0.010575187000258057,518880,-0.010575187000257946,518880,-0.010575187000257946,518880,-0.010575187000257946,518880,-0.010575187000257946,518880,0,0,0,0
2022-05-19,0.0036496350364965124,518880,0.0036496350364965124,518880,0.0036496350364965124,518880,0.0036496350364965124,518880,0.0036496350364965124,518880,0.0036496350364965124,518880,0.0036496350364965124,518880,0,0,0,0
2022-05-20,0.005714285714285561,518880,0.005714285714285561,518880,0.005714285714285561,518880,0.005714285714285561,518880,0.005714285714285561,518880,0.005714285714285561,518880,0.005714285714285561,518880,0,0,0,0
2022-05-23,0.0007747933884296732,518880,0.0007747933884296732,518880,0.0007747933884296732,518880,0.0007747933884296732,518880,0.0007747933884296732,518880,0.0007747933884296732,518880,0.0007747933884296732,518880,0,0,0,0
2022-05-24,0.0018064516129032704,518880,0.0018064516129032704,518880,0.0018064516129032704,518880,0.0018064516129032704,518880,0.0018064516129032704,518880,0.0018064516129032704,518880,0.0018064516129032704,518880,0,0,0,0
2022-05-25,0.0012879958784131063,518880,0.0012879958784131063,518880,0.0012879958784131063,518880,0.0012879958784131063,518880,0.0012879958784131063,518880,0.0012879958784131063,518880,0.0012879958784131063,518880,0,0,0,0
2022-05-26,0.0036017494211473267,518880,0.0036017494211473267,518880,0.0036017494211473267,518880,0.0036017494211473267,518880,0.0036017494211473267,518880,0.0036017494211473267,518880,0.0036017494211473267,518880,0,0,0,0
2022-05-27,0.004101512432709509,518880,0.004101512432709509,518880,0.004101512432709509,518880,0.004101512432709509,518880,0.004101512432709509,518880,0.004101512432709509,518880,0.004101512432709509,518880,0,0,0,0
2022-05-30,-0.008169517487873423,518880,-0.008169517487873423,518880,-0.008169517487873534,518880,-0.008169517487873423,518880,-0.008169517487873312,518880,-0.008169517487873423,518880,-0.008169517487873423,518880,0,0,0,0
2022-05-31,-0.00205920205920207,518880,-0.00205920205920207,518880,-0.00205920205920207,518880,-0.00205920205920207,518880,-0.002059202059202181,518880,-0.00205920205920207,518880,-0.002258790218790163,513100,0,0,0,0
2022-06-01,-0.006646995099303443,513100,-0.006646995099303443,513100,-0.006646995099303554,513100,-0.006448284756254807,518880,-0.006646995099303665,513100,-0.006448284756254807,518880,0.0,513100,0,0,0,0
2022-06-02,-0.009216589861751112,513100,-0.009216589861751112,513100,-0.009216589861751223,513100,0.0062888369678089084,513100,-0.009216589861751112,513100,0.0062888369678089084,513100,-0.009216589861751112,513100,0,0,0,0
2022-06-06,0.0011627906976743319,513100,0.0011627906976743319,513100,0.0011627906976743319,513100,0.0011627906976743319,513100,0.0011627906976743319,513100,0.0011627906976743319,513100,0.0011627906976743319,513100,0,0,0,0
2022-06-07,-0.008130081300813052,513100,-0.008130081300813052,513100,-0.008130081300813163,513100,-0.008130081300813052,513100,-0.008130081300813052,513100,-0.008130081300813052,513100,-0.008130081300813052,513100,0,0,0,0
2022-06-08,0.014051522248243575,513100,0.014051522248243575,513100,0.014051522248243575,513100,0.014051522248243575,513100,0.014051522248243575,513100,0.014051522248243575,513100,0.014051522248243575,513100,0,0,0,0
2022-06-09,-0.005773672055427115,513100,-0.005773672055427226,513100,-0.005773672055427226,513100,-0.005773672055427226,513100,-0.005773672055427226,513100,-0.005773672055427226,513100,-0.005773672055427226,513100,0,0,0,0
2022-06-10,-0.016260162601625994,513100,-0.016260162601625994,513100,-0.016260162601625994,513100,-0.016260162601625994,513100,-0.016260162601625994,513100,-0.016260162601625994,513100,-0.016260162601625994,513100,0,0,0,0
2022-06-13,-0.05095726092089725,518880,-0.05095726092089736,518880,-0.05095726092089725,518880,-0.05095726092089736,518880,-0.050957260920897474,518880,-0.05095726092089725,518880,-0.05095726092089725,518880,0,0,0,0
2022-06-14,-0.01808456444218043,518880,-0.01808456444218043,518880,-0.01808456444218043,518880,-0.01808456444218043,518880,-0.01808456444218054,518880,-0.01808456444218054,518880,-0.01808456444218054,518880,0,0,0,0
2022-06-15,-0.005447470817120492,518880,-0.005447470817120492,518880,-0.005447470817120492,518880,-0.005447470817120492,518880,-0.005447470817120492,518880,-0.005447470817120492,518880,-0.005447470817120492,518880,0,0,0,0
2022-06-16,0.003129890453834161,518880,0.003129890453834161,518880,0.003129890453834161,518880,0.003129890453834161,518880,0.003129890453834161,518880,0.003129890453834161,518880,0.003129890453834161,518880,0,0,0,0
2022-06-17,0.007280291211648526,518880,0.007280291211648526,518880,0.007280291211648526,518880,0.007280291211648526,518880,0.007280291211648526,518880,0.007280291211648526,518880,0.007280291211648526,518880,0,0,0,0
2022-06-20,-0.004130098089829559,518880,-0.004130098089829559,518880,-0.004130098089829559,518880,-0.004130098089829559,518880,-0.004130098089829559,518880,-0.004130098089829448,518880,-0.004130098089829559,518880,0,0,0,0
2022-06-21,-0.0015552099533437946,518880,-0.0015552099533437946,518880,-0.0015552099533437946,518880,-0.0015552099533437946,518880,-0.0015552099533437946,518880,-0.0015552099533437946,518880,-0.0015552099533437946,518880,0,0,0,0
2022-06-22,-0.0007788161993768083,518880,-0.0007788161993768083,518880,-0.0007788161993768083,518880,-0.0007788161993768083,518880,-0.0007788161993769194,518880,-0.0007788161993768083,518880,-0.0007788161993769194,518880,0,0,0,0
2022-06-23,0.0012990387113536173,518880,0.0012990387113536173,518880,0.0012990387113536173,518880,0.0012990387113536173,518880,0.0012990387113536173,518880,0.0012990387113536173,518880,0.0012990387113536173,518880,0,0,0,0
2022-06-24,-0.007005708354955842,518880,-0.007005708354955842,518880,-0.007005708354955842,518880,-0.007005708354955842,518880,-0.007005708354955842,518880,-0.007005708354955842,518880,-0.007204307213284911,513100,0,0,0,0
2022-06-27,0.006793833289783224,518880,0.006793833289783224,518880,0.006793833289783224,518880,0.006793833289783224,518880,0.006793833289783224,518880,0.006793833289783224,518880,0.01577669902912615,513100,0,0,0,0
2022-06-28,-0.0054502984687256895,518880,-0.0054502984687256895,518880,-0.0054502984687256895,518880,-0.0054502984687256895,518880,-0.0054502984687256895,518880,-0.0054502984687256895,518880,-0.010752688172043223,513100,0,0,0,0
2022-06-29,-0.002870563674321369,518880,-0.002870563674321369,518880,-0.002870563674321369,518880,-0.002870563674321369,518880,-0.002870563674321369,518880,-0.002870563674321369,518880,-0.02676473429951698,518880,0,0,0,0
2022-06-30,-0.0007851347814707976,518880,-0.0007851347814709086,518880,-0.0007851347814707976,518880,-0.000984977754514449,513100,-0.0007851347814707976,518880,-0.00098497775451456,513100,-0.000984977754514449,513100,0,0,0,0
2022-07-01,-0.00890518596123624,518880,-0.00890518596123635,518880,-0.00890518596123635,518880,-0.0024968789013734005,513100,-0.008905185961236461,518880,-0.0024968789013732895,513100,-0.0024968789013732895,513100,0,0,0,0
2022-07-04,0.004492600422833171,518880,0.004492600422833171,518880,0.004492600422833171,518880,0.003754693366708306,513100,0.004492600422833171,518880,0.003754693366708306,513100,0.003754693366708306,513100,0,0,0,0
2022-07-05,-0.0012521441725861227,513100,-0.0012521441725861227,513100,-0.0012521441725861227,513100,0.014962593516209433,513100,-0.0012521441725860116,513100,0.014962593516209433,513100,0.014962593516209433,513100,0,0,0,0
2022-07-06,0.006142506142506221,513100,0.006142506142506221,513100,0.006142506142506221,513100,0.006142506142506221,513100,0.006142506142506221,513100,0.006142506142506221,513100,0.006142506142506221,513100,0,0,0,0
2022-07-07,0.012210012210012167,513100,0.012210012210012167,513100,0.012210012210012167,513100,0.012210012210012167,513100,0.012210012210012167,513100,0.012210012210012167,513100,0.012210012210012167,513100,0,0,0,0
2022-07-08,0.007237635705669598,513100,0.007237635705669598,513100,0.007237635705669598,513100,0.007237635705669598,513100,0.007237635705669598,513100,0.007237635705669598,513100,0.007237635705669598,513100,0,0,0,0
2022-07-11,-0.008383233532934131,513100,-0.008383233532934131,513100,-0.008383233532934131,513100,-0.008383233532934131,513100,-0.008383233532934131,513100,-0.008383233532934131,513100,-0.008383233532934131,513100,0,0,0,0
2022-07-12,-0.01449275362318836,513100,-0.01449275362318836,513100,-0.01449275362318836,513100,-0.01449275362318836,513100,-0.01449275362318836,513100,-0.01449275362318836,513100,-0.01449275362318836,513100,0,0,0,0
2022-07-13,0.006127450980392135,513100,0.006127450980392135,513100,0.006127450980392135,513100,0.006127450980392135,513100,0.006127450980392135,513100,0.006127450980392135,513100,0.006127450980392135,513100,0,0,0,0
2022-07-14,-0.010962241169305553,513100,-0.010962241169305442,513100,-0.010962241169305553,513100,-0.010962241169305553,513100,-0.010962241169305553,513100,-0.010962241169305553,513100,-0.010962241169305553,513100,0,0,0,0
2022-07-15,0.011083743842364324,513100,0.011083743842364324,513100,0.011083743842364324,513100,0.011083743842364324,513100,0.011083743842364324,513100,0.011083743842364324,513100,0.011083743842364324,513100,0,0,0,0
2022-07-18,0.02436053593179044,513100,0.02436053593179044,513100,0.02436053593179044,513100,0.02436053593179044,513100,0.02436053593179044,513100,0.02436053593179044,513100,0.02436053593179044,513100,0,0,0,0
2022-07-19,-0.014268727705113005,513100,-0.014268727705113005,513100,-0.014268727705113005,513100,-0.014268727705113005,513100,-0.014268727705113116,513100,-0.014268727705112894,513100,-0.014268727705113005,513100,0,0,0,0
2022-07-20,0.03256936067551264,513100,0.03256936067551264,513100,0.03256936067551264,513100,0.03256936067551264,513100,0.03256936067551264,513100,0.03256936067551264,513100,0.03256936067551264,513100,0,0,0,0
2022-07-21,0.005841121495327117,513100,0.005841121495327117,513100,0.005841121495327117,513100,0.005841121495327117,513100,0.005841121495327117,513100,0.005841121495327117,513100,0.005841121495327117,513100,0,0,0,0
2022-07-22,0.006968641114982521,513100,0.006968641114982521,513100,0.006968641114982521,513100,0.006968641114982521,513100,0.006968641114982521,513100,0.006968641114982521,513100,0.006968641114982521,513100,0,0,0,0
2022-07-25,-0.014994232987312728,513100,-0.014994232987312728,513100,-0.014994232987312839,513100,-0.014994232987312728,513100,-0.014994232987312728,513100,-0.014994232987312728,513100,-0.014994232987312839,513100,0,0,0,0
2022-07-26,-0.005854800936768045,513100,-0.005854800936768267,513100,-0.005854800936768045,513100,-0.005854800936768156,513100,-0.005854800936768267,513100,-0.005854800936768156,513100,-0.005854800936768045,513100,0,0,0,0
2022-07-27,0.0,513100,0.0,513100,0.0,513100,0.0,513100,0.0,513100,0.0,513100,0.0,513100,0,0,0,0
2022-07-28,0.017667844522968323,513100,0.017667844522968323,513100,0.017667844522968323,513100,0.017667844522968323,513100,0.017667844522968323,513100,0.017667844522968323,513100,0.017667844522968323,513100,0,0,0,0
2022-07-29,0.0277777777777779,513100,0.0277777777777779,513100,0.0277777777777779,513100,0.0277777777777779,513100,0.0277777777777779,513100,0.0277777777777779,513100,0.0277777777777779,513100,0,0,0,0
2022-08-01,-0.0022522522522522292,513100,-0.0022522522522523403,513100,-0.0022522522522523403,513100,-0.0022522522522523403,513100,-0.0022522522522524513,513100,-0.0022522522522523403,513100,-0.0022522522522523403,513100,0,0,0,0
2022-08-02,0.0,513100,0.0,513100,0.0,513100,0.0,513100,0.0,513100,0.0,513100,0.0,513100,0,0,0,0
2022-08-03,0.0,513100,0.0,513100,0.0,513100,0.0,513100,0.0,513100,0.0,513100,0.0,513100,0,0,0,0
2022-08-04,0.028216704288939187,513100,0.028216704288939187,513100,0.028216704288939187,513100,0.028216704288939187,513100,0.028216704288939187,513100,0.028216704288939187,513100,0.028216704288939187,513100,0,0,0,0
2022-08-05,0.004390779363337094,513100,0.004390779363337094,513100,0.004390779363337094,513100,0.004390779363337094,513100,0.004390779363337094,513100,0.004390779363337094,513100,0.004390779363337094,513100,0,0,0,0
2022-08-08,-0.003278688524590123,513100,-0.003278688524590123,513100,-0.003278688524590123,513100,-0.003278688524590012,513100,-0.003278688524590012,513100,-0.003278688524590123,513100,-0.003278688524590123,513100,0,0,0,0
2022-08-09,-0.007675438596491224,513100,-0.007675438596491224,513100,-0.007675438596491224,513100,-0.007675438596491224,513100,-0.007675438596491224,513100,-0.007675438596491224,513100,-0.007675438596491224,513100,0,0,0,0
2022-08-10,-0.014364640883978042,513100,-0.014364640883978042,513100,-0.01436464088397793,513100,-0.014364640883978042,513100,-0.014364640883978042,513100,-0.014364640883978042,513100,-0.01436464088397793,513100,0,0,0,0
2022-08-11,0.034753363228699596,513100,0.034753363228699596,513100,0.034753363228699596,513100,0.034753363228699596,513100,0.034753363228699596,513100,0.034753363228699596,513100,0.034753363228699596,513100,0,0,0,0
2022-08-12,-0.00975081256771404,513100,-0.00975081256771404,513100,-0.009750812567713929,513100,-0.00975081256771404,513100,-0.00975081256771404,513100,-0.00975081256771404,513100,-0.00975081256771404,513100,0,0,0,0
2022-08-15,0.018599562363238453,513100,0.018599562363238453,513100,0.018599562363238453,513100,0.018599562363238453,513100,0.018599562363238453,513100,0.018599562363238453,513100,0.018599562363238453,513100,0,0,0,0
2022-08-16,0.011815252416756072,513100,0.011815252416756072,513100,0.011815252416756072,513100,0.011815252416756072,513100,0.011815252416756072,513100,0.011815252416756072,513100,0.011815252416756072,513100,0,0,0,0
2022-08-17,-0.0031847133757961776,513100,-0.0031847133757961776,513100,-0.0031847133757961776,513100,-0.0031847133757961776,513100,-0.0031847133757962887,513100,-0.0031847133757961776,513100,-0.0031847133757961776,513100,0,0,0,0
2022-08-18,-0.013844515441959415,513100,-0.013844515441959415,513100,-0.013844515441959415,513100,-0.013844515441959415,513100,-0.013844515441959415,513100,-0.013844515441959415,513100,-0.013844515441959415,513100,0,0,0,0
2022-08-19,0.002159827213822796,513100,0.002159827213822796,513100,0.002159827213822796,513100,0.002159827213822796,513100,0.002159827213822796,513100,0.002159827213822796,513100,0.002159827213822796,513100,0,0,0,0
2022-08-22,-0.017241379310344973,513100,-0.017241379310344862,513100,-0.017241379310344862,513100,-0.017241379310344862,513100,-0.017241379310344862,513100,-0.017241379310344862,513100,-0.017241379310344862,513100,0,0,0,0
2022-08-23,-0.018640350877192957,513100,-0.018640350877192957,513100,-0.018640350877192846,513100,-0.018640350877192957,513100,-0.018640350877192957,513100,-0.018640350877192957,513100,-0.018640350877192957,513100,0,0,0,0
2022-08-24,0.003351955307262511,513100,0.003351955307262511,513100,0.003351955307262511,513100,0.003351955307262511,513100,0.003351955307262511,513100,0.003351955307262511,513100,0.003351955307262511,513100,0,0,0,0
2022-08-25,0.013363028953229383,513100,0.013363028953229383,513100,0.013363028953229383,513100,0.013363028953229383,513100,0.013363028953229383,513100,0.013363028953229383,513100,0.013363028953229383,513100,0,0,0,0
2022-08-26,0.005494505494505475,513100,0.005494505494505475,513100,0.005494505494505475,513100,0.005494505494505475,513100,0.005494505494505475,513100,0.005494505494505475,513100,0.005494505494505475,513100,0,0,0,0
2022-08-29,-0.03953639344262294,518880,-0.03953639344262294,518880,-0.03953639344262283,518880,-0.03953639344262283,518880,-0.03953639344262294,518880,-0.03953639344262283,518880,-0.03953639344262294,518880,0,0,0,0
2022-08-30,0.004247411733474982,518880,0.004247411733474982,518880,0.004247411733474982,518880,0.004247411733474982,518880,0.004247411733474982,518880,0.004247411733474982,518880,0.004247411733474982,518880,0,0,0,0
2022-08-31,-0.006608511763150915,518880,-0.006608511763150915,518880,-0.006608511763150915,518880,-0.006608511763150915,518880,-0.006608511763150915,518880,-0.006608511763150915,518880,-0.006608511763150915,518880,0,0,0,0
2022-09-01,-0.007450771687067759,518880,-0.007450771687067759,518880,-0.007450771687067759,518880,-0.007450771687067759,518880,-0.007450771687067759,518880,-0.007450771687067759,518880,-0.007450771687067759,518880,0,0,0,0
2022-09-02,-0.0010723860589811895,518880,-0.0010723860589811895,518880,-0.0010723860589811895,518880,-0.0010723860589813006,518880,-0.0010723860589811895,518880,-0.0010723860589811895,518880,-0.0010723860589811895,518880,0,0,0,0
2022-09-05,0.01046698872785834,518880,0.01046698872785834,518880,0.01046698872785834,518880,0.01046698872785834,518880,0.01046698872785834,518880,0.01046698872785834,518880,0.01046698872785834,518880,0,0,0,0
2022-09-06,0.00504648074369185,518880,0.00504648074369185,518880,0.00504648074369185,518880,0.00504648074369185,518880,0.00504648074369185,518880,0.00504648074369185,518880,0.00504648074369185,518880,0,0,0,0
2022-09-07,-0.006606765327695552,518880,-0.006606765327695552,518880,-0.006606765327695552,518880,-0.006606765327695552,518880,-0.006606765327695552,518880,-0.006606765327695552,518880,-0.006606765327695552,518880,0,0,0,0
2022-09-08,0.008246874168661877,518880,0.008246874168661877,518880,0.008246874168661877,518880,0.008246874168661877,518880,0.008246874168661877,518880,0.008246874168661877,518880,0.008246874168661877,518880,0,0,0,0
2022-09-09,-0.0013192612137202797,518880,-0.0013192612137202797,518880,-0.0013192612137202797,518880,-0.0013192612137202797,518880,-0.0013192612137202797,518880,-0.0013192612137202797,518880,-0.0013192612137202797,518880,0,0,0,0
2022-09-13,0.0005284015852047297,518880,0.0005284015852047297,518880,0.0005284015852047297,518880,0.0005284015852047297,518880,0.0005284015852047297,518880,0.0005284015852047297,518880,0.0005284015852047297,518880,0,0,0,0
2022-09-14,-0.007129654079746528,518880,-0.007129654079746528,518880,-0.007129654079746528,518880,-0.007129654079746528,518880,-0.007129654079746528,518880,-0.007129654079746528,518880,-0.007129654079746528,518880,0,0,0,0
2022-09-15,-0.004255319148936176,518880,-0.004255319148936176,518880,-0.004255319148936287,518880,-0.004255319148936176,518880,-0.004255319148936176,518880,-0.004255319148936176,518880,-0.004255319148936176,518880,0,0,0,0
2022-09-16,-0.004273504273504258,518880,-0.004273504273504258,518880,-0.004273504273504369,518880,-0.004273504273504369,518880,-0.004273504273504258,518880,-0.004273504273504258,518880,-0.004273504273504258,518880,0,0,0,0
2022-09-19,0.0034871244635192866,518880,0.0034871244635192866,518880,0.0034871244635192866,518880,0.0034871244635192866,518880,0.0034871244635192866,518880,0.0034871244635192866,518880,0.0034871244635192866,518880,0,0,0,0
2022-09-20,0.003475006682705173,518880,0.003475006682705173,518880,0.003475006682705173,518880,0.003475006682705173,518880,0.003475006682705173,518880,0.003475006682705173,518880,0.003475006682705173,518880,0,0,0,0
2022-09-21,0.0013319126265316505,518880,0.0013319126265316505,518880,0.0013319126265316505,518880,0.0013319126265316505,518880,0.0013319126265316505,518880,0.0013319126265316505,518880,0.0013319126265316505,518880,0,0,0,0
2022-09-22,-0.0015961691939344602,518880,-0.0015961691939344602,518880,-0.0015961691939344602,518880,-0.0015961691939344602,518880,-0.0015961691939344602,518880,-0.0015961691939344602,518880,-0.0015961691939344602,518880,0,0,0,0
2022-09-23,0.004529709565680662,518880,0.004529709565680662,518880,0.004529709565680662,518880,0.004529709565680662,518880,0.004529709565680662,518880,0.004529709565680662,518880,0.004529709565680662,518880,0,0,0,0
2022-09-26,-0.009018567639257236,518880,-0.009018567639257236,518880,-0.009018567639257236,518880,-0.009018567639257236,518880,-0.009018567639257236,518880,-0.009018567639257236,518880,-0.009018567639257236,518880,0,0,0,0
2022-09-27,0.002676659528907832,518880,0.002676659528907832,518880,0.002676659528907832,518880,0.002676659528907832,518880,0.002676659528907832,518880,0.002676659528907832,518880,0.002676659528907832,518880,0,0,0,0
2022-09-28,0.0013347570742123782,518880,0.0013347570742123782,518880,0.0013347570742123782,518880,0.0013347570742123782,518880,0.0013347570742123782,518880,0.0013347570742123782,518880,0.0013347570742123782,518880,0,0,0,0
2022-09-29,0.007731271660890382,518880,0.007731271660890382,518880,0.007731271660890382,518880,0.007731271660890382,518880,0.007731271660890382,518880,0.007731271660890382,518880,0.007731271660890382,518880,0,0,0,0
2022-09-30,0.0007936507936507908,518880,0.0007936507936507908,518880,0.0007936507936507908,518880,0.0007936507936507908,518880,0.0007936507936507908,518880,0.0007936507936507908,518880,0.0007936507936507908,518880,0,0,0,0
2022-10-10,0.007137192704202988,518880,0.007137192704202988,518880,0.007137192704202988,518880,0.007137192704202988,518880,0.007137192704202988,518880,0.007137192704202988,518880,0.007137192704202988,518880,0,0,0,0
2022-10-11,-0.0022993175853018855,588080,-0.0022993175853017744,588080,-0.0022993175853019965,588080,-0.0022993175853018855,588080,-0.0022993175853017744,588080,-0.0022993175853018855,588080,-0.0022993175853018855,588080,1,1,1,1
2022-10-12,0.03812636165577343,588080,0.03812636165577343,588080,0.03812636165577343,588080,0.03812636165577343,588080,0.03812636165577343,588080,0.03812636165577343,588080,0.03812636165577343,588080,0,0,0,0
2022-10-13,0.0020986358866736943,588080,0.0020986358866736943,588080,0.0020986358866736943,588080,0.0020986358866736943,588080,0.0020986358866736943,588080,0.0020986358866736943,588080,0.0020986358866736943,588080,0,0,0,0
2022-10-14,0.03141361256544495,588080,0.03141361256544495,588080,0.03141361256544495,588080,0.03141361256544495,588080,0.03141361256544495,588080,0.03141361256544495,588080,0.03141361256544495,588080,0,0,0,0
2022-10-17,0.0050761421319796,588080,0.0050761421319796,588080,0.0050761421319796,588080,0.0050761421319796,588080,0.0050761421319796,588080,0.0050761421319796,588080,0.0050761421319796,588080,0,0,0,0
2022-10-18,-0.0022197979797978773,518880,-0.0022197979797979883,518880,-0.0022197979797979883,518880,-0.0022197979797978773,518880,-0.0022197979797978773,518880,-0.0022197979797979883,518880,-0.0022197979797979883,518880,0,0,0,0
2022-10-19,-0.002367175170962743,518880,-0.002367175170962743,518880,-0.002367175170962854,518880,-0.002367175170962743,518880,-0.002367175170962632,518880,-0.002367175170962743,518880,-0.002367175170962743,518880,0,0,0,0
2022-10-20,-0.004745583970471978,518880,-0.004745583970471978,518880,-0.004745583970471867,518880,-0.004745583970471978,518880,-0.004745583970471978,518880,-0.004745583970472089,518880,-0.004745583970471978,518880,0,0,0,0
2022-10-21,-0.001059602649006619,518880,-0.001059602649006619,518880,-0.001059602649006619,518880,-0.001059602649006619,518880,-0.001059602649006619,518880,-0.001059602649006619,518880,-0.001059602649006619,518880,0,0,0,0
2022-10-24,0.012993900822063198,518880,0.012993900822063198,518880,0.012993900822063198,518880,0.012993900822063198,518880,0.012993900822063198,518880,0.012993900822063198,518880,0.012993900822063198,518880,0,0,0,0
2022-10-25,0.0018324607329842646,518880,0.0018324607329842646,518880,0.0018324607329842646,518880,0.0018324607329842646,518880,0.0018324607329842646,518880,0.0018324607329842646,518880,0.0018324607329842646,518880,0,0,0,0
2022-10-26,-0.000783903841128808,518880,-0.000783903841128808,518880,-0.0007839038411286969,518880,-0.000783903841128808,518880,-0.000783903841128808,518880,-0.000783903841128808,518880,-0.000783903841128808,518880,0,0,0,0
2022-10-27,-0.0018305439330542628,518880,-0.0018305439330542628,518880,-0.0018305439330541518,518880,-0.0018305439330542628,518880,-0.0018305439330542628,518880,-0.0018305439330542628,518880,-0.0018305439330542628,518880,0,0,0,0
2022-10-28,0.0007859575582918055,518880,0.0007859575582918055,518880,0.0007859575582918055,518880,0.0007859575582918055,518880,0.0007859575582918055,518880,0.0007859575582918055,518880,0.0007859575582918055,518880,0,0,0,0
2022-10-31,-0.003403141361256523,518880,-0.003403141361256523,518880,-0.003403141361256523,518880,-0.003403141361256523,518880,-0.003403141361256634,518880,-0.003602460732984203,513100,-0.003403141361256523,518880,0,0,0,0
2022-11-01,0.0007880220646179215,518880,0.0007880220646179215,518880,0.0007880220646179215,518880,0.0007880220646179215,518880,0.0007880220646179215,518880,0.002355712603062443,513100,0.0007880220646179215,518880,0,0,0,0
2022-11-02,0.0018372703412072866,518880,0.0018372703412072866,518880,0.0018372703412072866,518880,0.0018372703412072866,518880,0.0018372703412072866,518880,-0.01527614571092828,513100,0.0018372703412072866,518880,0,0,0,0
2022-11-03,-0.003143830233167444,518880,-0.003143830233167444,518880,-0.003143830233167555,518880,-0.003143830233167333,518880,-0.003143830233167333,518880,-0.029832935560859086,513100,-0.003143830233167444,518880,0,0,0,0
2022-11-04,-0.0002628120893563013,518880,-0.0002628120893564123,518880,-0.00026281208935619027,518880,-0.0002628120893564123,518880,-0.0002628120893564123,518880,0.0012300123001229846,513100,-0.0002628120893563013,518880,0,0,0,0
2022-11-07,0.007360672975814886,518880,0.007360672975814886,518880,0.007360672975814886,518880,0.007360672975814886,518880,0.007360672975814886,518880,0.0012285012285011554,513100,0.007360672975814886,518880,0,0,0,0
2022-11-08,0.0018267223382046893,518880,0.0018267223382046893,518880,0.0018267223382046893,518880,0.0018267223382046893,518880,0.0018267223382046893,518880,0.0012269938650306678,513100,0.0018267223382046893,518880,0,0,0,0
2022-11-09,0.027611357124251112,518880,0.027611357124251112,518880,0.027611357124251112,518880,0.027611357124251112,518880,0.027611357124251112,518880,0.002450980392156854,513100,0.027611357124251112,518880,0,0,0,0
2022-11-10,-0.005069708491761693,518880,-0.005069708491761693,518880,-0.005069708491761693,518880,-0.005069708491761693,518880,-0.005069708491761804,518880,-0.012224938875305624,513100,-0.005069708491761693,518880,0,0,0,0
2022-11-11,0.006878980891719788,518880,0.006878980891719788,518880,0.006878980891719788,518880,0.006878980891719788,518880,0.006878980891719788,518880,0.05693069306930676,513100,0.006878980891719788,518880,0,0,0,0
2022-11-14,-0.009868421052631637,518880,-0.009868421052631526,518880,-0.009868421052631415,518880,-0.009868421052631526,518880,-0.009868421052631526,518880,-0.007025761124121566,513100,-0.009868421052631415,518880,0,0,0,0
2022-11-15,0.00511116790186561,518880,0.00511116790186561,518880,0.00511116790186561,518880,0.00511116790186561,518880,0.00511116790186561,518880,0.008254716981132004,513100,0.00511116790186561,518880,0,0,0,0
2022-11-16,0.005339435545385296,518880,0.005339435545385296,518880,0.005339435545385296,518880,0.005339435545385296,518880,0.005339435545385296,518880,0.007017543859649145,513100,0.005339435545385296,518880,0,0,0,0
2022-11-17,0.001011633788568611,518880,0.001011633788568611,518880,0.001011633788568611,518880,0.001011633788568611,518880,0.001011633788568611,518880,-0.005807200929152101,513100,0.001011633788568611,518880,0,0,0,0
2022-11-18,-0.0015159171298636531,518880,-0.0015159171298636531,518880,-0.0015159171298636531,518880,-0.0015159171298636531,518880,-0.0015159171298636531,518880,-0.003504672897196248,513100,-0.0015159171298636531,518880,0,0,0,0
2022-11-21,-0.004048582995951566,518880,-0.004048582995951566,518880,-0.004048582995951566,518880,-0.004048582995951455,518880,-0.004048582995951566,518880,-0.003516998827666984,513100,-0.004048582995951677,518880,0,0,0,0
2022-11-22,-0.00101626016260159,518880,-0.00101626016260159,518880,-0.001016260162601701,518880,-0.00101626016260159,518880,-0.001016260162601701,518880,-0.008433647058823546,518880,-0.0010162601626014789,518880,0,0,0,0
2022-11-23,0.0,518880,0.0,518880,0.0,518880,0.0,518880,0.0,518880,0.0,518880,0.0,518880,0,0,0,0
2022-11-24,0.0038148524923702354,518880,0.0038148524923702354,518880,0.0038148524923702354,518880,0.0038148524923702354,518880,0.0038148524923702354,518880,0.0038148524923702354,518880,0.0038148524923702354,518880,0,0,0,0
2022-11-25,0.0030402837598175747,518880,0.0030402837598175747,518880,0.0030402837598175747,518880,0.0030402837598175747,518880,0.0030402837598175747,518880,0.0030402837598175747,518880,0.0030402837598175747,518880,0,0,0,0
2022-11-28,0.0007577671129073149,518880,0.0007577671129073149,518880,0.0007577671129073149,518880,0.0007577671129073149,518880,0.0007577671129073149,518880,0.0007577671129073149,518880,0.0007577671129073149,518880,0,0,0,0
2022-11-29,-0.0027763755678950064,518880,-0.0027763755678950064,518880,-0.0027763755678950064,518880,-0.0027763755678950064,518880,-0.0027763755678950064,518880,-0.0027763755678950064,518880,-0.0027763755678948954,518880,0,0,0,0
2022-11-30,-0.0017717033662364434,518880,-0.0017717033662364434,518880,-0.0017717033662363324,518880,-0.0017717033662365544,518880,-0.0017717033662363324,518880,-0.0017717033662364434,518880,-0.0017717033662364434,518880,0,0,0,0
2022-12-01,0.0030425963488844854,518880,0.0030425963488844854,518880,0.0030425963488844854,518880,0.0030425963488844854,518880,0.0030425963488844854,518880,0.0030425963488844854,518880,0.0030425963488844854,518880,0,0,0,0
2022-12-02,0.005813953488372103,518880,0.005813953488372103,518880,0.005813953488372103,518880,0.005813953488372103,518880,0.005813953488372103,518880,0.005612790697674397,513100,0.005813953488372103,518880,0,0,0,0
2022-12-05,-0.009801457652676593,518880,-0.009801457652676593,518880,-0.009801457652676593,518880,-0.009801457652676593,518880,-0.009801457652676593,518880,-0.010428736964078866,513100,-0.009801457652676704,518880,0,0,0,0
2022-12-06,-0.010659898477157315,518880,-0.010659898477157315,518880,-0.010659898477157426,518880,-0.010659898477157315,518880,-0.010659898477157315,518880,-0.011709601873536313,513100,-0.010857766497461951,513100,0,0,0,0
2022-12-07,-0.00019999999999997797,513100,-0.00019999999999997797,513100,-0.00019999999999997797,513100,-0.00019999999999997797,513100,-0.000200000000000089,513100,-0.010663507109004766,513100,-0.010663507109004877,513100,0,0,0,0
2022-12-08,-0.003592814371257469,513100,-0.003592814371257469,513100,-0.003592814371257469,513100,-0.003592814371257469,513100,-0.003592814371257469,513100,-0.003592814371257469,513100,-0.003592814371257469,513100,0,0,0,0
2022-12-09,0.0012019230769231282,513100,0.0012019230769231282,513100,0.0012019230769231282,513100,0.0012019230769231282,513100,0.0012019230769231282,513100,0.0012019230769231282,513100,0.001001682692307826,518880,0,0,0,0
2022-12-12,-0.009801920768307215,518880,-0.009801920768307215,518880,-0.009801920768307104,518880,-0.009801920768307215,518880,-0.009801920768307104,518880,-0.009801920768307104,518880,-0.000764525993883769,518880,0,0,0,0
2022-12-13,0.0007651109410864443,518880,0.0007651109410864443,518880,0.0007651109410864443,518880,0.0007651109410864443,518880,0.0007651109410864443,518880,0.0007651109410864443,518880,0.0007651109410864443,518880,0,0,0,0
2022-12-14,0.00993883792048944,518880,0.00993883792048944,518880,0.00993883792048944,518880,0.00993883792048944,518880,0.00993883792048944,518880,0.00993883792048944,518880,0.00993883792048944,518880,0,0,0,0
2022-12-15,-0.007570022710068236,518880,-0.007570022710068236,518880,-0.007570022710068347,518880,-0.007570022710068236,518880,-0.007570022710068125,518880,-0.007570022710068236,518880,-0.007570022710068347,518880,0,0,0,0
2022-12-16,-0.004576659038901587,518880,-0.004576659038901587,518880,-0.004576659038901476,518880,-0.004576659038901587,518880,-0.004576659038901698,518880,-0.004576659038901587,518880,-0.004576659038901587,518880,0,0,0,0
2022-12-19,0.006896551724137945,518880,0.006896551724137945,518880,0.006896551724137945,518880,0.006896551724137945,518880,0.006896551724137945,518880,0.006896551724137945,518880,0.006896551724137945,518880,0,0,0,0
2022-12-20,0.0002536783358699779,518880,0.0002536783358699779,518880,0.0002536783358699779,518880,0.0002536783358699779,518880,0.0002536783358699779,518880,0.0002536783358699779,518880,0.0002536783358699779,518880,0,0,0,0
2022-12-21,0.00963733198072525,518880,0.00963733198072525,518880,0.00963733198072525,518880,0.00963733198072525,518880,0.00963733198072525,518880,0.00963733198072525,518880,0.00963733198072525,518880,0,0,0,0
2022-12-22,0.0,518880,0.0,518880,0.0,518880,0.0,518880,0.0,518880,0.0,518880,0.0,518880,0,0,0,0
2022-12-23,-0.008289374529012683,518880,-0.008289374529012683,518880,-0.008289374529012794,518880,-0.008289374529012683,518880,-0.008289374529012683,518880,-0.008289374529012683,518880,-0.008289374529012683,518880,0,0,0,0
2022-12-26,0.001266464032421366,518880,0.001266464032421366,518880,0.001266464032421366,518880,0.001266464032421366,518880,0.001266464032421366,518880,0.001266464032421366,518880,0.001266464032421366,518880,0,0,0,0
2022-12-27,0.00252972426005571,518880,0.00252972426005571,518880,0.00252972426005571,518880,0.00252972426005571,518880,0.00252972426005571,518880,0.00252972426005571,518880,0.00252972426005571,518880,0,0,0,0
2022-12-28,0.0007570022710068347,518880,0.0007570022710068347,518880,0.0007570022710068347,518880,0.0007570022710068347,518880,0.0007570022710068347,518880,0.0007570022710068347,518880,0.0007570022710068347,518880,0,0,0,0
2022-12-29,-0.001512859304084846,518880,-0.001512859304084846,518880,-0.001512859304084735,518880,-0.001512859304084846,518880,-0.001512859304084846,518880,-0.001512859304084846,518880,-0.001512859304084846,518880,0,0,0,0
2022-12-30,0.0065656565656566634,518880,0.0065656565656566634,518880,0.0065656565656566634,518880,0.0065656565656566634,518880,0.0065656565656566634,518880,0.0065656565656566634,518880,0.0065656565656566634,518880,0,0,0,0
2023-01-03,0.00025087807325641087,518880,0.00025087807325641087,518880,0.00025087807325641087,518880,0.00025087807325641087,518880,0.00025087807325641087,518880,0.00025087807325641087,518880,0.00025087807325641087,518880,0,0,0,0
2023-01-04,0.003762227238525151,518880,0.003762227238525151,518880,0.003762227238525151,518880,0.003762227238525151,518880,0.003762227238525151,518880,0.003762227238525151,518880,0.003762227238525151,518880,0,0,0,0
2023-01-05,-0.0002498750624686519,518880,-0.0002498750624686519,518880,-0.0002498750624686519,518880,-0.0002498750624686519,518880,-0.0002498750624686519,518880,-0.0002498750624686519,518880,-0.0002498750624686519,518880,0,0,0,0
2023-01-06,-0.007248187953011853,518880,-0.007248187953011853,518880,-0.007248187953011853,518880,-0.007248187953011853,518880,-0.007248187953011964,518880,-0.007248187953011853,518880,-0.007248187953011853,518880,0,0,0,0
2023-01-09,0.010825780463242562,518880,0.010825780463242562,518880,0.010825780463242562,518880,0.010825780463242562,518880,0.010825780463242562,518880,0.010825780463242562,518880,0.010825780463242562,518880,0,0,0,0
2023-01-10,-0.0004981320049811666,518880,-0.0004981320049812776,518880,-0.0004981320049812776,518880,-0.0004981320049813887,518880,-0.0004981320049813887,518880,-0.0004981320049812776,518880,-0.0004981320049812776,518880,0,0,0,0
2023-01-11,0.0029902815848492637,518880,0.0029902815848492637,518880,0.0029902815848492637,518880,0.0029902815848492637,518880,0.0029902815848492637,518880,0.0029902815848492637,518880,0.0029902815848492637,518880,0,0,0,0
2023-01-12,-0.0014906832298138273,518880,-0.0014906832298137163,518880,-0.0014906832298137163,518880,-0.0014906832298137163,518880,-0.0014906832298137163,518880,-0.0014906832298137163,518880,-0.0014906832298136052,518880,0,0,0,0
2023-01-13,0.0019905449116695006,518880,0.0019905449116695006,518880,0.0019905449116695006,518880,0.0019905449116695006,518880,0.0019905449116695006,518880,0.0019905449116695006,518880,0.0019905449116695006,518880,0,0,0,0
2023-01-16,0.005711447727837049,518880,0.005711447727837049,518880,0.005711447727837049,518880,0.005711447727837049,518880,0.005711447727837049,518880,0.005510305438291452,510300,0.005510305438291452,510300,0,0,0,0
2023-01-17,0.0037498271604936573,510300,0.0037498271604936573,510300,0.0037498271604938793,510300,0.0037498271604938793,510300,0.0037498271604938793,510300,-0.0009654839488292266,510300,-0.0009654839488292266,510300,0,0,0,0
2023-01-18,-0.0021744382701136544,510300,-0.0021744382701136544,510300,-0.0021744382701136544,510300,-0.0021744382701136544,510300,-0.0021744382701136544,510300,-0.0021744382701136544,510300,-0.0021744382701136544,510300,0,0,0,0
2023-01-19,0.006779661016949268,510300,0.006779661016949268,510300,0.006779661016949268,510300,0.006779661016949268,510300,0.006779661016949268,510300,0.006779661016949268,510300,0.006779661016949268,510300,0,0,0,0
2023-01-20,0.005531505531505498,510300,0.005531505531505498,510300,0.005531505531505498,510300,0.005531505531505498,510300,0.005531505531505498,510300,0.005531505531505498,510300,0.005531505531505498,510300,0,0,0,0
2023-01-30,0.005740253527864114,510300,0.005740253527864114,510300,0.005740253527864114,510300,0.005740253527864114,510300,0.005740253527864114,510300,0.005740253527864114,510300,0.005740253527864114,510300,0,0,0,0
2023-01-31,-0.010939357907253422,510300,-0.010939357907253311,510300,-0.010939357907253422,510300,-0.010939357907253311,510300,-0.0109393579072532,510300,-0.010939357907253422,510300,-0.0109393579072532,510300,0,0,0,0
2023-02-01,0.007453714835297109,510300,0.007453714835297109,510300,0.007453714835297109,510300,0.007453714835297109,510300,0.007453714835297109,510300,0.007453714835297109,510300,0.007453714835297109,510300,0,0,0,0
2023-02-02,-0.0023866348448688957,510300,-0.0023866348448688957,510300,-0.0023866348448687846,510300,-0.0023866348448688957,510300,-0.0023866348448690067,510300,-0.0023866348448688957,510300,-0.0023866348448688957,510300,0,0,0,0
2023-02-03,-0.01028708133971279,510300,-0.0102870813397129,510300,-0.01028708133971279,510300,-0.0102870813397129,510300,-0.0102870813397129,510300,-0.0102870813397129,510300,-0.01028708133971279,510300,0,0,0,0
2023-02-06,-0.013975344452501814,510500,-0.013975344452501592,510500,-0.013975344452501814,510500,-0.013975344452501703,510500,-0.013975344452501703,510500,-0.013975344452501592,510500,-0.013975344452501814,510500,0,0,0,0
2023-02-07,0.0004740834386851578,510500,0.0004740834386851578,510500,0.0004740834386851578,510500,0.0004740834386851578,510500,0.0004740834386851578,510500,0.0004740834386851578,510500,0.0004740834386851578,510500,0,0,0,0
2023-02-08,-0.00746438161427887,513100,-0.007464381614278981,513100,-0.007464381614278981,513100,-0.007265834781235214,510500,-0.007464381614278981,513100,-0.007265834781235214,510500,-0.007265834781235103,510500,0,0,0,0
2023-02-09,-0.010204081632653073,513100,-0.010204081632652962,513100,-0.010204081632652962,513100,0.01447891805887025,510500,-0.010204081632653073,513100,0.01447891805887025,510500,0.014276022275258482,513100,0,0,0,0
2023-02-10,-0.014891179839633617,513100,-0.014891179839633617,513100,-0.014891179839633617,513100,-0.0031367628607279485,510500,-0.014891179839633617,513100,-0.0031367628607279485,510500,-0.014891179839633506,513100,0,0,0,0
2023-02-13,-0.001162790697674554,513100,-0.001162790697674554,513100,-0.001162790697674554,513100,0.005978602894902485,510500,-0.001162790697674554,513100,0.005978602894902485,510500,-0.001162790697674665,513100,0,0,0,0
2023-02-14,0.01396973224679865,513100,0.01396973224679865,513100,0.01396973224679865,513100,0.0026587425711603885,510500,0.01396973224679865,513100,0.0026587425711603885,510500,0.01396973224679865,513100,0,0,0,0
2023-02-15,0.0022962112514350874,513100,0.0022962112514350874,513100,0.0022962112514350874,513100,-0.0018717828731866781,510500,0.0022962112514350874,513100,-0.0018717828731866781,510500,0.0022962112514350874,513100,0,0,0,0
2023-02-16,0.019473081328751363,513100,0.019473081328751363,513100,0.019473081328751363,513100,-0.013480668854508493,513100,0.019473081328751363,513100,-0.013480668854508382,513100,0.019473081328751363,513100,0,0,0,0
2023-02-17,-0.028089887640449618,513100,-0.028089887640449618,513100,-0.028089887640449618,513100,-0.028284269662921524,512890,-0.028089887640449618,513100,-0.028284269662921524,512890,-0.028284269662921524,512890,0,0,0,0
2023-02-20,0.003468208092485492,513100,0.003468208092485492,513100,0.003468208092485492,513100,0.021201413427561766,512890,0.003468208092485492,513100,0.021201413427561766,512890,0.021201413427561766,512890,0,0,0,0
2023-02-21,-0.0023041474654378336,513100,-0.0023041474654378336,513100,-0.0023041474654378336,513100,0.01038062283737018,512890,-0.0023041474654378336,513100,0.01038062283737018,512890,0.01038062283737018,512890,0,0,0,0
2023-02-22,-0.018475750577367056,513100,-0.018475750577367056,513100,-0.018475750577367056,513100,0.0022831050228311334,512890,-0.018475750577367056,513100,0.0022831050228311334,512890,0.0022831050228311334,512890,0,0,0,0
2023-02-23,0.008235294117647118,513100,0.008235294117647118,513100,0.008235294117647118,513100,-0.004555808656036331,512890,0.008235294117647118,513100,-0.004555808656036442,512890,-0.004555808656036442,512890,0,0,0,0
2023-02-24,0.003500583430571691,513100,0.003500583430571691,513100,0.003500583430571691,513100,0.0011441647597254523,512890,0.003500583430571691,513100,0.0011441647597254523,512890,0.0011441647597254523,512890,0,0,0,0
2023-02-27,-0.009302325581395321,513100,-0.009302325581395432,513100,-0.009302325581395432,513100,-0.00457142857142856,512890,-0.009302325581395321,513100,-0.00457142857142856,512890,-0.00457142857142856,512890,0,0,0,0
2023-02-28,0.0035211267605634866,513100,0.0035211267605634866,513100,0.0035211267605634866,513100,0.004592422502870175,512890,0.0035211267605634866,513100,0.004592422502870175,512890,0.004592422502870175,512890,0,0,0,0
2023-03-01,-0.003708070175438505,512890,-0.003708070175438505,512890,-0.003708070175438505,512890,0.005714285714285783,512890,-0.003708070175438505,512890,0.005714285714285783,512890,0.005714285714285783,512890,0,0,0,0
2023-03-02,0.009090909090909038,512890,0.009090909090909038,512890,0.009090909090909038,512890,0.009090909090909038,512890,0.009090909090909038,512890,0.009090909090909038,512890,0.009090909090909038,512890,0,0,0,0
2023-03-03,0.007882882882882969,512890,0.007882882882882969,512890,0.007882882882882969,512890,0.007882882882882969,512890,0.007882882882882969,512890,0.007882882882882969,512890,0.007882882882882969,512890,0,0,0,0
2023-03-06,0.0,512890,0.0,512890,0.0,512890,0.0,512890,0.0,512890,0.0,512890,0.0,512890,0,0,0,0
2023-03-07,-0.003351955307262622,512890,-0.003351955307262622,512890,-0.003351955307262733,512890,-0.003351955307262622,512890,-0.003351955307262622,512890,-0.003351955307262622,512890,-0.003351955307262511,512890,0,0,0,0
2023-03-08,-0.0024417040358745146,518880,-0.0024417040358742925,518880,-0.0024417040358742925,518880,-0.0022421524663677195,512890,-0.0024417040358744035,518880,-0.0022421524663677195,512890,-0.0022421524663677195,512890,0,0,0,0
2023-03-09,0.0,518880,0.0,518880,0.0,518880,-0.0013233707865167865,518880,0.0,518880,-0.0013233707865167865,518880,-0.0013233707865166755,518880,0,0,0,0
2023-03-10,0.006942722539052815,518880,0.006942722539052815,518880,0.006942722539052815,518880,0.006942722539052815,518880,0.006942722539052815,518880,0.006942722539052815,518880,0.006942722539052815,518880,0,0,0,0
2023-03-13,0.006894853484363583,518880,0.006894853484363583,518880,0.006894853484363583,518880,0.006894853484363583,518880,0.006894853484363583,518880,0.006894853484363583,518880,0.006894853484363583,518880,0,0,0,0
2023-03-14,0.012961604304230878,518880,0.012961604304230878,518880,0.012961604304230878,518880,0.012961604304230878,518880,0.012961604304230878,518880,0.012961604304230878,518880,0.012961604304230878,518880,0,0,0,0
2023-03-15,-0.0007242877836793893,518880,-0.0007242877836793893,518880,-0.0007242877836792783,518880,-0.0007242877836793893,518880,-0.0007242877836795003,518880,-0.0007242877836793893,518880,-0.0007242877836793893,518880,0,0,0,0
2023-03-16,0.008456148828219323,518880,0.008456148828219323,518880,0.008456148828219323,518880,0.008456148828219323,518880,0.008456148828219323,518880,0.008456148828219323,518880,0.008456148828219323,518880,0,0,0,0
2023-03-17,0.005749880210828895,518880,0.005749880210828895,518880,0.005749880210828895,518880,0.005749880210828895,518880,0.005749880210828895,518880,0.005749880210828895,518880,0.005749880210828895,518880,0,0,0,0
2023-03-20,0.030728918532634486,518880,0.030728918532634486,518880,0.030728918532634486,518880,0.030728918532634486,518880,0.030728918532634486,518880,0.030728918532634486,518880,0.030728918532634486,518880,0,0,0,0
2023-03-21,-0.00947538710422935,518880,-0.009475387104229238,518880,-0.009475387104229238,518880,-0.00947538710422935,518880,-0.00947538710422935,518880,-0.00947538710422935,518880,-0.00947538710422935,518880,0,0,0,0
2023-03-22,-0.01469902006532886,518880,-0.01469902006532886,518880,-0.01469902006532875,518880,-0.01469902006532886,518880,-0.01469902006532886,518880,-0.01469902006532886,518880,-0.01469902006532875,518880,0,0,0,0
2023-03-23,0.007103954534690926,518880,0.007103954534690926,518880,0.007103954534690926,518880,0.007103954534690926,518880,0.007103954534690926,518880,0.007103954534690926,518880,0.007103954534690926,518880,0,0,0,0
2023-03-24,0.005172819186456623,518880,0.005172819186456623,518880,0.005172819186456623,518880,0.005172819186456623,518880,0.005172819186456623,518880,0.005172819186456623,518880,0.005172819186456623,518880,0,0,0,0
2023-03-27,-0.006783625730994003,518880,-0.006783625730994114,518880,-0.006783625730994114,518880,-0.006783625730994114,518880,-0.006783625730994003,518880,-0.006783625730994114,518880,-0.006783625730994114,518880,0,0,0,0
2023-03-28,-0.004945831370702036,518880,-0.004945831370702036,518880,-0.004945831370702036,518880,-0.004945831370702036,518880,-0.004945831370702147,518880,-0.004945831370702036,518880,-0.004945831370702147,518880,0,0,0,0
2023-03-29,0.0035502958579882726,518880,0.0035502958579882726,518880,0.0035502958579882726,518880,0.0035502958579882726,518880,0.0035502958579882726,518880,0.0033495857988166122,588080,0.0033495857988168343,588080,0,0,0,0
2023-03-30,0.001686415094339866,588080,0.001686415094339866,588080,0.0016864150943396439,588080,0.0016864150943396439,588080,0.0016864150943396439,588080,0.004612546125461137,588080,0.004612546125461137,588080,0,0,0,0
2023-03-31,0.01377410468319562,588080,0.01377410468319562,588080,0.01377410468319562,588080,0.01377410468319562,588080,0.01377410468319562,588080,0.01377410468319562,588080,0.01377410468319562,588080,0,0,0,0
2023-04-03,0.03985507246376785,588080,0.03985507246376785,588080,0.03985507246376785,588080,0.03985507246376785,588080,0.03985507246376785,588080,0.03985507246376785,588080,0.03985507246376785,588080,0,0,0,0
2023-04-04,0.0017421602787457413,588080,0.0017421602787457413,588080,0.0017421602787457413,588080,0.0017421602787457413,588080,0.0017421602787457413,588080,0.0017421602787457413,588080,0.0017421602787457413,588080,0,0,0,0
2023-04-06,0.018260869565217552,588080,0.018260869565217552,588080,0.018260869565217552,588080,0.018260869565217552,588080,0.018260869565217552,588080,0.018260869565217552,588080,0.018260869565217552,588080,0,0,0,0
2023-04-07,0.011955593509820783,588080,0.011955593509820783,588080,0.011955593509820783,588080,0.011955593509820783,588080,0.011955593509820783,588080,0.011955593509820783,588080,0.011955593509820783,588080,0,0,0,0
2023-04-10,-0.028691983122362763,588080,-0.028691983122362874,588080,-0.028691983122362874,588080,-0.02888624472573853,159915,-0.028691983122362874,588080,-0.02888624472573842,159915,-0.02888624472573842,510500,0,0,0,0
2023-04-11,-0.006081668114683025,588080,-0.006081668114682914,588080,-0.006081668114683025,588080,-0.002733277027026859,588080,-0.006081668114683025,588080,-0.0025337837837836608,159915,-0.00015547263681603418,510500,0,0,0,0
2023-04-12,0.00786713286713292,588080,0.00786713286713292,588080,0.00786713286713292,588080,0.00786713286713292,588080,0.00786713286713292,588080,-0.0038103302286197627,159915,0.0034209298709377833,510500,0,0,0,0
2023-04-13,-0.024284475281873275,588080,-0.024284475281873164,588080,-0.024284475281873164,588080,-0.024284475281873386,588080,-0.024284475281873275,588080,-0.00912299192520205,588080,-0.004339067100573524,510500,0,0,0,0
2023-04-14,0.03111111111111109,588080,0.03111111111111109,588080,0.03111111111111109,588080,0.03111111111111109,588080,0.03111111111111109,588080,0.03111111111111109,588080,0.0023346303501945442,510500,0,0,0,0
2023-04-17,0.004310344827586299,588080,0.004310344827586299,588080,0.004310344827586299,588080,0.004310344827586299,588080,0.004310344827586299,588080,0.004310344827586299,588080,0.004767950310559099,512400,0,0,0,0
2023-04-18,-0.01115879828326194,588080,-0.01115879828326205,588080,-0.011158798283261828,588080,-0.011158798283261828,588080,-0.011158798283261828,588080,-0.01115879828326205,588080,-0.0008278145695364003,512400,0,0,0,0
2023-04-19,0.004340277777777901,588080,0.004340277777777901,588080,0.004340277777777901,588080,0.004340277777777901,588080,0.004340277777777901,588080,0.004340277777777901,588080,-0.0041425020712511085,512400,0,0,0,0
2023-04-20,0.026793431287813307,588080,0.026793431287813307,588080,0.026793431287813307,588080,0.026793431287813307,588080,0.026793431287813307,588080,0.026793431287813307,588080,-0.021826289517470676,512890,0,0,0,0
2023-04-21,-0.03872053872053871,588080,-0.03872053872053871,588080,-0.03872053872053871,588080,-0.03891279461279462,512890,-0.03872053872053871,588080,-0.03891279461279473,512890,-0.013815090329436508,512890,0,0,0,0
2023-04-24,-0.020336077057793278,513100,-0.02033607705779339,513100,-0.020336077057793278,513100,0.0021551724137931494,512890,-0.020336077057793278,513100,0.0021551724137931494,512890,0.0021551724137931494,512890,0,0,0,0
2023-04-25,0.0,513100,0.0,513100,0.0,513100,0.006250322580644951,518880,0.0,513100,0.006250322580644951,518880,0.006250322580644951,513100,0,0,0,0
2023-04-26,-0.002207505518763808,513100,-0.002207505518763808,513100,-0.002207505518763919,513100,0.0016218721037999373,518880,-0.002207505518763808,513100,0.0016218721037999373,518880,-0.002207505518763697,513100,0,0,0,0
2023-04-27,0.0011061946902655162,513100,0.0011061946902655162,513100,0.0011061946902655162,513100,0.002112745778394487,512890,0.0011061946902655162,513100,0.0023132084200785386,518880,0.0011061946902655162,513100,0,0,0,0
2023-04-28,0.01968552486187858,512890,0.01968552486187858,512890,0.01968552486187858,512890,0.02127659574468077,512890,0.01968552486187858,512890,-0.008275928917609199,512890,0.01968552486187858,512890,0,0,0,0
2023-05-04,0.030208333333333393,512890,0.030208333333333393,512890,0.030208333333333393,512890,0.030208333333333393,512890,0.030208333333333393,512890,0.030208333333333393,512890,0.030208333333333393,512890,0,0,0,0
2023-05-05,-0.005254600606673265,518880,-0.005254600606673487,518880,-0.005254600606673487,518880,-0.005055611729019249,512890,-0.005254600606673376,518880,-0.005055611729019138,512890,-0.00505561172901936,512890,0,0,0,0
2023-05-08,-0.010843397508493613,512890,-0.010843397508493613,512890,-0.010843397508493724,512890,0.027439024390243816,512890,-0.010645526613816458,518880,0.027439024390243816,512890,0.027439024390243816,512890,0,0,0,0
2023-05-09,-0.012858555885261858,512890,-0.01285855588526208,512890,-0.012858555885261969,512890,-0.01285855588526208,512890,0.001860027472527337,512890,-0.012858555885261969,512890,-0.012858555885261969,512890,0,0,0,0
2023-05-10,-0.025245090180360585,513100,-0.025245090180360585,513100,-0.025245090180360696,513100,-0.025245090180360807,513100,-0.025245090180360585,513100,-0.025245090180360696,513100,-0.025245090180360696,513100,0,0,0,0
2023-05-11,0.012903225806451424,513100,0.012903225806451424,513100,0.012903225806451424,513100,0.012700645161290103,512890,0.012903225806451424,513100,0.012903225806451424,513100,0.012903225806451424,513100,0,0,0,0
2023-05-12,0.00424628450106157,513100,0.00424628450106157,513100,0.00424628450106157,513100,-0.017543469387755084,513100,0.00424628450106157,513100,0.00424628450106157,513100,0.00424628450106157,513100,0,0,0,0
2023-05-15,-0.0021141649048626032,513100,-0.0021141649048627142,513100,-0.002114164904862492,513100,-0.0021141649048626032,513100,-0.0021141649048626032,513100,-0.0021141649048627142,513100,-0.0021141649048626032,513100,0,0,0,0
2023-05-16,0.0031779661016948513,513100,0.0031779661016948513,513100,0.0031779661016948513,513100,0.0031779661016948513,513100,0.0031779661016948513,513100,0.0031779661016948513,513100,0.0031779661016948513,513100,0,0,0,0
2023-05-17,0.006335797254487963,513100,0.006335797254487963,513100,0.006335797254487963,513100,0.006335797254487963,513100,0.006335797254487963,513100,0.006335797254487963,513100,0.006335797254487963,513100,0,0,0,0
2023-05-18,0.015739769150052485,513100,0.015739769150052485,513100,0.015739769150052485,513100,0.015739769150052485,513100,0.015739769150052485,513100,0.015739769150052485,513100,0.015739769150052485,513100,0,0,0,0
2023-05-19,0.022727272727272707,513100,0.022727272727272707,513100,0.022727272727272707,513100,0.022727272727272707,513100,0.022727272727272707,513100,0.022727272727272707,513100,0.022727272727272707,513100,0,0,0,0
2023-05-22,-0.0060606060606061,513100,-0.006060606060606211,513100,-0.0060606060606061,513100,-0.006060606060605989,513100,-0.0060606060606061,513100,-0.006060606060605989,513100,-0.0060606060606061,513100,0,0,0,0
2023-05-23,0.008130081300812941,513100,0.008130081300812941,513100,0.008130081300812941,513100,0.008130081300812941,513100,0.008130081300812941,513100,0.008130081300812941,513100,0.008130081300812941,513100,0,0,0,0
2023-05-24,-0.015120967741935498,513100,-0.01512096774193561,513100,-0.01512096774193561,513100,-0.015120967741935498,513100,-0.015120967741935498,513100,-0.015120967741935498,513100,-0.015120967741935498,513100,0,0,0,0
2023-05-25,0.016376663254861867,513100,0.016376663254861867,513100,0.016376663254861867,513100,0.016376663254861867,513100,0.016376663254861867,513100,0.016376663254861867,513100,0.016376663254861867,513100,0,0,0,0
2023-05-26,0.0030211480362538623,513100,0.0030211480362538623,513100,0.0030211480362538623,513100,0.0030211480362538623,513100,0.0030211480362538623,513100,0.0030211480362538623,513100,0.0030211480362538623,513100,0,0,0,0
2023-05-29,0.03614457831325302,513100,0.03614457831325302,513100,0.03614457831325302,513100,0.03614457831325302,513100,0.03614457831325302,513100,0.03614457831325302,513100,0.03614457831325302,513100,0,0,0,0
2023-05-30,0.0029069767441860517,513100,0.0029069767441860517,513100,0.0029069767441860517,513100,0.0029069767441860517,513100,0.0029069767441860517,513100,0.0029069767441860517,513100,0.0029069767441860517,513100,0,0,0,0
2023-05-31,-0.0038647342995170586,513100,-0.0038647342995169476,513100,-0.0038647342995170586,513100,-0.0038647342995169476,513100,-0.0038647342995169476,513100,-0.0038647342995169476,513100,-0.0038647342995170586,513100,0,0,0,0
2023-06-01,-0.0009699321047527132,513100,-0.0009699321047526022,513100,-0.0009699321047526022,513100,-0.0009699321047526022,513100,-0.0009699321047526022,513100,-0.0009699321047524911,513100,-0.0009699321047526022,513100,0,0,0,0
2023-06-02,0.012621359223300876,513100,0.012621359223300876,513100,0.012621359223300876,513100,0.012621359223300876,513100,0.012621359223300876,513100,0.012621359223300876,513100,0.012621359223300876,513100,0,0,0,0
2023-06-05,0.004793863854266611,513100,0.004793863854266611,513100,0.004793863854266611,513100,0.004793863854266611,513100,0.004793863854266611,513100,0.004793863854266611,513100,0.004793863854266611,513100,0,0,0,0
2023-06-06,0.000954198473282375,513100,0.000954198473282375,513100,0.000954198473282375,513100,0.000954198473282375,513100,0.000954198473282375,513100,0.000954198473282375,513100,0.000954198473282375,513100,0,0,0,0
2023-06-07,0.0028598665395616063,513100,0.0028598665395616063,513100,0.0028598665395616063,513100,0.0028598665395616063,513100,0.0028598665395616063,513100,0.0028598665395616063,513100,0.0028598665395616063,513100,0,0,0,0
2023-06-08,-0.020912547528517234,513100,-0.02091254752851701,513100,-0.020912547528517123,513100,-0.021108365019011366,518880,-0.020912547528517123,513100,-0.021108365019011477,518880,-0.021108365019011477,518880,0,0,0,0
2023-06-09,0.0165048543689319,513100,0.0165048543689319,513100,0.0165048543689319,513100,0.00832757030889808,513100,0.0165048543689319,513100,0.008529276164130906,518880,0.008529276164130906,518880,0,0,0,0
2023-06-12,0.011461318051575908,513100,0.011461318051575908,513100,0.011461318051575908,513100,0.011461318051575908,513100,0.011461318051575908,513100,0.0004855771428573519,513100,0.0004855771428573519,513100,0,0,0,0
2023-06-13,0.02455146364494798,513100,0.02455146364494798,513100,0.02455146364494798,513100,0.02455146364494798,513100,0.02455146364494798,513100,0.02455146364494798,513100,0.02455146364494798,513100,0,0,0,0
2023-06-14,0.0009216589861751334,513100,0.0009216589861751334,513100,0.0009216589861751334,513100,0.0009216589861751334,513100,0.0009216589861751334,513100,0.0009216589861751334,513100,0.0009216589861751334,513100,0,0,0,0
2023-06-15,0.004604051565377354,513100,0.004604051565377354,513100,0.004604051565377354,513100,0.004604051565377354,513100,0.004604051565377354,513100,0.004604051565377354,513100,0.004604051565377354,513100,0,0,0,0
2023-06-16,0.008249312557286892,513100,0.008249312557286892,513100,0.008249312557286892,513100,0.008249312557286892,513100,0.008249312557286892,513100,0.008249312557286892,513100,0.008249312557286892,513100,0,0,0,0
2023-06-19,-0.0036363636363635488,513100,-0.0036363636363636598,513100,-0.003636363636363771,513100,-0.0036363636363636598,513100,-0.0036363636363635488,513100,-0.0036363636363636598,513100,-0.0036363636363636598,513100,0,0,0,0
2023-06-20,-0.0009124087591241281,513100,-0.0009124087591240171,513100,-0.0009124087591241281,513100,-0.0009124087591241281,513100,-0.0009124087591241281,513100,-0.0009124087591240171,513100,-0.0009124087591241281,513100,0,0,0,0
2023-06-21,0.004566210045662267,513100,0.004566210045662267,513100,0.004566210045662267,513100,0.004566210045662267,513100,0.004566210045662267,513100,0.004566210045662267,513100,0.004566210045662267,513100,0,0,0,0
2023-06-26,-0.00818181818181829,513100,-0.008181818181818179,513100,-0.008181818181818179,513100,-0.008181818181818068,513100,-0.008181818181818179,513100,-0.008181818181818068,513100,-0.008181818181818179,513100,0,0,0,0
2023-06-27,-0.013748854262144672,513100,-0.013748854262144672,513100,-0.013748854262144783,513100,-0.013748854262144894,513100,-0.013748854262144783,513100,-0.013748854262144783,513100,-0.013748854262144672,513100,0,0,0,0
2023-06-28,0.013011152416356975,513100,0.013011152416356975,513100,0.013011152416356975,513100,0.013011152416356975,513100,0.013011152416356975,513100,0.013011152416356975,513100,0.013011152416356975,513100,0,0,0,0
2023-06-29,0.008256880733944927,513100,0.008256880733944927,513100,0.008256880733944927,513100,0.008256880733944927,513100,0.008256880733944927,513100,0.008256880733944927,513100,0.008256880733944927,513100,0,0,0,0
2023-06-30,0.0009099181073703999,513100,0.0009099181073703999,513100,0.0009099181073703999,513100,0.0009099181073703999,513100,0.0009099181073703999,513100,0.0009099181073703999,513100,0.0009099181073703999,513100,0,0,0,0
2023-07-03,0.016363636363636358,513100,0.016363636363636358,513100,0.016363636363636358,513100,0.016363636363636358,513100,0.016363636363636358,513100,0.016363636363636358,513100,0.016363636363636358,513100,0,0,0,0
2023-07-04,-0.00536672629695889,513100,-0.005366726296959001,513100,-0.00536672629695889,513100,-0.00536672629695889,513100,-0.00536672629695889,513100,-0.00536672629695889,513100,-0.00536672629695889,513100,0,0,0,0
2023-07-05,-0.0017985611510792365,513100,-0.0017985611510790145,513100,-0.0017985611510791255,513100,-0.0017985611510791255,513100,-0.0017985611510791255,513100,-0.0017985611510791255,513100,-0.0017985611510791255,513100,0,0,0,0
2023-07-06,0.0009009009009008917,513100,0.0009009009009008917,513100,0.0009009009009008917,513100,0.0009009009009008917,513100,0.0009009009009008917,513100,0.0009009009009008917,513100,0.0009009009009008917,513100,0,0,0,0
2023-07-07,-0.004500450045004434,513100,-0.004500450045004434,513100,-0.004500450045004545,513100,-0.004500450045004545,513100,-0.004500450045004545,513100,-0.004500450045004545,513100,-0.004500450045004656,513100,0,0,0,0
2023-07-10,-0.009945750452079682,513100,-0.009945750452079682,513100,-0.009945750452079682,513100,-0.009945750452079682,513100,-0.009945750452079682,513100,-0.009945750452079571,513100,-0.009945750452079793,513100,0,0,0,0
2023-07-11,0.005479452054794498,513100,0.005479452054794498,513100,0.005479452054794498,513100,0.005479452054794498,513100,0.005479452054794498,513100,0.005479452054794498,513100,0.005479452054794498,513100,0,0,0,0
2023-07-12,0.0009082652134424496,513100,0.0009082652134424496,513100,0.0009082652134424496,513100,0.0009082652134424496,513100,0.0009082652134424496,513100,0.0009082652134424496,513100,0.0009082652134424496,513100,0,0,0,0
2023-07-13,0.014519056261343088,513100,0.014519056261343088,513100,0.014519056261343088,513100,0.014519056261343088,513100,0.014519056261343088,513100,0.014519056261343088,513100,0.014519056261343088,513100,0,0,0,0
2023-07-14,0.007155635062611632,513100,0.007155635062611632,513100,0.007155635062611632,513100,0.007155635062611632,513100,0.007155635062611632,513100,0.007155635062611632,513100,0.007155635062611632,513100,0,0,0,0
2023-07-17,0.005328596802842034,513100,0.005328596802842034,513100,0.005328596802842034,513100,0.005328596802842034,513100,0.005328596802842034,513100,0.005328596802842034,513100,0.005328596802842034,513100,0,0,0,0
2023-07-18,0.008833922261484162,513100,0.008833922261484162,513100,0.008833922261484162,513100,0.008833922261484162,513100,0.008833922261484162,513100,0.008833922261484162,513100,0.008833922261484162,513100,0,0,0,0
2023-07-19,0.01838879159369533,513100,0.01838879159369533,513100,0.01838879159369533,513100,0.01838879159369533,513100,0.01838879159369533,513100,0.01838879159369533,513100,0.01838879159369533,513100,0,0,0,0
2023-07-20,-0.013757523645743897,513100,-0.013757523645743786,513100,-0.013757523645743786,513100,-0.013757523645743786,513100,-0.013757523645743786,513100,-0.013757523645743897,513100,-0.013757523645743786,513100,0,0,0,0
2023-07-21,-0.016564952048823134,513100,-0.016564952048823245,513100,-0.016564952048823134,513100,-0.016564952048823245,513100,-0.016564952048823245,513100,-0.016564952048823134,513100,-0.016564952048823245,513100,0,0,0,0
2023-07-24,0.0035460992907800915,513100,0.0035460992907800915,513100,0.0035460992907800915,513100,0.0035460992907800915,513100,0.0035460992907800915,513100,0.0035460992907800915,513100,0.0035460992907800915,513100,0,0,0,0
2023-07-25,-0.0035335689045937757,513100,-0.0035335689045936647,513100,-0.0035335689045937757,513100,-0.0035335689045936647,513100,-0.0035335689045937757,513100,-0.0035335689045936647,513100,-0.0035335689045936647,513100,0,0,0,0
2023-07-26,0.0026595744680852906,513100,0.0026595744680852906,513100,0.0026595744680852906,513100,0.0026595744680852906,513100,0.0026595744680852906,513100,0.0026595744680852906,513100,0.0026595744680852906,513100,0,0,0,0
2023-07-27,0.008841732979663952,513100,0.008841732979663952,513100,0.008841732979663952,513100,0.008841732979663952,513100,0.008841732979663952,513100,0.008841732979663952,513100,0.008841732979663952,513100,0,0,0,0
2023-07-28,-0.006333742331288361,512890,-0.00633374233128825,512890,-0.00633374233128825,512890,-0.006333742331288139,512890,-0.00633374233128825,512890,-0.00633374233128825,512890,-0.00633374233128825,512890,0,0,0,0
2023-07-31,0.006230529595015577,512890,0.006230529595015577,512890,0.006230529595015577,512890,0.006230529595015577,512890,0.006230529595015577,512890,0.006230529595015577,512890,0.006230529595015577,512890,0,0,0,0
2023-08-01,0.0,512890,0.0,512890,0.0,512890,0.0,512890,0.0,512890,0.0,512890,0.0,512890,0,0,0,0
2023-08-02,-0.01031991744066052,512890,-0.010319917440660409,512890,-0.01031991744066052,512890,-0.01031991744066052,512890,-0.01031991744066052,512890,-0.010319917440660631,512890,-0.01031991744066052,512890,0,0,0,0
2023-08-03,0.002085505735140769,512890,0.002085505735140769,512890,0.002085505735140769,512890,0.002085505735140769,512890,0.002085505735140769,512890,0.002085505735140769,512890,0.002085505735140769,512890,0,0,0,0
2023-08-04,0.0010405827263266776,512890,0.0010405827263266776,512890,0.0010405827263266776,512890,0.0010405827263266776,512890,0.0010405827263266776,512890,0.0010405827263266776,512890,0.0010405827263266776,512890,0,0,0,0
2023-08-07,-0.009355509355509328,512890,-0.009355509355509328,512890,-0.00935550935550944,512890,-0.00935550935550944,512890,-0.009355509355509328,512890,-0.009355509355509217,512890,-0.009553638253638086,510300,0,0,0,0
2023-08-08,0.0041972717733473885,512890,0.0041972717733473885,512890,0.0041972717733473885,512890,0.0041972717733473885,512890,0.0041972717733473885,512890,0.0041972717733473885,512890,-0.0036918533103617035,510300,0,0,0,0
2023-08-09,-0.007314524555903867,512890,-0.007314524555903978,512890,-0.007314524555903867,512890,-0.007314524555903867,512890,-0.007314524555903867,512890,-0.007314524555903867,512890,-0.0019762845849802257,510300,0,0,0,0
2023-08-10,0.0,512890,0.0,512890,0.0,512890,0.0,512890,0.0,512890,0.0,512890,0.0012376237623761277,510300,0,0,0,0
2023-08-11,-0.01072421052631578,518880,-0.01072421052631567,518880,-0.010724210526315892,518880,-0.01072421052631578,518880,-0.01072421052631578,518880,-0.01072421052631578,518880,-0.02368108776266986,518880,0,0,0,0
2023-08-14,0.0013590033975086069,518880,0.0013590033975086069,518880,0.0013590033975086069,518880,0.0013590033975086069,518880,0.0013590033975086069,518880,0.0013590033975086069,518880,0.0013590033975086069,518880,0,0,0,0
2023-08-15,0.0022619316896628217,518880,0.0022619316896628217,518880,0.0022619316896628217,518880,0.0022619316896628217,518880,0.0022619316896628217,518880,0.0022619316896628217,518880,0.0022619316896628217,518880,0,0,0,0
2023-08-16,0.0004513653802753481,518880,0.0004513653802753481,518880,0.0004513653802753481,518880,0.0004513653802753481,518880,0.0004513653802753481,518880,0.0004513653802753481,518880,0.0004513653802753481,518880,0,0,0,0
2023-08-17,-0.0009023234829684812,518880,-0.0009023234829684812,518880,-0.0009023234829685922,518880,-0.0009023234829685922,518880,-0.0009023234829685922,518880,-0.0009023234829685922,518880,-0.0009023234829685922,518880,0,0,0,0
2023-08-18,-0.001806276811921581,518880,-0.001806276811921581,518880,-0.00180627681192147,518880,-0.00180627681192147,518880,-0.00180627681192147,518880,-0.001806276811921581,518880,-0.00180627681192147,518880,0,0,0,0
2023-08-21,0.0038452838724269967,518880,0.0038452838724269967,518880,0.0038452838724269967,518880,0.0038452838724269967,518880,0.0038452838724269967,518880,0.0038452838724269967,518880,0.0038452838724269967,518880,0,0,0,0
2023-08-22,-0.001577287066245936,518880,-0.001577287066246047,518880,-0.001577287066245936,518880,-0.001577287066246047,518880,-0.001577287066245936,518880,-0.001577287066245936,518880,-0.001577287066245825,518880,0,0,0,0
2023-08-23,0.004739336492890933,518880,0.004739336492890933,518880,0.004739336492890933,518880,0.004739336492890933,518880,0.004739336492890933,518880,0.004739336492890933,518880,0.004739336492890933,518880,0,0,0,0
2023-08-24,0.0026954177897575704,518880,0.0026954177897575704,518880,0.0026954177897575704,518880,0.0026954177897575704,518880,0.0026954177897575704,518880,0.0026954177897575704,518880,0.0026954177897575704,518880,0,0,0,0
2023-08-25,-0.0035842293906809264,518880,-0.0035842293906808154,518880,-0.0035842293906809264,518880,-0.0035842293906809264,518880,-0.0035842293906809264,518880,-0.0035842293906809264,518880,-0.0035842293906810374,518880,0,0,0,0
2023-08-28,0.0004496402877698369,518880,0.0004496402877698369,518880,0.0004496402877698369,518880,0.0004496402877698369,518880,0.0004496402877698369,518880,0.0004496402877698369,518880,0.0004496402877698369,518880,0,0,0,0
2023-08-29,0.002696629213483126,518880,0.002696629213483126,518880,0.002696629213483126,518880,0.002696629213483126,518880,0.002696629213483126,518880,0.002696629213483126,518880,0.002696629213483126,518880,0,0,0,0
2023-08-30,0.003361721201255108,518880,0.003361721201255108,518880,0.003361721201255108,518880,0.003361721201255108,518880,0.003361721201255108,518880,0.003361721201255108,518880,0.003361721201255108,518880,0,0,0,0
2023-08-31,0.003797185615367349,518880,0.003797185615367349,518880,0.003797185615367349,518880,0.003797185615367349,518880,0.003797185615367349,518880,0.003797185615367349,518880,0.003797185615367349,518880,0,0,0,0
2023-09-01,-0.001112594570538472,518880,-0.001112594570538472,518880,-0.001112594570538472,518880,-0.001112594570538472,518880,-0.001112594570538472,518880,-0.0011125945705385831,518880,-0.001112594570538472,518880,0,0,0,0
2023-09-04,0.00378703497438182,518880,0.00378703497438182,518880,0.00378703497438182,518880,0.00378703497438182,518880,0.00378703497438182,518880,0.00378703497438182,518880,0.00378703497438182,518880,0,0,0,0
2023-09-05,0.00044385264092317023,518880,0.00044385264092317023,518880,0.00044385264092317023,518880,0.00044385264092317023,518880,0.00044385264092317023,518880,0.00044385264092317023,518880,0.00044385264092317023,518880,0,0,0,0
2023-09-06,-0.0006654835847383911,518880,-0.0006654835847382801,518880,-0.0006654835847383911,518880,-0.0006654835847385021,518880,-0.0006654835847382801,518880,-0.0006654835847382801,518880,-0.0006654835847385021,518880,0,0,0,0
2023-09-07,-0.00022197558268599593,518880,-0.00022197558268610695,518880,-0.00022197558268599593,518880,-0.00022197558268599593,518880,-0.00022197558268599593,518880,-0.00022197558268599593,518880,-0.0002219755826858849,518880,0,0,0,0
2023-09-08,0.007104795737122638,518880,0.007104795737122638,518880,0.007104795737122638,518880,0.007104795737122638,518880,0.007104795737122638,518880,0.007104795737122638,518880,0.007104795737122638,518880,0,0,0,0
2023-09-11,0.001984126984126977,518880,0.001984126984126977,518880,0.001984126984126977,518880,0.001984126984126977,518880,0.001984126984126977,518880,0.001984126984126977,518880,0.001984126984126977,518880,0,0,0,0
2023-09-12,0.00022002200220039292,518880,0.00022002200220039292,518880,0.00022002200220039292,518880,0.00022002200220039292,518880,0.00022002200220039292,518880,0.00022002200220039292,518880,0.00022002200220039292,518880,0,0,0,0
2023-09-13,0.0024197096348439473,518880,0.0024197096348439473,518880,0.0024197096348439473,518880,0.0024197096348439473,518880,0.0024197096348439473,518880,0.0024197096348439473,518880,0.0024197096348439473,518880,0,0,0,0
2023-09-14,0.007680491551459223,518880,0.007680491551459223,518880,0.007680491551459223,518880,0.007680491551459223,518880,0.007680491551459223,518880,0.007680491551459223,518880,0.007680491551459223,518880,0,0,0,0
2023-09-15,-0.009581881533101022,518880,-0.009581881533100911,518880,-0.009581881533100911,518880,-0.009581881533100911,518880,-0.009581881533100911,518880,-0.009581881533100911,518880,-0.009581881533101022,518880,0,0,0,0
2023-09-18,-0.005475989445910212,513120,-0.005475989445910434,513120,-0.005475989445910212,513120,-0.005475989445910434,513120,-0.005475989445910434,513120,-0.005475989445910212,513120,-0.005475989445910323,513120,0,0,0,0
2023-09-19,-0.006045949214026569,513120,-0.006045949214026569,513120,-0.006045949214026569,513120,-0.006045949214026569,513120,-0.006045949214026458,513120,-0.006045949214026569,513120,-0.006045949214026569,513120,0,0,0,0
2023-09-20,-0.02068126520681257,513120,-0.020681265206812682,513120,-0.02068126520681257,513120,-0.020681265206812682,513120,-0.02068126520681257,513120,-0.02068126520681246,513120,-0.02068126520681257,513120,0,0,0,0
2023-09-21,-0.02503975155279503,518880,-0.025039751552795142,518880,-0.025039751552795142,518880,-0.025039751552795142,518880,-0.02503975155279503,518880,-0.02503975155279503,518880,-0.02503975155279503,518880,0,0,0,0
2023-09-22,-0.004148471615720517,518880,-0.004148471615720517,518880,-0.004148471615720517,518880,-0.004148471615720628,518880,-0.004148471615720517,518880,-0.004148471615720517,518880,-0.004148471615720517,518880,0,0,0,0
2023-09-25,0.004385003288752465,518880,0.004385003288752465,518880,0.004385003288752465,518880,0.004385003288752465,518880,0.004385003288752465,518880,0.004385003288752465,518880,0.004385003288752465,518880,0,0,0,0
2023-09-26,-0.0006548788474132206,518880,-0.0006548788474132206,518880,-0.0006548788474132206,518880,-0.0006548788474133316,518880,-0.0006548788474132206,518880,-0.0006548788474132206,518880,-0.0006548788474132206,518880,0,0,0,0
2023-09-27,-0.014635211882918275,518880,-0.014635211882918497,518880,-0.014635211882918386,518880,-0.014635211882918386,518880,-0.014635211882918386,518880,-0.014635211882918386,518880,-0.014635211882918386,518880,0,0,0,0
2023-09-28,-0.016822700066504104,513120,-0.016822700066503993,513120,-0.016822700066503993,513120,-0.01662602527155832,518880,-0.016822700066503993,513120,-0.01662602527155843,518880,-0.016822700066503993,513120,0,0,0,0
2023-10-09,-0.013496932515337345,513120,-0.013496932515337345,513120,-0.013496932515337345,513120,-0.00718688007213697,513120,-0.013496932515337345,513120,-0.007186880072136748,513120,-0.013496932515337345,513120,0,0,0,0
2023-10-10,-0.01243781094527363,513120,-0.01243781094527363,513120,-0.01243781094527363,513120,-0.01243781094527363,513120,-0.01243781094527363,513120,-0.01243781094527363,513120,-0.01243781094527363,513120,0,0,0,0
2023-10-11,0.03904282115869018,513120,0.03904282115869018,513120,0.03904282115869018,513120,0.03904282115869018,513120,0.03904282115869018,513120,0.03904282115869018,513120,0.03904282115869018,513120,0,0,0,0
2023-10-12,0.030303030303030276,513120,0.030303030303030276,513120,0.030303030303030276,513120,0.030303030303030276,513120,0.030303030303030276,513120,0.030303030303030276,513120,0.030303030303030276,513120,0,0,0,0
2023-10-13,-0.009411764705882342,513120,-0.009411764705882342,513120,-0.009411764705882342,513120,-0.009411764705882342,513120,-0.009411764705882342,513120,-0.009411764705882342,513120,-0.009411764705882342,513120,0,0,0,0
2023-10-16,-0.014251781472684244,513120,-0.014251781472684244,513120,-0.014251781472684133,513120,-0.014251781472684133,513120,-0.014251781472684133,513120,-0.014251781472684244,513120,-0.014251781472684133,513120,0,0,0,0
2023-10-17,0.010843373493975905,513120,0.010843373493975905,513120,0.010843373493975905,513120,0.010843373493975905,513120,0.010843373493975905,513120,0.010843373493975905,513120,0.010843373493975905,513120,0,0,0,0
2023-10-18,-0.03456495828367101,513120,-0.03456495828367101,513120,-0.0345649582836709,513120,-0.034758045292014206,513100,-0.0345649582836709,513120,-0.034758045292014206,513100,-0.034758045292014095,513100,0,0,0,0
2023-10-19,-0.012345679012345623,513120,-0.012345679012345623,513120,-0.012345679012345734,513120,-0.01276481149012576,513120,-0.012345679012345734,513120,-0.01276481149012576,513120,-0.01276481149012565,518880,0,0,0,0
2023-10-20,-0.004999999999999893,513120,-0.004999999999999893,513120,-0.0050000000000000044,513120,-0.0050000000000000044,513120,-0.0050000000000000044,513120,-0.0050000000000000044,513120,0.01099626127116804,518880,0,0,0,0
2023-10-23,-0.007537688442211143,513120,-0.007537688442211143,513120,-0.007537688442211143,513120,-0.007537688442211143,513120,-0.007537688442211143,513120,-0.007537688442211032,513120,-0.005438329345225146,518880,0,0,0,0
2023-10-24,0.03270481012658233,518880,0.03270481012658233,518880,0.03270481012658233,510500,0.03270481012658211,510500,0.03270481012658233,510500,0.03270481012658233,510500,0.0004560367454069514,510500,1,1,1,1
2023-10-25,-0.003934426229508126,518880,-0.003934426229508126,518880,0.004963235294117574,510500,0.004963235294117574,510500,0.004963235294117574,510500,0.004963235294117574,510500,0.004963235294117574,510500,0,0,0,0
2023-10-26,0.007241606319947191,518880,0.007241606319947191,518880,0.004389976220962044,510500,0.004389976220962044,510500,0.004389976220962044,510500,0.004389976220962044,510500,0.004389976220962044,510500,0,0,0,0
2023-10-27,0.0017603921568627445,513120,0.0017603921568627445,513120,0.01894008377344747,510500,0.01894008377344747,510500,0.01894008377344747,510500,0.01894008377344747,510500,0.01894008377344747,510500,0,0,0,0
2023-10-30,0.04434072345390905,513120,0.04434072345390905,513120,0.008042895442359255,510500,0.008042895442359255,510500,0.008042895442359255,510500,0.008042895442359255,510500,0.008042895442359255,510500,0,0,0,0
2023-10-31,-0.012290502793296132,513120,-0.012290502793296132,513120,-0.0025045035460993237,513120,-0.0025045035460994347,513120,-0.0025045035460993237,513120,-0.0025045035460992127,513120,-0.0025045035460994347,513120,0,0,0,0
2023-11-01,0.002262443438914019,513120,0.002262443438914019,513120,0.002262443438914019,513120,0.002262443438914019,513120,0.002262443438914019,513120,0.002262443438914019,513120,0.002262443438914019,513120,0,0,0,0
2023-11-02,-0.007900677200902928,513120,-0.007900677200902928,513120,-0.007900677200902928,513120,-0.007900677200902817,513120,-0.007900677200902928,513120,-0.007900677200902928,513120,-0.007900677200902928,513120,0,0,0,0
2023-11-03,0.015927189988623525,513120,0.015927189988623525,513120,0.015927189988623525,513120,0.015927189988623525,513120,0.015927189988623525,513120,0.015927189988623525,513120,0.015927189988623525,513120,0,0,0,0
2023-11-06,0.04703247480403139,513120,0.04703247480403139,513120,0.04703247480403139,513120,0.04703247480403139,513120,0.04703247480403139,513120,0.04703247480403139,513120,0.04703247480403139,513120,0,0,0,0
2023-11-07,-0.016042780748663277,513120,-0.016042780748663166,513120,-0.016042780748663277,513120,-0.016042780748663055,513120,-0.016042780748663166,513120,-0.016042780748663055,513120,-0.016042780748663277,513120,0,0,0,0
2023-11-08,0.007608695652173925,513120,0.007608695652173925,513120,0.007608695652173925,513120,0.007608695652173925,513120,0.007608695652173925,513120,0.007608695652173925,513120,0.007608695652173925,513120,0,0,0,0
2023-11-09,-0.010787486515641986,513120,-0.010787486515641875,513120,-0.010787486515641875,513120,-0.010787486515641875,513120,-0.010787486515641875,513120,-0.010787486515641986,513120,-0.010787486515641875,513120,0,0,0,0
2023-11-10,-0.017448200654307633,513120,-0.01744820065430741,513120,-0.01744820065430741,513120,-0.017448200654307522,513120,-0.01744820065430741,513120,-0.017448200654307633,513120,-0.017448200654307522,513120,0,0,0,0
2023-11-13,-0.009988901220865709,513120,-0.009988901220865709,513120,-0.00998890122086582,513120,-0.009988901220865709,513120,-0.00998890122086582,513120,-0.009988901220865709,513120,-0.009988901220865709,513120,0,0,0,0
2023-11-14,0.004484304932735439,513120,0.004484304932735439,513120,0.004484304932735439,513120,0.004484304932735439,513120,0.004484304932735439,513120,0.004484304932735439,513120,0.004484304932735439,513120,0,0,0,0
2023-11-15,0.01116071428571419,513120,0.01116071428571419,513120,0.01116071428571419,513120,0.01116071428571419,513120,0.01116071428571419,513120,0.01116071428571419,513120,0.01116071428571419,513120,0,0,0,0
2023-11-16,-0.026490066225165587,513120,-0.026490066225165587,513120,-0.026490066225165587,513120,-0.026490066225165587,513120,-0.026490066225165587,513120,-0.026490066225165587,513120,-0.026490066225165587,513120,0,0,0,0
2023-11-17,0.01133786848072571,513120,0.01133786848072571,513120,0.01133786848072571,513120,0.01133786848072571,513120,0.01133786848072571,513120,0.01133786848072571,513120,0.01133786848072571,513120,0,0,0,0
2023-11-20,0.0,513120,0.0,513120,0.0,513120,0.0,513120,0.0,513120,0.0,513120,0.0,513120,0,0,0,0
2023-11-21,-0.006726457399103047,513120,-0.006726457399103158,513120,-0.006726457399103158,513120,-0.006726457399103158,513120,-0.006726457399103158,513120,-0.006726457399103047,513120,-0.006726457399103047,513120,0,0,0,0
2023-11-22,-0.021444695259593582,513120,-0.021444695259593693,513120,-0.021444695259593693,513120,-0.021444695259593693,513120,-0.021444695259593693,513120,-0.021444695259593693,513120,-0.021444695259593693,513120,0,0,0,0
2023-11-23,0.01730103806228378,513120,0.01730103806228378,513120,0.01730103806228378,513120,0.01730103806228378,513120,0.01730103806228378,513120,0.01730103806228378,513120,0.01730103806228378,513120,0,0,0,0
2023-11-24,-0.01153560090702943,513100,-0.01153560090702932,513100,-0.011535600907029542,513100,-0.01153560090702943,513100,-0.01153560090702943,513100,-0.01153560090702943,513100,-0.01153560090702943,513100,0,0,0,0
2023-11-27,-0.0051858254105444646,513100,-0.0051858254105444646,513100,-0.0051858254105443535,513100,-0.0051858254105443535,513100,-0.0051858254105444646,513100,-0.0051858254105444646,513100,-0.0051858254105443535,513100,0,0,0,0
2023-11-28,0.0026064291920069316,513100,0.0026064291920069316,513100,0.0026064291920069316,513100,0.0026064291920069316,513100,0.0026064291920069316,513100,0.0026064291920069316,513100,0.0026064291920069316,513100,0,0,0,0
2023-11-29,0.0,513100,0.0,513100,0.0,513100,0.0,513100,0.0,513100,0.0,513100,0.0,513100,0,0,0,0
2023-11-30,-0.0008665511265164572,513100,-0.0008665511265164572,513100,-0.0008665511265163461,513100,-0.0008665511265163461,513100,-0.0008665511265164572,513100,-0.0008665511265165682,513100,-0.0008665511265164572,513100,0,0,0,0
2023-12-01,-0.004336513443191858,513100,-0.004336513443191858,513100,-0.004336513443191747,513100,-0.004336513443191858,513100,-0.004336513443191858,513100,-0.004336513443191858,513100,-0.004336513443191858,513100,0,0,0,0
2023-12-04,0.0017421602787457413,513100,0.0017421602787457413,513100,0.0017421602787457413,513100,0.0017421602787457413,513100,0.0017421602787457413,513100,0.0017421602787457413,513100,0.0017421602787457413,513100,0,0,0,0
2023-12-05,-0.011304347826087024,513100,-0.011304347826087024,513100,-0.011304347826086913,513100,-0.011304347826086802,513100,-0.011304347826086913,513100,-0.011304347826086913,513100,-0.011304347826086913,513100,0,0,0,0
2023-12-06,0.014072119613016687,513100,0.014072119613016687,513100,0.014072119613016687,513100,0.014072119613016687,513100,0.014072119613016687,513100,0.014072119613016687,513100,0.014072119613016687,513100,0,0,0,0
2023-12-07,-0.011274934952298588,513100,-0.011274934952298366,513100,-0.011274934952298477,513100,-0.011274934952298366,513100,-0.011274934952298477,513100,-0.011274934952298477,513100,-0.011274934952298477,513100,0,0,0,0
2023-12-08,0.014912280701754543,513100,0.014912280701754543,513100,0.014912280701754543,513100,0.014912280701754543,513100,0.014912280701754543,513100,0.014912280701754543,513100,0.014912280701754543,513100,0,0,0,0
2023-12-11,0.006050129645635227,513100,0.006050129645635227,513100,0.006050129645635227,513100,0.006050129645635227,513100,0.006050129645635227,513100,0.006050129645635227,513100,0.006050129645635227,513100,0,0,0,0
2023-12-12,0.012027491408934665,513100,0.012027491408934665,513100,0.012027491408934665,513100,0.012027491408934665,513100,0.012027491408934665,513100,0.012027491408934665,513100,0.012027491408934665,513100,0,0,0,0
2023-12-13,0.011035653650254718,513100,0.011035653650254718,513100,0.011035653650254718,513100,0.011035653650254718,513100,0.011035653650254718,513100,0.011035653650254718,513100,0.011035653650254718,513100,0,0,0,0
2023-12-14,0.010915197313182023,513100,0.010915197313182023,513100,0.010915197313182023,513100,0.010915197313182023,513100,0.010915197313182023,513100,0.010915197313182023,513100,0.010915197313182023,513100,0,0,0,0
2023-12-15,-0.009136212624584639,513100,-0.00913621262458475,513100,-0.00913621262458475,513100,-0.009136212624584528,513100,-0.009136212624584639,513100,-0.00913621262458475,513100,-0.009136212624584639,513100,0,0,0,0
2023-12-18,0.007544006705783701,513100,0.007544006705783701,513100,0.007544006705783701,513100,0.007544006705783701,513100,0.007544006705783701,513100,0.007544006705783701,513100,0.007544006705783701,513100,0,0,0,0
2023-12-19,0.005823627287853572,513100,0.005823627287853572,513100,0.005823627287853572,513100,0.005823627287853572,513100,0.005823627287853572,513100,0.005823627287853572,513100,0.005823627287853572,513100,0,0,0,0
2023-12-20,0.005789909015715411,513100,0.005789909015715411,513100,0.005789909015715411,513100,0.005789909015715411,513100,0.005789909015715411,513100,0.005789909015715411,513100,0.005789909015715411,513100,0,0,0,0
2023-12-21,-0.013157894736842146,513100,-0.013157894736842035,513100,-0.013157894736842257,513100,-0.013157894736842146,513100,-0.013157894736842146,513100,-0.013157894736842146,513100,-0.013157894736842257,513100,0,0,0,0
2023-12-22,0.0050000000000001155,513100,0.0050000000000001155,513100,0.0050000000000001155,513100,0.0050000000000001155,513100,0.0050000000000001155,513100,0.0050000000000001155,513100,0.0050000000000001155,513100,0,0,0,0
2023-12-25,0.0008291873963517382,513100,0.0008291873963517382,513100,0.0008291873963517382,513100,0.0008291873963517382,513100,0.0008291873963517382,513100,0.0008291873963517382,513100,0.0008291873963517382,513100,0,0,0,0
2023-12-26,0.006628003314001596,513100,0.006628003314001596,513100,0.006628003314001596,513100,0.006628003314001596,513100,0.006628003314001596,513100,0.006628003314001596,513100,0.006628003314001596,513100,0,0,0,0
2023-12-27,0.003292181069958877,513100,0.003292181069958877,513100,0.003292181069958877,513100,0.003292181069958877,513100,0.003292181069958877,513100,0.003292181069958877,513100,0.003292181069958877,513100,0,0,0,0
2023-12-28,-0.0024610336341264194,513100,-0.0024610336341264194,513100,-0.0024610336341264194,513100,-0.0024610336341264194,513100,-0.0024610336341263084,513100,-0.0024610336341264194,513100,-0.0024610336341264194,513100,0,0,0,0
2023-12-29,-0.002467105263157743,513100,-0.002467105263157854,513100,-0.002467105263157854,513100,-0.002467105263157854,513100,-0.002467105263157743,513100,-0.002467105263157743,513100,-0.002467105263157854,513100,0,0,0,0
2024-01-02,-0.002473206924979654,513100,-0.002473206924979432,513100,-0.002473206924979432,513100,-0.002473206924979543,513100,-0.002473206924979543,513100,-0.002473206924979654,513100,-0.002473206924979543,513100,0,0,0,0
2024-01-03,-0.015702479338843167,513100,-0.015702479338843056,513100,-0.015702479338843056,513100,-0.015702479338843056,513100,-0.015702479338843167,513100,-0.015702479338843056,513100,-0.015702479338843056,513100,0,0,0,0
2024-01-04,-0.005037783375315019,513100,-0.005037783375314908,513100,-0.005037783375314908,513100,-0.005037783375314908,513100,-0.005037783375314908,513100,-0.005037783375315019,513100,-0.005037783375314908,513100,0,0,0,0
2024-01-05,-0.007594936708860911,513100,-0.007594936708860911,513100,-0.007594936708860911,513100,-0.007594936708860911,513100,-0.0075949367088608,513100,-0.007594936708860911,513100,-0.007594936708860911,513100,0,0,0,0
2024-01-08,0.0025510204081633514,513100,0.0025510204081633514,513100,0.0025510204081633514,513100,0.0025510204081633514,513100,0.0025510204081633514,513100,0.0025510204081633514,513100,0.0025510204081633514,513100,0,0,0,0
2024-01-09,0.025445292620865256,513100,0.025445292620865256,513100,0.025445292620865256,513100,0.025445292620865256,513100,0.025445292620865256,513100,0.025445292620865256,513100,0.025445292620865256,513100,0,0,0,0
2024-01-10,0.0,513100,0.0,513100,0.0,513100,0.0,513100,0.0,513100,0.0,513100,0.0,513100,0,0,0,0
2024-01-11,0.011579818031431044,513100,0.011579818031431044,513100,0.011579818031431044,513100,0.011579818031431044,513100,0.011579818031431044,513100,0.011579818031431044,513100,0.011579818031431044,513100,0,0,0,0
2024-01-12,-0.003270645952575646,513100,-0.003270645952575535,513100,-0.003270645952575646,513100,-0.003270645952575646,513100,-0.003270645952575646,513100,-0.003270645952575646,513100,-0.003270645952575646,513100,0,0,0,0
2024-01-15,0.00656275635767023,513100,0.00656275635767023,513100,0.00656275635767023,513100,0.00656275635767023,513100,0.00656275635767023,513100,0.00656275635767023,513100,0.00656275635767023,513100,0,0,0,0
2024-01-16,-0.009779951100244544,513100,-0.009779951100244544,513100,-0.009779951100244544,513100,-0.009779951100244433,513100,-0.009779951100244544,513100,-0.009977995110024507,518880,-0.009779951100244655,513100,0,0,0,0
2024-01-17,-0.0008230452674898858,513100,-0.0008230452674897748,513100,-0.0008230452674897748,513100,-0.0008230452674897748,513100,-0.0008230452674897748,513100,-0.009835364549925063,518880,-0.0008230452674897748,513100,0,0,0,0
2024-01-18,0.0024711696869852418,513100,0.0024711696869852418,513100,0.0024711696869852418,513100,0.0024711696869852418,513100,0.0024711696869852418,513100,-0.00323904124379204,518880,0.0024711696869852418,513100,0,0,0,0
2024-01-19,0.020542317173377178,513100,0.020542317173377178,513100,0.020542317173377178,513100,0.020542317173377178,513100,0.020542317173377178,513100,0.005648050259965398,513100,0.020542317173377178,513100,0,0,0,0
2024-01-22,0.030389694041868198,513120,0.030389694041867976,513120,0.030389694041867976,513120,0.030389694041868198,513120,0.030389694041868198,513120,0.030389694041868198,513120,0.030389694041867976,159915,1,1,1,1
2024-01-23,0.02552552552552556,513120,0.02552552552552556,513120,0.02552552552552556,513120,0.02552552552552556,513120,0.02552552552552556,513120,0.02552552552552556,513120,0.011706715958102132,159915,0,0,0,0
2024-01-24,0.007320644216690875,513120,0.007320644216690875,513120,0.007320644216690875,513120,0.007320644216690875,513120,0.007320644216690875,513120,0.007320644216690875,513120,0.004872107186357999,159915,0,0,0,0
2024-01-25,0.026162790697674465,513120,0.026162790697674465,513120,0.026162790697674465,513120,0.026162790697674465,513120,0.026162790697674465,513120,0.026162790697674465,513120,0.015151515151515138,159915,0,0,0,0
2024-01-26,-0.0764872521246458,513120,-0.07648725212464591,513120,-0.07648725212464591,513120,-0.07648725212464591,513120,-0.0764872521246458,513120,-0.0764872521246458,513120,-0.02268656716417905,159915,0,0,0,0
2024-01-29,-0.00019999999999997797,513100,-0.00019999999999986695,513100,-0.00019999999999997797,513100,-0.00019999999999997797,513100,-0.00019999999999997797,513100,-0.00019999999999997797,513100,-0.035012828344532565,513100,0,0,0,0
2024-01-30,0.01572327044025168,513100,0.01572327044025168,513100,0.01572327044025168,513100,0.01572327044025168,513100,0.01572327044025168,513100,0.01572327044025168,513100,0.01572327044025168,513100,0,0,0,0
2024-01-31,-0.021867492260061905,513120,-0.021867492260061905,513120,-0.021867492260062016,513120,-0.021867492260061905,159915,-0.021867492260062016,513120,-0.021867492260061905,159915,-0.021867492260061905,513120,1,1,1,1
2024-02-01,0.02610114192495927,513120,0.02610114192495927,513120,0.02610114192495927,513120,0.009784735812133238,159915,0.02610114192495927,513120,0.009784735812133238,159915,0.02610114192495927,513120,0,0,0,0
2024-02-02,-0.04769475357710651,513120,-0.04769475357710651,513120,-0.04769475357710651,513120,-0.025839793281653756,159915,-0.04769475357710651,513120,-0.025839793281653867,159915,-0.04769475357710651,513120,0,0,0,0
2024-02-05,-0.0116861435726211,513120,-0.011686143572620988,513120,-0.0116861435726211,513120,0.012599469496021198,159915,-0.0116861435726211,513120,0.012599469496021198,159915,-0.011686143572620988,513120,0,0,0,0
2024-02-06,0.07432432432432434,513120,0.07432432432432434,513120,0.07432432432432434,513120,0.06286836935167006,159915,0.07432432432432434,513120,0.06286836935167006,159915,0.07432432432432434,513120,0,0,0,0
2024-02-07,-0.004916037735849255,513100,-0.004916037735849033,513100,-0.004916037735849033,513100,0.02259272951324709,513100,-0.004916037735849033,513100,0.02259272951324709,513100,-0.004916037735849144,513100,0,0,0,0
2024-02-08,0.022673964034402028,513100,0.022673964034402028,513100,0.022673964034402028,513100,0.022673964034402028,513100,0.022673964034402028,513100,0.022673964034402028,513100,0.022673964034402028,513100,0,0,0,0
2024-02-19,-0.005351681957186494,513100,-0.005351681957186494,513100,-0.005351681957186605,513100,-0.005351681957186494,513100,-0.005351681957186605,513100,-0.005351681957186605,513100,-0.005351681957186605,513100,0,0,0,0
2024-02-20,-0.001537279016141313,513100,-0.001537279016141535,513100,-0.001537279016141424,513100,-0.001537279016141424,513100,-0.001537279016141424,513100,-0.001537279016141424,513100,-0.001537279016141313,513100,0,0,0,0
2024-02-21,-0.013086989992301734,513100,-0.013086989992301845,513100,-0.013086989992301734,513100,-0.013086989992301734,513100,-0.013086989992301734,513100,-0.013086989992301845,513100,-0.013086989992301734,513100,0,0,0,0
2024-02-22,0.01716068642745716,513100,0.01716068642745716,513100,0.01716068642745716,513100,0.01716068642745716,513100,0.01716068642745716,513100,0.01716068642745716,513100,0.01716068642745716,513100,0,0,0,0
2024-02-23,0.01303680981595079,513100,0.01303680981595079,513100,0.01303680981595079,513100,0.01303680981595079,513100,0.01303680981595079,513100,0.01303680981595079,513100,0.01303680981595079,513100,0,0,0,0
2024-02-26,-0.009841029523088518,513100,-0.009841029523088407,513100,-0.009841029523088629,513100,-0.009841029523088629,513100,-0.009841029523088518,513100,-0.009841029523088407,513100,-0.009841029523088629,513100,0,0,0,0
2024-02-27,-0.0015290519877673159,513100,-0.001529051987767538,513100,-0.001529051987767427,513100,-0.001529051987767427,513100,-0.001529051987767427,513100,-0.001529051987767427,513100,-0.0015290519877673159,513100,0,0,0,0
2024-02-28,0.0022970903522203656,513100,0.0022970903522203656,513100,0.0022970903522203656,513100,0.0022970903522203656,513100,0.0022970903522203656,513100,0.0022970903522203656,513100,0.0022970903522203656,513100,0,0,0,0
2024-02-29,-0.006875477463712643,513100,-0.006875477463712643,513100,-0.006875477463712643,513100,-0.006875477463712754,513100,-0.006875477463712643,513100,-0.006875477463712643,513100,-0.006875477463712643,513100,0,0,0,0
2024-03-01,0.016153846153846185,513100,0.016153846153846185,513100,0.016153846153846185,513100,0.016153846153846185,513100,0.016153846153846185,513100,0.016153846153846185,513100,0.016153846153846185,513100,0,0,0,0
2024-03-04,0.01362604087812258,513100,0.01362604087812258,513100,0.01362604087812258,513100,0.01362604087812258,513100,0.01362604087812258,513100,0.01362604087812258,513100,0.01362604087812258,513100,0,0,0,0
2024-03-05,-0.007468259895444529,513100,-0.007468259895444529,513100,-0.007468259895444529,513100,-0.00746825989544464,513100,-0.007468259895444529,513100,-0.007468259895444529,513100,-0.007468259895444529,513100,0,0,0,0
2024-03-06,-0.003762227238525151,513100,-0.003762227238525151,513100,-0.003762227238525151,513100,-0.003762227238525151,513100,-0.003762227238525151,513100,-0.003961474793077402,518880,-0.003961474793077291,518880,0,0,0,0
2024-03-07,-0.006797583081571079,513100,-0.006797583081571079,513100,-0.006797583081571079,513100,-0.006797583081571079,513100,-0.006797583081571079,513100,0.012645107794361454,518880,0.012645107794361454,518880,0,0,0,0
2024-03-08,0.016730038022813698,513100,0.016730038022813698,513100,0.016730038022813698,513100,0.016730038022813698,513100,0.016730038022813698,513100,-0.0008188331627430046,518880,-0.0008188331627430046,518880,0,0,0,0
2024-03-11,-0.01515587135377705,513120,-0.015155871353777162,513120,-0.01515587135377705,513120,-0.01515587135377705,513120,-0.015155871353777162,513120,0.003487031346035563,513120,0.003487031346035563,513120,0,0,0,0
2024-03-12,0.03609022556390973,513120,0.03609022556390973,513120,0.03609022556390973,513120,0.03609022556390973,513120,0.03609022556390973,513120,0.03609022556390973,513120,0.03609022556390973,513120,0,0,0,0
2024-03-13,-0.008708272859215938,513120,-0.008708272859215938,513120,-0.008708272859215827,513120,-0.008708272859215827,513120,-0.008708272859215938,513120,-0.008708272859215938,513120,-0.008708272859215938,513120,0,0,0,0
2024-03-14,0.0234260614934112,513120,0.0234260614934112,513120,0.0234260614934112,513120,0.0234260614934112,513120,0.0234260614934112,513120,0.0234260614934112,513120,0.0234260614934112,513120,0,0,0,0
2024-03-15,-0.0028612303290415086,513120,-0.0028612303290415086,513120,-0.0028612303290413976,513120,-0.0028612303290415086,513120,-0.0028612303290415086,513120,-0.0028612303290415086,513120,-0.0028612303290415086,513120,0,0,0,0
2024-03-18,0.0057388809182210565,513120,0.0057388809182210565,513120,0.0057388809182210565,513120,0.0055377331420374265,512400,0.0057388809182210565,513120,0.0055377331420374265,512400,0.0055377331420374265,512400,0,0,0,0
2024-03-19,-0.03708987161198263,513120,-0.03708987161198263,513120,-0.03708987161198263,513120,-0.0069619323671495925,518880,-0.03708987161198263,513120,-0.0069619323671494815,518880,-0.0069619323671497035,518880,0,0,0,0
2024-03-20,0.004243555555555778,518880,0.004444444444444473,513120,0.004444444444444473,513120,0.002053388090349051,518880,0.004444444444444473,513120,0.002053388090349051,518880,0.002053388090349051,518880,0,0,0,0
2024-03-21,0.020081967213114726,518880,-0.0075731563421829184,518880,-0.0075731563421830295,518880,0.020081967213114726,518880,-0.0075731563421829184,518880,0.020081967213114726,518880,0.020081967213114726,518880,0,0,0,0
2024-03-22,-0.006428284451586941,518880,-0.006428284451586941,518880,-0.006428284451587052,518880,-0.006428284451586941,518880,-0.006428284451586941,518880,-0.006428284451586941,518880,-0.006428284451586941,518880,0,0,0,0
2024-03-25,0.002021835826931051,518880,0.002021835826931051,518880,0.002021835826931051,518880,0.002021835826931051,518880,0.002021835826931051,518880,0.002021835826931051,518880,0.002021835826931051,518880,0,0,0,0
2024-03-26,0.0020177562550443007,518880,0.0020177562550443007,518880,0.0020177562550443007,518880,0.0020177562550443007,518880,0.0020177562550443007,518880,0.0020177562550443007,518880,0.0020177562550443007,518880,0,0,0,0
2024-03-27,0.00483286347160683,518880,0.00483286347160683,518880,0.00483286347160683,518880,0.00483286347160683,518880,0.00483286347160683,518880,0.00483286347160683,518880,0.00483286347160683,518880,0,0,0,0
2024-03-28,0.007815631262525047,518880,0.007815631262525047,518880,0.007815631262525047,518880,0.007815631262525047,518880,0.007815631262525047,518880,0.007815631262525047,518880,0.007815631262525047,518880,0,0,0,0
2024-03-29,0.01928812885265474,518880,0.01928812885265474,518880,0.01928812885265474,518880,0.01928812885265474,518880,0.01928812885265474,518880,0.01928812885265474,518880,0.01928812885265474,518880,0,0,0,0
2024-04-01,0.005657432696059228,518880,0.005657432696059228,518880,0.005657432696059228,518880,0.00545630120952012,512400,0.005657432696059228,518880,0.00545630120952012,512400,0.005456301209519898,512400,0,0,0,0
2024-04-02,0.0007759456838021261,518880,0.0007759456838021261,518880,0.0007759456838021261,518880,0.010107216494845472,518880,0.0007759456838021261,518880,0.010107216494845472,518880,0.010107216494845694,518880,0,0,0,0
2024-04-03,0.01395619306067064,518880,0.01395619306067064,518880,0.01395619306067064,518880,0.01395619306067064,518880,0.01395619306067064,518880,0.01395619306067064,518880,0.01395619306067064,518880,0,0,0,0
2024-04-08,0.023513668514624442,518880,0.023513668514624442,518880,0.023513668514624442,518880,0.023513668514624442,518880,0.023513668514624442,518880,0.023513668514624442,518880,0.023513668514624442,518880,0,0,0,0
2024-04-09,0.0028016436309301618,518880,0.0028016436309301618,518880,0.0028016436309301618,518880,0.0028016436309301618,518880,0.0028016436309301618,518880,0.0028016436309301618,518880,0.0028016436309301618,518880,0,0,0,0
2024-04-10,0.003538834047308592,518880,0.003538834047308592,518880,0.003538834047308592,518880,0.003538834047308592,518880,0.003538834047308592,518880,0.003538834047308592,518880,0.003538834047308592,518880,0,0,0,0
2024-04-11,-0.00742390497401646,518880,-0.007423904974016349,518880,-0.00742390497401646,518880,-0.00742390497401646,518880,-0.00742390497401646,518880,-0.00742390497401646,518880,-0.00742390497401646,518880,0,0,0,0
2024-04-12,0.029169783096484547,518880,0.029169783096484547,518880,0.029169783096484547,518880,0.029169783096484547,518880,0.029169783096484547,518880,0.029169783096484547,518880,0.029169783096484547,518880,0,0,0,0
2024-04-15,-0.01580668604651181,518880,-0.015806686046511698,518880,-0.015806686046511698,518880,-0.015806686046511698,518880,-0.015806686046511698,518880,-0.015806686046511698,518880,-0.01580668604651181,518880,0,0,0,0
2024-04-16,0.006461140852870528,518880,0.006461140852870528,518880,0.006461140852870528,518880,0.006461140852870528,518880,0.006461140852870528,518880,0.006461140852870528,518880,0.006461140852870528,518880,0,0,0,0
2024-04-17,0.0016507703595012302,518880,0.0016507703595012302,518880,0.0016507703595012302,518880,0.0016507703595012302,518880,0.0016507703595012302,518880,0.0016507703595012302,518880,0.0016507703595012302,518880,0,0,0,0
2024-04-18,-0.0029298663248490397,518880,-0.0029298663248489287,518880,-0.0029298663248490397,518880,-0.0029298663248490397,518880,-0.0029298663248490397,518880,-0.0029298663248490397,518880,-0.0029298663248490397,518880,0,0,0,0
2024-04-19,0.004574067952249683,513120,0.004574067952249683,513120,0.004574067952249683,513120,0.004574067952249683,513120,0.004574067952249905,513120,0.004574067952249683,513120,0.004574067952249683,513120,1,1,1,1
2024-04-22,0.03119584055459268,513120,0.03119584055459268,513120,0.03119584055459268,513120,0.03119584055459268,513120,0.03119584055459268,513120,0.03119584055459268,513120,0.03119584055459268,513120,0,0,0,0
2024-04-23,0.025210084033613578,513120,0.025210084033613578,513120,0.025210084033613578,513120,0.025210084033613578,513120,0.025210084033613578,513120,0.025210084033613578,513120,0.025210084033613578,513120,0,0,0,0
2024-04-24,0.021311475409836023,513120,0.021311475409836023,513120,0.021311475409836023,513120,0.021311475409836023,513120,0.021311475409836023,513120,0.021311475409836023,513120,0.021311475409836023,513120,0,0,0,0
2024-04-25,0.014446227929374,513120,0.014446227929374,513120,0.014446227929374,513120,0.014446227929374,513120,0.014446227929374,513120,0.014446227929374,513120,0.014446227929374,513120,0,0,0,0
2024-04-26,0.018783544303797584,518880,0.018783544303797584,518880,0.018783544303797584,518880,0.018783544303797584,512890,0.018783544303797584,518880,0.018783544303797584,512890,0.018783544303797584,510300,0,0,0,0
2024-04-29,-0.006567836367048274,518880,-0.006567836367048274,518880,-0.006567836367048274,518880,-0.002887391722810273,512890,-0.006567836367048163,518880,-0.002887391722810273,512890,0.012034704729918966,510300,0,0,0,0
2024-04-30,-0.001511144692104116,518880,-0.001511144692104227,518880,-0.001511144692104227,518880,0.0038610038610038533,512890,-0.001511144692104227,518880,0.0038610038610038533,512890,-0.004977876106194601,510300,0,0,0,0
2024-05-06,-0.006053726825576922,518880,-0.006053726825576922,518880,-0.006053726825576922,518880,0.006730769230769207,512890,-0.006053726825576922,518880,0.006730769230769207,512890,0.013693829905503385,513120,0,0,0,0
2024-05-07,0.0026646364674534073,518880,0.0026646364674534073,518880,0.0026646364674534073,518880,0.0009551098376314737,512890,0.0026646364674534073,518880,0.0007549188156639186,513120,-0.013313609467455634,513120,0,0,0,0
2024-05-08,-0.001528511769172236,513120,-0.001528511769172125,513120,-0.001528511769172014,513120,0.0045700381679387725,513120,-0.001528511769172014,513120,-0.0029985007496251548,513120,-0.0029985007496251548,513120,0,0,0,0
2024-05-09,0.03609022556390973,513120,0.03609022556390973,513120,0.03609022556390973,513120,0.03609022556390973,513120,0.03609022556390973,513120,0.03609022556390973,513120,0.03609022556390973,513120,0,0,0,0
2024-05-10,0.010159651669085612,513120,0.010159651669085612,513120,0.010159651669085612,513120,0.010159651669085612,513120,0.010159651669085612,513120,0.010159651669085612,513120,0.010159651669085612,513120,0,0,0,0
2024-05-13,-0.010057471264367956,513120,-0.010057471264367956,513120,-0.010057471264367956,513120,-0.010057471264367956,513120,-0.010057471264368067,513120,-0.010057471264367956,513120,-0.010057471264367956,513120,0,0,0,0
2024-05-14,0.004354136429608024,513120,0.004354136429608024,513120,0.004354136429608024,513120,0.004354136429608024,513120,0.004354136429608024,513120,0.004354136429608024,513120,0.004354136429608024,513120,0,0,0,0
2024-05-15,-0.01878612716762984,513120,-0.01878612716762984,513120,-0.01878612716762984,513120,-0.01878612716762984,513120,-0.01878612716762995,513120,-0.01878612716762984,513120,-0.01878612716762984,513120,0,0,0,0
2024-05-16,0.01178203240058906,513120,0.01178203240058906,513120,0.01178203240058906,513120,0.01178203240058906,513120,0.01178203240058906,513120,0.01178203240058906,513120,0.01178203240058906,513120,0,0,0,0
2024-05-17,0.0,513120,0.0,513120,0.0,513120,0.0,513120,0.0,513120,0.0,513120,0.0,513120,0,0,0,0
2024-05-20,0.007278020378456818,513120,0.007278020378456818,513120,0.007278020378456818,513120,0.007278020378456818,513120,0.007278020378456818,513120,0.007278020378456818,513120,0.007278020378456818,513120,0,0,0,0
2024-05-21,-0.034682080924855474,513120,-0.034682080924855474,513120,-0.034682080924855474,513120,-0.034875144508670575,513100,-0.03468208092485536,513120,-0.03487514450867035,513100,-0.03487514450867035,513100,0,0,0,0
2024-05-22,-0.0014970059880238251,513120,-0.0014970059880238251,513120,-0.0014970059880238251,513120,0.003665689149560114,513100,-0.001497005988023714,513120,0.003665689149560114,513100,0.003665689149560114,513100,0,0,0,0
2024-05-23,-0.020989505247376417,513120,-0.020989505247376417,513120,-0.020989505247376417,513120,0.008765522279035709,513100,-0.020989505247376306,513120,0.008765522279035709,513100,0.008765522279035709,513100,0,0,0,0
2024-05-24,-0.040008269525268036,513100,-0.04000826952526815,513100,-0.040008269525268036,513100,-0.016851267197682707,513120,-0.040008269525268036,513100,-0.016851267197682707,513120,-0.016851267197682596,513120,1,1,1,0
2024-05-27,0.01178203240058906,513100,0.01178203240058906,513100,0.01178203240058906,513100,0.012759170653907415,513120,0.01178203240058906,513100,0.012759170653907415,513120,0.012759170653907415,513120,0,0,0,0
2024-05-28,0.004366812227074135,513100,0.004366812227074135,513100,0.004366812227074135,513100,0.0015748031496063408,513120,0.004366812227074135,513100,0.0015748031496063408,513120,0.0015748031496063408,513120,0,0,0,0
2024-05-29,-0.004347826086956386,513100,-0.004347826086956386,513100,-0.004347826086956386,513100,-0.02515723270440262,513120,-0.004347826086956497,513100,-0.02515723270440262,513120,-0.02515723270440262,513120,0,0,0,0
2024-05-30,-0.01091703056768567,513100,-0.010917030567685782,513100,-0.01091703056768567,513100,-0.004838709677419506,513120,-0.01091703056768567,513100,-0.004838709677419617,513120,-0.004838709677419506,513120,0,0,0,0
2024-05-31,-0.004415011037527616,513100,-0.004415011037527616,513100,-0.004415011037527616,513100,0.01600421393841156,513100,-0.004415011037527505,513100,0.01600421393841156,513100,0.01600421393841156,512890,0,0,0,0
2024-06-03,0.0044345898004434225,513100,0.0044345898004434225,513100,0.0044345898004434225,513100,0.0044345898004434225,513100,0.0044345898004434225,513100,0.0044345898004434225,513100,-0.012903225806451646,512890,0,0,0,0
2024-06-04,-0.0029433406916850036,513100,-0.0029433406916852256,513100,-0.0029433406916851146,513100,-0.0029433406916851146,513100,-0.0029433406916851146,513100,-0.0029433406916851146,513100,0.004668534080298992,512890,0,0,0,0
2024-06-05,0.00811808118081192,513100,0.00811808118081192,513100,0.00811808118081192,513100,0.00811808118081192,513100,0.00811808118081192,513100,0.00811808118081192,513100,-0.015066914498141237,513100,0,0,0,0
2024-06-06,0.019765739385065872,513100,0.019765739385065872,513100,0.019765739385065872,513100,0.019765739385065872,513100,0.019765739385065872,513100,0.019765739385065872,513100,0.019765739385065872,513100,0,0,0,0
2024-06-07,0.00071787508973431,513100,0.00071787508973431,513100,0.00071787508973431,513100,0.00071787508973431,513100,0.00071787508973431,513100,0.00071787508973431,513100,0.00071787508973431,513100,0,0,0,0
2024-06-11,0.0007173601147776321,513100,0.0007173601147776321,513100,0.0007173601147776321,513100,0.0007173601147776321,513100,0.0007173601147776321,513100,0.0007173601147776321,513100,0.0007173601147776321,513100,0,0,0,0
2024-06-12,0.009318996415770497,513100,0.009318996415770497,513100,0.009318996415770497,513100,0.009318996415770497,513100,0.009318996415770497,513100,0.009318996415770497,513100,0.009318996415770497,513100,0,0,0,0
2024-06-13,0.019886363636363757,513100,0.019886363636363757,513100,0.019886363636363757,513100,0.019886363636363757,513100,0.019886363636363757,513100,0.019886363636363757,513100,0.019886363636363757,513100,0,0,0,0
2024-06-14,-0.0006963788300834439,513100,-0.0006963788300834439,513100,-0.0006963788300834439,513100,-0.0006963788300835549,513100,-0.0006963788300835549,513100,-0.0006963788300834439,513100,-0.0006963788300833329,513100,0,0,0,0
2024-06-17,0.004181184668989646,513100,0.004181184668989646,513100,0.004181184668989646,513100,0.004181184668989646,513100,0.004181184668989646,513100,0.004181184668989646,513100,0.004181184668989646,513100,0,0,0,0
2024-06-18,0.013185287994448291,513100,0.013185287994448291,513100,0.013185287994448291,513100,0.013185287994448291,513100,0.013185287994448291,513100,0.013185287994448291,513100,0.013185287994448291,513100,0,0,0,0
2024-06-19,0.00136986301369868,513100,0.00136986301369868,513100,0.00136986301369868,513100,0.00136986301369868,513100,0.00136986301369868,513100,0.00136986301369868,513100,0.00136986301369868,513100,0,0,0,0
2024-06-20,0.0068399452804377425,513100,0.0068399452804377425,513100,0.0068399452804377425,513100,0.0068399452804377425,513100,0.0068399452804377425,513100,0.0068399452804377425,513100,0.0068399452804377425,513100,0,0,0,0
2024-06-21,-0.014945652173912971,513100,-0.014945652173912971,513100,-0.014945652173912971,513100,-0.014945652173912971,513100,-0.014945652173913082,513100,-0.014945652173913082,513100,-0.014945652173912971,513100,0,0,0,0
2024-06-24,-0.004137931034482789,513100,-0.004137931034482789,513100,-0.004137931034482789,513100,-0.004137931034482789,513100,-0.0041379310344829,513100,-0.0041379310344829,513100,-0.004137931034482678,513100,0,0,0,0
2024-06-25,-0.010387811634348987,513100,-0.010387811634348987,513100,-0.010387811634348987,513100,-0.010387811634348987,513100,-0.010387811634348987,513100,-0.010387811634349098,513100,-0.010387811634348987,513100,0,0,0,0
2024-06-26,0.018894331700489708,513100,0.018894331700489708,513100,0.018894331700489708,513100,0.018894331700489708,513100,0.018894331700489708,513100,0.018894331700489708,513100,0.018894331700489708,513100,0,0,0,0
2024-06-27,-0.0006868131868129623,513100,-0.0006868131868129623,513100,-0.0006868131868129623,513100,-0.0006868131868129623,513100,-0.0006868131868129623,513100,-0.0006868131868130734,513100,-0.0006868131868129623,513100,0,0,0,0
2024-06-28,0.013745704467353903,513100,0.013745704467353903,513100,0.013745704467353903,513100,0.013745704467353903,513100,0.013745704467353903,513100,0.013745704467353903,513100,0.013745704467353903,513100,0,0,0,0
2024-07-01,-0.0013559322033898091,513100,-0.0013559322033896981,513100,-0.0013559322033898091,513100,-0.0013559322033898091,513100,-0.0013559322033896981,513100,-0.0013559322033896981,513100,-0.0013559322033899202,513100,0,0,0,0
2024-07-02,0.0006788866259332949,513100,0.0006788866259332949,513100,0.0006788866259332949,513100,0.0006788866259332949,513100,0.0006788866259332949,513100,0.0006788866259332949,513100,0.0006788866259332949,513100,0,0,0,0
2024-07-03,0.01831750339213012,513100,0.01831750339213012,513100,0.01831750339213012,513100,0.01831750339213012,513100,0.01831750339213012,513100,0.01831750339213012,513100,0.01831750339213012,513100,0,0,0,0
2024-07-04,0.005996002664890199,513100,0.005996002664890199,513100,0.005996002664890199,513100,0.005996002664890199,513100,0.005996002664890199,513100,0.005996002664890199,513100,0.005996002664890199,513100,0,0,0,0
2024-07-05,0.012582781456953684,513100,0.012582781456953684,513100,0.012582781456953684,513100,0.012582781456953684,513100,0.012582781456953684,513100,0.012582781456953684,513100,0.012582781456953684,513100,0,0,0,0
2024-07-08,0.01504251144538915,513100,0.01504251144538915,513100,0.01504251144538915,513100,0.01504251144538915,513100,0.01504251144538915,513100,0.01504251144538915,513100,0.01504251144538915,513100,0,0,0,0
2024-07-09,0.010309278350515427,513100,0.010309278350515427,513100,0.010309278350515427,513100,0.010309278350515427,513100,0.010309278350515427,513100,0.010309278350515427,513100,0.010309278350515427,513100,0,0,0,0
2024-07-10,-0.012755102040816202,513100,-0.012755102040816313,513100,-0.012755102040816202,513100,-0.012755102040816313,513100,-0.012755102040816202,513100,-0.012755102040816202,513100,-0.012755102040816424,513100,0,0,0,0
2024-07-11,0.004521963824289266,513100,0.004521963824289266,513100,0.004521963824289266,513100,0.004521963824289266,513100,0.004521963824289266,513100,0.004521963824289266,513100,0.004521963824289266,513100,0,0,0,0
2024-07-12,-0.04070636655948556,518880,-0.04070636655948545,518880,-0.04070636655948534,518880,-0.040706366559485674,512400,-0.04070636655948545,518880,-0.040706366559485674,512400,-0.04070636655948556,512400,0,0,0,0
2024-07-15,-0.0007344840249724482,518880,-0.0007344840249724482,518880,-0.0007344840249724482,518880,0.006588166828322084,513100,-0.0007344840249724482,518880,0.00678952473326877,512400,0.00678952473326877,512400,0,0,0,0
2024-07-16,0.011576626240352716,518880,0.011576626240352716,518880,0.011576626240352716,518880,-0.0019493177387914784,513100,0.011576626240352716,518880,0.00867052023121384,512400,0.00867052023121384,512400,0,0,0,0
2024-07-17,0.012897366030880875,518880,0.012897366030880875,518880,0.012897366030880875,518880,-0.00911458333333337,513100,0.012897366030880875,518880,-0.025982808022922632,513100,-0.025787965616045683,512400,0,0,0,0
2024-07-18,-0.0005380200860830575,518880,-0.0005380200860830575,518880,-0.0005380200860831685,518880,-0.017739816031537292,513100,-0.0005380200860831685,518880,-0.017739816031537292,513100,-0.0009803921568628526,512400,0,0,0,0
2024-07-19,-0.026556612237574106,518880,-0.026556612237574106,518880,-0.026556612237574106,518880,-0.016053511705685697,513100,-0.026556612237573995,518880,-0.016053511705685697,513100,-0.016879685966633806,510300,0,0,0,0
2024-07-22,-0.0007373271889400401,518880,-0.0007373271889400401,518880,-0.0007373271889400401,518880,-0.005438477226376581,513100,-0.0007373271889401511,518880,-0.00543847722637647,513100,-0.008055555555555483,510300,0,0,0,0
2024-07-23,-0.004980630879911407,518880,-0.004980630879911518,518880,-0.004980630879911518,518880,0.009569377990430672,513100,-0.004980630879911518,518880,0.009569377990430672,513100,-0.019602352282274027,510300,0,0,0,0
2024-07-24,0.01316277345198369,518880,0.01316277345198369,518880,0.01316277345198369,518880,-0.01983046716316872,518880,0.01316277345198369,518880,-0.01983046716316872,518880,-0.006482662096543801,513120,0,0,0,0
2024-07-25,-0.025251601097895704,518880,-0.025251601097895704,518880,-0.025251601097895704,518880,-0.025446550777676102,513120,-0.025251601097895704,518880,-0.02544655077767599,513120,-0.011290322580645329,513120,0,0,0,0
2024-07-26,0.004317627182278905,518880,0.004317627182278905,518880,0.004317627182278905,518880,0.00815660685154973,513120,0.004317627182278905,518880,0.00815660685154973,513120,0.00815660685154973,513120,0,0,0,0
2024-07-29,0.006915887850467373,518880,0.006915887850467373,518880,0.006915887850467373,518880,-0.0016181229773463146,513120,0.006915887850467373,518880,-0.0016181229773463146,513120,-0.0016181229773463146,513120,0,0,0,0
2024-07-30,0.0012994245405606453,518880,0.0012994245405606453,518880,0.0012994245405606453,518880,-0.014586709886547977,513120,0.0012994245405606453,518880,-0.014586709886547977,513120,-0.014783792544570629,518880,0,0,0,0
2024-07-31,0.007786429365962189,518880,0.007786429365962189,518880,0.007786429365962189,518880,0.034332565789473524,588080,0.007786429365962189,518880,0.034332565789473746,588080,0.007786429365962189,518880,0,0,0,0
2024-08-01,0.008094186902134037,518880,0.008094186902134037,518880,0.008094186902134037,518880,-0.006751769331585833,513120,0.008094186902134037,518880,-0.006751769331585944,513120,0.008094186902134037,518880,0,0,0,0
2024-08-02,0.0045620437956204185,518880,0.0045620437956204185,518880,0.0045620437956204185,518880,-0.0031948881789137795,513120,0.0045620437956204185,518880,-0.0031948881789137795,513120,0.0045620437956204185,518880,0,0,0,0
2024-08-05,-0.025444722979109935,513120,-0.025444722979109935,513120,-0.025444722979109824,513120,-0.011217948717948678,513120,-0.025444722979109824,513120,-0.011217948717948678,513120,-0.025444722979109935,513120,0,0,0,0
2024-08-06,0.034035656401944836,513120,0.034035656401944836,513120,0.034035656401944836,513120,0.034035656401944836,513120,0.034035656401944836,513120,0.034035656401944836,513120,0.034035656401944836,513120,0,0,0,0
2024-08-07,0.004702194357366851,513120,0.004702194357366851,513120,0.004702194357366851,513120,0.004702194357366851,513120,0.004702194357366851,513120,0.004702194357366851,513120,0.004702194357366851,513120,0,0,0,0
2024-08-08,0.006240249609984483,513120,0.006240249609984483,513120,0.006240249609984483,513120,0.006240249609984483,513120,0.006240249609984483,513120,0.006240249609984483,513120,0.006240249609984483,513120,0,0,0,0
2024-08-09,0.0,513120,0.0,513120,0.0,513120,0.0,513120,0.0,513120,0.0,513120,0.0,513120,0,0,0,0
2024-08-12,0.013953488372093092,513120,0.013953488372093092,513120,0.013953488372093092,513120,0.013953488372093092,513120,0.013953488372093092,513120,0.013953488372093092,513120,0.013953488372093092,513120,0,0,0,0
2024-08-13,0.0,513120,0.0,513120,0.0,513120,0.0,513120,0.0,513120,0.0,513120,0.0,513120,0,0,0,0
2024-08-14,-0.021406727828746197,513120,-0.021406727828746197,513120,-0.021406727828746086,513120,-0.021406727828746308,513120,-0.021406727828746086,513120,-0.021406727828746308,513120,-0.021406727828746197,513120,0,0,0,0
2024-08-15,0.012499999999999956,513120,0.012499999999999956,513120,0.012499999999999956,513120,0.012499999999999956,513120,0.012499999999999956,513120,0.012499999999999956,513120,0.012499999999999956,513120,0,0,0,0
2024-08-16,0.0185185185185186,513120,0.0185185185185186,513120,0.0185185185185186,513120,0.0185185185185186,513120,0.0185185185185186,513120,0.0185185185185186,513120,0.0185185185185186,513120,0,0,0,0
2024-08-19,-0.0015151515151514694,513120,-0.0015151515151515804,513120,-0.0015151515151515804,513120,-0.0015151515151514694,513120,-0.0015151515151514694,513120,-0.0015151515151515804,513120,-0.0015151515151513584,513120,0,0,0,0
2024-08-20,-0.009104704097116834,513120,-0.009104704097116834,513120,-0.009104704097116723,513120,-0.009104704097116723,513120,-0.009104704097116834,513120,-0.009104704097116834,513120,-0.009104704097116834,513120,0,0,0,0
2024-08-21,-0.007656967840735218,513120,-0.007656967840735329,513120,-0.007656967840735218,513120,-0.007656967840735329,513120,-0.007656967840735218,513120,-0.007656967840735218,513120,-0.007656967840735218,513120,0,0,0,0
2024-08-22,-0.015432098765432167,513120,-0.015432098765432167,513120,-0.015432098765432167,513120,-0.015432098765432167,513120,-0.015432098765432167,513120,-0.015432098765432278,513120,-0.015432098765432167,513120,0,0,0,0
2024-08-23,-0.02370626959247646,518880,-0.023510971786833812,513120,-0.023510971786833812,513120,-0.02370626959247657,518880,-0.0235109717868337,513120,-0.02370626959247646,518880,-0.023706269592476348,518880,0,0,0,0
2024-08-26,0.006177325581395499,518880,0.022471910112359605,513120,0.022471910112359605,513120,0.006177325581395499,518880,0.022471910112359605,513120,0.006177325581395499,518880,0.006177325581395499,518880,0,0,0,0
2024-08-27,-0.0007222824124234473,518880,0.0047095761381474865,513120,0.0047095761381474865,513120,-0.0007222824124233362,518880,0.0047095761381474865,513120,-0.0007222824124234473,518880,-0.0007222824124234473,518880,0,0,0,0
2024-08-28,-0.0010842067220818707,518880,0.0015624999999999112,513120,0.0015624999999999112,513120,-0.0010842067220819818,518880,0.0015624999999999112,513120,-0.0010842067220818707,518880,-0.0010842067220818707,518880,0,0,0,0
2024-08-29,0.0012662807525327668,518880,0.010920436817472678,513120,0.010920436817472678,513120,0.0012662807525327668,518880,0.010920436817472678,513120,0.0012662807525327668,518880,0.0012662807525327668,518880,0,0,0,0
2024-08-30,-0.0023486901535682003,518880,0.007716049382715973,513120,0.007716049382715973,513120,-0.0023486901535680893,518880,0.007716049382715973,513120,-0.0023486901535682003,518880,-0.0023486901535682003,518880,0,0,0,0
2024-09-02,-0.005812785222745531,513100,-0.02010413476263384,513100,-0.02010413476263384,513100,-0.005812785222745531,513100,-0.02010413476263395,513100,-0.00581278522274542,513100,-0.005812785222745531,513100,0,0,0,0
2024-09-03,0.0013995801259623075,513100,0.0013995801259623075,513100,0.0013995801259623075,513100,0.0013995801259623075,513100,0.0013995801259623075,513100,0.0013995801259623075,513100,0.0013995801259623075,513100,0,0,0,0
2024-09-04,-0.05260041928721171,518880,-0.0526004192872116,518880,-0.0526004192872116,518880,-0.0526004192872116,518880,-0.0526004192872116,518880,-0.05260041928721171,518880,-0.0526004192872116,513120,0,0,0,0
2024-09-05,0.007138934651290452,518880,0.007138934651290452,518880,0.007138934651290452,518880,0.007138934651290452,518880,0.007138934651290452,518880,0.007138934651290452,518880,0.004680187207488196,513120,0,0,0,0
2024-09-06,0.0027262813522357376,518880,0.0027262813522357376,518880,0.0027262813522357376,518880,0.0027262813522357376,518880,0.0027262813522357376,518880,0.0027262813522357376,518880,-0.014172360248447147,518880,0,0,0,0
2024-09-09,-0.007250317201377587,518880,-0.0072503172013778094,518880,-0.007250317201377698,518880,-0.007250317201377698,518880,-0.007250317201377698,518880,-0.007250317201377587,518880,-0.007250317201377698,518880,0,0,0,0
2024-09-10,0.006572941391272513,518880,0.006572941391272513,518880,0.006572941391272513,518880,0.006572941391272513,518880,0.006572941391272513,518880,0.006572941391272513,518880,0.006572941391272513,518880,0,0,0,0
2024-09-11,0.005260293850897879,518880,0.005260293850897879,518880,0.005260293850897879,518880,0.005260293850897879,518880,0.005260293850897879,518880,0.005260293850897879,518880,0.005260293850897879,518880,0,0,0,0
2024-09-12,-0.001984843016961557,518880,-0.001984843016961446,518880,-0.001984843016961446,518880,-0.001984843016961335,518880,-0.001984843016961446,518880,-0.001984843016961446,518880,-0.001984843016961446,518880,0,0,0,0
2024-09-13,0.014463930573133332,518880,0.014463930573133332,518880,0.014463930573133332,518880,0.014463930573133332,518880,0.014463930573133332,518880,0.014463930573133332,518880,0.014463930573133332,518880,0,0,0,0
2024-09-18,-0.0003564427018356575,518880,-0.0003564427018356575,518880,-0.0003564427018356575,518880,-0.0003564427018356575,518880,-0.0003564427018356575,518880,-0.0003564427018356575,518880,-0.00035644270183576854,518880,0,0,0,0
2024-09-19,-0.0016045640934213568,518880,-0.0016045640934213568,518880,-0.0016045640934213568,518880,-0.0016045640934213568,518880,-0.0016045640934213568,518880,-0.0018042431806026826,513120,-0.0018042431806025716,513120,0,0,0,0
2024-09-20,0.011047750000000356,513120,0.011250000000000204,518880,0.011250000000000204,518880,0.011250000000000204,518880,0.011250000000000204,518880,0.007418397626112849,513120,0.007418397626112849,513120,0,0,0,0
2024-09-23,-0.0014727540500735214,513120,0.008476072752957808,518880,0.008476072752957808,518880,0.008476072752957808,518880,0.008476072752957808,518880,-0.0014727540500735214,513120,-0.0014727540500735214,513120,0,0,0,0
2024-09-24,0.008849557522123908,513120,-0.0026509192785849622,513120,-0.0026509192785849622,513120,-0.0026509192785850733,513120,-0.0026509192785849622,513120,0.008849557522123908,513120,0.008849557522123908,513120,0,0,0,0
2024-09-25,0.004385964912280604,513120,0.004385964912280604,513120,0.004385964912280604,513120,0.004385964912280604,513120,0.004385964912280604,513120,0.004385964912280604,513120,0.004385964912280604,513120,0,0,0,0
2024-09-26,0.027656477438136706,513120,0.027656477438136706,513120,0.027656477438136706,513120,0.027656477438136706,513120,0.027656477438136706,513120,0.027656477438136706,513120,0.027656477438136706,513120,0,0,0,0
2024-09-27,0.07223796033994345,513120,0.07223796033994345,513120,0.07223796033994345,513120,0.07223796033994345,513120,0.07223796033994345,513120,0.07223796033994345,513120,0.07223796033994345,513120,0,0,0,0
2024-09-30,0.09775429326287965,513120,0.09775429326287965,513120,0.09775429326287965,513120,0.09775429326287965,513120,0.09775429326287965,513120,0.09775429326287965,513120,0.09775429326287965,513120,0,0,0,0
2024-10-08,0.02767749699157651,513120,0.02767749699157651,513120,0.02767749699157651,513120,0.02767749699157651,513120,0.02767749699157651,513120,0.02767749699157651,513120,0.02767749699157651,513120,0,0,0,0
2024-10-09,-0.07161428571428552,510500,-0.07161428571428574,510500,-0.07161428571428574,510500,-0.07161428571428585,512400,-0.07161428571428563,510500,-0.07161428571428563,512400,-0.07161428571428563,510500,0,0,0,0
2024-10-10,-0.012621524816646912,510500,-0.012621524816646912,510500,-0.0126215248166468,510500,0.01631758989310028,510500,-0.012621524816647023,510500,0.016520894071914594,512400,-0.012621524816646912,510500,0,0,0,0
2024-10-11,-0.040440697875280596,513120,-0.040440697875280596,513120,-0.040440697875280485,513120,-0.04024874762480557,510500,-0.040440697875280596,513120,-0.02198852772466564,512400,-0.04024874762480557,510500,0,0,0,0
2024-10-14,0.01412066752246477,513120,0.01412066752246477,513120,0.01412066752246477,513120,0.024658027357811196,510500,0.01412066752246477,513120,0.030303030303030498,512400,0.02445309575233967,588080,0,0,0,0
2024-10-15,-0.03164556962025322,513120,-0.03164556962025322,513120,-0.03164556962025311,513120,-0.024942912348498214,510500,-0.03164556962025322,513120,-0.03434876660341546,510500,-0.028451001053740654,588080,0,0,0,0
2024-10-16,-0.0013071895424835445,513120,-0.0013071895424835445,513120,-0.0013071895424835445,513120,-0.000900738605656759,510500,-0.0013071895424836555,513120,-0.000900738605656759,510500,-0.027114967462039008,588080,0,0,0,0
2024-10-17,0.007853403141361293,513120,0.007853403141361293,513120,0.007853403141361293,513120,-0.007933645870898176,510500,0.007853403141361293,513120,-0.007933645870898065,510500,0.004459308807134965,588080,0,0,0,0
2024-10-18,0.038753246753246984,510500,0.038753246753246984,510500,0.038753246753246984,510500,0.042711741185023744,510500,0.038753246753246984,510500,0.042711741185023744,510500,0.12430632630410643,588080,0,0,0,0
2024-10-21,0.009761199233048634,510500,0.009761199233048634,510500,0.009761199233048634,510500,0.009559246993201986,588080,0.009761199233048634,510500,0.009559246993202208,588080,0.010858835143139345,588080,0,0,0,0
2024-10-22,0.009148972898325614,510500,0.009148972898325614,510500,0.009148972898325614,510500,-0.013671875,588080,0.009148972898325614,510500,-0.013671874999999889,588080,-0.013671875,588080,0,0,0,0
2024-10-23,0.003934314060896282,510500,0.003934314060896282,510500,0.003934314060896282,510500,-0.005940594059405835,588080,0.003934314060896282,510500,-0.005940594059406057,588080,-0.005940594059405946,588080,0,0,0,0
2024-10-24,-0.008887987732151936,588080,-0.008887987732151936,588080,-0.008887987732152047,588080,-0.0029880478087650486,588080,-0.008887987732151936,588080,-0.0029880478087650486,588080,-0.0029880478087650486,588080,0,0,0,0
2024-10-25,0.016983016983017185,588080,0.016983016983017185,588080,0.016983016983017185,588080,0.016983016983017185,588080,0.016983016983017185,588080,0.016983016983017185,588080,0.016983016983017185,588080,0,0,0,0
2024-10-28,-0.009039096267190794,510500,-0.009039096267190572,510500,-0.009039096267190572,510500,-0.009039096267190683,513100,-0.009039096267190572,510500,-0.009039096267190572,513100,-0.009039096267190572,510500,0,0,0,0
2024-10-29,-0.0098744769874477,510500,-0.009874476987447589,510500,-0.009874476987447589,510500,-0.0020366598778005507,513100,-0.009874476987447589,510500,-0.0020366598778004397,513100,-0.009874476987447589,510500,0,0,0,0
2024-10-30,0.0030425963488842633,510500,0.0030425963488842633,510500,0.0030425963488842633,510500,0.00952380952380949,513100,0.0030425963488842633,510500,0.00952380952380949,513100,0.0030425963488842633,510500,0,0,0,0
2024-10-31,0.010920121334681676,563300,0.010920121334681676,563300,0.010920121334681454,563300,-0.017042991913746475,563300,0.010920121334681454,563300,-0.017042991913746586,563300,0.010920121334681676,563300,0,0,0,0
2024-11-01,-0.04591070038910505,510500,-0.04591070038910505,510500,-0.045910700389105163,510500,-0.04571984435797671,563300,-0.045910700389105163,510500,-0.04571984435797671,563300,-0.04571984435797671,563300,0,0,0,0
2024-11-04,0.01442875882946515,563300,0.01442875882946515,563300,0.01442875882946515,563300,0.02752293577981657,563300,0.014631685166498487,510500,0.02752293577981657,563300,0.02752293577981657,563300,0,0,0,0
2024-11-05,0.028769841269841168,563300,0.028769841269841168,563300,0.028769841269841168,563300,0.028769841269841168,563300,0.03012710094480342,563300,0.028769841269841168,563300,0.028769841269841168,563300,0,0,0,0
2024-11-06,0.012536162005786,563300,0.012536162005786,563300,0.012536162005786,563300,0.012536162005786,563300,0.012536162005786,563300,0.012536162005786,563300,0.012536162005786,563300,0,0,0,0
2024-11-07,0.02285714285714291,563300,0.02285714285714291,563300,0.02285714285714291,563300,0.02285714285714291,563300,0.02285714285714291,563300,0.02285714285714291,563300,0.02285714285714291,563300,0,0,0,0
2024-11-08,0.0027932960893852776,563300,0.0027932960893852776,563300,0.0027932960893852776,563300,0.0027932960893852776,563300,0.0027932960893852776,563300,0.0027932960893852776,563300,0.0027932960893852776,563300,0,0,0,0
2024-11-11,0.0241411327762302,563300,0.0241411327762302,563300,0.0241411327762302,563300,0.0241411327762302,563300,0.0241411327762302,563300,0.0241411327762302,563300,0.0241411327762302,563300,0,0,0,0
2024-11-12,-0.018132366273798772,563300,-0.018132366273798883,563300,-0.018132366273798772,563300,-0.018132366273798772,563300,-0.01813236627379866,563300,-0.018132366273798772,563300,-0.018132366273798772,563300,0,0,0,0
2024-11-13,0.003693444136657398,563300,0.003693444136657398,563300,0.003693444136657398,563300,0.003693444136657398,563300,0.003693444136657398,563300,0.003693444136657398,563300,0.003693444136657398,563300,0,0,0,0
2024-11-14,-0.03219871205151792,563300,-0.03219871205151781,563300,-0.03219871205151781,563300,-0.0321987120515177,563300,-0.03219871205151781,563300,-0.03219871205151781,563300,-0.03219871205151781,563300,0,0,0,0
2024-11-15,-0.015209125475285301,563300,-0.015209125475285301,563300,-0.015209125475285301,563300,-0.015209125475285301,563300,-0.015209125475285301,563300,-0.015209125475285412,563300,-0.015209125475285301,563300,0,0,0,0
2024-11-18,-0.032818532818532864,563300,-0.032818532818532864,563300,-0.032818532818532864,563300,-0.032818532818532975,563300,-0.032818532818532864,563300,-0.032818532818532975,563300,-0.032818532818532864,563300,0,0,0,0
2024-11-19,0.03093812375249483,563300,0.03093812375249483,563300,0.03093812375249483,563300,0.03093812375249483,563300,0.03093812375249483,563300,0.03093812375249483,563300,0.03093812375249483,563300,0,0,0,0
2024-11-20,0.027105517909002952,563300,0.027105517909002952,563300,0.027105517909002952,563300,0.027105517909002952,563300,0.027105517909002952,563300,0.027105517909002952,563300,0.027105517909002952,563300,0,0,0,0
2024-11-21,0.0,563300,0.0,563300,0.0,563300,0.0,563300,0.0,563300,0.0,563300,0.0,563300,0,0,0,0
2024-11-22,-0.03016022620169667,563300,-0.03016022620169656,563300,-0.03016022620169667,563300,-0.03016022620169656,563300,-0.03016022620169667,563300,-0.03016022620169656,563300,-0.03016022620169667,563300,0,0,0,0
2024-11-25,0.014374344023323715,513100,0.014577259475218707,563300,0.014577259475218707,563300,0.014577259475218707,563300,0.014577259475218707,563300,0.014374344023323715,513100,0.014374344023323715,513100,0,0,0,0
2024-11-26,0.0,513100,-0.01245210727969348,563300,-0.012452107279693592,563300,-0.01245210727969348,563300,-0.01245210727969348,563300,0.0,513100,0.0,513100,0,0,0,0
2024-11-27,0.0026041666666667407,513100,0.02424830261881672,563300,0.02424830261881672,563300,0.02424830261881672,563300,0.02424830261881672,563300,0.0026041666666667407,513100,0.0026041666666667407,513100,0,0,0,0
2024-11-28,-0.005844155844155874,513100,0.004734848484848397,563300,0.004734848484848397,563300,0.004734848484848397,563300,0.004734848484848397,563300,-0.005844155844155874,513100,-0.005844155844155763,513100,0,0,0,0
2024-11-29,0.0006531678641410466,513100,0.017907634307257503,563300,0.017907634307257503,563300,0.017907634307257503,563300,0.017907634307257503,563300,0.0006531678641410466,513100,0.0006531678641410466,513100,0,0,0,0
2024-12-02,0.005221932114882533,513100,0.019444444444444375,563300,0.019444444444444375,563300,0.019444444444444375,563300,0.019444444444444375,563300,0.005221932114882533,513100,0.005020887728459433,563300,0,0,0,0
2024-12-03,0.0181818181818183,513100,-0.0009082652134421165,563300,-0.0009082652134421165,563300,-0.0009082652134422275,563300,-0.0009082652134421165,563300,0.0181818181818183,513100,-0.0009082652134421165,563300,0,0,0,0
2024-12-04,0.004464285714285587,513100,-0.014545454545454417,563300,-0.014545454545454306,563300,-0.014545454545454417,563300,-0.014545454545454417,563300,0.004464285714285587,513100,-0.014545454545454417,563300,0,0,0,0
2024-12-05,0.008888888888888946,513100,0.02029520295202958,563300,0.02029520295202958,563300,0.02029520295202958,563300,0.02029520295202958,563300,0.008888888888888946,513100,0.02009114391143907,513100,0,0,0,0
2024-12-06,-0.00314663310258001,513100,0.009041591320072317,563300,0.009041591320072317,563300,0.009041591320072317,563300,0.009041591320072317,563300,-0.003146633102580232,513100,-0.003146633102580121,513100,0,0,0,0
2024-12-09,0.016414141414141437,513100,-0.00467939068100387,513100,-0.004679390681003759,513100,-0.004679390681003759,513100,-0.00467939068100387,513100,0.016414141414141437,513100,0.016414141414141437,513100,0,0,0,0
2024-12-10,-0.008074534161490732,513100,-0.00807453416149062,513100,-0.008074534161490732,513100,-0.00807453416149062,513100,-0.00807453416149062,513100,-0.00807453416149051,513100,-0.00807453416149062,513100,0,0,0,0
2024-12-11,-0.0025046963055729288,513100,-0.0025046963055729288,513100,-0.0025046963055729288,513100,-0.0025046963055728177,513100,-0.0025046963055728177,513100,-0.00250469630557304,513100,-0.0025046963055729288,513100,0,0,0,0
2024-12-12,0.015065913370998052,513100,0.015065913370998052,513100,0.015065913370998052,513100,0.015065913370998052,513100,0.015065913370998052,513100,0.015065913370998052,513100,0.015065913370998052,513100,0,0,0,0
2024-12-13,0.007421150278293043,513100,0.007421150278293043,513100,0.007421150278293043,513100,0.007421150278293043,513100,0.007421150278293043,513100,0.007421150278293043,513100,0.007421150278293043,513100,0,0,0,0
2024-12-16,0.012277470841006721,513100,0.012277470841006721,513100,0.012277470841006721,513100,0.012277470841006721,513100,0.012277470841006721,513100,0.012277470841006721,513100,0.012277470841006721,513100,0,0,0,0
2024-12-17,0.008489993935718587,513100,0.008489993935718587,513100,0.008489993935718587,513100,0.008489993935718587,513100,0.008489993935718587,513100,0.008489993935718587,513100,0.008489993935718587,513100,0,0,0,0
2024-12-18,0.006614552014431618,513100,0.006614552014431618,513100,0.006614552014431618,513100,0.006614552014431618,513100,0.006614552014431618,513100,0.006614552014431618,513100,0.006614552014431618,513100,0,0,0,0
2024-12-19,-0.02628434886499398,513100,-0.02628434886499409,513100,-0.02628434886499398,513100,-0.026479091995221027,512890,-0.02628434886499409,513100,-0.026479091995221027,512890,-0.026479091995221027,512890,0,0,0,0
2024-12-20,-0.020245398773006018,513100,-0.02024539877300613,513100,-0.020245398773006018,513100,-0.006317689530685899,512890,-0.02024539877300613,513100,-0.006317689530685899,512890,-0.006317689530685788,512890,0,0,0,0
2024-12-23,0.03443957420162791,513100,0.03443957420162791,513100,0.03443957420162791,513100,0.004340417801998342,513100,0.03443957420162791,513100,0.004541326067211804,512890,0.004541326067211804,512890,0,0,0,0
2024-12-24,-0.002421307506053294,513100,-0.002421307506053183,513100,-0.002421307506053294,513100,-0.002421307506053405,513100,-0.002421307506053294,513100,0.007935804701627358,513100,0.007935804701627358,513100,0,0,0,0
2024-12-25,0.011529126213592367,513100,0.011529126213592367,513100,0.011529126213592367,513100,0.011529126213592367,513100,0.011529126213592367,513100,0.011529126213592367,513100,0.011529126213592367,513100,0,0,0,0
2024-12-26,0.004199160167966287,513100,0.004199160167966287,513100,0.004199160167966287,513100,0.004199160167966287,513100,0.004199160167966287,513100,0.004199160167966287,513100,0.004199160167966287,513100,0,0,0,0
2024-12-27,-0.007168458781361853,513100,-0.007168458781361742,513100,-0.007168458781361742,513100,-0.007168458781361853,513100,-0.007168458781361853,513100,-0.007168458781361853,513100,-0.007168458781361742,513100,0,0,0,0
2024-12-30,-0.013838748495788034,513100,-0.013838748495788256,513100,-0.013838748495788145,513100,-0.013838748495788145,513100,-0.013838748495788145,513100,-0.013838748495788145,513100,-0.013838748495788145,513100,0,0,0,0
2024-12-31,-0.006101281269066505,513100,-0.006101281269066394,513100,-0.006101281269066505,513100,-0.006101281269066505,513100,-0.006101281269066505,513100,-0.006101281269066616,513100,-0.006101281269066616,513100,0,0,0,0
2025-01-02,0.008594229588704705,513100,0.008594229588704705,513100,0.008594229588704705,513100,0.008594229588704705,513100,0.008594229588704705,513100,0.008594229588704705,513100,0.008594229588704705,513100,0,0,0,0
2025-01-03,-0.0060864272671942166,513100,-0.0060864272671941055,513100,-0.0060864272671941055,513100,-0.0060864272671941055,513100,-0.0060864272671941055,513100,-0.0060864272671941055,513100,-0.0060864272671939945,513100,0,0,0,0
2025-01-06,0.02204531537048382,513100,0.02204531537048382,513100,0.02204531537048382,513100,0.02204531537048382,513100,0.02204531537048382,513100,0.02204531537048382,513100,0.02204531537048382,513100,0,0,0,0
2025-01-07,-0.005991611743559,513100,-0.005991611743558889,513100,-0.005991611743559,513100,-0.005991611743559,513100,-0.005991611743559,513100,-0.005991611743558889,513100,-0.005991611743559111,513100,0,0,0,0
2025-01-08,-0.010247136829415138,513100,-0.010247136829415138,513100,-0.01024713682941536,513100,-0.010247136829415138,513100,-0.010247136829415138,513100,-0.010247136829415138,513100,-0.010247136829415249,513100,0,0,0,0
2025-01-09,-0.0036540803897685548,513100,-0.0036540803897685548,513100,-0.0036540803897685548,513100,-0.0036540803897684437,513100,-0.0036540803897685548,513100,-0.0036540803897684437,513100,-0.0036540803897684437,513100,0,0,0,0
2025-01-10,-0.003667481662591676,513100,-0.003667481662591676,513100,-0.003667481662591676,513100,-0.003667481662591787,513100,-0.003667481662591676,513100,-0.003667481662591565,513100,-0.003667481662591787,513100,0,0,0,0
2025-01-13,-0.02350822085889559,518880,-0.023508220858895368,518880,-0.02350822085889548,518880,-0.02350822085889559,518880,-0.02350822085889559,518880,-0.02350822085889559,518880,-0.02350822085889548,518880,0,0,0,0
2025-01-14,-0.00849673202614376,518880,-0.00849673202614365,518880,-0.008496732026143872,518880,-0.00849673202614365,518880,-0.00849673202614376,518880,-0.008496732026143872,518880,-0.00849673202614365,518880,0,0,0,0
2025-01-15,0.005603164139749595,518880,0.005603164139749595,518880,0.005603164139749595,518880,0.005603164139749595,518880,0.005603164139749595,518880,0.005603164139749595,518880,0.005603164139749595,518880,0,0,0,0
2025-01-16,0.0032776138970829205,518880,0.0032776138970829205,518880,0.0032776138970829205,518880,0.0032776138970829205,518880,0.0032776138970829205,518880,0.0032776138970829205,518880,0.0032776138970829205,518880,0,0,0,0
2025-01-17,0.002776870303822232,518880,0.002776870303822232,518880,0.002776870303822232,518880,0.002776870303822232,518880,0.002776870303822232,518880,0.002776870303822232,518880,0.002776870303822232,518880,0,0,0,0
2025-01-20,-0.0019547157517512126,518880,-0.0019547157517512126,518880,-0.0019547157517512126,518880,-0.0019547157517512126,518880,-0.0019547157517512126,518880,-0.0019547157517512126,518880,-0.0019547157517513236,518880,0,0,0,0
2025-01-21,0.0,518880,0.0,518880,0.0,518880,0.0,518880,0.0,518880,0.0,518880,0.0,518880,0,0,0,0
2025-01-22,0.008813448669822144,518880,0.008813448669822144,518880,0.008813448669822144,518880,0.008813448669822144,518880,0.008813448669822144,518880,0.008813448669822144,518880,0.008813448669822144,518880,0,0,0,0
2025-01-23,0.0009707167125061478,518880,0.0009707167125061478,518880,0.0009707167125061478,518880,0.0009707167125061478,518880,0.0009707167125061478,518880,0.0009707167125061478,518880,0.0009707167125061478,518880,0,0,0,0
2025-01-24,0.0050105058994665,518880,0.0050105058994665,518880,0.0050105058994665,518880,0.0050105058994665,518880,0.0050105058994665,518880,0.0050105058994665,518880,0.0050105058994665,518880,0,0,0,0
2025-01-27,-0.002573174654229793,518880,-0.002573174654229682,518880,-0.002573174654229571,518880,-0.002573174654229682,518880,-0.002573174654229682,518880,-0.002573174654229571,518880,-0.002573174654229793,518880,0,0,0,0
2025-02-05,0.038213479522734684,518880,0.038213479522734684,518880,0.038213479522734684,518880,0.038213479522734684,518880,0.038213479522734684,518880,0.038213479522734684,518880,0.038213479522734684,518880,0,0,0,0
2025-02-06,-0.005746233887249597,518880,-0.005746233887249597,518880,-0.005746233887249597,518880,-0.005746233887249597,518880,-0.005746233887249597,518880,-0.005746233887249486,518880,-0.005746233887249486,518880,0,0,0,0
2025-02-07,0.0026110590440489023,512400,0.0026110590440489023,512400,0.0026110590440489023,512400,0.00281162136832247,518880,0.0026110590440489023,512400,0.00281162136832247,518880,0.00281162136832247,518880,0,0,0,0
2025-02-10,0.001890359168241984,512400,0.001890359168241984,512400,0.001890359168241984,512400,0.015264797507788197,518880,0.001890359168241984,512400,0.015264797507788197,518880,0.015264797507788197,518880,0,0,0,0
2025-02-11,0.0,512400,0.0,512400,0.0,512400,0.010125805461798087,518880,0.0,512400,0.010125805461798087,518880,0.010125805461798087,518880,0,0,0,0
2025-02-12,-0.0058592452830188435,513120,-0.005660377358490676,512400,-0.005660377358490676,512400,-0.00698663426488455,518880,-0.005660377358490565,512400,-0.00698663426488455,518880,-0.006986634264884328,518880,0,0,0,0
2025-02-13,-0.0026490066225165476,513120,-0.006840037950664457,513120,-0.006840037950664346,513120,0.004894463138574556,518880,-0.006840037950664235,513120,0.004894463138574556,518880,0.004894463138574556,518880,0,0,0,0
2025-02-14,0.031872509960159334,513120,0.031872509960159334,513120,0.031872509960159334,513120,0.005126179604261871,513120,0.031872509960159334,513120,0.005126179604261871,513120,0.0053272450532724225,518880,0,0,0,0
2025-02-17,0.029601029601029616,513120,0.029601029601029616,513120,0.029601029601029616,513120,0.029601029601029616,513120,0.029601029601029616,513120,0.029601029601029616,513120,-0.01700208932626812,513120,0,0,0,0
2025-02-18,0.0012499999999999734,513120,0.0012499999999999734,513120,0.0012499999999999734,513120,0.0012499999999999734,513120,0.0012499999999999734,513120,0.0012499999999999734,513120,0.0012499999999999734,513120,0,0,0,0
2025-02-19,0.024968789013732673,513120,0.024968789013732673,513120,0.024968789013732673,513120,0.024968789013732673,513120,0.024968789013732673,513120,0.024968789013732673,513120,0.024968789013732673,513120,0,0,0,0
2025-02-20,0.010962241169305775,513120,0.010962241169305775,513120,0.010962241169305775,513120,0.010962241169305775,513120,0.010962241169305775,513120,0.010962241169305775,513120,0.010962241169305775,513120,0,0,0,0
2025-02-21,0.04216867469879526,513120,0.04216867469879526,513120,0.04216867469879526,513120,0.04216867469879526,513120,0.04216867469879526,513120,0.04216867469879526,513120,0.04216867469879526,513120,0,0,0,0
2025-02-24,-0.018497109826589586,513120,-0.018497109826589475,513120,-0.018497109826589697,513120,-0.018497109826589586,513120,-0.018497109826589586,513120,-0.018497109826589586,513120,-0.018497109826589586,513120,0,0,0,0
2025-02-25,0.0011778563015312216,513120,0.0011778563015312216,513120,0.0011778563015312216,513120,0.0011778563015312216,513120,0.0011778563015312216,513120,0.0011778563015312216,513120,0.0011778563015312216,513120,0,0,0,0
2025-02-26,0.040000000000000036,513120,0.040000000000000036,513120,0.040000000000000036,513120,0.040000000000000036,513120,0.040000000000000036,513120,0.040000000000000036,513120,0.040000000000000036,513120,0,0,0,0
2025-02-27,-0.002262443438914019,513120,-0.00226244343891413,513120,-0.002262443438914019,513120,-0.002262443438914019,513120,-0.002262443438914019,513120,-0.002262443438914019,513120,-0.002262443438914019,513120,0,0,0,0
2025-02-28,-0.0455424036281179,588080,-0.04554240362811801,588080,-0.0455424036281179,588080,-0.0455424036281179,588080,-0.0455424036281179,588080,-0.0455424036281179,588080,-0.0455424036281179,588080,0,0,0,0
2025-03-03,-0.014689855072463676,513120,-0.014689855072463787,513120,-0.014689855072463898,513120,-0.014689855072463787,513120,-0.01449275362318847,588080,-0.01449275362318836,588080,-0.014492753623188581,588080,0,0,0,0
2025-03-04,0.006002400960384069,513120,0.006002400960384069,513120,0.006002400960384069,513120,0.006002400960384069,513120,0.01725974264705865,513120,0.01746323529411753,588080,0.01746323529411753,588080,0,0,0,0
2025-03-05,0.010739856801909253,513120,0.010739856801909253,513120,0.010739856801909253,513120,0.010739856801909253,513120,0.010739856801909253,513120,0.003412646793134355,513120,0.003412646793134577,513120,0,0,0,0
2025-03-06,0.0023612750885477762,513120,0.0023612750885477762,513120,0.0023612750885477762,513120,0.0023612750885477762,513120,0.0023612750885477762,513120,0.0023612750885477762,513120,0.0023612750885477762,513120,0,0,0,0
2025-03-07,0.0035335689045936647,513120,0.0035335689045936647,513120,0.0035335689045936647,513120,0.0035335689045936647,513120,0.0035335689045936647,513120,0.0035335689045936647,513120,0.0035335689045936647,513120,0,0,0,0
2025-03-10,-0.023474178403755874,513120,-0.023474178403755763,513120,-0.023474178403755874,513120,-0.023474178403755985,513120,-0.023474178403755874,513120,-0.023474178403755874,513120,-0.023474178403755874,513120,0,0,0,0
2025-03-11,0.0024038461538462563,513120,0.0024038461538462563,513120,0.0024038461538462563,513120,0.0024038461538462563,513120,0.0024038461538462563,513120,0.0024038461538462563,513120,0.0024038461538462563,513120,0,0,0,0
2025-03-12,0.007194244604316502,513120,0.007194244604316502,513120,0.007194244604316502,513120,0.007194244604316502,513120,0.007194244604316502,513120,0.007194244604316502,513120,0.007194244604316502,513120,0,0,0,0
2025-03-13,-0.008333333333333193,513120,-0.008333333333333304,513120,-0.008333333333333304,513120,-0.008333333333333304,513120,-0.008333333333333304,513120,-0.008333333333333304,513120,-0.008333333333333193,513120,0,0,0,0
2025-03-14,0.049219687875150075,513120,0.049219687875150075,513120,0.049219687875150075,513120,0.049219687875150075,513120,0.049219687875150075,513120,0.049219687875150075,513120,0.049219687875150075,513120,0,0,0,0
2025-03-17,-0.006864988558352492,513120,-0.006864988558352381,513120,-0.006864988558352381,513120,-0.00686498855835227,513120,-0.006864988558352381,513120,-0.006864988558352381,513120,-0.006864988558352381,513120,0,0,0,0
2025-03-18,0.02995391705069128,513120,0.02995391705069128,513120,0.02995391705069128,513120,0.02995391705069128,513120,0.02995391705069128,513120,0.02995391705069128,513120,0.02995391705069128,513120,0,0,0,0
2025-03-19,0.01230425055928408,513120,0.01230425055928408,513120,0.01230425055928408,513120,0.01230425055928408,513120,0.01230425055928408,513120,0.01230425055928408,513120,0.01230425055928408,513120,0,0,0,0
2025-03-20,0.013259668508287303,513120,0.013259668508287303,513120,0.013259668508287303,513120,0.013259668508287303,513120,0.013259668508287303,513120,0.013259668508287303,513120,0.013259668508287303,513120,0,0,0,0
2025-03-21,-0.04708266085059987,512400,-0.04708266085059987,512400,-0.047082660850599756,512400,-0.04708266085059987,512400,-0.047082660850599756,512400,-0.047082660850599756,512400,-0.047082660850599756,512890,0,0,0,0
2025-03-24,0.01942645698427392,512400,0.01942645698427392,512400,0.01942645698427392,512400,0.01942645698427392,512400,0.01942645698427392,512400,0.01942645698427392,512400,0.004533091568449832,512890,0,0,0,0
2025-03-25,0.001814882032667775,512400,0.001814882032667775,512400,0.001814882032667775,512400,0.001814882032667775,512400,0.001814882032667775,512400,0.001814882032667775,512400,0.006317689530685788,512890,0,0,0,0
2025-03-26,-0.006340579710145122,512400,-0.006340579710145011,512400,-0.006340579710145011,512400,-0.006340579710145122,512400,-0.006340579710145011,512400,-0.006340579710145011,512400,-0.0026905829596410857,512890,0,0,0,0
2025-03-27,-0.010027347310847645,512400,-0.010027347310847645,512400,-0.010027347310847645,512400,-0.010027347310847534,512400,-0.010027347310847645,512400,-0.010027347310847756,512400,0.0026978417266185772,512890,0,0,0,0
2025-03-28,0.0,512400,0.0,512400,0.0,512400,0.0,512400,0.0,512400,0.0,512400,-0.0026905829596410857,512890,0,0,0,0
2025-03-31,-0.008287292817679703,512400,-0.008287292817679703,512400,-0.008287292817679703,512400,-0.008287292817679814,512400,-0.008287292817679703,512400,-0.008287292817679592,512400,0.0,512890,0,0,0,0
2025-04-01,0.002785515320334442,512400,0.002785515320334442,512400,0.002785515320334442,512400,0.002785515320334442,512400,0.002785515320334442,512400,0.002785515320334442,512400,0.0024973021582732624,513120,0,0,0,0
2025-04-02,-0.010185185185185297,512400,-0.010185185185185297,512400,-0.010185185185185297,512400,-0.010185185185185297,512400,-0.010185185185185297,512400,-0.010185185185185297,512400,-0.015353121801433,513120,0,0,0,0
2025-04-03,-0.015164265668849541,512890,-0.01516426566884943,512890,-0.01516426566884932,512890,-0.01516426566884932,512890,-0.01516426566884943,512890,-0.01516426566884932,512890,-0.017671517671517534,513120,0,0,0,0
2025-04-07,-0.054411377777777825,518880,-0.054411377777777714,518880,-0.054411377777777714,518880,-0.054411377777777714,518880,-0.054411377777777714,518880,-0.054411377777777714,518880,-0.09965100529100523,518880,0,0,0,0
2025-04-08,0.006979787698124129,518880,0.006979787698124129,518880,0.006979787698124129,518880,0.006979787698124129,518880,0.006979787698124129,518880,0.006979787698124129,518880,0.006979787698124129,518880,0,0,0,0
2025-04-09,0.012563176895306727,518880,0.012563176895306727,518880,0.012360664259927656,513100,0.012360664259927656,513100,0.012360664259927656,513100,0.012360664259927656,513100,0.012360664259927656,513100,1,1,1,1
2025-04-10,0.02167712492869378,518880,0.02167712492869378,518880,0.09923076923076923,513100,0.09923076923076923,513100,0.09923076923076923,513100,0.09923076923076923,513100,0.09923076923076923,513100,0,0,0,0
2025-04-11,0.015214963707425921,518880,0.015214963707425921,518880,-0.011196641007697683,513100,-0.011196641007697683,513100,-0.011196641007697683,513100,-0.011196641007697683,513100,-0.011196641007697683,513100,0,0,0,0
2025-04-14,0.007424721572941051,518880,0.007424721572941051,518880,0.013446567586694824,513100,0.013446567586694824,513100,0.013446567586694824,513100,0.013446567586694824,513100,0.013446567586694824,513100,0,0,0,0
2025-04-15,-0.0002729630135117622,518880,-0.0002729630135117622,518880,-0.011173184357541999,513100,-0.011173184357541888,513100,-0.011173184357541888,513100,-0.011173184357541888,513100,-0.011173184357541888,513100,0,0,0,0
2025-04-16,0.024300341296928263,518880,0.024300341296928263,518880,-0.019263983050847422,512890,-0.019263983050847422,512890,-0.019263983050847422,512890,-0.01926398305084731,512890,-0.01926398305084731,512890,0,0,0,0
2025-04-17,0.008263361322137897,518880,0.008263361322137897,518880,0.0008960573476701761,512890,0.0008960573476701761,512890,0.0008960573476701761,512890,0.0008960573476701761,512890,0.0008960573476701761,512890,0,0,0,0
2025-04-18,0.002379378717779268,518880,0.002379378717779268,518880,0.0026857654431513556,512890,0.0026857654431513556,512890,0.0026857654431513556,512890,0.0026857654431513556,512890,0.0026857654431513556,512890,0,0,0,0
2025-04-21,0.018594223921930553,518880,0.018594223921930553,518880,-0.005357142857142838,512890,-0.005357142857142838,512890,-0.005357142857142949,512890,-0.005357142857142838,512890,-0.005357142857142838,512890,0,0,0,0
2025-04-22,0.03340238218539615,518880,0.03340238218539615,518880,0.006283662477558183,512890,0.006283662477558183,512890,0.006283662477558183,512890,0.006283662477558183,512890,0.006283662477558183,512890,0,0,0,0
2025-04-23,-0.06057379102981708,512890,-0.06057379102981697,512890,-0.004460303300624191,512890,-0.004460303300624302,512890,-0.004460303300624302,512890,-0.004460303300624302,512890,-0.004460303300624302,512890,0,0,0,0
2025-04-24,0.008960573476702427,512890,0.008960573476702427,512890,0.008960573476702427,512890,0.008960573476702427,512890,0.008960573476702427,512890,0.008960573476702427,512890,0.00875878136200714,513120,0,0,0,0
2025-04-25,-0.0008880994671401909,512890,-0.0008880994671401909,512890,-0.000888099467140302,512890,-0.0008880994671400799,512890,-0.0008880994671401909,512890,-0.0008880994671401909,512890,0.0031880977683316214,513120,0,0,0,0
2025-04-28,0.004444444444444251,512890,0.004444444444444251,512890,0.004444444444444251,512890,0.004444444444444251,512890,0.004444444444444251,512890,0.004444444444444251,512890,-0.0201271186440678,513120,0,0,0,0
2025-04-29,-0.0026548672566369946,512890,-0.0026548672566369946,512890,-0.0026548672566369946,512890,-0.0026548672566369946,512890,-0.0026548672566369946,512890,-0.0026548672566369946,512890,0.00756756756756749,513120,0,0,0,0
2025-04-30,-0.016168411712511155,513100,-0.016168411712511155,513100,-0.016168411712511155,513100,-0.016168411712511044,513100,-0.016168411712511044,513100,-0.016168411712511044,513100,0.0008727467811160405,513100,0,0,0,0
2025-05-06,0.007607192254495132,513100,0.007607192254495132,513100,0.007607192254495132,513100,0.007607192254495132,513100,0.007607192254495132,513100,0.007607192254495132,513100,0.007607192254495132,513100,0,0,0,0
2025-05-07,0.0034317089910775866,513100,0.0034317089910775866,513100,0.0034317089910775866,513100,0.0034317089910775866,513100,0.0034317089910775866,513100,0.0034317089910775866,513100,0.0034317089910775866,513100,0,0,0,0
2025-05-08,0.015731874145006985,513100,0.015731874145006985,513100,0.015731874145006985,513100,0.015731874145006985,513100,0.015731874145006985,513100,0.015731874145006985,513100,0.015731874145006985,513100,0,0,0,0
2025-05-09,0.0006734006734006037,513100,0.0006734006734006037,513100,0.0006734006734006037,513100,0.0006734006734006037,513100,0.0006734006734006037,513100,0.0006734006734006037,513100,0.0004732659932660255,563300,0,0,0,0
2025-05-12,0.020188425302826385,513100,0.020188425302826385,513100,0.020188425302826385,513100,0.020188425302826385,513100,0.020188425302826385,513100,0.020188425302826385,513100,0.01382488479262678,563300,0,0,0,0
2025-05-13,0.003957783641161061,513100,0.003957783641161061,513100,0.003957783641161061,513100,0.003957783641161061,513100,0.003957783641161061,513100,0.003957783641161061,513100,-0.00545454545454549,563300,0,0,0,0
2025-05-14,0.02890932982917227,513100,0.02890932982917227,513100,0.02890932982917227,513100,0.02890932982917227,513100,0.02890932982917227,513100,0.02890932982917227,513100,0.002742230347348995,563300,0,0,0,0
2025-05-15,-0.004469987228608141,513100,-0.004469987228607919,513100,-0.00446998722860803,513100,-0.00446998722860803,513100,-0.00446998722860803,513100,-0.00446998722860803,513100,-0.013673655423883213,563300,0,0,0,0
2025-05-16,0.0012828736369467908,513100,0.0012828736369467908,513100,0.0012828736369467908,513100,0.0012828736369467908,513100,0.0012828736369467908,513100,0.0012828736369467908,513100,0.007192236598891011,513100,0,0,0,0
2025-05-19,-0.008968609865470878,513100,-0.008968609865470767,513100,-0.008968609865470878,513100,-0.008968609865470989,513100,-0.008968609865470878,513100,-0.008968609865470878,513100,-0.008968609865470878,513100,0,0,0,0
2025-05-20,0.010989010989011172,513100,0.010989010989011172,513100,0.010989010989011172,513100,0.010989010989011172,513100,0.010989010989011172,513100,0.010989010989011172,513100,0.010989010989011172,513100,0,0,0,0
2025-05-21,-0.009590792838874873,513100,-0.009590792838874873,513100,-0.009590792838874762,513100,-0.009590792838874651,513100,-0.009590792838874762,513100,-0.009590792838874762,513100,-0.009590792838874873,513100,0,0,0,0
2025-05-22,-0.006455777921239525,513100,-0.006455777921239525,513100,-0.006455777921239525,513100,-0.006455777921239525,513100,-0.006455777921239525,513100,-0.006455777921239525,513100,-0.006455777921239414,513100,0,0,0,0
2025-05-23,-0.0032488628979856493,513100,-0.0032488628979856493,513100,-0.0032488628979856493,513100,-0.0032488628979856493,513100,-0.0032488628979856493,513100,-0.0032488628979857603,513100,-0.0032488628979855383,513100,0,0,0,0
2025-05-26,0.005867014341590648,513100,0.005867014341590648,513100,0.005867014341590648,513100,0.005867014341590648,513100,0.005867014341590648,513100,0.005867014341590648,513100,0.005867014341590648,513100,0,0,0,0
2025-05-27,0.004536616979909258,513100,0.004536616979909258,513100,0.004536616979909258,513100,0.004536616979909258,513100,0.004536616979909258,513100,0.004536616979909258,513100,0.004536616979909258,513100,0,0,0,0
2025-05-28,0.011612903225806548,513100,0.011612903225806548,513100,0.011612903225806548,513100,0.011612903225806548,513100,0.011612903225806548,513100,0.011612903225806548,513100,0.011612903225806548,513100,0,0,0,0
2025-05-29,0.013392857142856984,513100,0.013392857142856984,513100,0.013392857142856984,513100,0.013392857142856984,513100,0.013392857142856984,513100,0.013392857142856984,513100,0.013392857142856984,513100,0,0,0,0
2025-05-30,-0.020767778477029486,513100,-0.020767778477029375,513100,-0.020767778477029486,513100,-0.02096362492133408,513120,-0.020767778477029486,513100,-0.02096362492133408,513120,-0.020963624921333968,513120,0,0,0,0
2025-06-03,0.003856041131105492,513100,0.003856041131105492,513100,0.003856041131105492,513100,0.009803921568627416,513120,0.003856041131105492,513100,0.009803921568627416,513120,0.009803921568627416,513120,0,0,0,0
2025-06-04,0.008322663252240625,513100,0.008322663252240625,513100,0.008322663252240625,513100,0.03689320388349526,513120,0.008322663252240625,513100,0.03689320388349526,513120,0.03689320388349526,513120,0,0,0,0
2025-06-05,-0.002739174603174521,513120,-0.00273917460317441,513120,-0.002739174603174521,513120,-0.011235955056179803,513120,-0.002739174603174521,513120,-0.011235955056179803,513120,-0.011235955056179803,513120,0,0,0,0
2025-06-06,0.022727272727272707,513120,0.022727272727272707,513120,0.022727272727272707,513120,0.022727272727272707,513120,0.022727272727272707,513120,0.022727272727272707,513120,0.022727272727272707,513120,0,0,0,0
2025-06-09,0.047222222222222054,513120,0.047222222222222054,513120,0.047222222222222054,513120,0.047222222222222054,513120,0.047222222222222054,513120,0.047222222222222054,513120,0.047222222222222054,513120,0,0,0,0
2025-06-10,0.0344827586206895,513120,0.0344827586206895,513120,0.0344827586206895,513120,0.0344827586206895,513120,0.0344827586206895,513120,0.0344827586206895,513120,0.0344827586206895,513120,0,0,0,0
2025-06-11,-0.0017094017094015923,513120,-0.0017094017094014813,513120,-0.0017094017094015923,513120,-0.0017094017094015923,513120,-0.0017094017094017033,513120,-0.0017094017094015923,513120,-0.0017094017094015923,513120,0,0,0,0
2025-06-12,0.049657534246575485,513120,0.049657534246575485,513120,0.049657534246575485,513120,0.049657534246575485,513120,0.049657534246575485,513120,0.049657534246575485,513120,0.049657534246575485,513120,0,0,0,0
2025-06-13,-0.029363784665578985,513120,-0.029363784665578985,513120,-0.029363784665578985,513120,-0.029363784665578985,513120,-0.029363784665578985,513120,-0.029363784665578985,513120,-0.029363784665578985,513120,0,0,0,0
2025-06-16,-0.008403361344537674,513120,-0.008403361344537785,513120,-0.008403361344537785,513120,-0.008403361344537785,513120,-0.008403361344537674,513120,-0.008403361344537785,513120,-0.008403361344537785,513120,0,0,0,0
2025-06-17,-0.048495423728813436,512400,-0.04849542372881355,512400,-0.048495423728813436,512400,-0.04849542372881355,512400,-0.048495423728813436,512400,-0.048495423728813436,512400,-0.04849542372881355,512400,0,0,0,0
2025-06-18,-0.001998201438848879,513120,-0.001998201438848879,513120,-0.00199820143884899,513120,-0.00199820143884899,513120,-0.0017985611510791255,512400,-0.0017985611510791255,512400,-0.0017985611510790145,512400,0,0,0,0
2025-06-19,-0.02928127772848277,513120,-0.029281277728482658,513120,-0.029281277728482658,513120,-0.02928127772848277,513120,-0.017313693693693955,513120,-0.017313693693693843,513120,-0.017313693693693843,513120,0,0,0,0
2025-06-20,0.002742230347348995,513120,0.002742230347348995,513120,0.002742230347348995,513120,0.002742230347348995,513120,0.002742230347348995,513120,0.002742230347348995,513120,0.002742230347348995,513120,0,0,0,0
2025-06-23,0.034639927073837784,513120,0.034639927073837784,513120,0.034639927073837784,513120,0.034639927073837784,513120,0.034639927073837784,513120,0.034639927073837784,513120,0.034639927073837784,513120,0,0,0,0
2025-06-24,0.021145374449339283,513120,0.021145374449339283,513120,0.021145374449339283,513120,0.021145374449339283,513120,0.021145374449339283,513120,0.021145374449339283,513120,0.021145374449339283,513120,0,0,0,0
2025-06-25,0.00690250215703192,513120,0.00690250215703192,513120,0.00690250215703192,513120,0.00690250215703192,513120,0.00690250215703192,513120,0.00690250215703192,513120,0.00690250215703192,513120,0,0,0,0
2025-06-26,-0.03170522707797785,513120,-0.03170522707797774,513120,-0.03170522707797796,513120,-0.03170522707797785,513120,-0.03170522707797796,513120,-0.03170522707797785,513120,-0.03170522707797785,513120,0,0,0,0
2025-06-27,-0.01238938053097327,513120,-0.01238938053097316,513120,-0.01238938053097316,513120,-0.01238938053097327,513120,-0.012389380530973049,513120,-0.01238938053097316,513120,-0.01238938053097316,513120,0,0,0,0
2025-06-30,0.017921146953404854,513120,0.017921146953404854,513120,0.017921146953404854,513120,0.017921146953404854,513120,0.017921146953404854,513120,0.017921146953404854,513120,0.017921146953404854,513120,0,0,0,0
2025-07-01,0.029049295774647987,513120,0.029049295774647987,513120,0.029049295774647987,513120,0.029049295774647987,513120,0.029049295774647987,513120,0.029049295774647987,513120,0.029049295774647987,513120,0,0,0,0
2025-07-02,-0.025002566295979634,512400,-0.025002566295979634,512400,-0.025002566295979523,512400,-0.02480752780153994,513120,-0.025002566295979634,512400,-0.02480752780153983,513120,-0.025002566295979634,512400,0,0,0,0
2025-07-03,0.0017182130584192379,512400,0.0017182130584192379,512400,0.0017182130584192379,512400,0.041228070175438836,513120,0.0017182130584192379,512400,0.041228070175438836,513120,0.0017182130584192379,512400,0,0,0,0
2025-07-04,-0.014579759862778818,512400,-0.014579759862778707,512400,-0.014579759862778596,512400,0.009267059814658696,513120,-0.014579759862778707,512400,0.009267059814658696,513120,-0.014579759862778818,512400,0,0,0,0
2025-07-07,-0.00783289817232391,512400,-0.00783289817232391,512400,-0.00783289817232391,512400,-0.015859766277128595,513120,-0.00783289817232391,512400,-0.015859766277128595,513120,-0.007832898172323799,512400,0,0,0,0
2025-07-08,0.010526315789473717,512400,0.010526315789473717,512400,0.010526315789473717,512400,-0.0035920271416455263,513100,0.010526315789473717,512400,-0.0035920271416454153,513100,0.010526315789473717,512400,0,0,0,0
2025-07-09,-0.01909722222222232,512400,-0.01909722222222232,512400,-0.01909722222222221,512400,-0.003667481662591676,513100,-0.01909722222222232,512400,-0.003667481662591676,513100,-0.019293402777777913,512890,0,0,0,0
2025-07-10,0.014159292035398341,512400,0.014159292035398341,512400,0.014159292035398341,512400,0.005521472392638005,513100,0.014159292035398341,512400,0.005521472392638005,513100,0.005723630417007186,512890,0,0,0,0
2025-07-11,0.01919720767888311,512400,0.01919720767888311,512400,0.01919720767888311,512400,-0.0036607687614398365,513100,0.01919720767888311,512400,-0.0036607687614398365,513100,-0.00894308943089428,512890,0,0,0,0
2025-07-14,0.0042808219178083196,512400,0.0042808219178083196,512400,0.0042808219178083196,512400,-0.006123698714023296,513100,0.0042808219178083196,512400,-0.006123698714023296,513100,0.00656275635767023,512890,0,0,0,0
2025-07-15,-0.011935208866155178,512400,-0.011935208866155178,512400,-0.011935208866155178,512400,0.015403573629081846,513100,-0.011935208866155178,512400,0.015403573629081846,513100,-0.00896495517522422,512890,0,0,0,0
2025-07-16,-0.002588438308887109,512400,-0.002588438308887109,512400,-0.002588438308887109,512400,-0.0060679611650484855,513100,-0.0025884383088869978,512400,-0.0060679611650484855,513100,-0.005133223684210653,513120,0,0,0,0
2025-07-17,0.0034602076124568004,512400,0.0034602076124568004,512400,0.0034602076124568004,512400,0.0073260073260073,513100,0.0034602076124568004,512400,0.0073260073260073,513100,0.052795031055900665,513120,0,0,0,0
2025-07-18,0.025000000000000133,512400,0.025000000000000133,512400,0.025000000000000133,512400,0.007071272727272815,513120,0.025000000000000133,512400,0.007071272727272815,513120,0.006637168141592875,513120,0,0,0,0
2025-07-21,0.028389739276702963,513120,0.028389739276702963,513120,0.028389739276702963,513120,-0.01025641025641022,513120,0.028389739276703185,513120,-0.01025641025641022,513120,-0.01025641025641022,513120,0,0,0,0
2025-07-22,-0.001480384900074072,513120,-0.001480384900074072,513120,-0.001480384900074072,513120,-0.001480384900074072,513120,-0.001480384900074072,513120,-0.001480384900074072,513120,-0.001480384900074072,513120,0,0,0,0
2025-07-23,-0.0007412898443289739,513120,-0.0007412898443289739,513120,-0.0007412898443289739,513120,-0.0007412898443289739,513120,-0.0007412898443289739,513120,-0.0007412898443289739,513120,-0.0007412898443289739,513120,0,0,0,0
2025-07-24,0.016320474777448135,513120,0.016320474777448135,513120,0.016320474777448135,513120,0.016320474777448135,513120,0.016320474777448135,513120,0.016320474777448135,513120,0.016320474777448135,513120,0,0,0,0
2025-07-25,0.0007299270072991249,513120,0.0007299270072991249,513120,0.0007299270072991249,513120,0.0007299270072991249,513120,0.0007299270072991249,513120,0.0007299270072991249,513120,0.0007299270072991249,513120,0,0,0,0
2025-07-28,0.0401167031363967,513120,0.0401167031363967,513120,0.0401167031363967,513120,0.0401167031363967,513120,0.0401167031363967,513120,0.0401167031363967,513120,0.0401167031363967,513120,0,0,0,0
2025-07-29,0.044179523141655075,513120,0.044179523141655075,513120,0.044179523141655075,513120,0.044179523141655075,513120,0.044179523141655075,513120,0.044179523141655075,513120,0.044179523141655075,513120,0,0,0,0
2025-07-30,-0.03156480859637356,513120,-0.03156480859637345,513120,-0.03156480859637345,513120,-0.03175849563465416,510300,-0.03156480859637345,513120,-0.03175849563465416,510300,-0.03175849563465427,588080,0,0,0,0
2025-07-31,0.0,513120,0.0,513120,0.0,513120,-0.018194706994328902,510300,0.0,513120,-0.018194706994328902,510300,-0.010138248847926135,588080,0,0,0,0
2025-08-01,-0.014563106796116387,513120,-0.014563106796116387,513120,-0.014563106796116387,513120,-0.005493766546329826,588080,-0.014563106796116387,513120,-0.005294825511432122,510300,-0.009310986964618184,588080,0,0,0,0
2025-08-04,-0.0007037297677692234,513120,-0.0007037297677692234,513120,-0.0007037297677692234,513120,0.012218045112781795,588080,-0.0007037297677692234,513120,0.00439622550205665,588080,0.012015601503759354,513120,0,0,0,0
2025-08-05,0.03169014084507049,513120,0.03169014084507049,513120,0.03169014084507049,513120,0.00464252553389044,588080,0.03169014084507049,513120,0.00464252553389044,588080,0.03169014084507049,513120,0,0,0,0
2025-08-06,0.007508532423208036,513120,0.007508532423208036,513120,0.007508532423208036,513120,0.004621072088724532,588080,0.007508532423208036,513120,0.004621072088724532,588080,0.007508532423208036,513120,0,0,0,0
2025-08-07,-0.030487804878048808,513120,-0.030487804878048808,513120,-0.030487804878048808,513120,-0.0018399264029438367,588080,-0.030487804878048697,513120,-0.0018399264029438367,588080,-0.030487804878048697,513120,0,0,0,0
2025-08-08,-0.01327742837176804,513120,-0.01327742837176793,513120,-0.01327742837176804,513120,-0.013824884792626668,588080,-0.01327742837176804,513120,-0.014022119815668255,563300,-0.01327742837176804,513120,0,0,0,0
2025-08-11,0.003541076487252104,513120,0.003541076487252104,513120,0.003541076487252104,513120,0.0065420560747662115,588080,0.003541076487252104,513120,0.01605136436597121,563300,0.003541076487252104,513120,0,0,0,0
2025-08-12,-0.004940014114326208,513120,-0.004940014114326208,513120,-0.004940014114326208,513120,0.019498607242339983,588080,-0.004940014114326208,513120,0.0023696682464453556,563300,-0.004940014114326208,513120,0,0,0,0
2025-08-13,0.042553191489361764,513120,0.042553191489361764,513120,0.042553191489361764,513120,0.008196721311475308,588080,0.042553191489361764,513120,0.007880220646178104,563300,0.042553191489361764,513120,0,0,0,0
2025-08-14,0.0027210884353741083,513120,0.0027210884353741083,513120,0.0027210884353741083,513120,0.005420054200542035,588080,0.0027210884353741083,513120,-0.01876465989053966,563300,0.0027210884353741083,513120,0,0,0,0
2025-08-15,0.021031207598371626,513120,0.021031207598371626,513120,0.021031207598371626,513120,0.016172506738544534,588080,0.021031207598371626,513120,0.019920318725099806,563300,0.020827001356851893,159915,0,0,0,0
2025-08-18,0.029900332225913706,513120,0.029900332225913706,513120,0.029900332225913706,513120,0.023872679045092715,588080,0.029900332225913706,513120,0.01718749999999991,563300,0.029095257074531755,159915,0,0,0,0
2025-08-19,-0.030322580645161357,513120,-0.030322580645161357,513120,-0.030322580645161246,513120,-0.012953367875647603,588080,-0.030322580645161357,513120,0.008448540706605057,563300,-0.0027110766847403545,159915,0,0,0,0
2025-08-20,-0.015302727877578137,513120,-0.015302727877578137,513120,-0.015302727877578137,513120,0.03149606299212593,588080,-0.015302727877578137,513120,0.0074146230007619,159915,0.005048543689320395,159915,0,0,0,0
2025-08-21,0.009459459459459474,513120,0.009459459459459474,513120,0.009459459459459474,513120,0.0008481764206953457,588080,0.009459459459459474,513120,-0.0061823802163832875,159915,-0.0061823802163832875,159915,0,0,0,0
2025-08-22,0.016064257028112428,513120,0.016064257028112428,513120,0.016064257028112428,513120,0.09745762711864403,588080,0.016064257028112428,513120,0.03499222395023316,159915,0.03499222395023316,159915,0,0,0,0
2025-08-25,0.005069038208168619,563300,0.005069038208168841,563300,0.005069038208168619,563300,0.02316602316602312,588080,0.005069038208168619,563300,0.028174305033809244,159915,0.028174305033809244,159915,0,0,0,0
2025-08-26,0.0,563300,0.0,563300,0.0,563300,-0.015094339622641506,588080,0.0,563300,-0.007672634271099876,159915,-0.007672634271099876,159915,0,0,0,0
2025-08-27,-0.022684257871064428,159915,-0.022684257871064428,159915,-0.02268425787106454,159915,0.0,588080,-0.022684257871064428,159915,-0.007363770250368051,159915,-0.007562297496318093,588080,0,0,0,0
2025-08-28,0.04080118694362023,159915,0.04080118694362023,159915,0.04080118694362023,159915,0.07509578544061313,588080,0.04080118694362023,159915,0.04080118694362023,159915,0.07509578544061313,588080,0,0,0,0
2025-08-29,0.02102637205987179,159915,0.02102637205987179,159915,0.02102637205987179,159915,-0.01568068424803981,588080,0.02102637205987179,159915,0.02102637205987179,159915,-0.0156806842480397,588080,0,0,0,0
2025-09-01,0.02164048865619539,159915,0.02164048865619539,159915,0.02164048865619539,159915,0.012309920347574055,588080,0.02164048865619539,159915,0.02164048865619539,159915,0.012309920347574055,588080,0,0,0,0
2025-09-02,-0.026990092244619124,159915,-0.026990092244619124,159915,-0.026990092244619124,159915,-0.025035765379113006,588080,-0.026990092244619235,159915,-0.026990092244619235,159915,-0.025035765379113006,588080,0,0,0,0
2025-09-03,0.0077247191011236005,159915,0.0077247191011236005,159915,0.0077247191011236005,159915,-0.02054292002934721,588080,0.0077247191011236005,159915,0.0077247191011236005,159915,-0.0205429200293471,588080,0,0,0,0
2025-09-04,-0.041655121951219565,510300,-0.041655121951219454,510300,-0.041655121951219454,510300,-0.062359850187265975,159915,-0.041655121951219454,510300,-0.041655121951219565,512400,-0.062359850187265864,159915,0,0,0,0
2025-09-05,0.021788420107719864,159915,0.021788420107719864,159915,0.021788420107719864,159915,0.07015630679752816,159915,0.021992818671454195,510300,0.04362880886426579,512400,0.07015630679752816,159915,0,0,0,0
2025-09-08,-0.012228260869565188,159915,-0.012228260869565188,159915,-0.012228260869565077,159915,-0.012228260869565077,159915,1.95432586735933e-05,159915,-0.001990710019907027,512400,-0.012228260869565188,159915,0,0,0,0
2025-09-09,-0.021664374140302756,159915,-0.021664374140302645,159915,-0.021664374140302645,159915,-0.021664374140302645,159915,-0.021664374140302645,159915,0.007313829787233939,512400,-0.021664374140302645,159915,0,0,0,0
2025-09-10,0.010544815465729274,159915,0.010544815465729274,159915,0.010544815465729274,159915,0.010544815465729274,159915,0.010544815465729274,159915,-0.00990099009901002,512400,0.010544815465729274,159915,0,0,0,0
2025-09-11,0.05217391304347818,159915,0.05217391304347818,159915,0.05217391304347818,159915,0.05217391304347818,159915,0.05217391304347818,159915,0.016000000000000014,512400,0.05217391304347818,159915,0,0,0,0
2025-09-12,-0.009917355371900749,159915,-0.009917355371900749,159915,-0.009917355371900749,159915,-0.009917355371900749,159915,-0.00991735537190086,159915,0.02493438320209984,512400,-0.009917355371900749,159915,0,0,0,0
2025-09-15,0.01402337228714523,159915,0.01402337228714523,159915,0.01402337228714523,159915,0.01402337228714523,159915,0.01402337228714523,159915,-0.007682458386683688,512400,0.01402337228714523,159915,0,0,0,0
2025-09-16,0.007243990780375409,159915,0.007243990780375409,159915,0.007243990780375409,159915,0.007243990780375409,159915,0.007243990780375409,159915,-0.013226710097719807,159915,0.007243990780375409,159915,0,0,0,0
2025-09-17,0.019614253023864103,159915,0.019614253023864103,159915,0.019614253023864103,159915,0.019614253023864103,159915,0.019614253023864103,159915,0.019614253023864103,159915,0.019614253023864103,159915,0,0,0,0
2025-09-18,-0.016672010259698555,159915,-0.016672010259698666,159915,-0.016672010259698777,159915,-0.016672010259698666,159915,-0.016672010259698666,159915,-0.016672010259698666,159915,-0.016672010259698666,159915,0,0,0,0
2025-09-19,-0.0016302575806979025,159915,-0.0016302575806979025,159915,-0.0016302575806979025,159915,-0.0016302575806977915,159915,-0.0016302575806980135,159915,-0.0016302575806979025,159915,-0.0016302575806979025,159915,0,0,0,0
2025-09-22,0.00653167864141091,159915,0.00653167864141091,159915,0.00653167864141091,159915,0.00653167864141091,159915,0.00653167864141091,159915,0.00653167864141091,159915,0.00653167864141091,159915,0,0,0,0
2025-09-23,0.0035691109669047094,159915,0.0035691109669047094,159915,0.0035691109669047094,159915,0.0035691109669047094,159915,0.0035691109669047094,159915,0.0035691109669047094,159915,0.0035691109669047094,159915,0,0,0,0
2025-09-24,0.02166181700614289,159915,0.02166181700614289,159915,0.02166181700614289,159915,0.02166181700614289,159915,0.02166181700614289,159915,0.02166181700614289,159915,0.02166181700614289,159915,0,0,0,0
2025-09-25,0.016139240506328978,159915,0.016139240506328978,159915,0.016139240506328978,159915,0.016139240506328978,159915,0.016139240506328978,159915,0.016139240506328978,159915,0.016139240506328978,159915,0,0,0,0
2025-09-26,-0.025537215820616632,159915,-0.025537215820616632,159915,-0.025537215820616743,159915,-0.02553721582061652,159915,-0.025537215820616632,159915,-0.025537215820616743,159915,-0.025537215820616632,159915,0,0,0,0
2025-09-29,0.02684563758389258,159915,0.02684563758389258,159915,0.02684563758389258,159915,0.02684563758389258,159915,0.02684563758389258,159915,0.02684563758389258,159915,0.02684563758389258,159915,0,0,0,0
2025-09-30,0.0012449424214129312,159915,0.0012449424214129312,159915,0.0012449424214129312,159915,0.0012449424214129312,159915,0.0012449424214129312,159915,0.0012449424214129312,159915,0.0012449424214129312,159915,0,0,0,0
2025-10-09,0.005595275101025754,159915,0.005595275101025754,159915,0.005595275101025754,159915,0.005595275101025754,159915,0.005595275101025754,159915,0.005595275101025754,159915,0.005595275101025754,159915,0,0,0,0
2025-10-10,-0.04346800618238,513100,-0.04346800618238,513100,-0.043468006182380114,513100,-0.043468006182380114,513100,-0.043468006182380226,513100,-0.04346800618237989,513100,-0.043468006182380114,513100,0,0,0,0
2025-10-13,-0.01666666666666672,513100,-0.016666666666666607,513100,-0.016666666666666496,513100,-0.016666666666666607,513100,-0.016666666666666607,513100,-0.016666666666666607,513100,-0.016666666666666607,513100,0,0,0,0
2025-10-14,-0.010388190267905828,513100,-0.010388190267905828,513100,-0.010388190267905828,513100,-0.010388190267905828,513100,-0.010388190267905828,513100,-0.010388190267905717,513100,-0.010388190267905828,513100,0,0,0,0
2025-10-15,0.008287292817679592,513100,0.008287292817679592,513100,0.008287292817679592,513100,0.008287292817679592,513100,0.008287292817679592,513100,0.008287292817679592,513100,0.008085635359116106,512400,0,0,0,0
2025-10-16,0.007123287671233047,513100,0.007123287671233047,513100,0.007123287671233047,513100,0.007123287671233047,513100,0.007123287671233047,513100,0.007123287671233047,513100,-0.022935779816513735,512400,0,0,0,0
2025-10-17,-0.01686615886833509,513100,-0.01686615886833509,513100,-0.0168661588683352,513100,-0.017062785636561384,512400,-0.01686615886833509,513100,-0.017062785636561495,512400,-0.01936619718309851,512400,0,0,0,0
2025-10-20,0.02877697841726623,513100,0.02877697841726623,513100,0.02877697841726623,513100,-0.01376421304608022,512400,0.02877697841726623,513100,-0.013764213046080331,512400,-0.01376421304608022,512400,0,0,0,0
2025-10-21,0.007530930607853703,513100,0.007530930607853703,513100,0.007530930607853703,513100,0.01577669902912615,512400,0.007530930607853703,513100,0.01577669902912615,512400,0.01577669902912615,512400,0,0,0,0
2025-10-22,0.005339028296849957,513100,0.005339028296849957,513100,0.005339028296849957,513100,-0.0131421744324971,512400,0.005339028296849957,513100,-0.01314217443249699,512400,-0.01314217443249699,512400,0,0,0,0
2025-10-23,0.0,513100,0.0,513100,0.0,513100,0.011501210653753091,512400,0.0,513100,0.011501210653753091,512400,0.011501210653753091,512400,0,0,0,0
2025-10-24,0.010090281465746198,513100,0.010090281465746198,513100,0.010090281465746198,513100,0.017354877318970674,512400,0.010090281465746198,513100,0.017354877318970674,512400,0.017354877318970674,512400,0,0,0,0
2025-10-27,0.028391167192429068,513100,0.028391167192429068,513100,0.028391167192429068,513100,0.024117647058823577,512400,0.028391167192429068,513100,0.024117647058823577,512400,0.024117647058823577,512400,0,0,0,0
2025-10-28,0.002556237218813928,513100,0.002556237218813928,513100,0.002556237218813928,513100,-0.03159103963239529,512400,0.002556237218813928,513100,-0.03159103963239529,512400,-0.03159103963239529,512400,0,0,0,0
2025-10-29,0.01988781234064252,513100,0.01988781234064252,513100,0.01988781234064252,513100,0.0462633451957295,512400,0.01988781234064252,513100,0.0462633451957295,512400,0.0462633451957295,512400,0,0,0,0
2025-10-30,-0.00749999999999984,513100,-0.00749999999999984,513100,-0.00749999999999984,513100,0.01133786848072571,512400,-0.00749999999999984,513100,0.01133786848072571,512400,0.01133786848072571,512400,0,0,0,0
2025-10-31,-0.0015113350125944836,513100,-0.0015113350125944836,513100,-0.0015113350125944836,513100,-0.022421524663677084,512400,-0.0015113350125943725,513100,-0.022421524663677084,512400,-0.022421524663677195,512400,0,0,0,0
2025-11-03,-0.003027245206861706,513100,-0.003027245206861706,513100,-0.003027245206861706,513100,-0.014334862385321001,512400,-0.003027245206861706,513100,-0.01433486238532089,512400,-0.01433486238532089,512400,0,0,0,0
2025-11-04,-0.018218623481781382,513100,-0.018218623481781382,513100,-0.018218623481781382,513100,-0.030444095404304705,513100,-0.018218623481781493,513100,-0.030444095404304816,513100,-0.030444095404304816,513100,0,0,0,0
2025-11-05,-0.014432989690721598,513100,-0.014432989690721598,513100,-0.014432989690721598,513100,-0.01443298969072171,513100,-0.014432989690721598,513100,-0.014432989690721598,513100,-0.01443298969072171,513100,0,0,0,0
2025-11-06,0.01935146443514646,513100,0.01935146443514646,513100,0.01935146443514646,513100,0.01935146443514646,513100,0.01935146443514646,513100,0.01935146443514646,513100,0.01935146443514646,513100,0,0,0,0
2025-11-07,-0.013024525397639763,512890,-0.013024525397639986,512890,-0.013024525397639874,512890,-0.012827090815803133,513100,-0.013024525397639763,512890,-0.01282709081580291,513100,-0.013024525397639763,512890,0,0,0,0
2025-11-10,0.008216926869350827,512890,0.008216926869350827,512890,0.008216926869350827,512890,0.014033264033264103,513100,0.008216926869350827,512890,0.014033264033264103,513100,0.008216926869350827,512890,0,0,0,0
2025-11-11,0.004074979625101838,512890,0.004074979625101838,512890,0.004074979625101838,512890,0.004100461301896452,513100,0.004074979625101838,512890,0.004100461301896452,513100,0.004074979625101838,512890,0,0,0,0
2025-11-12,0.008928571428571619,512890,0.008928571428571619,512890,0.008928571428571619,512890,0.007656967840734996,513100,0.008928571428571619,512890,0.007656967840734996,513100,0.008928571428571619,512890,0,0,0,0
2025-11-13,-0.0032180209171359664,512890,-0.0032180209171359664,512890,-0.0032180209171359664,512890,0.0005065856129686797,513100,-0.0032180209171360774,512890,0.0005065856129686797,513100,-0.0032180209171359664,512890,0,0,0,0
2025-11-14,-0.0032284100080709477,512890,-0.0032284100080709477,512890,-0.0032284100080710587,512890,-0.026523848101265846,512890,-0.0032284100080709477,512890,-0.026523848101265957,512890,-0.0032284100080709477,512890,0,0,0,0
2025-11-17,-0.00890688259109329,512890,-0.00890688259109329,512890,-0.00890688259109318,512890,-0.008906882591093401,512890,-0.00890688259109329,512890,-0.008906882591093401,512890,-0.00890688259109329,512890,0,0,0,0
2025-11-18,-0.005718954248365882,512890,-0.005718954248365882,512890,-0.005718954248365993,512890,-0.005718954248365771,512890,-0.005718954248365882,512890,-0.005718954248365993,512890,-0.005718954248365882,512890,0,0,0,0
2025-11-19,0.0016433853738702098,512890,0.0016433853738702098,512890,0.0016433853738702098,512890,0.0016433853738702098,512890,0.0016433853738702098,512890,0.0016433853738702098,512890,0.0016433853738702098,512890,0,0,0,0
2025-11-20,0.007383100902378814,512890,0.007383100902378814,512890,0.007383100902378814,512890,0.007383100902378814,512890,0.007383100902378814,512890,0.007383100902378814,512890,0.007383100902378814,512890,0,0,0,0
2025-11-21,-0.015472312703582958,512890,-0.015472312703582958,512890,-0.015472312703582958,512890,-0.015472312703582847,512890,-0.015472312703582958,512890,-0.015472312703582958,512890,-0.015472312703582958,512890,0,0,0,0
2025-11-24,-0.005789909015715522,512890,-0.005789909015715522,512890,-0.005789909015715633,512890,-0.005789909015715411,512890,-0.005789909015715633,512890,-0.005789909015715633,512890,-0.005789909015715411,512890,0,0,0,0
2025-11-25,0.005823627287853572,512890,0.005823627287853572,512890,0.005823627287853572,512890,0.005823627287853572,512890,0.005823627287853572,512890,0.005823627287853572,512890,0.005823627287853572,512890,0,0,0,0
2025-11-26,-0.004962779156327701,512890,-0.004962779156327701,512890,-0.00496277915632759,512890,-0.004962779156327701,512890,-0.004962779156327701,512890,-0.00496277915632759,512890,-0.004962779156327701,512890,0,0,0,0
2025-11-27,0.0014621778886119152,513120,0.0016625103906899863,512890,0.0016625103906899863,512890,0.0016625103906899863,512890,0.0016625103906899863,512890,0.0014621778886119152,513120,0.0014621778886119152,513120,0,0,0,0
2025-11-28,-0.007535289801907652,512890,-0.0008298755186723072,512890,-0.0008298755186721962,512890,-0.0008298755186724183,512890,-0.0008298755186724183,512890,-0.007535289801907541,512890,-0.007535289801907652,512890,0,0,0,0
2025-12-01,0.005813953488372103,512890,0.005813953488372103,512890,0.005813953488372103,512890,0.005813953488372103,512890,0.005813953488372103,512890,0.005813953488372103,512890,0.005813953488372103,512890,0,0,0,0
2025-12-02,-0.0026767960363337506,512400,-0.0026767960363336396,512400,-0.0026767960363336396,512400,-0.0026767960363337506,512400,-0.0026767960363336396,512400,-0.0026767960363335286,512400,-0.0026767960363335286,563300,0,0,0,0
2025-12-03,0.006354708261120612,512400,0.006354708261120612,512400,0.006354708261120612,512400,0.006354708261120612,512400,0.006354708261120612,512400,0.006354708261120612,512400,-0.008556990881459003,513100,0,0,0,0
2025-12-04,0.003444316877152742,512400,0.003444316877152742,512400,0.003444316877152742,512400,0.003444316877152742,512400,0.003444316877152742,512400,0.003444316877152742,512400,0.0,513100,0,0,0,0
2025-12-05,0.025743707093821566,512400,0.025743707093821566,512400,0.025743707093821566,512400,0.025743707093821566,512400,0.025743707093821566,512400,0.025743707093821566,512400,-0.0010178117048345037,513100,0,0,0,0
2025-12-08,0.007250418293363037,512400,0.007250418293363037,512400,0.007250418293363037,512400,0.007250418293363037,512400,0.007250418293363037,512400,0.007250418293363037,512400,-0.005802547121752544,512400,0,0,0,0
2025-12-09,-0.03322259136212624,512400,-0.03322259136212624,512400,-0.03322259136212624,512400,-0.03322259136212624,512400,-0.03322259136212624,512400,-0.03322259136212613,512400,-0.03322259136212624,512400,0,0,0,0
2025-12-10,0.010309278350515427,512400,0.010309278350515427,512400,0.010309278350515427,512400,0.010309278350515427,512400,0.010309278350515427,512400,0.010309278350515427,512400,0.010309278350515427,512400,0,0,0,0
2025-12-11,-0.007568140589569117,518880,-0.007568140589569228,518880,-0.007568140589569006,518880,-0.007568140589569228,513100,-0.007568140589569117,518880,-0.007568140589569228,513100,-0.007568140589569117,518880,0,0,0,0
2025-12-12,0.01284302963776085,518880,0.01284302963776085,518880,0.01284302963776085,518880,0.0013638164754954385,159915,0.01284302963776085,518880,0.0013638164754956605,159915,0.01284302963776085,518880,0,0,0,0
2025-12-15,0.013438820851847888,518880,0.013438820851847888,518880,0.013438820851847888,518880,-0.017013232514177745,159915,0.013438820851847888,518880,-0.017013232514177634,159915,0.013438820851847888,518880,0,0,0,0
2025-12-16,-0.011870388193776171,518880,-0.011870388193776171,518880,-0.011870388193776171,518880,-0.019230769230769162,159915,-0.011870388193776171,518880,-0.019230769230769162,159915,-0.011870388193776171,518880,0,0,0,0
2025-12-17,0.007575757575757569,518880,0.007575757575757569,518880,0.007575757575757569,518880,0.033986928104575265,159915,0.007575757575757569,518880,0.033986928104575265,159915,0.007575757575757569,518880,0,0,0,0
2025-12-18,0.0008592910848548296,518880,0.0008592910848548296,518880,0.0008592910848548296,518880,-0.022756005056890016,159915,0.0008592910848548296,518880,-0.022756005056890016,159915,0.0008592910848548296,518880,0,0,0,0
2025-12-19,-0.0005365958360161738,518880,-0.0005365958360161738,518880,-0.0005365958360160628,518880,0.004851228978007827,159915,-0.0005365958360160628,518880,0.004851228978007827,159915,-0.0007364885168489321,512400,0,0,0,0
2025-12-22,0.021056351336840917,512400,0.021056351336840695,512400,0.021056351336840917,512400,0.021886063727067695,159915,0.021056351336840695,512400,0.021886063727067695,159915,0.022136137244050946,512400,0,0,0,0
2025-12-23,0.006497022198159286,512400,0.006497022198159286,512400,0.006497022198159286,512400,0.0029489763779528833,512400,0.006497022198159286,512400,0.002948976377952661,512400,0.006497022198159286,512400,0,0,0,0
2025-12-24,0.005379236148467026,512400,0.005379236148467026,512400,0.005379236148467026,512400,0.005379236148467026,512400,0.005379236148467026,512400,0.005379236148467026,512400,0.005379236148467026,512400,0,0,0,0
2025-12-25,-0.01177100053504565,512400,-0.01177100053504554,512400,-0.01177100053504565,512400,-0.01177100053504554,512400,-0.011771000535045428,512400,-0.01177100053504554,512400,-0.01177100053504554,512400,0,0,0,0
2025-12-26,0.039523551705468396,512400,0.039523551705468396,512400,0.039523551705468396,512400,0.039523551705468396,512400,0.039523551705468396,512400,0.039523551705468396,512400,0.039523551705468396,512400,0,0,0,0
2025-12-29,-0.021874999999999867,512400,-0.021874999999999867,512400,-0.021874999999999867,512400,-0.021874999999999978,512400,-0.021874999999999978,512400,-0.021874999999999978,512400,-0.021874999999999978,512400,0,0,0,0
2025-12-30,0.01650692225772099,512400,0.01650692225772099,512400,0.01650692225772099,512400,0.01650692225772099,512400,0.01650692225772099,512400,0.01650692225772099,512400,0.01650692225772099,512400,0,0,0,0
2025-12-31,0.009429020429544188,512400,0.009429020429544188,512400,0.009429020429544188,512400,0.009429020429544188,512400,0.009429020429544188,512400,0.009429020429544188,512400,0.009429020429544188,512400,0,0,0,0
2026-01-05,0.02802283341982359,512400,0.02802283341982359,512400,0.02802283341982359,512400,0.02802283341982359,512400,0.02802283341982359,512400,0.02802283341982359,512400,0.02802283341982359,512400,0,0,0,0
2026-01-06,0.03987884906612815,512400,0.03987884906612815,512400,0.03987884906612815,512400,0.03987884906612815,512400,0.03987884906612815,512400,0.03987884906612815,512400,0.03987884906612815,512400,0,0,0,0
2026-01-07,0.003883495145631022,512400,0.003883495145631022,512400,0.003883495145631022,512400,0.003883495145631022,512400,0.003883495145631022,512400,0.003883495145631022,512400,0.003883495145631022,512400,0,0,0,0
2026-01-08,-0.01740812379110268,512400,-0.017408123791102792,512400,-0.01740812379110268,512400,-0.01740812379110268,512400,-0.01740812379110268,512400,-0.01740812379110268,512400,-0.01740812379110268,512400,0,0,0,0
2026-01-09,0.030511811023621993,512400,0.030511811023621993,512400,0.030511811023621993,512400,0.030511811023621993,512400,0.030511811023621993,512400,0.030511811023621993,512400,0.030511811023621993,512400,0,0,0,0
2026-01-12,0.011461318051575908,512400,0.011461318051575908,512400,0.011461318051575908,512400,0.011461318051575908,512400,0.011461318051575908,512400,0.011461318051575908,512400,0.011461318051575908,512400,0,0,0,0
2026-01-13,0.010859301227573281,512400,0.010859301227573281,512400,0.010859301227573281,512400,0.010859301227573281,512400,0.010859301227573281,512400,0.010859301227573281,512400,0.010859301227573281,512400,0,0,0,0
2026-01-14,0.0032695002335358936,512400,0.0032695002335358936,512400,0.0032695002335358936,512400,0.0032695002335358936,512400,0.0032695002335358936,512400,0.0032695002335358936,512400,0.0032695002335358936,512400,0,0,0,0
2026-01-15,0.027001862197392867,512400,0.027001862197392867,512400,0.027001862197392867,512400,0.027001862197392867,512400,0.027001862197392867,512400,0.027001862197392867,512400,0.027001862197392867,512400,0,0,0,0
2026-01-16,-0.01405258386219399,512400,-0.01405258386219399,512400,-0.01405258386219399,512400,-0.01405258386219399,512400,-0.01405258386219399,512400,-0.01405258386219399,512400,-0.01405258386219399,512400,0,0,0,0
2026-01-19,0.0009195402298851629,512400,0.0009195402298851629,512400,0.0009195402298851629,512400,0.0009195402298851629,512400,0.0009195402298851629,512400,0.0009195402298851629,512400,0.0009195402298851629,512400,0,0,0,0
2026-01-20,0.003215434083601254,512400,0.003215434083601254,512400,0.003215434083601254,512400,0.003215434083601254,512400,0.003215434083601254,512400,0.003215434083601254,512400,0.003215434083601254,512400,0,0,0,0
2026-01-21,0.03159340659340648,512400,0.03159340659340648,512400,0.03159340659340648,512400,0.03159340659340648,512400,0.03159340659340648,512400,0.03159340659340648,512400,0.03159340659340648,512400,0,0,0,0
2026-01-22,-0.00754549489569456,512400,-0.007545494895694671,512400,-0.00754549489569456,512400,-0.007545494895694449,512400,-0.00754549489569456,512400,-0.00754549489569456,512400,-0.00754549489569456,512400,0,0,0,0
2026-01-23,0.02549194991055459,512400,0.02549194991055459,512400,0.02549194991055459,512400,0.02549194991055459,512400,0.02549194991055459,512400,0.02549194991055459,512400,0.02549194991055459,512400,0,0,0,0
2026-01-26,0.05276929786306139,512400,0.05276929786306139,512400,0.05276929786306139,512400,0.05276929786306139,512400,0.05276929786306139,512400,0.05276929786306139,512400,0.05276929786306139,512400,0,0,0,0
2026-01-27,-0.00952775476387746,512400,-0.00952775476387746,512400,-0.00952775476387746,512400,-0.00952775476387746,512400,-0.00952775476387746,512400,-0.00952775476387746,512400,-0.00952775476387746,512400,0,0,0,0
2026-01-28,0.06608113759933087,512400,0.06608113759933087,512400,0.06608113759933087,512400,0.06608113759933087,512400,0.06608113759933087,512400,0.06608113759933087,512400,0.06608113759933087,512400,0,0,0,0
2026-01-29,0.018046292663789876,512400,0.018046292663789876,512400,0.018046292663789876,512400,0.018046292663789876,512400,0.018046292663789876,512400,0.018046292663789876,512400,0.018046292663789876,512400,0,0,0,0
2026-01-30,-0.09883152215799618,510500,-0.09883152215799629,510500,-0.09883152215799629,510500,-0.09883152215799607,510500,-0.09883152215799629,510500,-0.09883152215799618,510500,-0.09883152215799618,510500,0,0,0,0
2026-02-02,-0.046517748815165794,512400,-0.046517748815165794,512400,-0.046517748815165794,512400,-0.046517748815165905,512400,-0.046517748815165794,512400,-0.046517748815165794,512400,-0.046517748815165905,512400,0,0,0,0
2026-02-03,0.06840855106888366,512400,0.06840855106888366,512400,0.06840855106888366,512400,0.06840855106888366,512400,0.06840855106888366,512400,0.06840855106888366,512400,0.06840855106888366,512400,0,0,0,0
2026-02-04,0.0017785682525566227,512400,0.0017785682525566227,512400,0.0017785682525566227,512400,0.0017785682525566227,512400,0.0017785682525566227,512400,0.0017785682525566227,512400,0.0017785682525566227,512400,0,0,0,0
2026-02-05,-0.04857026187305824,563300,-0.04857026187305835,563300,-0.04857026187305824,563300,-0.04837993786063033,512400,-0.04857026187305813,563300,-0.04837993786063033,512400,-0.04837993786063033,512400,0,0,0,0
2026-02-06,0.005431093007467691,563300,0.005431093007467691,563300,0.005431093007467691,563300,0.004197761194029814,512400,0.005431093007467691,563300,0.004197761194029814,512400,0.004197761194029814,512400,0,0,0,0
2026-02-09,0.020931802835921554,563300,0.020931802835921554,563300,0.020931802835921554,563300,0.021365536460752343,512400,0.020931802835921554,563300,0.021365536460752343,512400,0.021365536460752343,512400,0,0,0,0
2026-02-10,-0.00132275132275117,563300,-0.001322751322751281,563300,-0.00132275132275117,563300,-0.0018190086402909422,512400,-0.00132275132275117,563300,-0.0018190086402909422,512400,-0.0018190086402910532,512400,0,0,0,0
2026-02-11,-0.0026490066225164366,563300,-0.0026490066225165476,563300,-0.0026490066225164366,563300,0.027790432801822362,512400,-0.0026490066225165476,563300,0.027790432801822362,512400,0.027790432801822362,512400,0,0,0,0
2026-02-12,0.003984063745019917,563300,0.003984063745019917,563300,0.003984063745019917,563300,0.0066489361702128935,512400,0.003984063745019917,563300,0.0066489361702128935,512400,0.0066489361702128935,512400,0,0,0,0
2026-02-13,-0.005952380952381153,563300,-0.005952380952381042,563300,-0.005952380952381042,563300,-0.034346103038308984,512400,-0.005952380952381042,563300,-0.03453923381770152,512890,-0.03453923381770141,563300,0,0,0,0
2026-02-24,0.013306719893546148,563300,0.013306719893546148,563300,0.013306719893546148,563300,0.03055175558595513,512400,0.013306719893546148,563300,0.00428449014567267,512890,0.013306719893546148,563300,0,0,0,0
2026-02-25,0.009192383453709763,563300,0.009192383453709763,563300,0.009192383453709763,563300,0.03849557522123903,512400,0.009192383453709763,563300,-0.0025597269624572094,512890,0.009192383453709763,563300,0,0,0,0
2026-02-26,0.01171112556929077,563300,0.01171112556929077,563300,0.01171112556929077,563300,-0.007669365146996232,512400,0.01171112556929077,563300,-0.0008554319931566301,512890,0.01171112556929077,563300,0,0,0,0
2026-02-27,0.007717041800643143,563300,0.007717041800643143,563300,0.007717041800643143,563300,0.034778875053671054,512400,0.007717041800643143,563300,0.0032239726027396554,563300,0.007717041800643143,563300,0,0,0,0
2026-03-02,-0.01806496490108489,512890,-0.01806496490108489,512890,-0.01806496490108489,512890,0.036514522821576856,512400,-0.01806496490108489,512890,-0.018064964901085,510500,-0.01806496490108478,510500,0,0,0,0
2026-03-03,0.01098901098901095,512890,0.01098901098901095,512890,0.01098901098901095,512890,-0.054632666132906293,512890,0.01098901098901095,512890,-0.04118573227985822,512890,-0.04118573227985822,512890,0,0,0,0
2026-03-04,-0.013377926421404562,512890,-0.013377926421404673,512890,-0.013377926421404673,512890,-0.013377926421404673,512890,-0.013377926421404673,512890,-0.013377926421404673,512890,-0.013377926421404673,512890,0,0,0,0
2026-03-05,0.0016949152542373724,512890,0.0016949152542373724,512890,0.0016949152542373724,512890,0.0016949152542373724,512890,0.0016949152542373724,512890,0.0016949152542373724,512890,0.0016949152542373724,512890,0,0,0,0
2026-03-06,0.0050761421319796,512890,0.0050761421319796,512890,0.0050761421319796,512890,0.0050761421319796,512890,0.0050761421319796,512890,0.0050761421319796,512890,0.0050761421319796,512890,0,0,0,0
2026-03-09,-0.0008417508417507547,512890,-0.0008417508417507547,512890,-0.0008417508417507547,512890,-0.0008417508417507547,512890,-0.0008417508417507547,512890,-0.0008417508417507547,512890,-0.0008417508417507547,512890,0,0,0,0
2026-03-10,-0.0016849199663014902,512890,-0.0016849199663017123,512890,-0.0016849199663016012,512890,-0.0016849199663016012,512890,-0.0016849199663016012,512890,-0.0016849199663016012,512890,-0.0016849199663017123,512890,0,0,0,0
2026-03-11,0.009282700421940904,512890,0.009282700421940904,512890,0.009282700421940904,512890,0.009282700421940904,512890,0.009282700421940904,512890,0.009282700421940904,512890,0.009282700421940904,512890,0,0,0,0
2026-03-12,0.0050167224080268635,512890,0.0050167224080268635,512890,0.0050167224080268635,512890,0.0050167224080268635,512890,0.0050167224080268635,512890,0.0050167224080268635,512890,0.0050167224080268635,512890,0,0,0,0
2026-03-13,0.0024958402662229595,512890,0.0024958402662229595,512890,0.0024958402662229595,512890,0.0024958402662229595,512890,0.0024958402662229595,512890,0.0024958402662229595,512890,0.0024958402662229595,512890,0,0,0,0
2026-03-16,0.0,512890,0.0,512890,0.0,512890,0.0,512890,0.0,512890,0.0,512890,0.0,512890,0,0,0,0
2026-03-17,0.004149377593360981,512890,0.004149377593360981,512890,0.004149377593360981,512890,0.004149377593360981,512890,0.004149377593360981,512890,0.004149377593360981,512890,0.004149377593360981,512890,0,0,0,0
2026-03-18,-0.0049586776859503745,512890,-0.0049586776859503745,512890,-0.0049586776859502635,512890,-0.0049586776859503745,512890,-0.0049586776859503745,512890,-0.0049586776859503745,512890,-0.0049586776859504855,512890,0,0,0,0
2026-03-19,-0.002491694352159235,512890,-0.002491694352159346,512890,-0.002491694352159346,512890,-0.002491694352159346,512890,-0.002491694352159346,512890,-0.002491694352159235,512890,-0.002491694352159235,512890,0,0,0,0
2026-03-20,-0.004163197335553814,512890,-0.004163197335553703,512890,-0.004163197335553703,512890,-0.004163197335553814,512890,-0.004163197335553592,512890,-0.004163197335553703,512890,-0.004163197335553814,512890,0,0,0,0
2026-03-23,-0.0319662207357857,513120,-0.03196622073578581,513120,-0.03196622073578581,513120,-0.03196622073578581,513120,-0.0319662207357857,513120,-0.03196622073578581,513120,-0.0319662207357857,513120,0,0,0,0
2026-03-24,0.04784116047144149,512890,0.04784116047144149,512890,0.04784116047144171,512890,0.04805077062556662,513120,0.04784116047144149,512890,0.04805077062556662,513120,0.04805077062556662,513120,0,0,0,0
2026-03-25,0.008488964346349714,512890,0.008488964346349714,512890,0.008488964346349714,512890,0.005854152249135103,512890,0.008488964346349714,512890,0.005854152249135103,512890,0.005854152249135103,512890,0,0,0,0
2026-03-26,-0.002525252525252375,512890,-0.002525252525252375,512890,-0.002525252525252375,512890,-0.002525252525252375,512890,-0.002525252525252375,512890,-0.002525252525252264,512890,-0.002525252525252375,512890,0,0,0,0
2026-03-27,-0.0016877637130801038,512890,-0.0016877637130801038,512890,-0.0016877637130799927,512890,-0.0016877637130801038,512890,-0.0016877637130801038,512890,-0.0016877637130799927,512890,-0.0016877637130802148,512890,0,0,0,0
2026-03-30,0.008453085376162406,512890,0.008453085376162406,512890,0.008453085376162406,512890,0.008453085376162406,512890,0.008453085376162406,512890,0.008453085376162406,512890,0.008453085376162406,512890,0,0,0,0
2026-03-31,0.003990276613579091,513120,0.003990276613579091,513120,0.003990276613579091,513120,0.003990276613579091,513120,0.003990276613579091,513120,0.003990276613579091,513120,0.003990276613579091,513120,0,0,0,0
2026-04-01,0.07242798353909463,513120,0.07242798353909463,513120,0.07242798353909463,513120,0.07242798353909463,513120,0.07242798353909463,513120,0.07242798353909463,513120,0.07242798353909463,513120,0,0,0,0
2026-04-02,-0.0007674597083652257,513120,-0.0007674597083652257,513120,-0.0007674597083652257,513120,-0.0007674597083652257,513120,-0.0007674597083653367,513120,-0.0007674597083651147,513120,-0.0007674597083652257,513120,0,0,0,0
2026-04-03,-0.013824884792626668,513120,-0.013824884792626668,513120,-0.013824884792626557,513120,-0.013824884792626668,513120,-0.01382488479262678,513120,-0.013824884792626668,513120,-0.013824884792626557,513120,0,0,0,0
2026-04-07,0.006230529595015577,513120,0.006230529595015577,513120,0.006230529595015577,513120,0.006230529595015577,513120,0.006230529595015577,513120,0.006230529595015577,513120,0.006230529595015577,513120,0,0,0,0
2026-04-08,0.006191950464396356,513120,0.006191950464396356,513120,0.006191950464396356,513120,0.006191950464396356,513120,0.006191950464396356,513120,0.006191950464396356,513120,0.006191950464396356,513120,0,0,0,0
2026-04-09,-0.01846153846153853,513120,-0.018461538461538418,513120,-0.01846153846153853,513120,-0.01846153846153853,513120,-0.018461538461538418,513120,-0.01846153846153864,513120,-0.018461538461538418,513120,0,0,0,0
2026-04-10,0.004702194357366851,513120,0.004702194357366851,513120,0.004702194357366851,513120,0.004702194357366851,513120,0.004702194357366851,513120,0.004702194357366851,513120,0.004702194357366851,513120,0,0,0,0
2026-04-13,-0.007800312012480548,513120,-0.007800312012480659,513120,-0.007800312012480659,513120,-0.007800312012480659,513120,-0.007800312012480659,513120,-0.007800312012480659,513120,-0.007800312012480659,513120,0,0,0,0
2026-04-14,0.007075471698113178,513120,0.007075471698113178,513120,0.007075471698113178,513120,0.007075471698113178,513120,0.007075471698113178,513120,0.007075471698113178,513120,0.007075471698113178,513120,0,0,0,0
2026-04-15,0.03669008587041378,513120,0.03669008587041378,513120,0.03669008587041378,513120,0.03669008587041378,513120,0.03669008587041378,513120,0.03669008587041378,513120,0.03669008587041378,513120,0,0,0,0
2026-04-16,0.005271084337349352,513120,0.005271084337349352,513120,0.005271084337349352,513120,0.005271084337349352,513120,0.005271084337349352,513120,0.005271084337349352,513120,0.005271084337349352,513120,0,0,0,0
2026-04-17,-0.01573033707865179,513120,-0.01573033707865168,513120,-0.01573033707865168,513120,-0.01573033707865157,513120,-0.01573033707865168,513120,-0.01573033707865168,513120,-0.01573033707865157,513120,0,0,0,0
2026-04-20,-0.0022831050228310223,513120,-0.0022831050228310223,513120,-0.0022831050228311334,513120,-0.0022831050228311334,513120,-0.0022831050228312444,513120,-0.0022831050228311334,513120,-0.0022831050228311334,513120,0,0,0,0
2026-04-21,-0.01067887109077037,513120,-0.010678871090770481,513120,-0.01067887109077037,513120,-0.01067887109077037,513120,-0.010678871090770259,513120,-0.01067887109077037,513120,-0.010678871090770259,513120,0,0,0,0
2026-04-22,-0.010221125674633624,159915,-0.010221125674633513,159915,-0.010221125674633624,159915,-0.010221125674633735,159915,-0.010221125674633624,159915,-0.010221125674633624,159915,-0.010221125674633624,159915,0,0,0,0
2026-04-23,-0.007982969664715345,159915,-0.007982969664715345,159915,-0.007982969664715345,159915,-0.007982969664715234,159915,-0.007982969664715234,159915,-0.007982969664715345,159915,-0.007982969664715345,159915,0,0,0,0
2026-04-24,-0.014484978540772464,159915,-0.014484978540772575,159915,-0.014484978540772575,159915,-0.014484978540772575,159915,-0.014484978540772686,159915,-0.014484978540772464,159915,-0.014484978540772464,159915,0,0,0,0
2026-04-27,-0.005988023952095856,159915,-0.0059880239520957446,159915,-0.0059880239520957446,159915,-0.0059880239520957446,159915,-0.0059880239520956335,159915,-0.005988023952095856,159915,-0.006186826347305385,588080,0,0,0,0
2026-04-28,-0.013691128148959564,159915,-0.013691128148959675,159915,-0.013691128148959564,159915,-0.013691128148959564,159915,-0.013691128148959675,159915,-0.013691128148959564,159915,-0.015544041450777368,588080,0,0,0,0
2026-04-29,0.02533625763464742,588080,0.02533625763464742,588080,0.02533625763464742,588080,0.02533625763464742,588080,0.02533625763464764,588080,0.02533625763464742,588080,0.003947368421052699,588080,0,0,0,0
2026-04-30,0.050458715596330306,588080,0.050458715596330306,588080,0.050458715596330306,588080,0.050458715596330306,588080,0.050458715596330306,588080,0.050458715596330306,588080,0.050458715596330306,588080,0,0,0,0
2026-05-06,0.05489706799750471,588080,0.05489706799750471,588080,0.05489706799750471,588080,0.05489706799750471,588080,0.05489706799750471,588080,0.05489706799750471,588080,0.05489706799750471,588080,0,0,0,0
2026-05-07,0.014192785334121938,588080,0.014192785334121938,588080,0.014192785334121938,588080,0.014192785334121938,588080,0.014192785334121938,588080,0.014192785334121938,588080,0.014192785334121938,588080,0,0,0,0
2026-05-08,-0.02215743440233242,588080,-0.02215743440233242,588080,-0.02215743440233242,588080,-0.02215743440233242,588080,-0.02215743440233242,588080,-0.02215743440233231,588080,-0.02215743440233242,588080,0,0,0,0
2026-05-11,0.04591532498509232,588080,0.04591532498509232,588080,0.04591532498509232,588080,0.04591532498509232,588080,0.04591532498509232,588080,0.04591532498509232,588080,0.04591532498509232,588080,0,0,0,0
2026-05-12,0.003990877993158337,588080,0.003990877993158337,588080,0.003990877993158337,588080,0.003990877993158337,588080,0.003990877993158337,588080,0.003990877993158337,588080,0.003990877993158337,588080,0,0,0,0
2026-05-13,0.026689381033503823,588080,0.026689381033503823,588080,0.026689381033503823,588080,0.026689381033503823,588080,0.026689381033503823,588080,0.026689381033503823,588080,0.026689381033503823,588080,0,0,0,0
2026-05-14,-0.025442477876106206,588080,-0.025442477876106206,588080,-0.025442477876106206,588080,-0.025442477876106206,588080,-0.025442477876106206,588080,-0.025442477876106318,588080,-0.025442477876106206,588080,0,0,0,0
2026-05-15,-0.016458569807037304,588080,-0.016458569807037415,588080,-0.016458569807037304,588080,-0.016458569807037415,588080,-0.016458569807037526,588080,-0.016458569807037415,588080,-0.016458569807037526,588080,0,0,0,0
2026-05-18,0.008078476630121179,588080,0.008078476630121179,588080,0.008078476630121179,588080,0.008078476630121179,588080,0.008078476630121179,588080,0.008078476630121179,588080,0.008078476630121179,588080,0,0,0,0
2026-05-19,0.03892386949055515,588080,0.03892386949055515,588080,0.03892386949055515,588080,0.03892386949055515,588080,0.03892386949055515,588080,0.03892386949055515,588080,0.03892386949055515,588080,0,0,0,0
2026-05-20,0.030303030303030498,588080,0.030303030303030498,588080,0.030303030303030498,588080,0.030303030303030498,588080,0.030303030303030498,588080,0.030303030303030498,588080,0.030303030303030498,588080,0,0,0,0
2026-05-21,-0.0352941176470587,588080,-0.0352941176470587,588080,-0.0352941176470587,588080,-0.0352941176470587,588080,-0.03529411764705859,588080,-0.0352941176470587,588080,-0.0352941176470587,588080,0,0,0,0
2026-05-22,0.014412416851441234,588080,0.014412416851441234,588080,0.014412416851441234,588080,0.014412416851441234,588080,0.014412416851441234,588080,0.014412416851441234,588080,0.014412416851441234,588080,0,0,0,0
2026-05-25,0.05792349726775958,588080,0.05792349726775958,588080,0.05792349726775958,588080,0.05792349726775958,588080,0.05792349726775958,588080,0.05792349726775958,588080,0.05792349726775958,588080,0,0,0,0
2026-05-26,-0.011880165289256173,588080,-0.011880165289256173,588080,-0.011880165289256173,588080,-0.011880165289256284,588080,-0.011880165289256173,588080,-0.011880165289256173,588080,-0.011880165289256173,588080,0,0,0,0
2026-05-27,-0.02927339257710404,588080,-0.02927339257710404,588080,-0.02927339257710404,588080,-0.02927339257710404,588080,-0.02927339257710404,588080,-0.02927339257710415,588080,-0.02927339257710393,588080,0,0,0,0
2026-05-28,0.01453957996768973,588080,0.01453957996768973,588080,0.01453957996768973,588080,0.01453957996768973,588080,0.01453957996768973,588080,0.01453957996768973,588080,0.01453957996768973,588080,0,0,0,0
2026-05-29,-0.049553184713375775,513100,-0.049553184713375664,513100,-0.049553184713375664,513100,-0.049553184713375775,513100,-0.049553184713375664,513100,-0.049553184713375775,513100,-0.049553184713375775,513100,0,0,0,0
2026-06-01,0.04047514298284205,513100,0.04047514298284205,513100,0.04047514298284183,513100,0.04047514298284205,513100,0.04047514298284205,513100,0.04047514298284205,513100,0.04047514298284205,513100,0,0,0,0
2026-06-02,-0.009302325581395432,513100,-0.009302325581395432,513100,-0.009302325581395432,513100,-0.009302325581395432,513100,-0.009302325581395432,513100,-0.009302325581395543,513100,-0.009302325581395543,513100,0,0,0,0
2026-06-03,-0.018779342723004744,513100,-0.018779342723004744,513100,-0.018779342723004744,513100,-0.018779342723004744,513100,-0.018779342723004744,513100,-0.018779342723004744,513100,-0.018779342723004633,513100,0,0,0,0
2026-06-04,-0.02566333188342751,513100,-0.02566333188342751,513100,-0.02566333188342751,513100,-0.02566333188342751,513100,-0.02566333188342762,513100,-0.02566333188342751,513100,-0.02566333188342751,513100,0,0,0,0
2026-06-05,-0.01562500000000011,513100,-0.01562500000000011,513100,-0.01562500000000011,513100,-0.01562500000000011,513100,-0.01562500000000011,513100,-0.01562500000000011,513100,-0.015625000000000222,513100,0,0,0,0
2026-06-08,-0.041461587301587444,513120,-0.041461587301587444,513120,-0.04146158730158733,513120,-0.041461587301587444,513120,-0.041461587301587444,513120,-0.041461587301587444,513120,-0.041461587301587555,513120,1,1,1,1
2026-06-09,-0.006085192697768638,513120,-0.006085192697768638,513120,-0.006085192697768638,513120,-0.006085192697768638,513120,-0.006085192697768527,513120,-0.006085192697768638,513120,-0.006085192697768527,513120,0,0,0,0
2026-06-10,0.011224489795918391,513120,0.011224489795918391,513120,0.011224489795918391,513120,0.011224489795918391,513120,0.011224489795918391,513120,0.011224489795918391,513120,0.011224489795918391,513120,0,0,0,0
2026-06-11,-0.013118062563067467,513120,-0.013118062563067467,513120,-0.013118062563067467,513120,-0.013118062563067467,513120,-0.013118062563067467,513120,-0.013118062563067356,513120,-0.013118062563067467,513120,0,0,0,0
2026-06-12,0.03578732106339455,513120,0.03578732106339455,513120,0.03578732106339455,513120,0.03578732106339455,513120,0.03578732106339455,513120,0.03578732106339455,513120,0.03578732106339455,513120,0,0,0,0
2026-06-15,0.001773938795656571,513100,0.001773938795656571,513100,0.001773938795656349,513100,0.001773938795656571,512890,0.001773938795656571,513100,0.001773938795656571,512890,0.001773938795656571,513100,0,0,0,0
2026-06-16,0.009743135518157642,513100,0.009743135518157642,513100,0.009743135518157642,513100,-0.013978466838932002,513100,0.009743135518157642,513100,-0.013978466838932002,513100,0.009743135518157642,513100,0,0,0,0
2026-06-17,-0.000438596491227905,513100,-0.000438596491227905,513100,-0.000438596491227905,513100,-0.000438596491227905,513100,-0.000438596491227905,513100,-0.000438596491227905,513100,-0.000438596491227905,513100,0,0,0,0
2026-06-18,-0.00590311540149191,159915,-0.00590311540149191,159915,-0.0059031154014916876,159915,-0.00570425625274229,513100,-0.00590311540149191,159915,-0.005704256252742401,513100,-0.005704256252742401,513100,0,0,0,0
2026-06-22,0.025767158585148664,159915,0.025767158585148664,159915,0.025767158585148664,159915,-0.007060900264783898,513100,0.025767158585148664,159915,-0.007060900264783898,513100,-0.007060900264783898,513100,0,0,0,0
2026-06-23,-0.03859328613838775,159915,-0.03859328613838764,159915,-0.03859328613838764,159915,-0.03397102222222226,510500,-0.03859328613838775,159915,-0.03397102222222215,510500,-0.03397102222222226,588080,0,0,0,0
2026-06-24,0.01140142517814735,159915,0.01140142517814735,159915,0.01140142517814735,159915,0.019081452070334626,588080,0.01140142517814735,159915,0.019285309132160977,510500,0.04089979550102263,588080,0,0,0,0
2026-06-25,0.03196829497416642,588080,0.0319682949741662,588080,0.0319682949741662,588080,0.03880157170923382,588080,0.0319682949741662,588080,0.01112966054535347,510500,0.03880157170923382,588080,0,0,0,0
2026-06-26,-0.01749408983451539,588080,-0.01749408983451539,588080,-0.01749408983451539,588080,-0.01749408983451539,588080,-0.01749408983451528,588080,-0.024851095211887775,588080,-0.01749408983451539,588080,0,0,0,0
2026-06-29,0.04908565928777686,588080,0.04908565928777686,588080,0.04908565928777686,588080,0.04908565928777686,588080,0.04908565928777686,588080,0.04908565928777686,588080,0.04908565928777686,588080,0,0,0,0
2026-06-30,0.04266055045871564,588080,0.04266055045871564,588080,0.04266055045871564,588080,0.04266055045871564,588080,0.04266055045871564,588080,0.04266055045871564,588080,0.04266055045871564,588080,0,0,0,0
2026-07-01,-0.024197096348438252,588080,-0.024197096348438252,588080,-0.02419709634843814,588080,-0.024197096348438252,588080,-0.02419709634843814,588080,-0.024197096348438252,588080,-0.02419709634843814,588080,0,0,0,0
2026-07-02,-0.07683029756537407,510500,-0.07683029756537407,510500,-0.07683029756537407,510500,-0.07683029756537407,510500,-0.07683029756537407,510500,-0.07683029756537407,510500,-0.07683029756537418,513120,0,0,0,0
2026-07-03,0.005675194937281081,588080,0.005675194937281081,588080,0.005675194937281081,588080,0.005675194937281081,588080,0.005876370211323367,510500,0.005876370211323367,510500,0.04878048780487809,513120,0,0,0,0
2026-07-06,0.008345606283750584,588080,0.008345606283750584,588080,0.008345606283750584,588080,0.008345606283750584,588080,-0.010421525671272747,588080,-0.010223570385349934,510500,0.024117140396210157,513120,0,0,0,0
2026-07-07,0.003894839337877265,588080,0.003894839337877265,588080,0.003894839337877265,588080,0.003894839337877265,588080,0.003894839337877265,588080,-0.017563155505107897,513120,-0.03952901597981506,513120,0,0,0,0
2026-07-08,0.007759456838021261,588080,0.007759456838021261,588080,0.007759456838021261,588080,0.007759456838021261,588080,0.007759456838021261,588080,-0.012259194395796813,513120,-0.012259194395796702,513120,0,0,0,0
2026-07-09,0.08710298363811364,588080,0.08710298363811364,588080,0.08710298363811364,588080,0.08710298363811364,588080,0.08710298363811364,588080,0.012411347517730542,513120,0.012411347517730542,513120,0,0,0,0
2026-07-10,-0.052425055334218484,513120,-0.052425055334218484,513120,-0.052425055334218484,513120,-0.05223550243470543,588080,-0.052425055334218595,513120,0.037653239929947624,513120,0.037653239929947624,513120,0,0,0,0
2026-07-13,-0.018565400843881807,513120,-0.018565400843881807,513120,-0.018565400843881807,513120,-0.04904250350303596,588080,-0.018565400843881807,513120,-0.018565400843881807,513120,-0.018565400843881807,513120,0,0,0,0
2026-07-14,0.009458297506448776,513120,0.009458297506448776,513120,0.009458297506448776,513120,0.014243614931237714,588080,0.009458297506448776,513120,0.009458297506448776,513120,0.009458297506448776,513120,0,0,0,0
2026-07-15,0.04173764906303257,513120,0.04173764906303257,513120,0.04173764906303257,513120,-0.048132300242130666,513120,0.04173764906303257,513120,0.04173764906303257,513120,0.04173764906303257,513120,0,0,0,0
2026-07-16,-0.01635322976287823,513120,-0.01635322976287823,513120,-0.01635322976287823,513120,-0.01635322976287823,513120,-0.01635322976287823,513120,-0.01635322976287834,513120,-0.01635322976287823,513120,0,0,0,0
2026-07-17,-0.06253167082294264,518880,-0.06253167082294264,518880,-0.06253167082294264,518880,-0.06253167082294264,518880,-0.06253167082294275,518880,-0.06253167082294264,518880,-0.06253167082294264,513100,0,0,0,0
2026-07-20,0.0006420887979785572,512890,0.0006420887979785572,512890,0.0006420887979785572,563300,0.0006420887979785572,563300,0.0006420887979785572,563300,0.0006420887979785572,563300,-0.0054196487897485435,563300,1,1,1,1
2026-07-21,-0.010238907849829393,512890,-0.010238907849829393,512890,0.028571428571428692,563300,0.028571428571428692,563300,0.028571428571428692,563300,0.028571428571428692,563300,0.028571428571428692,563300,0,0,0,0
2026-07-22,0.006896551724137945,512890,0.006896551724137945,512890,-0.016203703703703942,563300,-0.016203703703703942,563300,-0.016203703703704053,563300,-0.016203703703703942,563300,-0.01620370370370383,563300,0,0,0,0
2026-07-23,0.005136986301369939,512890,0.005136986301369939,512890,0.018823529411764683,563300,0.018823529411764683,563300,0.018823529411764683,563300,0.018823529411764683,563300,0.018823529411764683,563300,0,0,0,0
2026-07-24,-0.010221465076660996,512890,-0.010221465076660996,512890,-0.033102386451116184,563300,-0.033102386451116295,563300,-0.033102386451116184,563300,-0.03310238645111607,563300,-0.033102386451116184,563300,0,0,0,0
2026-07-27,0.004302925989672968,512890,0.004302925989672968,512890,0.04278503184713367,512890,0.04278503184713367,512890,0.04278503184713367,512890,0.04278503184713367,512890,0.04278503184713367,512890,0,0,0,0
2026-07-28,0.007712082262210762,512890,0.007712082262210762,512890,0.007712082262210762,512890,0.007510539845758446,513120,0.007712082262210762,512890,0.007510539845758224,513120,0.007510539845758224,513120,0,0,0,0
2026-07-29,0.009353741496598733,512890,0.009353741496598733,512890,0.009353741496598733,512890,0.012931034482758674,513120,0.009353741496598733,512890,0.012931034482758674,513120,0.012931034482758674,513120,0,0,0,0
2026-07-30,0.01664582982308338,513120,0.01664582982308338,513120,0.016645829823083602,513120,-0.02382978723404261,513120,0.016645829823083602,513120,-0.02382978723404261,513120,-0.02382978723404261,513120,0,0,0,0
2026-07-31,0.006773321708805513,512890,0.006773321708805735,512890,0.006773321708805735,512890,0.006974716652136115,513120,0.006773321708805513,512890,0.006974716652136115,513120,0.006974716652136115,513120,0,0,0,0
2026-08-03,-0.001030398671096222,513120,-0.001030398671096222,513120,-0.001030398671096111,513120,-0.017316017316017174,513120,-0.001030398671096333,513120,-0.017316017316017174,513120,-0.017316017316017285,513120,0,0,0,0
2026-08-04,0.028869074889867674,512890,0.028869074889867674,512890,0.028869074889867674,512890,0.029074889867841236,513120,0.029074889867841236,513120,0.029074889867841236,513120,0.029074889867841236,513120,0,0,0,0
2026-08-05,-0.010204081632652962,512890,-0.010204081632653073,512890,-0.010204081632652962,512890,0.019691780821917915,513120,0.019691780821917915,513120,0.019691780821917915,513120,0.019691780821917915,513120,0,0,0,0
2026-08-06,0.0017182130584192379,512890,0.0017182130584192379,512890,0.0017182130584192379,512890,-0.0025188916876576206,513120,-0.0025188916876577316,513120,-0.0025188916876575096,513120,-0.0025188916876576206,513120,0,0,0,0
2026-08-07,-0.007059691252144229,512400,-0.007059691252144229,512400,-0.007059691252144229,512400,0.05786919191919182,512400,0.05786919191919182,512400,0.05786919191919182,512400,0.058080808080807955,513120,0,0,0,0
2026-08-10,0.016624685138538986,512400,0.016624685138538986,512400,0.016624685138538986,512400,0.016624685138538986,512400,0.016624685138538986,512400,0.016624685138538986,512400,0.020684168655529023,513120,0,0,0,0
2026-08-11,-0.04776233894945481,513100,-0.04776233894945481,513100,-0.0477623389494547,513100,-0.04776233894945481,513100,-0.04776233894945481,513100,-0.04776233894945481,513100,0.0,513120,0,0,0,0
2026-08-12,0.004765146726862346,512400,0.004765146726862346,512400,0.004765146726862346,512400,0.004765146726862346,512400,0.004966139954853288,513100,0.004966139954853288,513100,-0.0077942322681215925,513120,0,0,0,0
2026-08-13,-0.03659793814432988,512400,-0.03659793814432988,512400,-0.03659793814432988,512400,-0.03659793814432988,512400,-0.00019999999999997797,512400,0.0,513100,0.010212097407698462,513120,0,0,0,0
2026-08-14,0.011235955056179803,512400,0.011235955056179803,512400,0.011235955056179803,512400,0.011235955056179803,512400,0.011235955056179803,512400,0.017070979335130243,513100,-0.02566096423017139,513120,0,0,0,0
2026-08-17,0.030687830687830653,512400,0.030687830687830653,512400,0.030687830687830653,512400,0.030687830687830653,512400,0.030687830687830653,512400,0.004216077738516066,563300,0.011971268954509284,513120,0,0,0,0
2026-08-18,-0.007700205338808996,512400,-0.007700205338808996,512400,-0.007700205338808996,512400,-0.007700205338808996,512400,-0.007700205338808996,512400,-0.004768392370572028,563300,0.011041009463722329,513120,0,0,0,0
2026-08-19,-0.03588867046042432,513120,-0.03588867046042421,513120,-0.0358886704604241,513120,-0.0358886704604241,513120,-0.0358886704604241,513120,-0.050840109514031506,513120,-0.004680187207488085,513120,0,0,0,0
2026-08-20,0.05250783699059558,513120,0.05250783699059558,513120,0.05250783699059536,513120,0.05250783699059558,513120,0.05250783699059558,513120,0.05250783699059558,513120,0.05250783699059558,513120,0,0,0,0
2026-08-21,-0.009679821295606739,513120,-0.009679821295606739,513120,-0.009679821295606739,513120,-0.009679821295606739,513120,-0.009679821295606739,513120,-0.009679821295606739,513120,-0.009679821295606739,513120,0,0,0,0
2026-08-24,-0.029517443609022642,518880,-0.02932330827067675,513120,-0.02932330827067675,513120,-0.02932330827067675,513120,-0.02932330827067664,513120,-0.029517443609022753,518880,-0.029517443609022642,518880,0,0,0,0
2026-08-25,-0.003241321622751925,518880,0.027885360185902375,513120,0.027885360185902375,513120,0.027885360185902375,513120,0.027885360185902375,513120,-0.003241321622752147,518880,-0.003241321622752036,518880,0,0,0,0
2026-08-26,-0.0016783803629497607,518880,0.014318010550113058,513120,0.014318010550113058,513120,0.014318010550113058,513120,0.014318010550113058,513120,-0.0016783803629497607,518880,-0.0016783803629497607,518880,0,0,0,0
2026-08-27,-0.007658842072081451,513120,0.007429420505200568,513120,0.007429420505200568,513120,0.007429420505200568,513120,0.007429420505200568,513120,-0.007460334138909341,518880,-0.007460334138909341,518880,0,0,0,0
2026-08-28,-0.016224188790560423,513120,-0.016224188790560423,513120,-0.016224188790560423,513120,-0.016224188790560423,513120,-0.016224188790560423,513120,0.0030700825746348137,518880,0.0030700825746348137,518880,0,0,0,0
2026-08-31,-0.03223388305847086,513120,-0.03223388305847086,513120,-0.03223388305847086,513120,-0.03223388305847086,513120,-0.03223388305847086,513120,-0.03607672823218988,513120,-0.03607672823218999,513120,0,0,0,0
2026-09-01,-0.0023237800154918276,513120,-0.0023237800154917165,513120,-0.0023237800154918276,513120,-0.0023237800154918276,513120,-0.0023237800154918276,513120,-0.0023237800154918276,513120,-0.0023237800154918276,513120,0,0,0,0
2026-09-02,0.0,513120,0.0,513120,0.0,513120,0.0,513120,0.0,513120,0.0,513120,0.0,513120,0,0,0,0
2026-09-03,0.02795031055900621,513120,0.02795031055900621,513120,0.02795031055900621,513120,0.02795031055900621,513120,0.02795031055900621,513120,0.02795031055900621,513120,0.02795031055900621,513120,0,0,0,0
2026-09-04,-0.006797583081571079,513120,-0.006797583081571079,513120,-0.006797583081571079,513120,-0.006797583081571079,513120,-0.006797583081571079,513120,-0.00679758308157119,513120,-0.006797583081571079,513120,0,0,0,0
2026-09-07,-0.010646387832699555,513120,-0.010646387832699444,513120,-0.010646387832699555,513120,-0.010646387832699666,513120,-0.010646387832699555,513120,-0.010646387832699555,513120,-0.010646387832699555,513120,0,0,0,0
2026-09-08,0.008455034588777943,513120,0.008455034588777943,513120,0.008455034588777943,513120,0.008455034588777943,513120,0.008455034588777943,513120,0.008455034588777943,513120,0.008455034588777943,513120,0,0,0,0
2026-09-09,-0.020579268292683195,513120,-0.020579268292683195,513120,-0.020579268292683195,513120,-0.020579268292683195,513120,-0.020579268292683195,513120,-0.020579268292683195,513120,-0.020579268292683195,513120,0,0,0,0
2026-09-10,-0.02665385214007787,513100,-0.02665385214007776,513100,-0.02665385214007776,513100,-0.02665385214007787,513100,-0.026653852140077983,513100,-0.02665385214007787,513100,-0.02665385214007776,513100,0,0,0,0
2026-09-11,-0.008111762054979432,513100,-0.008111762054979432,513100,-0.008111762054979432,513100,-0.008111762054979543,513100,-0.008111762054979432,513100,-0.008111762054979543,513100,-0.008111762054979543,513100,0,0,0,0
2026-09-14,-0.004543389368468986,513100,-0.004543389368469097,513100,-0.004543389368468986,513100,-0.004543389368468986,513100,-0.004543389368468986,513100,-0.004543389368468986,513100,-0.004543389368468986,513100,0,0,0,0
2026-09-15,0.0022820629849384932,513100,0.0022820629849384932,513100,0.0022820629849384932,513100,0.0022820629849384932,513100,0.0022820629849384932,513100,0.0022820629849384932,513100,0.0022820629849384932,513100,0,0,0,0
2026-09-16,0.01001821493624755,513100,0.01001821493624755,513100,0.01001821493624755,513100,0.01001821493624755,513100,0.01001821493624755,513100,0.01001821493624755,513100,0.01001821493624755,513100,0,0,0,0
2026-09-17,0.0009017132551849549,513100,0.0009017132551849549,513100,0.0009017132551849549,513100,0.0009017132551849549,513100,0.0009017132551849549,513100,0.0009017132551849549,513100,0.0009017132551849549,513100,0,0,0,0
2026-09-18,0.022072072072071958,513100,0.022072072072071958,513100,0.022072072072071958,513100,0.022072072072071958,513100,0.022072072072071958,513100,0.022072072072071958,513100,0.022072072072071958,513100,0,0,0,0
2026-09-21,0.006170118995151963,513100,0.006170118995151963,513100,0.006170118995151963,513100,0.006170118995151963,513100,0.006170118995151963,513100,0.006170118995151963,513100,0.006170118995151963,513100,0,0,0,0
2026-09-22,0.014454664914586024,513100,0.014454664914586024,513100,0.014454664914586024,513100,0.014454664914586024,513100,0.014454664914586024,513100,0.014454664914586024,513100,0.014454664914586024,513100,0,0,0,0
2026-09-23,0.007772020725388629,513100,0.007772020725388629,513100,0.007772020725388629,513100,0.007772020725388629,513100,0.007772020725388629,513100,0.007772020725388629,513100,0.007772020725388629,513100,0,0,0,0
2026-09-24,-0.009425878320479919,513100,-0.009425878320479919,513100,-0.009425878320479919,513100,-0.009425878320479919,513100,-0.009425878320479919,513100,-0.00942587832048003,513100,-0.009425878320479919,513100,0,0,0,0
