2013-03-25,94.73,94.638,46249.0
2013-03-26,94.63,94.879,29732.0
2013-03-27,94.878,94.855,37400.0
2013-03-28,94.86,94.961,47058.0
2013-03-29,94.96,95.063,23638.0
2013-04-01,95.063,95.175,33907.0
2013-04-02,95.182,95.352,60449.0
2013-04-03,95.459,95.595,52188.0
2013-04-08,95.6,95.521,49017.0
2013-04-09,95.53,95.497,52027.0
2013-04-10,95.51,95.526,55964.0
2013-04-11,95.53,95.532,62331.0
2013-04-12,95.534,95.582,32170.0
2013-04-15,95.62,95.655,38669.0
2013-04-16,95.73,95.746,58424.0
2013-04-17,95.8,95.831,69382.0
2013-04-18,95.831,95.589,51255.0
2013-04-19,95.446,95.34,47575.0
2013-04-22,95.295,95.089,45338.0
2013-04-23,95.03,95.375,50416.0
2013-04-24,95.37,95.384,44135.0
2013-04-25,95.384,95.519,70460.0
2013-04-26,95.521,95.587,62735.0
2013-05-02,95.63,95.727,57509.0
2013-05-03,95.821,95.733,60391.0
2013-05-06,95.73,95.711,53761.0
2013-05-07,95.738,95.76,57144.0
2013-05-08,95.82,95.75,74555.0
2013-05-09,95.76,95.749,70532.0
2013-05-10,95.744,95.782,84503.0
2013-05-13,95.78,95.751,54418.0
2013-05-14,95.763,95.743,58989.0
2013-05-15,95.742,95.704,71361.0
2013-05-16,95.704,95.581,90090.0
2013-05-17,95.63,95.686,70864.0
2013-05-20,95.68,95.658,73534.0
2013-05-21,95.639,95.58,94072.0
2013-05-22,95.585,95.601,86697.0
2013-05-23,95.611,95.594,97745.0
2013-05-24,95.601,95.61,72952.0
2013-05-27,95.619,95.714,92681.0
2013-05-28,95.72,95.72,86570.0
2013-05-29,95.731,95.715,91710.0
2013-05-30,95.71,95.741,86998.0
2013-05-31,95.74,95.733,79604.0
2013-06-03,95.795,95.719,91586.0
2013-06-04,95.713,95.715,80708.0
2013-06-05,95.702,95.69,116934.0
2013-06-06,95.69,95.693,155120.0
2013-06-07,95.7,95.716,160578.0
2013-06-13,95.718,95.721,155559.0
2013-06-14,95.73,95.68,112053.0
2013-06-17,95.671,95.651,117988.0
2013-06-18,95.652,95.598,114005.0
2013-06-19,95.571,95.281,89283.0
2013-06-20,95.312,94.37,63175.0
2013-06-21,94.32,94.541,96270.0
2013-06-24,94.6,94.569,80438.0
2013-06-25,94.66,95.134,75956.0
2013-06-26,95.07,95.543,85533.0
2013-06-27,95.576,95.643,126224.0
2013-06-28,95.676,95.678,108476.0
2013-07-01,95.706,95.671,76341.0
2013-07-02,95.709,95.678,71865.0
2013-07-03,95.678,95.621,65937.0
2013-07-04,95.621,95.618,47679.0
2013-07-05,95.647,95.678,48185.0
2013-07-08,95.681,95.715,47814.0
2013-07-09,95.73,95.585,34423.0
2013-07-10,95.6,95.523,49400.0
2013-07-11,95.518,94.949,36793.0
2013-07-12,94.96,94.795,42024.0
2013-07-15,94.796,94.897,54235.0
2013-07-16,94.895,94.84,56794.0
2013-07-17,94.84,94.667,45014.0
2013-07-18,94.66,94.655,48857.0
2013-07-19,94.631,94.684,42097.0
2013-07-22,94.684,94.616,48813.0
2013-07-23,94.625,94.624,85910.0
2013-07-24,94.629,94.513,49320.0
2013-07-25,94.46,94.46,65361.0
2013-07-26,94.498,94.529,34624.0
2013-07-29,94.56,94.59,54246.0
2013-07-30,94.59,94.705,52811.0
2013-07-31,94.755,94.892,78347.0
2013-08-01,94.911,94.991,78904.0
2013-08-02,95.06,94.79,49201.0
2013-08-05,94.802,94.79,82713.0
2013-08-06,94.806,94.8,83455.0
2013-08-07,94.85,94.456,52913.0
2013-08-08,94.506,94.3,52926.0
2013-08-09,94.26,94.271,63742.0
2013-08-12,94.27,94.15,63488.0
2013-08-13,94.16,93.98,62007.0
2013-08-14,93.98,93.711,57542.0
2013-08-15,93.711,93.742,55832.0
2013-08-16,93.745,93.947,56622.0
2013-08-19,93.959,93.514,45911.0
2013-08-20,93.514,93.557,39249.0
2013-08-21,93.544,93.591,49473.0
2013-08-22,93.598,93.512,54664.0
2013-08-23,93.593,93.768,39264.0
2013-08-26,93.768,93.813,43823.0
2013-08-27,93.89,93.816,61134.0
2013-08-28,93.826,93.476,51266.0
2013-08-29,93.482,93.525,80603.0
2013-08-30,93.56,93.647,72010.0
2013-09-02,93.6,93.634,45724.0
2013-09-03,93.63,93.583,69573.0
2013-09-04,93.583,93.524,77782.0
2013-09-05,93.515,93.467,93549.0
2013-09-06,93.477,93.415,72015.0
2013-09-09,93.398,93.334,40180.0
2013-09-10,93.341,93.247,50955.0
2013-09-11,93.23,92.912,17552.0
2013-09-12,92.79,92.861,37016.0
2013-09-13,92.908,92.921,48953.0
2013-09-16,93.01,93.218,48784.0
2013-09-17,93.031,93.269,63926.0
2013-09-18,93.269,93.417,49673.0
2013-09-23,93.421,93.458,79473.0
2013-09-24,93.49,93.298,93052.0
2013-09-25,93.33,93.397,86193.0
2013-09-26,93.36,93.639,95830.0
2013-09-27,93.61,93.601,74784.0
2013-09-30,93.602,93.648,52715.0
2013-10-08,93.651,93.696,42488.0
2013-10-09,93.703,93.769,33148.0
2013-10-10,93.769,93.711,23281.0
2013-10-11,93.79,93.697,25213.0
2013-10-14,93.697,93.515,36848.0
2013-10-15,93.526,93.501,82705.0
2013-10-16,93.506,93.579,69197.0
2013-10-17,93.587,93.383,66613.0
2013-10-18,93.383,93.394,114404.0
2013-10-21,93.388,93.364,76921.0
2013-10-22,93.301,93.319,70318.0
2013-10-23,93.312,93.36,69208.0
2013-10-24,93.31,93.197,90266.0
2013-10-25,93.18,93.102,85836.0
2013-10-28,93.278,93.087,91371.0
2013-10-29,93.198,92.999,79246.0
2013-10-30,93.006,92.948,137011.0
2013-10-31,93.025,93.247,160060.0
2013-11-01,93.25,93.327,102552.0
2013-11-04,93.338,93.212,65790.0
2013-11-05,93.233,93.085,78854.0
2013-11-06,93.091,92.808,117606.0
2013-11-07,92.809,92.329,33889.0
2013-11-08,92.243,91.946,27324.0
2013-11-11,91.66,91.51,38263.0
2013-11-12,91.53,91.723,42079.0
2013-11-13,91.723,91.301,47305.0
2013-11-14,91.311,91.666,55150.0
2013-11-15,91.766,91.294,43482.0
2013-11-18,91.295,91.124,55313.0
2013-11-19,91.203,91.41,58837.0
2013-11-20,91.456,91.49,75476.0
2013-11-21,91.59,91.68,94056.0
2013-11-22,91.693,92.033,92939.0
2013-11-25,92.065,91.952,92810.0
2013-11-26,92.1,91.91,191172.0
2013-11-27,91.95,92.121,162909.0
2013-11-28,92.11,92.124,193556.0
2013-11-29,92.154,92.127,174654.0
2013-12-02,92.13,91.44,147101.0
2013-12-03,91.5,91.796,132170.0
2013-12-04,91.91,91.888,199898.0
2013-12-05,91.84,91.981,145501.0
2013-12-06,92.078,91.934,136217.0
2013-12-09,91.943,91.718,64263.0
2013-12-10,91.665,91.481,79052.0
2013-12-11,91.35,91.475,58720.0
2013-12-12,91.51,91.725,60444.0
2013-12-13,91.74,91.757,83875.0
2013-12-16,91.978,91.661,61492.0
2013-12-17,91.798,91.617,81480.0
2013-12-18,91.661,91.534,91914.0
2013-12-19,91.507,91.386,67237.0
2013-12-20,91.435,91.41,54078.0
2013-12-23,91.433,91.527,67033.0
2013-12-24,91.568,91.503,52544.0
2013-12-25,91.515,91.599,59598.0
2013-12-26,91.65,91.657,24859.0
2013-12-27,91.665,91.553,37522.0
2013-12-30,91.545,91.563,58882.0
2013-12-31,91.57,91.788,28073.0
2014-01-02,91.723,91.616,8231.0
2014-01-03,91.608,91.361,3865.0
2014-01-06,91.4,91.173,2547.0
2014-01-07,91.199,91.343,1908.0
2014-01-08,91.215,91.606,3087.0
2014-01-09,91.61,91.511,2754.0
2014-01-10,91.629,91.577,9261.0
2014-01-13,91.909,91.69,6262.0
2014-01-14,91.702,91.609,5813.0
2014-01-15,91.591,91.684,6646.0
2014-01-16,91.959,91.682,9780.0
2014-01-17,91.681,91.54,9014.0
2014-01-20,91.679,91.489,13714.0
2014-01-21,91.61,91.838,12265.0
2014-01-22,91.93,92.13,11271.0
2014-01-23,92.13,92.204,21732.0
2014-01-24,92.204,92.136,11093.0
2014-01-27,92.136,92.555,21442.0
2014-01-28,92.51,92.511,15232.0
2014-01-29,92.511,92.475,7523.0
2014-01-30,92.346,92.51,5409.0
2014-02-07,92.51,92.571,6096.0
2014-02-10,92.575,92.58,14454.0
2014-02-11,92.58,92.632,11936.0
2014-02-12,92.649,92.633,14477.0
2014-02-13,92.66,92.68,18480.0
2014-02-14,92.68,92.82,19656.0
2014-02-17,92.82,92.785,26794.0
2014-02-18,92.796,92.83,32327.0
2014-02-19,92.78,93.077,14603.0
2014-02-20,93.079,93.01,15546.0
2014-02-21,93.01,92.871,14559.0
2014-02-24,92.843,93.035,21001.0
2014-02-25,93.035,93.243,36751.0
2014-02-26,93.276,93.243,30022.0
2014-02-27,93.308,93.479,30647.0
2014-02-28,93.49,93.443,26196.0
2014-03-03,93.41,93.371,23783.0
2014-03-04,93.332,93.01,11815.0
2014-03-05,92.96,92.959,22839.0
2014-03-06,93.0,93.033,19734.0
2014-03-07,92.76,92.98,11063.0
2014-03-10,93.01,92.976,22082.0
2014-03-11,83.287,93.045,13427.0
2014-03-12,93.125,93.052,32680.0
2014-03-13,93.1,93.32,13292.0
2014-03-14,93.12,93.361,9256.0
2014-03-17,93.369,93.462,16785.0
2014-03-18,93.446,93.274,17508.0
2014-03-19,93.31,93.198,23416.0
2014-03-20,93.12,93.148,25722.0
2014-03-21,93.199,93.359,20676.0
2014-03-24,93.16,93.367,26380.0
2014-03-25,93.427,93.314,31553.0
2014-03-26,93.315,93.309,23224.0
2014-03-27,93.268,93.284,33287.0
2014-03-28,93.11,93.122,23517.0
2014-03-31,93.149,93.069,24529.0
2014-04-01,93.011,93.018,19594.0
2014-04-02,92.97,92.932,17841.0
2014-04-03,92.926,92.929,19294.0
2014-04-04,92.521,92.832,21206.0
2014-04-08,92.51,92.907,18452.0
2014-04-09,92.86,92.999,23611.0
2014-04-10,92.811,93.107,24047.0
2014-04-11,93.11,93.364,13750.0
2014-04-14,93.305,93.461,18105.0
2014-04-15,93.41,93.786,20354.0
2014-04-16,93.757,93.476,22902.0
2014-04-17,93.808,94.039,14534.0
2014-04-18,94.018,94.062,21665.0
2014-04-21,94.16,94.192,20424.0
2014-04-22,94.115,93.796,23489.0
2014-04-23,93.81,93.856,25861.0
2014-04-24,93.709,93.529,17357.0
2014-04-25,93.803,93.819,28847.0
2014-04-28,93.66,93.678,16648.0
2014-04-29,93.668,93.795,19368.0
2014-04-30,93.72,94.132,17829.0
2014-05-05,94.09,94.266,21252.0
2014-05-06,94.31,94.353,26562.0
2014-05-07,94.353,94.21,32349.0
2014-05-08,94.228,94.366,29666.0
2014-05-09,94.366,94.722,38124.0
2014-05-12,94.76,94.63,45821.0
2014-05-13,94.66,94.597,58093.0
2014-05-14,94.6,94.47,34213.0
2014-05-15,94.51,94.555,42225.0
2014-05-16,94.461,94.562,38319.0
2014-05-19,94.568,94.498,67095.0
2014-05-20,94.412,94.513,62494.0
2014-05-21,94.511,94.46,66375.0
2014-05-22,94.18,94.584,55575.0
2014-05-23,94.591,94.654,62868.0
2014-05-26,94.625,94.778,64008.0
2014-05-27,94.794,95.057,52471.0
2014-05-28,95.07,95.06,105048.0
2014-05-29,95.09,95.229,51263.0
2014-05-30,95.406,95.337,71259.0
2014-06-03,95.361,95.5,70236.0
2014-06-04,95.5,95.911,49304.0
2014-06-05,95.923,95.301,20584.0
2014-06-06,95.343,95.372,68883.0
2014-06-09,95.42,95.407,49136.0
2014-06-10,95.407,95.388,67680.0
2014-06-11,95.373,95.47,68003.0
2014-06-12,95.39,95.289,71685.0
2014-06-13,95.265,95.246,86024.0
2014-06-16,95.29,95.645,65251.0
2014-06-17,95.671,95.433,69082.0
2014-06-18,95.49,95.446,72243.0
2014-06-19,95.485,95.41,106498.0
2014-06-20,95.415,95.499,99770.0
2014-06-23,95.48,95.509,146234.0
2014-06-24,95.533,95.754,129163.0
2014-06-25,95.585,95.724,96730.0
2014-06-26,95.767,95.53,85205.0
2014-06-27,95.54,95.451,87140.0
2014-06-30,95.466,95.396,38441.0
2014-07-01,95.446,95.296,28458.0
2014-07-02,95.296,95.218,28576.0
2014-07-03,95.221,95.234,28267.0
2014-07-04,95.224,95.232,27851.0
2014-07-07,95.26,95.19,23802.0
2014-07-08,95.176,94.847,17648.0
2014-07-09,94.91,94.555,16011.0
2014-07-10,94.542,94.193,18212.0
2014-07-11,94.246,94.922,14592.0
2014-07-14,94.92,95.028,17265.0
2014-07-15,95.028,94.95,17501.0
2014-07-16,94.911,94.714,16395.0
2014-07-17,94.616,94.405,19589.0
2014-07-18,94.31,94.373,14076.0
2014-07-21,94.31,94.425,21240.0
2014-07-22,94.39,94.515,36004.0
2014-07-23,94.52,94.524,20606.0
2014-07-24,94.572,94.484,37968.0
2014-07-25,94.621,94.647,25740.0
2014-07-28,94.63,94.644,35833.0
2014-07-29,94.62,94.62,40319.0
2014-07-30,94.631,94.796,32153.0
2014-07-31,94.68,94.816,19827.0
2014-08-01,94.73,95.305,14016.0
2014-08-04,95.26,95.313,12994.0
2014-08-05,95.261,95.394,21284.0
2014-08-06,95.395,95.491,44359.0
2014-08-07,95.467,95.316,39939.0
2014-08-08,95.32,95.412,35485.0
2014-08-11,95.34,95.457,50599.0
2014-08-12,95.411,95.39,46616.0
2014-08-13,95.39,95.464,53973.0
2014-08-14,95.512,95.525,39024.0
2014-08-15,95.443,95.651,50895.0
2014-08-18,95.56,95.584,66801.0
2014-08-19,95.576,95.547,106258.0
2014-08-20,95.51,95.508,92949.0
2014-08-21,95.511,95.45,91178.0
2014-08-22,95.451,95.423,124559.0
2014-08-25,95.41,95.422,135096.0
2014-08-26,95.433,95.498,70137.0
2014-08-27,95.49,95.419,84379.0
2014-08-28,95.47,95.482,83980.0
2014-08-29,95.432,95.503,75403.0
2014-09-01,95.47,95.56,96055.0
2014-09-02,95.54,95.526,65393.0
2014-09-03,95.535,95.505,84219.0
2014-09-04,95.505,95.484,101347.0
2014-09-05,95.485,95.482,85248.0
2014-09-09,95.502,95.511,76646.0
2014-09-10,95.517,95.446,71796.0
2014-09-11,95.445,95.434,75125.0
2014-09-12,95.449,95.412,120881.0
2014-09-15,95.446,95.506,89114.0
2014-09-16,95.513,95.49,73768.0
2014-09-17,95.526,95.509,77640.0
2014-09-18,95.505,96.0,48210.0
2014-09-19,96.032,96.102,51441.0
2014-09-22,96.045,96.203,61123.0
2014-09-23,96.3,96.462,53527.0
2014-09-24,96.241,95.998,23473.0
2014-09-25,96.028,96.046,26381.0
2014-09-26,96.05,95.97,29653.0
2014-09-29,96.035,96.207,48535.0
2014-09-30,96.232,96.648,44050.0
2014-10-08,97.31,96.589,25722.0
2014-10-09,96.59,96.622,69352.0
2014-10-10,96.639,96.578,84731.0
2014-10-13,96.629,96.663,54838.0
2014-10-14,96.69,97.366,19762.0
2014-10-15,97.56,97.738,22952.0
2014-10-16,97.723,98.041,57696.0
2014-10-17,97.81,98.31,33762.0
2014-10-20,98.35,98.486,51646.0
2014-10-21,98.415,98.241,27486.0
2014-10-22,98.489,97.732,28047.0
2014-10-23,97.758,97.847,106781.0
2014-10-24,97.71,97.89,46037.0
2014-10-27,97.965,97.813,129037.0
2014-10-28,97.878,98.188,52014.0
2014-10-29,98.21,98.434,99397.0
2014-10-30,98.434,98.349,68984.0
2014-10-31,98.361,98.315,61239.0
2014-11-03,98.413,98.533,46247.0
2014-11-04,98.575,99.049,56407.0
2014-11-05,99.088,99.319,74303.0
2014-11-06,99.297,99.061,36962.0
2014-11-07,99.075,99.489,68920.0
2014-11-10,99.468,99.775,84274.0
2014-11-11,99.79,99.701,38239.0
2014-11-12,99.811,99.667,47143.0
2014-11-13,99.712,99.448,41492.0
2014-11-14,99.311,99.313,121392.0
2014-11-17,99.411,98.977,131694.0
2014-11-18,98.99,99.351,141873.0
2014-11-19,99.34,99.111,183793.0
2014-11-20,99.21,99.105,205286.0
2014-11-21,99.1,99.153,105241.0
2014-11-24,99.51,99.366,117684.0
2014-11-25,99.513,99.501,51034.0
2014-11-26,99.501,99.48,117646.0
2014-11-27,99.522,99.553,114989.0
2014-11-28,99.7,99.605,83593.0
2014-12-01,99.572,99.73,60819.0
2014-12-02,99.72,99.562,98023.0
2014-12-03,99.55,98.833,35752.0
2014-12-04,98.83,98.398,98681.0
2014-12-05,98.389,98.046,63610.0
2014-12-08,98.31,97.815,99060.0
2014-12-09,97.522,97.769,50594.0
2014-12-10,97.81,97.97,122561.0
2014-12-11,97.981,98.047,196687.0
2014-12-12,98.06,98.184,295963.0
2014-12-15,98.18,98.3,296056.0
2014-12-16,98.241,98.417,282163.0
2014-12-17,98.417,98.93,200272.0
2014-12-18,98.96,98.631,206661.0
2014-12-19,98.621,98.696,276207.0
2014-12-22,98.71,98.715,244310.0
2014-12-23,98.723,98.9,347173.0
2014-12-24,99.208,99.188,126947.0
2014-12-25,99.213,99.134,352140.0
2014-12-26,99.199,99.014,369967.0
2014-12-29,99.112,99.013,325773.0
2014-12-30,99.06,98.775,386978.0
2014-12-31,98.898,98.908,170909.0
2015-01-05,98.906,98.806,21728.0
2015-01-06,98.673,98.872,16614.0
2015-01-07,98.84,99.002,57835.0
2015-01-08,99.109,99.028,91999.0
2015-01-09,99.036,99.225,76539.0
2015-01-12,99.208,99.5,74098.0
2015-01-13,99.461,99.738,89036.0
2015-01-14,99.761,99.852,74153.0
2015-01-15,100.21,100.167,68892.0
2015-01-16,100.06,100.727,45617.0
2015-01-19,100.71,101.053,36653.0
2015-01-20,99.87,101.058,51972.0
2015-01-21,101.204,101.125,107539.0
2015-01-22,101.188,101.153,78538.0
2015-01-23,101.161,101.203,145966.0
2015-01-26,101.287,101.33,141887.0
2015-01-27,101.26,101.429,133017.0
2015-01-28,101.429,101.359,180515.0
2015-01-29,101.124,101.199,87964.0
2015-01-30,101.21,100.823,98527.0
2015-02-02,100.91,100.967,122450.0
2015-02-03,100.942,101.183,50356.0
2015-02-04,101.208,101.341,101217.0
2015-02-05,101.441,101.543,199291.0
2015-02-06,101.558,101.962,4913.0
2015-02-09,101.965,102.105,28168.0
2015-02-10,102.13,101.45,29628.0
2015-02-11,101.809,101.997,26260.0
2015-02-12,102.11,102.283,39895.0
2015-02-13,102.25,102.472,191147.0
2015-02-16,102.478,102.187,33206.0
2015-02-17,102.346,102.408,21161.0
2015-02-25,102.46,102.414,118964.0
2015-02-26,102.605,102.217,149498.0
2015-02-27,102.181,102.239,91356.0
2015-03-02,102.255,101.917,36813.0
2015-03-03,101.885,101.869,65814.0
2015-03-04,101.79,101.945,95170.0
2015-03-05,101.947,101.766,92747.0
2015-03-06,101.731,101.732,38431.0
2015-03-09,101.711,101.385,38809.0
2015-03-10,101.589,101.257,26651.0
2015-03-11,101.459,101.81,40329.0
2015-03-12,101.81,101.813,32719.0
2015-03-13,101.832,101.727,71394.0
2015-03-16,102.01,101.725,208716.0
2015-03-17,101.651,101.788,101521.0
2015-03-18,101.791,101.764,88522.0
2015-03-19,101.765,101.766,60086.0
2015-03-20,101.779,101.783,128026.0
2015-03-23,101.792,101.853,101047.0
2015-03-24,101.894,101.852,126109.0
2015-03-25,101.871,101.862,77121.0
2015-03-26,101.863,101.833,176386.0
2015-03-27,101.833,101.75,86630.5
2015-03-30,101.75,101.248,75509.0
2015-03-31,101.262,100.556,90504.0
2015-04-01,100.71,100.929,85698.0
2015-04-02,100.951,101.13,138896.0
2015-04-03,101.182,101.009,94896.0
2015-04-07,100.981,100.934,112842.0
2015-04-08,100.93,100.765,42462.0
2015-04-09,100.621,100.839,203174.0
2015-04-10,100.852,100.897,199937.0
2015-04-13,100.92,100.976,57727.0
2015-04-14,100.976,101.153,33207.0
2015-04-15,101.207,101.122,58811.0
2015-04-16,101.122,101.807,30579.0
2015-04-17,101.398,101.823,95520.0
2015-04-20,101.911,102.17,32967.0
2015-04-21,102.289,102.227,77044.0
2015-04-22,102.51,102.452,65555.0
2015-04-23,102.458,102.347,40963.0
2015-04-24,102.347,102.16,84775.0
2015-04-27,102.179,102.45,99996.0
2015-04-28,102.42,102.569,48547.0
2015-04-29,102.362,102.609,65412.0
2015-04-30,102.51,102.74,48759.0
2015-05-04,102.95,102.422,34969.0
2015-05-05,102.56,102.378,52122.0
2015-05-06,102.351,101.965,27832.0
2015-05-07,101.911,102.168,44164.0
2015-05-08,102.266,102.539,59683.0
2015-05-11,102.54,102.708,31498.0
2015-05-12,102.78,102.69,60054.0
2015-05-13,102.71,102.642,54757.0
2015-05-14,102.655,102.867,30458.0
2015-05-15,102.927,102.882,55070.0
2015-05-18,102.891,102.91,99637.0
2015-05-19,102.835,102.703,44912.0
2015-05-20,102.898,102.595,23974.0
2015-05-21,102.556,102.456,34133.0
2015-05-22,102.508,102.55,66163.0
2015-05-25,102.61,102.545,36943.0
2015-05-26,102.547,102.524,93759.0
2015-05-27,102.42,102.416,130923.0
2015-05-28,102.51,102.439,280075.0
2015-05-29,102.43,101.821,62704.0
2015-06-01,101.996,101.31,65704.0
2015-06-02,101.28,101.48,78274.0
2015-06-03,101.43,102.105,107687.0
2015-06-04,102.11,102.2,69348.0
2015-06-05,102.16,102.561,126671.0
2015-06-08,102.513,102.661,59052.0
2015-06-09,102.9,102.449,106516.0
2015-06-10,102.598,102.203,38586.0
2015-06-11,102.165,102.25,263930.0
2015-06-12,102.25,102.12,172356.0
2015-06-15,102.12,101.709,50684.0
2015-06-16,101.96,101.706,72797.0
2015-06-17,101.621,101.56,45547.0
2015-06-18,101.85,101.631,132692.0
2015-06-19,101.631,101.708,65884.0
2015-06-23,101.65,101.902,70294.0
2015-06-24,101.902,102.166,156070.0
2015-06-25,102.176,101.71,121915.0
2015-06-26,101.829,101.305,136295.0
2015-06-29,101.88,101.46,71258.0
2015-06-30,101.422,101.398,59485.0
2015-07-01,101.398,101.58,6560.0
2015-07-02,101.57,101.333,3876.0
2015-07-03,101.281,101.417,4004.0
2015-07-06,101.43,102.1,5231.0
2015-07-07,101.752,102.809,17908.0
2015-07-08,102.821,103.328,11099.0
2015-07-09,103.111,103.163,4781.0
2015-07-10,103.296,102.552,2907.0
2015-07-13,102.51,102.694,21578.0
2015-07-14,102.69,102.59,32095.0
2015-07-15,102.665,102.843,39241.0
2015-07-16,102.842,103.41,31873.0
2015-07-17,103.41,104.115,14537.0
2015-07-20,103.821,103.911,10794.0
2015-07-21,104.205,103.87,19255.0
2015-07-22,103.88,103.826,30123.0
2015-07-23,103.87,103.96,21473.0
2015-07-24,103.67,103.553,21398.0
2015-07-27,103.683,103.609,12620.0
2015-07-28,103.639,103.884,21110.0
2015-07-29,103.89,104.231,16475.0
2015-07-30,104.098,103.776,44192.0
2015-07-31,103.788,103.69,58232.0
2015-08-03,103.68,103.903,35316.0
2015-08-04,103.31,103.692,72125.0
2015-08-05,103.91,103.933,94868.0
2015-08-06,103.911,104.132,65617.0
2015-08-07,104.16,104.199,60369.0
2015-08-10,104.03,104.173,17158.0
2015-08-11,104.15,104.103,26476.0
2015-08-12,104.1,104.032,26406.0
2015-08-13,104.005,103.918,48469.0
2015-08-14,103.96,103.868,33614.0
2015-08-17,103.835,103.528,12781.0
2015-08-18,103.609,103.145,26995.0
2015-08-19,103.059,103.208,153487.0
2015-08-20,103.15,103.196,173871.0
2015-08-21,103.11,103.223,51376.0
2015-08-24,103.098,103.393,34663.0
2015-08-25,103.294,103.51,86529.0
2015-08-26,103.32,103.61,102462.0
2015-08-27,103.708,103.888,74265.0
2015-08-28,103.802,104.042,21280.0
2015-08-31,104.042,104.276,153936.0
2015-09-01,104.36,104.64,94819.0
2015-09-02,104.61,104.625,28987.0
2015-09-07,104.618,104.529,82456.0
2015-09-08,104.505,104.149,103619.0
2015-09-09,104.145,104.177,133255.0
2015-09-10,104.201,103.96,56820.0
2015-09-11,104.009,103.724,94782.0
2015-09-14,103.719,103.899,119552.0
2015-09-15,103.92,103.938,128676.0
2015-09-16,103.935,103.91,123281.0
2015-09-17,103.86,103.882,176434.0
2015-09-18,103.909,103.868,133179.0
2015-09-21,103.91,103.887,193669.0
2015-09-22,103.888,103.815,206110.0
2015-09-23,103.82,103.831,383464.0
2015-09-24,103.831,103.825,284192.0
2015-09-25,103.83,103.788,359103.0
2015-09-28,103.781,103.811,162973.0
2015-09-29,103.81,103.939,52569.0
2015-09-30,104.027,104.201,20715.0
2015-10-08,104.22,104.089,5105.0
2015-10-09,104.2,104.37,7774.0
2015-10-12,104.06,104.95,9991.0
2015-10-13,104.785,104.812,8792.0
2015-10-14,104.909,105.133,21369.0
2015-10-15,105.349,104.961,11153.0
2015-10-16,104.9,104.526,11569.0
2015-10-19,104.522,104.574,23046.0
2015-10-20,104.6,105.099,8413.0
2015-10-21,105.07,105.009,19215.0
2015-10-22,105.008,104.916,11025.0
2015-10-23,104.917,105.049,6273.0
2015-10-26,104.79,105.174,20454.0
2015-10-27,105.31,105.36,20026.0
2015-10-28,105.36,105.55,9277.0
2015-10-29,105.51,105.258,16681.0
2015-10-30,105.24,105.315,12889.0
2015-11-02,105.315,105.346,17442.0
2015-11-03,105.06,105.283,11901.0
2015-11-04,105.274,104.916,10718.0
2015-11-05,104.945,104.902,10473.0
2015-11-06,104.904,104.732,9418.0
2015-11-09,104.731,103.724,10008.0
2015-11-10,103.998,104.011,7498.0
2015-11-11,104.036,104.427,20221.0
2015-11-12,104.41,104.523,17129.0
2015-11-13,104.56,104.513,21357.0
2015-11-16,104.54,104.542,9226.0
2015-11-17,104.542,104.66,16546.0
2015-11-18,104.659,104.463,45763.0
2015-11-19,104.445,104.522,15244.0
2015-11-20,104.48,104.533,7884.0
2015-11-23,104.511,104.532,13140.0
2015-11-24,104.528,104.778,13798.0
2015-11-25,104.778,104.783,23546.0
2015-11-26,104.783,105.005,18069.0
2015-11-27,105.043,104.953,31329.0
2015-11-30,104.945,105.088,10364.0
2015-12-01,105.091,104.943,6195.0
2015-12-02,105.043,105.11,8585.0
2015-12-03,105.148,105.145,16425.0
2015-12-04,105.228,105.126,20103.0
2015-12-07,105.121,105.181,19823.0
2015-12-08,105.181,105.235,17791.0
2015-12-09,105.235,105.221,16472.0
2015-12-10,105.223,105.267,17788.0
2015-12-11,105.239,105.269,23498.0
2015-12-14,105.27,105.14,43593.0
2015-12-15,105.087,105.214,12988.0
2015-12-16,105.199,105.295,21863.0
2015-12-17,105.295,105.331,26893.0
2015-12-18,105.31,105.61,31002.0
2015-12-21,105.716,106.031,7482.0
2015-12-22,106.029,105.969,10318.0
2015-12-23,105.962,106.011,10749.0
2015-12-24,106.021,106.158,8204.0
2015-12-25,106.201,106.11,9967.0
2015-12-28,106.111,106.575,26079.0
2015-12-29,106.685,106.508,13420.0
2015-12-30,106.423,106.477,18645.0
2015-12-31,106.474,106.355,10176.0
2016-01-04,106.397,106.056,1392.0
2016-01-05,106.053,105.95,1419.0
2016-01-06,105.912,105.985,5583.0
2016-01-07,105.98,106.101,3824.0
2016-01-08,106.074,106.36,2114.0
2016-01-11,106.36,106.41,3545.0
2016-01-12,106.452,106.702,2049.0
2016-01-13,106.71,106.834,3892.0
2016-01-14,106.964,106.695,3612.0
2016-01-15,106.697,106.798,3742.0
2016-01-18,106.736,106.679,7044.0
2016-01-19,106.659,106.39,4394.0
2016-01-20,106.4,106.353,4012.0
2016-01-21,106.318,106.607,2273.0
2016-01-22,106.655,106.622,3471.0
2016-01-25,106.583,106.477,3620.0
2016-01-26,106.431,106.538,3819.0
2016-01-27,106.428,106.339,5041.0
2016-01-28,106.337,106.266,7459.0
2016-01-29,106.24,106.316,14477.0
2016-02-01,106.348,106.314,12610.0
2016-02-02,106.321,106.299,8438.0
2016-02-03,106.316,106.42,5010.0
2016-02-04,106.419,106.384,12850.0
2016-02-05,106.418,106.415,13727.0
2016-02-15,106.468,106.62,19569.0
2016-02-16,106.6,106.616,14792.0
2016-02-17,106.61,106.619,33757.0
2016-02-18,106.583,106.552,9981.0
2016-02-19,106.545,106.649,26856.0
2016-02-22,106.65,106.645,29424.0
2016-02-23,106.621,106.707,15157.0
2016-02-24,106.76,106.876,14591.0
2016-02-25,106.89,106.789,13212.0
2016-02-26,106.855,106.872,19309.0
2016-02-29,106.858,106.883,11638.0
2016-03-01,106.885,107.04,5303.0
2016-03-02,107.14,107.08,4712.0
2016-03-03,106.713,107.008,13394.0
2016-03-04,107.001,106.945,23550.0
2016-03-07,106.79,106.909,22611.0
2016-03-08,106.911,106.931,38239.0
2016-03-09,106.94,107.01,19494.0
2016-03-10,107.01,107.149,18817.0
2016-03-11,107.16,107.447,12189.0
2016-03-14,107.41,107.182,12470.0
2016-03-15,107.183,107.146,30701.0
2016-03-16,107.16,107.331,19810.0
2016-03-17,107.34,107.33,28769.0
2016-03-18,107.31,107.329,33573.0
2016-03-21,107.28,107.224,27834.0
2016-03-22,107.23,107.34,24236.0
2016-03-23,107.335,107.46,22554.0
2016-03-24,107.47,107.704,19296.0
2016-03-25,107.73,107.825,36019.0
2016-03-28,107.815,107.867,11570.0
2016-03-29,107.834,107.909,15087.0
2016-03-30,107.91,107.97,24566.0
2016-03-31,107.99,107.94,8272.0
2016-04-01,107.999,108.252,3080.0
2016-04-05,108.253,108.088,15761.0
2016-04-06,108.113,108.12,8712.0
2016-04-07,108.12,108.033,12236.0
2016-04-08,108.01,108.03,36383.0
2016-04-11,108.02,108.033,3199.0
2016-04-12,108.017,108.006,12128.0
2016-04-13,107.963,107.818,11174.0
2016-04-14,107.813,107.66,13400.0
2016-04-15,107.707,107.654,16534.0
2016-04-18,107.654,107.724,3405.0
2016-04-19,107.725,107.77,17107.0
2016-04-20,107.735,107.639,10353.0
2016-04-21,107.506,107.163,4936.0
2016-04-22,107.181,107.135,5412.0
2016-04-25,107.097,106.54,5691.0
2016-04-26,106.54,106.709,16841.0
2016-04-27,106.706,106.807,20562.0
2016-04-28,106.859,107.154,5093.0
2016-04-29,107.154,107.199,68825.0
2016-05-03,107.201,107.262,20076.0
2016-05-04,107.25,107.24,7275.0
2016-05-05,107.255,107.313,12321.0
2016-05-06,107.309,107.243,9870.0
2016-05-09,107.246,107.331,5542.0
2016-05-10,107.386,107.492,13103.0
2016-05-11,107.499,107.557,8902.0
2016-05-12,107.547,107.752,3134.0
2016-05-13,107.609,107.814,8445.0
2016-05-16,107.799,107.536,7538.0
2016-05-17,107.517,107.554,19671.0
2016-05-18,107.552,107.442,16192.0
2016-05-19,107.391,107.345,9698.0
2016-05-20,107.335,107.49,4385.0
2016-05-23,107.354,107.396,8129.0
2016-05-24,107.37,107.409,1835.0
2016-05-25,107.404,107.463,9666.0
2016-05-26,107.453,107.393,2619.0
2016-05-27,107.41,107.406,22577.0
2016-05-30,107.409,107.363,15113.0
2016-05-31,107.321,107.401,15822.0
2016-06-01,107.39,107.414,4938.0
2016-06-02,107.41,107.31,9458.0
2016-06-03,107.241,107.265,26439.0
2016-06-06,107.265,107.281,9183.0
2016-06-07,107.284,107.304,13217.0
2016-06-08,107.293,107.407,3131.0
2016-06-13,107.39,107.42,3352.0
2016-06-14,107.368,107.588,2070.0
2016-06-15,107.545,107.602,7661.0
2016-06-16,107.6,107.687,3250.0
2016-06-17,107.64,107.733,2980.0
2016-06-20,107.696,107.633,3915.0
2016-06-21,107.63,107.647,5733.0
2016-06-22,107.695,107.712,7264.0
2016-06-23,107.724,107.766,6089.0
2016-06-24,107.781,107.933,6516.0
2016-06-27,107.923,108.164,4054.0
2016-06-28,108.182,108.14,8883.0
2016-06-29,108.11,108.06,4091.0
2016-06-30,108.039,108.069,6856.0
2016-07-01,108.075,108.36,4998.0
2016-07-04,108.43,108.36,5586.0
2016-07-05,108.339,108.367,4237.0
2016-07-06,108.367,108.502,2153.0
2016-07-07,108.524,108.611,3408.0
2016-07-08,108.68,108.508,8211.0
2016-07-11,108.512,108.472,10955.0
2016-07-12,108.46,108.427,7639.0
2016-07-13,108.398,108.371,8705.0
2016-07-14,108.368,108.401,14184.0
2016-07-15,108.401,108.536,6741.0
2016-07-18,108.492,108.563,10673.0
2016-07-19,108.563,108.639,11973.0
2016-07-20,108.662,108.706,13128.0
2016-07-21,108.836,108.77,24598.0
2016-07-22,108.817,108.75,36043.0
2016-07-25,108.716,108.737,16719.0
2016-07-26,108.737,108.807,21706.0
2016-07-27,108.833,108.828,40183.0
2016-07-28,108.81,108.857,29264.0
2016-07-29,108.905,108.93,23243.0
2016-08-01,108.915,109.159,5251.0
2016-08-02,109.105,109.126,13983.0
2016-08-03,109.129,109.137,22987.0
2016-08-04,109.169,109.081,16689.0
2016-08-05,109.063,109.228,25824.0
2016-08-08,109.29,109.3,34323.0
2016-08-09,109.298,109.484,44242.0
2016-08-10,109.509,109.637,39355.0
2016-08-11,109.665,109.57,29491.0
2016-08-12,109.573,109.546,25654.0
2016-08-15,109.543,109.382,14171.0
2016-08-16,109.495,109.533,10950.0
2016-08-17,109.51,109.555,9263.0
2016-08-18,109.556,109.489,8589.0
2016-08-19,109.527,109.356,14903.0
2016-08-22,109.345,109.46,10997.0
2016-08-23,109.477,109.398,28195.0
2016-08-24,109.398,109.186,42604.0
2016-08-25,109.232,109.191,43321.0
2016-08-26,109.23,109.318,47620.0
2016-08-29,109.324,109.36,32895.0
2016-08-30,109.352,109.299,37862.0
2016-08-31,109.32,109.307,31081.0
2016-09-01,109.31,109.171,14905.0
2016-09-02,109.221,109.161,8424.0
2016-09-05,109.198,109.183,11488.0
2016-09-06,109.192,109.031,9832.0
2016-09-07,109.038,109.066,17429.0
2016-09-08,109.06,109.11,13101.0
2016-09-09,109.09,109.276,14810.0
2016-09-12,109.2,109.142,9410.0
2016-09-13,109.142,109.195,35354.0
2016-09-14,109.231,109.294,30607.0
2016-09-19,109.35,109.321,34088.0
2016-09-20,109.338,109.382,41204.0
2016-09-21,109.423,109.364,29770.0
2016-09-22,109.389,109.36,38309.0
2016-09-23,109.37,109.383,36574.0
2016-09-26,109.386,109.413,22974.0
2016-09-27,109.413,109.431,44841.0
2016-09-28,109.429,109.499,39331.0
2016-09-29,109.461,109.604,52015.0
2016-09-30,109.702,109.667,19180.0
2016-10-10,109.655,109.685,6882.0
2016-10-11,109.691,109.707,20478.0
2016-10-12,109.742,109.708,22252.0
2016-10-13,109.704,109.737,26311.0
2016-10-14,109.753,109.827,25524.0
2016-10-17,109.947,109.925,26837.0
2016-10-18,109.945,109.94,22623.0
2016-10-19,109.931,109.984,26323.0
2016-10-20,110.068,110.117,32677.0
2016-10-21,110.181,110.272,27411.0
2016-10-24,110.445,110.267,22238.0
2016-10-25,110.293,110.158,27578.0
2016-10-26,110.137,110.004,28149.0
2016-10-27,110.019,109.843,34442.0
2016-10-28,109.871,110.034,32601.0
2016-10-31,110.034,109.973,27721.0
2016-11-01,110.008,110.011,31251.0
2016-11-02,110.055,109.921,31589.0
2016-11-03,109.93,109.989,34479.0
2016-11-04,109.99,110.121,31878.0
2016-11-07,110.102,110.004,38716.0
2016-11-08,110.004,109.997,33097.0
2016-11-09,109.987,110.025,33329.0
2016-11-10,110.025,109.962,44785.0
2016-11-11,109.87,109.979,39822.0
2016-11-14,109.949,109.691,42929.0
2016-11-15,109.521,109.42,43634.0
2016-11-16,109.424,109.433,32348.0
2016-11-17,109.433,109.238,38898.0
2016-11-18,109.23,109.011,42826.0
2016-11-21,109.039,109.084,55152.0
2016-11-22,109.084,109.203,59201.0
2016-11-23,109.232,109.271,41439.0
2016-11-24,109.271,109.064,84122.0
2016-11-25,109.034,108.807,42067.0
2016-11-28,108.791,108.828,73152.0
2016-11-29,108.816,108.215,53952.0
2016-11-30,108.296,108.204,46023.0
2016-12-01,108.211,108.187,109803.0
2016-12-02,108.191,108.214,91159.0
2016-12-05,108.237,108.174,84224.0
2016-12-06,108.128,108.051,70502.0
2016-12-07,108.03,108.008,42920.0
2016-12-08,108.033,108.094,52558.0
2016-12-09,108.113,108.043,40081.0
2016-12-12,108.043,107.247,41418.0
2016-12-13,107.134,106.908,34114.0
2016-12-14,106.961,106.54,27945.0
2016-12-15,106.478,104.695,29631.0
2016-12-16,104.71,105.154,37799.0
2016-12-19,105.128,105.793,46045.0
2016-12-20,105.41,105.692,46408.0
2016-12-21,106.51,106.394,39248.0
2016-12-22,106.397,106.659,37616.0
2016-12-23,106.67,106.387,41716.0
2016-12-26,106.405,106.389,46181.0
2016-12-27,106.322,106.506,57193.0
2016-12-28,106.949,106.75,54976.0
2016-12-29,106.826,107.191,54012.0
2016-12-30,107.225,107.229,27574.0
2017-01-03,107.31,107.226,6823.0
2017-01-04,107.23,107.099,6768.0
2017-01-05,107.1,107.125,8986.0
2017-01-06,107.12,107.123,13258.0
2017-01-09,107.124,107.172,8632.0
2017-01-10,107.275,107.215,17546.0
2017-01-11,107.217,107.17,10748.0
2017-01-12,107.218,107.236,9132.0
2017-01-13,107.259,107.264,9300.0
2017-01-16,107.266,106.894,5041.0
2017-01-17,106.894,106.939,13865.0
2017-01-18,106.976,107.05,15952.0
2017-01-19,107.051,107.235,14928.0
2017-01-20,107.195,107.391,8281.0
2017-01-23,107.411,107.659,6647.0
2017-01-24,107.661,107.392,8034.0
2017-01-25,107.336,107.213,8165.0
2017-01-26,107.218,107.386,5639.0
2017-02-03,107.273,107.337,17229.0
2017-02-06,107.338,107.225,14583.0
2017-02-07,107.246,107.205,32065.0
2017-02-08,107.208,107.184,42249.0
2017-02-09,107.184,107.109,5533.0
2017-02-10,107.109,106.809,4052.0
2017-02-13,106.999,106.882,4283.0
2017-02-14,106.93,106.896,37619.0
2017-02-15,106.896,107.11,12198.0
2017-02-16,107.101,107.339,7206.0
2017-02-17,107.33,107.291,9410.0
2017-02-20,107.335,107.226,10026.0
2017-02-21,107.277,107.278,25359.0
2017-02-22,107.332,107.41,28079.0
2017-02-23,107.389,107.581,7984.0
2017-02-24,107.687,107.434,26911.0
2017-02-27,107.46,107.522,37468.0
2017-02-28,107.431,107.641,23385.0
2017-03-01,107.641,107.669,26937.0
2017-03-02,107.637,107.474,32838.0
2017-03-03,107.56,107.53,32065.0
2017-03-06,107.56,107.431,76991.0
2017-03-07,107.456,107.453,21146.0
2017-03-08,107.469,107.461,32968.0
2017-03-09,107.46,107.39,15776.0
2017-03-10,107.331,107.11,6654.0
2017-03-13,107.041,106.967,7627.0
2017-03-14,107.047,107.169,13184.0
2017-03-15,107.169,107.064,18782.0
2017-03-16,107.071,107.392,15591.0
2017-03-17,107.45,107.413,26406.0
2017-03-20,107.36,107.449,20499.0
2017-03-21,107.439,107.29,40454.0
2017-03-22,107.291,107.282,35133.0
2017-03-23,107.271,107.33,34647.0
2017-03-24,107.33,107.543,28226.0
2017-03-27,107.493,107.599,28449.0
2017-03-28,107.71,107.429,43831.0
2017-03-29,107.416,107.441,46783.0
2017-03-30,107.44,107.136,36700.0
2017-03-31,107.186,107.333,30365.0
2017-04-05,107.346,107.32,21898.0
2017-04-06,107.396,107.408,20243.0
2017-04-07,107.43,107.451,26811.0
2017-04-10,107.423,107.498,26035.0
2017-04-11,107.431,107.435,34111.0
2017-04-12,107.433,107.409,28622.0
2017-04-13,107.429,107.426,29761.0
2017-04-14,107.45,107.45,31326.0
2017-04-17,107.45,107.207,10569.0
2017-04-18,107.133,107.11,40356.0
2017-04-19,107.073,106.966,22097.0
2017-04-20,107.018,106.898,14681.0
2017-04-21,107.048,106.784,18415.0
2017-04-24,106.743,106.544,21564.0
2017-04-25,106.545,106.578,16473.0
2017-04-26,106.521,106.593,20903.0
2017-04-27,106.575,106.457,18400.0
2017-04-28,106.516,106.499,17873.0
2017-05-02,106.558,106.56,65972.0
2017-05-03,106.56,106.419,76713.0
2017-05-04,106.42,106.098,73450.0
2017-05-05,106.04,105.983,80639.0
2017-05-08,105.966,105.71,66156.0
2017-05-09,105.806,105.74,74351.0
2017-05-10,105.75,105.332,58933.0
2017-05-11,105.292,105.454,67952.0
2017-05-12,105.364,105.41,59283.0
2017-05-15,105.455,105.543,68001.0
2017-05-16,105.348,105.391,70420.0
2017-05-17,105.371,105.315,54960.0
2017-05-18,105.231,105.499,74279.0
2017-05-19,105.49,105.148,76591.0
2017-05-22,105.276,105.046,77946.0
2017-05-23,105.106,105.02,79650.0
2017-05-24,104.992,105.219,80735.0
2017-05-25,105.219,105.71,86671.0
2017-05-26,105.591,105.559,36074.0
2017-05-31,105.561,105.744,76162.0
2017-06-01,105.704,106.023,94995.0
2017-06-02,105.931,106.239,96224.0
2017-06-05,106.242,106.332,70397.0
2017-06-06,106.344,106.24,69512.0
2017-06-07,106.235,106.156,73789.0
2017-06-08,106.171,106.067,86305.0
2017-06-09,106.067,106.2,53669.0
2017-06-12,106.141,106.363,80149.0
2017-06-13,106.425,106.405,84222.0
2017-06-14,106.409,106.513,108792.0
2017-06-15,106.531,106.618,115706.0
2017-06-16,106.611,106.471,84909.0
2017-06-19,106.452,106.627,137647.0
2017-06-20,106.663,106.688,163726.0
2017-06-21,106.788,106.506,130459.0
2017-06-22,106.509,106.329,117949.0
2017-06-23,106.504,106.327,145463.0
2017-06-26,106.298,106.406,116061.0
2017-06-27,106.416,106.598,138624.0
2017-06-28,106.578,106.551,159499.0
2017-06-29,106.581,106.422,112254.0
2017-06-30,106.37,106.238,92026.0
2017-07-03,106.339,106.329,99762.0
2017-07-04,106.331,106.398,80441.0
2017-07-05,106.361,106.313,72939.0
2017-07-06,106.16,106.502,94484.0
2017-07-07,106.46,106.489,79787.0
2017-07-10,106.511,106.367,56466.0
2017-07-11,106.337,106.42,58552.0
2017-07-12,106.386,106.416,87871.0
2017-07-13,106.396,106.327,101599.0
2017-07-14,106.361,106.298,60785.0
2017-07-17,106.388,106.348,66906.0
2017-07-18,106.348,106.067,76041.0
2017-07-19,106.109,106.142,102728.0
2017-07-20,106.135,106.218,111925.0
2017-07-21,106.218,106.254,112272.0
2017-07-24,106.231,106.197,97034.0
2017-07-25,106.215,106.15,91923.0
2017-07-26,106.161,106.154,98009.0
2017-07-27,106.071,106.182,158983.0
2017-07-28,106.18,106.186,88996.0
2017-07-31,106.191,106.19,101965.0
2017-08-01,106.18,106.274,83845.0
2017-08-02,106.276,106.279,103253.0
2017-08-03,106.28,106.28,110673.0
2017-08-04,106.285,106.403,83598.0
2017-08-07,106.392,106.379,41593.0
2017-08-08,106.351,106.27,49649.0
2017-08-09,106.315,106.274,61497.0
2017-08-10,106.28,106.286,72445.0
2017-08-11,106.289,106.375,73430.0
2017-08-14,106.387,106.424,64589.0
2017-08-15,106.448,106.609,59310.0
2017-08-16,106.611,106.351,42656.0
2017-08-17,106.43,106.454,68852.0
2017-08-18,106.482,106.473,71383.0
2017-08-21,106.435,106.434,60846.0
2017-08-22,106.422,106.437,79375.0
2017-08-23,106.437,106.51,65179.0
2017-08-24,106.496,106.503,74517.0
2017-08-25,106.476,106.528,67297.0
2017-08-28,106.528,106.496,27447.0
2017-08-29,106.501,106.473,63492.0
2017-08-30,106.472,106.446,69096.0
2017-08-31,106.455,106.401,66157.0
2017-09-01,106.408,106.461,21475.0
2017-09-04,106.441,106.504,57552.0
2017-09-05,106.498,106.433,53323.0
2017-09-06,106.444,106.504,52796.0
2017-09-07,106.555,106.553,60926.0
2017-09-08,106.555,106.661,44473.0
2017-09-11,106.687,106.678,72527.0
2017-09-12,106.674,106.654,47757.0
2017-09-13,106.648,106.554,65332.0
2017-09-14,106.592,106.622,44774.0
2017-09-15,106.631,106.6,38360.0
2017-09-18,106.59,106.524,14692.0
2017-09-19,106.557,106.531,27061.0
2017-09-20,106.531,106.404,17671.0
2017-09-21,106.409,106.366,24856.0
2017-09-22,106.38,106.398,13686.0
2017-09-25,106.41,106.454,6779.0
2017-09-26,106.454,106.475,3849.0
2017-09-27,106.475,106.395,4076.0
2017-09-28,106.4,106.418,3841.0
2017-09-29,106.425,106.38,1388.0
2017-10-09,106.408,106.36,1779.0
2017-10-10,106.36,106.39,2850.0
2017-10-11,106.401,106.403,4335.0
2017-10-12,106.42,106.375,3847.0
2017-10-13,106.375,106.367,2397.0
2017-10-16,106.341,106.293,1531.0
2017-10-17,106.298,106.285,885.0
2017-10-18,106.281,106.126,567.0
2017-10-19,106.19,106.21,949.0
2017-10-20,106.215,106.225,219.0
2017-10-23,106.225,106.17,275.0
2017-10-24,106.176,106.163,243.0
2017-10-25,106.17,106.125,25469.0
2017-10-26,106.117,106.019,38676.0
2017-10-27,105.877,105.861,10790.0
2017-10-30,105.812,105.643,47014.0
2017-10-31,105.736,105.784,47034.0
2017-11-01,105.87,105.767,28865.0
2017-11-02,106.033,105.724,8271.0
2017-11-03,105.75,105.513,35765.0
2017-11-06,105.52,105.609,2664.0
2017-11-07,105.609,105.714,3648.0
2017-11-08,105.744,105.876,4231.0
2017-11-09,105.91,105.862,4129.0
2017-11-10,105.959,106.03,4407.0
2017-11-13,106.01,105.717,7698.0
2017-11-14,105.717,105.588,14075.0
2017-11-15,105.615,105.639,17621.0
2017-11-16,105.69,105.761,17969.0
2017-11-17,105.761,105.798,17646.0
2017-11-20,105.798,105.701,16429.0
2017-11-21,105.807,105.654,14894.0
2017-11-22,105.61,105.454,14557.0
2017-11-23,105.261,105.344,8836.0
2017-11-24,105.344,105.429,11811.0
2017-11-27,105.346,105.56,6281.0
2017-11-28,105.509,105.628,17143.0
2017-11-29,105.628,105.751,19613.0
2017-11-30,105.698,105.705,21847.0
2017-12-01,105.804,105.835,24747.0
2017-12-04,105.94,105.983,30408.0
2017-12-05,105.94,106.12,26725.0
2017-12-06,106.258,105.396,25036.0
2017-12-07,106.04,105.962,45509.0
2017-12-08,105.913,105.881,22627.0
2017-12-11,105.608,105.862,39577.0
2017-12-12,105.91,105.81,21808.0
2017-12-13,105.632,105.821,27809.0
2017-12-14,105.955,105.853,13400.0
2017-12-15,105.732,105.879,30661.0
2017-12-18,105.92,105.947,18601.0
2017-12-19,106.03,106.036,25424.0
2017-12-20,106.105,106.03,19409.0
2017-12-21,106.098,106.012,20217.0
2017-12-22,105.846,106.054,18595.0
2017-12-25,106.054,106.082,17604.0
2017-12-26,106.048,106.101,25431.0
2017-12-27,106.061,106.115,25709.0
2017-12-28,106.209,105.708,4544.0
2017-12-29,105.998,105.896,1788.0
2018-01-02,106.116,106.03,2481.0
2018-01-03,106.03,106.074,1733.0
2018-01-04,106.04,106.094,4769.0
2018-01-05,106.096,106.103,908.0
2018-01-08,106.103,106.166,830.0
2018-01-09,106.167,106.187,1565.0
2018-01-10,106.248,106.179,6710.0
2018-01-11,106.179,106.081,466.0
2018-01-12,106.14,106.177,1754.0
2018-01-15,106.116,106.052,1156.0
2018-01-16,106.069,106.055,1677.0
2018-01-17,106.055,106.041,822.0
2018-01-18,106.089,105.924,772.0
2018-01-19,105.964,106.067,1358.0
2018-01-22,105.966,106.155,1684.0
2018-01-23,106.08,106.196,2207.0
2018-01-24,106.197,106.325,1704.0
2018-01-25,106.301,106.418,2027.0
2018-01-26,106.407,106.447,1739.0
2018-01-29,106.445,106.502,1250.0
2018-01-30,106.502,106.496,738.0
2018-01-31,106.496,106.355,2080.0
2018-02-01,106.247,106.378,282.0
2018-02-02,106.273,106.43,4942.0
2018-02-05,106.496,106.506,3683.0
2018-02-06,106.572,106.492,4565.0
2018-02-07,106.431,106.557,6800.0
2018-02-08,106.557,106.549,8777.0
2018-02-09,106.553,106.899,2721.0
2018-02-12,106.884,107.024,2497.0
2018-02-13,106.891,107.022,4771.0
2018-02-14,107.023,107.03,3517.0
2018-02-22,106.954,106.879,4093.0
2018-02-23,106.8,106.838,5301.0
2018-02-26,106.801,106.883,13750.0
2018-02-27,106.899,107.004,12562.0
2018-02-28,107.005,107.156,12669.0
2018-03-01,107.226,107.41,14666.0
2018-03-02,107.41,107.486,17231.0
2018-03-05,107.505,107.505,19170.0
2018-03-06,107.5,107.509,11922.0
2018-03-07,107.408,107.447,6382.0
2018-03-08,107.567,107.48,18306.0
2018-03-09,107.491,107.371,10641.0
2018-03-12,107.383,107.353,17867.0
2018-03-13,107.364,107.323,28907.0
2018-03-14,107.333,107.274,28136.0
2018-03-15,107.305,107.289,7475.0
2018-03-16,107.318,107.325,15677.0
2018-03-19,107.37,107.362,9281.0
2018-03-20,107.333,107.339,38944.0
2018-03-21,107.34,107.341,47778.0
2018-03-22,107.343,107.342,54212.0
2018-03-23,107.345,107.56,12484.0
2018-03-26,107.553,108.007,9502.0
2018-03-27,107.706,107.849,7244.0
2018-03-28,107.827,107.798,16146.0
2018-03-29,107.845,107.519,4538.0
2018-03-30,107.67,107.723,13269.0
2018-04-02,107.712,107.704,36205.0
2018-04-03,107.713,107.816,6435.0
2018-04-04,107.825,107.844,19593.0
2018-04-09,107.847,108.002,1345.0
2018-04-10,108.102,108.016,1837.0
2018-04-11,108.019,108.027,7002.0
2018-04-12,108.025,108.096,5127.0
2018-04-13,108.096,108.286,973.0
2018-04-16,108.507,108.596,1743.0
2018-04-17,108.507,108.514,1359.0
2018-04-18,108.567,109.004,1452.0
2018-04-19,109.012,108.774,1412.0
2018-04-20,108.663,108.625,5192.0
2018-04-23,108.647,108.615,4698.0
2018-04-24,108.615,108.762,6329.0
2018-04-25,108.774,108.854,10004.0
2018-04-26,108.854,108.821,14634.0
2018-04-27,108.821,108.869,25858.0
2018-05-02,108.877,108.785,19186.0
2018-05-03,108.815,108.938,18586.0
2018-05-04,108.946,108.811,18581.0
2018-05-07,108.848,108.812,10669.0
2018-05-08,108.808,108.712,18985.0
2018-05-09,108.712,108.517,17186.0
2018-05-10,108.556,108.521,23330.0
2018-05-11,108.516,108.593,21514.0
2018-05-14,108.615,108.599,17524.0
2018-05-15,108.625,108.576,19779.0
2018-05-16,108.581,108.597,15872.0
2018-05-17,108.59,108.554,21439.0
2018-05-18,108.555,108.557,17727.0
2018-05-21,108.56,108.573,17500.0
2018-05-22,108.573,108.626,17160.0
2018-05-23,108.63,108.724,10214.0
2018-05-24,108.726,108.805,7345.0
2018-05-25,108.805,109.003,6434.0
2018-05-28,108.964,108.82,5367.0
2018-05-29,108.81,108.682,2110.0
2018-05-30,108.682,108.648,3546.0
2018-05-31,108.69,108.659,4528.0
2018-06-01,108.71,108.699,5917.0
2018-06-04,108.698,108.783,18088.0
2018-06-05,108.776,108.664,11969.0
2018-06-06,108.677,108.657,5487.0
2018-06-07,108.61,108.628,8675.0
2018-06-08,108.659,108.641,10738.0
2018-06-11,108.68,108.755,8669.0
2018-06-12,108.743,108.59,9708.0
2018-06-13,108.67,108.603,6630.0
2018-06-14,108.626,108.607,8706.0
2018-06-15,108.702,108.666,7653.0
2018-06-19,108.751,108.928,2749.0
2018-06-20,108.91,108.913,2758.0
2018-06-21,108.784,108.85,1575.0
2018-06-22,108.85,108.926,1605.0
2018-06-25,108.927,109.072,3792.0
2018-06-26,109.06,109.12,4095.0
2018-06-27,109.123,109.057,11315.0
2018-06-28,109.062,108.749,8704.0
2018-06-29,108.765,109.366,12571.0
2018-07-02,109.36,109.352,9821.0
2018-07-03,109.504,109.283,6031.0
2018-07-04,109.32,109.51,8184.0
2018-07-05,109.61,109.506,5153.0
2018-07-06,109.271,109.501,4192.0
2018-07-09,109.501,109.445,14244.0
2018-07-10,109.46,109.351,15711.0
2018-07-11,109.402,109.316,14166.0
2018-07-12,109.319,109.283,13618.0
2018-07-13,109.34,109.408,18492.0
2018-07-16,109.46,109.607,14123.0
2018-07-17,109.41,109.753,17863.0
2018-07-18,109.71,109.791,22353.0
2018-07-19,109.633,109.908,14883.0
2018-07-20,109.91,109.86,22135.0
2018-07-23,109.61,109.969,15963.0
2018-07-24,109.91,109.722,17885.0
2018-07-25,109.722,109.735,16992.0
2018-07-26,109.52,109.92,6798.0
2018-07-27,109.876,109.749,15482.0
2018-07-30,109.875,109.82,17284.0
2018-07-31,109.958,109.928,15789.0
2018-08-01,109.96,110.22,15995.0
2018-08-02,110.27,110.307,24763.0
2018-08-03,110.31,110.403,8844.0
2018-08-06,110.5,110.48,23813.0
2018-08-07,110.509,110.545,16342.0
2018-08-08,110.66,110.43,16130.0
2018-08-09,110.48,110.287,11951.0
2018-08-10,110.272,110.16,10527.0
2018-08-13,110.16,110.02,10429.0
2018-08-14,110.02,110.27,11486.0
2018-08-15,110.411,109.931,11542.0
2018-08-16,109.998,109.892,9508.0
2018-08-17,109.882,109.144,3444.0
2018-08-20,109.291,109.189,7529.0
2018-08-21,109.191,109.194,8536.0
2018-08-22,109.185,109.247,6989.0
2018-08-23,109.248,109.361,8652.0
2018-08-24,109.41,109.524,8978.0
2018-08-27,109.576,109.488,4187.0
2018-08-28,109.61,109.646,5430.0
2018-08-29,109.889,109.8,4190.0
2018-08-30,109.8,109.791,6900.0
2018-08-31,109.858,109.969,4875.0
2018-09-03,109.969,109.82,3546.0
2018-09-04,109.812,109.651,1010.0
2018-09-05,109.651,109.788,439.0
2018-09-06,109.755,109.743,3787.0
2018-09-07,109.626,109.652,4763.0
2018-09-10,109.652,109.67,2959.0
2018-09-11,109.67,109.461,1811.0
2018-09-12,109.51,109.642,553.0
2018-09-13,109.642,109.613,2763.0
2018-09-14,109.512,109.592,9295.0
2018-09-17,109.619,109.593,10837.0
2018-09-18,109.563,109.56,6432.0
2018-09-19,109.61,109.598,6351.0
2018-09-20,109.71,109.634,6425.0
2018-09-21,109.634,109.77,9951.0
2018-09-25,109.701,109.768,24325.0
2018-09-26,109.77,109.885,28346.0
2018-09-27,109.885,109.938,28661.0
2018-09-28,110.003,110.238,34886.0
2018-10-08,110.207,110.51,48609.0
2018-10-09,110.326,110.505,43735.0
2018-10-10,110.32,110.056,29349.0
2018-10-11,110.056,110.448,44017.0
2018-10-12,110.291,110.577,43672.0
2018-10-15,111.21,110.709,43374.0
2018-10-16,110.413,110.699,4759.0
2018-10-17,110.3,110.76,24721.0
2018-10-18,110.765,110.99,26884.0
2018-10-19,111.0,111.023,27646.0
2018-10-22,110.99,110.838,27368.0
2018-10-23,110.836,110.864,42136.0
2018-10-24,110.771,110.885,42048.0
2018-10-25,110.929,110.808,23293.0
2018-10-26,110.808,110.806,23667.0
2018-10-29,110.857,110.818,19361.0
2018-10-30,110.841,110.777,20827.0
2018-10-31,110.724,110.815,25380.0
2018-11-01,110.816,110.9,21399.0
2018-11-02,110.76,110.681,26341.0
2018-11-05,110.85,110.841,29582.0
2018-11-06,110.878,110.955,25612.0
2018-11-07,110.94,111.13,26556.0
2018-11-08,111.13,111.276,17091.0
2018-11-09,111.265,111.211,23521.0
2018-11-12,111.22,111.442,19835.0
2018-11-13,111.442,111.336,24469.0
2018-11-14,111.583,111.547,24733.0
2018-11-15,111.547,111.939,12398.0
2018-11-16,111.81,112.058,10863.0
2018-11-19,112.058,112.015,20433.0
2018-11-20,112.01,111.775,14378.0
2018-11-21,111.725,111.839,13886.0
2018-11-22,111.86,111.77,14017.0
2018-11-23,111.775,111.201,15897.0
2018-11-26,111.209,111.195,21978.0
2018-11-27,111.197,111.228,16902.0
2018-11-28,111.235,111.232,14424.0
2018-11-29,111.26,111.235,17499.0
2018-11-30,111.242,111.265,18471.0
2018-12-03,111.223,111.35,10338.0
2018-12-04,111.355,111.685,6680.0
2018-12-05,111.699,111.951,11963.0
2018-12-06,112.008,112.207,6321.0
2018-12-07,112.207,112.161,4124.0
2018-12-10,112.229,112.342,5484.0
2018-12-11,112.361,112.498,4523.0
2018-12-12,112.5,112.517,14214.0
2018-12-13,112.504,112.329,23014.0
2018-12-14,112.321,112.175,24968.0
2018-12-17,112.181,112.27,11276.0
2018-12-18,112.011,112.36,8548.0
2018-12-19,112.375,112.505,4996.0
2018-12-20,112.505,112.314,6793.0
2018-12-21,112.321,112.557,16339.0
2018-12-24,112.561,112.541,4632.0
2018-12-25,112.55,112.492,7773.0
2018-12-26,112.498,112.479,13622.0
2018-12-27,112.413,112.518,13573.0
2018-12-28,112.561,113.103,5173.0
2019-01-02,113.095,112.777,5354.0
2019-01-03,112.778,112.83,11034.0
2019-01-04,112.999,113.037,10511.0
2019-01-07,112.991,113.148,5143.0
2019-01-08,113.141,113.132,5191.0
2019-01-09,113.132,113.134,8140.0
2019-01-10,113.134,113.127,7197.0
2019-01-11,113.127,113.081,9590.0
2019-01-14,113.081,112.98,5259.0
2019-01-15,112.982,113.014,11259.0
2019-01-16,113.014,113.109,10844.0
2019-01-17,113.06,113.181,6489.0
2019-01-18,113.177,113.113,4047.0
2019-01-21,112.862,112.99,5584.0
2019-01-22,112.961,113.025,7104.0
2019-01-23,113.028,112.998,6278.0
2019-01-24,112.911,113.035,4285.0
2019-01-25,112.99,113.031,4598.0
2019-01-28,113.031,113.008,7481.0
2019-01-29,113.009,113.08,7067.0
2019-01-30,113.08,113.164,7071.0
2019-01-31,113.165,113.234,6956.0
2019-02-01,113.234,113.34,4987.0
2019-02-11,113.34,113.452,7638.0
2019-02-12,113.452,113.519,6134.0
2019-02-13,113.56,113.542,7544.0
2019-02-14,113.525,113.454,12355.0
2019-02-15,113.468,113.578,9290.0
2019-02-18,113.577,113.449,17912.0
2019-02-19,113.449,113.393,9620.0
2019-02-20,113.38,113.433,28085.0
2019-02-21,113.433,113.391,25024.0
2019-02-22,113.386,113.316,16155.0
2019-02-25,113.3,113.07,11770.0
2019-02-26,112.82,112.766,11989.0
2019-02-27,112.78,113.109,12990.0
2019-02-28,113.109,112.954,7971.0
2019-03-01,112.955,112.932,12847.0
2019-03-04,112.81,112.873,9400.0
2019-03-05,112.773,112.822,9667.0
2019-03-06,112.822,112.748,22422.0
2019-03-07,112.748,112.867,23504.0
2019-03-08,112.938,112.998,21391.0
2019-03-11,112.99,112.903,20534.0
2019-03-12,112.896,112.94,24157.0
2019-03-13,112.943,112.953,15306.0
2019-03-14,112.841,112.877,18475.0
2019-03-15,112.879,112.876,29288.0
2019-03-18,112.875,112.863,14835.0
2019-03-19,112.84,112.873,13279.0
2019-03-20,112.885,112.904,12440.0
2019-03-21,112.911,112.909,19925.0
2019-03-22,112.915,112.994,15330.0
2019-03-25,113.077,113.203,14034.0
2019-03-26,113.203,113.366,14940.0
2019-03-27,113.36,113.278,19122.0
2019-03-28,113.338,113.386,28186.0
2019-03-29,113.386,113.372,6855.0
2019-04-01,113.372,113.249,9352.0
2019-04-02,113.25,113.231,11043.0
2019-04-03,113.257,112.966,5833.0
2019-04-04,112.966,112.934,7628.0
2019-04-08,112.91,112.644,7514.0
2019-04-09,112.644,112.652,3799.0
2019-04-10,112.41,112.286,6381.0
2019-04-11,112.411,112.687,11348.0
2019-04-12,112.687,112.571,5485.0
2019-04-15,112.536,112.383,7066.0
2019-04-16,112.38,112.295,9370.0
2019-04-17,112.295,112.367,8528.0
2019-04-18,112.365,112.369,12266.0
2019-04-19,112.37,112.468,11600.0
2019-04-22,112.431,112.537,7938.0
2019-04-23,112.52,112.439,12352.0
2019-04-24,112.38,112.297,4422.0
2019-04-25,112.35,112.426,11196.0
2019-04-26,112.427,112.517,6807.0
2019-04-29,112.61,112.349,7065.0
2019-04-30,112.363,112.594,5524.0
2019-05-06,112.64,112.61,7956.0
2019-05-07,112.626,112.853,9426.0
2019-05-08,112.85,112.847,7724.0
2019-05-09,112.93,112.89,12685.0
2019-05-10,112.889,112.895,6321.0
2019-05-13,112.911,112.995,18126.0
2019-05-14,112.994,112.897,9803.0
2019-05-15,112.894,112.892,12410.0
2019-05-16,112.88,112.931,10372.0
2019-05-17,112.935,113.093,12059.0
2019-05-20,113.093,113.086,10416.0
2019-05-21,113.056,112.995,9281.0
2019-05-22,112.993,112.968,9342.0
2019-05-23,113.009,113.085,6254.0
2019-05-24,113.115,113.171,9790.0
2019-05-27,113.08,112.964,8436.0
2019-05-28,112.964,113.122,12308.0
2019-05-29,113.122,113.206,6459.0
2019-05-30,113.21,113.33,7487.0
2019-05-31,113.37,113.466,11051.0
2019-06-03,113.466,113.506,12013.0
2019-06-04,113.412,113.511,10878.0
2019-06-05,113.502,113.566,11682.0
2019-06-06,113.56,113.502,9611.0
2019-06-10,113.62,113.438,8630.0
2019-06-11,113.437,113.242,8850.0
2019-06-12,113.272,113.304,8164.0
2019-06-13,113.31,113.304,9017.0
2019-06-14,113.332,113.454,10775.0
2019-06-17,113.51,113.513,11843.0
2019-06-18,113.553,113.539,9423.0
2019-06-19,113.44,113.571,11083.0
2019-06-20,113.598,113.6,14120.0
2019-06-21,113.635,113.713,18190.0
2019-06-24,113.713,113.667,11286.0
2019-06-25,113.61,113.699,12914.0
2019-06-26,113.687,113.685,14308.0
2019-06-27,113.693,113.657,12063.0
2019-06-28,113.669,113.673,15251.0
2019-07-01,113.531,113.694,11575.0
2019-07-02,113.691,113.829,10152.0
2019-07-03,113.89,114.209,8217.0
2019-07-04,114.114,114.06,12055.0
2019-07-05,114.045,114.037,9463.0
2019-07-08,114.037,114.023,5192.0
2019-07-09,113.976,114.09,7242.0
2019-07-10,114.263,114.021,9742.0
2019-07-11,114.021,114.024,14128.0
2019-07-12,113.966,114.023,11333.0
2019-07-15,114.061,114.063,8677.0
2019-07-16,114.062,114.066,10332.0
2019-07-17,114.066,114.065,6010.0
2019-07-18,114.065,114.112,12047.0
2019-07-19,114.122,114.147,6417.0
2019-07-22,114.131,114.152,6421.0
2019-07-23,114.153,114.192,7845.0
2019-07-24,114.191,114.18,6962.0
2019-07-25,114.162,114.151,9550.0
2019-07-26,114.172,114.171,14991.0
2019-07-29,114.171,114.157,9253.0
2019-07-30,114.121,114.151,8355.0
2019-07-31,114.181,114.2,8669.0
2019-08-01,114.22,114.266,12855.0
2019-08-02,114.315,114.45,8777.0
2019-08-05,114.459,114.8,6011.0
2019-08-06,123.51,115.004,8244.0
2019-08-07,114.993,114.642,5732.0
2019-08-08,114.516,114.656,9945.0
2019-08-09,114.679,114.937,6483.0
2019-08-12,114.937,115.15,10606.0
2019-08-13,115.46,115.139,11569.0
2019-08-14,115.11,115.02,6636.0
2019-08-15,115.045,115.036,5613.0
2019-08-16,115.048,114.938,5686.0
2019-08-19,114.96,114.742,11511.0
2019-08-20,114.759,114.73,12613.0
2019-08-21,114.72,114.775,7913.0
2019-08-22,114.703,114.743,10525.0
2019-08-23,114.76,114.537,7609.0
2019-08-26,114.652,114.768,13721.0
2019-08-27,114.768,114.73,7171.0
2019-08-28,114.751,114.75,7423.0
2019-08-29,114.75,114.78,11171.0
2019-08-30,114.78,114.701,12582.0
2019-09-02,114.701,114.659,8631.0
2019-09-03,114.66,114.557,9810.0
2019-09-04,114.585,114.561,13891.0
2019-09-05,114.611,114.67,11765.0
2019-09-06,114.701,115.051,5511.0
2019-09-09,115.073,114.941,5334.0
2019-09-10,114.689,114.892,2219.0
2019-09-11,114.81,114.831,4478.0
2019-09-12,114.829,114.709,6430.0
2019-09-16,114.71,114.694,6257.0
2019-09-17,114.727,114.742,10834.0
2019-09-18,114.692,114.696,8017.0
2019-09-19,114.722,114.72,8651.0
2019-09-20,114.726,114.778,3444.0
2019-09-23,114.78,114.839,4328.0
2019-09-24,114.881,114.79,2591.0
2019-09-25,114.791,114.792,2641.0
2019-09-26,114.795,114.764,2227.0
2019-09-27,114.765,114.671,4298.0
2019-09-30,114.71,114.909,1689.0
2019-10-08,114.886,114.861,6183.0
2019-10-09,114.941,114.974,4757.0
2019-10-10,114.974,114.879,7204.0
2019-10-11,114.859,114.814,3543.0
2019-10-14,114.811,114.771,5492.0
2019-10-15,114.771,114.801,3105.0
2019-10-16,114.812,114.79,2035.0
2019-10-17,114.843,114.841,3032.0
2019-10-18,114.84,114.766,3840.0
2019-10-21,114.74,114.528,3647.0
2019-10-22,114.552,114.621,2404.0
2019-10-23,114.624,114.661,2691.0
2019-10-24,114.68,114.677,3572.0
2019-10-25,114.777,114.725,1242.0
2019-10-28,114.665,114.537,5266.0
2019-10-29,114.536,114.47,1428.0
2019-10-30,114.47,114.422,5708.0
2019-10-31,114.478,114.47,4824.0
2019-11-01,114.492,114.531,3650.0
2019-11-04,114.461,114.466,3832.0
2019-11-05,114.466,114.57,3065.0
2019-11-06,114.535,114.721,2384.0
2019-11-07,114.721,114.641,2843.0
2019-11-08,114.625,114.589,4871.0
2019-11-11,114.589,114.739,10935.0
2019-11-12,114.771,114.78,4804.0
2019-11-13,114.782,114.793,10531.0
2019-11-14,114.745,114.733,9203.0
2019-11-15,114.736,114.831,6838.0
2019-11-18,114.845,115.148,4744.0
2019-11-19,115.15,115.205,9005.0
2019-11-20,115.205,115.141,16700.0
2019-11-21,115.172,115.213,8531.0
2019-11-22,115.221,115.183,11554.0
2019-11-25,115.169,115.08,12307.0
2019-11-26,115.083,115.07,12445.0
2019-11-27,115.055,115.109,9981.0
2019-11-28,115.173,115.106,17251.0
2019-11-29,115.109,115.285,9132.0
2019-12-02,115.285,115.444,1232.0
2019-12-03,115.447,115.53,7973.0
2019-12-04,115.529,115.511,6544.0
2019-12-05,115.508,115.491,6405.0
2019-12-06,115.491,115.47,5919.0
2019-12-09,115.459,115.299,5626.0
2019-12-10,115.296,115.229,2325.0
2019-12-11,115.232,115.266,6454.0
2019-12-12,115.266,115.268,5189.0
2019-12-13,115.256,115.271,5421.0
2019-12-16,115.27,115.256,5574.0
2019-12-17,115.259,115.2,2941.0
2019-12-18,115.199,115.232,4352.0
2019-12-19,115.229,115.262,2887.0
2019-12-20,115.262,115.392,5771.0
2019-12-23,115.405,115.536,5244.0
2019-12-24,115.559,115.866,4062.0
2019-12-25,115.866,115.83,4420.0
2019-12-26,115.83,115.979,4282.0
2019-12-27,115.982,116.207,1129.0
2019-12-30,116.206,116.147,456.0
2019-12-31,116.147,116.361,3668.0
2020-01-02,116.111,115.887,3560.0
2020-01-03,115.891,115.776,3820.0
2020-01-06,115.78,115.901,9477.0
2020-01-07,115.89,115.846,7155.0
2020-01-08,115.86,115.979,5075.0
2020-01-09,115.94,116.084,12481.0
2020-01-10,116.034,116.206,5229.0
2020-01-13,116.209,116.209,4931.0
2020-01-14,116.16,116.299,5656.0
2020-01-15,116.215,116.35,4564.0
2020-01-16,116.395,116.158,4721.0
2020-01-17,116.138,116.27,5271.0
2020-01-20,116.222,116.324,4910.0
2020-01-21,116.348,116.89,5328.0
2020-01-22,116.54,116.611,5430.0
2020-01-23,116.611,117.309,3910.0
2020-02-03,117.325,119.107,8002.0
2020-02-04,119.216,117.846,5179.0
2020-02-05,117.893,118.035,4734.0
2020-02-06,118.035,117.685,4725.0
2020-02-07,117.688,117.876,3047.0
2020-02-10,117.9,118.079,2321.0
2020-02-11,118.029,118.152,3036.0
2020-02-12,118.175,118.032,5631.0
2020-02-13,117.983,117.857,5775.0
2020-02-14,117.857,117.853,4965.0
2020-02-17,117.853,117.676,5459.0
2020-02-18,117.61,117.653,4826.0
2020-02-19,117.624,117.679,5271.0
2020-02-20,117.64,117.534,6576.0
2020-02-21,117.59,117.653,5462.0
2020-02-24,117.66,117.88,4070.0
2020-02-25,117.903,117.811,5069.0
2020-02-26,117.861,117.825,3546.0
2020-02-27,117.822,117.948,4797.0
2020-02-28,118.01,118.474,6396.0
2020-03-02,118.484,118.259,4471.0
2020-03-03,117.911,118.281,5193.0
2020-03-04,118.328,118.46,4847.0
2020-03-05,118.459,118.486,7519.0
2020-03-06,118.448,118.65,6012.0
2020-03-09,118.749,119.483,8298.0
2020-03-10,119.491,119.114,5538.0
2020-03-11,119.114,119.113,2069.0
2020-03-12,119.115,119.211,5907.0
2020-03-13,119.509,118.722,3853.0
2020-03-16,118.775,118.577,4739.0
2020-03-17,118.566,118.301,2799.0
2020-03-18,118.211,118.301,7211.0
2020-03-19,118.161,117.989,9217.0
2020-03-20,117.991,118.211,7043.0
2020-03-23,118.37,118.807,10572.0
2020-03-24,118.8,118.822,10537.0
2020-03-25,118.819,118.841,9690.0
2020-03-26,118.814,119.107,9184.0
2020-03-27,119.159,119.31,6387.0
2020-03-30,119.31,119.468,6475.0
2020-03-31,119.178,119.703,9636.0
2020-04-01,119.825,119.935,8776.0
2020-04-02,119.934,119.781,9928.0
2020-04-03,119.787,119.723,8869.0
2020-04-07,119.819,120.372,9072.0
2020-04-08,120.422,120.895,9851.0
2020-04-09,121.13,121.035,8816.0
2020-04-10,121.085,120.794,9463.0
2020-04-13,120.794,120.968,11034.0
2020-04-14,120.986,121.008,9715.0
2020-04-15,121.12,121.597,8150.0
2020-04-16,121.595,121.473,10579.0
2020-04-17,121.47,121.394,9220.0
2020-04-20,121.394,121.385,7251.0
2020-04-21,121.385,121.449,6329.0
2020-04-22,121.521,121.903,5943.0
2020-04-23,121.875,122.298,6382.0
2020-04-24,122.277,122.374,11036.0
2020-04-27,122.369,122.406,8877.0
2020-04-28,122.406,122.539,5903.0
2020-04-29,123.32,122.908,9157.0
2020-04-30,122.81,122.945,7130.0
2020-05-06,122.937,122.686,7672.0
2020-05-07,122.678,121.957,9633.0
2020-05-08,121.958,121.795,7972.0
2020-05-11,121.72,121.523,10741.0
2020-05-12,121.51,121.698,9965.0
2020-05-13,121.833,121.63,6475.0
2020-05-14,121.63,121.834,9056.0
2020-05-15,121.89,122.046,9913.0
2020-05-18,122.045,121.612,9448.0
2020-05-19,121.41,121.42,10048.0
2020-05-20,121.36,121.018,8484.0
2020-05-21,121.018,121.044,8044.0
2020-05-22,121.045,121.59,8302.0
2020-05-25,121.12,121.268,7527.0
2020-05-26,121.31,120.589,10681.0
2020-05-27,120.545,120.297,10756.0
2020-05-28,120.31,120.538,7681.0
2020-05-29,120.538,120.402,5598.0
2020-06-01,120.447,120.231,6948.0
2020-06-02,120.21,119.648,8289.0
2020-06-03,119.51,119.336,9944.0
2020-06-04,119.356,119.211,7567.0
2020-06-05,119.21,119.078,7704.0
2020-06-08,119.009,119.399,7729.0
2020-06-09,119.387,119.469,10090.0
2020-06-10,119.462,119.161,8401.0
2020-06-11,119.206,119.336,6556.0
2020-06-12,119.46,119.521,16049.0
2020-06-15,119.51,119.659,8995.0
2020-06-16,119.38,118.982,11159.0
2020-06-17,118.982,118.52,8588.0
2020-06-18,118.719,118.481,9045.0
2020-06-19,118.63,118.31,8041.0
2020-06-22,118.372,118.452,8371.0
2020-06-23,118.436,117.911,9721.0
2020-06-24,118.137,118.408,8959.0
2020-06-29,118.432,118.655,7524.0
2020-06-30,118.65,118.506,10676.0
2020-07-01,118.626,118.668,8172.0
2020-07-02,118.668,118.804,11332.0
2020-07-03,118.79,118.655,6871.0
2020-07-06,118.52,117.926,11628.0
2020-07-07,117.609,117.608,9008.0
2020-07-08,117.61,117.385,6235.0
2020-07-09,117.384,117.397,13875.0
2020-07-10,117.404,117.763,8487.0
2020-07-13,117.713,117.45,10535.0
2020-07-14,117.619,117.91,14257.0
2020-07-15,117.64,118.127,10165.0
2020-07-16,118.089,118.526,16332.0
2020-07-17,118.527,118.311,12415.0
2020-07-20,118.228,118.053,13870.0
2020-07-21,118.03,118.279,10676.0
2020-07-22,118.309,118.712,10239.0
2020-07-23,118.721,119.002,12160.0
2020-07-24,119.001,118.871,12468.0
2020-07-27,118.841,119.0,10345.0
2020-07-28,118.995,118.758,13258.0
2020-07-29,118.75,118.622,8432.0
2020-07-30,118.51,118.495,11206.0
2020-07-31,118.436,118.266,9523.0
2020-08-03,118.17,118.166,6755.0
2020-08-04,118.148,118.181,7136.0
2020-08-05,118.198,118.236,8505.0
2020-08-06,118.122,118.131,7012.0
2020-08-07,118.082,118.126,6574.0
2020-08-10,118.1,118.121,5216.0
2020-08-11,118.11,118.098,6784.0
2020-08-12,118.095,117.676,7085.0
2020-08-13,117.676,117.788,8025.0
2020-08-14,117.737,117.811,6208.0
2020-08-17,117.84,117.939,5045.0
2020-08-18,117.911,118.017,5260.0
2020-08-19,117.93,117.9,8944.0
2020-08-20,117.939,117.632,3893.0
2020-08-21,117.62,117.654,3286.0
2020-08-24,117.612,117.63,2818.0
2020-08-25,117.63,117.376,5435.0
2020-08-26,117.38,117.255,4752.0
2020-08-27,117.282,116.995,4813.0
2020-08-28,116.95,116.913,6853.0
2020-08-31,116.929,116.998,6105.0
2020-09-01,117.07,117.363,5770.0
2020-09-02,117.359,117.225,5140.0
2020-09-03,117.176,117.202,2796.0
2020-09-04,117.187,117.006,7177.0
2020-09-07,117.05,116.722,6103.0
2020-09-08,116.712,116.938,5814.0
2020-09-09,116.938,117.051,7175.0
2020-09-10,117.051,117.287,6257.0
2020-09-11,117.323,117.216,4011.0
2020-09-14,117.217,117.005,7229.0
2020-09-15,116.97,117.136,8582.0
2020-09-16,117.166,117.185,5699.0
2020-09-17,117.2,117.22,6390.0
2020-09-18,117.17,117.224,6214.0
2020-09-21,117.24,117.568,6893.0
2020-09-22,117.57,117.727,6107.0
2020-09-23,117.728,117.692,4009.0
2020-09-24,117.735,117.591,5572.0
2020-09-25,117.59,117.465,6298.0
2020-09-28,117.464,117.364,6075.0
2020-09-29,117.315,117.256,6041.0
2020-09-30,117.266,117.21,4207.0
2020-10-09,117.21,117.033,3332.0
2020-10-12,117.033,117.11,6811.0
2020-10-13,117.11,116.946,4682.0
2020-10-14,116.918,116.939,4636.0
2020-10-15,116.93,116.801,5649.0
2020-10-16,116.813,116.991,5136.0
2020-10-19,117.037,117.239,4368.0
2020-10-20,117.209,117.281,5112.0
2020-10-21,117.292,117.388,4122.0
2020-10-22,117.372,117.511,3579.0
2020-10-23,117.511,117.333,3527.0
2020-10-26,117.325,117.22,3961.0
2020-10-27,117.211,117.452,5905.0
2020-10-28,117.501,117.385,4336.0
2020-10-29,117.435,117.33,5673.0
2020-10-30,117.333,117.471,6248.0
2020-11-02,117.471,117.687,3020.0
2020-11-03,117.7,117.646,2961.0
2020-11-04,117.705,117.724,5926.0
2020-11-05,117.693,117.593,2041.0
2020-11-06,117.595,117.426,5645.0
2020-11-09,117.376,117.244,6631.0
2020-11-10,117.124,117.278,4862.0
2020-11-11,117.245,117.262,7033.0
2020-11-12,117.262,117.211,6212.0
2020-11-13,117.161,116.952,7373.0
2020-11-16,116.952,117.156,5101.0
2020-11-17,117.16,117.089,6731.0
2020-11-18,117.111,116.922,3379.0
2020-11-19,116.931,116.857,3114.0
2020-11-20,116.844,116.857,6259.0
2020-11-23,116.871,117.167,2750.0
2020-11-24,117.121,117.034,3768.0
2020-11-25,117.034,117.095,2048.0
2020-11-26,117.113,117.061,4416.0
2020-11-27,117.063,117.014,4409.0
2020-11-30,117.014,117.296,7746.0
2020-12-01,117.29,117.109,6647.0
2020-12-02,117.125,117.143,6672.0
2020-12-03,117.128,117.052,5155.0
2020-12-04,117.046,117.245,5861.0
2020-12-07,117.239,117.178,6041.0
2020-12-08,117.178,117.228,5381.0
2020-12-09,117.234,117.274,6596.0
2020-12-10,117.171,117.273,3063.0
2020-12-11,117.257,117.133,5921.0
2020-12-14,117.133,117.025,4637.0
2020-12-15,117.099,117.228,7178.0
2020-12-16,117.232,117.294,5981.0
2020-12-17,117.361,117.246,5846.0
2020-12-18,117.213,117.176,4401.0
2020-12-21,117.163,117.319,6051.0
2020-12-22,117.306,117.538,6375.0
2020-12-23,117.538,117.608,4401.0
2020-12-24,117.602,117.631,6025.0
2020-12-25,117.631,117.761,6667.0
2020-12-28,117.761,117.641,8468.0
2020-12-29,117.76,117.71,5753.0
2020-12-30,117.712,117.776,5814.0
2020-12-31,117.822,117.822,5948.0
2021-01-04,117.638,117.634,5806.0
2021-01-05,117.634,117.752,5650.0
2021-01-06,117.753,118.003,7279.0
2021-01-07,118.01,118.074,5541.0
2021-01-08,118.075,118.019,5561.0
2021-01-11,118.109,117.902,5319.0
2021-01-12,117.905,118.028,6306.0
2021-01-13,118.032,118.267,5939.0
2021-01-14,118.315,118.518,7162.0
2021-01-15,118.53,118.37,5160.0
2021-01-18,118.391,118.202,2676.0
2021-01-19,118.16,117.978,3692.0
2021-01-20,118.02,118.173,6964.0
2021-01-21,118.14,118.32,7248.0
2021-01-22,118.31,118.375,6071.0
2021-01-25,118.31,118.378,6296.0
2021-01-26,118.215,117.962,7014.0
2021-01-27,117.914,117.99,3919.0
2021-01-28,117.94,117.896,6709.0
2021-01-29,117.896,117.92,8939.0
2021-02-01,117.912,118.039,7030.0
2021-02-02,118.039,118.101,7977.0
2021-02-03,118.105,118.176,4422.0
2021-02-04,118.176,118.148,4798.0
2021-02-05,118.108,117.957,6248.0
2021-02-08,117.915,117.817,5982.0
2021-02-09,117.817,117.804,7071.0
2021-02-10,117.771,117.976,4304.0
2021-02-18,117.981,117.859,5693.0
2021-02-19,117.85,117.875,6491.0
2021-02-22,117.87,117.929,5580.0
2021-02-23,117.88,118.059,5046.0
2021-02-24,118.06,118.281,4780.0
2021-02-25,118.281,118.266,6296.0
2021-02-26,118.17,118.018,5008.0
2021-03-01,118.01,118.013,4845.0
2021-03-02,118.013,118.493,5980.0
2021-03-03,118.408,118.414,8136.0
2021-03-04,118.411,118.362,6382.0
2021-03-05,118.315,118.501,9589.0
2021-03-08,118.458,118.5,4723.0
2021-03-09,118.39,118.364,6934.0
2021-03-10,118.314,118.439,6962.0
2021-03-11,118.47,118.354,5846.0
2021-03-12,118.31,118.364,8189.0
2021-03-15,118.371,118.301,6080.0
2021-03-16,118.29,118.137,5164.0
2021-03-17,118.144,118.183,3908.0
2021-03-18,118.133,118.128,7149.0
2021-03-19,118.115,118.104,8561.0
2021-03-22,118.081,118.12,8184.0
2021-03-23,118.11,118.149,4503.0
2021-03-24,118.177,118.3,6022.0
2021-03-25,118.27,118.395,6504.0
2021-03-26,118.395,118.23,7204.0
2021-03-29,118.23,118.22,3224.0
2021-03-30,118.192,118.412,3582.0
2021-03-31,118.41,118.444,8366.0
2021-04-01,118.445,118.41,3070.0
2021-04-02,118.409,118.592,7049.0
2021-04-06,118.542,118.514,5369.0
2021-04-07,118.501,118.497,5008.0
2021-04-08,118.497,118.339,6765.0
2021-04-09,118.266,118.335,6156.0
2021-04-12,118.335,118.559,5763.0
2021-04-13,118.511,118.823,4336.0
2021-04-14,118.829,118.783,4787.0
2021-04-15,118.83,118.789,2782.0
2021-04-16,118.739,118.849,3821.0
2021-04-19,118.862,118.771,6721.0
2021-04-20,118.775,118.832,2864.0
2021-04-21,118.782,119.065,3866.0
2021-04-22,119.065,118.967,4814.0
2021-04-23,118.99,119.256,3037.0
2021-04-26,119.266,119.091,3580.0
2021-04-27,119.047,118.993,4769.0
2021-04-28,118.936,118.908,3670.0
2021-04-29,118.908,118.962,7717.0
2021-04-30,118.97,119.11,6363.0
2021-05-06,119.11,119.143,4231.0
2021-05-07,119.137,119.097,3714.0
2021-05-10,119.101,119.16,5451.0
2021-05-11,119.17,119.402,7017.0
2021-05-12,119.406,119.41,2821.0
2021-05-13,119.41,119.236,6298.0
2021-05-14,119.212,119.249,5702.0
2021-05-17,119.248,119.397,8042.0
2021-05-18,119.47,119.366,4473.0
2021-05-19,119.366,119.569,5415.0
2021-05-20,119.511,119.739,6897.0
2021-05-21,119.751,119.861,6402.0
2021-05-24,119.811,119.887,7438.0
2021-05-25,119.889,119.677,7563.0
2021-05-26,119.675,119.735,6206.0
2021-05-27,119.736,119.644,5576.0
2021-05-28,119.65,119.642,6082.0
2021-05-31,119.65,119.412,10437.0
2021-06-01,119.43,119.581,7670.0
2021-06-02,119.57,119.495,6609.0
2021-06-03,119.495,119.476,5903.0
2021-06-04,119.476,119.525,7820.0
2021-06-07,119.51,119.386,6695.0
2021-06-08,119.398,119.406,6514.0
2021-06-09,119.41,119.37,6765.0
2021-06-10,119.37,119.398,6141.0
2021-06-11,119.372,119.222,7827.0
2021-06-15,119.207,119.2,9333.0
2021-06-16,119.199,119.447,9298.0
2021-06-17,119.41,119.383,6652.0
2021-06-18,119.383,119.478,5647.0
2021-06-21,119.469,119.737,5879.0
2021-06-22,119.7,119.671,6065.0
2021-06-23,119.658,119.64,5642.0
2021-06-24,119.678,119.557,6864.0
2021-06-25,119.523,119.601,5808.0
2021-06-28,119.6,119.741,6533.0
2021-06-29,119.708,119.888,6531.0
2021-06-30,119.858,120.033,7784.0
2021-07-01,119.983,119.995,12702.0
2021-07-02,119.95,119.977,8017.0
2021-07-05,119.93,119.992,5719.0
2021-07-06,119.992,120.028,5798.0
2021-07-07,120.04,120.165,9063.0
2021-07-08,120.17,120.347,7080.0
2021-07-09,120.344,120.397,7911.0
2021-07-12,120.397,120.422,2373.0
2021-07-13,120.501,120.722,5869.0
2021-07-14,120.722,120.789,9828.0
2021-07-15,120.74,120.532,8898.0
2021-07-16,120.53,120.61,9682.0
2021-07-19,120.57,120.624,11355.0
2021-07-20,120.645,120.714,9026.0
2021-07-21,120.672,120.831,8285.0
2021-07-22,120.782,120.851,8809.0
2021-07-23,120.901,120.896,10173.0
2021-07-26,120.896,121.211,9059.0
2021-07-27,121.162,121.366,10713.0
2021-07-28,121.415,121.231,10659.0
2021-07-29,121.231,121.156,10600.0
2021-07-30,121.156,121.336,8776.0
2021-08-02,121.31,121.68,9034.0
2021-08-03,121.68,121.621,8613.0
2021-08-04,121.571,121.544,6281.0
2021-08-05,121.511,121.494,10476.0
2021-08-06,121.494,121.529,8961.0
2021-08-09,121.569,121.241,9232.0
2021-08-10,121.235,121.125,8542.0
2021-08-11,121.125,121.003,12448.0
2021-08-12,120.954,121.11,6764.0
2021-08-13,121.053,121.342,8199.0
2021-08-16,121.339,121.337,8046.0
2021-08-17,121.333,121.535,9178.0
2021-08-18,121.53,121.612,10050.0
2021-08-19,121.649,121.598,7505.0
2021-08-20,121.584,121.676,13697.0
2021-08-23,121.627,121.602,8517.0
2021-08-24,121.563,121.55,9720.0
2021-08-25,121.5,121.595,8184.0
2021-08-26,121.563,121.287,7159.0
2021-08-27,121.435,121.325,8837.0
2021-08-30,121.3,121.37,10404.0
2021-08-31,121.37,121.543,8780.0
2021-09-01,121.51,121.61,9963.0
2021-09-02,121.575,121.603,7665.0
2021-09-03,121.602,121.638,6991.0
2021-09-06,121.59,121.534,7605.0
2021-09-07,121.5,121.438,13875.0
2021-09-08,121.439,121.403,9662.0
2021-09-09,121.41,121.417,6211.0
2021-09-10,121.418,121.415,7501.0
2021-09-13,121.399,121.369,8733.0
2021-09-14,121.376,121.302,6495.0
2021-09-15,121.32,121.325,7877.0
2021-09-16,121.2,121.16,8150.0
2021-09-17,121.21,121.268,8021.0
2021-09-22,121.245,121.331,5989.0
2021-09-23,121.381,121.496,5922.0
2021-09-24,121.468,121.485,6119.0
2021-09-27,121.495,121.481,6650.0
2021-09-28,121.471,121.499,5218.0
2021-09-29,121.49,121.801,7575.0
2021-09-30,121.721,121.859,5707.0
2021-10-08,121.858,121.658,6332.0
2021-10-11,121.66,121.5,7184.0
2021-10-12,121.5,121.316,5637.0
2021-10-13,121.32,121.27,5306.0
2021-10-14,121.287,121.299,5899.0
2021-10-15,121.34,121.28,8525.0
2021-10-18,121.282,120.902,6644.0
2021-10-19,120.909,120.89,6787.0
2021-10-20,120.905,120.93,5029.0
2021-10-21,120.94,121.108,6838.0
2021-10-22,120.971,120.963,7460.0
2021-10-25,121.012,120.99,6025.0
2021-10-26,121.04,121.083,4946.0
2021-10-27,121.098,121.119,5459.0
2021-10-28,121.08,121.099,6472.0
2021-10-29,121.15,121.196,4830.0
2021-11-01,121.19,121.287,8255.0
2021-11-02,121.241,121.388,6076.0
2021-11-03,121.372,121.486,6849.0
2021-11-04,121.486,121.442,6897.0
2021-11-05,121.492,121.57,6184.0
2021-11-08,121.57,121.683,5358.0
2021-11-09,121.683,121.575,6557.0
2021-11-10,121.581,121.738,4268.0
2021-11-11,121.749,121.703,6663.0
2021-11-12,121.653,121.565,8340.0
2021-11-15,121.649,121.659,5141.0
2021-11-16,121.659,121.707,4544.0
2021-11-17,121.704,121.709,8810.0
2021-11-18,121.701,121.791,8248.0
2021-11-19,121.798,121.718,4813.0
2021-11-22,121.718,121.766,6879.0
2021-11-23,121.773,121.768,6367.0
2021-11-24,121.775,121.859,6387.0
2021-11-25,121.833,121.93,7333.0
2021-11-26,121.935,122.184,4039.0
2021-11-29,122.18,122.021,7270.0
2021-11-30,122.022,122.039,6897.0
2021-12-01,122.046,121.98,6891.0
2021-12-02,122.01,121.914,1984.0
2021-12-03,121.914,121.74,1130.0
2021-12-06,121.799,121.991,3924.0
2021-12-07,121.996,121.934,1855.0
2021-12-08,121.934,121.965,596.0
2021-12-09,121.968,121.92,1561.0
2021-12-10,121.925,121.999,1132.0
2021-12-13,121.999,121.995,918.0
2021-12-14,121.998,122.192,6110.0
2021-12-15,122.193,122.203,2090.0
2021-12-16,122.253,122.164,667.0
2021-12-17,122.164,122.34,1340.0
2021-12-20,122.332,122.316,820.0
2021-12-21,122.266,122.265,596.0
2021-12-22,122.262,122.339,1766.0
2021-12-23,122.346,122.369,694.0
2021-12-24,122.321,122.36,1874.0
2021-12-27,122.36,122.471,1528.0
2021-12-28,122.44,122.531,359.0
2021-12-29,122.481,122.562,1442.0
2021-12-30,122.568,122.882,4845.0
2021-12-31,122.88,122.989,1400.0
2022-01-04,122.939,122.928,666.0
2022-01-05,122.928,122.793,1186.0
2022-01-06,122.793,122.724,819.0
2022-01-07,122.724,122.734,1149.0
2022-01-10,122.734,122.878,1695.0
2022-01-11,122.878,123.05,1101.0
2022-01-12,123.065,123.098,1044.0
2022-01-13,123.09,123.083,586.0
2022-01-14,123.083,123.379,1673.0
2022-01-17,123.262,123.342,2276.0
2022-01-18,123.36,123.708,2320.0
2022-01-19,123.749,123.648,2956.0
2022-01-20,123.665,123.626,2118.0
2022-01-21,123.628,123.936,1980.0
2022-01-24,123.976,124.385,2572.0
2022-01-25,124.11,124.352,1948.0
2022-01-26,124.303,123.769,7885.0
2022-01-27,123.779,123.716,5093.0
2022-01-28,123.725,123.974,6357.0
2022-02-07,123.98,123.863,6386.0
2022-02-08,123.87,124.014,5116.0
2022-02-09,124.02,124.081,4104.0
2022-02-10,124.068,124.197,4585.0
2022-02-11,124.147,123.656,5706.0
2022-02-14,123.635,123.545,4158.0
2022-02-15,123.533,123.547,4269.0
2022-02-16,123.543,123.644,3898.0
2022-02-17,123.53,123.655,4145.0
2022-02-18,123.6,123.577,6181.0
2022-02-21,123.533,123.295,4070.0
2022-02-22,123.243,123.226,5317.0
2022-02-23,123.226,123.359,4491.0
2022-02-24,123.335,123.403,4154.0
2022-02-25,123.434,123.48,3836.0
2022-02-28,123.48,123.523,3691.0
2022-03-01,123.523,123.304,2712.0
2022-03-02,123.307,123.247,4013.0
2022-03-03,123.241,123.253,4075.0
2022-03-04,123.205,123.193,5456.0
2022-03-07,123.19,123.458,5724.0
2022-03-08,123.46,123.585,4860.0
2022-03-09,123.594,123.31,5101.0
2022-03-10,123.265,123.362,4326.0
2022-03-11,123.358,123.589,5250.0
2022-03-14,123.592,123.95,7096.0
2022-03-15,123.95,123.484,6132.0
2022-03-16,123.88,123.42,5260.0
2022-03-17,123.413,123.444,4233.0
2022-03-18,123.444,123.615,5645.0
2022-03-21,123.615,123.565,4131.0
2022-03-22,123.516,123.42,4856.0
2022-03-23,123.418,123.461,5213.0
2022-03-24,123.452,123.565,4795.0
2022-03-25,123.604,123.67,2856.0
2022-03-28,123.72,123.675,5090.0
2022-03-29,123.71,123.617,4707.0
2022-03-30,123.617,123.587,4969.0
2022-03-31,123.574,123.486,5483.0
2022-04-01,123.486,123.644,3605.0
2022-04-06,123.679,123.76,8062.0
2022-04-07,123.76,123.905,7395.0
2022-04-08,123.91,124.076,5497.0
2022-04-11,124.076,123.82,6419.0
2022-04-12,123.833,123.867,5575.0
2022-04-13,123.867,123.904,6448.0
2022-04-14,123.954,124.105,7667.0
2022-04-15,124.105,123.993,3987.0
2022-04-18,123.993,123.845,2977.0
2022-04-19,123.86,123.894,5353.0
2022-04-20,123.944,123.93,5294.0
2022-04-21,123.93,123.82,6702.0
2022-04-22,123.82,123.788,5282.0
2022-04-25,123.788,123.795,4872.0
2022-04-26,123.798,123.867,7470.0
2022-04-27,123.857,123.826,8026.0
2022-04-28,123.833,123.758,7428.0
2022-04-29,123.758,123.889,10277.0
2022-05-05,123.889,123.89,7518.0
2022-05-06,123.89,123.795,9585.0
2022-05-09,123.799,123.877,7827.0
2022-05-10,123.909,124.139,7882.0
2022-05-11,124.189,124.042,10141.0
2022-05-12,124.011,124.11,9786.0
2022-05-13,124.13,124.218,8846.0
2022-05-16,124.168,124.203,9331.0
2022-05-17,124.186,124.352,10403.0
2022-05-18,124.38,124.55,10570.0
2022-05-19,124.599,124.446,10157.0
2022-05-20,124.41,124.377,9312.0
2022-05-23,124.33,124.432,8506.0
2022-05-24,124.431,124.494,10354.0
2022-05-25,124.544,124.594,8826.0
2022-05-26,124.644,124.826,9971.0
2022-05-27,124.826,124.61,6802.0
2022-05-30,124.561,124.46,10068.0
2022-05-31,124.46,124.341,8451.0
2022-06-01,124.315,124.305,12282.0
2022-06-02,124.35,124.284,11282.0
2022-06-06,124.284,124.325,10435.0
2022-06-07,124.36,124.319,9755.0
2022-06-08,124.31,124.289,9477.0
2022-06-09,124.274,124.31,15360.0
2022-06-10,124.314,124.264,9794.0
2022-06-13,124.224,124.258,18676.0
2022-06-14,124.252,124.197,14226.0
2022-06-15,124.2,124.14,18154.0
2022-06-16,124.181,124.135,14469.0
2022-06-17,124.145,124.24,10360.0
2022-06-20,124.24,124.224,18861.0
2022-06-21,124.218,124.207,19802.0
2022-06-22,124.24,124.302,20473.0
2022-06-23,124.304,124.302,17851.0
2022-06-24,124.306,124.309,18781.0
2022-06-27,124.289,124.117,15933.0
2022-06-28,124.1,124.132,18696.0
2022-06-29,124.179,124.231,18280.0
2022-06-30,124.186,124.235,18878.0
2022-07-01,124.235,124.417,19107.0
2022-07-04,124.417,124.196,18134.0
2022-07-05,124.196,124.078,20128.0
2022-07-06,124.075,124.115,18150.0
2022-07-07,124.116,124.123,16991.0
2022-07-08,124.157,124.066,15768.0
2022-07-11,124.1,124.111,21185.0
2022-07-12,124.162,124.187,18004.0
2022-07-13,124.235,124.263,14529.0
2022-07-14,124.313,124.362,17042.0
2022-07-15,124.371,124.538,25101.0
2022-07-18,124.527,124.449,24288.0
2022-07-19,124.415,124.401,22267.0
2022-07-20,124.355,124.452,25316.0
2022-07-21,124.451,124.525,23721.0
2022-07-22,124.525,124.618,20490.0
2022-07-25,124.527,124.639,24852.0
2022-07-26,124.686,124.767,24250.0
2022-07-27,124.767,124.776,22543.0
2022-07-28,124.781,124.75,23495.0
2022-07-29,124.738,125.009,26313.0
2022-08-01,125.009,125.204,19065.0
2022-08-02,125.204,125.387,27242.0
2022-08-03,125.378,125.343,28683.0
2022-08-04,125.343,125.495,28363.0
2022-08-05,125.495,125.305,25034.0
2022-08-08,125.32,125.33,15164.0
2022-08-09,125.33,125.244,22511.0
2022-08-10,125.254,125.297,35008.0
2022-08-11,125.304,125.262,20068.0
2022-08-12,125.254,125.265,21984.0
2022-08-15,125.315,125.715,26739.0
2022-08-16,125.759,125.894,19516.0
2022-08-17,125.893,125.924,30688.0
2022-08-18,125.92,126.01,21631.0
2022-08-19,126.01,126.099,28603.0
2022-08-22,126.081,126.105,20172.0
2022-08-23,126.083,126.015,18695.0
2022-08-24,126.016,125.985,19789.0
2022-08-25,126.032,125.901,26560.0
2022-08-26,125.901,125.842,25405.0
2022-08-29,125.845,125.85,17613.0
2022-08-30,125.858,125.966,20117.0
2022-08-31,125.974,126.018,30075.0
2022-09-01,126.009,126.031,32015.0
2022-09-02,126.04,126.185,31422.0
2022-09-05,126.081,126.239,31597.0
2022-09-06,126.259,126.195,27940.0
2022-09-07,126.195,126.201,32553.0
2022-09-08,126.189,126.153,31109.0
2022-09-09,126.132,126.042,23555.0
2022-09-13,126.005,125.936,12440.0
2022-09-14,125.94,125.823,33422.0
2022-09-15,125.824,125.818,31893.0
2022-09-16,125.798,125.703,24105.0
2022-09-19,125.661,125.718,13947.0
2022-09-20,125.718,125.862,30717.0
2022-09-21,125.881,125.888,27407.0
2022-09-22,125.927,125.885,30746.0
2022-09-23,125.84,125.758,31788.0
2022-09-26,125.834,125.456,31614.0
2022-09-27,125.408,125.458,23055.0
2022-09-28,125.458,125.415,30719.0
2022-09-29,125.366,125.194,31354.0
2022-09-30,125.195,125.29,31806.0
2022-10-10,125.28,125.5,23061.0
2022-10-11,125.55,125.669,22298.0
2022-10-12,125.669,125.581,32067.0
2022-10-13,125.595,125.668,26592.0
2022-10-14,125.668,125.96,34742.0
2022-10-17,125.959,125.775,31835.0
2022-10-18,125.777,125.756,35190.0
2022-10-19,125.766,125.849,31138.0
2022-10-20,125.85,125.759,31034.0
2022-10-21,125.804,125.774,36384.0
2022-10-24,125.774,125.885,27223.0
2022-10-25,125.889,125.807,26622.0
2022-10-26,125.807,125.813,33508.0
2022-10-27,125.859,125.904,22981.0
2022-10-28,125.91,126.085,24361.0
2022-10-31,126.047,126.178,27150.0
2022-11-01,126.228,126.047,16774.0
2022-11-02,126.036,125.93,27185.0
2022-11-03,125.93,126.047,22911.0
2022-11-04,125.823,125.923,31681.0
2022-11-07,125.973,125.922,43830.0
2022-11-08,125.92,125.951,34086.0
2022-11-09,125.923,126.02,6569.0
2022-11-10,126.025,125.929,31894.0
2022-11-11,125.911,125.677,24344.0
2022-11-14,125.677,125.331,15152.0
2022-11-15,125.281,125.19,32215.0
2022-11-16,125.188,124.991,19734.0
2022-11-17,124.991,125.15,34534.0
2022-11-18,125.14,125.08,54753.0
2022-11-21,125.097,125.319,27177.0
2022-11-22,125.31,125.373,44123.0
2022-11-23,125.365,125.593,40484.0
2022-11-24,125.643,125.753,64315.0
2022-11-25,125.754,125.51,46294.0
2022-11-28,125.7,125.273,44704.0
2022-11-29,125.26,124.924,16277.0
2022-11-30,124.93,125.018,17332.0
2022-12-01,124.968,125.092,54378.0
2022-12-02,125.141,125.131,50966.0
2022-12-05,125.092,125.074,67647.0
2022-12-06,125.025,124.941,95077.0
2022-12-07,124.972,124.865,30263.0
2022-12-08,124.873,125.051,54384.0
2022-12-09,125.025,124.941,46866.0
2022-12-12,124.966,124.962,78992.0
2022-12-13,124.974,124.665,71261.0
2022-12-14,124.665,124.93,22518.0
2022-12-15,124.966,125.011,25463.0
2022-12-16,124.963,124.979,24714.0
2022-12-19,125.029,125.167,30428.0
2022-12-20,125.18,125.179,43231.0
2022-12-21,125.179,125.109,24450.0
2022-12-22,125.109,125.15,27380.0
2022-12-23,125.159,125.188,53922.0
2022-12-26,125.19,125.137,28208.0
2022-12-27,125.136,125.151,30010.0
2022-12-28,125.2,125.336,23895.0
2022-12-29,125.336,125.407,41049.0
2022-12-30,125.457,125.614,2179.0
2023-01-03,125.664,125.577,64776.0
2023-01-04,125.564,125.798,29465.0
2023-01-05,125.798,125.731,35761.0
2023-01-06,125.781,125.467,31533.0
2023-01-09,125.466,125.47,27688.0
2023-01-10,125.467,125.395,34059.0
2023-01-11,125.395,125.26,34832.0
2023-01-12,125.248,125.295,43170.0
2023-01-13,125.33,125.323,55751.0
2023-01-16,125.296,125.22,16720.0
2023-01-17,125.22,125.229,34600.0
2023-01-18,125.241,125.21,43955.0
2023-01-19,125.21,125.239,49355.0
2023-01-20,125.288,125.364,4361.0
2023-01-30,125.364,125.364,44877.0
2023-01-31,125.364,125.348,37368.0
2023-02-01,125.351,125.397,33848.0
2023-02-02,125.397,125.482,23496.0
2023-02-03,125.482,125.528,34394.0
2023-02-06,125.529,125.466,21820.0
2023-02-07,125.478,125.485,49729.0
2023-02-08,125.509,125.528,77599.0
2023-02-09,125.53,125.538,58704.0
2023-02-10,125.539,125.589,44569.0
2023-02-13,125.609,125.599,34659.0
2023-02-14,125.591,125.603,87311.0
2023-02-15,125.607,125.609,52530.0
2023-02-16,125.61,125.597,15263.0
2023-02-17,125.61,125.612,34858.0
2023-02-20,125.654,125.518,30785.0
2023-02-21,125.518,125.477,47602.0
2023-02-22,125.486,125.502,13636.0
2023-02-23,125.501,125.5,36937.0
2023-02-24,125.548,125.503,23678.0
2023-02-27,125.503,125.482,24690.0
2023-02-28,125.531,125.464,37093.0
2023-03-01,125.466,125.473,62552.0
2023-03-02,125.487,125.501,5544.0
2023-03-03,125.5,125.484,18943.0
2023-03-06,125.471,125.573,23218.0
2023-03-07,125.573,125.673,5842.0
2023-03-08,125.676,125.742,18116.0
2023-03-09,125.745,125.761,17066.0
2023-03-10,125.771,125.81,30005.0
2023-03-13,125.768,125.805,18028.0
2023-03-14,125.805,125.848,33108.0
2023-03-15,125.816,125.817,21349.0
2023-03-16,125.822,125.876,21689.0
2023-03-17,125.852,125.946,23759.0
2023-03-20,125.996,126.031,29706.0
2023-03-21,126.081,125.969,25054.0
2023-03-22,125.938,125.963,32170.0
2023-03-23,125.922,125.937,30417.0
2023-03-24,125.917,125.883,38251.0
2023-03-27,125.883,125.893,10455.0
2023-03-28,125.895,125.917,19520.0
2023-03-29,125.959,125.945,44493.0
2023-03-30,125.91,125.98,18134.0
2023-03-31,126.03,125.99,33838.0
2023-04-03,125.991,125.98,66325.0
2023-04-04,125.96,126.024,40258.0
2023-04-06,126.02,126.064,38497.0
2023-04-07,126.048,126.097,37441.0
2023-04-10,126.097,126.207,25760.0
2023-04-11,126.207,126.252,38753.0
2023-04-12,126.251,126.285,16850.0
2023-04-13,126.285,126.256,30850.0
2023-04-14,126.276,126.221,20276.0
2023-04-17,126.22,126.193,29356.0
2023-04-18,126.184,126.246,45828.0
2023-04-19,126.245,126.322,17699.0
2023-04-20,126.311,126.302,28781.0
2023-04-21,126.302,126.361,24726.0
2023-04-24,126.359,126.394,35063.0
2023-04-25,126.396,126.404,31477.0
2023-04-26,126.404,126.405,28067.0
2023-04-27,126.42,126.588,20789.0
2023-04-28,126.602,126.645,24639.0
2023-05-04,126.695,126.757,19461.0
2023-05-05,126.757,126.989,24226.0
2023-05-08,126.985,126.925,7382.0
2023-05-09,126.973,126.973,20516.0
2023-05-10,126.977,127.143,25766.0
2023-05-11,127.26,127.321,33491.0
2023-05-12,127.319,127.25,13655.0
2023-05-15,127.259,127.32,15318.0
2023-05-16,127.318,127.25,23216.0
2023-05-17,127.257,127.238,34685.0
2023-05-18,127.238,127.198,29491.0
2023-05-19,127.183,127.284,13746.0
2023-05-22,127.286,127.445,40847.0
2023-05-23,127.48,127.77,24308.0
2023-05-24,127.81,127.693,34021.0
2023-05-25,127.696,127.53,32659.0
2023-05-26,127.57,127.524,47512.0
2023-05-29,127.478,127.554,23610.0
2023-05-30,127.57,127.66,33462.0
2023-05-31,127.66,127.728,37618.0
2023-06-01,127.682,127.836,28477.0
2023-06-02,127.851,127.658,32985.0
2023-06-05,127.61,127.789,8265.0
2023-06-06,127.789,127.838,23186.0
2023-06-07,127.886,127.963,32481.0
2023-06-08,127.963,127.903,28282.0
2023-06-09,127.862,127.98,13942.0
2023-06-12,128.007,128.054,33844.0
2023-06-13,128.055,128.2,31430.0
2023-06-14,128.203,128.295,34686.0
2023-06-15,128.29,127.947,23959.0
2023-06-16,127.848,127.668,26094.0
2023-06-19,127.692,127.706,14489.0
2023-06-20,127.656,127.732,23121.0
2023-06-21,127.74,127.87,8069.0
2023-06-26,127.877,127.949,17688.0
2023-06-27,127.949,127.873,18489.0
2023-06-28,127.871,127.895,18874.0
2023-06-29,127.898,127.861,24742.0
2023-06-30,127.91,128.039,17665.0
2023-07-03,128.089,128.099,33780.0
2023-07-04,128.099,128.077,1938.0
2023-07-05,128.081,128.266,2447.0
2023-07-06,128.275,128.309,7248.0
2023-07-07,128.277,128.322,12351.0
2023-07-10,128.321,128.314,38836.0
2023-07-11,128.309,128.33,15704.0
2023-07-12,128.334,128.327,27915.0
2023-07-13,128.318,128.309,22041.0
2023-07-14,128.311,128.268,38272.0
2023-07-17,128.268,128.36,19564.0
2023-07-18,128.364,128.442,18657.0
2023-07-19,128.452,128.476,26977.0
2023-07-20,128.476,128.473,18669.0
2023-07-21,128.522,128.606,20426.0
2023-07-24,128.579,128.642,19778.0
2023-07-25,128.492,128.311,32774.0
2023-07-26,128.31,128.335,49935.0
2023-07-27,128.348,128.447,29896.0
2023-07-28,128.43,128.356,40530.0
2023-07-31,128.346,128.237,38139.0
2023-08-01,128.24,128.331,38412.0
2023-08-02,128.332,128.336,35022.0
2023-08-03,128.34,128.393,28023.0
2023-08-04,128.393,128.437,8637.0
2023-08-07,128.487,128.493,31109.0
2023-08-08,128.496,128.52,23325.0
2023-08-09,128.57,128.545,25941.0
2023-08-10,128.536,128.494,28507.0
2023-08-11,128.494,128.532,32870.0
2023-08-14,128.547,128.598,32210.0
2023-08-15,128.598,128.871,18317.0
2023-08-16,128.89,128.942,40170.0
2023-08-17,128.962,128.9,50072.0
2023-08-18,128.9,128.967,33130.0
2023-08-21,128.983,129.088,32990.0
2023-08-22,129.088,129.014,35735.0
2023-08-23,129.016,129.001,32232.0
2023-08-24,128.971,128.97,34923.0
2023-08-25,128.977,128.907,26396.0
2023-08-28,128.685,128.742,36151.0
2023-08-29,128.761,128.58,27171.0
2023-08-30,128.531,128.833,37123.0
2023-08-31,128.835,128.859,29511.0
2023-09-01,128.815,128.718,29137.0
2023-09-04,128.64,128.398,26614.0
2023-09-05,128.475,128.493,34148.0
2023-09-06,128.499,128.393,45076.0
2023-09-07,128.391,128.232,27480.0
2023-09-08,128.285,128.337,29664.0
2023-09-11,128.337,128.337,28002.0
2023-09-12,128.337,128.36,17140.0
2023-09-13,128.398,128.494,35354.0
2023-09-14,128.46,128.561,38508.0
2023-09-15,128.56,128.495,25571.0
2023-09-18,128.445,128.353,29555.0
2023-09-19,128.382,128.338,25879.0
2023-09-20,128.338,128.286,22783.0
2023-09-21,128.286,128.383,26749.0
2023-09-22,128.383,128.288,26261.0
2023-09-25,128.287,128.261,31232.0
2023-09-26,128.214,128.112,33886.0
2023-09-27,128.113,127.814,3745.0
2023-09-28,128.162,128.392,27356.0
2023-10-09,128.393,128.503,23688.0
2023-10-10,128.466,128.409,27877.0
2023-10-11,128.37,128.169,23312.0
2023-10-12,128.119,128.15,34944.0
2023-10-13,128.154,128.259,25687.0
2023-10-16,128.309,128.273,47490.0
2023-10-17,128.243,128.208,40160.0
2023-10-18,128.208,128.183,28848.0
2023-10-19,128.137,127.948,42310.0
2023-10-20,127.948,128.05,29304.0
2023-10-23,128.11,128.172,35683.0
2023-10-24,128.142,128.11,27500.0
2023-10-25,128.111,128.264,19847.0
2023-10-26,128.266,128.42,28836.0
2023-10-27,128.42,128.36,27313.0
2023-10-30,128.357,128.536,26887.0
2023-10-31,128.511,128.576,27278.0
2023-11-01,128.66,128.603,27528.0
2023-11-02,128.606,128.701,27548.0
2023-11-03,128.691,128.692,29496.0
2023-11-06,128.69,128.655,29974.0
2023-11-07,128.655,128.69,29705.0
2023-11-08,128.705,128.703,28572.0
2023-11-09,128.748,128.71,39085.0
2023-11-10,128.711,128.715,28517.0
2023-11-13,128.714,128.873,46505.0
2023-11-14,128.871,128.862,29665.0
2023-11-15,128.862,128.859,31885.0
2023-11-16,128.84,128.935,27902.0
2023-11-17,128.936,128.947,28266.0
2023-11-20,128.976,128.877,33507.0
2023-11-21,128.845,128.816,27321.0
2023-11-22,128.816,128.665,28070.0
2023-11-23,128.68,128.5,27811.0
2023-11-24,128.548,128.596,26883.0
2023-11-27,128.55,128.577,30525.0
2023-11-28,128.58,128.565,36535.0
2023-11-29,128.566,128.517,43993.0
2023-11-30,128.53,128.611,31820.0
2023-12-01,128.661,128.71,46148.0
2023-12-04,128.71,128.615,44993.0
2023-12-05,128.617,128.601,22145.0
2023-12-06,128.601,128.583,34370.0
2023-12-07,128.583,128.654,34286.0
2023-12-08,128.749,128.72,32707.0
2023-12-11,128.775,128.905,30451.0
2023-12-12,128.905,128.893,33835.0
2023-12-13,128.911,129.075,22260.0
2023-12-14,129.081,128.951,18697.0
2023-12-15,128.979,129.068,33805.0
2023-12-18,129.084,129.175,32852.0
2023-12-19,129.182,129.162,34199.0
2023-12-20,129.164,129.071,33343.0
2023-12-21,129.073,129.12,29682.0
2023-12-22,129.211,129.297,14535.0
2023-12-25,129.347,129.405,10951.0
2023-12-26,129.41,129.507,19286.0
2023-12-27,129.569,129.636,31812.0
2023-12-28,129.689,129.755,7875.0
2023-12-29,129.772,129.873,26287.0
2024-01-02,129.874,129.762,31664.0
2024-01-03,129.725,129.727,41739.0
2024-01-04,129.715,129.83,4005.0
2024-01-05,129.828,129.967,3307.0
2024-01-08,129.954,129.933,30614.0
2024-01-09,129.932,129.954,29256.0
2024-01-10,129.979,129.937,22250.0
2024-01-11,129.938,129.97,27339.0
2024-01-12,130.009,129.927,26873.0
2024-01-15,129.927,129.883,61964.0
2024-01-16,129.841,129.792,46331.0
2024-01-17,129.774,129.889,42925.0
2024-01-18,129.925,129.86,42701.0
2024-01-19,129.95,130.085,50477.0
2024-01-22,130.087,130.147,30624.0
2024-01-23,130.147,130.069,31376.0
2024-01-24,130.021,130.022,14214.0
2024-01-25,130.074,130.192,16875.0
2024-01-26,130.26,130.285,40995.0
2024-01-29,130.285,130.331,30873.0
2024-01-30,130.526,130.677,36493.0
2024-01-31,130.78,130.71,25205.0
2024-02-01,130.63,130.588,34043.0
2024-02-02,130.573,130.576,40738.0
2024-02-05,130.832,130.734,34413.0
2024-02-06,130.655,130.533,42677.0
2024-02-07,130.479,130.471,15312.0
2024-02-08,130.705,130.71,25645.0
2024-02-19,130.629,130.67,38908.0
2024-02-20,130.658,130.712,35983.0
2024-02-21,130.762,130.795,29469.0
2024-02-22,130.795,130.853,26980.0
2024-02-23,130.99,131.019,36790.0
2024-02-26,131.009,131.031,25915.0
2024-02-27,131.061,131.069,28539.0
2024-02-28,131.035,131.08,25255.0
2024-02-29,131.091,131.131,54219.0
2024-03-01,131.11,131.05,52223.0
2024-03-04,131.017,131.055,43927.0
2024-03-05,131.037,131.06,41925.0
2024-03-06,131.15,131.24,37172.0
2024-03-07,131.465,131.356,37630.0
2024-03-08,131.354,131.303,43724.0
2024-03-11,131.206,131.218,42286.0
2024-03-12,131.118,131.091,41780.0
2024-03-13,130.979,131.054,39384.0
2024-03-14,131.023,130.981,34673.0
2024-03-15,131.009,131.064,41887.0
2024-03-18,131.054,131.187,41509.0
2024-03-19,131.19,131.293,34378.0
2024-03-20,131.287,131.269,67407.0
2024-03-21,131.219,131.293,35896.0
2024-03-22,131.35,131.326,38493.0
2024-03-25,131.19,131.262,41118.0
2024-03-26,131.215,131.247,31516.0
2024-03-27,131.242,131.301,40304.0
2024-03-28,131.358,131.285,2827.0
2024-03-29,131.317,131.433,40632.0
2024-04-01,131.435,131.388,30373.0
2024-04-02,131.388,131.436,37738.0
2024-04-03,131.486,131.573,34318.0
2024-04-08,131.573,131.74,31544.0
2024-04-09,131.74,131.865,41409.0
2024-04-10,131.797,131.879,52895.0
2024-04-11,131.88,131.904,39365.0
2024-04-12,131.947,132.079,39987.0
2024-04-15,132.085,132.06,30803.0
2024-04-16,132.06,131.987,38683.0
2024-04-17,131.987,132.022,34128.0
2024-04-18,132.07,132.128,31451.0
2024-04-19,132.189,132.216,68993.0
2024-04-22,132.23,132.297,30708.0
2024-04-23,132.308,132.487,29838.0
2024-04-24,132.295,132.128,34713.0
2024-04-25,132.136,132.223,31794.0
2024-04-26,132.275,131.999,28061.0
2024-04-29,132.135,131.439,10692.0
2024-04-30,131.58,131.822,36085.0
2024-05-06,131.827,132.035,18296.0
2024-05-07,132.152,132.201,29758.0
2024-05-08,132.201,132.225,28353.0
2024-05-09,132.16,132.106,41169.0
2024-05-10,132.098,132.082,29335.0
2024-05-13,132.122,132.226,27803.0
2024-05-14,132.259,132.301,38968.0
2024-05-15,132.307,132.3,34142.0
2024-05-16,132.288,132.236,33005.0
2024-05-17,132.138,132.137,38343.0
2024-05-20,132.212,132.299,33931.0
2024-05-21,132.307,132.229,32296.0
2024-05-22,132.242,132.287,33810.0
2024-05-23,132.32,132.381,34495.0
2024-05-24,132.409,132.384,32052.0
2024-05-27,132.383,132.35,35643.0
2024-05-28,132.367,132.426,30882.0
2024-05-29,132.476,132.498,28917.0
2024-05-30,132.496,132.551,28778.0
2024-05-31,132.49,132.528,35903.0
2024-06-03,132.535,132.67,43246.0
2024-06-04,132.65,132.702,35781.0
2024-06-05,132.668,132.741,33142.0
2024-06-06,132.743,132.715,28371.0
2024-06-07,132.725,132.764,32798.0
2024-06-11,132.764,132.764,26420.0
2024-06-12,132.753,132.746,25551.0
2024-06-13,132.748,132.759,28111.0
2024-06-14,132.775,132.78,33934.0
2024-06-17,132.782,132.837,27625.0
2024-06-18,132.837,132.874,28487.0
2024-06-19,132.876,132.901,53157.0
2024-06-20,132.986,133.016,30529.0
2024-06-21,133.019,132.947,29703.0
2024-06-24,132.947,133.03,28418.0
2024-06-25,133.025,133.072,38625.0
2024-06-26,133.105,133.172,35230.0
2024-06-27,133.184,133.313,31055.0
2024-06-28,133.348,133.409,49050.0
2024-07-01,133.44,133.182,8915.0
2024-07-02,133.149,133.305,34446.0
2024-07-03,133.327,133.517,40451.0
2024-07-04,133.542,133.444,64538.0
2024-07-05,133.445,133.338,45067.0
2024-07-08,133.198,133.071,46433.0
2024-07-09,133.145,133.239,34476.0
2024-07-10,133.239,133.325,40662.0
2024-07-11,133.324,133.318,44301.0
2024-07-12,133.345,133.426,32251.0
2024-07-15,133.44,133.478,34516.0
2024-07-16,133.48,133.477,32254.0
2024-07-17,133.481,133.509,38830.0
2024-07-18,133.516,133.468,18601.0
2024-07-19,133.471,133.56,38215.0
2024-07-22,133.702,133.851,30731.0
2024-07-23,133.974,133.996,45656.0
2024-07-24,134.007,133.998,40589.0
2024-07-25,133.998,134.018,35684.0
2024-07-26,134.034,134.077,18868.0
2024-07-29,134.09,134.054,34882.0
2024-07-30,134.059,134.074,38542.0
2024-07-31,134.14,134.171,32067.0
2024-08-01,134.264,134.397,24949.0
2024-08-02,134.48,134.598,25648.0
2024-08-05,134.604,134.649,38029.0
2024-08-06,134.426,134.45,27544.0
2024-08-07,134.444,134.641,39797.0
2024-08-08,134.61,134.521,40429.0
2024-08-09,134.332,134.336,29740.0
2024-08-12,134.06,133.714,48832.0
2024-08-13,133.828,134.119,56401.0
2024-08-14,134.268,134.246,36982.0
2024-08-15,134.246,134.11,24381.0
2024-08-16,134.095,134.087,36548.0
2024-08-19,134.173,134.146,41832.0
2024-08-20,134.148,134.124,40906.0
2024-08-21,134.123,133.977,52970.0
2024-08-22,134.178,134.253,21531.0
2024-08-23,134.243,134.454,39433.0
2024-08-26,134.45,134.456,31747.0
2024-08-27,134.342,134.366,41563.0
2024-08-28,134.345,134.411,48146.0
2024-08-29,134.411,134.337,35408.0
2024-08-30,134.362,134.295,32779.0
2024-09-02,134.538,134.616,43363.0
2024-09-03,134.667,134.799,42128.0
2024-09-04,134.878,134.847,42708.0
2024-09-05,134.918,134.933,34083.0
2024-09-06,134.916,134.978,32606.0
2024-09-09,134.978,135.051,10826.0
2024-09-10,135.101,135.169,30735.0
2024-09-11,135.17,135.376,24002.0
2024-09-12,135.376,135.161,15217.0
2024-09-13,135.3,135.355,14481.0
2024-09-18,135.489,135.389,11386.0
2024-09-19,135.415,135.205,26325.0
2024-09-20,135.247,135.304,26995.0
2024-09-23,135.338,135.334,20696.0
2024-09-24,135.416,135.182,23423.0
2024-09-25,134.965,135.507,17573.0
2024-09-26,135.651,135.4,18483.0
2024-09-27,135.19,134.82,9873.0
2024-09-30,133.51,134.354,29722.0
2024-10-08,133.559,134.3,18848.0
2024-10-09,134.419,134.58,24818.0
2024-10-10,134.53,134.908,13708.0
2024-10-11,134.995,134.98,33894.0
2024-10-14,134.994,134.958,32374.0
2024-10-15,134.999,134.994,32637.0
2024-10-16,135.044,135.013,46099.0
2024-10-17,135.016,135.201,52197.0
2024-10-18,135.27,135.047,72249.0
2024-10-21,135.047,135.029,34468.0
2024-10-22,135.025,134.835,17004.0
2024-10-23,134.795,134.696,44680.0
2024-10-24,134.709,134.75,40460.0
2024-10-25,134.751,134.738,48924.0
2024-10-28,134.786,134.765,31677.0
2024-10-29,134.792,134.902,17659.0
2024-10-30,135.11,134.945,19408.0
2024-10-31,134.951,134.934,16582.0
2024-11-01,135.038,135.141,10652.0
2024-11-04,135.202,135.2,14599.0
2024-11-05,135.184,135.188,22315.0
2024-11-06,135.193,135.239,10041.0
2024-11-07,135.267,135.359,20181.0
2024-11-08,135.241,135.412,44914.0
2024-11-11,135.435,135.45,12833.0
2024-11-12,135.475,135.641,18063.0
2024-11-13,135.637,135.64,21947.0
2024-11-14,135.643,135.647,17297.0
2024-11-15,135.652,135.745,10855.0
2024-11-18,135.731,135.67,37385.0
2024-11-19,135.668,135.639,10371.0
2024-11-20,135.685,135.734,16014.0
2024-11-21,135.749,135.821,33598.0
2024-11-22,135.865,135.847,37658.0
2024-11-25,135.847,135.96,13868.0
2024-11-26,135.96,135.933,31489.0
2024-11-27,135.91,135.874,23838.0
2024-11-28,135.873,135.972,29668.0
2024-11-29,136.015,136.049,26459.0
2024-12-02,136.197,136.354,23929.0
2024-12-03,136.389,136.327,32736.0
2024-12-04,136.33,136.448,33480.0
2024-12-05,136.445,136.478,21527.0
2024-12-06,136.476,136.435,76784.0
2024-12-09,136.436,136.447,24478.0
2024-12-10,136.39,136.883,46065.0
2024-12-11,136.86,136.892,31006.0
2024-12-12,136.921,137.073,34696.0
2024-12-13,137.38,137.565,37769.0
2024-12-16,137.664,137.673,20894.0
2024-12-17,137.614,137.473,99246.0
2024-12-18,137.535,137.465,19936.0
2024-12-19,137.481,137.51,34594.0
2024-12-20,137.701,137.947,22046.0
2024-12-23,138.015,137.871,39287.0
2024-12-24,137.84,137.763,30995.0
2024-12-25,137.764,137.505,20638.0
2024-12-26,137.535,137.507,28753.0
2024-12-27,137.63,137.798,29039.0
2024-12-30,137.777,137.513,18093.0
2024-12-31,137.66,137.726,23833.0
2025-01-02,137.87,137.921,27487.0
2025-01-03,137.98,138.297,21161.0
2025-01-06,138.317,138.299,31543.0
2025-01-07,138.303,138.068,15614.0
2025-01-08,138.02,138.113,34266.0
2025-01-09,138.061,137.808,26075.0
2025-01-10,137.46,137.719,15031.0
2025-01-13,137.712,137.549,32960.0
2025-01-14,137.529,137.621,23460.0
2025-01-15,137.76,137.777,37847.0
2025-01-16,137.739,137.753,26141.0
2025-01-17,137.803,137.688,24902.0
2025-01-20,137.638,137.699,82198.0
2025-01-21,137.596,137.729,10240.0
2025-01-22,137.81,137.82,124685.0
2025-01-23,137.769,137.656,126339.0
2025-01-24,137.652,137.514,154365.0
2025-01-27,137.632,138.006,118679.0
2025-02-05,137.941,137.969,104712.0
2025-02-06,137.983,138.104,110857.0
2025-02-07,138.128,138.021,158454.0
2025-02-10,137.975,137.791,151570.0
2025-02-11,137.775,137.758,52802.0
2025-02-12,137.768,137.76,28326.0
2025-02-13,137.762,137.737,152223.0
2025-02-14,137.736,137.436,144112.0
2025-02-17,137.428,137.342,15595.0
2025-02-18,137.332,137.147,157012.0
2025-02-19,137.171,137.327,146661.0
2025-02-20,137.328,137.093,58578.0
2025-02-21,136.99,136.96,157081.0
2025-02-24,136.86,136.574,158630.0
2025-02-25,136.689,136.763,18767.0
2025-02-26,136.803,136.775,145746.0
2025-02-27,136.786,136.717,153011.0
2025-02-28,136.696,136.764,20762.0
2025-03-03,136.8,137.11,156581.0
2025-03-04,137.222,137.104,21393.0
2025-03-05,137.09,137.056,149918.0
2025-03-06,137.046,136.927,149712.0
2025-03-07,136.796,136.647,18771.0
2025-03-10,136.509,136.415,23009.0
2025-03-11,136.445,136.091,12963.0
2025-03-12,136.04,136.583,183836.0
2025-03-13,136.51,136.601,20625.0
2025-03-14,136.501,136.576,52481.0
2025-03-17,136.448,136.289,12210.0
2025-03-18,136.272,136.39,23671.0
2025-03-19,136.39,136.302,32373.0
2025-03-20,136.422,136.475,37766.0
2025-03-21,136.522,136.422,13837.0
2025-03-24,136.39,136.354,14798.0
2025-03-25,136.525,136.527,40245.0
2025-03-26,136.517,136.686,8144.0
2025-03-27,136.69,136.737,11059.0
2025-03-28,136.728,136.707,9230.0
2025-03-31,136.703,136.697,90483.0
2025-04-01,136.741,136.69,70994.0
2025-04-02,136.688,136.792,18733.0
2025-04-03,136.98,137.304,21176.0
2025-04-07,137.655,137.727,23109.0
2025-04-08,137.562,137.613,68766.0
2025-04-09,137.7,137.694,22420.0
2025-04-10,137.61,137.828,98584.0
2025-04-11,137.916,137.875,86298.0
2025-04-14,137.833,137.753,194777.0
2025-04-15,137.759,137.756,14094.0
2025-04-16,137.76,137.874,176795.0
2025-04-17,137.867,137.786,126369.0
2025-04-18,137.785,137.727,178050.0
2025-04-21,137.727,137.609,7962.0
2025-04-22,137.613,137.66,45982.0
2025-04-23,137.638,137.531,9591.0
2025-04-24,137.57,137.413,117553.0
2025-04-25,137.49,137.539,12027.0
2025-04-28,137.548,137.501,102934.0
2025-04-29,137.528,137.686,74728.0
2025-04-30,137.702,137.793,20061.0
2025-05-06,137.78,137.718,187147.0
2025-05-07,137.759,137.68,44691.0
2025-05-08,137.782,137.96,48415.0
2025-05-09,137.972,137.92,17149.0
2025-05-12,137.862,137.855,15726.0
2025-05-13,137.8,137.761,21606.0
2025-05-14,137.759,137.645,13478.0
2025-05-15,137.641,137.547,10882.0
2025-05-16,137.537,137.453,10243.0
2025-05-19,137.453,137.522,11215.0
2025-05-20,137.59,137.569,10686.0
2025-05-21,137.52,137.554,6659.0
2025-05-22,137.58,137.553,6494.0
2025-05-23,137.575,137.659,7615.0
2025-05-26,137.66,137.656,52579.0
2025-05-27,137.663,137.604,66876.0
2025-05-28,137.623,137.611,32829.0
2025-05-29,137.594,137.453,12326.0
2025-05-30,137.553,137.586,23656.0
2025-06-03,137.639,137.579,158852.0
2025-06-04,137.594,137.669,234587.0
2025-06-05,137.668,137.736,113705.0
2025-06-06,137.8,137.851,152139.0
2025-06-09,137.867,137.9,121585.0
2025-06-10,137.925,137.916,221953.0
2025-06-11,137.934,137.909,141283.0
2025-06-12,137.908,137.879,103178.0
2025-06-13,137.879,137.908,192043.0
2025-06-16,137.916,137.939,137211.0
2025-06-17,137.923,138.093,131917.0
2025-06-18,138.11,138.109,14264.0
2025-06-19,138.112,138.115,11456.0
2025-06-20,138.123,138.14,5534.0
2025-06-23,138.138,138.111,10042.0
2025-06-24,138.111,138.058,280304.0
2025-06-25,138.058,138.022,196281.0
2025-06-26,138.022,138.06,271713.0
2025-06-27,138.06,138.155,197700.0
2025-06-30,138.158,138.091,78009.0
2025-07-01,138.104,138.141,130705.0
2025-07-02,138.142,138.221,221222.0
2025-07-03,138.24,138.239,190406.0
2025-07-04,138.254,138.272,191611.0
2025-07-07,138.275,138.251,94947.0
2025-07-08,138.243,138.141,103800.0
2025-07-09,138.15,138.139,204550.0
2025-07-10,138.145,138.047,241126.0
2025-07-11,138.043,138.009,28346.0
2025-07-14,138.01,137.937,14642.0
2025-07-15,137.96,138.077,217189.0
2025-07-16,138.082,138.086,137680.0
2025-07-17,138.062,138.078,10799.0
2025-07-18,138.078,138.066,11338.0
2025-07-21,138.066,137.979,69880.0
2025-07-22,137.983,137.905,96063.0
2025-07-23,137.845,137.851,41098.0
2025-07-24,137.812,137.584,113994.0
2025-07-25,137.59,137.615,62686.0
2025-07-28,137.711,137.748,145640.0
2025-07-29,137.763,137.574,73632.0
2025-07-30,137.588,137.713,116716.0
2025-07-31,137.716,137.823,119712.0
2025-08-01,137.804,137.831,162478.0
2025-08-04,137.862,137.803,235391.0
2025-08-05,137.763,137.847,84474.0
2025-08-06,137.84,137.861,117942.0
2025-08-07,137.9,137.961,95938.0
2025-08-08,138.16,138.018,133447.0
2025-08-11,138.019,137.851,124355.0
2025-08-12,137.858,137.823,12510.0
2025-08-13,137.81,137.921,93018.0
2025-08-14,137.92,137.868,81088.0
2025-08-15,137.89,137.855,11732.0
2025-08-18,137.88,137.557,65279.0
2025-08-19,137.58,137.568,28820.0
2025-08-20,137.632,137.506,15865.0
2025-08-21,137.51,137.568,11547.0
2025-08-22,137.61,137.531,106106.0
2025-08-25,137.534,137.65,67599.0
2025-08-26,137.65,137.656,21903.0
2025-08-27,137.667,137.694,120517.0
2025-08-28,137.708,137.626,97128.0
2025-08-29,137.622,137.658,150720.0
2025-09-01,137.65,137.769,17948.0
2025-09-02,137.776,137.767,206377.0
2025-09-03,137.808,137.912,106698.0
2025-09-04,137.945,137.998,70465.0
2025-09-05,137.989,137.789,170921.0
2025-09-08,137.8,137.761,152067.0
2025-09-09,137.76,137.741,189836.0
2025-09-10,137.76,137.665,205134.0
2025-09-11,137.693,137.766,87079.0
2025-09-12,137.768,137.811,179192.0
2025-09-15,137.874,137.9,125685.0
2025-09-16,138.31,137.985,142363.0
2025-09-17,138.015,138.142,74286.0
2025-09-18,138.119,138.05,14795.0
2025-09-19,138.05,137.895,22424.0
2025-09-22,137.91,138.007,46207.0
2025-09-23,138.06,137.882,20503.0
2025-09-24,137.933,137.764,17124.0
2025-09-25,137.702,137.712,10940.0
2025-09-26,137.74,137.816,13670.0
2025-09-29,137.87,137.781,8548.0
2025-09-30,137.79,137.988,9344.0
2025-10-09,138.0,138.083,207224.0
2025-10-10,138.094,138.053,9361.0
2025-10-13,138.079,138.094,145693.0
2025-10-14,138.07,138.141,275776.0
2025-10-15,138.14,138.1,139224.0
2025-10-16,138.1,138.106,16115.0
2025-10-17,138.133,138.206,272471.0
2025-10-20,138.155,138.082,192456.0
2025-10-21,138.081,138.102,168418.0
2025-10-22,138.102,138.128,54490.0
2025-10-23,138.129,138.088,14635.0
2025-10-24,138.087,138.079,132531.0
2025-10-27,138.041,138.126,22130.0
2025-10-28,138.288,138.405,127528.0
2025-10-29,138.355,138.521,20539.0
2025-10-30,138.589,138.634,118846.0
2025-10-31,138.683,138.65,107682.0
2025-11-03,138.653,138.588,207629.0
2025-11-04,138.61,138.581,11606.0
2025-11-05,138.634,138.586,120721.0
2025-11-06,138.587,138.52,224263.0
2025-11-07,138.548,138.549,86362.0
2025-11-10,138.549,138.545,24369.0
2025-11-11,138.539,138.562,70718.0
2025-11-12,138.626,138.62,115655.0
2025-11-13,138.62,138.564,40391.0
2025-11-14,138.564,138.547,109408.0
2025-11-17,138.547,138.573,169897.0
2025-11-18,138.573,138.581,163019.0
2025-11-19,138.582,138.539,7313.0
2025-11-20,138.538,138.612,8750.0
2025-11-21,138.628,138.574,22211.0
2025-11-24,138.569,138.59,25788.0
2025-11-25,138.59,138.593,12705.0
2025-11-26,138.605,138.441,8553.0
2025-11-27,138.443,138.433,176208.0
2025-11-28,138.434,138.488,54604.0
2025-12-01,138.486,138.535,6955.0
2025-12-02,138.546,138.5,138482.0
2025-12-03,138.5,138.512,21602.0
2025-12-04,138.511,138.371,7206.0
2025-12-05,138.376,138.443,80403.0
2025-12-08,138.466,138.428,10304.0
2025-12-09,138.471,138.505,46431.0
2025-12-10,138.489,138.526,34187.0
2025-12-11,138.548,138.62,71021.0
2025-12-12,138.708,138.581,121593.0
2025-12-15,138.552,138.522,9522.0
2025-12-16,138.495,138.496,77847.0
2025-12-17,138.513,138.589,86837.0
2025-12-18,138.596,138.673,15296.0
2025-12-19,138.71,138.747,20448.0
2025-12-22,138.75,138.675,32913.0
2025-12-23,138.671,138.912,112949.0
2025-12-24,138.861,138.854,27781.0
2025-12-25,138.854,138.807,24865.0
2025-12-26,138.814,138.899,21476.0
2025-12-29,138.881,138.73,64110.0
2025-12-30,138.73,138.707,22818.0
2025-12-31,138.713,138.71,17226.0
2026-01-05,138.704,138.579,12972.0
2026-01-06,138.579,138.474,112357.0
2026-01-07,138.415,138.397,167378.0
2026-01-08,138.464,138.518,39895.0
2026-01-09,138.518,138.507,12286.0
2026-01-12,138.485,138.576,16725.0
2026-01-13,138.594,138.616,8034.0
2026-01-14,138.642,138.707,150378.0
2026-01-15,138.707,138.762,12254.0
2026-01-16,138.732,138.852,28525.0
2026-01-19,138.898,138.843,194803.0
2026-01-20,138.864,138.932,131432.0
2026-01-21,138.935,138.929,7478.0
2026-01-22,138.894,138.916,326892.0
2026-01-23,138.897,138.963,185941.0
2026-01-26,138.966,138.936,14382.0
2026-01-27,138.938,138.949,206811.0
2026-01-28,138.93,138.971,20130.0
2026-01-29,138.978,139.057,174755.0
2026-01-30,139.058,139.043,9467.0
2026-02-02,139.063,139.046,203063.0
2026-02-03,139.028,139.095,17589.0
2026-02-04,139.114,139.08,201750.0
2026-02-05,139.08,139.164,7987.0
2026-02-06,139.214,139.2,12868.0
2026-02-09,139.194,139.286,8479.0
2026-02-10,139.294,139.283,5421.0
2026-02-11,139.289,139.347,6064.0
2026-02-12,139.343,139.405,6040.0
2026-02-13,139.504,139.459,18809.0
2026-02-24,139.449,139.475,10633.0
2026-02-25,139.475,139.359,9877.0
2026-02-26,139.359,139.224,8914.0
2026-02-27,139.224,139.312,116101.0
2026-03-02,139.313,139.433,8054.0
2026-03-03,139.433,139.422,15663.0
2026-03-04,139.439,139.543,6088.0
2026-03-05,139.544,139.484,102599.0
2026-03-06,139.487,139.52,257192.0
2026-03-09,139.522,139.351,97514.0
2026-03-10,139.376,139.359,23681.0
2026-03-11,139.346,139.349,36833.0
2026-03-12,139.313,139.353,51026.0
2026-03-13,139.371,139.386,13807.0
2026-03-16,139.389,139.292,148540.0
2026-03-17,139.302,139.294,27101.0
2026-03-18,139.304,139.432,13928.0
2026-03-19,139.424,139.508,244510.0
2026-03-20,139.502,139.467,188748.0
2026-03-23,139.437,139.414,25126.0
2026-03-24,139.414,139.378,29171.0
2026-03-25,139.367,139.423,103562.0
2026-03-26,139.416,139.477,25678.0
2026-03-27,139.481,139.562,117229.0
2026-03-30,139.571,139.65,108977.0
2026-03-31,139.672,139.69,26502.0
2026-04-01,139.689,139.571,90957.0
2026-04-02,139.579,139.596,28037.0
2026-04-03,139.603,139.662,15423.0
2026-04-07,139.662,139.645,18288.0
2026-04-08,139.626,139.573,70776.0
2026-04-09,139.573,139.59,25511.0
2026-04-10,139.59,139.592,40741.0
2026-04-13,139.598,139.628,30418.0
2026-04-14,139.632,139.654,51408.0
2026-04-15,139.636,139.787,33118.0
2026-04-16,139.792,139.873,29215.0
2026-04-17,139.872,139.94,23830.0
2026-04-20,139.942,139.925,56866.0
2026-04-21,139.909,139.92,7982.0
2026-04-22,139.96,140.023,29608.0
2026-04-23,140.023,140.023,50750.0
2026-04-24,140.03,140.085,48984.0
2026-04-27,140.027,139.887,30849.0
2026-04-28,139.946,140.006,84554.0
2026-04-29,140.016,140.085,41704.0
2026-04-30,140.087,140.059,172006.0
2026-05-06,139.986,139.997,48190.0
2026-05-07,139.997,140.006,54616.0
2026-05-08,140.034,140.086,200995.0
2026-05-11,140.082,140.097,36146.0
2026-05-12,140.114,140.149,32192.0
2026-05-13,140.149,140.185,20414.0
2026-05-14,140.195,140.197,15545.0
2026-05-15,140.232,140.26,18514.0
2026-05-18,140.262,140.312,18273.0
2026-05-19,140.308,140.433,37188.0
2026-05-20,140.434,140.464,15078.0
2026-05-21,140.461,140.377,20175.0
2026-05-22,140.379,140.39,10516.0
2026-05-25,140.388,140.362,16152.0
2026-05-26,140.362,140.416,10171.0
2026-05-27,140.418,140.488,72578.0
2026-05-28,140.513,140.603,18554.0
2026-05-29,140.596,140.685,66250.0
2026-06-01,140.684,140.69,27166.0
2026-06-02,140.689,140.666,29173.0
2026-06-03,140.667,140.65,34290.0
2026-06-04,140.651,140.69,35412.0
2026-06-05,140.698,140.686,29553.0
2026-06-08,140.663,140.595,20336.0
2026-06-09,140.597,140.531,30226.0
2026-06-10,140.519,140.464,27309.0
2026-06-11,140.464,140.324,25459.0
2026-06-12,140.32,140.349,27540.0
2026-06-15,140.406,140.376,21902.0
2026-06-16,140.377,140.495,50600.0
2026-06-17,140.496,140.534,20260.0
2026-06-18,140.546,140.617,44534.0
2026-06-22,140.617,140.649,85941.0
2026-06-23,140.644,140.558,25436.0
2026-06-24,140.558,140.619,51554.0
2026-06-25,140.7,140.636,24147.0
2026-06-26,140.649,140.721,11854.0
2026-06-29,140.742,140.845,18959.0
2026-06-30,140.848,140.792,31562.0
2026-07-01,140.781,140.637,53722.0
2026-07-02,140.637,140.695,30623.0
2026-07-03,140.65,140.695,137244.0
2026-07-06,140.694,140.753,37606.0
2026-07-07,140.75,140.748,48534.0
2026-07-08,140.713,140.799,314106.0
2026-07-09,140.8,140.771,96245.0
2026-07-10,140.772,140.782,188520.0
2026-07-13,140.782,140.775,138857.0
2026-07-14,140.785,140.798,51834.0
2026-07-15,140.798,140.819,34878.0
2026-07-16,140.819,140.789,35007.0
2026-07-17,140.788,140.812,33700.0
2026-07-20,140.812,140.815,43703.0
2026-07-21,140.814,140.824,196830.0
2026-07-22,140.822,140.899,68477.0
2026-07-23,140.9,140.867,192811.0
2026-07-24,140.869,140.874,57626.0
2026-07-27,140.874,140.841,42748.0
2026-07-28,140.843,140.832,50936.0
2026-07-29,140.821,140.827,74226.0
2026-07-30,140.823,140.853,72295.0
2026-07-31,140.85,140.97,16707.0
2026-08-03,140.993,140.957,113217.0
2026-08-04,140.957,140.991,30847.0
2026-08-05,141.004,141.0,106502.0
2026-08-06,141.011,141.015,162068.0
2026-08-07,141.015,141.086,228398.0
2026-08-10,141.1,141.101,61330.0
2026-08-11,141.1,141.07,52086.0
2026-08-12,141.07,141.084,95334.0
2026-08-13,141.104,141.131,192976.0
2026-08-14,141.133,141.18,110966.0
2026-08-17,141.181,141.217,37391.0
2026-08-18,141.217,141.283,366275.0
2026-08-19,141.285,141.269,62279.0
2026-08-20,141.266,141.235,113131.0
2026-08-21,141.235,141.255,13204.0
2026-08-24,141.255,141.29,19457.0
2026-08-25,141.292,141.302,82908.0
2026-08-26,141.303,141.208,34307.0
2026-08-27,141.208,141.134,68461.0
2026-08-28,141.137,141.112,183885.0
2026-08-31,141.116,141.114,42060.0
2026-09-01,141.143,141.187,195502.0
2026-09-02,141.187,141.166,355571.0
2026-09-03,141.2,141.23,287152.0
2026-09-04,141.226,141.221,336476.0
2026-09-07,141.235,141.222,214284.0
2026-09-08,141.223,141.21,186855.0
2026-09-09,141.216,141.211,286867.0
2026-09-10,141.21,141.185,155309.0
2026-09-11,141.18,141.146,193313.0
