date,signal_date,segment,model_key,model_id,model_changed,policy_created,pending_reset,previous_holding,intended,holding,panic,crash_requested,filled,previous_nav,marked_nav,nav,cost,age_before_policy,age,lock_until,asset_peak,confirmation_target,confirmation_count
2014-01-02,2014-01-02,0,70e4948f4304e28543a647331d1e6548bc6a8c1006d4bd24ce64fee3e0d00cfa,v11_85ae599b865950104870,False,True,False,,511880,511880,False,False,True,1.0,1.0,1.0,0.0,0,0,-1,1.0220580224046898,,0
2014-01-03,2014-01-03,0,70e4948f4304e28543a647331d1e6548bc6a8c1006d4bd24ce64fee3e0d00cfa,v11_85ae599b865950104870,False,False,False,511880,511880,511880,False,False,False,1.0,1.0010175601814164,1.0010175601814164,0.0,1,1,-1,1.0220580224046898,,0
2014-01-06,2014-01-06,0,70e4948f4304e28543a647331d1e6548bc6a8c1006d4bd24ce64fee3e0d00cfa,v11_85ae599b865950104870,False,False,False,511880,511880,511880,False,False,False,1.0010175601814164,1.001153234872272,1.001153234872272,0.0,2,2,-1,1.0220580224046898,,0
2014-01-07,2014-01-07,0,70e4948f4304e28543a647331d1e6548bc6a8c1006d4bd24ce64fee3e0d00cfa,v11_85ae599b865950104870,False,False,False,511880,511880,511880,False,False,False,1.001153234872272,1.0015796410435323,1.0015796410435323,0.0,3,3,-1,1.0220580224046898,,0
2014-01-08,2014-01-08,0,70e4948f4304e28543a647331d1e6548bc6a8c1006d4bd24ce64fee3e0d00cfa,v11_85ae599b865950104870,False,False,False,511880,511880,511880,False,False,False,1.0015796410435323,1.0014924215994108,1.0014924215994108,0.0,4,4,-1,1.0220580224046898,,0
2014-01-09,2014-01-09,0,70e4948f4304e28543a647331d1e6548bc6a8c1006d4bd24ce64fee3e0d00cfa,v11_85ae599b865950104870,False,False,False,511880,511880,511880,False,False,False,1.0014924215994108,1.0016184052409196,1.0016184052409196,0.0,5,5,-1,1.0220580224046898,,0
2014-01-10,2014-01-10,0,70e4948f4304e28543a647331d1e6548bc6a8c1006d4bd24ce64fee3e0d00cfa,v11_85ae599b865950104870,False,False,False,511880,511880,511880,False,False,False,1.0016184052409196,1.0018800635732839,1.0018800635732839,0.0,6,6,-1,1.0220580224046898,,0
2014-01-13,2014-01-13,0,70e4948f4304e28543a647331d1e6548bc6a8c1006d4bd24ce64fee3e0d00cfa,v11_85ae599b865950104870,False,False,False,511880,511880,511880,False,False,False,1.0018800635732839,1.002132030856301,1.002132030856301,0.0,7,7,-1,1.0220580224046898,,0
2014-01-14,2014-01-14,0,70e4948f4304e28543a647331d1e6548bc6a8c1006d4bd24ce64fee3e0d00cfa,v11_85ae599b865950104870,False,False,False,511880,511880,511880,False,False,False,1.002132030856301,1.0024227623367057,1.0024227623367057,0.0,8,8,-1,1.0220580224046898,,0
2014-01-15,2014-01-15,0,70e4948f4304e28543a647331d1e6548bc6a8c1006d4bd24ce64fee3e0d00cfa,v11_85ae599b865950104870,False,False,False,511880,511880,511880,False,False,False,1.0024227623367057,1.0025681280769079,1.0025681280769079,0.0,9,9,-1,1.0220580224046898,,0
2014-01-16,2014-01-16,0,70e4948f4304e28543a647331d1e6548bc6a8c1006d4bd24ce64fee3e0d00cfa,v11_85ae599b865950104870,False,False,False,511880,511880,511880,False,False,False,1.0025681280769079,1.0029751521494745,1.0029751521494745,0.0,10,10,-1,1.0220580224046898,,0
2014-01-17,2014-01-17,0,70e4948f4304e28543a647331d1e6548bc6a8c1006d4bd24ce64fee3e0d00cfa,v11_85ae599b865950104870,False,False,False,511880,511880,511880,False,False,False,1.0029751521494745,1.0029363879520874,1.0029363879520874,0.0,11,11,-1,1.0220580224046898,,0
2014-01-20,2014-01-20,0,70e4948f4304e28543a647331d1e6548bc6a8c1006d4bd24ce64fee3e0d00cfa,v11_85ae599b865950104870,False,False,False,511880,511880,511880,False,False,False,1.0029363879520874,1.0026163540040158,1.0026163540040158,0.0,12,12,-1,1.0220580224046898,,0
2014-01-21,2014-01-21,0,70e4948f4304e28543a647331d1e6548bc6a8c1006d4bd24ce64fee3e0d00cfa,v11_85ae599b865950104870,False,False,False,511880,511880,511880,False,False,False,1.0026163540040158,1.002836377343315,1.002836377343315,0.0,13,13,-1,1.0220580224046898,,0
2014-01-22,2014-01-22,0,70e4948f4304e28543a647331d1e6548bc6a8c1006d4bd24ce64fee3e0d00cfa,v11_85ae599b865950104870,False,False,False,511880,511880,511880,False,False,False,1.002836377343315,1.0033864356915634,1.0033864356915634,0.0,14,14,-1,1.0220580224046898,,0
2014-01-23,2014-01-23,0,70e4948f4304e28543a647331d1e6548bc6a8c1006d4bd24ce64fee3e0d00cfa,v11_85ae599b865950104870,False,False,False,511880,511880,511880,False,False,False,1.0033864356915634,1.00379647918753,1.00379647918753,0.0,15,15,-1,1.0220580224046898,,0
2014-01-24,2014-01-24,0,70e4948f4304e28543a647331d1e6548bc6a8c1006d4bd24ce64fee3e0d00cfa,v11_85ae599b865950104870,False,False,False,511880,511880,511880,False,False,False,1.00379647918753,1.0042065226834966,1.0042065226834966,0.0,16,16,-1,1.0220580224046898,,0
2014-01-27,2014-01-27,0,70e4948f4304e28543a647331d1e6548bc6a8c1006d4bd24ce64fee3e0d00cfa,v11_85ae599b865950104870,False,False,False,511880,511880,511880,False,False,False,1.0042065226834966,1.004356538596655,1.004356538596655,0.0,17,17,-1,1.0220580224046898,,0
2014-01-28,2014-01-28,0,70e4948f4304e28543a647331d1e6548bc6a8c1006d4bd24ce64fee3e0d00cfa,v11_85ae599b865950104870,False,False,False,511880,511880,511880,False,False,False,1.004356538596655,1.0045765619359543,1.0045765619359543,0.0,18,18,-1,1.0220580224046898,,0
2014-01-29,2014-01-29,0,70e4948f4304e28543a647331d1e6548bc6a8c1006d4bd24ce64fee3e0d00cfa,v11_85ae599b865950104870,False,False,False,511880,511880,511880,False,False,False,1.0045765619359543,1.005906703032627,1.005906703032627,0.0,19,19,-1,1.0220580224046898,,0
2014-01-30,2014-01-30,0,70e4948f4304e28543a647331d1e6548bc6a8c1006d4bd24ce64fee3e0d00cfa,v11_85ae599b865950104870,False,False,False,511880,511880,511880,False,False,False,1.005906703032627,1.0074768695903533,1.0074768695903533,0.0,20,20,-1,1.0220580224046898,,0
2014-02-07,2014-02-07,0,70e4948f4304e28543a647331d1e6548bc6a8c1006d4bd24ce64fee3e0d00cfa,v11_85ae599b865950104870,False,False,False,511880,511880,511880,False,False,False,1.0074768695903533,1.0070168207900003,1.0070168207900003,0.0,21,21,-1,1.0220580224046898,,0
2014-02-10,2014-02-10,0,70e4948f4304e28543a647331d1e6548bc6a8c1006d4bd24ce64fee3e0d00cfa,v11_85ae599b865950104870,False,False,False,511880,511880,511880,False,False,False,1.0070168207900003,1.00683680169421,1.00683680169421,0.0,22,22,-1,1.0220580224046898,,0
2014-02-11,2014-02-11,0,70e4948f4304e28543a647331d1e6548bc6a8c1006d4bd24ce64fee3e0d00cfa,v11_85ae599b865950104870,False,False,False,511880,511880,511880,False,False,False,1.00683680169421,1.0068468027550874,1.0068468027550874,0.0,23,23,-1,1.0220580224046898,,0
2014-02-12,2014-02-12,0,70e4948f4304e28543a647331d1e6548bc6a8c1006d4bd24ce64fee3e0d00cfa,v11_85ae599b865950104870,False,False,False,511880,511880,511880,False,False,False,1.0068468027550874,1.0071668367031592,1.0071668367031592,0.0,24,24,-1,1.0220580224046898,,0
2014-02-13,2014-02-13,0,70e4948f4304e28543a647331d1e6548bc6a8c1006d4bd24ce64fee3e0d00cfa,v11_85ae599b865950104870,False,False,False,511880,511880,511880,False,False,False,1.0071668367031592,1.0074368653468446,1.0074368653468446,0.0,25,25,-1,1.0220580224046898,,0
2014-02-14,2014-02-14,0,70e4948f4304e28543a647331d1e6548bc6a8c1006d4bd24ce64fee3e0d00cfa,v11_85ae599b865950104870,False,False,False,511880,511880,511880,False,False,False,1.0074368653468446,1.008546983104218,1.008546983104218,0.0,26,26,-1,1.0220580224046898,,0
2014-02-17,2014-02-17,0,70e4948f4304e28543a647331d1e6548bc6a8c1006d4bd24ce64fee3e0d00cfa,v11_85ae599b865950104870,False,False,False,511880,511880,511880,False,False,False,1.008546983104218,1.0092670594873792,1.0092670594873792,0.0,27,27,-1,1.0220580224046898,,0
2014-02-18,2014-02-18,0,70e4948f4304e28543a647331d1e6548bc6a8c1006d4bd24ce64fee3e0d00cfa,v11_85ae599b865950104870,False,False,False,511880,511880,511880,False,False,False,1.0092670594873792,1.0097371093486092,1.0097371093486092,0.0,28,28,-1,1.0220580224046898,,0
2014-02-19,2014-02-19,0,70e4948f4304e28543a647331d1e6548bc6a8c1006d4bd24ce64fee3e0d00cfa,v11_85ae599b865950104870,False,False,False,511880,511880,511880,False,False,False,1.0097371093486092,1.0090970414524658,1.0090970414524658,0.0,29,29,-1,1.0220580224046898,,0
2014-02-20,2014-02-20,0,70e4948f4304e28543a647331d1e6548bc6a8c1006d4bd24ce64fee3e0d00cfa,v11_85ae599b865950104870,False,False,False,511880,511880,511880,False,False,False,1.0090970414524658,1.0084869767389542,1.0084869767389542,0.0,30,30,-1,1.0220580224046898,,0
2014-02-21,2014-02-21,0,70e4948f4304e28543a647331d1e6548bc6a8c1006d4bd24ce64fee3e0d00cfa,v11_85ae599b865950104870,False,False,False,511880,511880,511880,False,False,False,1.0084869767389542,1.0088770181131665,1.0088770181131665,0.0,31,31,-1,1.0220580224046898,,0
2014-02-24,2014-02-24,0,70e4948f4304e28543a647331d1e6548bc6a8c1006d4bd24ce64fee3e0d00cfa,v11_85ae599b865950104870,False,False,False,511880,511880,511880,False,False,False,1.0088770181131665,1.0089070212957982,1.0089070212957982,0.0,32,32,-1,1.0220580224046898,,0
2014-02-25,2014-02-25,0,70e4948f4304e28543a647331d1e6548bc6a8c1006d4bd24ce64fee3e0d00cfa,v11_85ae599b865950104870,False,False,False,511880,511880,511880,False,False,False,1.0089070212957982,1.0090870403915886,1.0090870403915886,0.0,33,33,-1,1.0220580224046898,,0
2014-02-26,2014-02-26,0,70e4948f4304e28543a647331d1e6548bc6a8c1006d4bd24ce64fee3e0d00cfa,v11_85ae599b865950104870,False,False,False,511880,511880,511880,False,False,False,1.0090870403915886,1.00922705524387,1.00922705524387,0.0,34,34,-1,1.0220580224046898,,0
2014-02-27,2014-02-27,0,70e4948f4304e28543a647331d1e6548bc6a8c1006d4bd24ce64fee3e0d00cfa,v11_85ae599b865950104870,False,False,False,511880,511880,511880,False,False,False,1.00922705524387,1.0092570584265017,1.0092570584265017,0.0,35,35,-1,1.0220580224046898,,0
2014-02-28,2014-02-28,0,70e4948f4304e28543a647331d1e6548bc6a8c1006d4bd24ce64fee3e0d00cfa,v11_85ae599b865950104870,False,False,False,511880,511880,511880,False,False,False,1.0092570584265017,1.009487082826678,1.009487082826678,0.0,36,36,-1,1.0220580224046898,,0
2014-03-03,2014-03-03,0,70e4948f4304e28543a647331d1e6548bc6a8c1006d4bd24ce64fee3e0d00cfa,v11_85ae599b865950104870,False,False,False,511880,511880,511880,False,False,False,1.009487082826678,1.0098971263226448,1.0098971263226448,0.0,37,37,-1,1.0220580224046898,,0
2014-03-04,2014-03-04,0,70e4948f4304e28543a647331d1e6548bc6a8c1006d4bd24ce64fee3e0d00cfa,v11_85ae599b865950104870,False,False,False,511880,511880,511880,False,False,False,1.0098971263226448,1.0103471740621206,1.0103471740621206,0.0,38,38,-1,1.0220580224046898,,0
2014-03-05,2014-03-05,0,70e4948f4304e28543a647331d1e6548bc6a8c1006d4bd24ce64fee3e0d00cfa,v11_85ae599b865950104870,False,False,False,511880,511880,511880,False,False,False,1.0103471740621206,1.0105571963405426,1.0105571963405426,0.0,39,39,-1,1.0220580224046898,,0
2014-03-06,2014-03-06,0,70e4948f4304e28543a647331d1e6548bc6a8c1006d4bd24ce64fee3e0d00cfa,v11_85ae599b865950104870,False,False,False,511880,511880,511880,False,False,False,1.0105571963405426,1.010577198462297,1.010577198462297,0.0,40,40,-1,1.0220580224046898,,0
2014-03-07,2014-03-07,0,70e4948f4304e28543a647331d1e6548bc6a8c1006d4bd24ce64fee3e0d00cfa,v11_85ae599b865950104870,False,False,False,511880,511880,511880,False,False,False,1.010577198462297,1.0109972430191412,1.0109972430191412,0.0,41,41,-1,1.0220580224046898,,0
2014-03-10,2014-03-10,0,70e4948f4304e28543a647331d1e6548bc6a8c1006d4bd24ce64fee3e0d00cfa,v11_85ae599b865950104870,False,False,False,511880,511880,511880,False,False,False,1.0109972430191412,1.011067250445282,1.011067250445282,0.0,42,42,-1,1.0220580224046898,,0
2014-03-11,2014-03-11,0,70e4948f4304e28543a647331d1e6548bc6a8c1006d4bd24ce64fee3e0d00cfa,v11_85ae599b865950104870,False,False,False,511880,511880,511880,False,False,False,1.011067250445282,1.0111672610540543,1.0111672610540543,0.0,43,43,-1,1.0220580224046898,,0
2014-03-12,2014-03-12,0,70e4948f4304e28543a647331d1e6548bc6a8c1006d4bd24ce64fee3e0d00cfa,v11_85ae599b865950104870,False,False,False,511880,511880,511880,False,False,False,1.0111672610540543,1.011067250445282,1.011067250445282,0.0,44,44,-1,1.0220580224046898,,0
2014-03-13,2014-03-13,0,70e4948f4304e28543a647331d1e6548bc6a8c1006d4bd24ce64fee3e0d00cfa,v11_85ae599b865950104870,False,False,False,511880,511880,511880,False,False,False,1.011067250445282,1.0109272355930006,1.0109272355930006,0.0,45,45,-1,1.0220580224046898,,0
2014-03-14,2014-03-14,0,70e4948f4304e28543a647331d1e6548bc6a8c1006d4bd24ce64fee3e0d00cfa,v11_85ae599b865950104870,False,False,False,511880,511880,511880,False,False,False,1.0109272355930006,1.0111472589323,1.0111472589323,0.0,46,46,-1,1.0220580224046898,,0
2014-03-17,2014-03-17,0,70e4948f4304e28543a647331d1e6548bc6a8c1006d4bd24ce64fee3e0d00cfa,v11_85ae599b865950104870,False,False,False,511880,511880,511880,False,False,False,1.0111472589323,1.0112972748454585,1.0112972748454585,0.0,47,47,-1,1.0220580224046898,,0
2014-03-18,2014-03-18,0,70e4948f4304e28543a647331d1e6548bc6a8c1006d4bd24ce64fee3e0d00cfa,v11_85ae599b865950104870,False,False,False,511880,511880,511880,False,False,False,1.0112972748454585,1.0114572918194944,1.0114572918194944,0.0,48,48,-1,1.0220580224046898,,0
2014-03-19,2014-03-19,0,70e4948f4304e28543a647331d1e6548bc6a8c1006d4bd24ce64fee3e0d00cfa,v11_85ae599b865950104870,False,False,False,511880,511880,511880,False,False,False,1.0114572918194944,1.0114972960630033,1.0114972960630033,0.0,49,49,-1,1.0220580224046898,,0
2014-03-20,2014-03-20,0,70e4948f4304e28543a647331d1e6548bc6a8c1006d4bd24ce64fee3e0d00cfa,v11_85ae599b865950104870,False,False,False,511880,511880,511880,False,False,False,1.0114972960630033,1.0115373003065125,1.0115373003065125,0.0,50,50,-1,1.0220580224046898,,0
2014-03-21,2014-03-21,0,70e4948f4304e28543a647331d1e6548bc6a8c1006d4bd24ce64fee3e0d00cfa,v11_85ae599b865950104870,False,False,False,511880,511880,511880,False,False,False,1.0115373003065125,1.0117973278893204,1.0117973278893204,0.0,51,51,-1,1.0220580224046898,,0
2014-03-24,2014-03-24,0,70e4948f4304e28543a647331d1e6548bc6a8c1006d4bd24ce64fee3e0d00cfa,v11_85ae599b865950104870,False,False,False,511880,511880,511880,False,False,False,1.0117973278893204,1.0118073289501976,1.0118073289501976,0.0,52,52,-1,1.0220580224046898,,0
2014-03-25,2014-03-25,0,70e4948f4304e28543a647331d1e6548bc6a8c1006d4bd24ce64fee3e0d00cfa,v11_85ae599b865950104870,False,False,False,511880,511880,511880,False,False,False,1.0118073289501976,1.0118073289501976,1.0118073289501976,0.0,53,53,-1,1.0220580224046898,,0
2014-03-26,2014-03-26,0,70e4948f4304e28543a647331d1e6548bc6a8c1006d4bd24ce64fee3e0d00cfa,v11_85ae599b865950104870,False,False,False,511880,511880,511880,False,False,False,1.0118073289501976,1.0120473544112514,1.0120473544112514,0.0,54,54,-1,1.0220580224046898,,0
2014-03-27,2014-03-27,0,70e4948f4304e28543a647331d1e6548bc6a8c1006d4bd24ce64fee3e0d00cfa,v11_85ae599b865950104870,False,False,False,511880,511880,511880,False,False,False,1.0120473544112514,1.0118773363763383,1.0118773363763383,0.0,55,55,-1,1.0220580224046898,,0
2014-03-28,2014-03-28,0,70e4948f4304e28543a647331d1e6548bc6a8c1006d4bd24ce64fee3e0d00cfa,v11_85ae599b865950104870,False,False,False,511880,511880,511880,False,False,False,1.0118773363763383,1.0118173300110747,1.0118173300110747,0.0,56,56,-1,1.0220580224046898,,0
2014-03-31,2014-03-31,0,70e4948f4304e28543a647331d1e6548bc6a8c1006d4bd24ce64fee3e0d00cfa,v11_85ae599b865950104870,False,False,False,511880,511880,511880,False,False,False,1.0118173300110747,1.0126074138203764,1.0126074138203764,0.0,57,57,-1,1.0220580224046898,,0
2014-04-01,2014-04-01,0,70e4948f4304e28543a647331d1e6548bc6a8c1006d4bd24ce64fee3e0d00cfa,v11_85ae599b865950104870,False,False,False,511880,511880,511880,False,False,False,1.0126074138203764,1.0129974551945888,1.0129974551945888,0.0,58,58,-1,1.0220580224046898,,0
2014-04-02,2014-04-02,0,70e4948f4304e28543a647331d1e6548bc6a8c1006d4bd24ce64fee3e0d00cfa,v11_85ae599b865950104870,False,False,False,511880,511880,511880,False,False,False,1.0129974551945888,1.0131574721686247,1.0131574721686247,0.0,59,59,-1,1.0220580224046898,,0
2014-04-03,2014-04-03,0,70e4948f4304e28543a647331d1e6548bc6a8c1006d4bd24ce64fee3e0d00cfa,v11_85ae599b865950104870,False,False,False,511880,511880,511880,False,False,False,1.0131574721686247,1.0133074880817832,1.0133074880817832,0.0,60,60,-1,1.0220580224046898,,0
2014-04-04,2014-04-04,0,70e4948f4304e28543a647331d1e6548bc6a8c1006d4bd24ce64fee3e0d00cfa,v11_85ae599b865950104870,False,False,False,511880,511880,511880,False,False,False,1.0133074880817832,1.0138675474909087,1.0138675474909087,0.0,61,61,-1,1.0220580224046898,,0
2014-04-08,2014-04-08,0,70e4948f4304e28543a647331d1e6548bc6a8c1006d4bd24ce64fee3e0d00cfa,v11_85ae599b865950104870,False,False,False,511880,511880,511880,False,False,False,1.0138675474909087,1.0138375443082768,1.0138375443082768,0.0,62,62,-1,1.0220580224046898,,0
2014-04-09,2014-04-09,0,70e4948f4304e28543a647331d1e6548bc6a8c1006d4bd24ce64fee3e0d00cfa,v11_85ae599b865950104870,False,False,False,511880,511880,511880,False,False,False,1.0138375443082768,1.0138975506735401,1.0138975506735401,0.0,63,63,-1,1.0220580224046898,,0
2014-04-10,2014-04-10,0,70e4948f4304e28543a647331d1e6548bc6a8c1006d4bd24ce64fee3e0d00cfa,v11_85ae599b865950104870,False,False,False,511880,511880,511880,False,False,False,1.0138975506735401,1.0140775697693303,1.0140775697693303,0.0,64,64,-1,1.0220580224046898,,0
2014-04-11,2014-04-11,0,70e4948f4304e28543a647331d1e6548bc6a8c1006d4bd24ce64fee3e0d00cfa,v11_85ae599b865950104870,False,False,False,511880,511880,511880,False,False,False,1.0140775697693303,1.0145676217523147,1.0145676217523147,0.0,65,65,-1,1.0220580224046898,,0
2014-04-14,2014-04-14,0,70e4948f4304e28543a647331d1e6548bc6a8c1006d4bd24ce64fee3e0d00cfa,v11_85ae599b865950104870,False,False,False,511880,511880,511880,False,False,False,1.0145676217523147,1.014577622813192,1.014577622813192,0.0,66,66,-1,1.0220580224046898,,0
2014-04-15,2014-04-15,0,70e4948f4304e28543a647331d1e6548bc6a8c1006d4bd24ce64fee3e0d00cfa,v11_85ae599b865950104870,False,False,False,511880,511880,511880,False,False,False,1.014577622813192,1.0146376291784553,1.0146376291784553,0.0,67,67,-1,1.0220580224046898,,0
2014-04-16,2014-04-16,0,70e4948f4304e28543a647331d1e6548bc6a8c1006d4bd24ce64fee3e0d00cfa,v11_85ae599b865950104870,False,False,False,511880,511880,511880,False,False,False,1.0146376291784553,1.0147776440307366,1.0147776440307366,0.0,68,68,-1,1.0220580224046898,,0
2014-04-17,2014-04-17,0,70e4948f4304e28543a647331d1e6548bc6a8c1006d4bd24ce64fee3e0d00cfa,v11_85ae599b865950104870,False,False,False,511880,511880,511880,False,False,False,1.0147776440307366,1.0148276493351227,1.0148276493351227,0.0,69,69,-1,1.0220580224046898,,0
2014-04-18,2014-04-18,0,70e4948f4304e28543a647331d1e6548bc6a8c1006d4bd24ce64fee3e0d00cfa,v11_85ae599b865950104870,False,False,False,511880,511880,511880,False,False,False,1.0148276493351227,1.0150976779788081,1.0150976779788081,0.0,70,70,-1,1.0220580224046898,,0
2014-04-21,2014-04-21,0,70e4948f4304e28543a647331d1e6548bc6a8c1006d4bd24ce64fee3e0d00cfa,v11_85ae599b865950104870,False,False,False,511880,511880,511880,False,False,False,1.0150976779788081,1.0152376928310896,1.0152376928310896,0.0,71,71,-1,1.0220580224046898,,0
2014-04-22,2014-04-22,0,70e4948f4304e28543a647331d1e6548bc6a8c1006d4bd24ce64fee3e0d00cfa,v11_85ae599b865950104870,False,False,False,511880,511880,511880,False,False,False,1.0152376928310896,1.0153977098051252,1.0153977098051252,0.0,72,72,-1,1.0220580224046898,,0
2014-04-23,2014-04-23,0,70e4948f4304e28543a647331d1e6548bc6a8c1006d4bd24ce64fee3e0d00cfa,v11_85ae599b865950104870,False,False,False,511880,511880,511880,False,False,False,1.0153977098051252,1.015517722535652,1.015517722535652,0.0,73,73,-1,1.0220580224046898,,0
2014-04-24,2014-04-24,0,70e4948f4304e28543a647331d1e6548bc6a8c1006d4bd24ce64fee3e0d00cfa,v11_85ae599b865950104870,False,False,False,511880,511880,511880,False,False,False,1.015517722535652,1.01559773102267,1.01559773102267,0.0,74,74,-1,1.0220580224046898,,0
2014-04-25,2014-04-25,0,70e4948f4304e28543a647331d1e6548bc6a8c1006d4bd24ce64fee3e0d00cfa,v11_85ae599b865950104870,False,False,False,511880,511880,511880,False,False,False,1.01559773102267,1.016017775579514,1.016017775579514,0.0,75,75,-1,1.0220580224046898,,0
2014-04-28,2014-04-28,0,70e4948f4304e28543a647331d1e6548bc6a8c1006d4bd24ce64fee3e0d00cfa,v11_85ae599b865950104870,False,False,False,511880,511880,511880,False,False,False,1.016017775579514,1.0155077214747747,1.0155077214747747,0.0,76,76,-1,1.0220580224046898,,0
2014-04-29,2014-04-29,0,70e4948f4304e28543a647331d1e6548bc6a8c1006d4bd24ce64fee3e0d00cfa,v11_85ae599b865950104870,False,False,False,511880,511880,511880,False,False,False,1.0155077214747747,1.0157477469358283,1.0157477469358283,0.0,77,77,-1,1.0220580224046898,,0
2014-04-30,2014-04-30,0,70e4948f4304e28543a647331d1e6548bc6a8c1006d4bd24ce64fee3e0d00cfa,v11_85ae599b865950104870,False,False,False,511880,511880,511880,False,False,False,1.0157477469358283,1.0167278509017976,1.0167278509017976,0.0,78,78,-1,1.0220580224046898,,0
2014-05-05,2014-05-05,0,70e4948f4304e28543a647331d1e6548bc6a8c1006d4bd24ce64fee3e0d00cfa,v11_85ae599b865950104870,False,False,False,511880,511880,511880,False,False,False,1.0167278509017976,1.01682786151057,1.01682786151057,0.0,79,79,-1,1.0220580224046898,,0
2014-05-06,2014-05-06,0,70e4948f4304e28543a647331d1e6548bc6a8c1006d4bd24ce64fee3e0d00cfa,v11_85ae599b865950104870,False,False,False,511880,511880,511880,False,False,False,1.01682786151057,1.016997879545483,1.016997879545483,0.0,80,80,-1,1.0220580224046898,,0
2014-05-07,2014-05-07,0,70e4948f4304e28543a647331d1e6548bc6a8c1006d4bd24ce64fee3e0d00cfa,v11_85ae599b865950104870,False,False,False,511880,511880,511880,False,False,False,1.016997879545483,1.0171979007630279,1.0171979007630279,0.0,81,81,-1,1.0220580224046898,,0
2014-05-08,2014-05-08,0,70e4948f4304e28543a647331d1e6548bc6a8c1006d4bd24ce64fee3e0d00cfa,v11_85ae599b865950104870,False,False,False,511880,511880,511880,False,False,False,1.0171979007630279,1.0173479166761865,1.0173479166761865,0.0,82,82,-1,1.0220580224046898,,0
2014-05-09,2014-05-09,0,70e4948f4304e28543a647331d1e6548bc6a8c1006d4bd24ce64fee3e0d00cfa,v11_85ae599b865950104870,False,False,False,511880,511880,511880,False,False,False,1.0173479166761865,1.0176879527460125,1.0176879527460125,0.0,83,83,-1,1.0220580224046898,,0
2014-05-12,2014-05-12,0,70e4948f4304e28543a647331d1e6548bc6a8c1006d4bd24ce64fee3e0d00cfa,v11_85ae599b865950104870,False,False,False,511880,511880,511880,False,False,False,1.0176879527460125,1.017707954867767,1.017707954867767,0.0,84,84,-1,1.0220580224046898,,0
2014-05-13,2014-05-13,0,70e4948f4304e28543a647331d1e6548bc6a8c1006d4bd24ce64fee3e0d00cfa,v11_85ae599b865950104870,False,False,False,511880,511880,511880,False,False,False,1.017707954867767,1.0178079654765393,1.0178079654765393,0.0,85,85,-1,1.0220580224046898,,0
2014-05-14,2014-05-14,0,70e4948f4304e28543a647331d1e6548bc6a8c1006d4bd24ce64fee3e0d00cfa,v11_85ae599b865950104870,False,False,False,511880,511880,511880,False,False,False,1.0178079654765393,1.0179079760853118,1.0179079760853118,0.0,86,86,-1,1.0220580224046898,,0
2014-05-15,2014-05-15,0,70e4948f4304e28543a647331d1e6548bc6a8c1006d4bd24ce64fee3e0d00cfa,v11_85ae599b865950104870,False,False,False,511880,511880,511880,False,False,False,1.0179079760853118,1.018077994120225,1.018077994120225,0.0,87,87,-1,1.0220580224046898,,0
2014-05-16,2014-05-16,0,70e4948f4304e28543a647331d1e6548bc6a8c1006d4bd24ce64fee3e0d00cfa,v11_85ae599b865950104870,False,False,False,511880,511880,511880,False,False,False,1.018077994120225,1.0183480227639103,1.0183480227639103,0.0,88,88,-1,1.0220580224046898,,0
2014-05-19,2014-05-19,0,70e4948f4304e28543a647331d1e6548bc6a8c1006d4bd24ce64fee3e0d00cfa,v11_85ae599b865950104870,False,False,False,511880,511880,511880,False,False,False,1.0183480227639103,1.0184580344335599,1.0184580344335599,0.0,89,89,-1,1.0220580224046898,,0
2014-05-20,2014-05-20,0,70e4948f4304e28543a647331d1e6548bc6a8c1006d4bd24ce64fee3e0d00cfa,v11_85ae599b865950104870,False,False,False,511880,511880,511880,False,False,False,1.0184580344335599,1.0185180407988232,1.0185180407988232,0.0,90,90,-1,1.0220580224046898,,0
2014-05-21,2014-05-21,0,70e4948f4304e28543a647331d1e6548bc6a8c1006d4bd24ce64fee3e0d00cfa,v11_85ae599b865950104870,False,False,False,511880,511880,511880,False,False,False,1.0185180407988232,1.0186180514075958,1.0186180514075958,0.0,91,91,-1,1.0220580224046898,,0
2014-05-22,2014-05-22,0,70e4948f4304e28543a647331d1e6548bc6a8c1006d4bd24ce64fee3e0d00cfa,v11_85ae599b865950104870,False,False,False,511880,511880,511880,False,False,False,1.0186180514075958,1.0188080715642633,1.0188080715642633,0.0,92,92,-1,1.0220580224046898,,0
2014-05-23,2014-05-23,0,70e4948f4304e28543a647331d1e6548bc6a8c1006d4bd24ce64fee3e0d00cfa,v11_85ae599b865950104870,False,False,False,511880,511880,511880,False,False,False,1.0188080715642633,1.0190380959644398,1.0190380959644398,0.0,93,93,-1,1.0220580224046898,,0
2014-05-26,2014-05-26,0,70e4948f4304e28543a647331d1e6548bc6a8c1006d4bd24ce64fee3e0d00cfa,v11_85ae599b865950104870,False,False,False,511880,511880,511880,False,False,False,1.0190380959644398,1.0190680991470715,1.0190680991470715,0.0,94,94,-1,1.0220580224046898,,0
2014-05-27,2014-05-27,0,70e4948f4304e28543a647331d1e6548bc6a8c1006d4bd24ce64fee3e0d00cfa,v11_85ae599b865950104870,False,False,False,511880,511880,511880,False,False,False,1.0190680991470715,1.0192881224863708,1.0192881224863708,0.0,95,95,-1,1.0220580224046898,,0
2014-05-28,2014-05-28,0,70e4948f4304e28543a647331d1e6548bc6a8c1006d4bd24ce64fee3e0d00cfa,v11_85ae599b865950104870,False,False,False,511880,511880,511880,False,False,False,1.0192881224863708,1.0193881330951429,1.0193881330951429,0.0,96,96,-1,1.0220580224046898,,0
2014-05-29,2014-05-29,0,70e4948f4304e28543a647331d1e6548bc6a8c1006d4bd24ce64fee3e0d00cfa,v11_85ae599b865950104870,False,False,False,511880,511880,511880,False,False,False,1.0193881330951429,1.0193481288516342,1.0193481288516342,0.0,97,97,-1,1.0220580224046898,,0
2014-05-30,2014-05-30,0,70e4948f4304e28543a647331d1e6548bc6a8c1006d4bd24ce64fee3e0d00cfa,v11_85ae599b865950104870,False,False,False,511880,511880,511880,False,False,False,1.0193481288516342,1.0199081882607595,1.0199081882607595,0.0,98,98,-1,1.0220580224046898,,0
2014-06-03,2014-06-03,0,70e4948f4304e28543a647331d1e6548bc6a8c1006d4bd24ce64fee3e0d00cfa,v11_85ae599b865950104870,False,False,False,511880,511880,511880,False,False,False,1.0199081882607595,1.0201282116000585,1.0201282116000585,0.0,99,99,-1,1.0220580224046898,,0
2014-06-04,2014-06-04,0,70e4948f4304e28543a647331d1e6548bc6a8c1006d4bd24ce64fee3e0d00cfa,v11_85ae599b865950104870,False,False,False,511880,511880,511880,False,False,False,1.0201282116000585,1.0203382338784805,1.0203382338784805,0.0,100,100,-1,1.0220580224046898,,0
2014-06-05,2014-06-05,0,70e4948f4304e28543a647331d1e6548bc6a8c1006d4bd24ce64fee3e0d00cfa,v11_85ae599b865950104870,False,False,False,511880,511880,511880,False,False,False,1.0203382338784805,1.0206382657047979,1.0206382657047979,0.0,101,101,-1,1.0220580224046898,,0
2014-06-06,2014-06-06,0,70e4948f4304e28543a647331d1e6548bc6a8c1006d4bd24ce64fee3e0d00cfa,v11_85ae599b865950104870,False,False,False,511880,511880,511880,False,False,False,1.0206382657047979,1.0213183378444501,1.0213183378444501,0.0,102,102,-1,1.0220580224046898,,0
2014-06-09,2014-06-09,0,70e4948f4304e28543a647331d1e6548bc6a8c1006d4bd24ce64fee3e0d00cfa,v11_85ae599b865950104870,False,False,False,511880,511880,511880,False,False,False,1.0213183378444501,1.0217383824012942,1.0217383824012942,0.0,103,103,-1,1.0220580224046898,,0
2014-06-10,2014-06-10,0,70e4948f4304e28543a647331d1e6548bc6a8c1006d4bd24ce64fee3e0d00cfa,v11_85ae599b865950104870,False,False,False,511880,511880,511880,False,False,False,1.0217383824012942,1.0216883770969083,1.0216883770969083,0.0,104,104,-1,1.0220580224046898,,0
2014-06-11,2014-06-11,0,70e4948f4304e28543a647331d1e6548bc6a8c1006d4bd24ce64fee3e0d00cfa,v11_85ae599b865950104870,False,False,False,511880,511880,511880,False,False,False,1.0216883770969083,1.021458352696732,1.021458352696732,0.0,105,105,-1,1.0220580224046898,,0
2014-06-12,2014-06-12,0,70e4948f4304e28543a647331d1e6548bc6a8c1006d4bd24ce64fee3e0d00cfa,v11_85ae599b865950104870,False,False,False,511880,511880,511880,False,False,False,1.021458352696732,1.0212883346618187,1.0212883346618187,0.0,106,106,-1,1.0220580224046898,,0
2014-06-13,2014-06-13,0,70e4948f4304e28543a647331d1e6548bc6a8c1006d4bd24ce64fee3e0d00cfa,v11_85ae599b865950104870,False,False,False,511880,511880,511880,False,False,False,1.0212883346618187,1.0214083473923457,1.0214083473923457,0.0,107,107,-1,1.0220580224046898,,0
2014-06-16,2014-06-16,0,70e4948f4304e28543a647331d1e6548bc6a8c1006d4bd24ce64fee3e0d00cfa,v11_85ae599b865950104870,False,False,False,511880,511880,511880,False,False,False,1.0214083473923457,1.0209783017746246,1.0209783017746246,0.0,108,108,-1,1.0220580224046898,,0
2014-06-17,2014-06-17,0,70e4948f4304e28543a647331d1e6548bc6a8c1006d4bd24ce64fee3e0d00cfa,v11_85ae599b865950104870,False,False,False,511880,511880,511880,False,False,False,1.0209783017746246,1.0204282434263765,1.0204282434263765,0.0,109,109,-1,1.0220580224046898,,0
2014-06-18,2014-06-18,0,70e4948f4304e28543a647331d1e6548bc6a8c1006d4bd24ce64fee3e0d00cfa,v11_85ae599b865950104870,False,False,False,511880,511880,511880,False,False,False,1.0204282434263765,1.0194581405212844,1.0194581405212844,0.0,110,110,-1,1.0220580224046898,,0
2014-06-19,2014-06-19,0,70e4948f4304e28543a647331d1e6548bc6a8c1006d4bd24ce64fee3e0d00cfa,v11_85ae599b865950104870,False,False,False,511880,511880,511880,False,False,False,1.0194581405212844,1.0218383930100672,1.0218383930100672,0.0,111,111,-1,1.0220580224046898,,0
2014-06-20,2014-06-20,0,70e4948f4304e28543a647331d1e6548bc6a8c1006d4bd24ce64fee3e0d00cfa,v11_85ae599b865950104870,False,False,False,511880,511880,511880,False,False,False,1.0218383930100672,1.0223684492365608,1.0223684492365608,0.0,112,112,-1,1.0220580224046898,,0
2014-06-23,2014-06-23,0,70e4948f4304e28543a647331d1e6548bc6a8c1006d4bd24ce64fee3e0d00cfa,v11_85ae599b865950104870,False,False,False,511880,511880,511880,False,False,False,1.0223684492365608,1.0223284449930516,1.0223284449930516,0.0,113,113,-1,1.0220580224046898,,0
2014-06-24,2014-06-24,0,70e4948f4304e28543a647331d1e6548bc6a8c1006d4bd24ce64fee3e0d00cfa,v11_85ae599b865950104870,False,False,False,511880,513100,513100,False,False,True,1.0223284449930516,1.0228585012195455,1.0226539295193016,0.0002045717002439091,114,0,-1,1.2597793380140445,,0
2014-06-25,2014-06-25,0,70e4948f4304e28543a647331d1e6548bc6a8c1006d4bd24ce64fee3e0d00cfa,v11_85ae599b865950104870,False,False,False,513100,513100,513100,False,False,False,1.0226539295193016,1.0210254996952262,1.0210254996952262,0.0,1,1,-1,1.2597793380140445,,0
2014-06-26,2014-06-26,0,70e4948f4304e28543a647331d1e6548bc6a8c1006d4bd24ce64fee3e0d00cfa,v11_85ae599b865950104870,False,False,False,513100,513100,513100,False,False,False,1.0210254996952262,1.0291676488156027,1.0291676488156027,0.0,2,2,-1,1.2678034102306943,,0
2014-06-27,2014-06-27,0,70e4948f4304e28543a647331d1e6548bc6a8c1006d4bd24ce64fee3e0d00cfa,v11_85ae599b865950104870,False,False,False,513100,513100,513100,False,False,False,1.0291676488156027,1.0324245084637533,1.0324245084637533,0.0,3,3,-1,1.2718154463390192,,0
2014-06-30,2014-06-30,0,70e4948f4304e28543a647331d1e6548bc6a8c1006d4bd24ce64fee3e0d00cfa,v11_85ae599b865950104870,False,False,False,513100,513100,513100,False,False,False,1.0324245084637533,1.0348671531998663,1.0348671531998663,0.0,4,4,-1,1.274824473420263,,0
2014-07-01,2014-07-01,0,70e4948f4304e28543a647331d1e6548bc6a8c1006d4bd24ce64fee3e0d00cfa,v11_85ae599b865950104870,False,False,False,513100,513100,513100,False,False,False,1.0348671531998663,1.0364955830239415,1.0364955830239415,0.0,5,5,-1,1.2768304914744253,,0
2014-07-02,2014-07-02,0,70e4948f4304e28543a647331d1e6548bc6a8c1006d4bd24ce64fee3e0d00cfa,v11_85ae599b865950104870,False,False,False,513100,513100,513100,False,False,False,1.0364955830239415,1.0470803768804313,1.0470803768804313,0.0,6,6,-1,1.2898696088264816,,0
2014-07-03,2014-07-03,0,70e4948f4304e28543a647331d1e6548bc6a8c1006d4bd24ce64fee3e0d00cfa,v11_85ae599b865950104870,False,False,False,513100,513100,513100,False,False,False,1.0470803768804313,1.0487088067045067,1.0487088067045067,0.0,7,7,-1,1.2918756268806442,,0
2014-07-04,2014-07-04,0,70e4948f4304e28543a647331d1e6548bc6a8c1006d4bd24ce64fee3e0d00cfa,v11_85ae599b865950104870,False,False,False,513100,513100,513100,False,False,False,1.0487088067045067,1.062550460209147,1.062550460209147,0.0,8,8,-1,1.3089267803410254,,0
2014-07-07,2014-07-07,0,70e4948f4304e28543a647331d1e6548bc6a8c1006d4bd24ce64fee3e0d00cfa,v11_85ae599b865950104870,False,False,False,513100,513100,513100,False,False,False,1.062550460209147,1.0649931049452601,1.0649931049452601,0.0,9,9,-1,1.3119358074222693,,0
2014-07-08,2014-07-08,0,70e4948f4304e28543a647331d1e6548bc6a8c1006d4bd24ce64fee3e0d00cfa,v11_85ae599b865950104870,False,False,False,513100,513100,513100,False,False,False,1.0649931049452601,1.0617362452971095,1.0617362452971095,0.0,10,10,-1,1.3119358074222693,,0
2014-07-09,2014-07-09,0,70e4948f4304e28543a647331d1e6548bc6a8c1006d4bd24ce64fee3e0d00cfa,v11_85ae599b865950104870,False,False,False,513100,513100,513100,False,False,False,1.0617362452971095,1.0454519470563564,1.0454519470563564,0.0,11,11,-1,1.3119358074222693,,0
2014-07-10,2014-07-10,0,70e4948f4304e28543a647331d1e6548bc6a8c1006d4bd24ce64fee3e0d00cfa,v11_85ae599b865950104870,False,False,False,513100,513100,513100,False,False,False,1.0454519470563564,1.05115145144062,1.05115145144062,0.0,12,12,-1,1.3119358074222693,,0
2014-07-11,2014-07-11,0,70e4948f4304e28543a647331d1e6548bc6a8c1006d4bd24ce64fee3e0d00cfa,v11_85ae599b865950104870,False,False,False,513100,513100,513100,False,False,False,1.05115145144062,1.0430093023202434,1.0430093023202434,0.0,13,13,-1,1.3119358074222693,,0
2014-07-14,2014-07-14,0,70e4948f4304e28543a647331d1e6548bc6a8c1006d4bd24ce64fee3e0d00cfa,v11_85ae599b865950104870,False,False,False,513100,513100,513100,False,False,False,1.0430093023202434,1.0503372365285824,1.0503372365285824,0.0,14,14,-1,1.3119358074222693,,0
2014-07-15,2014-07-15,0,70e4948f4304e28543a647331d1e6548bc6a8c1006d4bd24ce64fee3e0d00cfa,v11_85ae599b865950104870,False,False,False,513100,513100,513100,False,False,False,1.0503372365285824,1.0592936005609965,1.0592936005609965,0.0,15,15,-1,1.3119358074222693,,0
2014-07-16,2014-07-16,0,70e4948f4304e28543a647331d1e6548bc6a8c1006d4bd24ce64fee3e0d00cfa,v11_85ae599b865950104870,False,False,False,513100,513100,513100,False,False,False,1.0592936005609965,1.0552225260008083,1.0552225260008083,0.0,16,16,-1,1.3119358074222693,,0
2014-07-17,2014-07-17,0,70e4948f4304e28543a647331d1e6548bc6a8c1006d4bd24ce64fee3e0d00cfa,v11_85ae599b865950104870,False,False,False,513100,513100,513100,False,False,False,1.0552225260008083,1.058479385648959,1.058479385648959,0.0,17,17,-1,1.3119358074222693,,0
2014-07-18,2014-07-18,0,70e4948f4304e28543a647331d1e6548bc6a8c1006d4bd24ce64fee3e0d00cfa,v11_85ae599b865950104870,False,False,False,513100,513100,513100,False,False,False,1.058479385648959,1.0503372365285824,1.0503372365285824,0.0,18,18,-1,1.3119358074222693,,0
2014-07-21,2014-07-21,0,70e4948f4304e28543a647331d1e6548bc6a8c1006d4bd24ce64fee3e0d00cfa,v11_85ae599b865950104870,False,False,False,513100,513100,513100,False,False,False,1.0503372365285824,1.0601078154730343,1.0601078154730343,0.0,19,19,-1,1.3119358074222693,,0
2014-07-22,2014-07-22,0,70e4948f4304e28543a647331d1e6548bc6a8c1006d4bd24ce64fee3e0d00cfa,v11_85ae599b865950104870,False,False,False,513100,513100,513100,False,False,False,1.0601078154730343,1.0576651707369213,1.0576651707369213,0.0,20,20,-1,1.3119358074222693,,0
2014-07-23,2014-07-23,0,70e4948f4304e28543a647331d1e6548bc6a8c1006d4bd24ce64fee3e0d00cfa,v11_85ae599b865950104870,False,False,False,513100,510500,510500,False,False,True,1.0576651707369213,1.0617362452971095,1.0615238980480501,0.00021234724905942192,21,0,-1,1.1752577319587665,,0
2014-07-24,2014-07-24,0,70e4948f4304e28543a647331d1e6548bc6a8c1006d4bd24ce64fee3e0d00cfa,v11_85ae599b865950104870,False,False,False,510500,510500,510500,False,False,False,1.0615238980480501,1.0605927367339731,1.0605927367339731,0.0,1,1,-1,1.1752577319587665,,0
2014-07-25,2014-07-25,0,70e4948f4304e28543a647331d1e6548bc6a8c1006d4bd24ce64fee3e0d00cfa,v11_85ae599b865950104870,False,False,False,510500,510500,510500,False,False,False,1.0605927367339731,1.0699043498747456,1.0699043498747456,0.0,2,2,-1,1.1845360824742308,,0
2014-07-28,2014-07-28,0,70e4948f4304e28543a647331d1e6548bc6a8c1006d4bd24ce64fee3e0d00cfa,v11_85ae599b865950104870,False,False,False,510500,510300,510300,False,False,True,1.0699043498747456,1.0885275761562903,1.088309870641059,0.00021770551523125805,3,0,-1,0.942337214807243,,0
2014-07-29,2014-07-29,0,70e4948f4304e28543a647331d1e6548bc6a8c1006d4bd24ce64fee3e0d00cfa,v11_85ae599b865950104870,False,False,False,510300,510300,510300,False,False,False,1.088309870641059,1.091067412543021,1.091067412543021,0.0,1,1,-1,0.9447248935609776,,0
2014-07-30,2014-07-30,0,70e4948f4304e28543a647331d1e6548bc6a8c1006d4bd24ce64fee3e0d00cfa,v11_85ae599b865950104870,False,False,False,510300,510300,510300,False,False,False,1.091067412543021,1.0873906900070716,1.0873906900070716,0.0,2,2,-1,0.9447248935609776,,0
2014-07-31,2014-07-31,0,70e4948f4304e28543a647331d1e6548bc6a8c1006d4bd24ce64fee3e0d00cfa,v11_85ae599b865950104870,False,False,False,510300,510300,510300,False,False,False,1.0873906900070716,1.1020975801508697,1.1020975801508697,0.0,3,3,-1,0.9542756085759159,,0
2014-08-01,2014-08-01,0,70e4948f4304e28543a647331d1e6548bc6a8c1006d4bd24ce64fee3e0d00cfa,v11_85ae599b865950104870,False,False,False,510300,510300,510300,False,False,False,1.1020975801508697,1.0887694609580527,1.0887694609580527,0.0,4,4,-1,0.9542756085759159,,0
2014-08-04,2014-08-04,0,70e4948f4304e28543a647331d1e6548bc6a8c1006d4bd24ce64fee3e0d00cfa,v11_85ae599b865950104870,False,False,False,510300,510300,510300,False,False,False,1.0887694609580527,1.1122085671247308,1.1122085671247308,0.0,5,5,-1,0.9630304306729426,,0
2014-08-05,2014-08-05,0,70e4948f4304e28543a647331d1e6548bc6a8c1006d4bd24ce64fee3e0d00cfa,v11_85ae599b865950104870,False,False,False,510300,510300,510300,False,False,False,1.1122085671247308,1.108991434905775,1.108991434905775,0.0,6,6,-1,0.9630304306729426,,0
2014-08-06,2014-08-06,0,70e4948f4304e28543a647331d1e6548bc6a8c1006d4bd24ce64fee3e0d00cfa,v11_85ae599b865950104870,False,False,False,510300,510300,510300,False,False,False,1.108991434905775,1.1020975801508697,1.1020975801508697,0.0,7,7,-1,0.9630304306729426,,0
2014-08-07,2014-08-07,0,70e4948f4304e28543a647331d1e6548bc6a8c1006d4bd24ce64fee3e0d00cfa,v11_85ae599b865950104870,False,False,False,510300,510300,510300,False,False,False,1.1020975801508697,1.0901482319090336,1.0901482319090336,0.0,8,8,-1,0.9630304306729426,,0
2014-08-08,2014-08-08,0,70e4948f4304e28543a647331d1e6548bc6a8c1006d4bd24ce64fee3e0d00cfa,v11_85ae599b865950104870,False,False,False,510300,510300,510300,False,False,False,1.0901482319090336,1.0906078222260276,1.0906078222260276,0.0,9,9,-1,0.9630304306729426,,0
2014-08-11,2014-08-11,0,70e4948f4304e28543a647331d1e6548bc6a8c1006d4bd24ce64fee3e0d00cfa,v11_85ae599b865950104870,False,False,False,510300,510300,510300,False,False,False,1.0906078222260276,1.1057743026868194,1.1057743026868194,0.0,10,10,-1,0.9630304306729426,,0
2014-08-12,2014-08-12,0,70e4948f4304e28543a647331d1e6548bc6a8c1006d4bd24ce64fee3e0d00cfa,v11_85ae599b865950104870,False,False,False,510300,510300,510300,False,False,False,1.1057743026868194,1.1011783995168825,1.1011783995168825,0.0,11,11,-1,0.9630304306729426,,0
2014-08-13,2014-08-13,0,70e4948f4304e28543a647331d1e6548bc6a8c1006d4bd24ce64fee3e0d00cfa,v11_85ae599b865950104870,False,False,False,510300,510300,510300,False,False,False,1.1011783995168825,1.1043955317358385,1.1043955317358385,0.0,12,12,-1,0.9630304306729426,,0
2014-08-14,2014-08-14,0,70e4948f4304e28543a647331d1e6548bc6a8c1006d4bd24ce64fee3e0d00cfa,v11_85ae599b865950104870,False,False,False,510300,510300,510300,False,False,False,1.1043955317358385,1.0910674125430215,1.0910674125430215,0.0,13,13,-1,0.9630304306729426,,0
2014-08-15,2014-08-15,0,70e4948f4304e28543a647331d1e6548bc6a8c1006d4bd24ce64fee3e0d00cfa,v11_85ae599b865950104870,False,False,False,510300,510300,510300,False,False,False,1.0910674125430215,1.1048551220528322,1.1048551220528322,0.0,14,14,-1,0.9630304306729426,,0
2014-08-18,2014-08-18,0,70e4948f4304e28543a647331d1e6548bc6a8c1006d4bd24ce64fee3e0d00cfa,v11_85ae599b865950104870,False,False,False,510300,510300,510300,False,False,False,1.1048551220528322,1.1085318445887817,1.1085318445887817,0.0,15,15,-1,0.9630304306729426,,0
2014-08-19,2014-08-19,0,70e4948f4304e28543a647331d1e6548bc6a8c1006d4bd24ce64fee3e0d00cfa,v11_85ae599b865950104870,False,False,False,510300,510300,510300,False,False,False,1.1085318445887817,1.1094510252227694,1.1094510252227694,0.0,16,16,-1,0.9630304306729426,,0
2014-08-20,2014-08-20,0,70e4948f4304e28543a647331d1e6548bc6a8c1006d4bd24ce64fee3e0d00cfa,v11_85ae599b865950104870,False,False,False,510300,510500,510500,False,False,True,1.1094510252227694,1.105314712369826,1.105093649427352,0.0002210629424739652,17,0,-1,1.303092783505159,,0
2014-08-21,2014-08-21,0,70e4948f4304e28543a647331d1e6548bc6a8c1006d4bd24ce64fee3e0d00cfa,v11_85ae599b865950104870,False,False,False,510500,510500,510500,False,False,False,1.105093649427352,1.1033450835263594,1.1033450835263594,0.0,1,1,-1,1.303092783505159,,0
2014-08-22,2014-08-22,0,70e4948f4304e28543a647331d1e6548bc6a8c1006d4bd24ce64fee3e0d00cfa,v11_85ae599b865950104870,False,False,False,510500,510500,510500,False,False,False,1.1033450835263594,1.11033934713033,1.11033934713033,0.0,2,2,-1,1.3092783505154681,,0
2014-08-25,2014-08-25,0,70e4948f4304e28543a647331d1e6548bc6a8c1006d4bd24ce64fee3e0d00cfa,v11_85ae599b865950104870,False,False,False,510500,510500,510500,False,False,False,1.11033934713033,1.1015965176253668,1.1015965176253668,0.0,3,3,-1,1.3092783505154681,,0
2014-08-26,2014-08-26,0,70e4948f4304e28543a647331d1e6548bc6a8c1006d4bd24ce64fee3e0d00cfa,v11_85ae599b865950104870,False,False,False,510500,510500,510500,False,False,False,1.1015965176253668,1.0841108586154402,1.0841108586154402,0.0,4,4,-1,1.3092783505154681,,0
2014-08-27,2014-08-27,0,70e4948f4304e28543a647331d1e6548bc6a8c1006d4bd24ce64fee3e0d00cfa,v11_85ae599b865950104870,False,False,False,510500,510500,510500,False,False,False,1.0841108586154402,1.0849851415659366,1.0849851415659366,0.0,5,5,-1,1.3092783505154681,,0
2014-08-28,2014-08-28,0,70e4948f4304e28543a647331d1e6548bc6a8c1006d4bd24ce64fee3e0d00cfa,v11_85ae599b865950104870,False,False,False,510500,510500,510500,False,False,False,1.0849851415659366,1.0753680291104768,1.0753680291104768,0.0,6,6,-1,1.3092783505154681,,0
2014-08-29,2014-08-29,0,70e4948f4304e28543a647331d1e6548bc6a8c1006d4bd24ce64fee3e0d00cfa,v11_85ae599b865950104870,False,False,False,510500,510500,510500,False,False,False,1.0753680291104768,1.0884822733679216,1.0884822733679216,0.0,7,7,-1,1.3092783505154681,,0
2014-09-01,2014-09-01,0,70e4948f4304e28543a647331d1e6548bc6a8c1006d4bd24ce64fee3e0d00cfa,v11_85ae599b865950104870,False,False,False,510500,510500,510500,False,False,False,1.0884822733679216,1.1068422153283441,1.1068422153283441,0.0,8,8,-1,1.3092783505154681,,0
2014-09-02,2014-09-02,0,70e4948f4304e28543a647331d1e6548bc6a8c1006d4bd24ce64fee3e0d00cfa,v11_85ae599b865950104870,False,False,False,510500,510500,510500,False,False,False,1.1068422153283441,1.1243278743382707,1.1243278743382707,0.0,9,9,-1,1.325773195876293,,0
2014-09-03,2014-09-03,0,70e4948f4304e28543a647331d1e6548bc6a8c1006d4bd24ce64fee3e0d00cfa,v11_85ae599b865950104870,False,False,False,510500,510500,510500,False,False,False,1.1243278743382707,1.133070703843234,1.133070703843234,0.0,10,10,-1,1.3360824742268085,,0
2014-09-04,2014-09-04,0,70e4948f4304e28543a647331d1e6548bc6a8c1006d4bd24ce64fee3e0d00cfa,v11_85ae599b865950104870,False,False,False,510500,510500,510500,False,False,False,1.133070703843234,1.1409392503977007,1.1409392503977007,0.0,11,11,-1,1.3453608247422724,,0
2014-09-05,2014-09-05,0,70e4948f4304e28543a647331d1e6548bc6a8c1006d4bd24ce64fee3e0d00cfa,v11_85ae599b865950104870,False,False,False,510500,510500,510500,False,False,False,1.1409392503977007,1.1461849481006787,1.1461849481006787,0.0,12,12,-1,1.3515463917525818,,0
2014-09-09,2014-09-09,0,70e4948f4304e28543a647331d1e6548bc6a8c1006d4bd24ce64fee3e0d00cfa,v11_85ae599b865950104870,False,False,False,510500,510500,510500,False,False,False,1.1461849481006787,1.154927777605642,1.154927777605642,0.0,13,13,-1,1.3618556701030973,,0
2014-09-10,2014-09-10,0,70e4948f4304e28543a647331d1e6548bc6a8c1006d4bd24ce64fee3e0d00cfa,v11_85ae599b865950104870,False,False,False,510500,510500,510500,False,False,False,1.154927777605642,1.1566763435066345,1.1566763435066345,0.0,14,14,-1,1.3639175257732004,,0
2014-09-11,2014-09-11,0,70e4948f4304e28543a647331d1e6548bc6a8c1006d4bd24ce64fee3e0d00cfa,v11_85ae599b865950104870,False,False,False,510500,510500,510500,False,False,False,1.1566763435066345,1.154927777605642,1.154927777605642,0.0,15,15,-1,1.3639175257732004,,0
2014-09-12,2014-09-12,0,70e4948f4304e28543a647331d1e6548bc6a8c1006d4bd24ce64fee3e0d00cfa,v11_85ae599b865950104870,False,False,False,510500,510500,510500,False,False,False,1.154927777605642,1.1689163048135829,1.1689163048135829,0.0,16,16,-1,1.378350515463922,,0
2014-09-15,2014-09-15,0,70e4948f4304e28543a647331d1e6548bc6a8c1006d4bd24ce64fee3e0d00cfa,v11_85ae599b865950104870,False,False,False,510500,510500,510500,False,False,False,1.1689163048135829,1.1794077002195387,1.1794077002195387,0.0,17,17,-1,1.3907216494845405,,0
2014-09-16,2014-09-16,0,70e4948f4304e28543a647331d1e6548bc6a8c1006d4bd24ce64fee3e0d00cfa,v11_85ae599b865950104870,False,False,False,510500,510300,510300,True,False,True,1.1794077002195387,1.1409392503977007,1.1407110625476211,0.00022818785007954016,18,0,-1,0.9686016810983235,,0
2014-09-17,2014-09-17,0,70e4948f4304e28543a647331d1e6548bc6a8c1006d4bd24ce64fee3e0d00cfa,v11_85ae599b865950104870,False,False,False,510300,510500,510500,False,False,True,1.1407110625476211,1.1444603182996265,1.1442314262359665,0.0002288920636599253,1,0,-1,1.3567010309278396,,0
2014-09-18,2014-09-18,0,70e4948f4304e28543a647331d1e6548bc6a8c1006d4bd24ce64fee3e0d00cfa,v11_85ae599b865950104870,False,False,False,510500,510500,510500,False,False,False,1.1442314262359665,1.152056717144875,1.152056717144875,0.0,1,1,-1,1.3659793814433034,,0
2014-09-19,2014-09-19,0,70e4948f4304e28543a647331d1e6548bc6a8c1006d4bd24ce64fee3e0d00cfa,v11_85ae599b865950104870,False,False,False,510500,510500,510500,False,False,False,1.152056717144875,1.1624904383567531,1.1624904383567531,0.0,2,2,-1,1.378350515463922,,0
2014-09-22,2014-09-22,0,70e4948f4304e28543a647331d1e6548bc6a8c1006d4bd24ce64fee3e0d00cfa,v11_85ae599b865950104870,False,False,False,510500,510500,510500,False,False,False,1.1624904383567531,1.1459703797712797,1.1459703797712797,0.0,3,3,-1,1.378350515463922,,0
2014-09-23,2014-09-23,0,70e4948f4304e28543a647331d1e6548bc6a8c1006d4bd24ce64fee3e0d00cfa,v11_85ae599b865950104870,False,False,False,510500,510500,510500,False,False,False,1.1459703797712797,1.161620961589097,1.161620961589097,0.0,4,4,-1,1.378350515463922,,0
2014-09-24,2014-09-24,0,70e4948f4304e28543a647331d1e6548bc6a8c1006d4bd24ce64fee3e0d00cfa,v11_85ae599b865950104870,False,False,False,510500,510500,510500,False,False,False,1.161620961589097,1.177271543406914,1.177271543406914,0.0,5,5,-1,1.3958762886597984,,0
2014-09-25,2014-09-25,0,70e4948f4304e28543a647331d1e6548bc6a8c1006d4bd24ce64fee3e0d00cfa,v11_85ae599b865950104870,False,False,False,510500,510500,510500,False,False,False,1.177271543406914,1.1755325898716011,1.1755325898716011,0.0,6,6,-1,1.3958762886597984,,0
2014-09-26,2014-09-26,0,70e4948f4304e28543a647331d1e6548bc6a8c1006d4bd24ce64fee3e0d00cfa,v11_85ae599b865950104870,False,False,False,510500,510500,510500,False,False,False,1.1755325898716011,1.1798799737098835,1.1798799737098835,0.0,7,7,-1,1.398969072164953,,0
2014-09-29,2014-09-29,0,70e4948f4304e28543a647331d1e6548bc6a8c1006d4bd24ce64fee3e0d00cfa,v11_85ae599b865950104870,False,False,False,510500,510500,510500,False,False,False,1.1798799737098835,1.1929221252247313,1.1929221252247313,0.0,8,8,-1,1.4144329896907266,,0
2014-09-30,2014-09-30,0,70e4948f4304e28543a647331d1e6548bc6a8c1006d4bd24ce64fee3e0d00cfa,v11_85ae599b865950104870,False,False,False,510500,510500,510500,False,False,False,1.1929221252247313,1.2007474161336398,1.2007474161336398,0.0,9,9,-1,1.4237113402061905,,0
2014-10-08,2014-10-08,0,70e4948f4304e28543a647331d1e6548bc6a8c1006d4bd24ce64fee3e0d00cfa,v11_85ae599b865950104870,False,False,False,510500,510500,510500,False,False,False,1.2007474161336398,1.221614858557396,1.221614858557396,0.0,10,10,-1,1.4484536082474277,,0
2014-10-09,2014-10-09,0,70e4948f4304e28543a647331d1e6548bc6a8c1006d4bd24ce64fee3e0d00cfa,v11_85ae599b865950104870,False,False,False,510500,510500,510500,False,False,False,1.221614858557396,1.2224843353250525,1.2224843353250525,0.0,11,11,-1,1.4494845360824793,,0
2014-10-10,2014-10-10,0,70e4948f4304e28543a647331d1e6548bc6a8c1006d4bd24ce64fee3e0d00cfa,v11_85ae599b865950104870,False,False,False,510500,510500,510500,False,False,False,1.2224843353250525,1.216397997951457,1.216397997951457,0.0,12,12,-1,1.4494845360824793,,0
2014-10-13,2014-10-13,0,70e4948f4304e28543a647331d1e6548bc6a8c1006d4bd24ce64fee3e0d00cfa,v11_85ae599b865950104870,False,False,False,510500,510500,510500,False,False,False,1.216397997951457,1.2172674747191132,1.2172674747191132,0.0,13,13,-1,1.4494845360824793,,0
2014-10-14,2014-10-14,0,70e4948f4304e28543a647331d1e6548bc6a8c1006d4bd24ce64fee3e0d00cfa,v11_85ae599b865950104870,False,False,False,510500,510500,510500,False,False,False,1.2172674747191132,1.212050614113174,1.212050614113174,0.0,14,14,-1,1.4494845360824793,,0
2014-10-15,2014-10-15,0,70e4948f4304e28543a647331d1e6548bc6a8c1006d4bd24ce64fee3e0d00cfa,v11_85ae599b865950104870,False,False,False,510500,510500,510500,False,False,False,1.212050614113174,1.217267474719113,1.217267474719113,0.0,15,15,-1,1.4494845360824793,,0
2014-10-16,2014-10-16,0,70e4948f4304e28543a647331d1e6548bc6a8c1006d4bd24ce64fee3e0d00cfa,v11_85ae599b865950104870,False,False,False,510500,510500,510500,False,False,False,1.217267474719113,1.1990084625983264,1.1990084625983264,0.0,16,16,-1,1.4494845360824793,,0
2014-10-17,2014-10-17,0,70e4948f4304e28543a647331d1e6548bc6a8c1006d4bd24ce64fee3e0d00cfa,v11_85ae599b865950104870,False,False,False,510500,510500,510500,False,False,False,1.1990084625983264,1.1868357878511353,1.1868357878511353,0.0,17,17,-1,1.4494845360824793,,0
2014-10-20,2014-10-20,0,70e4948f4304e28543a647331d1e6548bc6a8c1006d4bd24ce64fee3e0d00cfa,v11_85ae599b865950104870,False,False,False,510500,510500,510500,False,False,False,1.1868357878511353,1.203355846436609,1.203355846436609,0.0,18,18,-1,1.4494845360824793,,0
2014-10-21,2014-10-21,0,70e4948f4304e28543a647331d1e6548bc6a8c1006d4bd24ce64fee3e0d00cfa,v11_85ae599b865950104870,False,False,False,510500,510500,510500,False,False,False,1.203355846436609,1.1920526484570744,1.1920526484570744,0.0,19,19,-1,1.4494845360824793,,0
2014-10-22,2014-10-22,0,70e4948f4304e28543a647331d1e6548bc6a8c1006d4bd24ce64fee3e0d00cfa,v11_85ae599b865950104870,False,False,False,510500,510500,510500,False,False,False,1.1920526484570744,1.1772715434069139,1.1772715434069139,0.0,20,20,-1,1.4494845360824793,,0
2014-10-23,2014-10-23,0,70e4948f4304e28543a647331d1e6548bc6a8c1006d4bd24ce64fee3e0d00cfa,v11_85ae599b865950104870,False,False,False,510500,510500,510500,False,False,False,1.1772715434069139,1.1624904383567531,1.1624904383567531,0.0,21,21,-1,1.4494845360824793,,0
2014-10-24,2014-10-24,0,70e4948f4304e28543a647331d1e6548bc6a8c1006d4bd24ce64fee3e0d00cfa,v11_85ae599b865950104870,False,False,False,510500,510500,510500,False,False,False,1.1624904383567531,1.165968345427379,1.165968345427379,0.0,22,22,-1,1.4494845360824793,,0
2014-10-27,2014-10-27,0,70e4948f4304e28543a647331d1e6548bc6a8c1006d4bd24ce64fee3e0d00cfa,v11_85ae599b865950104870,False,False,False,510500,510500,510500,False,False,False,1.165968345427379,1.174663113103944,1.174663113103944,0.0,23,23,-1,1.4494845360824793,,0
2014-10-28,2014-10-28,0,70e4948f4304e28543a647331d1e6548bc6a8c1006d4bd24ce64fee3e0d00cfa,v11_85ae599b865950104870,False,False,False,510500,510500,510500,False,False,False,1.174663113103944,1.2024863696689523,1.2024863696689523,0.0,24,24,-1,1.4494845360824793,,0
2014-10-29,2014-10-29,0,70e4948f4304e28543a647331d1e6548bc6a8c1006d4bd24ce64fee3e0d00cfa,v11_85ae599b865950104870,False,False,False,510500,510500,510500,False,False,False,1.2024863696689523,1.220745381789739,1.220745381789739,0.0,25,25,-1,1.4494845360824793,,0
2014-10-30,2014-10-30,0,70e4948f4304e28543a647331d1e6548bc6a8c1006d4bd24ce64fee3e0d00cfa,v11_85ae599b865950104870,False,False,False,510500,510500,510500,False,False,False,1.220745381789739,1.2181369514867695,1.2181369514867695,0.0,26,26,-1,1.4494845360824793,,0
2014-10-31,2014-10-31,0,70e4948f4304e28543a647331d1e6548bc6a8c1006d4bd24ce64fee3e0d00cfa,v11_85ae599b865950104870,False,False,False,510500,510500,510500,False,False,False,1.2181369514867695,1.219006428254426,1.219006428254426,0.0,27,27,-1,1.4494845360824793,,0
2014-11-03,2014-11-03,0,70e4948f4304e28543a647331d1e6548bc6a8c1006d4bd24ce64fee3e0d00cfa,v11_85ae599b865950104870,False,False,False,510500,510500,510500,False,False,False,1.219006428254426,1.2285706726986476,1.2285706726986476,0.0,28,28,-1,1.4567010309278399,,0
2014-11-04,2014-11-04,0,70e4948f4304e28543a647331d1e6548bc6a8c1006d4bd24ce64fee3e0d00cfa,v11_85ae599b865950104870,False,False,False,510500,510500,510500,False,False,False,1.2285706726986476,1.2216148585573956,1.2216148585573956,0.0,29,29,-1,1.4567010309278399,,0
2014-11-05,2014-11-05,0,70e4948f4304e28543a647331d1e6548bc6a8c1006d4bd24ce64fee3e0d00cfa,v11_85ae599b865950104870,False,False,False,510500,513100,513100,False,False,True,1.2216148585573956,1.2198759050220827,1.2196319298410783,0.00024397518100441654,30,0,-1,1.358074222668008,,0
2014-11-06,2014-11-06,0,70e4948f4304e28543a647331d1e6548bc6a8c1006d4bd24ce64fee3e0d00cfa,v11_85ae599b865950104870,False,False,False,513100,513100,513100,False,False,False,1.2196319298410783,1.2196319298410783,1.2196319298410783,0.0,1,1,-1,1.358074222668008,,0
2014-11-07,2014-11-07,0,70e4948f4304e28543a647331d1e6548bc6a8c1006d4bd24ce64fee3e0d00cfa,v11_85ae599b865950104870,False,False,False,513100,513100,513100,False,False,False,1.2196319298410783,1.2277387890497706,1.2277387890497706,0.0,2,2,-1,1.3671013039117392,,0
2014-11-10,2014-11-10,0,70e4948f4304e28543a647331d1e6548bc6a8c1006d4bd24ce64fee3e0d00cfa,v11_85ae599b865950104870,False,False,False,513100,513100,513100,False,False,False,1.2277387890497706,1.2277387890497706,1.2277387890497706,0.0,3,3,-1,1.3671013039117392,,0
2014-11-11,2014-11-11,0,70e4948f4304e28543a647331d1e6548bc6a8c1006d4bd24ce64fee3e0d00cfa,v11_85ae599b865950104870,False,False,False,513100,513100,513100,False,False,False,1.2277387890497706,1.2277387890497706,1.2277387890497706,0.0,4,4,-1,1.3671013039117392,,0
2014-11-12,2014-11-12,0,70e4948f4304e28543a647331d1e6548bc6a8c1006d4bd24ce64fee3e0d00cfa,v11_85ae599b865950104870,False,False,False,513100,513100,513100,False,False,False,1.2277387890497706,1.2268380269154715,1.2268380269154715,0.0,5,5,-1,1.3671013039117392,,0
2014-11-13,2014-11-13,0,70e4948f4304e28543a647331d1e6548bc6a8c1006d4bd24ce64fee3e0d00cfa,v11_85ae599b865950104870,False,False,False,513100,513100,513100,False,False,False,1.2268380269154715,1.2286395511840698,1.2286395511840698,0.0,6,6,-1,1.3681043129388206,,0
2014-11-14,2014-11-14,0,70e4948f4304e28543a647331d1e6548bc6a8c1006d4bd24ce64fee3e0d00cfa,v11_85ae599b865950104870,False,False,False,513100,513100,513100,False,False,False,1.2286395511840698,1.2295403133183689,1.2295403133183689,0.0,7,7,-1,1.3691073219659018,,0
2014-11-17,2014-11-17,0,70e4948f4304e28543a647331d1e6548bc6a8c1006d4bd24ce64fee3e0d00cfa,v11_85ae599b865950104870,False,False,False,513100,513100,513100,False,False,False,1.2295403133183689,1.2322425997212665,1.2322425997212665,0.0,8,8,-1,1.3721163490471455,,0
2014-11-18,2014-11-18,0,70e4948f4304e28543a647331d1e6548bc6a8c1006d4bd24ce64fee3e0d00cfa,v11_85ae599b865950104870,False,False,False,513100,513100,513100,False,False,False,1.2322425997212665,1.2322425997212665,1.2322425997212665,0.0,9,9,-1,1.3721163490471455,,0
2014-11-19,2014-11-19,0,70e4948f4304e28543a647331d1e6548bc6a8c1006d4bd24ce64fee3e0d00cfa,v11_85ae599b865950104870,False,False,False,513100,513100,513100,False,False,False,1.2322425997212665,1.2475555560043523,1.2475555560043523,0.0,10,10,-1,1.3891675025075265,,0
2014-11-20,2014-11-20,0,70e4948f4304e28543a647331d1e6548bc6a8c1006d4bd24ce64fee3e0d00cfa,v11_85ae599b865950104870,False,False,False,513100,513100,513100,False,False,False,1.2475555560043523,1.2358456482584632,1.2358456482584632,0.0,11,11,-1,1.3891675025075265,,0
2014-11-21,2014-11-21,0,70e4948f4304e28543a647331d1e6548bc6a8c1006d4bd24ce64fee3e0d00cfa,v11_85ae599b865950104870,False,False,False,513100,513100,513100,False,False,False,1.2358456482584632,1.2412502210642582,1.2412502210642582,0.0,12,12,-1,1.3891675025075265,,0
2014-11-24,2014-11-24,0,70e4948f4304e28543a647331d1e6548bc6a8c1006d4bd24ce64fee3e0d00cfa,v11_85ae599b865950104870,False,False,False,513100,513100,513100,False,False,False,1.2412502210642582,1.234044123989865,1.234044123989865,0.0,13,13,-1,1.3891675025075265,,0
2014-11-25,2014-11-25,0,70e4948f4304e28543a647331d1e6548bc6a8c1006d4bd24ce64fee3e0d00cfa,v11_85ae599b865950104870,False,False,False,513100,513100,513100,False,False,False,1.234044123989865,1.245754031735754,1.245754031735754,0.0,14,14,-1,1.3891675025075265,,0
2014-11-26,2014-11-26,0,70e4948f4304e28543a647331d1e6548bc6a8c1006d4bd24ce64fee3e0d00cfa,v11_85ae599b865950104870,False,False,False,513100,510300,510300,False,False,True,1.245754031735754,1.251158604541549,1.2509083728206407,0.00025023172090830984,15,0,-1,1.0979342802589453,,0
2014-11-27,2014-11-27,0,70e4948f4304e28543a647331d1e6548bc6a8c1006d4bd24ce64fee3e0d00cfa,v11_85ae599b865950104870,False,False,False,510300,510300,510300,False,False,False,1.2509083728206407,1.262243171414521,1.262243171414521,0.0,1,1,-1,1.1078829417328393,,0
2014-11-28,2014-11-28,0,70e4948f4304e28543a647331d1e6548bc6a8c1006d4bd24ce64fee3e0d00cfa,v11_85ae599b865950104870,False,False,False,510300,510300,510300,False,False,False,1.262243171414521,1.2921670397023655,1.2921670397023655,0.0,2,2,-1,1.1341474080239196,,0
2014-12-01,2014-12-01,0,70e4948f4304e28543a647331d1e6548bc6a8c1006d4bd24ce64fee3e0d00cfa,v11_85ae599b865950104870,False,False,False,510300,510300,510300,False,False,False,1.2921670397023655,1.2935272155336313,1.2935272155336313,0.0,3,3,-1,1.135341247400787,,0
2014-12-02,2014-12-02,0,70e4948f4304e28543a647331d1e6548bc6a8c1006d4bd24ce64fee3e0d00cfa,v11_85ae599b865950104870,False,False,False,510300,510300,510300,False,False,False,1.2935272155336313,1.3447605051779707,1.3447605051779707,0.0,4,4,-1,1.180309197262788,,0
2014-12-03,2014-12-03,0,70e4948f4304e28543a647331d1e6548bc6a8c1006d4bd24ce64fee3e0d00cfa,v11_85ae599b865950104870,False,False,False,510300,510300,510300,False,False,False,1.3447605051779707,1.3592690473781375,1.3592690473781375,0.0,5,5,-1,1.1930434839493722,,0
2014-12-04,2014-12-04,0,70e4948f4304e28543a647331d1e6548bc6a8c1006d4bd24ce64fee3e0d00cfa,v11_85ae599b865950104870,False,False,False,510300,510300,510300,False,False,False,1.3592690473781375,1.4417863811415867,1.4417863811415867,0.0,6,6,-1,1.2654697394793208,,0
2014-12-05,2014-12-05,0,70e4948f4304e28543a647331d1e6548bc6a8c1006d4bd24ce64fee3e0d00cfa,v11_85ae599b865950104870,False,False,False,510300,510300,510300,False,False,False,1.4417863811415867,1.4331719342102376,1.4331719342102376,0.0,7,7,-1,1.2654697394793208,,0
2014-12-08,2014-12-08,0,70e4948f4304e28543a647331d1e6548bc6a8c1006d4bd24ce64fee3e0d00cfa,v11_85ae599b865950104870,False,False,False,510300,510300,510300,False,False,False,1.4331719342102376,1.5020875096610307,1.5020875096610307,0.0,8,8,-1,1.3183966185204372,,0
2014-12-09,2014-12-09,0,70e4948f4304e28543a647331d1e6548bc6a8c1006d4bd24ce64fee3e0d00cfa,v11_85ae599b865950104870,False,False,False,510300,510500,510500,True,False,True,1.5020875096610307,1.419116783953826,1.4188329605970351,0.00028382335679076517,9,0,-1,1.5020618556701084,,0
2014-12-10,2014-12-10,0,70e4948f4304e28543a647331d1e6548bc6a8c1006d4bd24ce64fee3e0d00cfa,v11_85ae599b865950104870,False,False,False,510500,510300,510300,False,False,True,1.4188329605970351,1.4743398094330207,1.474044941471134,0.00029486796188660415,1,0,-1,1.2905403663935338,,0
2014-12-11,2014-12-11,0,70e4948f4304e28543a647331d1e6548bc6a8c1006d4bd24ce64fee3e0d00cfa,v11_85ae599b865950104870,False,False,False,510300,510300,510300,False,False,False,1.474044941471134,1.4581363466664814,1.4581363466664814,0.0,1,1,-1,1.2905403663935338,,0
2014-12-12,2014-12-12,0,70e4948f4304e28543a647331d1e6548bc6a8c1006d4bd24ce64fee3e0d00cfa,v11_85ae599b865950104870,False,False,False,510300,510300,510300,False,False,False,1.4581363466664814,1.4626816594678107,1.4626816594678107,0.0,2,2,-1,1.2905403663935338,,0
2014-12-15,2014-12-15,0,70e4948f4304e28543a647331d1e6548bc6a8c1006d4bd24ce64fee3e0d00cfa,v11_85ae599b865950104870,False,False,False,510300,510300,510300,False,False,False,1.4626816594678107,1.4794993168327297,1.4794993168327297,0.0,3,3,-1,1.295315723901003,,0
2014-12-16,2014-12-16,0,70e4948f4304e28543a647331d1e6548bc6a8c1006d4bd24ce64fee3e0d00cfa,v11_85ae599b865950104870,False,False,False,510300,510300,510300,False,False,False,1.4794993168327297,1.5140436941228335,1.5140436941228335,0.0,4,4,-1,1.3255596547816408,,0
2014-12-17,2014-12-17,0,70e4948f4304e28543a647331d1e6548bc6a8c1006d4bd24ce64fee3e0d00cfa,v11_85ae599b865950104870,False,False,False,510300,510300,510300,False,False,False,1.5140436941228335,1.5399519770904113,1.5399519770904113,0.0,5,5,-1,1.3482426029421193,,0
2014-12-18,2014-12-18,0,70e4948f4304e28543a647331d1e6548bc6a8c1006d4bd24ce64fee3e0d00cfa,v11_85ae599b865950104870,False,False,False,510300,510300,510300,False,False,False,1.5399519770904113,1.5381338519698795,1.5381338519698795,0.0,6,6,-1,1.3482426029421193,,0
2014-12-19,2014-12-19,0,70e4948f4304e28543a647331d1e6548bc6a8c1006d4bd24ce64fee3e0d00cfa,v11_85ae599b865950104870,False,False,False,510300,510300,510300,False,False,False,1.5381338519698795,1.560860415976527,1.560860415976527,0.0,7,7,-1,1.3665481400540846,,0
2014-12-22,2014-12-22,0,70e4948f4304e28543a647331d1e6548bc6a8c1006d4bd24ce64fee3e0d00cfa,v11_85ae599b865950104870,False,False,False,510300,510300,510300,False,False,False,1.560860415976527,1.5499516652533363,1.5499516652533363,0.0,8,8,-1,1.3665481400540846,,0
2014-12-23,2014-12-23,0,70e4948f4304e28543a647331d1e6548bc6a8c1006d4bd24ce64fee3e0d00cfa,v11_85ae599b865950104870,False,False,False,510300,510300,510300,False,False,False,1.5499516652533363,1.5185890069241632,1.5185890069241632,0.0,9,9,-1,1.3665481400540846,,0
2014-12-24,2014-12-24,0,70e4948f4304e28543a647331d1e6548bc6a8c1006d4bd24ce64fee3e0d00cfa,v11_85ae599b865950104870,False,False,False,510300,510300,510300,False,False,False,1.5185890069241632,1.4763175978717993,1.4763175978717993,0.0,10,10,-1,1.3665481400540846,,0
2014-12-25,2014-12-25,0,70e4948f4304e28543a647331d1e6548bc6a8c1006d4bd24ce64fee3e0d00cfa,v11_85ae599b865950104870,False,False,False,510300,510300,510300,False,False,False,1.4763175978717993,1.5299522889274864,1.5299522889274864,0.0,11,11,-1,1.3665481400540846,,0
2014-12-26,2014-12-26,0,70e4948f4304e28543a647331d1e6548bc6a8c1006d4bd24ce64fee3e0d00cfa,v11_85ae599b865950104870,False,False,False,510300,510300,510300,False,False,False,1.5299522889274864,1.5894958866249018,1.5894958866249018,0.0,12,12,-1,1.3916187669682971,,0
2014-12-29,2014-12-29,0,70e4948f4304e28543a647331d1e6548bc6a8c1006d4bd24ce64fee3e0d00cfa,v11_85ae599b865950104870,False,False,False,510300,510300,510300,False,False,False,1.5894958866249018,1.5817688548626418,1.5817688548626418,0.0,13,13,-1,1.3916187669682971,,0
2014-12-30,2014-12-30,0,70e4948f4304e28543a647331d1e6548bc6a8c1006d4bd24ce64fee3e0d00cfa,v11_85ae599b865950104870,False,False,False,510300,510300,510300,False,False,False,1.5817688548626418,1.5817688548626418,1.5817688548626418,0.0,14,14,-1,1.3916187669682971,,0
2014-12-31,2014-12-31,0,70e4948f4304e28543a647331d1e6548bc6a8c1006d4bd24ce64fee3e0d00cfa,v11_85ae599b865950104870,False,False,False,510300,510300,510300,False,False,False,1.5817688548626418,1.6244947951951383,1.6244947951951383,0.0,15,15,-1,1.4222606443078905,,0
2015-01-05,2015-01-05,0,70e4948f4304e28543a647331d1e6548bc6a8c1006d4bd24ce64fee3e0d00cfa,v11_85ae599b865950104870,False,False,False,510300,510300,510300,False,False,False,1.6244947951951383,1.6763113611302938,1.6763113611302938,0.0,16,16,-1,1.4676265406288473,,0
2015-01-06,2015-01-06,0,70e4948f4304e28543a647331d1e6548bc6a8c1006d4bd24ce64fee3e0d00cfa,v11_85ae599b865950104870,False,False,False,510300,510300,510300,False,False,False,1.6763113611302938,1.66494807912697,1.66494807912697,0.0,17,17,-1,1.4676265406288473,,0
2015-01-07,2015-01-07,0,70e4948f4304e28543a647331d1e6548bc6a8c1006d4bd24ce64fee3e0d00cfa,v11_85ae599b865950104870,False,False,False,510300,510300,510300,False,False,False,1.66494807912697,1.6644935478468372,1.6644935478468372,0.0,18,18,-1,1.4676265406288473,,0
2015-01-08,2015-01-08,0,70e4948f4304e28543a647331d1e6548bc6a8c1006d4bd24ce64fee3e0d00cfa,v11_85ae599b865950104870,False,False,False,510300,510300,510300,False,False,False,1.6644935478468372,1.628131045436202,1.628131045436202,0.0,19,19,-1,1.4676265406288473,,0
2015-01-09,2015-01-09,0,70e4948f4304e28543a647331d1e6548bc6a8c1006d4bd24ce64fee3e0d00cfa,v11_85ae599b865950104870,False,False,False,510300,510300,510300,False,False,False,1.628131045436202,1.6163132321527454,1.6163132321527454,0.0,20,20,-1,1.4676265406288473,,0
2015-01-12,2015-01-12,0,70e4948f4304e28543a647331d1e6548bc6a8c1006d4bd24ce64fee3e0d00cfa,v11_85ae599b865950104870,False,False,False,510300,510300,510300,False,False,False,1.6163132321527454,1.6113133880712829,1.6113133880712829,0.0,21,21,-1,1.4676265406288473,,0
2015-01-13,2015-01-13,0,70e4948f4304e28543a647331d1e6548bc6a8c1006d4bd24ce64fee3e0d00cfa,v11_85ae599b865950104870,False,False,False,510300,510300,510300,False,False,False,1.6113133880712829,1.6081316691103522,1.6081316691103522,0.0,22,22,-1,1.4676265406288473,,0
2015-01-14,2015-01-14,0,70e4948f4304e28543a647331d1e6548bc6a8c1006d4bd24ce64fee3e0d00cfa,v11_85ae599b865950104870,False,False,False,510300,510300,510300,False,False,False,1.6081316691103522,1.6044954188692884,1.6044954188692884,0.0,23,23,-1,1.4676265406288473,,0
2015-01-15,2015-01-15,0,70e4948f4304e28543a647331d1e6548bc6a8c1006d4bd24ce64fee3e0d00cfa,v11_85ae599b865950104870,False,False,False,510300,510300,510300,False,False,False,1.6044954188692884,1.6499485468825827,1.6499485468825827,0.0,24,24,-1,1.4676265406288473,,0
2015-01-16,2015-01-16,0,70e4948f4304e28543a647331d1e6548bc6a8c1006d4bd24ce64fee3e0d00cfa,v11_85ae599b865950104870,False,False,False,510300,510300,510300,False,False,False,1.6499485468825827,1.6644935478468368,1.6644935478468368,0.0,25,25,-1,1.4676265406288473,,0
2015-01-19,2015-01-19,0,70e4948f4304e28543a647331d1e6548bc6a8c1006d4bd24ce64fee3e0d00cfa,v11_85ae599b865950104870,False,False,False,510300,159915,159915,True,False,True,1.6644935478468368,1.49813509931818,1.4978354722983163,0.000299627019863636,26,0,-1,1.981179422835631,,0
2015-01-20,2015-01-20,0,70e4948f4304e28543a647331d1e6548bc6a8c1006d4bd24ce64fee3e0d00cfa,v11_85ae599b865950104870,False,False,False,159915,159915,159915,False,False,False,1.4978354722983163,1.5718260782763207,1.5718260782763207,0.0,1,1,-1,2.079046424090336,,0
2015-01-21,2015-01-21,0,70e4948f4304e28543a647331d1e6548bc6a8c1006d4bd24ce64fee3e0d00cfa,v11_85ae599b865950104870,False,False,False,159915,159915,159915,False,False,False,1.5718260782763207,1.5822606509142443,1.5822606509142443,0.0,2,2,-1,2.092848180677538,,0
2015-01-22,2015-01-22,0,70e4948f4304e28543a647331d1e6548bc6a8c1006d4bd24ce64fee3e0d00cfa,v11_85ae599b865950104870,False,False,False,159915,159915,159915,False,False,False,1.5822606509142443,1.5964896136023223,1.5964896136023223,0.0,3,3,-1,2.1116687578419047,,0
2015-01-23,2015-01-23,0,70e4948f4304e28543a647331d1e6548bc6a8c1006d4bd24ce64fee3e0d00cfa,v11_85ae599b865950104870,False,False,False,159915,159915,159915,False,False,False,1.5964896136023223,1.553802725538089,1.553802725538089,0.0,4,4,-1,2.1116687578419047,,0
2015-01-26,2015-01-26,0,70e4948f4304e28543a647331d1e6548bc6a8c1006d4bd24ce64fee3e0d00cfa,v11_85ae599b865950104870,False,False,False,159915,159915,159915,False,False,False,1.553802725538089,1.599335406139938,1.599335406139938,0.0,5,5,-1,2.115432873274778,,0
2015-01-27,2015-01-27,0,70e4948f4304e28543a647331d1e6548bc6a8c1006d4bd24ce64fee3e0d00cfa,v11_85ae599b865950104870,False,False,False,159915,159915,159915,False,False,False,1.599335406139938,1.6012326011650153,1.6012326011650153,0.0,6,6,-1,2.1179422835633606,,0
2015-01-28,2015-01-28,0,70e4948f4304e28543a647331d1e6548bc6a8c1006d4bd24ce64fee3e0d00cfa,v11_85ae599b865950104870,False,False,False,159915,159915,159915,False,False,False,1.6012326011650153,1.5822606509142452,1.5822606509142452,0.0,7,7,-1,2.1179422835633606,,0
2015-01-29,2015-01-29,0,70e4948f4304e28543a647331d1e6548bc6a8c1006d4bd24ce64fee3e0d00cfa,v11_85ae599b865950104870,False,False,False,159915,159915,159915,False,False,False,1.5822606509142452,1.5670830907136288,1.5670830907136288,0.0,8,8,-1,2.1179422835633606,,0
2015-01-30,2015-01-30,0,70e4948f4304e28543a647331d1e6548bc6a8c1006d4bd24ce64fee3e0d00cfa,v11_85ae599b865950104870,False,False,False,159915,159915,159915,False,False,False,1.5670830907136288,1.539573762850012,1.539573762850012,0.0,9,9,-1,2.1179422835633606,,0
2015-02-02,2015-02-02,0,70e4948f4304e28543a647331d1e6548bc6a8c1006d4bd24ce64fee3e0d00cfa,v11_85ae599b865950104870,False,False,False,159915,159915,159915,False,False,False,1.539573762850012,1.5547513230506282,1.5547513230506282,0.0,10,10,-1,2.1179422835633606,,0
2015-02-03,2015-02-03,0,70e4948f4304e28543a647331d1e6548bc6a8c1006d4bd24ce64fee3e0d00cfa,v11_85ae599b865950104870,False,False,False,159915,159915,159915,False,False,False,1.5547513230506282,1.6059755887277083,1.6059755887277083,0.0,11,11,-1,2.1242158092848165,,0
2015-02-04,2015-02-04,0,70e4948f4304e28543a647331d1e6548bc6a8c1006d4bd24ce64fee3e0d00cfa,v11_85ae599b865950104870,False,False,False,159915,159915,159915,False,False,False,1.6059755887277083,1.6107185762904008,1.6107185762904008,0.0,12,12,-1,2.130489335006272,,0
2015-02-05,2015-02-05,0,70e4948f4304e28543a647331d1e6548bc6a8c1006d4bd24ce64fee3e0d00cfa,v11_85ae599b865950104870,False,False,False,159915,159915,159915,False,False,False,1.6107185762904008,1.6211531489283246,1.6211531489283246,0.0,13,13,-1,2.144291091593474,,0
2015-02-06,2015-02-06,0,70e4948f4304e28543a647331d1e6548bc6a8c1006d4bd24ce64fee3e0d00cfa,v11_85ae599b865950104870,False,False,False,159915,159915,159915,False,False,False,1.6211531489283246,1.5756204683264758,1.5756204683264758,0.0,14,14,-1,2.144291091593474,,0
2015-02-09,2015-02-09,0,70e4948f4304e28543a647331d1e6548bc6a8c1006d4bd24ce64fee3e0d00cfa,v11_85ae599b865950104870,False,False,False,159915,159915,159915,False,False,False,1.5756204683264758,1.5604429081258597,1.5604429081258597,0.0,15,15,-1,2.144291091593474,,0
2015-02-10,2015-02-10,0,70e4948f4304e28543a647331d1e6548bc6a8c1006d4bd24ce64fee3e0d00cfa,v11_85ae599b865950104870,False,False,False,159915,159915,159915,False,False,False,1.5604429081258597,1.5983868086274005,1.5983868086274005,0.0,16,16,-1,2.144291091593474,,0
2015-02-11,2015-02-11,0,70e4948f4304e28543a647331d1e6548bc6a8c1006d4bd24ce64fee3e0d00cfa,v11_85ae599b865950104870,False,False,False,159915,159915,159915,False,False,False,1.5983868086274005,1.6173587588781708,1.6173587588781708,0.0,17,17,-1,2.144291091593474,,0
2015-02-12,2015-02-12,0,70e4948f4304e28543a647331d1e6548bc6a8c1006d4bd24ce64fee3e0d00cfa,v11_85ae599b865950104870,False,False,False,159915,159915,159915,False,False,False,1.6173587588781708,1.6315877215662486,1.6315877215662486,0.0,18,18,-1,2.1580928481806763,,0
2015-02-13,2015-02-13,0,70e4948f4304e28543a647331d1e6548bc6a8c1006d4bd24ce64fee3e0d00cfa,v11_85ae599b865950104870,False,False,False,159915,159915,159915,False,False,False,1.6315877215662486,1.6704802195803279,1.6704802195803279,0.0,19,19,-1,2.209535759096611,,0
2015-02-16,2015-02-16,0,70e4948f4304e28543a647331d1e6548bc6a8c1006d4bd24ce64fee3e0d00cfa,v11_85ae599b865950104870,False,False,False,159915,159915,159915,False,False,False,1.6704802195803279,1.7359334479454858,1.7359334479454858,0.0,20,20,-1,2.2961104140526967,,0
2015-02-17,2015-02-17,0,70e4948f4304e28543a647331d1e6548bc6a8c1006d4bd24ce64fee3e0d00cfa,v11_85ae599b865950104870,False,False,False,159915,159915,159915,False,False,False,1.7359334479454858,1.7264474728201007,1.7264474728201007,0.0,21,21,-1,2.2961104140526967,,0
2015-02-25,2015-02-25,0,70e4948f4304e28543a647331d1e6548bc6a8c1006d4bd24ce64fee3e0d00cfa,v11_85ae599b865950104870,False,False,False,159915,159915,159915,False,False,False,1.7264474728201007,1.7103213151069456,1.7103213151069456,0.0,22,22,-1,2.2961104140526967,,0
2015-02-26,2015-02-26,0,70e4948f4304e28543a647331d1e6548bc6a8c1006d4bd24ce64fee3e0d00cfa,v11_85ae599b865950104870,False,False,False,159915,159915,159915,False,False,False,1.7103213151069456,1.7207558877448692,1.7207558877448692,0.0,23,23,-1,2.2961104140526967,,0
2015-02-27,2015-02-27,0,70e4948f4304e28543a647331d1e6548bc6a8c1006d4bd24ce64fee3e0d00cfa,v11_85ae599b865950104870,False,False,False,159915,159915,159915,False,False,False,1.7207558877448692,1.7672371658592563,1.7672371658592563,0.0,24,24,-1,2.3375156838143023,,0
2015-03-02,2015-03-02,0,70e4948f4304e28543a647331d1e6548bc6a8c1006d4bd24ce64fee3e0d00cfa,v11_85ae599b865950104870,False,False,False,159915,159915,159915,False,False,False,1.7672371658592563,1.8156156389987204,1.8156156389987204,0.0,25,25,-1,2.4015056461731477,,0
2015-03-03,2015-03-03,0,70e4948f4304e28543a647331d1e6548bc6a8c1006d4bd24ce64fee3e0d00cfa,v11_85ae599b865950104870,False,False,False,159915,159915,159915,False,False,False,1.8156156389987204,1.7862091161100266,1.7862091161100266,0.0,26,26,-1,2.4015056461731477,,0
2015-03-04,2015-03-04,0,70e4948f4304e28543a647331d1e6548bc6a8c1006d4bd24ce64fee3e0d00cfa,v11_85ae599b865950104870,False,False,False,159915,159915,159915,False,False,False,1.7862091161100266,1.840279174324722,1.840279174324722,0.0,27,27,-1,2.434127979924716,,0
2015-03-05,2015-03-05,0,70e4948f4304e28543a647331d1e6548bc6a8c1006d4bd24ce64fee3e0d00cfa,v11_85ae599b865950104870,False,False,False,159915,159915,159915,False,False,False,1.840279174324722,1.838381979299645,1.838381979299645,0.0,28,28,-1,2.434127979924716,,0
2015-03-06,2015-03-06,0,70e4948f4304e28543a647331d1e6548bc6a8c1006d4bd24ce64fee3e0d00cfa,v11_85ae599b865950104870,False,False,False,159915,510500,510500,True,False,True,1.838381979299645,1.7833633235724111,1.7830066509076967,0.00035667266471448223,29,0,-1,1.7731958762886677,,0
2015-03-09,2015-03-09,0,70e4948f4304e28543a647331d1e6548bc6a8c1006d4bd24ce64fee3e0d00cfa,v11_85ae599b865950104870,False,False,False,510500,510500,510500,False,False,False,1.7830066509076967,1.8130689723474196,1.8130689723474196,0.0,1,1,-1,1.8030927835051629,,0
2015-03-10,2015-03-10,0,70e4948f4304e28543a647331d1e6548bc6a8c1006d4bd24ce64fee3e0d00cfa,v11_85ae599b865950104870,False,False,False,510500,510500,510500,False,False,False,1.8130689723474196,1.8234352900852548,1.8234352900852548,0.0,2,2,-1,1.813402061855678,,0
2015-03-11,2015-03-11,0,70e4948f4304e28543a647331d1e6548bc6a8c1006d4bd24ce64fee3e0d00cfa,v11_85ae599b865950104870,False,False,False,510500,510500,510500,False,False,False,1.8234352900852548,1.8223986583114715,1.8223986583114715,0.0,3,3,-1,1.813402061855678,,0
2015-03-12,2015-03-12,0,70e4948f4304e28543a647331d1e6548bc6a8c1006d4bd24ce64fee3e0d00cfa,v11_85ae599b865950104870,False,False,False,510500,510500,510500,False,False,False,1.8223986583114715,1.8203253947639042,1.8203253947639042,0.0,4,4,-1,1.813402061855678,,0
2015-03-13,2015-03-13,0,70e4948f4304e28543a647331d1e6548bc6a8c1006d4bd24ce64fee3e0d00cfa,v11_85ae599b865950104870,False,False,False,510500,510500,510500,False,False,False,1.8203253947639042,1.8431312937871422,1.8431312937871422,0.0,5,5,-1,1.8329896907216576,,0
2015-03-16,2015-03-16,0,70e4948f4304e28543a647331d1e6548bc6a8c1006d4bd24ce64fee3e0d00cfa,v11_85ae599b865950104870,False,False,False,510500,510500,510500,False,False,False,1.8431312937871422,1.9022193048928044,1.9022193048928044,0.0,6,6,-1,1.891752577319596,,0
2015-03-17,2015-03-17,0,70e4948f4304e28543a647331d1e6548bc6a8c1006d4bd24ce64fee3e0d00cfa,v11_85ae599b865950104870,False,False,False,510500,510500,510500,False,False,False,1.9022193048928044,1.9281350992373931,1.9281350992373931,0.0,7,7,-1,1.917525773195885,,0
2015-03-18,2015-03-18,0,70e4948f4304e28543a647331d1e6548bc6a8c1006d4bd24ce64fee3e0d00cfa,v11_85ae599b865950104870,False,False,False,510500,510500,510500,False,False,False,1.9281350992373931,1.958197420677116,1.958197420677116,0.0,8,8,-1,1.94742268041238,,0
2015-03-19,2015-03-19,0,70e4948f4304e28543a647331d1e6548bc6a8c1006d4bd24ce64fee3e0d00cfa,v11_85ae599b865950104870,False,False,False,510500,510500,510500,False,False,False,1.958197420677116,1.9778934243790032,1.9778934243790032,0.0,9,9,-1,1.967010309278359,,0
2015-03-20,2015-03-20,0,70e4948f4304e28543a647331d1e6548bc6a8c1006d4bd24ce64fee3e0d00cfa,v11_85ae599b865950104870,False,False,False,510500,510500,510500,False,False,False,1.9778934243790032,1.9955161645333237,1.9955161645333237,0.0,10,10,-1,1.9845360824742357,,0
2015-03-23,2015-03-23,0,70e4948f4304e28543a647331d1e6548bc6a8c1006d4bd24ce64fee3e0d00cfa,v11_85ae599b865950104870,False,False,False,510500,510500,510500,False,False,False,1.9955161645333237,2.072226915793306,2.072226915793306,0.0,11,11,-1,2.060824742268051,,0
2015-03-24,2015-03-24,0,70e4948f4304e28543a647331d1e6548bc6a8c1006d4bd24ce64fee3e0d00cfa,v11_85ae599b865950104870,False,False,False,510500,510500,510500,False,False,False,2.072226915793306,2.0535675438652023,2.0535675438652023,0.0,12,12,-1,2.060824742268051,,0
2015-03-25,2015-03-25,0,70e4948f4304e28543a647331d1e6548bc6a8c1006d4bd24ce64fee3e0d00cfa,v11_85ae599b865950104870,False,False,False,510500,510500,510500,False,False,False,2.0535675438652023,2.072226915793306,2.072226915793306,0.0,13,13,-1,2.060824742268051,,0
2015-03-26,2015-03-26,0,70e4948f4304e28543a647331d1e6548bc6a8c1006d4bd24ce64fee3e0d00cfa,v11_85ae599b865950104870,False,False,False,510500,510500,510500,False,False,False,2.072226915793306,2.0556408074127694,2.0556408074127694,0.0,14,14,-1,2.060824742268051,,0
2015-03-27,2015-03-27,0,70e4948f4304e28543a647331d1e6548bc6a8c1006d4bd24ce64fee3e0d00cfa,v11_85ae599b865950104870,False,False,False,510500,510500,510500,False,False,False,2.0556408074127694,2.088813024173843,2.088813024173843,0.0,15,15,-1,2.0773195876288755,,0
2015-03-30,2015-03-30,0,70e4948f4304e28543a647331d1e6548bc6a8c1006d4bd24ce64fee3e0d00cfa,v11_85ae599b865950104870,False,False,False,510500,510500,510500,False,False,False,2.088813024173843,2.1250951362562667,2.1250951362562667,0.0,16,16,-1,2.1134020618556795,,0
2015-03-31,2015-03-31,0,70e4948f4304e28543a647331d1e6548bc6a8c1006d4bd24ce64fee3e0d00cfa,v11_85ae599b865950104870,False,False,False,510500,510500,510500,False,False,False,2.1250951362562667,2.1168020820659983,2.1168020820659983,0.0,17,17,-1,2.1134020618556795,,0
2015-04-01,2015-04-01,0,70e4948f4304e28543a647331d1e6548bc6a8c1006d4bd24ce64fee3e0d00cfa,v11_85ae599b865950104870,False,False,False,510500,510500,510500,False,False,False,2.1168020820659983,2.1717435660765267,2.1717435660765267,0.0,18,18,-1,2.159793814433,,0
2015-04-02,2015-04-02,0,70e4948f4304e28543a647331d1e6548bc6a8c1006d4bd24ce64fee3e0d00cfa,v11_85ae599b865950104870,False,False,False,510500,510500,510500,False,False,False,2.1717435660765267,2.210098941706518,2.210098941706518,0.0,19,19,-1,2.1979381443299073,,0
2015-04-03,2015-04-03,0,70e4948f4304e28543a647331d1e6548bc6a8c1006d4bd24ce64fee3e0d00cfa,v11_85ae599b865950104870,False,False,False,510500,510500,510500,False,False,False,2.210098941706518,2.2432711584675915,2.2432711584675915,0.0,20,20,-1,2.230927835051557,,0
2015-04-07,2015-04-07,0,70e4948f4304e28543a647331d1e6548bc6a8c1006d4bd24ce64fee3e0d00cfa,v11_85ae599b865950104870,False,False,False,510500,510500,510500,False,False,False,2.2432711584675915,2.300285906025686,2.300285906025686,0.0,21,21,-1,2.2876288659793924,,0
2015-04-08,2015-04-08,0,70e4948f4304e28543a647331d1e6548bc6a8c1006d4bd24ce64fee3e0d00cfa,v11_85ae599b865950104870,False,False,False,510500,510500,510500,False,False,False,2.300285906025686,2.2671136892646127,2.2671136892646127,0.0,22,22,-1,2.2876288659793924,,0
2015-04-09,2015-04-09,0,70e4948f4304e28543a647331d1e6548bc6a8c1006d4bd24ce64fee3e0d00cfa,v11_85ae599b865950104870,False,False,False,510500,510500,510500,False,False,False,2.2671136892646127,2.255710739752994,2.255710739752994,0.0,23,23,-1,2.2876288659793924,,0
2015-04-10,2015-04-10,0,70e4948f4304e28543a647331d1e6548bc6a8c1006d4bd24ce64fee3e0d00cfa,v11_85ae599b865950104870,False,False,False,510500,510500,510500,False,False,False,2.255710739752994,2.3251650685964917,2.3251650685964917,0.0,24,24,-1,2.31237113402063,,0
2015-04-13,2015-04-13,0,70e4948f4304e28543a647331d1e6548bc6a8c1006d4bd24ce64fee3e0d00cfa,v11_85ae599b865950104870,False,False,False,510500,510300,510500,False,False,False,2.3251650685964917,2.3251650685964917,2.3251650685964917,0.0,25,25,-1,2.31237113402063,,0
2015-04-14,2015-04-14,0,70e4948f4304e28543a647331d1e6548bc6a8c1006d4bd24ce64fee3e0d00cfa,v11_85ae599b865950104870,False,False,False,510500,510300,510500,False,False,False,2.3251650685964917,2.3251650685964917,2.3251650685964917,0.0,26,26,-1,2.31237113402063,,0
2015-04-15,2015-04-15,0,70e4948f4304e28543a647331d1e6548bc6a8c1006d4bd24ce64fee3e0d00cfa,v11_85ae599b865950104870,False,False,False,510500,510500,510500,False,False,False,2.3251650685964917,2.271860966179724,2.271860966179724,0.0,27,27,-1,2.31237113402063,,0
2015-04-16,2015-04-16,0,70e4948f4304e28543a647331d1e6548bc6a8c1006d4bd24ce64fee3e0d00cfa,v11_85ae599b865950104870,False,False,False,510500,510500,510500,False,False,False,2.271860966179724,2.2919119263570584,2.2919119263570584,0.0,28,28,-1,2.31237113402063,,0
2015-04-17,2015-04-17,0,70e4948f4304e28543a647331d1e6548bc6a8c1006d4bd24ce64fee3e0d00cfa,v11_85ae599b865950104870,False,False,False,510500,510500,510500,False,False,False,2.2919119263570584,2.3076039821480157,2.3076039821480157,0.0,29,29,-1,2.31237113402063,,0
2015-04-20,2015-04-20,0,70e4948f4304e28543a647331d1e6548bc6a8c1006d4bd24ce64fee3e0d00cfa,v11_85ae599b865950104870,False,False,False,510500,510500,510500,False,False,False,2.3076039821480157,2.2727327470569993,2.2727327470569993,0.0,30,30,-1,2.31237113402063,,0
2015-04-21,2015-04-21,0,70e4948f4304e28543a647331d1e6548bc6a8c1006d4bd24ce64fee3e0d00cfa,v11_85ae599b865950104870,False,False,False,510500,510500,510500,False,False,False,2.2727327470569993,2.353808368643613,2.353808368643613,0.0,31,31,-1,2.340856827835063,,0
2015-04-22,2015-04-22,0,70e4948f4304e28543a647331d1e6548bc6a8c1006d4bd24ce64fee3e0d00cfa,v11_85ae599b865950104870,False,False,False,510500,510500,510500,False,False,False,2.353808368643613,2.4264567750832304,2.4264567750832304,0.0,32,32,-1,2.4131054953608366,,0
2015-04-23,2015-04-23,0,70e4948f4304e28543a647331d1e6548bc6a8c1006d4bd24ce64fee3e0d00cfa,v11_85ae599b865950104870,False,False,False,510500,510300,510300,False,False,True,2.4264567750832304,2.441858237248429,2.4413698656009797,0.0004883716474496859,33,0,-1,1.8917147402232064,,0
2015-04-24,2015-04-24,0,70e4948f4304e28543a647331d1e6548bc6a8c1006d4bd24ce64fee3e0d00cfa,v11_85ae599b865950104870,False,False,False,510300,510300,510300,False,False,False,2.4413698656009797,2.432548763004759,2.432548763004759,0.0,1,1,-1,1.8917147402232064,,0
2015-04-27,2015-04-27,0,70e4948f4304e28543a647331d1e6548bc6a8c1006d4bd24ce64fee3e0d00cfa,v11_85ae599b865950104870,False,False,False,510300,510300,510300,False,False,False,2.432548763004759,2.482880936642016,2.482880936642016,0.0,2,2,-1,1.9238799217785425,,0
2015-04-28,2015-04-28,0,70e4948f4304e28543a647331d1e6548bc6a8c1006d4bd24ce64fee3e0d00cfa,v11_85ae599b865950104870,False,False,False,510300,510300,510300,False,False,False,2.482880936642016,2.450709856585213,2.450709856585213,0.0,3,3,-1,1.9238799217785425,,0
2015-04-29,2015-04-29,0,70e4948f4304e28543a647331d1e6548bc6a8c1006d4bd24ce64fee3e0d00cfa,v11_85ae599b865950104870,False,False,False,510300,510300,510300,False,False,False,2.450709856585213,2.46420095467355,2.46420095467355,0.0,4,4,-1,1.9238799217785425,,0
2015-04-30,2015-04-30,0,70e4948f4304e28543a647331d1e6548bc6a8c1006d4bd24ce64fee3e0d00cfa,v11_85ae599b865950104870,False,False,False,510300,510300,510300,False,False,False,2.46420095467355,2.4590120707934204,2.4590120707934204,0.0,5,5,-1,1.9238799217785425,,0
2015-05-04,2015-05-04,0,70e4948f4304e28543a647331d1e6548bc6a8c1006d4bd24ce64fee3e0d00cfa,v11_85ae599b865950104870,False,False,False,510300,510300,510300,False,False,False,2.4590120707934204,2.472503168881757,2.472503168881757,0.0,6,6,-1,1.9238799217785425,,0
2015-05-05,2015-05-05,0,70e4948f4304e28543a647331d1e6548bc6a8c1006d4bd24ce64fee3e0d00cfa,v11_85ae599b865950104870,False,False,False,510300,159915,159915,True,False,True,2.472503168881757,2.3785843706514114,2.3781086537772813,0.0004757168741302823,7,0,-1,3.350062735257213,,0
2015-05-06,2015-05-06,0,70e4948f4304e28543a647331d1e6548bc6a8c1006d4bd24ce64fee3e0d00cfa,v11_85ae599b865950104870,False,False,False,159915,159915,159915,False,False,False,2.3781086537772813,2.4386747168697367,2.4386747168697367,0.0,1,1,-1,3.435382685069008,,0
2015-05-07,2015-05-07,0,70e4948f4304e28543a647331d1e6548bc6a8c1006d4bd24ce64fee3e0d00cfa,v11_85ae599b865950104870,False,False,False,159915,159915,159915,False,False,False,2.4386747168697367,2.392359492151977,2.392359492151977,0.0,2,2,-1,3.435382685069008,,0
2015-05-08,2015-05-08,0,70e4948f4304e28543a647331d1e6548bc6a8c1006d4bd24ce64fee3e0d00cfa,v11_85ae599b865950104870,False,False,False,159915,159915,159915,False,False,False,2.392359492151977,2.577620391023016,2.577620391023016,0.0,3,3,-1,3.631116687578418,,0
2015-05-11,2015-05-11,0,70e4948f4304e28543a647331d1e6548bc6a8c1006d4bd24ce64fee3e0d00cfa,v11_85ae599b865950104870,False,False,False,159915,159915,159915,False,False,False,2.577620391023016,2.7165660651762953,2.7165660651762953,0.0,4,4,-1,3.8268506900878276,,0
2015-05-12,2015-05-12,0,70e4948f4304e28543a647331d1e6548bc6a8c1006d4bd24ce64fee3e0d00cfa,v11_85ae599b865950104870,False,False,False,159915,159915,159915,False,False,False,2.7165660651762953,2.786929579651354,2.786929579651354,0.0,5,5,-1,3.925972396486824,,0
2015-05-13,2015-05-13,0,70e4948f4304e28543a647331d1e6548bc6a8c1006d4bd24ce64fee3e0d00cfa,v11_85ae599b865950104870,False,False,False,159915,159915,159915,False,False,False,2.786929579651354,2.7040965815984372,2.7040965815984372,0.0,6,6,-1,3.925972396486824,,0
2015-05-14,2015-05-14,0,70e4948f4304e28543a647331d1e6548bc6a8c1006d4bd24ce64fee3e0d00cfa,v11_85ae599b865950104870,False,False,False,159915,159915,159915,False,False,False,2.7040965815984372,2.6791576144427203,2.6791576144427203,0.0,7,7,-1,3.925972396486824,,0
2015-05-15,2015-05-15,0,70e4948f4304e28543a647331d1e6548bc6a8c1006d4bd24ce64fee3e0d00cfa,v11_85ae599b865950104870,False,False,False,159915,159915,159915,False,False,False,2.6791576144427203,2.686283033630068,2.686283033630068,0.0,8,8,-1,3.925972396486824,,0
2015-05-18,2015-05-18,0,70e4948f4304e28543a647331d1e6548bc6a8c1006d4bd24ce64fee3e0d00cfa,v11_85ae599b865950104870,False,False,False,159915,159915,159915,False,False,False,2.686283033630068,2.8118685468070703,2.8118685468070703,0.0,9,9,-1,3.961104140526974,,0
2015-05-19,2015-05-19,0,70e4948f4304e28543a647331d1e6548bc6a8c1006d4bd24ce64fee3e0d00cfa,v11_85ae599b865950104870,False,False,False,159915,159915,159915,False,False,False,2.8118685468070703,2.836807513962787,2.836807513962787,0.0,10,10,-1,3.996235884567124,,0
2015-05-20,2015-05-20,0,70e4948f4304e28543a647331d1e6548bc6a8c1006d4bd24ce64fee3e0d00cfa,v11_85ae599b865950104870,False,False,False,159915,159915,159915,False,False,False,2.836807513962787,2.907171028437845,2.907171028437845,0.0,11,11,-1,4.09535759096612,,0
2015-05-21,2015-05-21,0,70e4948f4304e28543a647331d1e6548bc6a8c1006d4bd24ce64fee3e0d00cfa,v11_85ae599b865950104870,False,False,False,159915,159915,159915,False,False,False,2.907171028437845,3.03720992860694,3.03720992860694,0.0,12,12,-1,4.278544542032621,,0
2015-05-22,2015-05-22,0,70e4948f4304e28543a647331d1e6548bc6a8c1006d4bd24ce64fee3e0d00cfa,v11_85ae599b865950104870,False,False,False,159915,159915,159915,False,False,False,3.03720992860694,3.0122709614512235,3.0122709614512235,0.0,13,13,-1,4.278544542032621,,0
2015-05-25,2015-05-25,0,70e4948f4304e28543a647331d1e6548bc6a8c1006d4bd24ce64fee3e0d00cfa,v11_85ae599b865950104870,False,False,False,159915,159915,159915,False,False,False,3.0122709614512235,2.9632837045382083,2.9632837045382083,0.0,14,14,-1,4.278544542032621,,0
2015-05-26,2015-05-26,0,70e4948f4304e28543a647331d1e6548bc6a8c1006d4bd24ce64fee3e0d00cfa,v11_85ae599b865950104870,False,False,False,159915,159915,159915,False,False,False,2.9632837045382083,3.0844158307231186,3.0844158307231186,0.0,15,15,-1,4.345043914680049,,0
2015-05-27,2015-05-27,0,70e4948f4304e28543a647331d1e6548bc6a8c1006d4bd24ce64fee3e0d00cfa,v11_85ae599b865950104870,False,False,False,159915,159915,159915,False,False,False,3.0844158307231186,3.0844158307231186,3.0844158307231186,0.0,16,16,-1,4.345043914680049,,0
2015-05-28,2015-05-28,0,70e4948f4304e28543a647331d1e6548bc6a8c1006d4bd24ce64fee3e0d00cfa,v11_85ae599b865950104870,False,False,False,159915,510500,510500,True,False,True,3.0844158307231186,2.9303286407967257,2.9297425750685666,0.0005860657281593452,17,0,-1,2.8705840581340354,,0
2015-05-29,2015-05-29,0,70e4948f4304e28543a647331d1e6548bc6a8c1006d4bd24ce64fee3e0d00cfa,v11_85ae599b865950104870,False,False,False,510500,510500,510500,False,False,False,2.9297425750685666,2.989617511415986,2.989617511415986,0.0,1,1,-1,2.9292499761649635,,0
2015-06-01,2015-06-01,0,70e4948f4304e28543a647331d1e6548bc6a8c1006d4bd24ce64fee3e0d00cfa,v11_85ae599b865950104870,False,False,False,510500,510500,510500,False,False,False,2.989617511415986,3.178975684495018,3.178975684495018,0.0,2,2,-1,3.1147845543711505,,0
2015-06-02,2015-06-02,0,70e4948f4304e28543a647331d1e6548bc6a8c1006d4bd24ce64fee3e0d00cfa,v11_85ae599b865950104870,False,False,False,510500,510500,510500,False,False,False,3.178975684495018,3.263331506147047,3.263331506147047,0.0,3,3,-1,3.197437030020635,,0
2015-06-03,2015-06-03,0,70e4948f4304e28543a647331d1e6548bc6a8c1006d4bd24ce64fee3e0d00cfa,v11_85ae599b865950104870,False,False,False,510500,510500,510500,False,False,False,3.263331506147047,3.241210224245291,3.241210224245291,0.0,4,4,-1,3.197437030020635,,0
2015-06-04,2015-06-04,0,70e4948f4304e28543a647331d1e6548bc6a8c1006d4bd24ce64fee3e0d00cfa,v11_85ae599b865950104870,False,False,False,510500,510500,510500,False,False,False,3.241210224245291,3.2474041831777822,3.2474041831777822,0.0,5,5,-1,3.197437030020635,,0
2015-06-05,2015-06-05,0,70e4948f4304e28543a647331d1e6548bc6a8c1006d4bd24ce64fee3e0d00cfa,v11_85ae599b865950104870,False,False,False,510500,510500,510500,False,False,False,3.2474041831777822,3.323501392919823,3.323501392919823,0.0,6,6,-1,3.2563919427216663,,0
2015-06-08,2015-06-08,0,70e4948f4304e28543a647331d1e6548bc6a8c1006d4bd24ce64fee3e0d00cfa,v11_85ae599b865950104870,False,False,False,510500,510500,510500,False,False,False,3.323501392919823,3.2568425967891983,3.2568425967891983,0.0,7,7,-1,3.2563919427216663,,0
2015-06-09,2015-06-09,0,70e4948f4304e28543a647331d1e6548bc6a8c1006d4bd24ce64fee3e0d00cfa,v11_85ae599b865950104870,False,False,False,510500,510500,510500,False,False,False,3.2568425967891983,3.2754244735866735,3.2754244735866735,0.0,8,8,-1,3.2563919427216663,,0
2015-06-10,2015-06-10,0,70e4948f4304e28543a647331d1e6548bc6a8c1006d4bd24ce64fee3e0d00cfa,v11_85ae599b865950104870,False,False,False,510500,510500,510500,False,False,False,3.2754244735866735,3.3299903022776713,3.3299903022776713,0.0,9,9,-1,3.2627498254639344,,0
2015-06-11,2015-06-11,0,70e4948f4304e28543a647331d1e6548bc6a8c1006d4bd24ce64fee3e0d00cfa,v11_85ae599b865950104870,False,False,False,510500,510500,510500,False,False,False,3.3299903022776713,3.3919298916025884,3.3919298916025884,0.0,10,10,-1,3.3234387061855846,,0
2015-06-12,2015-06-12,0,70e4948f4304e28543a647331d1e6548bc6a8c1006d4bd24ce64fee3e0d00cfa,v11_85ae599b865950104870,False,False,False,510500,510500,510500,False,False,False,3.3919298916025884,3.4509199766739376,3.4509199766739376,0.0,11,11,-1,3.381237640206203,,0
2015-06-15,2015-06-15,0,70e4948f4304e28543a647331d1e6548bc6a8c1006d4bd24ce64fee3e0d00cfa,v11_85ae599b865950104870,False,False,False,510500,510500,510500,False,False,False,3.4509199766739376,3.372463163529043,3.372463163529043,0.0,12,12,-1,3.381237640206203,,0
2015-06-16,2015-06-16,0,70e4948f4304e28543a647331d1e6548bc6a8c1006d4bd24ce64fee3e0d00cfa,v11_85ae599b865950104870,False,False,False,510500,510500,510500,False,False,False,3.372463163529043,3.2400304225438634,3.2400304225438634,0.0,13,13,-1,3.381237640206203,,0
2015-06-17,2015-06-17,0,70e4948f4304e28543a647331d1e6548bc6a8c1006d4bd24ce64fee3e0d00cfa,v11_85ae599b865950104870,False,False,False,510500,510500,510500,False,False,False,3.2400304225438634,3.312293276756267,3.312293276756267,0.0,14,14,-1,3.381237640206203,,0
2015-06-18,2015-06-18,0,70e4948f4304e28543a647331d1e6548bc6a8c1006d4bd24ce64fee3e0d00cfa,v11_85ae599b865950104870,False,False,False,510500,510500,510500,False,False,False,3.312293276756267,3.1984424125685624,3.1984424125685624,0.0,15,15,-1,3.381237640206203,,0
2015-06-19,2015-06-19,0,70e4948f4304e28543a647331d1e6548bc6a8c1006d4bd24ce64fee3e0d00cfa,v11_85ae599b865950104870,False,False,False,510500,513100,513100,True,False,True,3.1984424125685624,2.9910922635427695,2.990494045090061,0.0005982184527085539,16,0,-1,1.4663991975927828,,0
2015-06-23,2015-06-23,0,70e4948f4304e28543a647331d1e6548bc6a8c1006d4bd24ce64fee3e0d00cfa,v11_85ae599b865950104870,False,False,False,513100,513100,513100,False,False,False,2.990494045090061,3.037540121038811,3.037540121038811,0.0,1,1,-1,1.4894684052156517,,0
2015-06-24,2015-06-24,0,70e4948f4304e28543a647331d1e6548bc6a8c1006d4bd24ce64fee3e0d00cfa,v11_85ae599b865950104870,False,False,False,513100,513100,513100,False,False,False,3.037540121038811,3.0293581947868544,3.0293581947868544,0.0,2,2,-1,1.4894684052156517,,0
2015-06-25,2015-06-25,0,70e4948f4304e28543a647331d1e6548bc6a8c1006d4bd24ce64fee3e0d00cfa,v11_85ae599b865950104870,False,False,False,513100,513100,513100,False,False,False,3.0293581947868544,3.0089033791569637,3.0089033791569637,0.0,3,3,-1,1.4894684052156517,,0
2015-06-26,2015-06-26,0,70e4948f4304e28543a647331d1e6548bc6a8c1006d4bd24ce64fee3e0d00cfa,v11_85ae599b865950104870,False,False,False,513100,513100,513100,False,False,False,3.0089033791569637,3.0068578975939744,3.0068578975939744,0.0,4,4,-1,1.4894684052156517,,0
2015-06-29,2015-06-29,0,70e4948f4304e28543a647331d1e6548bc6a8c1006d4bd24ce64fee3e0d00cfa,v11_85ae599b865950104870,False,False,False,513100,513100,513100,False,False,False,3.0068578975939744,2.978221155712127,2.978221155712127,0.0,5,5,-1,1.4894684052156517,,0
2015-06-30,2015-06-30,0,70e4948f4304e28543a647331d1e6548bc6a8c1006d4bd24ce64fee3e0d00cfa,v11_85ae599b865950104870,False,False,False,513100,513100,513100,False,False,False,2.978221155712127,2.945493450704302,2.945493450704302,0.0,6,6,-1,1.4894684052156517,,0
2015-07-01,2015-07-01,0,70e4948f4304e28543a647331d1e6548bc6a8c1006d4bd24ce64fee3e0d00cfa,v11_85ae599b865950104870,False,False,False,513100,513100,513100,False,False,False,2.945493450704302,2.945493450704302,2.945493450704302,0.0,7,7,-1,1.4894684052156517,,0
2015-07-02,2015-07-02,0,70e4948f4304e28543a647331d1e6548bc6a8c1006d4bd24ce64fee3e0d00cfa,v11_85ae599b865950104870,False,False,False,513100,513100,513100,False,False,False,2.945493450704302,2.959811821645226,2.959811821645226,0.0,8,8,-1,1.4894684052156517,,0
2015-07-03,2015-07-03,0,70e4948f4304e28543a647331d1e6548bc6a8c1006d4bd24ce64fee3e0d00cfa,v11_85ae599b865950104870,False,False,False,513100,513100,513100,False,False,False,2.959811821645226,2.9516298953932694,2.9516298953932694,0.0,9,9,-1,1.4894684052156517,,0
2015-07-06,2015-07-06,0,70e4948f4304e28543a647331d1e6548bc6a8c1006d4bd24ce64fee3e0d00cfa,v11_85ae599b865950104870,False,False,False,513100,518880,518880,True,False,True,2.9516298953932694,2.8923109300665852,2.891732467880572,0.0005784621860133171,10,0,-1,0.8872810357958891,,0
2015-07-07,2015-07-07,0,70e4948f4304e28543a647331d1e6548bc6a8c1006d4bd24ce64fee3e0d00cfa,v11_85ae599b865950104870,False,False,False,518880,513100,513100,False,False,True,2.891732467880572,2.8706339906471086,2.8700598638489794,0.0005741267981294217,1,0,-1,1.4232698094282892,,0
2015-07-08,2015-07-08,0,70e4948f4304e28543a647331d1e6548bc6a8c1006d4bd24ce64fee3e0d00cfa,v11_85ae599b865950104870,False,False,False,513100,518880,518880,True,False,True,2.8700598638489794,2.7911787259419247,2.790620490196736,0.000558235745188385,1,0,-1,0.8514851485148534,,0
2015-07-09,2015-07-09,0,70e4948f4304e28543a647331d1e6548bc6a8c1006d4bd24ce64fee3e0d00cfa,v11_85ae599b865950104870,False,False,False,518880,513100,513100,False,False,True,2.790620490196736,2.8892157579630786,2.8886379148114862,0.0005778431515926157,1,0,-1,1.3861584754262828,,0
2015-07-10,2015-07-10,0,70e4948f4304e28543a647331d1e6548bc6a8c1006d4bd24ce64fee3e0d00cfa,v11_85ae599b865950104870,False,False,False,513100,518880,518880,False,False,True,2.8886379148114862,2.89699866130877,2.8964192615765083,0.000579399732261754,1,0,-1,0.8762376237623781,,0
2015-07-13,2015-07-13,0,70e4948f4304e28543a647331d1e6548bc6a8c1006d4bd24ce64fee3e0d00cfa,v11_85ae599b865950104870,False,False,False,518880,518880,518880,False,False,False,2.8964192615765083,2.9077481504744607,2.9077481504744607,0.0,1,1,-1,0.8796648895658816,,0
2015-07-14,2015-07-14,0,70e4948f4304e28543a647331d1e6548bc6a8c1006d4bd24ce64fee3e0d00cfa,v11_85ae599b865950104870,False,False,False,518880,518880,518880,False,False,False,2.9077481504744607,2.906489385041355,2.906489385041355,0.0,2,2,-1,0.8796648895658816,,0
2015-07-15,2015-07-15,0,70e4948f4304e28543a647331d1e6548bc6a8c1006d4bd24ce64fee3e0d00cfa,v11_85ae599b865950104870,False,False,False,518880,513100,513100,False,False,True,2.906489385041355,2.903971854175143,2.903391059804308,0.0005807943708350286,3,0,-1,1.4663991975927828,,0
2015-07-16,2015-07-16,0,70e4948f4304e28543a647331d1e6548bc6a8c1006d4bd24ce64fee3e0d00cfa,v11_85ae599b865950104870,False,False,False,513100,518880,518880,False,False,True,2.903391059804308,2.857715277057729,2.8571437340023174,0.0005715430554115458,1,0,-1,0.8754760091393775,,0
2015-07-17,2015-07-17,0,70e4948f4304e28543a647331d1e6548bc6a8c1006d4bd24ce64fee3e0d00cfa,v11_85ae599b865950104870,False,False,False,518880,513100,513100,False,False,True,2.8571437340023174,2.8571437340023174,2.8565723052555168,0.0005714287468004635,1,0,-1,1.4794383149448391,,0
2015-07-20,2015-07-20,0,70e4948f4304e28543a647331d1e6548bc6a8c1006d4bd24ce64fee3e0d00cfa,v11_85ae599b865950104870,False,False,False,513100,513100,513100,False,False,False,2.8565723052555168,2.9204820585256397,2.9204820585256397,0.0,1,1,-1,1.5125376128385202,,0
2015-07-21,2015-07-21,0,70e4948f4304e28543a647331d1e6548bc6a8c1006d4bd24ce64fee3e0d00cfa,v11_85ae599b865950104870,False,False,False,513100,513100,513100,False,False,False,2.9204820585256397,2.9534052647557028,2.9534052647557028,0.0,2,2,-1,1.5295887662989012,,0
2015-07-22,2015-07-22,0,70e4948f4304e28543a647331d1e6548bc6a8c1006d4bd24ce64fee3e0d00cfa,v11_85ae599b865950104870,False,False,False,513100,513100,513100,False,False,False,2.9534052647557028,2.9185453993356356,2.9185453993356356,0.0,3,3,-1,1.5295887662989012,,0
2015-07-23,2015-07-23,0,70e4948f4304e28543a647331d1e6548bc6a8c1006d4bd24ce64fee3e0d00cfa,v11_85ae599b865950104870,False,False,False,513100,513100,513100,False,False,False,2.9185453993356356,2.9243553769056474,2.9243553769056474,0.0,4,4,-1,1.5295887662989012,,0
2015-07-24,2015-07-24,0,70e4948f4304e28543a647331d1e6548bc6a8c1006d4bd24ce64fee3e0d00cfa,v11_85ae599b865950104870,False,False,False,513100,513100,513100,False,False,False,2.9243553769056474,2.9011154666256025,2.9011154666256025,0.0,5,5,-1,1.5295887662989012,,0
2015-07-27,2015-07-27,0,70e4948f4304e28543a647331d1e6548bc6a8c1006d4bd24ce64fee3e0d00cfa,v11_85ae599b865950104870,False,False,False,513100,513100,513100,False,False,False,2.9011154666256025,2.8623822828255276,2.8623822828255276,0.0,6,6,-1,1.5295887662989012,,0
2015-07-28,2015-07-28,0,70e4948f4304e28543a647331d1e6548bc6a8c1006d4bd24ce64fee3e0d00cfa,v11_85ae599b865950104870,False,False,False,513100,513100,513100,False,False,False,2.8623822828255276,2.8507623276855054,2.8507623276855054,0.0,7,7,-1,1.5295887662989012,,0
2015-07-29,2015-07-29,0,70e4948f4304e28543a647331d1e6548bc6a8c1006d4bd24ce64fee3e0d00cfa,v11_85ae599b865950104870,False,False,False,513100,513100,513100,False,False,False,2.8507623276855054,2.9030521258156066,2.9030521258156066,0.0,8,8,-1,1.5295887662989012,,0
2015-07-30,2015-07-30,0,70e4948f4304e28543a647331d1e6548bc6a8c1006d4bd24ce64fee3e0d00cfa,v11_85ae599b865950104870,False,False,False,513100,513100,513100,False,False,False,2.9030521258156066,2.943721968805685,2.943721968805685,0.0,9,9,-1,1.5295887662989012,,0
2015-07-31,2015-07-31,0,70e4948f4304e28543a647331d1e6548bc6a8c1006d4bd24ce64fee3e0d00cfa,v11_85ae599b865950104870,False,False,False,513100,513100,513100,False,False,False,2.943721968805685,2.9553419239457077,2.9553419239457077,0.0,10,10,-1,1.5305917753259832,,0
2015-08-03,2015-08-03,0,70e4948f4304e28543a647331d1e6548bc6a8c1006d4bd24ce64fee3e0d00cfa,v11_85ae599b865950104870,False,False,False,513100,513100,513100,False,False,False,2.9553419239457077,2.9592152423257154,2.9592152423257154,0.0,11,11,-1,1.5325977933801458,,0
2015-08-04,2015-08-04,0,70e4948f4304e28543a647331d1e6548bc6a8c1006d4bd24ce64fee3e0d00cfa,v11_85ae599b865950104870,False,False,False,513100,513100,513100,False,False,False,2.9592152423257154,2.926292036095652,2.926292036095652,0.0,12,12,-1,1.5325977933801458,,0
2015-08-05,2015-08-05,0,70e4948f4304e28543a647331d1e6548bc6a8c1006d4bd24ce64fee3e0d00cfa,v11_85ae599b865950104870,False,False,False,513100,513100,513100,False,False,False,2.926292036095652,2.9088621033856183,2.9088621033856183,0.0,13,13,-1,1.5325977933801458,,0
2015-08-06,2015-08-06,0,70e4948f4304e28543a647331d1e6548bc6a8c1006d4bd24ce64fee3e0d00cfa,v11_85ae599b865950104870,False,False,False,513100,513100,513100,False,False,False,2.9088621033856183,2.9437219688056855,2.9437219688056855,0.0,14,14,-1,1.5325977933801458,,0
2015-08-07,2015-08-07,0,70e4948f4304e28543a647331d1e6548bc6a8c1006d4bd24ce64fee3e0d00cfa,v11_85ae599b865950104870,False,False,False,513100,513100,513100,False,False,False,2.9437219688056855,2.8991788074355997,2.8991788074355997,0.0,15,15,-1,1.5325977933801458,,0
2015-08-10,2015-08-10,0,70e4948f4304e28543a647331d1e6548bc6a8c1006d4bd24ce64fee3e0d00cfa,v11_85ae599b865950104870,False,False,False,513100,513100,513100,False,False,False,2.8991788074355997,2.8856221931055734,2.8856221931055734,0.0,16,16,-1,1.5325977933801458,,0
2015-08-11,2015-08-11,0,70e4948f4304e28543a647331d1e6548bc6a8c1006d4bd24ce64fee3e0d00cfa,v11_85ae599b865950104870,False,False,False,513100,513100,513100,False,False,False,2.8856221931055734,3.02893497316585,3.02893497316585,0.0,17,17,-1,1.5687061183550706,,0
2015-08-12,2015-08-12,0,70e4948f4304e28543a647331d1e6548bc6a8c1006d4bd24ce64fee3e0d00cfa,v11_85ae599b865950104870,False,False,False,513100,513100,513100,False,False,False,3.02893497316585,2.961151901515719,2.961151901515719,0.0,18,18,-1,1.5687061183550706,,0
2015-08-13,2015-08-13,0,70e4948f4304e28543a647331d1e6548bc6a8c1006d4bd24ce64fee3e0d00cfa,v11_85ae599b865950104870,False,False,False,513100,513100,513100,False,False,False,2.961151901515719,2.9902017893657753,2.9902017893657753,0.0,19,19,-1,1.5687061183550706,,0
2015-08-14,2015-08-14,0,70e4948f4304e28543a647331d1e6548bc6a8c1006d4bd24ce64fee3e0d00cfa,v11_85ae599b865950104870,False,False,False,513100,510500,510500,False,False,True,2.9902017893657753,3.0056950628858052,3.005093923873228,0.0006011390125771611,20,0,-1,2.5067397684742403,,0
2015-08-17,2015-08-17,0,70e4948f4304e28543a647331d1e6548bc6a8c1006d4bd24ce64fee3e0d00cfa,v11_85ae599b865950104870,False,False,False,510500,510500,510500,False,False,False,3.005093923873228,3.0903202445180074,3.0903202445180074,0.0,1,1,-1,2.5778324573196016,,0
2015-08-18,2015-08-18,0,70e4948f4304e28543a647331d1e6548bc6a8c1006d4bd24ce64fee3e0d00cfa,v11_85ae599b865950104870,False,False,False,510500,518880,518880,True,False,True,3.0903202445180074,2.826672968051841,2.8261076334582307,0.0005653345936103682,2,0,-1,0.8766184310738786,,0
2015-08-19,2015-08-19,0,70e4948f4304e28543a647331d1e6548bc6a8c1006d4bd24ce64fee3e0d00cfa,v11_85ae599b865950104870,False,False,False,518880,518880,518880,False,False,False,2.8261076334582307,2.8359290327056965,2.8359290327056965,0.0,1,1,-1,0.8796648895658817,,0
2015-08-20,2015-08-20,0,70e4948f4304e28543a647331d1e6548bc6a8c1006d4bd24ce64fee3e0d00cfa,v11_85ae599b865950104870,False,False,False,518880,518880,518880,False,False,False,2.8359290327056965,2.880125329319292,2.880125329319292,0.0,2,2,-1,0.8933739527798955,,0
2015-08-21,2015-08-21,0,70e4948f4304e28543a647331d1e6548bc6a8c1006d4bd24ce64fee3e0d00cfa,v11_85ae599b865950104870,False,False,False,518880,518880,518880,False,False,False,2.880125329319292,2.9341430251803526,2.9341430251803526,0.0,3,3,-1,0.9101294744859123,,0
2015-08-24,2015-08-24,0,70e4948f4304e28543a647331d1e6548bc6a8c1006d4bd24ce64fee3e0d00cfa,v11_85ae599b865950104870,False,False,False,518880,518880,518880,False,False,False,2.9341430251803526,2.9230939510269534,2.9230939510269534,0.0,4,4,-1,0.9101294744859123,,0
2015-08-25,2015-08-25,0,70e4948f4304e28543a647331d1e6548bc6a8c1006d4bd24ce64fee3e0d00cfa,v11_85ae599b865950104870,False,False,False,518880,518880,518880,False,False,False,2.9230939510269534,2.907134177249822,2.907134177249822,0.0,5,5,-1,0.9101294744859123,,0
2015-08-26,2015-08-26,0,70e4948f4304e28543a647331d1e6548bc6a8c1006d4bd24ce64fee3e0d00cfa,v11_85ae599b865950104870,False,False,False,518880,518880,518880,False,False,False,2.907134177249822,2.8838083540370913,2.8838083540370913,0.0,6,6,-1,0.9101294744859123,,0
2015-08-27,2015-08-27,0,70e4948f4304e28543a647331d1e6548bc6a8c1006d4bd24ce64fee3e0d00cfa,v11_85ae599b865950104870,False,False,False,518880,518880,518880,False,False,False,2.8838083540370913,2.850661131576895,2.850661131576895,0.0,7,7,-1,0.9101294744859123,,0
2015-08-28,2015-08-28,0,70e4948f4304e28543a647331d1e6548bc6a8c1006d4bd24ce64fee3e0d00cfa,v11_85ae599b865950104870,False,False,False,518880,518880,518880,False,False,False,2.850661131576895,2.86416555554216,2.86416555554216,0.0,8,8,-1,0.9101294744859123,,0
2015-08-31,2015-08-31,0,70e4948f4304e28543a647331d1e6548bc6a8c1006d4bd24ce64fee3e0d00cfa,v11_85ae599b865950104870,False,False,False,518880,518880,518880,False,False,False,2.86416555554216,2.871531604977759,2.871531604977759,0.0,9,9,-1,0.9101294744859123,,0
2015-09-01,2015-09-01,0,70e4948f4304e28543a647331d1e6548bc6a8c1006d4bd24ce64fee3e0d00cfa,v11_85ae599b865950104870,False,False,False,518880,518880,518880,False,False,False,2.871531604977759,2.8899467285667573,2.8899467285667573,0.0,10,10,-1,0.9101294744859123,,0
2015-09-02,2015-09-02,0,70e4948f4304e28543a647331d1e6548bc6a8c1006d4bd24ce64fee3e0d00cfa,v11_85ae599b865950104870,False,False,False,518880,518880,518880,False,False,False,2.8899467285667573,2.8862637038489574,2.8862637038489574,0.0,11,11,-1,0.9101294744859123,,0
2015-09-07,2015-09-07,0,70e4948f4304e28543a647331d1e6548bc6a8c1006d4bd24ce64fee3e0d00cfa,v11_85ae599b865950104870,False,False,False,518880,518880,518880,False,False,False,2.8862637038489574,2.839612057423496,2.839612057423496,0.0,12,12,-1,0.9101294744859123,,0
2015-09-08,2015-09-08,0,70e4948f4304e28543a647331d1e6548bc6a8c1006d4bd24ce64fee3e0d00cfa,v11_85ae599b865950104870,False,False,False,518880,518880,518880,False,False,False,2.839612057423496,2.8273353083641637,2.8273353083641637,0.0,13,13,-1,0.9101294744859123,,0
2015-09-09,2015-09-09,0,70e4948f4304e28543a647331d1e6548bc6a8c1006d4bd24ce64fee3e0d00cfa,v11_85ae599b865950104870,False,False,False,518880,518880,518880,False,False,False,2.8273353083641637,2.839612057423496,2.839612057423496,0.0,14,14,-1,0.9101294744859123,,0
2015-09-10,2015-09-10,0,70e4948f4304e28543a647331d1e6548bc6a8c1006d4bd24ce64fee3e0d00cfa,v11_85ae599b865950104870,False,False,False,518880,518880,518880,False,False,False,2.839612057423496,2.8064648349632995,2.8064648349632995,0.0,15,15,-1,0.9101294744859123,,0
2015-09-11,2015-09-11,0,70e4948f4304e28543a647331d1e6548bc6a8c1006d4bd24ce64fee3e0d00cfa,v11_85ae599b865950104870,False,False,False,518880,518880,518880,False,False,False,2.8064648349632995,2.8076925098692325,2.8076925098692325,0.0,16,16,-1,0.9101294744859123,,0
2015-09-14,2015-09-14,0,70e4948f4304e28543a647331d1e6548bc6a8c1006d4bd24ce64fee3e0d00cfa,v11_85ae599b865950104870,False,False,False,518880,513100,513100,False,False,True,2.8076925098692325,2.8015541353395665,2.800993824512499,0.0005603108270679133,17,0,-1,1.4684052156469451,,0
2015-09-15,2015-09-15,0,70e4948f4304e28543a647331d1e6548bc6a8c1006d4bd24ce64fee3e0d00cfa,v11_85ae599b865950104870,False,False,False,513100,159915,159915,False,True,True,2.800993824512499,2.7531626458152227,2.75261201328606,0.0005506325291630446,1,0,809,2.048933500627351,,0
2015-09-16,2015-09-16,0,70e4948f4304e28543a647331d1e6548bc6a8c1006d4bd24ce64fee3e0d00cfa,v11_85ae599b865950104870,False,False,False,159915,159915,159915,False,False,False,2.75261201328606,3.027367529615287,3.027367529615287,0.0,1,1,809,2.253450439146799,,0
2015-09-17,2015-09-17,0,70e4948f4304e28543a647331d1e6548bc6a8c1006d4bd24ce64fee3e0d00cfa,v11_85ae599b865950104870,False,False,False,159915,159915,159915,False,False,False,3.027367529615287,2.971742179683603,2.971742179683603,0.0,2,2,809,2.253450439146799,,0
2015-09-18,2015-09-18,0,70e4948f4304e28543a647331d1e6548bc6a8c1006d4bd24ce64fee3e0d00cfa,v11_85ae599b865950104870,False,False,False,159915,159915,159915,False,False,False,2.971742179683603,3.076250412888585,3.076250412888585,0.0,3,3,809,2.2898368883312403,,0
2015-09-21,2015-09-21,0,70e4948f4304e28543a647331d1e6548bc6a8c1006d4bd24ce64fee3e0d00cfa,v11_85ae599b865950104870,False,False,False,159915,159915,159915,False,False,False,3.076250412888585,3.3122367459320934,3.3122367459320934,0.0,4,4,809,2.4654956085319935,,0
2015-09-22,2015-09-22,0,70e4948f4304e28543a647331d1e6548bc6a8c1006d4bd24ce64fee3e0d00cfa,v11_85ae599b865950104870,False,False,False,159915,513100,513100,False,False,True,3.3122367459320934,3.2684107126525843,3.267757030510054,0.0006536821425305168,5,0,809,1.47241725175527,,0
2015-09-23,2015-09-23,0,70e4948f4304e28543a647331d1e6548bc6a8c1006d4bd24ce64fee3e0d00cfa,v11_85ae599b865950104870,False,False,False,513100,513100,513100,False,False,False,3.267757030510054,3.218785194902955,3.218785194902955,0.0,1,1,809,1.47241725175527,,0
2015-09-24,2015-09-24,0,70e4948f4304e28543a647331d1e6548bc6a8c1006d4bd24ce64fee3e0d00cfa,v11_85ae599b865950104870,False,False,False,513100,513100,513100,False,False,False,3.218785194902955,3.218785194902955,3.218785194902955,0.0,2,2,809,1.47241725175527,,0
2015-09-25,2015-09-25,0,70e4948f4304e28543a647331d1e6548bc6a8c1006d4bd24ce64fee3e0d00cfa,v11_85ae599b865950104870,False,False,False,513100,513100,513100,False,False,False,3.218785194902955,3.2276891650133366,3.2276891650133366,0.0,3,3,809,1.47241725175527,,0
2015-09-28,2015-09-28,0,70e4948f4304e28543a647331d1e6548bc6a8c1006d4bd24ce64fee3e0d00cfa,v11_85ae599b865950104870,False,False,False,513100,518880,518880,False,False,True,3.2276891650133366,3.19207328457181,3.1914348699148953,0.000638414656914362,4,0,809,0.8929931454683949,,0
2015-09-29,2015-09-29,0,70e4948f4304e28543a647331d1e6548bc6a8c1006d4bd24ce64fee3e0d00cfa,v11_85ae599b865950104870,False,False,False,518880,518880,518880,False,False,False,3.1914348699148953,3.1492453257923527,3.1492453257923527,0.0,1,1,809,0.8929931454683949,,0
2015-09-30,2015-09-30,0,70e4948f4304e28543a647331d1e6548bc6a8c1006d4bd24ce64fee3e0d00cfa,v11_85ae599b865950104870,False,False,False,518880,518880,518880,False,False,False,3.1492453257923527,3.1492453257923527,3.1492453257923527,0.0,2,2,809,0.8929931454683949,,0
2015-10-08,2015-10-08,0,70e4948f4304e28543a647331d1e6548bc6a8c1006d4bd24ce64fee3e0d00cfa,v11_85ae599b865950104870,False,False,False,518880,518880,518880,False,False,False,3.1492453257923527,3.1927958229511058,3.1927958229511058,0.0,3,3,809,0.8933739527798952,,0
2015-10-09,2015-10-09,0,70e4948f4304e28543a647331d1e6548bc6a8c1006d4bd24ce64fee3e0d00cfa,v11_85ae599b865950104870,False,False,False,518880,518880,518880,False,False,False,3.1927958229511058,3.1982396350959497,3.1982396350959497,0.0,4,4,809,0.8948971820258966,,0
2015-10-12,2015-10-12,0,70e4948f4304e28543a647331d1e6548bc6a8c1006d4bd24ce64fee3e0d00cfa,v11_85ae599b865950104870,False,False,False,518880,518880,518880,False,False,False,3.1982396350959497,3.2322634610012257,3.2322634610012257,0.0,5,5,809,0.9044173648134063,,0
2015-10-13,2015-10-13,0,70e4948f4304e28543a647331d1e6548bc6a8c1006d4bd24ce64fee3e0d00cfa,v11_85ae599b865950104870,False,False,False,518880,518880,518880,False,False,False,3.2322634610012257,3.213210118494272,3.213210118494272,0.0,6,6,809,0.9044173648134063,,0
2015-10-14,2015-10-14,0,70e4948f4304e28543a647331d1e6548bc6a8c1006d4bd24ce64fee3e0d00cfa,v11_85ae599b865950104870,False,False,False,518880,518880,518880,False,False,False,3.213210118494272,3.262204427797869,3.262204427797869,0.0,7,7,809,0.9127951256664146,,0
2015-10-15,2015-10-15,0,70e4948f4304e28543a647331d1e6548bc6a8c1006d4bd24ce64fee3e0d00cfa,v11_85ae599b865950104870,False,False,False,518880,518880,518880,False,False,False,3.262204427797869,3.2758139581599797,3.2758139581599797,0.0,8,8,809,0.9166031987814185,,0
2015-10-16,2015-10-16,0,70e4948f4304e28543a647331d1e6548bc6a8c1006d4bd24ce64fee3e0d00cfa,v11_85ae599b865950104870,False,False,False,518880,518880,518880,False,False,False,3.2758139581599797,3.2690091929789244,3.2690091929789244,0.0,9,9,809,0.9166031987814185,,0
2015-10-19,2015-10-19,0,70e4948f4304e28543a647331d1e6548bc6a8c1006d4bd24ce64fee3e0d00cfa,v11_85ae599b865950104870,False,False,False,518880,518880,518880,False,False,False,3.2690091929789244,3.26356538083408,3.26356538083408,0.0,10,10,809,0.9166031987814185,,0
2015-10-20,2015-10-20,0,70e4948f4304e28543a647331d1e6548bc6a8c1006d4bd24ce64fee3e0d00cfa,v11_85ae599b865950104870,False,False,False,518880,518880,518880,False,False,False,3.26356538083408,3.2567606156530244,3.2567606156530244,0.0,11,11,809,0.9166031987814185,,0
2015-10-21,2015-10-21,0,70e4948f4304e28543a647331d1e6548bc6a8c1006d4bd24ce64fee3e0d00cfa,v11_85ae599b865950104870,False,False,False,518880,518880,518880,False,False,False,3.2567606156530244,3.2649263338702914,3.2649263338702914,0.0,12,12,809,0.9166031987814185,,0
2015-10-22,2015-10-22,0,70e4948f4304e28543a647331d1e6548bc6a8c1006d4bd24ce64fee3e0d00cfa,v11_85ae599b865950104870,False,False,False,518880,518880,518880,False,False,False,3.2649263338702914,3.2513168035081805,3.2513168035081805,0.0,13,13,809,0.9166031987814185,,0
2015-10-23,2015-10-23,0,70e4948f4304e28543a647331d1e6548bc6a8c1006d4bd24ce64fee3e0d00cfa,v11_85ae599b865950104870,False,False,False,518880,518880,518880,False,False,False,3.2513168035081805,3.2703701460151358,3.2703701460151358,0.0,14,14,809,0.9166031987814185,,0
2015-10-26,2015-10-26,0,70e4948f4304e28543a647331d1e6548bc6a8c1006d4bd24ce64fee3e0d00cfa,v11_85ae599b865950104870,False,False,False,518880,513100,513100,False,False,True,3.2703701460151358,3.248594897435759,3.2479451784562716,0.0006497189794871518,15,0,809,1.5536609829488501,,0
2015-10-27,2015-10-27,0,70e4948f4304e28543a647331d1e6548bc6a8c1006d4bd24ce64fee3e0d00cfa,v11_85ae599b865950104870,False,False,False,513100,513100,513100,False,False,False,3.2479451784562716,3.2332675695155397,3.2332675695155397,0.0,1,1,809,1.5536609829488501,,0
2015-10-28,2015-10-28,0,70e4948f4304e28543a647331d1e6548bc6a8c1006d4bd24ce64fee3e0d00cfa,v11_85ae599b865950104870,False,False,False,513100,513100,513100,False,False,False,3.2332675695155397,3.2563323835652613,3.2563323835652613,0.0,2,2,809,1.5576730190571753,,0
2015-10-29,2015-10-29,0,70e4948f4304e28543a647331d1e6548bc6a8c1006d4bd24ce64fee3e0d00cfa,v11_85ae599b865950104870,False,False,False,513100,513100,513100,False,False,False,3.2563323835652613,3.2710099925059937,3.2710099925059937,0.0,3,3,809,1.5646940822467441,,0
2015-10-30,2015-10-30,0,70e4948f4304e28543a647331d1e6548bc6a8c1006d4bd24ce64fee3e0d00cfa,v11_85ae599b865950104870,False,False,False,513100,513100,513100,False,False,False,3.2710099925059937,3.2898812040012206,3.2898812040012206,0.0,4,4,809,1.5737211634904753,,0
2015-11-02,2015-11-02,0,70e4948f4304e28543a647331d1e6548bc6a8c1006d4bd24ce64fee3e0d00cfa,v11_85ae599b865950104870,False,False,False,513100,513100,513100,False,False,False,3.2898812040012206,3.2542355822880147,3.2542355822880147,0.0,5,5,809,1.5737211634904753,,0
2015-11-03,2015-11-03,0,70e4948f4304e28543a647331d1e6548bc6a8c1006d4bd24ce64fee3e0d00cfa,v11_85ae599b865950104870,False,False,False,513100,513100,513100,False,False,False,3.2542355822880147,3.3024620116647054,3.3024620116647054,0.0,6,6,809,1.579739217652963,,0
2015-11-04,2015-11-04,0,70e4948f4304e28543a647331d1e6548bc6a8c1006d4bd24ce64fee3e0d00cfa,v11_85ae599b865950104870,False,False,False,513100,513100,513100,False,False,False,3.3024620116647054,3.3129460180509427,3.3129460180509427,0.0,7,7,809,1.5847542627883693,,0
2015-11-05,2015-11-05,0,70e4948f4304e28543a647331d1e6548bc6a8c1006d4bd24ce64fee3e0d00cfa,v11_85ae599b865950104870,False,False,False,513100,513100,513100,False,False,False,3.3129460180509427,3.3108492167736947,3.3108492167736947,0.0,8,8,809,1.5847542627883693,,0
2015-11-06,2015-11-06,0,70e4948f4304e28543a647331d1e6548bc6a8c1006d4bd24ce64fee3e0d00cfa,v11_85ae599b865950104870,False,False,False,513100,513100,513100,False,False,False,3.3108492167736947,3.300365210387458,3.300365210387458,0.0,9,9,809,1.5847542627883693,,0
2015-11-09,2015-11-09,0,70e4948f4304e28543a647331d1e6548bc6a8c1006d4bd24ce64fee3e0d00cfa,v11_85ae599b865950104870,False,False,False,513100,513100,513100,False,False,False,3.300365210387458,3.3192364218826844,3.3192364218826844,0.0,10,10,809,1.5877632898696128,,0
2015-11-10,2015-11-10,0,70e4948f4304e28543a647331d1e6548bc6a8c1006d4bd24ce64fee3e0d00cfa,v11_85ae599b865950104870,False,False,False,513100,513100,513100,False,False,False,3.3192364218826844,3.277300396337736,3.277300396337736,0.0,11,11,809,1.5877632898696128,,0
2015-11-11,2015-11-11,0,70e4948f4304e28543a647331d1e6548bc6a8c1006d4bd24ce64fee3e0d00cfa,v11_85ae599b865950104870,False,False,False,513100,513100,513100,False,False,False,3.277300396337736,3.2668163899514986,3.2668163899514986,0.0,12,12,809,1.5877632898696128,,0
2015-11-12,2015-11-12,0,70e4948f4304e28543a647331d1e6548bc6a8c1006d4bd24ce64fee3e0d00cfa,v11_85ae599b865950104870,False,False,False,513100,513100,513100,False,False,False,3.2668163899514986,3.2689131912287457,3.2689131912287457,0.0,13,13,809,1.5877632898696128,,0
2015-11-13,2015-11-13,0,70e4948f4304e28543a647331d1e6548bc6a8c1006d4bd24ce64fee3e0d00cfa,v11_85ae599b865950104870,False,False,False,513100,513100,513100,False,False,False,3.2689131912287457,3.235364370792787,3.235364370792787,0.0,14,14,809,1.5877632898696128,,0
2015-11-16,2015-11-16,0,70e4948f4304e28543a647331d1e6548bc6a8c1006d4bd24ce64fee3e0d00cfa,v11_85ae599b865950104870,False,False,False,513100,513100,513100,False,False,False,3.235364370792787,3.1787507363071064,3.1787507363071064,0.0,15,15,809,1.5877632898696128,,0
2015-11-17,2015-11-17,0,70e4948f4304e28543a647331d1e6548bc6a8c1006d4bd24ce64fee3e0d00cfa,v11_85ae599b865950104870,False,False,False,513100,513100,513100,False,False,False,3.1787507363071064,3.254235582288014,3.254235582288014,0.0,16,16,809,1.5877632898696128,,0
2015-11-18,2015-11-18,0,70e4948f4304e28543a647331d1e6548bc6a8c1006d4bd24ce64fee3e0d00cfa,v11_85ae599b865950104870,False,False,False,513100,513100,513100,False,False,False,3.254235582288014,3.245848377179024,3.245848377179024,0.0,17,17,809,1.5877632898696128,,0
2015-11-19,2015-11-19,0,70e4948f4304e28543a647331d1e6548bc6a8c1006d4bd24ce64fee3e0d00cfa,v11_85ae599b865950104870,False,False,False,513100,513100,513100,False,False,False,3.245848377179024,3.319236421882684,3.319236421882684,0.0,18,18,809,1.5877632898696128,,0
2015-11-20,2015-11-20,0,70e4948f4304e28543a647331d1e6548bc6a8c1006d4bd24ce64fee3e0d00cfa,v11_85ae599b865950104870,False,False,False,513100,513100,513100,False,False,False,3.319236421882684,3.3150428193281893,3.3150428193281893,0.0,19,19,809,1.5877632898696128,,0
2015-11-23,2015-11-23,0,70e4948f4304e28543a647331d1e6548bc6a8c1006d4bd24ce64fee3e0d00cfa,v11_85ae599b865950104870,False,False,False,513100,513100,513100,False,False,False,3.3150428193281893,3.327623626991674,3.327623626991674,0.0,20,20,809,1.5917753259779377,,0
2015-11-24,2015-11-24,0,70e4948f4304e28543a647331d1e6548bc6a8c1006d4bd24ce64fee3e0d00cfa,v11_85ae599b865950104870,False,False,False,513100,513100,513100,False,False,False,3.327623626991674,3.3255268257144266,3.3255268257144266,0.0,21,21,809,1.5917753259779377,,0
2015-11-25,2015-11-25,0,70e4948f4304e28543a647331d1e6548bc6a8c1006d4bd24ce64fee3e0d00cfa,v11_85ae599b865950104870,False,False,False,513100,513100,513100,False,False,False,3.3255268257144266,3.312946018050942,3.312946018050942,0.0,22,22,809,1.5917753259779377,,0
2015-11-26,2015-11-26,0,70e4948f4304e28543a647331d1e6548bc6a8c1006d4bd24ce64fee3e0d00cfa,v11_85ae599b865950104870,False,False,False,513100,513100,513100,False,False,False,3.312946018050942,3.3150428193281893,3.3150428193281893,0.0,23,23,809,1.5917753259779377,,0
2015-11-27,2015-11-27,0,70e4948f4304e28543a647331d1e6548bc6a8c1006d4bd24ce64fee3e0d00cfa,v11_85ae599b865950104870,False,False,False,513100,513100,513100,False,False,False,3.3150428193281893,3.321333223159932,3.321333223159932,0.0,24,24,809,1.5917753259779377,,0
2015-11-30,2015-11-30,0,70e4948f4304e28543a647331d1e6548bc6a8c1006d4bd24ce64fee3e0d00cfa,v11_85ae599b865950104870,False,False,False,513100,513100,513100,False,False,False,3.321333223159932,3.319236421882685,3.319236421882685,0.0,25,25,809,1.5917753259779377,,0
2015-12-01,2015-12-01,0,70e4948f4304e28543a647331d1e6548bc6a8c1006d4bd24ce64fee3e0d00cfa,v11_85ae599b865950104870,False,False,False,513100,513100,513100,False,False,False,3.319236421882685,3.3171396206054373,3.3171396206054373,0.0,26,26,809,1.5917753259779377,,0
2015-12-02,2015-12-02,0,70e4948f4304e28543a647331d1e6548bc6a8c1006d4bd24ce64fee3e0d00cfa,v11_85ae599b865950104870,False,False,False,513100,513100,513100,False,False,False,3.3171396206054373,3.3653660499821276,3.3653660499821276,0.0,27,27,809,1.6098294884654,,0
2015-12-03,2015-12-03,0,70e4948f4304e28543a647331d1e6548bc6a8c1006d4bd24ce64fee3e0d00cfa,v11_85ae599b865950104870,False,False,False,513100,513100,513100,False,False,False,3.3653660499821276,3.3402044346551585,3.3402044346551585,0.0,28,28,809,1.6098294884654,,0
2015-12-04,2015-12-04,0,70e4948f4304e28543a647331d1e6548bc6a8c1006d4bd24ce64fee3e0d00cfa,v11_85ae599b865950104870,False,False,False,513100,513100,513100,False,False,False,3.3402044346551585,3.296171607832963,3.296171607832963,0.0,29,29,809,1.6098294884654,,0
2015-12-07,2015-12-07,0,70e4948f4304e28543a647331d1e6548bc6a8c1006d4bd24ce64fee3e0d00cfa,v11_85ae599b865950104870,False,False,False,513100,513100,513100,False,False,False,3.296171607832963,3.3632692487048805,3.3632692487048805,0.0,30,30,809,1.6098294884654,,0
2015-12-08,2015-12-08,0,70e4948f4304e28543a647331d1e6548bc6a8c1006d4bd24ce64fee3e0d00cfa,v11_85ae599b865950104870,False,False,False,513100,513100,513100,False,False,False,3.3632692487048805,3.3506884410413957,3.3506884410413957,0.0,31,31,809,1.6098294884654,,0
2015-12-09,2015-12-09,0,70e4948f4304e28543a647331d1e6548bc6a8c1006d4bd24ce64fee3e0d00cfa,v11_85ae599b865950104870,False,False,False,513100,513100,513100,False,False,False,3.3506884410413957,3.354882043595891,3.354882043595891,0.0,32,32,809,1.6098294884654,,0
2015-12-10,2015-12-10,0,70e4948f4304e28543a647331d1e6548bc6a8c1006d4bd24ce64fee3e0d00cfa,v11_85ae599b865950104870,False,False,False,513100,513100,513100,False,False,False,3.354882043595891,3.3171396206054373,3.3171396206054373,0.0,33,33,809,1.6098294884654,,0
2015-12-11,2015-12-11,0,70e4948f4304e28543a647331d1e6548bc6a8c1006d4bd24ce64fee3e0d00cfa,v11_85ae599b865950104870,False,False,False,513100,513100,513100,False,False,False,3.3171396206054373,3.3234300244371795,3.3234300244371795,0.0,34,34,809,1.6098294884654,,0
2015-12-14,2015-12-14,0,70e4948f4304e28543a647331d1e6548bc6a8c1006d4bd24ce64fee3e0d00cfa,v11_85ae599b865950104870,False,False,False,513100,513100,513100,False,False,False,3.3234300244371795,3.271009992505994,3.271009992505994,0.0,35,35,809,1.6098294884654,,0
2015-12-15,2015-12-15,0,70e4948f4304e28543a647331d1e6548bc6a8c1006d4bd24ce64fee3e0d00cfa,v11_85ae599b865950104870,False,False,False,513100,513100,513100,False,False,False,3.271009992505994,3.2961716078329633,3.2961716078329633,0.0,36,36,809,1.6098294884654,,0
2015-12-16,2015-12-16,0,70e4948f4304e28543a647331d1e6548bc6a8c1006d4bd24ce64fee3e0d00cfa,v11_85ae599b865950104870,False,False,False,513100,513100,513100,False,False,False,3.2961716078329633,3.32343002443718,3.32343002443718,0.0,37,37,809,1.6098294884654,,0
2015-12-17,2015-12-17,0,70e4948f4304e28543a647331d1e6548bc6a8c1006d4bd24ce64fee3e0d00cfa,v11_85ae599b865950104870,False,False,False,513100,513100,513100,False,False,False,3.32343002443718,3.377946857645613,3.377946857645613,0.0,38,38,809,1.615847542627888,,0
2015-12-18,2015-12-18,0,70e4948f4304e28543a647331d1e6548bc6a8c1006d4bd24ce64fee3e0d00cfa,v11_85ae599b865950104870,False,False,False,513100,513100,513100,False,False,False,3.377946857645613,3.3234300244371795,3.3234300244371795,0.0,39,39,809,1.615847542627888,,0
2015-12-21,2015-12-21,0,70e4948f4304e28543a647331d1e6548bc6a8c1006d4bd24ce64fee3e0d00cfa,v11_85ae599b865950104870,False,False,False,513100,518880,518880,False,False,True,3.3234300244371795,3.300365210387458,3.2997051373453803,0.0006600730420774916,40,0,809,0.852246763137854,,0
2015-12-22,2015-12-22,0,70e4948f4304e28543a647331d1e6548bc6a8c1006d4bd24ce64fee3e0d00cfa,v11_85ae599b865950104870,False,False,False,518880,518880,518880,False,False,False,3.2997051373453803,3.315923527207221,3.315923527207221,0.0,1,1,809,0.8564356435643582,,0
2015-12-23,2015-12-23,0,70e4948f4304e28543a647331d1e6548bc6a8c1006d4bd24ce64fee3e0d00cfa,v11_85ae599b865950104870,False,False,False,518880,518880,518880,False,False,False,3.315923527207221,3.3085515318154752,3.3085515318154752,0.0,2,2,809,0.8564356435643582,,0
2015-12-24,2015-12-24,0,70e4948f4304e28543a647331d1e6548bc6a8c1006d4bd24ce64fee3e0d00cfa,v11_85ae599b865950104870,False,False,False,518880,518880,518880,False,False,False,3.3085515318154752,3.3100259308938247,3.3100259308938247,0.0,3,3,809,0.8564356435643582,,0
2015-12-25,2015-12-25,0,70e4948f4304e28543a647331d1e6548bc6a8c1006d4bd24ce64fee3e0d00cfa,v11_85ae599b865950104870,False,False,False,518880,518880,518880,False,False,False,3.3100259308938247,3.31739792628557,3.31739792628557,0.0,4,4,809,0.8568164508758584,,0
2015-12-28,2015-12-28,0,70e4948f4304e28543a647331d1e6548bc6a8c1006d4bd24ce64fee3e0d00cfa,v11_85ae599b865950104870,False,False,False,518880,518880,518880,False,False,False,3.31739792628557,3.3085515318154757,3.3085515318154757,0.0,5,5,809,0.8568164508758584,,0
2015-12-29,2015-12-29,0,70e4948f4304e28543a647331d1e6548bc6a8c1006d4bd24ce64fee3e0d00cfa,v11_85ae599b865950104870,False,False,False,518880,518880,518880,False,False,False,3.3085515318154757,3.314449128128872,3.314449128128872,0.0,6,6,809,0.8568164508758584,,0
2015-12-30,2015-12-30,0,70e4948f4304e28543a647331d1e6548bc6a8c1006d4bd24ce64fee3e0d00cfa,v11_85ae599b865950104870,False,False,False,518880,518880,518880,False,False,False,3.314449128128872,3.3100259308938242,3.3100259308938242,0.0,7,7,809,0.8568164508758584,,0
2015-12-31,2015-12-31,0,70e4948f4304e28543a647331d1e6548bc6a8c1006d4bd24ce64fee3e0d00cfa,v11_85ae599b865950104870,False,False,False,518880,518880,518880,False,False,False,3.3100259308938242,3.290858742875286,3.290858742875286,0.0,8,8,809,0.8568164508758584,,0
2016-01-04,2016-01-04,0,70e4948f4304e28543a647331d1e6548bc6a8c1006d4bd24ce64fee3e0d00cfa,v11_85ae599b865950104870,False,False,False,518880,510300,510300,False,True,True,3.290858742875286,3.318872325363919,3.3182085508988464,0.0006637744650727839,9,0,882,1.4192886361292052,,0
2016-01-05,2016-01-05,0,70e4948f4304e28543a647331d1e6548bc6a8c1006d4bd24ce64fee3e0d00cfa,v11_85ae599b865950104870,False,False,False,510300,510300,510300,False,False,False,3.3182085508988464,3.315388543631794,3.315388543631794,0.0,1,1,882,1.4192886361292052,,0
2016-01-06,2016-01-06,0,70e4948f4304e28543a647331d1e6548bc6a8c1006d4bd24ce64fee3e0d00cfa,v11_85ae599b865950104870,False,False,False,510300,510300,510300,False,False,False,3.315388543631794,3.367088676861096,3.367088676861096,0.0,2,2,882,1.4401960041401738,,0
2016-01-07,2016-01-07,0,70e4948f4304e28543a647331d1e6548bc6a8c1006d4bd24ce64fee3e0d00cfa,v11_85ae599b865950104870,False,False,False,510300,510300,510300,False,False,False,3.367088676861096,3.2749684394707033,3.2749684394707033,0.0,3,3,882,1.4401960041401738,,0
2016-01-08,2016-01-08,0,70e4948f4304e28543a647331d1e6548bc6a8c1006d4bd24ce64fee3e0d00cfa,v11_85ae599b865950104870,False,False,False,510300,510300,510300,False,False,False,3.2749684394707033,3.203528255372031,3.203528255372031,0.0,4,4,882,1.4401960041401738,,0
2016-01-11,2016-01-11,0,70e4948f4304e28543a647331d1e6548bc6a8c1006d4bd24ce64fee3e0d00cfa,v11_85ae599b865950104870,False,False,False,510300,510500,510500,True,True,True,3.203528255372031,3.0390278314606154,3.0384200258943235,0.0006078055662921231,5,0,887,1.826157320381455,,0
2016-01-12,2016-01-12,0,70e4948f4304e28543a647331d1e6548bc6a8c1006d4bd24ce64fee3e0d00cfa,v11_85ae599b865950104870,False,False,False,510500,510500,510500,False,False,False,3.0384200258943235,3.033611638450275,3.033611638450275,0.0,1,1,887,1.826157320381455,,0
2016-01-13,2016-01-13,0,70e4948f4304e28543a647331d1e6548bc6a8c1006d4bd24ce64fee3e0d00cfa,v11_85ae599b865950104870,False,False,False,510500,510500,510500,False,False,False,3.033611638450275,2.939367244546922,2.939367244546922,0.0,2,2,887,1.826157320381455,,0
2016-01-14,2016-01-14,0,70e4948f4304e28543a647331d1e6548bc6a8c1006d4bd24ce64fee3e0d00cfa,v11_85ae599b865950104870,False,False,False,510500,510500,510500,False,False,False,2.939367244546922,3.037939187149918,3.037939187149918,0.0,3,3,887,1.826157320381455,,0
2016-01-15,2016-01-15,0,70e4948f4304e28543a647331d1e6548bc6a8c1006d4bd24ce64fee3e0d00cfa,v11_85ae599b865950104870,False,False,False,510500,510500,510500,False,False,False,3.037939187149918,2.9210953722595367,2.9210953722595367,0.0,4,4,887,1.826157320381455,,0
2016-01-18,2016-01-18,0,70e4948f4304e28543a647331d1e6548bc6a8c1006d4bd24ce64fee3e0d00cfa,v11_85ae599b865950104870,False,False,False,510500,518880,518880,False,False,True,2.9210953722595367,2.9629283430227593,2.962335757354155,0.0005925856686045519,5,0,887,0.880807311500383,,0
2016-01-19,2016-01-19,0,70e4948f4304e28543a647331d1e6548bc6a8c1006d4bd24ce64fee3e0d00cfa,v11_85ae599b865950104870,False,False,False,518880,518880,518880,False,False,False,2.962335757354155,2.959774291070234,2.959774291070234,0.0,1,1,887,0.880807311500383,,0
2016-01-20,2016-01-20,0,70e4948f4304e28543a647331d1e6548bc6a8c1006d4bd24ce64fee3e0d00cfa,v11_85ae599b865950104870,False,False,False,518880,518880,518880,False,False,False,2.959774291070234,2.9828274876255194,2.9828274876255194,0.0,2,2,887,0.8869002284843891,,0
2016-01-21,2016-01-21,0,70e4948f4304e28543a647331d1e6548bc6a8c1006d4bd24ce64fee3e0d00cfa,v11_85ae599b865950104870,False,False,False,518880,518880,518880,False,False,False,2.9828274876255194,3.0097228836066856,3.0097228836066856,0.0,3,3,887,0.8948971820258971,,0
2016-01-22,2016-01-22,0,70e4948f4304e28543a647331d1e6548bc6a8c1006d4bd24ce64fee3e0d00cfa,v11_85ae599b865950104870,False,False,False,518880,518880,518880,False,False,False,3.0097228836066856,2.990511886477281,2.990511886477281,0.0,4,4,887,0.8948971820258971,,0
2016-01-25,2016-01-25,0,70e4948f4304e28543a647331d1e6548bc6a8c1006d4bd24ce64fee3e0d00cfa,v11_85ae599b865950104870,False,False,False,518880,518880,518880,False,False,False,2.990511886477281,2.9956348190451223,2.9956348190451223,0.0,5,5,887,0.8948971820258971,,0
2016-01-26,2016-01-26,0,70e4948f4304e28543a647331d1e6548bc6a8c1006d4bd24ce64fee3e0d00cfa,v11_85ae599b865950104870,False,False,False,518880,159915,159915,False,True,True,2.9956348190451223,3.046864144723534,3.0462547718945894,0.0006093728289447068,6,0,898,2.3688833124215782,,0
2016-01-27,2016-01-27,0,70e4948f4304e28543a647331d1e6548bc6a8c1006d4bd24ce64fee3e0d00cfa,v11_85ae599b865950104870,False,False,False,159915,159915,159915,False,False,False,3.0462547718945894,3.044641289494222,3.044641289494222,0.0,1,1,898,2.3688833124215782,,0
2016-01-28,2016-01-28,0,70e4948f4304e28543a647331d1e6548bc6a8c1006d4bd24ce64fee3e0d00cfa,v11_85ae599b865950104870,False,False,False,159915,159915,159915,False,False,False,3.044641289494222,2.917176179865158,2.917176179865158,0.0,2,2,898,2.3688833124215782,,0
2016-01-29,2016-01-29,0,70e4948f4304e28543a647331d1e6548bc6a8c1006d4bd24ce64fee3e0d00cfa,v11_85ae599b865950104870,False,False,False,159915,159915,159915,False,False,False,2.917176179865158,3.0317334302912786,3.0317334302912786,0.0,3,3,898,2.3688833124215782,,0
2016-02-01,2016-02-01,0,70e4948f4304e28543a647331d1e6548bc6a8c1006d4bd24ce64fee3e0d00cfa,v11_85ae599b865950104870,False,False,False,159915,159915,159915,False,False,False,3.0317334302912786,3.057549148697165,3.057549148697165,0.0,4,4,898,2.3776662484316162,,0
2016-02-02,2016-02-02,0,70e4948f4304e28543a647331d1e6548bc6a8c1006d4bd24ce64fee3e0d00cfa,v11_85ae599b865950104870,False,False,False,159915,518880,518880,False,False,True,3.057549148697165,3.181787293525493,3.1811509360667882,0.0006363574587050987,5,0,898,0.9097486671744117,,0
2016-02-03,2016-02-03,0,70e4948f4304e28543a647331d1e6548bc6a8c1006d4bd24ce64fee3e0d00cfa,v11_85ae599b865950104870,False,False,False,518880,518880,518880,False,False,False,3.1811509360667882,3.1944667625049084,3.1944667625049084,0.0,1,1,898,0.9135567402894157,,0
2016-02-04,2016-02-04,0,70e4948f4304e28543a647331d1e6548bc6a8c1006d4bd24ce64fee3e0d00cfa,v11_85ae599b865950104870,False,False,False,518880,518880,518880,False,False,False,3.1944667625049084,3.223761580668771,3.223761580668771,0.0,2,2,898,0.9219345011424239,,0
2016-02-05,2016-02-05,0,70e4948f4304e28543a647331d1e6548bc6a8c1006d4bd24ce64fee3e0d00cfa,v11_85ae599b865950104870,False,False,False,518880,518880,518880,False,False,False,3.223761580668771,3.2637090599831304,3.2637090599831304,0.0,3,3,898,0.9333587204874355,,0
2016-02-15,2016-02-15,0,70e4948f4304e28543a647331d1e6548bc6a8c1006d4bd24ce64fee3e0d00cfa,v11_85ae599b865950104870,False,False,False,518880,518880,518880,False,False,False,3.2637090599831304,3.391540993789079,3.391540993789079,0.0,4,4,898,0.9699162223914721,,0
2016-02-16,2016-02-16,0,70e4948f4304e28543a647331d1e6548bc6a8c1006d4bd24ce64fee3e0d00cfa,v11_85ae599b865950104870,False,False,False,518880,518880,518880,False,False,False,3.391540993789079,3.34493560125566,3.34493560125566,0.0,5,5,898,0.9699162223914721,,0
2016-02-17,2016-02-17,0,70e4948f4304e28543a647331d1e6548bc6a8c1006d4bd24ce64fee3e0d00cfa,v11_85ae599b865950104870,False,False,False,518880,518880,518880,False,False,False,3.34493560125566,3.3728988367757107,3.3728988367757107,0.0,6,6,898,0.9699162223914721,,0
2016-02-18,2016-02-18,0,70e4948f4304e28543a647331d1e6548bc6a8c1006d4bd24ce64fee3e0d00cfa,v11_85ae599b865950104870,False,False,False,518880,518880,518880,False,False,False,3.3728988367757107,3.3782251673509585,3.3782251673509585,0.0,7,7,898,0.9699162223914721,,0
2016-02-19,2016-02-19,0,70e4948f4304e28543a647331d1e6548bc6a8c1006d4bd24ce64fee3e0d00cfa,v11_85ae599b865950104870,False,False,False,518880,518880,518880,False,False,False,3.3782251673509585,3.4274937251720012,3.4274937251720012,0.0,8,8,898,0.9801980198019823,,0
2016-02-22,2016-02-22,0,70e4948f4304e28543a647331d1e6548bc6a8c1006d4bd24ce64fee3e0d00cfa,v11_85ae599b865950104870,False,False,False,518880,518880,518880,False,False,False,3.4274937251720012,3.4021936549395746,3.4021936549395746,0.0,9,9,898,0.9801980198019823,,0
2016-02-23,2016-02-23,0,70e4948f4304e28543a647331d1e6548bc6a8c1006d4bd24ce64fee3e0d00cfa,v11_85ae599b865950104870,False,False,False,518880,518880,518880,False,False,False,3.4021936549395746,3.4048568202271983,3.4048568202271983,0.0,10,10,898,0.9801980198019823,,0
2016-02-24,2016-02-24,0,70e4948f4304e28543a647331d1e6548bc6a8c1006d4bd24ce64fee3e0d00cfa,v11_85ae599b865950104870,False,False,False,518880,518880,518880,False,False,False,3.4048568202271983,3.4314884731034376,3.4314884731034376,0.0,11,11,898,0.9813404417364835,,0
2016-02-25,2016-02-25,0,70e4948f4304e28543a647331d1e6548bc6a8c1006d4bd24ce64fee3e0d00cfa,v11_85ae599b865950104870,False,False,False,518880,159915,159915,False,True,True,3.4314884731034376,3.4807570309244804,3.4800608795182955,0.0006961514061848962,12,0,915,2.378920953575907,,0
2016-02-26,2016-02-26,0,70e4948f4304e28543a647331d1e6548bc6a8c1006d4bd24ce64fee3e0d00cfa,v11_85ae599b865950104870,False,False,False,159915,159915,159915,False,False,False,3.4800608795182955,3.491073730402847,3.491073730402847,0.0,1,1,915,2.3864491844416538,,0
2016-02-29,2016-02-29,0,70e4948f4304e28543a647331d1e6548bc6a8c1006d4bd24ce64fee3e0d00cfa,v11_85ae599b865950104870,False,False,False,159915,159915,159915,True,False,False,3.491073730402847,3.2487910109427127,3.2487910109427127,0.0,2,2,915,2.3864491844416538,,0
2016-03-01,2016-03-01,0,70e4948f4304e28543a647331d1e6548bc6a8c1006d4bd24ce64fee3e0d00cfa,v11_85ae599b865950104870,False,False,False,159915,159915,159915,False,False,False,3.2487910109427127,3.3479066689036765,3.3479066689036765,0.0,3,3,915,2.3864491844416538,,0
2016-03-02,2016-03-02,0,70e4948f4304e28543a647331d1e6548bc6a8c1006d4bd24ce64fee3e0d00cfa,v11_85ae599b865950104870,False,False,False,159915,159915,159915,False,False,False,3.3479066689036765,3.509428481877099,3.509428481877099,0.0,4,4,915,2.3989962358845642,,0
2016-03-03,2016-03-03,0,70e4948f4304e28543a647331d1e6548bc6a8c1006d4bd24ce64fee3e0d00cfa,v11_85ae599b865950104870,False,False,False,159915,518880,518880,False,False,True,3.509428481877099,3.4910737304028463,3.490375515656766,0.0006982147460805692,5,0,915,0.9965727341964987,,0
2016-03-04,2016-03-04,0,70e4948f4304e28543a647331d1e6548bc6a8c1006d4bd24ce64fee3e0d00cfa,v11_85ae599b865950104870,False,False,False,518880,518880,518880,False,False,False,3.490375515656766,3.5357223889973577,3.5357223889973577,0.0,1,1,915,1.0095201827875115,,0
2016-03-07,2016-03-07,0,70e4948f4304e28543a647331d1e6548bc6a8c1006d4bd24ce64fee3e0d00cfa,v11_85ae599b865950104870,False,False,False,518880,518880,518880,False,False,False,3.5357223889973577,3.533054925859676,3.533054925859676,0.0,2,2,915,1.0095201827875115,,0
2016-03-08,2016-03-08,0,70e4948f4304e28543a647331d1e6548bc6a8c1006d4bd24ce64fee3e0d00cfa,v11_85ae599b865950104870,False,False,False,518880,518880,518880,False,False,False,3.533054925859676,3.5503934362546086,3.5503934362546086,0.0,3,3,915,1.0137090632140158,,0
2016-03-09,2016-03-09,0,70e4948f4304e28543a647331d1e6548bc6a8c1006d4bd24ce64fee3e0d00cfa,v11_85ae599b865950104870,False,False,False,518880,518880,518880,False,False,False,3.5503934362546086,3.513048952327062,3.513048952327062,0.0,4,4,915,1.0137090632140158,,0
2016-03-10,2016-03-10,0,70e4948f4304e28543a647331d1e6548bc6a8c1006d4bd24ce64fee3e0d00cfa,v11_85ae599b865950104870,False,False,False,518880,518880,518880,False,False,False,3.513048952327062,3.491709247225607,3.491709247225607,0.0,5,5,915,1.0137090632140158,,0
2016-03-11,2016-03-11,0,70e4948f4304e28543a647331d1e6548bc6a8c1006d4bd24ce64fee3e0d00cfa,v11_85ae599b865950104870,False,False,False,518880,518880,518880,False,False,False,3.491709247225607,3.535722388997358,3.535722388997358,0.0,6,6,915,1.0137090632140158,,0
2016-03-14,2016-03-14,0,70e4948f4304e28543a647331d1e6548bc6a8c1006d4bd24ce64fee3e0d00cfa,v11_85ae599b865950104870,False,False,False,518880,518880,518880,False,False,False,3.535722388997358,3.499711636638653,3.499711636638653,0.0,7,7,915,1.0137090632140158,,0
2016-03-15,2016-03-15,0,70e4948f4304e28543a647331d1e6548bc6a8c1006d4bd24ce64fee3e0d00cfa,v11_85ae599b865950104870,False,False,False,518880,518880,518880,False,False,False,3.499711636638653,3.430357595058924,3.430357595058924,0.0,8,8,915,1.0137090632140158,,0
2016-03-16,2016-03-16,0,70e4948f4304e28543a647331d1e6548bc6a8c1006d4bd24ce64fee3e0d00cfa,v11_85ae599b865950104870,False,False,False,518880,518880,518880,False,False,False,3.430357595058924,3.455698494866902,3.455698494866902,0.0,9,9,915,1.0137090632140158,,0
2016-03-17,2016-03-17,0,70e4948f4304e28543a647331d1e6548bc6a8c1006d4bd24ce64fee3e0d00cfa,v11_85ae599b865950104870,False,False,False,518880,518880,518880,False,False,False,3.455698494866902,3.490375515656767,3.490375515656767,0.0,10,10,915,1.0137090632140158,,0
2016-03-18,2016-03-18,0,70e4948f4304e28543a647331d1e6548bc6a8c1006d4bd24ce64fee3e0d00cfa,v11_85ae599b865950104870,False,False,False,518880,513100,513100,False,False,True,3.490375515656767,3.490375515656767,3.4896774405536357,0.0006980751031313534,11,0,915,1.5185556670010079,,0
2016-03-21,2016-03-21,0,70e4948f4304e28543a647331d1e6548bc6a8c1006d4bd24ce64fee3e0d00cfa,v11_85ae599b865950104870,False,False,False,513100,513100,513100,False,False,False,3.4896774405536357,3.4804576850964266,3.4804576850964266,0.0,1,1,915,1.5185556670010079,,0
2016-03-22,2016-03-22,0,70e4948f4304e28543a647331d1e6548bc6a8c1006d4bd24ce64fee3e0d00cfa,v11_85ae599b865950104870,False,False,False,513100,513100,513100,False,False,False,3.4804576850964266,3.482762623960729,3.482762623960729,0.0,2,2,915,1.5185556670010079,,0
2016-03-23,2016-03-23,0,70e4948f4304e28543a647331d1e6548bc6a8c1006d4bd24ce64fee3e0d00cfa,v11_85ae599b865950104870,False,False,False,513100,513100,513100,False,False,False,3.482762623960729,3.5104218903323563,3.5104218903323563,0.0,3,3,915,1.5275827482447393,,0
2016-03-24,2016-03-24,0,70e4948f4304e28543a647331d1e6548bc6a8c1006d4bd24ce64fee3e0d00cfa,v11_85ae599b865950104870,False,False,False,513100,513100,513100,False,False,False,3.5104218903323563,3.4781527462321247,3.4781527462321247,0.0,4,4,915,1.5275827482447393,,0
2016-03-25,2016-03-25,0,70e4948f4304e28543a647331d1e6548bc6a8c1006d4bd24ce64fee3e0d00cfa,v11_85ae599b865950104870,False,False,False,513100,513100,513100,False,False,False,3.4781527462321247,3.494287318282241,3.494287318282241,0.0,5,5,915,1.5275827482447393,,0
2016-03-28,2016-03-28,0,70e4948f4304e28543a647331d1e6548bc6a8c1006d4bd24ce64fee3e0d00cfa,v11_85ae599b865950104870,False,False,False,513100,513100,513100,False,False,False,3.494287318282241,3.508116951468055,3.508116951468055,0.0,6,6,915,1.5275827482447393,,0
2016-03-29,2016-03-29,0,70e4948f4304e28543a647331d1e6548bc6a8c1006d4bd24ce64fee3e0d00cfa,v11_85ae599b865950104870,False,False,False,513100,513100,513100,False,False,False,3.508116951468055,3.4919823794179385,3.4919823794179385,0.0,7,7,915,1.5275827482447393,,0
2016-03-30,2016-03-30,0,70e4948f4304e28543a647331d1e6548bc6a8c1006d4bd24ce64fee3e0d00cfa,v11_85ae599b865950104870,False,False,False,513100,513100,513100,False,False,False,3.4919823794179385,3.5334712789753793,3.5334712789753793,0.0,8,8,915,1.537612838515552,,0
2016-03-31,2016-03-31,0,70e4948f4304e28543a647331d1e6548bc6a8c1006d4bd24ce64fee3e0d00cfa,v11_85ae599b865950104870,False,False,False,513100,513100,513100,False,False,False,3.5334712789753793,3.538081156703984,3.538081156703984,0.0,9,9,915,1.5396188565697146,,0
2016-04-01,2016-04-01,0,70e4948f4304e28543a647331d1e6548bc6a8c1006d4bd24ce64fee3e0d00cfa,v11_85ae599b865950104870,False,False,False,513100,513100,513100,False,False,False,3.538081156703984,3.519641645789566,3.519641645789566,0.0,10,10,915,1.5396188565697146,,0
2016-04-05,2016-04-05,0,70e4948f4304e28543a647331d1e6548bc6a8c1006d4bd24ce64fee3e0d00cfa,v11_85ae599b865950104870,False,False,False,513100,513100,513100,False,False,False,3.519641645789566,3.540386095568287,3.540386095568287,0.0,11,11,915,1.540621865596796,,0
2016-04-06,2016-04-06,0,70e4948f4304e28543a647331d1e6548bc6a8c1006d4bd24ce64fee3e0d00cfa,v11_85ae599b865950104870,False,False,False,513100,513100,513100,False,False,False,3.540386095568287,3.540386095568287,3.540386095568287,0.0,12,12,915,1.540621865596796,,0
2016-04-07,2016-04-07,0,70e4948f4304e28543a647331d1e6548bc6a8c1006d4bd24ce64fee3e0d00cfa,v11_85ae599b865950104870,False,False,False,513100,513100,513100,False,False,False,3.540386095568287,3.579570056261425,3.579570056261425,0.0,13,13,915,1.557673019057177,,0
2016-04-08,2016-04-08,0,70e4948f4304e28543a647331d1e6548bc6a8c1006d4bd24ce64fee3e0d00cfa,v11_85ae599b865950104870,False,False,False,513100,513100,513100,False,False,False,3.579570056261425,3.540386095568287,3.540386095568287,0.0,14,14,915,1.557673019057177,,0
2016-04-11,2016-04-11,0,70e4948f4304e28543a647331d1e6548bc6a8c1006d4bd24ce64fee3e0d00cfa,v11_85ae599b865950104870,False,False,False,513100,513100,513100,False,False,False,3.540386095568287,3.5334712789753797,3.5334712789753797,0.0,15,15,915,1.557673019057177,,0
2016-04-12,2016-04-12,0,70e4948f4304e28543a647331d1e6548bc6a8c1006d4bd24ce64fee3e0d00cfa,v11_85ae599b865950104870,False,False,False,513100,513100,513100,False,False,False,3.5334712789753797,3.5081169514680552,3.5081169514680552,0.0,16,16,915,1.557673019057177,,0
2016-04-13,2016-04-13,0,70e4948f4304e28543a647331d1e6548bc6a8c1006d4bd24ce64fee3e0d00cfa,v11_85ae599b865950104870,False,False,False,513100,513100,513100,False,False,False,3.5081169514680552,3.5311663401110778,3.5311663401110778,0.0,17,17,915,1.557673019057177,,0
2016-04-14,2016-04-14,0,70e4948f4304e28543a647331d1e6548bc6a8c1006d4bd24ce64fee3e0d00cfa,v11_85ae599b865950104870,False,False,False,513100,513100,513100,False,False,False,3.5311663401110778,3.570350300804216,3.570350300804216,0.0,18,18,915,1.557673019057177,,0
2016-04-15,2016-04-15,0,70e4948f4304e28543a647331d1e6548bc6a8c1006d4bd24ce64fee3e0d00cfa,v11_85ae599b865950104870,False,False,False,513100,513100,513100,False,False,False,3.570350300804216,3.581874995125728,3.581874995125728,0.0,19,19,915,1.5586760280842584,,0
2016-04-18,2016-04-18,0,70e4948f4304e28543a647331d1e6548bc6a8c1006d4bd24ce64fee3e0d00cfa,v11_85ae599b865950104870,False,False,False,513100,513100,513100,False,False,False,3.581874995125728,3.572655239668519,3.572655239668519,0.0,20,20,915,1.5586760280842584,,0
2016-04-19,2016-04-19,0,70e4948f4304e28543a647331d1e6548bc6a8c1006d4bd24ce64fee3e0d00cfa,v11_85ae599b865950104870,False,False,False,513100,513100,513100,False,False,False,3.572655239668519,3.586484872854333,3.586484872854333,0.0,21,21,915,1.560682046138421,,0
2016-04-20,2016-04-20,0,70e4948f4304e28543a647331d1e6548bc6a8c1006d4bd24ce64fee3e0d00cfa,v11_85ae599b865950104870,False,False,False,513100,513100,513100,False,False,False,3.586484872854333,3.56343548421131,3.56343548421131,0.0,22,22,915,1.560682046138421,,0
2016-04-21,2016-04-21,0,70e4948f4304e28543a647331d1e6548bc6a8c1006d4bd24ce64fee3e0d00cfa,v11_85ae599b865950104870,False,False,False,513100,513100,513100,False,False,False,3.56343548421131,3.5749601785328204,3.5749601785328204,0.0,23,23,915,1.560682046138421,,0
2016-04-22,2016-04-22,0,70e4948f4304e28543a647331d1e6548bc6a8c1006d4bd24ce64fee3e0d00cfa,v11_85ae599b865950104870,False,False,False,513100,513100,513100,False,False,False,3.5749601785328204,3.5657404230756113,3.5657404230756113,0.0,24,24,915,1.560682046138421,,0
2016-04-25,2016-04-25,0,70e4948f4304e28543a647331d1e6548bc6a8c1006d4bd24ce64fee3e0d00cfa,v11_85ae599b865950104870,False,False,False,513100,513100,513100,False,False,False,3.5657404230756113,3.535776217839682,3.535776217839682,0.0,25,25,915,1.560682046138421,,0
2016-04-26,2016-04-26,0,70e4948f4304e28543a647331d1e6548bc6a8c1006d4bd24ce64fee3e0d00cfa,v11_85ae599b865950104870,False,False,False,513100,513100,513100,False,False,False,3.535776217839682,3.5334712789753797,3.5334712789753797,0.0,26,26,915,1.560682046138421,,0
2016-04-27,2016-04-27,0,70e4948f4304e28543a647331d1e6548bc6a8c1006d4bd24ce64fee3e0d00cfa,v11_85ae599b865950104870,False,False,False,513100,513100,513100,False,False,False,3.5334712789753797,3.5081169514680552,3.5081169514680552,0.0,27,27,915,1.560682046138421,,0
2016-04-28,2016-04-28,0,70e4948f4304e28543a647331d1e6548bc6a8c1006d4bd24ce64fee3e0d00cfa,v11_85ae599b865950104870,False,False,False,513100,518880,518880,False,False,True,3.5081169514680552,3.501202134875148,3.500501894448173,0.0007002404269750296,28,0,915,0.9950495049504972,,0
2016-04-29,2016-04-29,0,70e4948f4304e28543a647331d1e6548bc6a8c1006d4bd24ce64fee3e0d00cfa,v11_85ae599b865950104870,False,False,False,518880,518880,518880,False,False,False,3.500501894448173,3.563465380494505,3.563465380494505,0.0,1,1,915,1.0129474485910153,,0
2016-05-03,2016-05-03,0,70e4948f4304e28543a647331d1e6548bc6a8c1006d4bd24ce64fee3e0d00cfa,v11_85ae599b865950104870,False,False,False,518880,518880,518880,False,False,False,3.563465380494505,3.6197306233444175,3.6197306233444175,0.0,2,2,915,1.0289413556740312,,0
2016-05-04,2016-05-04,0,70e4948f4304e28543a647331d1e6548bc6a8c1006d4bd24ce64fee3e0d00cfa,v11_85ae599b865950104870,False,False,False,518880,518880,518880,False,False,False,3.6197306233444175,3.5862394073623265,3.5862394073623265,0.0,3,3,915,1.0289413556740312,,0
2016-05-05,2016-05-05,0,70e4948f4304e28543a647331d1e6548bc6a8c1006d4bd24ce64fee3e0d00cfa,v11_85ae599b865950104870,False,False,False,518880,518880,518880,False,False,False,3.5862394073623265,3.5835601100837584,3.5835601100837584,0.0,4,4,915,1.0289413556740312,,0
2016-05-06,2016-05-06,0,70e4948f4304e28543a647331d1e6548bc6a8c1006d4bd24ce64fee3e0d00cfa,v11_85ae599b865950104870,False,False,False,518880,518880,518880,False,False,False,3.5835601100837584,3.5902583532801766,3.5902583532801766,0.0,5,5,915,1.0289413556740312,,0
2016-05-09,2016-05-09,0,70e4948f4304e28543a647331d1e6548bc6a8c1006d4bd24ce64fee3e0d00cfa,v11_85ae599b865950104870,False,False,False,518880,518880,518880,False,False,False,3.5902583532801766,3.5768618668873398,3.5768618668873398,0.0,6,6,915,1.0289413556740312,,0
2016-05-10,2016-05-10,0,70e4948f4304e28543a647331d1e6548bc6a8c1006d4bd24ce64fee3e0d00cfa,v11_85ae599b865950104870,False,False,False,518880,518880,518880,False,False,False,3.5768618668873398,3.5594464345766523,3.5594464345766523,0.0,7,7,915,1.0289413556740312,,0
2016-05-11,2016-05-11,0,70e4948f4304e28543a647331d1e6548bc6a8c1006d4bd24ce64fee3e0d00cfa,v11_85ae599b865950104870,False,False,False,518880,518880,518880,False,False,False,3.5594464345766523,3.5755222182480564,3.5755222182480564,0.0,8,8,915,1.0289413556740312,,0
2016-05-12,2016-05-12,0,70e4948f4304e28543a647331d1e6548bc6a8c1006d4bd24ce64fee3e0d00cfa,v11_85ae599b865950104870,False,False,False,518880,518880,518880,False,False,False,3.5755222182480564,3.5634653804945042,3.5634653804945042,0.0,9,9,915,1.0289413556740312,,0
2016-05-13,2016-05-13,0,70e4948f4304e28543a647331d1e6548bc6a8c1006d4bd24ce64fee3e0d00cfa,v11_85ae599b865950104870,False,False,False,518880,518880,518880,False,False,False,3.5634653804945042,3.5929376505587443,3.5929376505587443,0.0,10,10,915,1.0289413556740312,,0
2016-05-16,2016-05-16,0,70e4948f4304e28543a647331d1e6548bc6a8c1006d4bd24ce64fee3e0d00cfa,v11_85ae599b865950104870,False,False,False,518880,518880,518880,False,False,False,3.5929376505587443,3.6103530828694317,3.6103530828694317,0.0,11,11,915,1.0289413556740312,,0
2016-05-17,2016-05-17,0,70e4948f4304e28543a647331d1e6548bc6a8c1006d4bd24ce64fee3e0d00cfa,v11_85ae599b865950104870,False,False,False,518880,518880,518880,False,False,False,3.6103530828694317,3.5929376505587443,3.5929376505587443,0.0,12,12,915,1.0289413556740312,,0
2016-05-18,2016-05-18,0,70e4948f4304e28543a647331d1e6548bc6a8c1006d4bd24ce64fee3e0d00cfa,v11_85ae599b865950104870,False,False,False,518880,518880,518880,False,False,False,3.5929376505587443,3.591598001919461,3.591598001919461,0.0,13,13,915,1.0289413556740312,,0
2016-05-19,2016-05-19,0,70e4948f4304e28543a647331d1e6548bc6a8c1006d4bd24ce64fee3e0d00cfa,v11_85ae599b865950104870,False,False,False,518880,518880,518880,False,False,False,3.591598001919461,3.5366724077088314,3.5366724077088314,0.0,14,14,915,1.0289413556740312,,0
2016-05-20,2016-05-20,0,70e4948f4304e28543a647331d1e6548bc6a8c1006d4bd24ce64fee3e0d00cfa,v11_85ae599b865950104870,False,False,False,518880,518880,518880,False,False,False,3.5366724077088314,3.5339931104302633,3.5339931104302633,0.0,15,15,915,1.0289413556740312,,0
2016-05-23,2016-05-23,0,70e4948f4304e28543a647331d1e6548bc6a8c1006d4bd24ce64fee3e0d00cfa,v11_85ae599b865950104870,False,False,False,518880,518880,518880,False,False,False,3.5339931104302633,3.5299741645124127,3.5299741645124127,0.0,16,16,915,1.0289413556740312,,0
2016-05-24,2016-05-24,0,70e4948f4304e28543a647331d1e6548bc6a8c1006d4bd24ce64fee3e0d00cfa,v11_85ae599b865950104870,False,False,False,518880,518880,518880,False,False,False,3.5299741645124127,3.5138983808410096,3.5138983808410096,0.0,17,17,915,1.0289413556740312,,0
2016-05-25,2016-05-25,0,70e4948f4304e28543a647331d1e6548bc6a8c1006d4bd24ce64fee3e0d00cfa,v11_85ae599b865950104870,False,False,False,518880,518880,518880,False,False,False,3.5138983808410096,3.4576331379910963,3.4576331379910963,0.0,18,18,915,1.0289413556740312,,0
2016-05-26,2016-05-26,0,70e4948f4304e28543a647331d1e6548bc6a8c1006d4bd24ce64fee3e0d00cfa,v11_85ae599b865950104870,False,False,False,518880,513100,513100,False,False,True,3.4576331379910963,3.471029624383933,3.4703354184590562,0.0006942059248767866,19,0,915,1.550651955867608,,0
2016-05-27,2016-05-27,0,70e4948f4304e28543a647331d1e6548bc6a8c1006d4bd24ce64fee3e0d00cfa,v11_85ae599b865950104870,False,False,False,513100,513100,513100,False,False,False,3.4703354184590562,3.486048450754795,3.486048450754795,0.0,1,1,915,1.5576730190571764,,0
2016-05-30,2016-05-30,0,70e4948f4304e28543a647331d1e6548bc6a8c1006d4bd24ce64fee3e0d00cfa,v11_85ae599b865950104870,False,False,False,513100,513100,513100,False,False,False,3.486048450754795,3.5197192342456662,3.5197192342456662,0.0,2,2,915,1.5727181544633952,,0
2016-05-31,2016-05-31,0,70e4948f4304e28543a647331d1e6548bc6a8c1006d4bd24ce64fee3e0d00cfa,v11_85ae599b865950104870,False,False,False,513100,513100,513100,False,False,False,3.5197192342456662,3.5376769854407972,3.5376769854407972,0.0,3,3,915,1.580742226680045,,0
2016-06-01,2016-06-01,0,70e4948f4304e28543a647331d1e6548bc6a8c1006d4bd24ce64fee3e0d00cfa,v11_85ae599b865950104870,False,False,False,513100,513100,513100,False,False,False,3.5376769854407972,3.5399217043401885,3.5399217043401885,0.0,4,4,915,1.5817452357071262,,0
2016-06-02,2016-06-02,0,70e4948f4304e28543a647331d1e6548bc6a8c1006d4bd24ce64fee3e0d00cfa,v11_85ae599b865950104870,False,False,False,513100,513100,513100,False,False,False,3.5399217043401885,3.5264533909438405,3.5264533909438405,0.0,5,5,915,1.5817452357071262,,0
2016-06-03,2016-06-03,0,70e4948f4304e28543a647331d1e6548bc6a8c1006d4bd24ce64fee3e0d00cfa,v11_85ae599b865950104870,False,False,False,513100,513100,513100,False,False,False,3.5264533909438405,3.5264533909438405,3.5264533909438405,0.0,6,6,915,1.5817452357071262,,0
2016-06-06,2016-06-06,0,70e4948f4304e28543a647331d1e6548bc6a8c1006d4bd24ce64fee3e0d00cfa,v11_85ae599b865950104870,False,False,False,513100,513100,513100,False,False,False,3.5264533909438405,3.5017614830505357,3.5017614830505357,0.0,7,7,915,1.5817452357071262,,0
2016-06-07,2016-06-07,0,70e4948f4304e28543a647331d1e6548bc6a8c1006d4bd24ce64fee3e0d00cfa,v11_85ae599b865950104870,False,False,False,513100,513100,513100,False,False,False,3.5017614830505357,3.5152297964468837,3.5152297964468837,0.0,8,8,915,1.5817452357071262,,0
2016-06-08,2016-06-08,0,70e4948f4304e28543a647331d1e6548bc6a8c1006d4bd24ce64fee3e0d00cfa,v11_85ae599b865950104870,False,False,False,513100,513100,513100,False,False,False,3.5152297964468837,3.5017614830505353,3.5017614830505353,0.0,9,9,915,1.5817452357071262,,0
2016-06-13,2016-06-13,0,70e4948f4304e28543a647331d1e6548bc6a8c1006d4bd24ce64fee3e0d00cfa,v11_85ae599b865950104870,False,False,False,513100,513100,513100,False,False,False,3.5017614830505353,3.4568671050627082,3.4568671050627082,0.0,10,10,915,1.5817452357071262,,0
2016-06-14,2016-06-14,0,70e4948f4304e28543a647331d1e6548bc6a8c1006d4bd24ce64fee3e0d00cfa,v11_85ae599b865950104870,False,False,False,513100,513100,513100,False,False,False,3.4568671050627082,3.4546223861633165,3.4546223861633165,0.0,11,11,915,1.5817452357071262,,0
2016-06-15,2016-06-15,0,70e4948f4304e28543a647331d1e6548bc6a8c1006d4bd24ce64fee3e0d00cfa,v11_85ae599b865950104870,False,False,False,513100,513100,513100,False,False,False,3.4546223861633165,3.4793142940566217,3.4793142940566217,0.0,12,12,915,1.5817452357071262,,0
2016-06-16,2016-06-16,0,70e4948f4304e28543a647331d1e6548bc6a8c1006d4bd24ce64fee3e0d00cfa,v11_85ae599b865950104870,False,False,False,513100,513100,513100,False,False,False,3.4793142940566217,3.4748248562578388,3.4748248562578388,0.0,13,13,915,1.5817452357071262,,0
2016-06-17,2016-06-17,0,70e4948f4304e28543a647331d1e6548bc6a8c1006d4bd24ce64fee3e0d00cfa,v11_85ae599b865950104870,False,False,False,513100,513100,513100,False,False,False,3.4748248562578388,3.4793142940566213,3.4793142940566213,0.0,14,14,915,1.5817452357071262,,0
2016-06-20,2016-06-20,0,70e4948f4304e28543a647331d1e6548bc6a8c1006d4bd24ce64fee3e0d00cfa,v11_85ae599b865950104870,False,False,False,513100,513100,513100,False,False,False,3.4793142940566213,3.4882931696541872,3.4882931696541872,0.0,15,15,915,1.5817452357071262,,0
2016-06-21,2016-06-21,0,70e4948f4304e28543a647331d1e6548bc6a8c1006d4bd24ce64fee3e0d00cfa,v11_85ae599b865950104870,False,False,False,513100,513100,513100,False,False,False,3.4882931696541872,3.4703354184590562,3.4703354184590562,0.0,16,16,915,1.5817452357071262,,0
2016-06-22,2016-06-22,0,70e4948f4304e28543a647331d1e6548bc6a8c1006d4bd24ce64fee3e0d00cfa,v11_85ae599b865950104870,False,False,False,513100,513100,513100,False,False,False,3.4703354184590562,3.459111823962099,3.459111823962099,0.0,17,17,915,1.5817452357071262,,0
2016-06-23,2016-06-23,0,70e4948f4304e28543a647331d1e6548bc6a8c1006d4bd24ce64fee3e0d00cfa,v11_85ae599b865950104870,False,False,False,513100,513100,513100,False,False,False,3.459111823962099,3.4658459806602733,3.4658459806602733,0.0,18,18,915,1.5817452357071262,,0
2016-06-24,2016-06-24,0,70e4948f4304e28543a647331d1e6548bc6a8c1006d4bd24ce64fee3e0d00cfa,v11_85ae599b865950104870,False,False,False,513100,518880,518880,False,False,True,3.4658459806602733,3.434419916068794,3.43373303208558,0.0006868839832137588,19,0,915,1.0681645087585705,,0
2016-06-27,2016-06-27,0,70e4948f4304e28543a647331d1e6548bc6a8c1006d4bd24ce64fee3e0d00cfa,v11_85ae599b865950104870,False,False,False,518880,518880,518880,False,False,False,3.43373303208558,3.4618884188014327,3.4618884188014327,0.0,1,1,915,1.076923076923079,,0
2016-06-28,2016-06-28,0,70e4948f4304e28543a647331d1e6548bc6a8c1006d4bd24ce64fee3e0d00cfa,v11_85ae599b865950104870,False,False,False,518880,518880,518880,False,False,False,3.4618884188014327,3.4484227990677634,3.4484227990677634,0.0,2,2,915,1.076923076923079,,0
2016-06-29,2016-06-29,0,70e4948f4304e28543a647331d1e6548bc6a8c1006d4bd24ce64fee3e0d00cfa,v11_85ae599b865950104870,False,False,False,518880,518880,518880,False,False,False,3.4484227990677634,3.4643367132984633,3.4643367132984633,0.0,3,3,915,1.0776846915460798,,0
2016-06-30,2016-06-30,0,70e4948f4304e28543a647331d1e6548bc6a8c1006d4bd24ce64fee3e0d00cfa,v11_85ae599b865950104870,False,False,False,518880,518880,518880,False,False,False,3.4643367132984633,3.449646946316279,3.449646946316279,0.0,4,4,915,1.0776846915460798,,0
2016-07-01,2016-07-01,0,70e4948f4304e28543a647331d1e6548bc6a8c1006d4bd24ce64fee3e0d00cfa,v11_85ae599b865950104870,False,False,False,518880,518880,518880,False,False,False,3.449646946316279,3.498612836256893,3.498612836256893,0.0,5,5,915,1.0883472962680905,,0
2016-07-04,2016-07-04,0,70e4948f4304e28543a647331d1e6548bc6a8c1006d4bd24ce64fee3e0d00cfa,v11_85ae599b865950104870,False,False,False,518880,518880,518880,False,False,False,3.498612836256893,3.5488028734460224,3.5488028734460224,0.0,6,6,915,1.103960396039606,,0
2016-07-05,2016-07-05,0,70e4948f4304e28543a647331d1e6548bc6a8c1006d4bd24ce64fee3e0d00cfa,v11_85ae599b865950104870,False,False,False,518880,518880,518880,False,False,False,3.5488028734460224,3.5377855482093836,3.5377855482093836,0.0,7,7,915,1.103960396039606,,0
2016-07-06,2016-07-06,0,70e4948f4304e28543a647331d1e6548bc6a8c1006d4bd24ce64fee3e0d00cfa,v11_85ae599b865950104870,False,False,False,518880,518880,518880,False,False,False,3.5377855482093836,3.607561941374759,3.607561941374759,0.0,8,8,915,1.1222391469916242,,0
2016-07-07,2016-07-07,0,70e4948f4304e28543a647331d1e6548bc6a8c1006d4bd24ce64fee3e0d00cfa,v11_85ae599b865950104870,False,False,False,518880,518880,518880,False,False,False,3.607561941374759,3.5940963216410897,3.5940963216410897,0.0,9,9,915,1.1222391469916242,,0
2016-07-08,2016-07-08,0,70e4948f4304e28543a647331d1e6548bc6a8c1006d4bd24ce64fee3e0d00cfa,v11_85ae599b865950104870,False,False,False,518880,518880,518880,False,False,False,3.5940963216410897,3.5696133766707825,3.5696133766707825,0.0,10,10,915,1.1222391469916242,,0
2016-07-11,2016-07-11,0,70e4948f4304e28543a647331d1e6548bc6a8c1006d4bd24ce64fee3e0d00cfa,v11_85ae599b865950104870,False,False,False,518880,518880,518880,False,False,False,3.5696133766707825,3.6014412051321822,3.6014412051321822,0.0,11,11,915,1.1222391469916242,,0
2016-07-12,2016-07-12,0,70e4948f4304e28543a647331d1e6548bc6a8c1006d4bd24ce64fee3e0d00cfa,v11_85ae599b865950104870,False,False,False,518880,518880,518880,False,False,False,3.6014412051321822,3.5732858184163288,3.5732858184163288,0.0,12,12,915,1.1222391469916242,,0
2016-07-13,2016-07-13,0,70e4948f4304e28543a647331d1e6548bc6a8c1006d4bd24ce64fee3e0d00cfa,v11_85ae599b865950104870,False,False,False,518880,518880,518880,False,False,False,3.5732858184163288,3.540233842706414,3.540233842706414,0.0,13,13,915,1.1222391469916242,,0
2016-07-14,2016-07-14,0,70e4948f4304e28543a647331d1e6548bc6a8c1006d4bd24ce64fee3e0d00cfa,v11_85ae599b865950104870,False,False,False,518880,510300,510300,False,False,True,3.540233842706414,3.5157508977361074,3.5150477475565602,0.0007031501795472215,14,0,915,1.3559288616856904,,0
2016-07-15,2016-07-15,0,70e4948f4304e28543a647331d1e6548bc6a8c1006d4bd24ce64fee3e0d00cfa,v11_85ae599b865950104870,False,False,False,510300,510300,510300,False,False,False,3.5150477475565602,3.519284020828698,3.519284020828698,0.0,1,1,915,1.3575630031279147,,0
2016-07-18,2016-07-18,0,70e4948f4304e28543a647331d1e6548bc6a8c1006d4bd24ce64fee3e0d00cfa,v11_85ae599b865950104870,False,False,False,510300,510300,510300,False,False,False,3.519284020828698,3.506575201012284,3.506575201012284,0.0,2,2,915,1.3575630031279147,,0
2016-07-19,2016-07-19,0,70e4948f4304e28543a647331d1e6548bc6a8c1006d4bd24ce64fee3e0d00cfa,v11_85ae599b865950104870,False,False,False,510300,510300,510300,False,False,False,3.506575201012284,3.4885710396056973,3.4885710396056973,0.0,3,3,915,1.3575630031279147,,0
2016-07-20,2016-07-20,0,70e4948f4304e28543a647331d1e6548bc6a8c1006d4bd24ce64fee3e0d00cfa,v11_85ae599b865950104870,False,False,False,510300,510300,510300,False,False,False,3.4885710396056973,3.4811575613794554,3.4811575613794554,0.0,4,4,915,1.3575630031279147,,0
2016-07-21,2016-07-21,0,70e4948f4304e28543a647331d1e6548bc6a8c1006d4bd24ce64fee3e0d00cfa,v11_85ae599b865950104870,False,False,False,510300,510300,510300,False,False,False,3.4811575613794554,3.500220791104077,3.500220791104077,0.0,5,5,915,1.3575630031279147,,0
2016-07-22,2016-07-22,0,70e4948f4304e28543a647331d1e6548bc6a8c1006d4bd24ce64fee3e0d00cfa,v11_85ae599b865950104870,False,False,False,510300,513100,513100,False,False,True,3.500220791104077,3.4695078098810757,3.4688139083190994,0.0006939015619762152,6,0,915,1.6419257773320004,,0
2016-07-25,2016-07-25,0,70e4948f4304e28543a647331d1e6548bc6a8c1006d4bd24ce64fee3e0d00cfa,v11_85ae599b865950104870,False,False,False,513100,513100,513100,False,False,False,3.4688139083190994,3.4815279483007213,3.4815279483007213,0.0,1,1,915,1.6479438314944879,,0
2016-07-26,2016-07-26,0,70e4948f4304e28543a647331d1e6548bc6a8c1006d4bd24ce64fee3e0d00cfa,v11_85ae599b865950104870,False,False,False,513100,513100,513100,False,False,False,3.4815279483007213,3.4900039749551355,3.4900039749551355,0.0,2,2,915,1.6519558676028128,,0
2016-07-27,2016-07-27,0,70e4948f4304e28543a647331d1e6548bc6a8c1006d4bd24ce64fee3e0d00cfa,v11_85ae599b865950104870,False,False,False,513100,513100,513100,False,False,False,3.4900039749551355,3.4942419882823432,3.4942419882823432,0.0,3,3,915,1.6539618856569753,,0
2016-07-28,2016-07-28,0,70e4948f4304e28543a647331d1e6548bc6a8c1006d4bd24ce64fee3e0d00cfa,v11_85ae599b865950104870,False,False,False,513100,513100,513100,False,False,False,3.4942419882823432,3.5090750349275686,3.5090750349275686,0.0,4,4,915,1.660982948846544,,0
2016-07-29,2016-07-29,0,70e4948f4304e28543a647331d1e6548bc6a8c1006d4bd24ce64fee3e0d00cfa,v11_85ae599b865950104870,False,False,False,513100,513100,513100,False,False,False,3.5090750349275686,3.5281460949000016,3.5281460949000016,0.0,5,5,915,1.6700100300902754,,0
2016-08-01,2016-08-01,0,70e4948f4304e28543a647331d1e6548bc6a8c1006d4bd24ce64fee3e0d00cfa,v11_85ae599b865950104870,False,False,False,513100,513100,513100,False,False,False,3.5281460949000016,3.5387411282180197,3.5387411282180197,0.0,6,6,915,1.6750250752256817,,0
2016-08-02,2016-08-02,0,70e4948f4304e28543a647331d1e6548bc6a8c1006d4bd24ce64fee3e0d00cfa,v11_85ae599b865950104870,False,False,False,513100,513100,513100,False,False,False,3.5387411282180197,3.555693181526848,3.555693181526848,0.0,7,7,915,1.6830491474423315,,0
2016-08-03,2016-08-03,0,70e4948f4304e28543a647331d1e6548bc6a8c1006d4bd24ce64fee3e0d00cfa,v11_85ae599b865950104870,False,False,False,513100,513100,513100,False,False,False,3.555693181526848,3.5048370216003617,3.5048370216003617,0.0,8,8,915,1.6830491474423315,,0
2016-08-04,2016-08-04,0,70e4948f4304e28543a647331d1e6548bc6a8c1006d4bd24ce64fee3e0d00cfa,v11_85ae599b865950104870,False,False,False,513100,513100,513100,False,False,False,3.5048370216003617,3.5090750349275686,3.5090750349275686,0.0,9,9,915,1.6830491474423315,,0
2016-08-05,2016-08-05,0,70e4948f4304e28543a647331d1e6548bc6a8c1006d4bd24ce64fee3e0d00cfa,v11_85ae599b865950104870,False,False,False,513100,513100,513100,False,False,False,3.5090750349275686,3.534503114890812,3.534503114890812,0.0,10,10,915,1.6830491474423315,,0
2016-08-08,2016-08-08,0,70e4948f4304e28543a647331d1e6548bc6a8c1006d4bd24ce64fee3e0d00cfa,v11_85ae599b865950104870,False,False,False,513100,513100,513100,False,False,False,3.534503114890812,3.5768832481628836,3.5768832481628836,0.0,11,11,915,1.6930792377131436,,0
2016-08-09,2016-08-09,0,70e4948f4304e28543a647331d1e6548bc6a8c1006d4bd24ce64fee3e0d00cfa,v11_85ae599b865950104870,False,False,False,513100,513100,513100,False,False,False,3.5768832481628836,3.5917162948081094,3.5917162948081094,0.0,12,12,915,1.7001003009027125,,0
2016-08-10,2016-08-10,0,70e4948f4304e28543a647331d1e6548bc6a8c1006d4bd24ce64fee3e0d00cfa,v11_85ae599b865950104870,False,False,False,513100,513100,513100,False,False,False,3.5917162948081094,3.602311328126127,3.602311328126127,0.0,13,13,915,1.7051153460381185,,0
2016-08-11,2016-08-11,0,70e4948f4304e28543a647331d1e6548bc6a8c1006d4bd24ce64fee3e0d00cfa,v11_85ae599b865950104870,False,False,False,513100,513100,513100,False,False,False,3.602311328126127,3.587478281480902,3.587478281480902,0.0,14,14,915,1.7051153460381185,,0
2016-08-12,2016-08-12,0,70e4948f4304e28543a647331d1e6548bc6a8c1006d4bd24ce64fee3e0d00cfa,v11_85ae599b865950104870,False,False,False,513100,513100,513100,False,False,False,3.587478281480902,3.6065493414533343,3.6065493414533343,0.0,15,15,915,1.707121364092281,,0
2016-08-15,2016-08-15,0,70e4948f4304e28543a647331d1e6548bc6a8c1006d4bd24ce64fee3e0d00cfa,v11_85ae599b865950104870,False,False,False,513100,513100,513100,False,False,False,3.6065493414533343,3.5980733147989192,3.5980733147989192,0.0,16,16,915,1.707121364092281,,0
2016-08-16,2016-08-16,0,70e4948f4304e28543a647331d1e6548bc6a8c1006d4bd24ce64fee3e0d00cfa,v11_85ae599b865950104870,False,False,False,513100,513100,513100,False,False,False,3.5980733147989192,3.606549341453334,3.606549341453334,0.0,17,17,915,1.707121364092281,,0
2016-08-17,2016-08-17,0,70e4948f4304e28543a647331d1e6548bc6a8c1006d4bd24ce64fee3e0d00cfa,v11_85ae599b865950104870,False,False,False,513100,513100,513100,False,False,False,3.606549341453334,3.576883248162883,3.576883248162883,0.0,18,18,915,1.707121364092281,,0
2016-08-18,2016-08-18,0,70e4948f4304e28543a647331d1e6548bc6a8c1006d4bd24ce64fee3e0d00cfa,v11_85ae599b865950104870,False,False,False,513100,513100,513100,False,False,False,3.576883248162883,3.5853592748172978,3.5853592748172978,0.0,19,19,915,1.707121364092281,,0
2016-08-19,2016-08-19,0,70e4948f4304e28543a647331d1e6548bc6a8c1006d4bd24ce64fee3e0d00cfa,v11_85ae599b865950104870,False,False,False,513100,513100,513100,False,False,False,3.5853592748172978,3.5832402681536943,3.5832402681536943,0.0,20,20,915,1.707121364092281,,0
2016-08-22,2016-08-22,0,70e4948f4304e28543a647331d1e6548bc6a8c1006d4bd24ce64fee3e0d00cfa,v11_85ae599b865950104870,False,False,False,513100,513100,513100,False,False,False,3.5832402681536943,3.5832402681536943,3.5832402681536943,0.0,21,21,915,1.707121364092281,,0
2016-08-23,2016-08-23,0,70e4948f4304e28543a647331d1e6548bc6a8c1006d4bd24ce64fee3e0d00cfa,v11_85ae599b865950104870,False,False,False,513100,513100,513100,False,False,False,3.5832402681536943,3.6086683481169373,3.6086683481169373,0.0,22,22,915,1.7081243731193625,,0
2016-08-24,2016-08-24,0,70e4948f4304e28543a647331d1e6548bc6a8c1006d4bd24ce64fee3e0d00cfa,v11_85ae599b865950104870,False,False,False,513100,513100,513100,False,False,False,3.6086683481169373,3.6171443747713514,3.6171443747713514,0.0,23,23,915,1.7121364092276874,,0
2016-08-25,2016-08-25,0,70e4948f4304e28543a647331d1e6548bc6a8c1006d4bd24ce64fee3e0d00cfa,v11_85ae599b865950104870,False,False,False,513100,513100,513100,False,False,False,3.6171443747713514,3.591716294808108,3.591716294808108,0.0,24,24,915,1.7121364092276874,,0
2016-08-26,2016-08-26,0,70e4948f4304e28543a647331d1e6548bc6a8c1006d4bd24ce64fee3e0d00cfa,v11_85ae599b865950104870,False,False,False,513100,513100,513100,False,False,False,3.591716294808108,3.600192321462522,3.600192321462522,0.0,25,25,915,1.7121364092276874,,0
2016-08-29,2016-08-29,0,70e4948f4304e28543a647331d1e6548bc6a8c1006d4bd24ce64fee3e0d00cfa,v11_85ae599b865950104870,False,False,False,513100,510300,510300,False,False,True,3.600192321462522,3.5895972881445037,3.5888793686868747,0.0007179194576289008,26,0,915,1.373087346829046,,0
2016-08-30,2016-08-30,0,70e4948f4304e28543a647331d1e6548bc6a8c1006d4bd24ce64fee3e0d00cfa,v11_85ae599b865950104870,False,False,False,510300,510300,510300,False,False,False,3.5888793686868747,3.603828583551979,3.603828583551979,0.0,1,1,915,1.3788068418768313,,0
2016-08-31,2016-08-31,0,70e4948f4304e28543a647331d1e6548bc6a8c1006d4bd24ce64fee3e0d00cfa,v11_85ae599b865950104870,False,False,False,510300,510300,510300,False,False,False,3.603828583551979,3.6187777984170832,3.6187777984170832,0.0,2,2,915,1.3845263369246166,,0
2016-09-01,2016-09-01,0,70e4948f4304e28543a647331d1e6548bc6a8c1006d4bd24ce64fee3e0d00cfa,v11_85ae599b865950104870,False,False,False,510300,510300,510300,False,False,False,3.6187777984170832,3.5803369601925294,3.5803369601925294,0.0,3,3,915,1.3845263369246166,,0
2016-09-02,2016-09-02,0,70e4948f4304e28543a647331d1e6548bc6a8c1006d4bd24ce64fee3e0d00cfa,v11_85ae599b865950104870,False,False,False,510300,510300,510300,False,False,False,3.5803369601925294,3.5963539761194263,3.5963539761194263,0.0,4,4,915,1.3845263369246166,,0
2016-09-05,2016-09-05,0,70e4948f4304e28543a647331d1e6548bc6a8c1006d4bd24ce64fee3e0d00cfa,v11_85ae599b865950104870,False,False,False,510300,510300,510300,False,False,False,3.5963539761194263,3.6038285835519788,3.6038285835519788,0.0,5,5,915,1.3845263369246166,,0
2016-09-06,2016-09-06,0,70e4948f4304e28543a647331d1e6548bc6a8c1006d4bd24ce64fee3e0d00cfa,v11_85ae599b865950104870,False,False,False,510300,510300,510300,False,False,False,3.6038285835519788,3.6347948143439806,3.6347948143439806,0.0,6,6,915,1.390654367332958,,0
2016-09-07,2016-09-07,0,70e4948f4304e28543a647331d1e6548bc6a8c1006d4bd24ce64fee3e0d00cfa,v11_85ae599b865950104870,False,False,False,510300,510300,510300,False,False,False,3.6347948143439806,3.636930416467567,3.636930416467567,0.0,7,7,915,1.3914714380540703,,0
2016-09-08,2016-09-08,0,70e4948f4304e28543a647331d1e6548bc6a8c1006d4bd24ce64fee3e0d00cfa,v11_85ae599b865950104870,False,False,False,510300,510300,510300,False,False,False,3.636930416467567,3.6315914111586007,3.6315914111586007,0.0,8,8,915,1.3914714380540703,,0
2016-09-09,2016-09-09,0,70e4948f4304e28543a647331d1e6548bc6a8c1006d4bd24ce64fee3e0d00cfa,v11_85ae599b865950104870,False,False,False,510300,510300,510300,False,False,False,3.6315914111586007,3.6134387931081164,3.6134387931081164,0.0,9,9,915,1.3914714380540703,,0
2016-09-12,2016-09-12,0,70e4948f4304e28543a647331d1e6548bc6a8c1006d4bd24ce64fee3e0d00cfa,v11_85ae599b865950104870,False,False,False,510300,513100,513100,False,False,True,3.6134387931081164,3.541896121967974,3.5411877427435803,0.0007083792243935948,10,0,915,1.66599799398195,,0
2016-09-13,2016-09-13,0,70e4948f4304e28543a647331d1e6548bc6a8c1006d4bd24ce64fee3e0d00cfa,v11_85ae599b865950104870,False,False,False,513100,518880,518880,False,False,True,3.5411877427435803,3.5923548142823196,3.5916363433194634,0.000718470962856464,1,0,915,1.08796648895659,,0
2016-09-14,2016-09-14,0,70e4948f4304e28543a647331d1e6548bc6a8c1006d4bd24ce64fee3e0d00cfa,v11_85ae599b865950104870,False,False,False,518880,518880,518880,False,False,False,3.5916363433194634,3.5740364452422932,3.5740364452422932,0.0,1,1,915,1.08796648895659,,0
2016-09-19,2016-09-19,0,70e4948f4304e28543a647331d1e6548bc6a8c1006d4bd24ce64fee3e0d00cfa,v11_85ae599b865950104870,False,False,False,518880,513100,513100,False,False,True,3.5740364452422932,3.552665140434302,3.5519546074062154,0.0007105330280868605,2,0,915,1.7171514543630935,,0
2016-09-20,2016-09-20,0,70e4948f4304e28543a647331d1e6548bc6a8c1006d4bd24ce64fee3e0d00cfa,v11_85ae599b865950104870,False,False,False,513100,513100,513100,False,False,False,3.5519546074062154,3.529132469157694,3.529132469157694,0.0,1,1,915,1.7171514543630935,,0
2016-09-21,2016-09-21,0,70e4948f4304e28543a647331d1e6548bc6a8c1006d4bd24ce64fee3e0d00cfa,v11_85ae599b865950104870,False,False,False,513100,513100,513100,False,False,False,3.529132469157694,3.529132469157694,3.529132469157694,0.0,2,2,915,1.7171514543630935,,0
2016-09-22,2016-09-22,0,70e4948f4304e28543a647331d1e6548bc6a8c1006d4bd24ce64fee3e0d00cfa,v11_85ae599b865950104870,False,False,False,513100,513100,513100,False,False,False,3.529132469157694,3.5851504448586096,3.5851504448586096,0.0,3,3,915,1.7331995987963933,,0
2016-09-23,2016-09-23,0,70e4948f4304e28543a647331d1e6548bc6a8c1006d4bd24ce64fee3e0d00cfa,v11_85ae599b865950104870,False,False,False,513100,513100,513100,False,False,False,3.5851504448586096,3.6785137376934687,3.6785137376934687,0.0,4,4,915,1.778335005015049,,0
2016-09-26,2016-09-26,0,70e4948f4304e28543a647331d1e6548bc6a8c1006d4bd24ce64fee3e0d00cfa,v11_85ae599b865950104870,False,False,False,513100,513100,513100,False,False,False,3.6785137376934687,3.6204210221517785,3.6204210221517785,0.0,5,5,915,1.778335005015049,,0
2016-09-27,2016-09-27,0,70e4948f4304e28543a647331d1e6548bc6a8c1006d4bd24ce64fee3e0d00cfa,v11_85ae599b865950104870,False,False,False,513100,513100,513100,False,False,False,3.6204210221517785,3.572702005813961,3.572702005813961,0.0,6,6,915,1.778335005015049,,0
2016-09-28,2016-09-28,0,70e4948f4304e28543a647331d1e6548bc6a8c1006d4bd24ce64fee3e0d00cfa,v11_85ae599b865950104870,False,False,False,513100,513100,513100,False,False,False,3.572702005813961,3.57685148549551,3.57685148549551,0.0,7,7,915,1.778335005015049,,0
2016-09-29,2016-09-29,0,70e4948f4304e28543a647331d1e6548bc6a8c1006d4bd24ce64fee3e0d00cfa,v11_85ae599b865950104870,False,False,False,513100,513100,513100,False,False,False,3.57685148549551,3.57685148549551,3.57685148549551,0.0,8,8,915,1.778335005015049,,0
2016-09-30,2016-09-30,0,70e4948f4304e28543a647331d1e6548bc6a8c1006d4bd24ce64fee3e0d00cfa,v11_85ae599b865950104870,False,False,False,513100,513100,513100,False,False,False,3.57685148549551,3.541580908202341,3.541580908202341,0.0,9,9,915,1.778335005015049,,0
2016-10-10,2016-10-10,0,70e4948f4304e28543a647331d1e6548bc6a8c1006d4bd24ce64fee3e0d00cfa,v11_85ae599b865950104870,False,False,False,513100,513100,513100,False,False,False,3.541580908202341,3.570627265973186,3.570627265973186,0.0,10,10,915,1.778335005015049,,0
2016-10-11,2016-10-11,0,70e4948f4304e28543a647331d1e6548bc6a8c1006d4bd24ce64fee3e0d00cfa,v11_85ae599b865950104870,False,False,False,513100,513100,513100,False,False,False,3.570627265973186,3.616271542470229,3.616271542470229,0.0,11,11,915,1.778335005015049,,0
2016-10-12,2016-10-12,0,70e4948f4304e28543a647331d1e6548bc6a8c1006d4bd24ce64fee3e0d00cfa,v11_85ae599b865950104870,False,False,False,513100,513100,513100,False,False,False,3.616271542470229,3.6100473229479046,3.6100473229479046,0.0,12,12,915,1.778335005015049,,0
2016-10-13,2016-10-13,0,70e4948f4304e28543a647331d1e6548bc6a8c1006d4bd24ce64fee3e0d00cfa,v11_85ae599b865950104870,False,False,False,513100,513100,513100,False,False,False,3.6100473229479046,3.5996736237440317,3.5996736237440317,0.0,13,13,915,1.778335005015049,,0
2016-10-14,2016-10-14,0,70e4948f4304e28543a647331d1e6548bc6a8c1006d4bd24ce64fee3e0d00cfa,v11_85ae599b865950104870,False,False,False,513100,513100,513100,False,False,False,3.5996736237440317,3.597598883903257,3.597598883903257,0.0,14,14,915,1.778335005015049,,0
2016-10-17,2016-10-17,0,70e4948f4304e28543a647331d1e6548bc6a8c1006d4bd24ce64fee3e0d00cfa,v11_85ae599b865950104870,False,False,False,513100,513100,513100,False,False,False,3.597598883903257,3.5623283066100875,3.5623283066100875,0.0,15,15,915,1.778335005015049,,0
2016-10-18,2016-10-18,0,70e4948f4304e28543a647331d1e6548bc6a8c1006d4bd24ce64fee3e0d00cfa,v11_85ae599b865950104870,False,False,False,513100,513100,513100,False,False,False,3.5623283066100875,3.5623283066100875,3.5623283066100875,0.0,16,16,915,1.778335005015049,,0
2016-10-19,2016-10-19,0,70e4948f4304e28543a647331d1e6548bc6a8c1006d4bd24ce64fee3e0d00cfa,v11_85ae599b865950104870,False,False,False,513100,513100,513100,False,False,False,3.5623283066100875,3.5789262253362852,3.5789262253362852,0.0,17,17,915,1.778335005015049,,0
2016-10-20,2016-10-20,0,70e4948f4304e28543a647331d1e6548bc6a8c1006d4bd24ce64fee3e0d00cfa,v11_85ae599b865950104870,False,False,False,513100,513100,513100,False,False,False,3.5789262253362852,3.595524144062482,3.595524144062482,0.0,18,18,915,1.778335005015049,,0
2016-10-21,2016-10-21,0,70e4948f4304e28543a647331d1e6548bc6a8c1006d4bd24ce64fee3e0d00cfa,v11_85ae599b865950104870,False,False,False,513100,513100,513100,False,False,False,3.595524144062482,3.5851504448586087,3.5851504448586087,0.0,19,19,915,1.778335005015049,,0
2016-10-24,2016-10-24,0,70e4948f4304e28543a647331d1e6548bc6a8c1006d4bd24ce64fee3e0d00cfa,v11_85ae599b865950104870,False,False,False,513100,513100,513100,False,False,False,3.5851504448586087,3.6079725831071308,3.6079725831071308,0.0,20,20,915,1.778335005015049,,0
2016-10-25,2016-10-25,0,70e4948f4304e28543a647331d1e6548bc6a8c1006d4bd24ce64fee3e0d00cfa,v11_85ae599b865950104870,False,False,False,513100,513100,513100,False,False,False,3.6079725831071308,3.655691599444948,3.655691599444948,0.0,21,21,915,1.778335005015049,,0
2016-10-26,2016-10-26,0,70e4948f4304e28543a647331d1e6548bc6a8c1006d4bd24ce64fee3e0d00cfa,v11_85ae599b865950104870,False,False,False,513100,513100,513100,False,False,False,3.655691599444948,3.6328694611964267,3.6328694611964267,0.0,22,22,915,1.778335005015049,,0
2016-10-27,2016-10-27,0,70e4948f4304e28543a647331d1e6548bc6a8c1006d4bd24ce64fee3e0d00cfa,v11_85ae599b865950104870,False,False,False,513100,513100,513100,False,False,False,3.6328694611964267,3.6058978432663564,3.6058978432663564,0.0,23,23,915,1.778335005015049,,0
2016-10-28,2016-10-28,0,70e4948f4304e28543a647331d1e6548bc6a8c1006d4bd24ce64fee3e0d00cfa,v11_85ae599b865950104870,False,False,False,513100,510300,510300,False,False,True,3.6058978432663564,3.6038231034255817,3.603102338804897,0.0007207646206851164,24,0,915,1.390245831972402,,0
2016-10-31,2016-10-31,0,70e4948f4304e28543a647331d1e6548bc6a8c1006d4bd24ce64fee3e0d00cfa,v11_85ae599b865950104870,False,False,False,510300,510300,510300,False,False,False,3.603102338804897,3.5956907265887246,3.5956907265887246,0.0,1,1,915,1.390245831972402,,0
2016-11-01,2016-11-01,0,70e4948f4304e28543a647331d1e6548bc6a8c1006d4bd24ce64fee3e0d00cfa,v11_85ae599b865950104870,False,False,False,510300,510300,510300,False,False,False,3.5956907265887246,3.617925563237242,3.617925563237242,0.0,2,2,915,1.3959653270201875,,0
2016-11-02,2016-11-02,0,70e4948f4304e28543a647331d1e6548bc6a8c1006d4bd24ce64fee3e0d00cfa,v11_85ae599b865950104870,False,False,False,510300,510300,510300,False,False,False,3.617925563237242,3.5935731230983907,3.5935731230983907,0.0,3,3,915,1.3959653270201875,,0
2016-11-03,2016-11-03,0,70e4948f4304e28543a647331d1e6548bc6a8c1006d4bd24ce64fee3e0d00cfa,v11_85ae599b865950104870,False,False,False,510300,510300,510300,False,False,False,3.5935731230983907,3.6211019684727446,3.6211019684727446,0.0,4,4,915,1.397190933101856,,0
2016-11-04,2016-11-04,0,70e4948f4304e28543a647331d1e6548bc6a8c1006d4bd24ce64fee3e0d00cfa,v11_85ae599b865950104870,False,False,False,510300,510300,510300,False,False,False,3.6211019684727446,3.609455149275902,3.609455149275902,0.0,5,5,915,1.397190933101856,,0
2016-11-07,2016-11-07,0,70e4948f4304e28543a647331d1e6548bc6a8c1006d4bd24ce64fee3e0d00cfa,v11_85ae599b865950104870,False,False,False,510300,510300,510300,False,False,False,3.609455149275902,3.6126315545114047,3.6126315545114047,0.0,6,6,915,1.397190933101856,,0
2016-11-08,2016-11-08,0,70e4948f4304e28543a647331d1e6548bc6a8c1006d4bd24ce64fee3e0d00cfa,v11_85ae599b865950104870,False,False,False,510300,510300,510300,False,False,False,3.6126315545114047,3.631689985924419,3.631689985924419,0.0,7,7,915,1.4012762867074169,,0
2016-11-09,2016-11-09,0,70e4948f4304e28543a647331d1e6548bc6a8c1006d4bd24ce64fee3e0d00cfa,v11_85ae599b865950104870,False,False,False,510300,510300,510300,False,False,False,3.631689985924419,3.617925563237242,3.617925563237242,0.0,8,8,915,1.4012762867074169,,0
2016-11-10,2016-11-10,0,70e4948f4304e28543a647331d1e6548bc6a8c1006d4bd24ce64fee3e0d00cfa,v11_85ae599b865950104870,False,False,False,510300,510300,510300,False,False,False,3.617925563237242,3.654983624318103,3.654983624318103,0.0,9,9,915,1.410264064639651,,0
2016-11-11,2016-11-11,0,70e4948f4304e28543a647331d1e6548bc6a8c1006d4bd24ce64fee3e0d00cfa,v11_85ae599b865950104870,False,False,False,510300,510300,510300,False,False,False,3.654983624318103,3.6867476766731277,3.6867476766731277,0.0,10,10,915,1.422520125456334,,0
2016-11-14,2016-11-14,0,70e4948f4304e28543a647331d1e6548bc6a8c1006d4bd24ce64fee3e0d00cfa,v11_85ae599b865950104870,False,False,False,510300,510300,510300,False,False,False,3.6867476766731277,3.6920416853989653,3.6920416853989653,0.0,11,11,915,1.4245628022591146,,0
2016-11-15,2016-11-15,0,70e4948f4304e28543a647331d1e6548bc6a8c1006d4bd24ce64fee3e0d00cfa,v11_85ae599b865950104870,False,False,False,510300,510300,510300,False,False,False,3.6920416853989653,3.687806478418295,3.687806478418295,0.0,12,12,915,1.4245628022591146,,0
2016-11-16,2016-11-16,0,70e4948f4304e28543a647331d1e6548bc6a8c1006d4bd24ce64fee3e0d00cfa,v11_85ae599b865950104870,False,False,False,510300,510300,510300,False,False,False,3.687806478418295,3.6888652801634625,3.6888652801634625,0.0,13,13,915,1.4245628022591146,,0
2016-11-17,2016-11-17,0,70e4948f4304e28543a647331d1e6548bc6a8c1006d4bd24ce64fee3e0d00cfa,v11_85ae599b865950104870,False,False,False,510300,510300,510300,False,False,False,3.6888652801634625,3.697335694124802,3.697335694124802,0.0,14,14,915,1.426605479061895,,0
2016-11-18,2016-11-18,0,70e4948f4304e28543a647331d1e6548bc6a8c1006d4bd24ce64fee3e0d00cfa,v11_85ae599b865950104870,False,False,False,510300,510300,510300,False,False,False,3.697335694124802,3.684630073182792,3.684630073182792,0.0,15,15,915,1.426605479061895,,0
2016-11-21,2016-11-21,0,70e4948f4304e28543a647331d1e6548bc6a8c1006d4bd24ce64fee3e0d00cfa,v11_85ae599b865950104870,False,False,False,510300,510300,510300,False,False,False,3.684630073182792,3.701570901105472,3.701570901105472,0.0,16,16,915,1.4282396205041195,,0
2016-11-22,2016-11-22,0,70e4948f4304e28543a647331d1e6548bc6a8c1006d4bd24ce64fee3e0d00cfa,v11_85ae599b865950104870,False,False,False,510300,510300,510300,False,False,False,3.701570901105472,3.7386289621863336,3.7386289621863336,0.0,17,17,915,1.442538358123583,,0
2016-11-23,2016-11-23,0,70e4948f4304e28543a647331d1e6548bc6a8c1006d4bd24ce64fee3e0d00cfa,v11_85ae599b865950104870,False,False,False,510300,510300,510300,False,False,False,3.7386289621863336,3.744981772657338,3.744981772657338,0.0,18,18,915,1.4449895702869195,,0
2016-11-24,2016-11-24,0,70e4948f4304e28543a647331d1e6548bc6a8c1006d4bd24ce64fee3e0d00cfa,v11_85ae599b865950104870,False,False,False,510300,510300,510300,False,False,False,3.744981772657338,3.755569790109013,3.755569790109013,0.0,19,19,915,1.4490749238924807,,0
2016-11-25,2016-11-25,0,70e4948f4304e28543a647331d1e6548bc6a8c1006d4bd24ce64fee3e0d00cfa,v11_85ae599b865950104870,False,False,False,510300,510300,510300,False,False,False,3.755569790109013,3.7968630581705436,3.7968630581705436,0.0,20,20,915,1.4650078029541684,,0
2016-11-28,2016-11-28,0,70e4948f4304e28543a647331d1e6548bc6a8c1006d4bd24ce64fee3e0d00cfa,v11_85ae599b865950104870,False,False,False,510300,510300,510300,False,False,False,3.7968630581705436,3.813803886093223,3.813803886093223,0.0,21,21,915,1.471544368723066,,0
2016-11-29,2016-11-29,0,70e4948f4304e28543a647331d1e6548bc6a8c1006d4bd24ce64fee3e0d00cfa,v11_85ae599b865950104870,False,False,False,510300,510300,510300,False,False,False,3.813803886093223,3.843450334957912,3.843450334957912,0.0,22,22,915,1.4829833588186367,,0
2016-11-30,2016-11-30,0,70e4948f4304e28543a647331d1e6548bc6a8c1006d4bd24ce64fee3e0d00cfa,v11_85ae599b865950104870,False,False,False,510300,510300,510300,False,False,False,3.843450334957912,3.808509877367386,3.808509877367386,0.0,23,23,915,1.4829833588186367,,0
2016-12-01,2016-12-01,0,70e4948f4304e28543a647331d1e6548bc6a8c1006d4bd24ce64fee3e0d00cfa,v11_85ae599b865950104870,False,False,False,510300,510300,510300,False,False,False,3.808509877367386,3.84450913670308,3.84450913670308,0.0,24,24,915,1.483391894179193,,0
2016-12-02,2016-12-02,0,70e4948f4304e28543a647331d1e6548bc6a8c1006d4bd24ce64fee3e0d00cfa,v11_85ae599b865950104870,False,False,False,510300,510300,510300,False,False,False,3.84450913670308,3.8021570668963816,3.8021570668963816,0.0,25,25,915,1.483391894179193,,0
2016-12-05,2016-12-05,0,70e4948f4304e28543a647331d1e6548bc6a8c1006d4bd24ce64fee3e0d00cfa,v11_85ae599b865950104870,False,False,False,510300,513100,513100,True,False,True,3.8021570668963816,3.725923341244324,3.725178156576075,0.0007451846682488647,26,0,915,1.7582748244734234,,0
2016-12-06,2016-12-06,0,70e4948f4304e28543a647331d1e6548bc6a8c1006d4bd24ce64fee3e0d00cfa,v11_85ae599b865950104870,False,False,False,513100,513100,513100,False,False,False,3.725178156576075,3.759178641747334,3.759178641747334,0.0,1,1,915,1.7743229689067233,,0
2016-12-07,2016-12-07,0,70e4948f4304e28543a647331d1e6548bc6a8c1006d4bd24ce64fee3e0d00cfa,v11_85ae599b865950104870,False,False,False,513100,513100,513100,False,False,False,3.759178641747334,3.7549285811009265,3.7549285811009265,0.0,2,2,915,1.7743229689067233,,0
2016-12-08,2016-12-08,0,70e4948f4304e28543a647331d1e6548bc6a8c1006d4bd24ce64fee3e0d00cfa,v11_85ae599b865950104870,False,False,False,513100,513100,513100,False,False,False,3.7549285811009265,3.827179612089852,3.827179612089852,0.0,3,3,915,1.8064192577733231,,0
2016-12-09,2016-12-09,0,70e4948f4304e28543a647331d1e6548bc6a8c1006d4bd24ce64fee3e0d00cfa,v11_85ae599b865950104870,False,False,False,513100,513100,513100,False,False,False,3.827179612089852,3.791054096595389,3.791054096595389,0.0,4,4,915,1.8064192577733231,,0
2016-12-12,2016-12-12,0,70e4948f4304e28543a647331d1e6548bc6a8c1006d4bd24ce64fee3e0d00cfa,v11_85ae599b865950104870,False,False,False,513100,513100,513100,False,False,False,3.791054096595389,3.812304399827426,3.812304399827426,0.0,5,5,915,1.8064192577733231,,0
2016-12-13,2016-12-13,0,70e4948f4304e28543a647331d1e6548bc6a8c1006d4bd24ce64fee3e0d00cfa,v11_85ae599b865950104870,False,False,False,513100,513100,513100,False,False,False,3.812304399827426,3.812304399827426,3.812304399827426,0.0,6,6,915,1.8064192577733231,,0
2016-12-14,2016-12-14,0,70e4948f4304e28543a647331d1e6548bc6a8c1006d4bd24ce64fee3e0d00cfa,v11_85ae599b865950104870,False,False,False,513100,513100,513100,False,False,False,3.812304399827426,3.842054824352278,3.842054824352278,0.0,7,7,915,1.813440320962892,,0
2016-12-15,2016-12-15,0,70e4948f4304e28543a647331d1e6548bc6a8c1006d4bd24ce64fee3e0d00cfa,v11_85ae599b865950104870,False,False,False,513100,513100,513100,False,False,False,3.842054824352278,3.8463048849986854,3.8463048849986854,0.0,8,8,915,1.8154463390170545,,0
2016-12-16,2016-12-16,0,70e4948f4304e28543a647331d1e6548bc6a8c1006d4bd24ce64fee3e0d00cfa,v11_85ae599b865950104870,False,False,False,513100,513100,513100,False,False,False,3.8463048849986854,3.863305127584315,3.863305127584315,0.0,9,9,915,1.8234704112337046,,0
2016-12-19,2016-12-19,0,70e4948f4304e28543a647331d1e6548bc6a8c1006d4bd24ce64fee3e0d00cfa,v11_85ae599b865950104870,False,False,False,513100,513100,513100,False,False,False,3.863305127584315,3.8526799759682966,3.8526799759682966,0.0,10,10,915,1.8234704112337046,,0
2016-12-20,2016-12-20,0,70e4948f4304e28543a647331d1e6548bc6a8c1006d4bd24ce64fee3e0d00cfa,v11_85ae599b865950104870,False,False,False,513100,513100,513100,False,False,False,3.8526799759682966,3.8590550669379082,3.8590550669379082,0.0,11,11,915,1.8234704112337046,,0
2016-12-21,2016-12-21,0,70e4948f4304e28543a647331d1e6548bc6a8c1006d4bd24ce64fee3e0d00cfa,v11_85ae599b865950104870,False,False,False,513100,513100,513100,False,False,False,3.8590550669379082,3.922805976634019,3.922805976634019,0.0,12,12,915,1.8515546639919795,,0
2016-12-22,2016-12-22,0,70e4948f4304e28543a647331d1e6548bc6a8c1006d4bd24ce64fee3e0d00cfa,v11_85ae599b865950104870,False,False,False,513100,513100,513100,False,False,False,3.922805976634019,3.905805734048389,3.905805734048389,0.0,13,13,915,1.8515546639919795,,0
2016-12-23,2016-12-23,0,70e4948f4304e28543a647331d1e6548bc6a8c1006d4bd24ce64fee3e0d00cfa,v11_85ae599b865950104870,False,False,False,513100,513100,513100,False,False,False,3.905805734048389,3.9015556734019823,3.9015556734019823,0.0,14,14,915,1.8515546639919795,,0
2016-12-26,2016-12-26,0,70e4948f4304e28543a647331d1e6548bc6a8c1006d4bd24ce64fee3e0d00cfa,v11_85ae599b865950104870,False,False,False,513100,513100,513100,False,False,False,3.9015556734019823,3.9631815527748895,3.9631815527748895,0.0,15,15,915,1.8706118355065233,,0
2016-12-27,2016-12-27,0,70e4948f4304e28543a647331d1e6548bc6a8c1006d4bd24ce64fee3e0d00cfa,v11_85ae599b865950104870,False,False,False,513100,513100,513100,False,False,False,3.9631815527748895,3.8973056127555745,3.8973056127555745,0.0,16,16,915,1.8706118355065233,,0
2016-12-28,2016-12-28,0,70e4948f4304e28543a647331d1e6548bc6a8c1006d4bd24ce64fee3e0d00cfa,v11_85ae599b865950104870,False,False,False,513100,513100,513100,False,False,False,3.8973056127555745,3.9164308856644077,3.9164308856644077,0.0,17,17,915,1.8706118355065233,,0
2016-12-29,2016-12-29,0,70e4948f4304e28543a647331d1e6548bc6a8c1006d4bd24ce64fee3e0d00cfa,v11_85ae599b865950104870,False,False,False,513100,513100,513100,False,False,False,3.9164308856644077,3.878180339846741,3.878180339846741,0.0,18,18,915,1.8706118355065233,,0
2016-12-30,2016-12-30,0,70e4948f4304e28543a647331d1e6548bc6a8c1006d4bd24ce64fee3e0d00cfa,v11_85ae599b865950104870,False,False,False,513100,513100,513100,False,False,False,3.878180339846741,3.8611800972611117,3.8611800972611117,0.0,19,19,915,1.8706118355065233,,0
2017-01-03,2017-01-03,0,70e4948f4304e28543a647331d1e6548bc6a8c1006d4bd24ce64fee3e0d00cfa,v11_85ae599b865950104870,False,False,False,513100,513100,513100,False,False,False,3.8611800972611117,3.8271796120898522,3.8271796120898522,0.0,20,20,915,1.8706118355065233,,0
2017-01-04,2017-01-04,0,70e4948f4304e28543a647331d1e6548bc6a8c1006d4bd24ce64fee3e0d00cfa,v11_85ae599b865950104870,False,False,False,513100,513100,513100,False,False,False,3.8271796120898522,3.8505549456450927,3.8505549456450927,0.0,21,21,915,1.8706118355065233,,0
2017-01-05,2017-01-05,0,70e4948f4304e28543a647331d1e6548bc6a8c1006d4bd24ce64fee3e0d00cfa,v11_85ae599b865950104870,False,False,False,513100,513100,513100,False,False,False,3.8505549456450927,3.848429915321889,3.848429915321889,0.0,22,22,915,1.8706118355065233,,0
2017-01-06,2017-01-06,0,70e4948f4304e28543a647331d1e6548bc6a8c1006d4bd24ce64fee3e0d00cfa,v11_85ae599b865950104870,False,False,False,513100,513100,513100,False,False,False,3.848429915321889,3.8505549456450927,3.8505549456450927,0.0,23,23,915,1.8706118355065233,,0
2017-01-09,2017-01-09,0,70e4948f4304e28543a647331d1e6548bc6a8c1006d4bd24ce64fee3e0d00cfa,v11_85ae599b865950104870,False,False,False,513100,513100,513100,False,False,False,3.8505549456450927,3.873930279200333,3.873930279200333,0.0,24,24,915,1.8706118355065233,,0
2017-01-10,2017-01-10,0,70e4948f4304e28543a647331d1e6548bc6a8c1006d4bd24ce64fee3e0d00cfa,v11_85ae599b865950104870,False,False,False,513100,513100,513100,False,False,False,3.873930279200333,3.8930555521091663,3.8930555521091663,0.0,25,25,915,1.8706118355065233,,0
2017-01-11,2017-01-11,0,70e4948f4304e28543a647331d1e6548bc6a8c1006d4bd24ce64fee3e0d00cfa,v11_85ae599b865950104870,False,False,False,513100,513100,513100,False,False,False,3.8930555521091663,3.914305855341204,3.914305855341204,0.0,26,26,915,1.8706118355065233,,0
2017-01-12,2017-01-12,0,70e4948f4304e28543a647331d1e6548bc6a8c1006d4bd24ce64fee3e0d00cfa,v11_85ae599b865950104870,False,False,False,513100,513100,513100,False,False,False,3.914305855341204,3.9100557946947965,3.9100557946947965,0.0,27,27,915,1.8706118355065233,,0
2017-01-13,2017-01-13,0,70e4948f4304e28543a647331d1e6548bc6a8c1006d4bd24ce64fee3e0d00cfa,v11_85ae599b865950104870,False,False,False,513100,513100,513100,False,False,False,3.9100557946947965,3.9036807037251853,3.9036807037251853,0.0,28,28,915,1.8706118355065233,,0
2017-01-16,2017-01-16,0,70e4948f4304e28543a647331d1e6548bc6a8c1006d4bd24ce64fee3e0d00cfa,v11_85ae599b865950104870,False,False,False,513100,159915,159915,False,True,True,3.9036807037251853,3.9206809463108145,3.9198968101215526,0.000784136189262163,29,0,1135,2.2032622333751513,,0
2017-01-17,2017-01-17,0,70e4948f4304e28543a647331d1e6548bc6a8c1006d4bd24ce64fee3e0d00cfa,v11_85ae599b865950104870,False,False,False,159915,159915,159915,False,False,False,3.9198968101215526,3.989097721917548,3.989097721917548,0.0,1,1,1135,2.242158092848175,,0
2017-01-18,2017-01-18,0,70e4948f4304e28543a647331d1e6548bc6a8c1006d4bd24ce64fee3e0d00cfa,v11_85ae599b865950104870,False,False,False,159915,159915,159915,False,False,False,3.989097721917548,3.9444519723717444,3.9444519723717444,0.0,2,2,1135,2.242158092848175,,0
2017-01-19,2017-01-19,0,70e4948f4304e28543a647331d1e6548bc6a8c1006d4bd24ce64fee3e0d00cfa,v11_85ae599b865950104870,False,False,False,159915,159915,159915,False,False,False,3.9444519723717444,3.946684259849035,3.946684259849035,0.0,3,3,1135,2.242158092848175,,0
2017-01-20,2017-01-20,0,70e4948f4304e28543a647331d1e6548bc6a8c1006d4bd24ce64fee3e0d00cfa,v11_85ae599b865950104870,False,False,False,159915,159915,159915,False,False,False,3.946684259849035,4.020349746599611,4.020349746599611,0.0,4,4,1135,2.25972396486825,,0
2017-01-23,2017-01-23,0,70e4948f4304e28543a647331d1e6548bc6a8c1006d4bd24ce64fee3e0d00cfa,v11_85ae599b865950104870,False,False,False,159915,510300,510300,False,False,True,4.020349746599611,4.033743471463352,4.03293672276906,0.0008067486942926705,5,0,1135,1.395556791659633,,0
2017-01-24,2017-01-24,0,70e4948f4304e28543a647331d1e6548bc6a8c1006d4bd24ce64fee3e0d00cfa,v11_85ae599b865950104870,False,False,False,510300,510300,510300,False,False,False,4.03293672276906,4.035336566103049,4.035336566103049,0.0,1,1,1135,1.3963872330709148,,0
2017-01-25,2017-01-25,0,70e4948f4304e28543a647331d1e6548bc6a8c1006d4bd24ce64fee3e0d00cfa,v11_85ae599b865950104870,False,False,False,510300,510300,510300,False,False,False,4.035336566103049,4.047335782772996,4.047335782772996,0.0,2,2,1135,1.4005394401273257,,0
2017-01-26,2017-01-26,0,70e4948f4304e28543a647331d1e6548bc6a8c1006d4bd24ce64fee3e0d00cfa,v11_85ae599b865950104870,False,False,False,510300,510300,510300,False,False,False,4.047335782772996,4.064134686110921,4.064134686110921,0.0,3,3,1135,1.4063525300063007,,0
2017-02-03,2017-02-03,0,70e4948f4304e28543a647331d1e6548bc6a8c1006d4bd24ce64fee3e0d00cfa,v11_85ae599b865950104870,False,False,False,510300,510300,510300,False,False,False,4.064134686110921,4.0401362527710285,4.0401362527710285,0.0,4,4,1135,1.4063525300063007,,0
2017-02-06,2017-02-06,0,70e4948f4304e28543a647331d1e6548bc6a8c1006d4bd24ce64fee3e0d00cfa,v11_85ae599b865950104870,False,False,False,510300,510300,510300,False,False,False,4.0401362527710285,4.038936331104034,4.038936331104034,0.0,5,5,1135,1.4063525300063007,,0
2017-02-07,2017-02-07,0,70e4948f4304e28543a647331d1e6548bc6a8c1006d4bd24ce64fee3e0d00cfa,v11_85ae599b865950104870,False,False,False,510300,513100,513100,False,False,True,4.038936331104034,4.031736801102065,4.030930453741845,0.0008063473602204131,6,0,1135,1.8796389167502545,,0
2017-02-08,2017-02-08,0,70e4948f4304e28543a647331d1e6548bc6a8c1006d4bd24ce64fee3e0d00cfa,v11_85ae599b865950104870,False,False,False,513100,513100,513100,False,False,False,4.030930453741845,4.0631951051858834,4.0631951051858834,0.0,1,1,1135,1.8946840521564732,,0
2017-02-09,2017-02-09,0,70e4948f4304e28543a647331d1e6548bc6a8c1006d4bd24ce64fee3e0d00cfa,v11_85ae599b865950104870,False,False,False,513100,513100,513100,False,False,False,4.0631951051858834,4.073949989000562,4.073949989000562,0.0,2,2,1135,1.8996990972918792,,0
2017-02-10,2017-02-10,0,70e4948f4304e28543a647331d1e6548bc6a8c1006d4bd24ce64fee3e0d00cfa,v11_85ae599b865950104870,False,False,False,513100,513100,513100,False,False,False,4.073949989000562,4.114818547496344,4.114818547496344,0.0,3,3,1135,1.918756268806423,,0
2017-02-13,2017-02-13,0,70e4948f4304e28543a647331d1e6548bc6a8c1006d4bd24ce64fee3e0d00cfa,v11_85ae599b865950104870,False,False,False,513100,513100,513100,False,False,False,4.114818547496344,4.121271477785152,4.121271477785152,0.0,4,4,1135,1.9217652958876668,,0
2017-02-14,2017-02-14,0,70e4948f4304e28543a647331d1e6548bc6a8c1006d4bd24ce64fee3e0d00cfa,v11_85ae599b865950104870,False,False,False,513100,513100,513100,False,False,False,4.121271477785152,4.119120501022216,4.119120501022216,0.0,5,5,1135,1.9217652958876668,,0
2017-02-15,2017-02-15,0,70e4948f4304e28543a647331d1e6548bc6a8c1006d4bd24ce64fee3e0d00cfa,v11_85ae599b865950104870,False,False,False,513100,513100,513100,False,False,False,4.119120501022216,4.149234175703318,4.149234175703318,0.0,6,6,1135,1.9348044132397229,,0
2017-02-16,2017-02-16,0,70e4948f4304e28543a647331d1e6548bc6a8c1006d4bd24ce64fee3e0d00cfa,v11_85ae599b865950104870,False,False,False,513100,513100,513100,False,False,False,4.149234175703318,4.168592966569741,4.168592966569741,0.0,7,7,1135,1.9438314944834538,,0
2017-02-17,2017-02-17,0,70e4948f4304e28543a647331d1e6548bc6a8c1006d4bd24ce64fee3e0d00cfa,v11_85ae599b865950104870,False,False,False,513100,513100,513100,False,False,False,4.168592966569741,4.15353612922919,4.15353612922919,0.0,8,8,1135,1.9438314944834538,,0
2017-02-20,2017-02-20,0,70e4948f4304e28543a647331d1e6548bc6a8c1006d4bd24ce64fee3e0d00cfa,v11_85ae599b865950104870,False,False,False,513100,513100,513100,False,False,False,4.15353612922919,4.166441989806805,4.166441989806805,0.0,9,9,1135,1.9438314944834538,,0
2017-02-21,2017-02-21,0,70e4948f4304e28543a647331d1e6548bc6a8c1006d4bd24ce64fee3e0d00cfa,v11_85ae599b865950104870,False,False,False,513100,513100,513100,False,False,False,4.166441989806805,4.170743943332677,4.170743943332677,0.0,10,10,1135,1.9448345035105352,,0
2017-02-22,2017-02-22,0,70e4948f4304e28543a647331d1e6548bc6a8c1006d4bd24ce64fee3e0d00cfa,v11_85ae599b865950104870,False,False,False,513100,513100,513100,False,False,False,4.170743943332677,4.2266693391690096,4.2266693391690096,0.0,11,11,1135,1.9709127382146474,,0
2017-02-23,2017-02-23,0,70e4948f4304e28543a647331d1e6548bc6a8c1006d4bd24ce64fee3e0d00cfa,v11_85ae599b865950104870,False,False,False,513100,513100,513100,False,False,False,4.2266693391690096,4.222367385643138,4.222367385643138,0.0,12,12,1135,1.9709127382146474,,0
2017-02-24,2017-02-24,0,70e4948f4304e28543a647331d1e6548bc6a8c1006d4bd24ce64fee3e0d00cfa,v11_85ae599b865950104870,False,False,False,513100,513100,513100,False,False,False,4.222367385643138,4.209461525065523,4.209461525065523,0.0,13,13,1135,1.9709127382146474,,0
2017-02-27,2017-02-27,0,70e4948f4304e28543a647331d1e6548bc6a8c1006d4bd24ce64fee3e0d00cfa,v11_85ae599b865950104870,False,False,False,513100,513100,513100,False,False,False,4.209461525065523,4.187951757436164,4.187951757436164,0.0,14,14,1135,1.9709127382146474,,0
2017-02-28,2017-02-28,0,70e4948f4304e28543a647331d1e6548bc6a8c1006d4bd24ce64fee3e0d00cfa,v11_85ae599b865950104870,False,False,False,513100,513100,513100,False,False,False,4.187951757436164,4.205159571539651,4.205159571539651,0.0,15,15,1135,1.9709127382146474,,0
2017-03-01,2017-03-01,0,70e4948f4304e28543a647331d1e6548bc6a8c1006d4bd24ce64fee3e0d00cfa,v11_85ae599b865950104870,False,False,False,513100,513100,513100,False,False,False,4.205159571539651,4.1879517574361635,4.1879517574361635,0.0,16,16,1135,1.9709127382146474,,0
2017-03-02,2017-03-02,0,70e4948f4304e28543a647331d1e6548bc6a8c1006d4bd24ce64fee3e0d00cfa,v11_85ae599b865950104870,False,False,False,513100,513100,513100,False,False,False,4.1879517574361635,4.278292781479471,4.278292781479471,0.0,17,17,1135,1.9949849548645975,,0
2017-03-03,2017-03-03,0,70e4948f4304e28543a647331d1e6548bc6a8c1006d4bd24ce64fee3e0d00cfa,v11_85ae599b865950104870,False,False,False,513100,513100,513100,False,False,False,4.278292781479471,4.254632037087176,4.254632037087176,0.0,18,18,1135,1.9949849548645975,,0
2017-03-06,2017-03-06,0,70e4948f4304e28543a647331d1e6548bc6a8c1006d4bd24ce64fee3e0d00cfa,v11_85ae599b865950104870,False,False,False,513100,513100,513100,False,False,False,4.254632037087176,4.344973061130483,4.344973061130483,0.0,19,19,1135,2.026078234704116,,0
2017-03-07,2017-03-07,0,70e4948f4304e28543a647331d1e6548bc6a8c1006d4bd24ce64fee3e0d00cfa,v11_85ae599b865950104870,False,False,False,513100,513100,513100,False,False,False,4.344973061130483,4.286896688531215,4.286896688531215,0.0,20,20,1135,2.026078234704116,,0
2017-03-08,2017-03-08,0,70e4948f4304e28543a647331d1e6548bc6a8c1006d4bd24ce64fee3e0d00cfa,v11_85ae599b865950104870,False,False,False,513100,513100,513100,False,False,False,4.286896688531215,4.254632037087176,4.254632037087176,0.0,21,21,1135,2.026078234704116,,0
2017-03-09,2017-03-09,0,70e4948f4304e28543a647331d1e6548bc6a8c1006d4bd24ce64fee3e0d00cfa,v11_85ae599b865950104870,False,False,False,513100,513100,513100,False,False,False,4.254632037087176,4.256783013850112,4.256783013850112,0.0,22,22,1135,2.026078234704116,,0
2017-03-10,2017-03-10,0,70e4948f4304e28543a647331d1e6548bc6a8c1006d4bd24ce64fee3e0d00cfa,v11_85ae599b865950104870,False,False,False,513100,513100,513100,False,False,False,4.256783013850112,4.291198642057086,4.291198642057086,0.0,23,23,1135,2.026078234704116,,0
2017-03-13,2017-03-13,0,70e4948f4304e28543a647331d1e6548bc6a8c1006d4bd24ce64fee3e0d00cfa,v11_85ae599b865950104870,False,False,False,513100,513100,513100,False,False,False,4.291198642057086,4.323463293501124,4.323463293501124,0.0,24,24,1135,2.026078234704116,,0
2017-03-14,2017-03-14,0,70e4948f4304e28543a647331d1e6548bc6a8c1006d4bd24ce64fee3e0d00cfa,v11_85ae599b865950104870,False,False,False,513100,513100,513100,False,False,False,4.323463293501124,4.355727944945163,4.355727944945163,0.0,25,25,1135,2.031093279839522,,0
2017-03-15,2017-03-15,0,70e4948f4304e28543a647331d1e6548bc6a8c1006d4bd24ce64fee3e0d00cfa,v11_85ae599b865950104870,False,False,False,513100,513100,513100,False,False,False,4.355727944945163,4.3428220843675485,4.3428220843675485,0.0,26,26,1135,2.031093279839522,,0
2017-03-16,2017-03-16,0,70e4948f4304e28543a647331d1e6548bc6a8c1006d4bd24ce64fee3e0d00cfa,v11_85ae599b865950104870,False,False,False,513100,513100,513100,False,False,False,4.3428220843675485,4.387992596389202,4.387992596389202,0.0,27,27,1135,2.046138415245741,,0
2017-03-17,2017-03-17,0,70e4948f4304e28543a647331d1e6548bc6a8c1006d4bd24ce64fee3e0d00cfa,v11_85ae599b865950104870,False,False,False,513100,513100,513100,False,False,False,4.387992596389202,4.375086735811586,4.375086735811586,0.0,28,28,1135,2.046138415245741,,0
2017-03-20,2017-03-20,0,70e4948f4304e28543a647331d1e6548bc6a8c1006d4bd24ce64fee3e0d00cfa,v11_85ae599b865950104870,False,False,False,513100,513100,513100,False,False,False,4.375086735811586,4.362180875233971,4.362180875233971,0.0,29,29,1135,2.046138415245741,,0
2017-03-21,2017-03-21,0,70e4948f4304e28543a647331d1e6548bc6a8c1006d4bd24ce64fee3e0d00cfa,v11_85ae599b865950104870,False,False,False,513100,513100,513100,False,False,False,4.362180875233971,4.387992596389202,4.387992596389202,0.0,30,30,1135,2.046138415245741,,0
2017-03-22,2017-03-22,0,70e4948f4304e28543a647331d1e6548bc6a8c1006d4bd24ce64fee3e0d00cfa,v11_85ae599b865950104870,False,False,False,513100,159915,159915,True,False,True,4.387992596389202,4.252481060324241,4.251630564112176,0.0008504962120648483,31,0,1135,2.338770388958588,,0
2017-03-23,2017-03-23,0,70e4948f4304e28543a647331d1e6548bc6a8c1006d4bd24ce64fee3e0d00cfa,v11_85ae599b865950104870,False,False,False,159915,159915,159915,False,False,False,4.251630564112176,4.253911481796785,4.253911481796785,0.0,1,1,1135,2.3400250941028786,,0
2017-03-24,2017-03-24,0,70e4948f4304e28543a647331d1e6548bc6a8c1006d4bd24ce64fee3e0d00cfa,v11_85ae599b865950104870,False,False,False,159915,159915,159915,False,False,False,4.253911481796785,4.2926870824351475,4.2926870824351475,0.0,2,2,1135,2.361355081555827,,0
2017-03-27,2017-03-27,0,70e4948f4304e28543a647331d1e6548bc6a8c1006d4bd24ce64fee3e0d00cfa,v11_85ae599b865950104870,False,False,False,159915,159915,159915,False,False,False,4.2926870824351475,4.251630564112176,4.251630564112176,0.0,3,3,1135,2.361355081555827,,0
2017-03-28,2017-03-28,0,70e4948f4304e28543a647331d1e6548bc6a8c1006d4bd24ce64fee3e0d00cfa,v11_85ae599b865950104870,False,False,False,159915,159915,159915,False,False,False,4.251630564112176,4.249349646427566,4.249349646427566,0.0,4,4,1135,2.361355081555827,,0
2017-03-29,2017-03-29,0,70e4948f4304e28543a647331d1e6548bc6a8c1006d4bd24ce64fee3e0d00cfa,v11_85ae599b865950104870,False,False,False,159915,510300,510300,False,False,True,4.249349646427566,4.208293128104595,4.207451469478974,0.000841658625620919,5,0,1135,1.4374940829293805,,0
2017-03-30,2017-03-30,0,70e4948f4304e28543a647331d1e6548bc6a8c1006d4bd24ce64fee3e0d00cfa,v11_85ae599b865950104870,False,False,False,510300,513100,513100,False,False,True,4.207451469478974,4.167345779561929,4.166512310406016,0.0008334691559123859,1,0,1135,1.9979939819458408,,0
2017-03-31,2017-03-31,0,70e4948f4304e28543a647331d1e6548bc6a8c1006d4bd24ce64fee3e0d00cfa,v11_85ae599b865950104870,False,False,False,513100,513100,513100,False,False,False,4.166512310406016,4.197886650092809,4.197886650092809,0.0,1,1,1135,2.0130391173520596,,0
2017-04-05,2017-04-05,0,70e4948f4304e28543a647331d1e6548bc6a8c1006d4bd24ce64fee3e0d00cfa,v11_85ae599b865950104870,False,False,False,513100,510300,510300,False,False,True,4.197886650092809,4.162329065114444,4.1614965993014215,0.0008324658130228889,2,0,1135,1.457839897505793,,0
2017-04-06,2017-04-06,0,70e4948f4304e28543a647331d1e6548bc6a8c1006d4bd24ce64fee3e0d00cfa,v11_85ae599b865950104870,False,False,False,510300,510300,510300,False,False,False,4.1614965993014215,4.156755503773877,4.156755503773877,0.0,1,1,1135,1.457839897505793,,0
2017-04-07,2017-04-07,0,70e4948f4304e28543a647331d1e6548bc6a8c1006d4bd24ce64fee3e0d00cfa,v11_85ae599b865950104870,False,False,False,510300,510300,510300,False,False,False,4.156755503773877,4.165052420947078,4.165052420947078,0.0,2,2,1135,1.4590855596227157,,0
2017-04-10,2017-04-10,0,70e4948f4304e28543a647331d1e6548bc6a8c1006d4bd24ce64fee3e0d00cfa,v11_85ae599b865950104870,False,False,False,510300,510300,510300,False,False,False,4.165052420947078,4.154384956010105,4.154384956010105,0.0,3,3,1135,1.4590855596227157,,0
2017-04-11,2017-04-11,0,70e4948f4304e28543a647331d1e6548bc6a8c1006d4bd24ce64fee3e0d00cfa,v11_85ae599b865950104870,False,False,False,510300,510300,510300,False,False,False,4.154384956010105,4.165052420947078,4.165052420947078,0.0,4,4,1135,1.4590855596227157,,0
2017-04-12,2017-04-12,0,70e4948f4304e28543a647331d1e6548bc6a8c1006d4bd24ce64fee3e0d00cfa,v11_85ae599b865950104870,False,False,False,510300,510300,510300,False,False,False,4.165052420947078,4.149643860482562,4.149643860482562,0.0,5,5,1135,1.4590855596227157,,0
2017-04-13,2017-04-13,0,70e4948f4304e28543a647331d1e6548bc6a8c1006d4bd24ce64fee3e0d00cfa,v11_85ae599b865950104870,False,False,False,510300,510300,510300,False,False,False,4.149643860482562,4.165052420947079,4.165052420947079,0.0,6,6,1135,1.459085559622716,,0
2017-04-14,2017-04-14,0,70e4948f4304e28543a647331d1e6548bc6a8c1006d4bd24ce64fee3e0d00cfa,v11_85ae599b865950104870,False,False,False,510300,510300,510300,False,False,False,4.165052420947079,4.130679478372388,4.130679478372388,0.0,7,7,1135,1.459085559622716,,0
2017-04-17,2017-04-17,0,70e4948f4304e28543a647331d1e6548bc6a8c1006d4bd24ce64fee3e0d00cfa,v11_85ae599b865950104870,False,False,False,510300,518880,518880,False,False,True,4.130679478372388,4.116456191789758,4.1156329005514,0.0008232912383579516,8,0,1135,1.0860624523990887,,0
2017-04-18,2017-04-18,0,70e4948f4304e28543a647331d1e6548bc6a8c1006d4bd24ce64fee3e0d00cfa,v11_85ae599b865950104870,False,False,False,518880,518880,518880,False,False,False,4.1156329005514,4.102645279196224,4.102645279196224,0.0,1,1,1135,1.0860624523990887,,0
2017-04-19,2017-04-19,0,70e4948f4304e28543a647331d1e6548bc6a8c1006d4bd24ce64fee3e0d00cfa,v11_85ae599b865950104870,False,False,False,518880,518880,518880,False,False,False,4.102645279196224,4.099759141117296,4.099759141117296,0.0,2,2,1135,1.0860624523990887,,0
2017-04-20,2017-04-20,0,70e4948f4304e28543a647331d1e6548bc6a8c1006d4bd24ce64fee3e0d00cfa,v11_85ae599b865950104870,False,False,False,518880,518880,518880,False,False,False,4.099759141117296,4.092543795919975,4.092543795919975,0.0,3,3,1135,1.0860624523990887,,0
2017-04-21,2017-04-21,0,70e4948f4304e28543a647331d1e6548bc6a8c1006d4bd24ce64fee3e0d00cfa,v11_85ae599b865950104870,False,False,False,518880,518880,518880,False,False,False,4.092543795919975,4.0795561745648,4.0795561745648,0.0,4,4,1135,1.0860624523990887,,0
2017-04-24,2017-04-24,0,70e4948f4304e28543a647331d1e6548bc6a8c1006d4bd24ce64fee3e0d00cfa,v11_85ae599b865950104870,False,False,False,518880,518880,518880,False,False,False,4.0795561745648,4.047808655696591,4.047808655696591,0.0,5,5,1135,1.0860624523990887,,0
2017-04-25,2017-04-25,0,70e4948f4304e28543a647331d1e6548bc6a8c1006d4bd24ce64fee3e0d00cfa,v11_85ae599b865950104870,False,False,False,518880,518880,518880,False,False,False,4.047808655696591,4.050694793775519,4.050694793775519,0.0,6,6,1135,1.0860624523990887,,0
2017-04-26,2017-04-26,0,70e4948f4304e28543a647331d1e6548bc6a8c1006d4bd24ce64fee3e0d00cfa,v11_85ae599b865950104870,False,False,False,518880,513100,513100,False,False,True,4.050694793775519,4.031934896262487,4.031128509283235,0.0008063869792524974,7,0,1135,2.0260782347041157,,0
2017-04-27,2017-04-27,0,70e4948f4304e28543a647331d1e6548bc6a8c1006d4bd24ce64fee3e0d00cfa,v11_85ae599b865950104870,False,False,False,513100,513100,513100,False,False,False,4.031128509283235,4.00318999486246,4.00318999486246,0.0,1,1,1135,2.0260782347041157,,0
2017-04-28,2017-04-28,0,70e4948f4304e28543a647331d1e6548bc6a8c1006d4bd24ce64fee3e0d00cfa,v11_85ae599b865950104870,False,False,False,513100,513100,513100,False,False,False,4.00318999486246,4.029132901110323,4.029132901110323,0.0,2,2,1135,2.0260782347041157,,0
2017-05-02,2017-05-02,0,70e4948f4304e28543a647331d1e6548bc6a8c1006d4bd24ce64fee3e0d00cfa,v11_85ae599b865950104870,False,False,False,513100,513100,513100,False,False,False,4.029132901110323,4.07503188908731,4.07503188908731,0.0,3,3,1135,2.048144433299903,,0
2017-05-03,2017-05-03,0,70e4948f4304e28543a647331d1e6548bc6a8c1006d4bd24ce64fee3e0d00cfa,v11_85ae599b865950104870,False,False,False,513100,513100,513100,False,False,False,4.07503188908731,4.069045064568573,4.069045064568573,0.0,4,4,1135,2.048144433299903,,0
2017-05-04,2017-05-04,0,70e4948f4304e28543a647331d1e6548bc6a8c1006d4bd24ce64fee3e0d00cfa,v11_85ae599b865950104870,False,False,False,513100,513100,513100,False,False,False,4.069045064568573,4.057071415531097,4.057071415531097,0.0,5,5,1135,2.048144433299903,,0
2017-05-05,2017-05-05,0,70e4948f4304e28543a647331d1e6548bc6a8c1006d4bd24ce64fee3e0d00cfa,v11_85ae599b865950104870,False,False,False,513100,513100,513100,False,False,False,4.057071415531097,4.0450977664936225,4.0450977664936225,0.0,6,6,1135,2.048144433299903,,0
2017-05-08,2017-05-08,0,70e4948f4304e28543a647331d1e6548bc6a8c1006d4bd24ce64fee3e0d00cfa,v11_85ae599b865950104870,False,False,False,513100,513100,513100,False,False,False,4.0450977664936225,4.116939660718472,4.116939660718472,0.0,7,7,1135,2.0692076228686087,,0
2017-05-09,2017-05-09,0,70e4948f4304e28543a647331d1e6548bc6a8c1006d4bd24ce64fee3e0d00cfa,v11_85ae599b865950104870,False,False,False,513100,513100,513100,False,False,False,4.116939660718472,4.134900134274685,4.134900134274685,0.0,8,8,1135,2.07823470411234,,0
2017-05-10,2017-05-10,0,70e4948f4304e28543a647331d1e6548bc6a8c1006d4bd24ce64fee3e0d00cfa,v11_85ae599b865950104870,False,False,False,513100,513100,513100,False,False,False,4.134900134274685,4.132904526101773,4.132904526101773,0.0,9,9,1135,2.07823470411234,,0
2017-05-11,2017-05-11,0,70e4948f4304e28543a647331d1e6548bc6a8c1006d4bd24ce64fee3e0d00cfa,v11_85ae599b865950104870,False,False,False,513100,159915,159915,False,True,True,4.132904526101773,4.13090891792886,4.130082736145274,0.0008261817835857721,10,0,1210,2.1279799247176845,,0
2017-05-12,2017-05-12,0,70e4948f4304e28543a647331d1e6548bc6a8c1006d4bd24ce64fee3e0d00cfa,v11_85ae599b865950104870,False,False,False,159915,159915,159915,False,False,False,4.130082736145274,4.134953116730351,4.134953116730351,0.0,1,1,1210,2.1304893350062666,,0
2017-05-15,2017-05-15,0,70e4948f4304e28543a647331d1e6548bc6a8c1006d4bd24ce64fee3e0d00cfa,v11_85ae599b865950104870,False,False,False,159915,159915,159915,False,False,False,4.134953116730351,4.149564258485582,4.149564258485582,0.0,2,2,1210,2.1380175658720133,,0
2017-05-16,2017-05-16,0,70e4948f4304e28543a647331d1e6548bc6a8c1006d4bd24ce64fee3e0d00cfa,v11_85ae599b865950104870,False,False,False,159915,159915,159915,False,False,False,4.149564258485582,4.239666299309507,4.239666299309507,0.0,3,3,1210,2.1844416562107836,,0
2017-05-17,2017-05-17,0,70e4948f4304e28543a647331d1e6548bc6a8c1006d4bd24ce64fee3e0d00cfa,v11_85ae599b865950104870,False,False,False,159915,159915,159915,False,False,False,4.239666299309507,4.244536679894584,4.244536679894584,0.0,4,4,1210,2.1869510664993657,,0
2017-05-18,2017-05-18,0,70e4948f4304e28543a647331d1e6548bc6a8c1006d4bd24ce64fee3e0d00cfa,v11_85ae599b865950104870,False,False,False,159915,513100,513100,False,False,True,4.244536679894584,4.232360728431892,4.231514256286205,0.0008464721456863783,5,0,1210,2.026078234704115,,0
2017-05-19,2017-05-19,0,70e4948f4304e28543a647331d1e6548bc6a8c1006d4bd24ce64fee3e0d00cfa,v11_85ae599b865950104870,False,False,False,513100,513100,513100,False,False,False,4.231514256286205,4.2587467737771565,4.2587467737771565,0.0,1,1,1210,2.039117352056171,,0
2017-05-22,2017-05-22,0,70e4948f4304e28543a647331d1e6548bc6a8c1006d4bd24ce64fee3e0d00cfa,v11_85ae599b865950104870,False,False,False,513100,513100,513100,False,False,False,4.2587467737771565,4.29435852741917,4.29435852741917,0.0,2,2,1210,2.056168505516552,,0
2017-05-23,2017-05-23,0,70e4948f4304e28543a647331d1e6548bc6a8c1006d4bd24ce64fee3e0d00cfa,v11_85ae599b865950104870,False,False,False,513100,513100,513100,False,False,False,4.29435852741917,4.3362547081744784,4.3362547081744784,0.0,3,3,1210,2.076228686058177,,0
2017-05-24,2017-05-24,0,70e4948f4304e28543a647331d1e6548bc6a8c1006d4bd24ce64fee3e0d00cfa,v11_85ae599b865950104870,False,False,False,513100,513100,513100,False,False,False,4.3362547081744784,4.334159899136713,4.334159899136713,0.0,4,4,1210,2.076228686058177,,0
2017-05-25,2017-05-25,0,70e4948f4304e28543a647331d1e6548bc6a8c1006d4bd24ce64fee3e0d00cfa,v11_85ae599b865950104870,False,False,False,513100,513100,513100,False,False,False,4.334159899136713,4.361392416627664,4.361392416627664,0.0,5,5,1210,2.088264794383152,,0
2017-05-26,2017-05-26,0,70e4948f4304e28543a647331d1e6548bc6a8c1006d4bd24ce64fee3e0d00cfa,v11_85ae599b865950104870,False,False,False,513100,513100,513100,False,False,False,4.361392416627664,4.4158574516095666,4.4158574516095666,0.0,6,6,1210,2.1143430290872645,,0
2017-05-31,2017-05-31,0,70e4948f4304e28543a647331d1e6548bc6a8c1006d4bd24ce64fee3e0d00cfa,v11_85ae599b865950104870,False,False,False,513100,513100,513100,False,False,False,4.4158574516095666,4.413762642571801,4.413762642571801,0.0,7,7,1210,2.1143430290872645,,0
2017-06-01,2017-06-01,0,70e4948f4304e28543a647331d1e6548bc6a8c1006d4bd24ce64fee3e0d00cfa,v11_85ae599b865950104870,False,False,False,513100,513100,513100,False,False,False,4.413762642571801,4.3718664618164915,4.3718664618164915,0.0,8,8,1210,2.1143430290872645,,0
2017-06-02,2017-06-02,0,70e4948f4304e28543a647331d1e6548bc6a8c1006d4bd24ce64fee3e0d00cfa,v11_85ae599b865950104870,False,False,False,513100,513100,513100,False,False,False,4.3718664618164915,4.434710732949455,4.434710732949455,0.0,9,9,1210,2.1233701103309954,,0
2017-06-05,2017-06-05,0,70e4948f4304e28543a647331d1e6548bc6a8c1006d4bd24ce64fee3e0d00cfa,v11_85ae599b865950104870,False,False,False,513100,513100,513100,False,False,False,4.434710732949455,4.472417295629233,4.472417295629233,0.0,10,10,1210,2.141424272818458,,0
2017-06-06,2017-06-06,0,70e4948f4304e28543a647331d1e6548bc6a8c1006d4bd24ce64fee3e0d00cfa,v11_85ae599b865950104870,False,False,False,513100,513100,513100,False,False,False,4.472417295629233,4.447279587176049,4.447279587176049,0.0,11,11,1210,2.141424272818458,,0
2017-06-07,2017-06-07,0,70e4948f4304e28543a647331d1e6548bc6a8c1006d4bd24ce64fee3e0d00cfa,v11_85ae599b865950104870,False,False,False,513100,510300,510300,False,False,True,4.447279587176049,4.424236687760629,4.423351840423077,0.0008848473375521259,12,0,1210,1.4698812979693838,,0
2017-06-08,2017-06-08,0,70e4948f4304e28543a647331d1e6548bc6a8c1006d4bd24ce64fee3e0d00cfa,v11_85ae599b865950104870,False,False,False,510300,510300,510300,False,False,False,4.423351840423077,4.454590200878042,4.454590200878042,0.0,1,1,1210,1.4802618156104104,,0
2017-06-09,2017-06-09,0,70e4948f4304e28543a647331d1e6548bc6a8c1006d4bd24ce64fee3e0d00cfa,v11_85ae599b865950104870,False,False,False,510300,510300,510300,False,False,False,4.454590200878042,4.482079958078412,4.482079958078412,0.0,2,2,1210,1.4893966711345141,,0
2017-06-12,2017-06-12,0,70e4948f4304e28543a647331d1e6548bc6a8c1006d4bd24ce64fee3e0d00cfa,v11_85ae599b865950104870,False,False,False,510300,510300,510300,False,False,False,4.482079958078412,4.473333217151022,4.473333217151022,0.0,3,3,1210,1.4893966711345141,,0
2017-06-13,2017-06-13,0,70e4948f4304e28543a647331d1e6548bc6a8c1006d4bd24ce64fee3e0d00cfa,v11_85ae599b865950104870,False,False,False,510300,510300,510300,False,False,False,4.473333217151022,4.482079958078412,4.482079958078412,0.0,4,4,1210,1.4893966711345141,,0
2017-06-14,2017-06-14,0,70e4948f4304e28543a647331d1e6548bc6a8c1006d4bd24ce64fee3e0d00cfa,v11_85ae599b865950104870,False,False,False,510300,510300,510300,False,False,False,4.482079958078412,4.437096719023262,4.437096719023262,0.0,5,5,1210,1.4893966711345141,,0
2017-06-15,2017-06-15,0,70e4948f4304e28543a647331d1e6548bc6a8c1006d4bd24ce64fee3e0d00cfa,v11_85ae599b865950104870,False,False,False,510300,510300,510300,False,False,False,4.437096719023262,4.422102306004879,4.422102306004879,0.0,6,6,1210,1.4893966711345141,,0
2017-06-16,2017-06-16,0,70e4948f4304e28543a647331d1e6548bc6a8c1006d4bd24ce64fee3e0d00cfa,v11_85ae599b865950104870,False,False,False,510300,510300,510300,False,False,False,4.422102306004879,4.414605099495686,4.414605099495686,0.0,7,7,1210,1.4893966711345141,,0
2017-06-19,2017-06-19,0,70e4948f4304e28543a647331d1e6548bc6a8c1006d4bd24ce64fee3e0d00cfa,v11_85ae599b865950104870,False,False,False,510300,510300,510300,False,False,False,4.414605099495686,4.464586476223631,4.464586476223631,0.0,8,8,1210,1.4893966711345141,,0
2017-06-20,2017-06-20,0,70e4948f4304e28543a647331d1e6548bc6a8c1006d4bd24ce64fee3e0d00cfa,v11_85ae599b865950104870,False,False,False,510300,510300,510300,False,False,False,4.464586476223631,4.450841597623446,4.450841597623446,0.0,9,9,1210,1.4893966711345141,,0
2017-06-21,2017-06-21,0,70e4948f4304e28543a647331d1e6548bc6a8c1006d4bd24ce64fee3e0d00cfa,v11_85ae599b865950104870,False,False,False,510300,510300,510300,False,False,False,4.450841597623446,4.507070646442385,4.507070646442385,0.0,10,10,1210,1.4977010852473358,,0
2017-06-22,2017-06-22,0,70e4948f4304e28543a647331d1e6548bc6a8c1006d4bd24ce64fee3e0d00cfa,v11_85ae599b865950104870,False,False,False,510300,510300,510300,False,False,False,4.507070646442385,4.512068784115179,4.512068784115179,0.0,11,11,1210,1.4993619680699002,,0
2017-06-23,2017-06-23,0,70e4948f4304e28543a647331d1e6548bc6a8c1006d4bd24ce64fee3e0d00cfa,v11_85ae599b865950104870,False,False,False,510300,510300,510300,False,False,False,4.512068784115179,4.555802488752129,4.555802488752129,0.0,12,12,1210,1.5138946927673373,,0
2017-06-26,2017-06-26,0,70e4948f4304e28543a647331d1e6548bc6a8c1006d4bd24ce64fee3e0d00cfa,v11_85ae599b865950104870,False,False,False,510300,510300,510300,False,False,False,4.555802488752129,4.612031537571067,4.612031537571067,0.0,13,13,1210,1.5325796245211853,,0
2017-06-27,2017-06-27,0,70e4948f4304e28543a647331d1e6548bc6a8c1006d4bd24ce64fee3e0d00cfa,v11_85ae599b865950104870,False,False,False,510300,510300,510300,False,False,False,4.612031537571067,4.614530606407464,4.614530606407464,0.0,14,14,1210,1.5334100659324674,,0
2017-06-28,2017-06-28,0,70e4948f4304e28543a647331d1e6548bc6a8c1006d4bd24ce64fee3e0d00cfa,v11_85ae599b865950104870,False,False,False,510300,510300,510300,False,False,False,4.614530606407464,4.5832922459524985,4.5832922459524985,0.0,15,15,1210,1.5334100659324674,,0
2017-06-29,2017-06-29,0,70e4948f4304e28543a647331d1e6548bc6a8c1006d4bd24ce64fee3e0d00cfa,v11_85ae599b865950104870,False,False,False,510300,510300,510300,False,False,False,4.5832922459524985,4.610782003152868,4.610782003152868,0.0,16,16,1210,1.5334100659324674,,0
2017-06-30,2017-06-30,0,70e4948f4304e28543a647331d1e6548bc6a8c1006d4bd24ce64fee3e0d00cfa,v11_85ae599b865950104870,False,False,False,510300,510300,510300,False,False,False,4.610782003152868,4.603284796643676,4.603284796643676,0.0,17,17,1210,1.5334100659324674,,0
2017-07-03,2017-07-03,0,70e4948f4304e28543a647331d1e6548bc6a8c1006d4bd24ce64fee3e0d00cfa,v11_85ae599b865950104870,False,False,False,510300,510300,510300,False,False,False,4.603284796643676,4.5832922459524985,4.5832922459524985,0.0,18,18,1210,1.5334100659324674,,0
2017-07-04,2017-07-04,0,70e4948f4304e28543a647331d1e6548bc6a8c1006d4bd24ce64fee3e0d00cfa,v11_85ae599b865950104870,False,False,False,510300,510300,510300,False,False,False,4.5832922459524985,4.545806213406539,4.545806213406539,0.0,19,19,1210,1.5334100659324674,,0
2017-07-05,2017-07-05,0,70e4948f4304e28543a647331d1e6548bc6a8c1006d4bd24ce64fee3e0d00cfa,v11_85ae599b865950104870,False,False,False,510300,510300,510300,False,False,False,4.545806213406539,4.604534331061874,4.604534331061874,0.0,20,20,1210,1.5334100659324674,,0
2017-07-06,2017-07-06,0,70e4948f4304e28543a647331d1e6548bc6a8c1006d4bd24ce64fee3e0d00cfa,v11_85ae599b865950104870,False,False,False,510300,510300,510300,False,False,False,4.604534331061874,4.600785727807279,4.600785727807279,0.0,21,21,1210,1.5334100659324674,,0
2017-07-07,2017-07-07,0,70e4948f4304e28543a647331d1e6548bc6a8c1006d4bd24ce64fee3e0d00cfa,v11_85ae599b865950104870,False,False,False,510300,510300,510300,False,False,False,4.600785727807279,4.598286658970881,4.598286658970881,0.0,22,22,1210,1.5334100659324674,,0
2017-07-10,2017-07-10,0,70e4948f4304e28543a647331d1e6548bc6a8c1006d4bd24ce64fee3e0d00cfa,v11_85ae599b865950104870,False,False,False,510300,510500,510500,False,False,True,4.598286658970881,4.603284796643676,4.602364139684347,0.0009206569593287352,23,0,1210,1.8854012277525887,,0
2017-07-11,2017-07-11,0,70e4948f4304e28543a647331d1e6548bc6a8c1006d4bd24ce64fee3e0d00cfa,v11_85ae599b865950104870,False,False,False,510500,510500,510500,False,False,False,4.602364139684347,4.551571647646139,4.551571647646139,0.0,1,1,1210,1.8854012277525887,,0
2017-07-12,2017-07-12,0,70e4948f4304e28543a647331d1e6548bc6a8c1006d4bd24ce64fee3e0d00cfa,v11_85ae599b865950104870,False,False,False,510500,510500,510500,False,False,False,4.551571647646139,4.545222586141363,4.545222586141363,0.0,2,2,1210,1.8854012277525887,,0
2017-07-13,2017-07-13,0,70e4948f4304e28543a647331d1e6548bc6a8c1006d4bd24ce64fee3e0d00cfa,v11_85ae599b865950104870,False,False,False,510500,510300,510300,False,False,True,4.545222586141363,4.550160745089522,4.549250712940504,0.0009100321490179043,3,0,1210,1.5487732320411864,,0
2017-07-14,2017-07-14,0,70e4948f4304e28543a647331d1e6548bc6a8c1006d4bd24ce64fee3e0d00cfa,v11_85ae599b865950104870,False,False,False,510300,510300,510300,False,False,False,4.549250712940504,4.579741669461552,4.579741669461552,0.0,1,1,1210,1.559153749682213,,0
2017-07-17,2017-07-17,0,70e4948f4304e28543a647331d1e6548bc6a8c1006d4bd24ce64fee3e0d00cfa,v11_85ae599b865950104870,False,False,False,510300,159915,159915,False,True,True,4.579741669461552,4.517540118158613,4.516636610134982,0.0009035080236317227,2,0,1255,1.9698870765370071,,0
2017-07-18,2017-07-18,0,70e4948f4304e28543a647331d1e6548bc6a8c1006d4bd24ce64fee3e0d00cfa,v11_85ae599b865950104870,False,False,False,159915,159915,159915,False,False,False,4.516636610134982,4.542528157581615,4.542528157581615,0.0,1,1,1255,1.9811794228356268,,0
2017-07-19,2017-07-19,0,70e4948f4304e28543a647331d1e6548bc6a8c1006d4bd24ce64fee3e0d00cfa,v11_85ae599b865950104870,False,False,False,159915,159915,159915,False,False,False,4.542528157581615,4.5828038980541566,4.5828038980541566,0.0,2,2,1255,1.998745294855702,,0
2017-07-20,2017-07-20,0,70e4948f4304e28543a647331d1e6548bc6a8c1006d4bd24ce64fee3e0d00cfa,v11_85ae599b865950104870,False,False,False,159915,159915,159915,False,False,False,4.5828038980541566,4.574173382238612,4.574173382238612,0.0,3,3,1255,1.998745294855702,,0
2017-07-21,2017-07-21,0,70e4948f4304e28543a647331d1e6548bc6a8c1006d4bd24ce64fee3e0d00cfa,v11_85ae599b865950104870,False,False,False,159915,159915,159915,False,False,False,4.574173382238612,4.577050220843794,4.577050220843794,0.0,4,4,1255,1.998745294855702,,0
2017-07-24,2017-07-24,0,70e4948f4304e28543a647331d1e6548bc6a8c1006d4bd24ce64fee3e0d00cfa,v11_85ae599b865950104870,False,False,False,159915,513100,513100,False,False,True,4.577050220843794,4.600064929685246,4.599144916699309,0.0009200129859370492,5,0,1255,2.100300902708128,,0
2017-07-25,2017-07-25,0,70e4948f4304e28543a647331d1e6548bc6a8c1006d4bd24ce64fee3e0d00cfa,v11_85ae599b865950104870,False,False,False,513100,513100,513100,False,False,False,4.599144916699309,4.607930293808573,4.607930293808573,0.0,1,1,1255,2.104312938816453,,0
2017-07-26,2017-07-26,0,70e4948f4304e28543a647331d1e6548bc6a8c1006d4bd24ce64fee3e0d00cfa,v11_85ae599b865950104870,False,False,False,513100,513100,513100,False,False,False,4.607930293808573,4.607930293808573,4.607930293808573,0.0,2,2,1255,2.104312938816453,,0
2017-07-27,2017-07-27,0,70e4948f4304e28543a647331d1e6548bc6a8c1006d4bd24ce64fee3e0d00cfa,v11_85ae599b865950104870,False,False,False,513100,513100,513100,False,False,False,4.607930293808573,4.647464490800258,4.647464490800258,0.0,3,3,1255,2.122367101303916,,0
2017-07-28,2017-07-28,0,70e4948f4304e28543a647331d1e6548bc6a8c1006d4bd24ce64fee3e0d00cfa,v11_85ae599b865950104870,False,False,False,513100,513100,513100,False,False,False,4.647464490800258,4.566199752539573,4.566199752539573,0.0,4,4,1255,2.122367101303916,,0
2017-07-31,2017-07-31,0,70e4948f4304e28543a647331d1e6548bc6a8c1006d4bd24ce64fee3e0d00cfa,v11_85ae599b865950104870,False,False,False,513100,513100,513100,False,False,False,4.566199752539573,4.561807063984941,4.561807063984941,0.0,5,5,1255,2.122367101303916,,0
2017-08-01,2017-08-01,0,70e4948f4304e28543a647331d1e6548bc6a8c1006d4bd24ce64fee3e0d00cfa,v11_85ae599b865950104870,False,False,False,513100,513100,513100,False,False,False,4.561807063984941,4.570592441094204,4.570592441094204,0.0,6,6,1255,2.122367101303916,,0
2017-08-02,2017-08-02,0,70e4948f4304e28543a647331d1e6548bc6a8c1006d4bd24ce64fee3e0d00cfa,v11_85ae599b865950104870,False,False,False,513100,513100,513100,False,False,False,4.570592441094204,4.607930293808573,4.607930293808573,0.0,7,7,1255,2.122367101303916,,0
2017-08-03,2017-08-03,0,70e4948f4304e28543a647331d1e6548bc6a8c1006d4bd24ce64fee3e0d00cfa,v11_85ae599b865950104870,False,False,False,513100,513100,513100,False,False,False,4.607930293808573,4.574985129648836,4.574985129648836,0.0,8,8,1255,2.122367101303916,,0
2017-08-04,2017-08-04,0,70e4948f4304e28543a647331d1e6548bc6a8c1006d4bd24ce64fee3e0d00cfa,v11_85ae599b865950104870,False,False,False,513100,513100,513100,False,False,False,4.574985129648836,4.5574143754303105,4.5574143754303105,0.0,9,9,1255,2.122367101303916,,0
2017-08-07,2017-08-07,0,70e4948f4304e28543a647331d1e6548bc6a8c1006d4bd24ce64fee3e0d00cfa,v11_85ae599b865950104870,False,False,False,513100,513100,513100,False,False,False,4.5574143754303105,4.583770506758101,4.583770506758101,0.0,10,10,1255,2.122367101303916,,0
2017-08-08,2017-08-08,0,70e4948f4304e28543a647331d1e6548bc6a8c1006d4bd24ce64fee3e0d00cfa,v11_85ae599b865950104870,False,False,False,513100,513100,513100,False,False,False,4.583770506758101,4.59475222814468,4.59475222814468,0.0,11,11,1255,2.122367101303916,,0
2017-08-09,2017-08-09,0,70e4948f4304e28543a647331d1e6548bc6a8c1006d4bd24ce64fee3e0d00cfa,v11_85ae599b865950104870,False,False,False,513100,513100,513100,False,False,False,4.59475222814468,4.5574143754303105,4.5574143754303105,0.0,12,12,1255,2.122367101303916,,0
2017-08-10,2017-08-10,0,70e4948f4304e28543a647331d1e6548bc6a8c1006d4bd24ce64fee3e0d00cfa,v11_85ae599b865950104870,False,False,False,513100,510500,510500,False,False,True,4.5574143754303105,4.537647276934468,4.536739747479081,0.0009075294553868937,13,0,1255,1.9145896894330008,,0
2017-08-11,2017-08-11,0,70e4948f4304e28543a647331d1e6548bc6a8c1006d4bd24ce64fee3e0d00cfa,v11_85ae599b865950104870,False,False,False,510500,510500,510500,False,False,False,4.536739747479081,4.451825675224378,4.451825675224378,0.0,1,1,1255,1.9145896894330008,,0
2017-08-14,2017-08-14,0,70e4948f4304e28543a647331d1e6548bc6a8c1006d4bd24ce64fee3e0d00cfa,v11_85ae599b865950104870,False,False,False,510500,510500,510500,False,False,False,4.451825675224378,4.542218074721319,4.542218074721319,0.0,2,2,1255,1.9169016467938254,,0
2017-08-15,2017-08-15,0,70e4948f4304e28543a647331d1e6548bc6a8c1006d4bd24ce64fee3e0d00cfa,v11_85ae599b865950104870,False,False,False,510500,510500,510500,False,False,False,4.542218074721319,4.544957238342438,4.544957238342438,0.0,3,3,1255,1.9180576254742376,,0
2017-08-16,2017-08-16,0,70e4948f4304e28543a647331d1e6548bc6a8c1006d4bd24ce64fee3e0d00cfa,v11_85ae599b865950104870,False,False,False,510500,159915,159915,False,False,True,4.544957238342438,4.550435565584677,4.54952547847156,0.0009100871131169355,4,0,1255,2.1769134253450355,,0
2017-08-17,2017-08-17,0,70e4948f4304e28543a647331d1e6548bc6a8c1006d4bd24ce64fee3e0d00cfa,v11_85ae599b865950104870,False,False,False,159915,159915,159915,False,False,False,4.54952547847156,4.578369732225558,4.578369732225558,0.0,1,1,1255,2.1907151819322372,,0
2017-08-18,2017-08-18,0,70e4948f4304e28543a647331d1e6548bc6a8c1006d4bd24ce64fee3e0d00cfa,v11_85ae599b865950104870,False,False,False,159915,159915,159915,False,False,False,4.578369732225558,4.544281068698105,4.544281068698105,0.0,2,2,1255,2.1907151819322372,,0
2017-08-21,2017-08-21,0,70e4948f4304e28543a647331d1e6548bc6a8c1006d4bd24ce64fee3e0d00cfa,v11_85ae599b865950104870,False,False,False,159915,159915,159915,False,False,False,4.544281068698105,4.554769888245013,4.554769888245013,0.0,3,3,1255,2.1907151819322372,,0
2017-08-22,2017-08-22,0,70e4948f4304e28543a647331d1e6548bc6a8c1006d4bd24ce64fee3e0d00cfa,v11_85ae599b865950104870,False,False,False,159915,159915,159915,False,False,False,4.554769888245013,4.525925634491014,4.525925634491014,0.0,4,4,1255,2.1907151819322372,,0
2017-08-23,2017-08-23,0,70e4948f4304e28543a647331d1e6548bc6a8c1006d4bd24ce64fee3e0d00cfa,v11_85ae599b865950104870,False,False,False,159915,159915,159915,False,False,False,4.525925634491014,4.50232579051047,4.50232579051047,0.0,5,5,1255,2.1907151819322372,,0
2017-08-24,2017-08-24,0,70e4948f4304e28543a647331d1e6548bc6a8c1006d4bd24ce64fee3e0d00cfa,v11_85ae599b865950104870,False,False,False,159915,159915,159915,False,False,False,4.50232579051047,4.470859331869745,4.470859331869745,0.0,6,6,1255,2.1907151819322372,,0
2017-08-25,2017-08-25,0,70e4948f4304e28543a647331d1e6548bc6a8c1006d4bd24ce64fee3e0d00cfa,v11_85ae599b865950104870,False,False,False,159915,159915,159915,False,False,False,4.470859331869745,4.518059019830833,4.518059019830833,0.0,7,7,1255,2.1907151819322372,,0
2017-08-28,2017-08-28,0,70e4948f4304e28543a647331d1e6548bc6a8c1006d4bd24ce64fee3e0d00cfa,v11_85ae599b865950104870,False,False,False,159915,159915,159915,False,False,False,4.518059019830833,4.6019695762061,4.6019695762061,0.0,8,8,1255,2.202007528230856,,0
2017-08-29,2017-08-29,0,70e4948f4304e28543a647331d1e6548bc6a8c1006d4bd24ce64fee3e0d00cfa,v11_85ae599b865950104870,False,False,False,159915,159915,159915,False,False,False,4.6019695762061,4.570503117565376,4.570503117565376,0.0,9,9,1255,2.202007528230856,,0
2017-08-30,2017-08-30,0,70e4948f4304e28543a647331d1e6548bc6a8c1006d4bd24ce64fee3e0d00cfa,v11_85ae599b865950104870,False,False,False,159915,159915,159915,False,False,False,4.570503117565376,4.604591781092828,4.604591781092828,0.0,10,10,1255,2.2032622333751477,,0
2017-08-31,2017-08-31,0,70e4948f4304e28543a647331d1e6548bc6a8c1006d4bd24ce64fee3e0d00cfa,v11_85ae599b865950104870,False,False,False,159915,159915,159915,False,False,False,4.604591781092828,4.628191625073372,4.628191625073372,0.0,11,11,1255,2.2145545796737673,,0
2017-09-01,2017-09-01,0,70e4948f4304e28543a647331d1e6548bc6a8c1006d4bd24ce64fee3e0d00cfa,v11_85ae599b865950104870,False,False,False,159915,159915,159915,False,False,False,4.628191625073372,4.657035878827371,4.657035878827371,0.0,12,12,1255,2.2283563362609695,,0
2017-09-04,2017-09-04,0,70e4948f4304e28543a647331d1e6548bc6a8c1006d4bd24ce64fee3e0d00cfa,v11_85ae599b865950104870,False,False,False,159915,159915,159915,False,False,False,4.657035878827371,4.709479976561914,4.709479976561914,0.0,13,13,1255,2.2534504391467913,,0
2017-09-05,2017-09-05,0,70e4948f4304e28543a647331d1e6548bc6a8c1006d4bd24ce64fee3e0d00cfa,v11_85ae599b865950104870,False,False,False,159915,159915,159915,False,False,False,4.709479976561914,4.709479976561914,4.709479976561914,0.0,14,14,1255,2.2534504391467913,,0
2017-09-06,2017-09-06,0,70e4948f4304e28543a647331d1e6548bc6a8c1006d4bd24ce64fee3e0d00cfa,v11_85ae599b865950104870,False,False,False,159915,159915,159915,False,False,False,4.709479976561914,4.754057459636275,4.754057459636275,0.0,15,15,1255,2.27478042659974,,0
2017-09-07,2017-09-07,0,70e4948f4304e28543a647331d1e6548bc6a8c1006d4bd24ce64fee3e0d00cfa,v11_85ae599b865950104870,False,False,False,159915,159915,159915,False,False,False,4.754057459636275,4.719968796108823,4.719968796108823,0.0,16,16,1255,2.27478042659974,,0
2017-09-08,2017-09-08,0,70e4948f4304e28543a647331d1e6548bc6a8c1006d4bd24ce64fee3e0d00cfa,v11_85ae599b865950104870,False,False,False,159915,159915,159915,False,False,False,4.719968796108823,4.696368952128278,4.696368952128278,0.0,17,17,1255,2.27478042659974,,0
2017-09-11,2017-09-11,0,70e4948f4304e28543a647331d1e6548bc6a8c1006d4bd24ce64fee3e0d00cfa,v11_85ae599b865950104870,False,False,False,159915,159915,159915,False,False,False,4.696368952128278,4.7383242303159125,4.7383242303159125,0.0,18,18,1255,2.27478042659974,,0
2017-09-12,2017-09-12,0,70e4948f4304e28543a647331d1e6548bc6a8c1006d4bd24ce64fee3e0d00cfa,v11_85ae599b865950104870,False,False,False,159915,159915,159915,False,False,False,4.7383242303159125,4.7016133619017335,4.7016133619017335,0.0,19,19,1255,2.27478042659974,,0
2017-09-13,2017-09-13,0,70e4948f4304e28543a647331d1e6548bc6a8c1006d4bd24ce64fee3e0d00cfa,v11_85ae599b865950104870,False,False,False,159915,510500,510500,False,False,True,4.7016133619017335,4.712102181448642,4.711159761012352,0.0009424204362897284,20,0,1255,2.0342334828556816,,0
2017-09-14,2017-09-14,0,70e4948f4304e28543a647331d1e6548bc6a8c1006d4bd24ce64fee3e0d00cfa,v11_85ae599b865950104870,False,False,False,510500,510500,510500,False,False,False,4.711159761012352,4.701120352514669,4.701120352514669,0.0,1,1,1255,2.0342334828556816,,0
2017-09-15,2017-09-15,0,70e4948f4304e28543a647331d1e6548bc6a8c1006d4bd24ce64fee3e0d00cfa,v11_85ae599b865950104870,False,False,False,510500,510500,510500,False,False,False,4.701120352514669,4.664978481923013,4.664978481923013,0.0,2,2,1255,2.0342334828556816,,0
2017-09-18,2017-09-18,0,70e4948f4304e28543a647331d1e6548bc6a8c1006d4bd24ce64fee3e0d00cfa,v11_85ae599b865950104870,False,False,False,510500,510500,510500,False,False,False,4.664978481923013,4.709151879312815,4.709151879312815,0.0,3,3,1255,2.0342334828556816,,0
2017-09-19,2017-09-19,0,70e4948f4304e28543a647331d1e6548bc6a8c1006d4bd24ce64fee3e0d00cfa,v11_85ae599b865950104870,False,False,False,510500,510500,510500,False,False,False,4.709151879312815,4.668994245322086,4.668994245322086,0.0,4,4,1255,2.0342334828556816,,0
2017-09-20,2017-09-20,0,70e4948f4304e28543a647331d1e6548bc6a8c1006d4bd24ce64fee3e0d00cfa,v11_85ae599b865950104870,False,False,False,510500,510500,510500,False,False,False,4.668994245322086,4.71718340611096,4.71718340611096,0.0,5,5,1255,2.0368344348866088,,0
2017-09-21,2017-09-21,0,70e4948f4304e28543a647331d1e6548bc6a8c1006d4bd24ce64fee3e0d00cfa,v11_85ae599b865950104870,False,False,False,510500,510500,510500,False,False,False,4.71718340611096,4.662301306323632,4.662301306323632,0.0,6,6,1255,2.0368344348866088,,0
2017-09-22,2017-09-22,0,70e4948f4304e28543a647331d1e6548bc6a8c1006d4bd24ce64fee3e0d00cfa,v11_85ae599b865950104870,False,False,False,510500,510500,510500,False,False,False,4.662301306323632,4.6274980235316665,4.6274980235316665,0.0,7,7,1255,2.0368344348866088,,0
2017-09-25,2017-09-25,0,70e4948f4304e28543a647331d1e6548bc6a8c1006d4bd24ce64fee3e0d00cfa,v11_85ae599b865950104870,False,False,False,510500,510500,510500,False,False,False,4.6274980235316665,4.571277335944647,4.571277335944647,0.0,8,8,1255,2.0368344348866088,,0
2017-09-26,2017-09-26,0,70e4948f4304e28543a647331d1e6548bc6a8c1006d4bd24ce64fee3e0d00cfa,v11_85ae599b865950104870,False,False,False,510500,510500,510500,False,False,False,4.571277335944647,4.591356152940011,4.591356152940011,0.0,9,9,1255,2.0368344348866088,,0
2017-09-27,2017-09-27,0,70e4948f4304e28543a647331d1e6548bc6a8c1006d4bd24ce64fee3e0d00cfa,v11_85ae599b865950104870,False,False,False,510500,510500,510500,False,False,False,4.591356152940011,4.63285237473043,4.63285237473043,0.0,10,10,1255,2.0368344348866088,,0
2017-09-28,2017-09-28,0,70e4948f4304e28543a647331d1e6548bc6a8c1006d4bd24ce64fee3e0d00cfa,v11_85ae599b865950104870,False,False,False,510500,510500,510500,False,False,False,4.63285237473043,4.634190962530122,4.634190962530122,0.0,11,11,1255,2.0368344348866088,,0
2017-09-29,2017-09-29,0,70e4948f4304e28543a647331d1e6548bc6a8c1006d4bd24ce64fee3e0d00cfa,v11_85ae599b865950104870,False,False,False,510500,510500,510500,False,False,False,4.634190962530122,4.662301306323632,4.662301306323632,0.0,12,12,1255,2.0368344348866088,,0
2017-10-09,2017-10-09,0,70e4948f4304e28543a647331d1e6548bc6a8c1006d4bd24ce64fee3e0d00cfa,v11_85ae599b865950104870,False,False,False,510500,510500,510500,False,False,False,4.662301306323632,4.711159761012352,4.711159761012352,0.0,13,13,1255,2.0368344348866088,,0
2017-10-10,2017-10-10,0,70e4948f4304e28543a647331d1e6548bc6a8c1006d4bd24ce64fee3e0d00cfa,v11_85ae599b865950104870,False,False,False,510500,510500,510500,False,False,False,4.711159761012352,4.726553520708799,4.726553520708799,0.0,14,14,1255,2.0408803602680523,,0
2017-10-11,2017-10-11,0,70e4948f4304e28543a647331d1e6548bc6a8c1006d4bd24ce64fee3e0d00cfa,v11_85ae599b865950104870,False,False,False,510500,510500,510500,False,False,False,4.726553520708799,4.700451058614825,4.700451058614825,0.0,15,15,1255,2.0408803602680523,,0
2017-10-12,2017-10-12,0,70e4948f4304e28543a647331d1e6548bc6a8c1006d4bd24ce64fee3e0d00cfa,v11_85ae599b865950104870,False,False,False,510500,510500,510500,False,False,False,4.700451058614825,4.691750237916834,4.691750237916834,0.0,16,16,1255,2.0408803602680523,,0
2017-10-13,2017-10-13,0,70e4948f4304e28543a647331d1e6548bc6a8c1006d4bd24ce64fee3e0d00cfa,v11_85ae599b865950104870,False,False,False,510500,510500,510500,False,False,False,4.691750237916834,4.728561402408335,4.728561402408335,0.0,17,17,1255,2.041747344278362,,0
2017-10-16,2017-10-16,0,70e4948f4304e28543a647331d1e6548bc6a8c1006d4bd24ce64fee3e0d00cfa,v11_85ae599b865950104870,False,False,False,510500,513100,513100,False,False,True,4.728561402408335,4.660293424624096,4.659361365939171,0.0009320586849248193,18,0,1255,2.1183550651955896,,0
2017-10-17,2017-10-17,0,70e4948f4304e28543a647331d1e6548bc6a8c1006d4bd24ce64fee3e0d00cfa,v11_85ae599b865950104870,False,False,False,513100,513100,513100,False,False,False,4.659361365939171,4.681422736043049,4.681422736043049,0.0,1,1,1255,2.1283851554664017,,0
2017-10-18,2017-10-18,0,70e4948f4304e28543a647331d1e6548bc6a8c1006d4bd24ce64fee3e0d00cfa,v11_85ae599b865950104870,False,False,False,513100,513100,513100,False,False,False,4.681422736043049,4.674804325011886,4.674804325011886,0.0,2,2,1255,2.1283851554664017,,0
2017-10-19,2017-10-19,0,70e4948f4304e28543a647331d1e6548bc6a8c1006d4bd24ce64fee3e0d00cfa,v11_85ae599b865950104870,False,False,False,513100,513100,513100,False,False,False,4.674804325011886,4.683628873053437,4.683628873053437,0.0,3,3,1255,2.1293881644934833,,0
2017-10-20,2017-10-20,0,70e4948f4304e28543a647331d1e6548bc6a8c1006d4bd24ce64fee3e0d00cfa,v11_85ae599b865950104870,False,False,False,513100,513100,513100,False,False,False,4.683628873053437,4.683628873053437,4.683628873053437,0.0,4,4,1255,2.1293881644934833,,0
2017-10-23,2017-10-23,0,70e4948f4304e28543a647331d1e6548bc6a8c1006d4bd24ce64fee3e0d00cfa,v11_85ae599b865950104870,False,False,False,513100,513100,513100,False,False,False,4.683628873053437,4.694659558105377,4.694659558105377,0.0,5,5,1255,2.1344032096288896,,0
2017-10-24,2017-10-24,0,70e4948f4304e28543a647331d1e6548bc6a8c1006d4bd24ce64fee3e0d00cfa,v11_85ae599b865950104870,False,False,False,513100,513100,513100,False,False,False,4.694659558105377,4.674804325011887,4.674804325011887,0.0,6,6,1255,2.1344032096288896,,0
2017-10-25,2017-10-25,0,70e4948f4304e28543a647331d1e6548bc6a8c1006d4bd24ce64fee3e0d00cfa,v11_85ae599b865950104870,False,False,False,513100,513100,513100,False,False,False,4.674804325011887,4.683628873053438,4.683628873053438,0.0,7,7,1255,2.1344032096288896,,0
2017-10-26,2017-10-26,0,70e4948f4304e28543a647331d1e6548bc6a8c1006d4bd24ce64fee3e0d00cfa,v11_85ae599b865950104870,False,False,False,513100,513100,513100,False,False,False,4.683628873053438,4.661567502949559,4.661567502949559,0.0,8,8,1255,2.1344032096288896,,0
2017-10-27,2017-10-27,0,70e4948f4304e28543a647331d1e6548bc6a8c1006d4bd24ce64fee3e0d00cfa,v11_85ae599b865950104870,False,False,False,513100,513100,513100,False,False,False,4.661567502949559,4.688041147074213,4.688041147074213,0.0,9,9,1255,2.1344032096288896,,0
2017-10-30,2017-10-30,0,70e4948f4304e28543a647331d1e6548bc6a8c1006d4bd24ce64fee3e0d00cfa,v11_85ae599b865950104870,False,False,False,513100,513100,513100,False,False,False,4.688041147074213,4.782905038520892,4.782905038520892,0.0,10,10,1255,2.17452357071214,,0
2017-10-31,2017-10-31,0,70e4948f4304e28543a647331d1e6548bc6a8c1006d4bd24ce64fee3e0d00cfa,v11_85ae599b865950104870,False,False,False,513100,513100,513100,False,False,False,4.782905038520892,4.791729586562444,4.791729586562444,0.0,11,11,1255,2.178535606820465,,0
2017-11-01,2017-11-01,0,70e4948f4304e28543a647331d1e6548bc6a8c1006d4bd24ce64fee3e0d00cfa,v11_85ae599b865950104870,False,False,False,513100,513100,513100,False,False,False,4.791729586562444,4.81599709367671,4.81599709367671,0.0,12,12,1255,2.1895687061183584,,0
2017-11-02,2017-11-02,0,70e4948f4304e28543a647331d1e6548bc6a8c1006d4bd24ce64fee3e0d00cfa,v11_85ae599b865950104870,False,False,False,513100,513100,513100,False,False,False,4.81599709367671,4.800554134603996,4.800554134603996,0.0,13,13,1255,2.1895687061183584,,0
2017-11-03,2017-11-03,0,70e4948f4304e28543a647331d1e6548bc6a8c1006d4bd24ce64fee3e0d00cfa,v11_85ae599b865950104870,False,False,False,513100,513100,513100,False,False,False,4.800554134603996,4.80717254563516,4.80717254563516,0.0,14,14,1255,2.1895687061183584,,0
2017-11-06,2017-11-06,0,70e4948f4304e28543a647331d1e6548bc6a8c1006d4bd24ce64fee3e0d00cfa,v11_85ae599b865950104870,False,False,False,513100,513100,513100,False,False,False,4.80717254563516,4.822615504707875,4.822615504707875,0.0,15,15,1255,2.192577733199603,,0
2017-11-07,2017-11-07,0,70e4948f4304e28543a647331d1e6548bc6a8c1006d4bd24ce64fee3e0d00cfa,v11_85ae599b865950104870,False,False,False,513100,513100,513100,False,False,False,4.822615504707875,4.833646189759814,4.833646189759814,0.0,16,16,1255,2.1975927783350087,,0
2017-11-08,2017-11-08,0,70e4948f4304e28543a647331d1e6548bc6a8c1006d4bd24ce64fee3e0d00cfa,v11_85ae599b865950104870,False,False,False,513100,513100,513100,False,False,False,4.833646189759814,4.842470737801366,4.842470737801366,0.0,17,17,1255,2.201604814443334,,0
2017-11-09,2017-11-09,0,70e4948f4304e28543a647331d1e6548bc6a8c1006d4bd24ce64fee3e0d00cfa,v11_85ae599b865950104870,False,False,False,513100,513100,513100,False,False,False,4.842470737801366,4.857913696874081,4.857913696874081,0.0,18,18,1255,2.2086258776329024,,0
2017-11-10,2017-11-10,0,70e4948f4304e28543a647331d1e6548bc6a8c1006d4bd24ce64fee3e0d00cfa,v11_85ae599b865950104870,False,False,False,513100,513100,513100,False,False,False,4.857913696874081,4.8446768748117535,4.8446768748117535,0.0,19,19,1255,2.2086258776329024,,0
2017-11-13,2017-11-13,0,70e4948f4304e28543a647331d1e6548bc6a8c1006d4bd24ce64fee3e0d00cfa,v11_85ae599b865950104870,False,False,False,513100,513100,513100,False,False,False,4.8446768748117535,4.846883011822141,4.846883011822141,0.0,20,20,1255,2.2086258776329024,,0
2017-11-14,2017-11-14,0,70e4948f4304e28543a647331d1e6548bc6a8c1006d4bd24ce64fee3e0d00cfa,v11_85ae599b865950104870,False,False,False,513100,513100,513100,False,False,False,4.846883011822141,4.853501422853305,4.853501422853305,0.0,21,21,1255,2.2086258776329024,,0
2017-11-15,2017-11-15,0,70e4948f4304e28543a647331d1e6548bc6a8c1006d4bd24ce64fee3e0d00cfa,v11_85ae599b865950104870,False,False,False,513100,513100,513100,False,False,False,4.853501422853305,4.820409367697486,4.820409367697486,0.0,22,22,1255,2.2086258776329024,,0
2017-11-16,2017-11-16,0,70e4948f4304e28543a647331d1e6548bc6a8c1006d4bd24ce64fee3e0d00cfa,v11_85ae599b865950104870,False,False,False,513100,513100,513100,False,False,False,4.820409367697486,4.802760271614383,4.802760271614383,0.0,23,23,1255,2.2086258776329024,,0
2017-11-17,2017-11-17,0,70e4948f4304e28543a647331d1e6548bc6a8c1006d4bd24ce64fee3e0d00cfa,v11_85ae599b865950104870,False,False,False,513100,513100,513100,False,False,False,4.802760271614383,4.860119833884467,4.860119833884467,0.0,24,24,1255,2.209628886659983,,0
2017-11-20,2017-11-20,0,70e4948f4304e28543a647331d1e6548bc6a8c1006d4bd24ce64fee3e0d00cfa,v11_85ae599b865950104870,False,False,False,513100,510300,510300,False,False,True,4.860119833884467,4.840264600790976,4.839296547870818,0.0009680529201581954,25,0,1255,1.745172625809412,,0
2017-11-21,2017-11-21,0,70e4948f4304e28543a647331d1e6548bc6a8c1006d4bd24ce64fee3e0d00cfa,v11_85ae599b865950104870,False,False,False,510300,510300,510300,False,False,False,4.839296547870818,4.93486200432413,4.93486200432413,0.0,1,1,1255,1.7796359443776202,,0
2017-11-22,2017-11-22,0,70e4948f4304e28543a647331d1e6548bc6a8c1006d4bd24ce64fee3e0d00cfa,v11_85ae599b865950104870,False,False,False,510300,510300,510300,False,False,False,4.93486200432413,4.933710613282525,4.933710613282525,0.0,2,2,1255,1.7796359443776202,,0
2017-11-23,2017-11-23,0,70e4948f4304e28543a647331d1e6548bc6a8c1006d4bd24ce64fee3e0d00cfa,v11_85ae599b865950104870,False,False,False,510300,513100,513100,True,False,True,4.933710613282525,4.777121431624082,4.776166007337758,0.0009554242863248166,3,0,1255,2.2146439317953894,,0
2017-11-24,2017-11-24,0,70e4948f4304e28543a647331d1e6548bc6a8c1006d4bd24ce64fee3e0d00cfa,v11_85ae599b865950104870,False,False,False,513100,513100,513100,False,False,False,4.776166007337758,4.776166007337758,4.776166007337758,0.0,1,1,1255,2.2146439317953894,,0
2017-11-27,2017-11-27,0,70e4948f4304e28543a647331d1e6548bc6a8c1006d4bd24ce64fee3e0d00cfa,v11_85ae599b865950104870,False,False,False,513100,513100,513100,False,False,False,4.776166007337758,4.799960312627936,4.799960312627936,0.0,2,2,1255,2.225677031093283,,0
2017-11-28,2017-11-28,0,70e4948f4304e28543a647331d1e6548bc6a8c1006d4bd24ce64fee3e0d00cfa,v11_85ae599b865950104870,False,False,False,513100,513100,513100,False,False,False,4.799960312627936,4.810775905941655,4.810775905941655,0.0,3,3,1255,2.2306920762286895,,0
2017-11-29,2017-11-29,0,70e4948f4304e28543a647331d1e6548bc6a8c1006d4bd24ce64fee3e0d00cfa,v11_85ae599b865950104870,False,False,False,513100,513100,513100,False,False,False,4.810775905941655,4.858364516522012,4.858364516522012,0.0,4,4,1255,2.2527582748244765,,0
2017-11-30,2017-11-30,0,70e4948f4304e28543a647331d1e6548bc6a8c1006d4bd24ce64fee3e0d00cfa,v11_85ae599b865950104870,False,False,False,513100,513100,513100,False,False,False,4.858364516522012,4.789144719314217,4.789144719314217,0.0,5,5,1255,2.2527582748244765,,0
2017-12-01,2017-12-01,0,70e4948f4304e28543a647331d1e6548bc6a8c1006d4bd24ce64fee3e0d00cfa,v11_85ae599b865950104870,False,False,False,513100,513100,513100,False,False,False,4.789144719314217,4.847548923208294,4.847548923208294,0.0,6,6,1255,2.2527582748244765,,0
2017-12-04,2017-12-04,0,70e4948f4304e28543a647331d1e6548bc6a8c1006d4bd24ce64fee3e0d00cfa,v11_85ae599b865950104870,False,False,False,513100,513100,513100,False,False,False,4.847548923208294,4.892974415125908,4.892974415125908,0.0,7,7,1255,2.268806419257776,,0
2017-12-05,2017-12-05,0,70e4948f4304e28543a647331d1e6548bc6a8c1006d4bd24ce64fee3e0d00cfa,v11_85ae599b865950104870,False,False,False,513100,518880,518880,True,False,True,4.892974415125908,4.758861058035808,4.7579092858242005,0.0009517722116071616,8,0,1255,1.0289413556740312,,0
2017-12-06,2017-12-06,0,70e4948f4304e28543a647331d1e6548bc6a8c1006d4bd24ce64fee3e0d00cfa,v11_85ae599b865950104870,False,False,False,518880,513100,513100,False,False,True,4.7579092858242005,4.729735137573576,4.7287891905460615,0.0009459470275147153,1,0,1255,2.1815446339017077,,0
2017-12-07,2017-12-07,0,70e4948f4304e28543a647331d1e6548bc6a8c1006d4bd24ce64fee3e0d00cfa,v11_85ae599b865950104870,False,False,False,513100,513100,513100,False,False,False,4.7287891905460615,4.761401529791207,4.761401529791207,0.0,1,1,1255,2.1965897693079266,,0
2017-12-08,2017-12-08,0,70e4948f4304e28543a647331d1e6548bc6a8c1006d4bd24ce64fee3e0d00cfa,v11_85ae599b865950104870,False,False,False,513100,513100,513100,False,False,False,4.761401529791207,4.804884648784734,4.804884648784734,0.0,2,2,1255,2.2166499498495518,,0
2017-12-11,2017-12-11,0,70e4948f4304e28543a647331d1e6548bc6a8c1006d4bd24ce64fee3e0d00cfa,v11_85ae599b865950104870,False,False,False,513100,513100,513100,False,False,False,4.804884648784734,4.826626208281499,4.826626208281499,0.0,3,3,1255,2.226680040120365,,0
2017-12-12,2017-12-12,0,70e4948f4304e28543a647331d1e6548bc6a8c1006d4bd24ce64fee3e0d00cfa,v11_85ae599b865950104870,False,False,False,513100,513100,513100,False,False,False,4.826626208281499,4.859238547526643,4.859238547526643,0.0,4,4,1255,2.2417251755265832,,0
2017-12-13,2017-12-13,0,70e4948f4304e28543a647331d1e6548bc6a8c1006d4bd24ce64fee3e0d00cfa,v11_85ae599b865950104870,False,False,False,513100,513100,513100,False,False,False,4.859238547526643,4.863586859425996,4.863586859425996,0.0,5,5,1255,2.243731193580746,,0
2017-12-14,2017-12-14,0,70e4948f4304e28543a647331d1e6548bc6a8c1006d4bd24ce64fee3e0d00cfa,v11_85ae599b865950104870,False,False,False,513100,513100,513100,False,False,False,4.863586859425996,4.876631795124053,4.876631795124053,0.0,6,6,1255,2.2497492477432335,,0
2017-12-15,2017-12-15,0,70e4948f4304e28543a647331d1e6548bc6a8c1006d4bd24ce64fee3e0d00cfa,v11_85ae599b865950104870,False,False,False,513100,513100,513100,False,False,False,4.876631795124053,4.852716079677615,4.852716079677615,0.0,7,7,1255,2.2497492477432335,,0
2017-12-18,2017-12-18,0,70e4948f4304e28543a647331d1e6548bc6a8c1006d4bd24ce64fee3e0d00cfa,v11_85ae599b865950104870,False,False,False,513100,513100,513100,False,False,False,4.852716079677615,4.92663738196661,4.92663738196661,0.0,8,8,1255,2.272818455366102,,0
2017-12-19,2017-12-19,0,70e4948f4304e28543a647331d1e6548bc6a8c1006d4bd24ce64fee3e0d00cfa,v11_85ae599b865950104870,False,False,False,513100,513100,513100,False,False,False,4.92663738196661,4.957075565262078,4.957075565262078,0.0,9,9,1255,2.286860581745239,,0
2017-12-20,2017-12-20,0,70e4948f4304e28543a647331d1e6548bc6a8c1006d4bd24ce64fee3e0d00cfa,v11_85ae599b865950104870,False,False,False,513100,513100,513100,False,False,False,4.957075565262078,4.948378941463372,4.948378941463372,0.0,10,10,1255,2.286860581745239,,0
2017-12-21,2017-12-21,0,70e4948f4304e28543a647331d1e6548bc6a8c1006d4bd24ce64fee3e0d00cfa,v11_85ae599b865950104870,False,False,False,513100,513100,513100,False,False,False,4.948378941463372,4.917940758167903,4.917940758167903,0.0,11,11,1255,2.286860581745239,,0
2017-12-22,2017-12-22,0,70e4948f4304e28543a647331d1e6548bc6a8c1006d4bd24ce64fee3e0d00cfa,v11_85ae599b865950104870,False,False,False,513100,513100,513100,False,False,False,4.917940758167903,4.933159849815638,4.933159849815638,0.0,12,12,1255,2.286860581745239,,0
2017-12-25,2017-12-25,0,70e4948f4304e28543a647331d1e6548bc6a8c1006d4bd24ce64fee3e0d00cfa,v11_85ae599b865950104870,False,False,False,513100,513100,513100,False,False,False,4.933159849815638,4.917940758167902,4.917940758167902,0.0,13,13,1255,2.286860581745239,,0
2017-12-26,2017-12-26,0,70e4948f4304e28543a647331d1e6548bc6a8c1006d4bd24ce64fee3e0d00cfa,v11_85ae599b865950104870,False,False,False,513100,513100,513100,False,False,False,4.917940758167902,4.915766602218226,4.915766602218226,0.0,14,14,1255,2.286860581745239,,0
2017-12-27,2017-12-27,0,70e4948f4304e28543a647331d1e6548bc6a8c1006d4bd24ce64fee3e0d00cfa,v11_85ae599b865950104870,False,False,False,513100,513100,513100,False,False,False,4.915766602218226,4.857064391576964,4.857064391576964,0.0,15,15,1255,2.286860581745239,,0
2017-12-28,2017-12-28,0,70e4948f4304e28543a647331d1e6548bc6a8c1006d4bd24ce64fee3e0d00cfa,v11_85ae599b865950104870,False,False,False,513100,513100,513100,False,False,False,4.857064391576964,4.84184529992923,4.84184529992923,0.0,16,16,1255,2.286860581745239,,0
2017-12-29,2017-12-29,0,70e4948f4304e28543a647331d1e6548bc6a8c1006d4bd24ce64fee3e0d00cfa,v11_85ae599b865950104870,False,False,False,513100,510300,510300,False,False,True,4.84184529992923,4.846193611828583,4.845224373106217,0.0009692387223657166,17,0,1255,1.6924395961929952,,0
2018-01-02,2018-01-02,1,56459633f4eaac78a68ba442cd5dbde2186e66c150f318f985601bb04f17cd3a,v11_1e495b4686beac2f1801,True,True,True,510300,510300,510300,False,False,False,4.845224373106217,4.916547597440461,4.916547597440461,0.0,1,1,1255,1.7173528385314598,,0
2018-01-03,2018-01-03,1,56459633f4eaac78a68ba442cd5dbde2186e66c150f318f985601bb04f17cd3a,v11_1e495b4686beac2f1801,False,False,False,510300,510500,510500,False,False,True,4.916547597440461,4.942699446363018,4.9417109064737454,0.0009885398892726036,2,0,1255,1.9420441830927948,,0
2018-01-04,2018-01-04,1,56459633f4eaac78a68ba442cd5dbde2186e66c150f318f985601bb04f17cd3a,v11_1e495b4686beac2f1801,False,False,False,510500,510500,510500,False,False,False,4.9417109064737454,4.96083062129046,4.96083062129046,0.0,1,1,1255,1.9495580445154754,,0
2018-01-05,2018-01-05,1,56459633f4eaac78a68ba442cd5dbde2186e66c150f318f985601bb04f17cd3a,v11_1e495b4686beac2f1801,False,False,False,510500,510500,510500,False,False,False,4.96083062129046,4.969655105052019,4.969655105052019,0.0,2,2,1255,1.9530259805567123,,0
2018-01-08,2018-01-08,1,56459633f4eaac78a68ba442cd5dbde2186e66c150f318f985601bb04f17cd3a,v11_1e495b4686beac2f1801,False,False,False,510500,510500,510500,False,False,False,4.969655105052019,4.992451688102715,4.992451688102715,0.0,3,3,1255,1.961984815329908,,0
2018-01-09,2018-01-09,1,56459633f4eaac78a68ba442cd5dbde2186e66c150f318f985601bb04f17cd3a,v11_1e495b4686beac2f1801,False,False,False,510500,510500,510500,False,False,False,4.992451688102715,4.9880394462219355,4.9880394462219355,0.0,4,4,1255,1.961984815329908,,0
2018-01-10,2018-01-10,1,56459633f4eaac78a68ba442cd5dbde2186e66c150f318f985601bb04f17cd3a,v11_1e495b4686beac2f1801,False,False,False,510500,510500,510500,False,False,False,4.9880394462219355,4.963036742230847,4.963036742230847,0.0,5,5,1255,1.961984815329908,,0
2018-01-11,2018-01-11,1,56459633f4eaac78a68ba442cd5dbde2186e66c150f318f985601bb04f17cd3a,v11_1e495b4686beac2f1801,False,False,False,510500,510300,510300,False,False,True,4.963036742230847,4.974802720579595,4.973807760035479,0.000994960544115919,6,0,1255,1.7646879989745419,,0
2018-01-12,2018-01-12,1,56459633f4eaac78a68ba442cd5dbde2186e66c150f318f985601bb04f17cd3a,v11_1e495b4686beac2f1801,False,False,False,510300,510300,510300,False,False,False,4.973807760035479,5.000724837325082,5.000724837325082,0.0,1,1,1255,1.7742380752042863,,0
2018-01-15,2018-01-15,1,56459633f4eaac78a68ba442cd5dbde2186e66c150f318f985601bb04f17cd3a,v11_1e495b4686beac2f1801,False,False,False,510300,510300,510300,False,False,False,5.000724837325082,4.991362375659133,4.991362375659133,0.0,2,2,1255,1.7742380752042863,,0
2018-01-16,2018-01-16,1,56459633f4eaac78a68ba442cd5dbde2186e66c150f318f985601bb04f17cd3a,v11_1e495b4686beac2f1801,False,False,False,510300,510300,510300,False,False,False,4.991362375659133,5.041685607113609,5.041685607113609,0.0,3,3,1255,1.7887707999017237,,0
2018-01-17,2018-01-17,1,56459633f4eaac78a68ba442cd5dbde2186e66c150f318f985601bb04f17cd3a,v11_1e495b4686beac2f1801,False,False,False,510300,510300,510300,False,False,False,5.041685607113609,5.026471606906442,5.026471606906442,0.0,4,4,1255,1.7887707999017237,,0
2018-01-18,2018-01-18,1,56459633f4eaac78a68ba442cd5dbde2186e66c150f318f985601bb04f17cd3a,v11_1e495b4686beac2f1801,False,False,False,510300,510300,510300,False,False,False,5.026471606906442,5.059240222737265,5.059240222737265,0.0,5,5,1255,1.79499911048634,,0
2018-01-19,2018-01-19,1,56459633f4eaac78a68ba442cd5dbde2186e66c150f318f985601bb04f17cd3a,v11_1e495b4686beac2f1801,False,False,False,510300,510300,510300,False,False,False,5.059240222737265,5.073283915236188,5.073283915236188,0.0,6,6,1255,1.7999817589540326,,0
2018-01-22,2018-01-22,1,56459633f4eaac78a68ba442cd5dbde2186e66c150f318f985601bb04f17cd3a,v11_1e495b4686beac2f1801,False,False,False,510300,510300,510300,False,False,False,5.073283915236188,5.137650839189588,5.137650839189588,0.0,7,7,1255,1.822818897764291,,0
2018-01-23,2018-01-23,1,56459633f4eaac78a68ba442cd5dbde2186e66c150f318f985601bb04f17cd3a,v11_1e495b4686beac2f1801,False,False,False,510300,510300,510300,False,False,False,5.137650839189588,5.1891443783523075,5.1891443783523075,0.0,8,8,1255,1.8410886088124978,,0
2018-01-24,2018-01-24,1,56459633f4eaac78a68ba442cd5dbde2186e66c150f318f985601bb04f17cd3a,v11_1e495b4686beac2f1801,False,False,False,510300,510300,510300,False,False,False,5.1891443783523075,5.192692106961027,5.192692106961027,0.0,9,9,1255,1.842347329374585,,0
2018-01-25,2018-01-25,1,56459633f4eaac78a68ba442cd5dbde2186e66c150f318f985601bb04f17cd3a,v11_1e495b4686beac2f1801,False,False,False,510300,510300,510300,False,False,False,5.192692106961027,5.159579973279654,5.159579973279654,0.0,10,10,1255,1.842347329374585,,0
2018-01-26,2018-01-26,1,56459633f4eaac78a68ba442cd5dbde2186e66c150f318f985601bb04f17cd3a,v11_1e495b4686beac2f1801,False,False,False,510300,510300,510300,False,False,False,5.159579973279654,5.185596649743589,5.185596649743589,0.0,11,11,1255,1.842347329374585,,0
2018-01-29,2018-01-29,1,56459633f4eaac78a68ba442cd5dbde2186e66c150f318f985601bb04f17cd3a,v11_1e495b4686beac2f1801,False,False,False,510300,510300,510300,False,False,False,5.185596649743589,5.087442824902376,5.087442824902376,0.0,12,12,1255,1.842347329374585,,0
2018-01-30,2018-01-30,1,56459633f4eaac78a68ba442cd5dbde2186e66c150f318f985601bb04f17cd3a,v11_1e495b4686beac2f1801,False,False,False,510300,510300,510300,False,False,False,5.087442824902376,5.035409471974504,5.035409471974504,0.0,13,13,1255,1.842347329374585,,0
2018-01-31,2018-01-31,1,56459633f4eaac78a68ba442cd5dbde2186e66c150f318f985601bb04f17cd3a,v11_1e495b4686beac2f1801,False,False,False,510300,510300,510300,False,False,False,5.035409471974504,5.050782962612284,5.050782962612284,0.0,14,14,1255,1.842347329374585,,0
2018-02-01,2018-02-01,1,56459633f4eaac78a68ba442cd5dbde2186e66c150f318f985601bb04f17cd3a,v11_1e495b4686beac2f1801,False,False,False,510300,510300,510300,False,False,False,5.050782962612284,5.015305676525099,5.015305676525099,0.0,15,15,1255,1.842347329374585,,0
2018-02-02,2018-02-02,1,56459633f4eaac78a68ba442cd5dbde2186e66c150f318f985601bb04f17cd3a,v11_1e495b4686beac2f1801,False,False,False,510300,510300,510300,False,False,False,5.015305676525099,5.046052657800661,5.046052657800661,0.0,16,16,1255,1.842347329374585,,0
2018-02-05,2018-02-05,1,56459633f4eaac78a68ba442cd5dbde2186e66c150f318f985601bb04f17cd3a,v11_1e495b4686beac2f1801,False,False,False,510300,510300,510300,False,False,False,5.046052657800661,5.041322352989035,5.041322352989035,0.0,17,17,1255,1.842347329374585,,0
2018-02-06,2018-02-06,1,56459633f4eaac78a68ba442cd5dbde2186e66c150f318f985601bb04f17cd3a,v11_1e495b4686beac2f1801,False,False,False,510300,518880,518880,False,False,True,5.041322352989035,4.899413208640294,4.898433325998567,0.000979882641728059,18,0,1255,1.0380807311500406,,0
2018-02-07,2018-02-07,1,56459633f4eaac78a68ba442cd5dbde2186e66c150f318f985601bb04f17cd3a,v11_1e495b4686beac2f1801,False,False,False,518880,518880,518880,False,False,False,4.898433325998567,4.831946886870926,4.831946886870926,0.0,1,1,1255,1.0380807311500406,,0
2018-02-08,2018-02-08,1,56459633f4eaac78a68ba442cd5dbde2186e66c150f318f985601bb04f17cd3a,v11_1e495b4686beac2f1801,False,False,False,518880,518880,518880,False,False,False,4.831946886870926,4.815774509785824,4.815774509785824,0.0,2,2,1255,1.0380807311500406,,0
2018-02-09,2018-02-09,1,56459633f4eaac78a68ba442cd5dbde2186e66c150f318f985601bb04f17cd3a,v11_1e495b4686beac2f1801,False,False,False,518880,510500,510500,False,True,True,4.815774509785824,4.837337679232626,4.83637021169678,0.0009674675358465253,3,0,1398,1.6865728947216587,,0
2018-02-12,2018-02-12,1,56459633f4eaac78a68ba442cd5dbde2186e66c150f318f985601bb04f17cd3a,v11_1e495b4686beac2f1801,False,False,False,510500,510500,510500,False,False,False,4.83637021169678,4.967306896660469,4.967306896660469,0.0,1,1,1398,1.7322340525979476,,0
2018-02-13,2018-02-13,1,56459633f4eaac78a68ba442cd5dbde2186e66c150f318f985601bb04f17cd3a,v11_1e495b4686beac2f1801,False,False,False,510500,510500,510500,False,False,False,4.967306896660469,4.99796928491146,4.99796928491146,0.0,2,2,1398,1.742926855391762,,0
2018-02-14,2018-02-14,1,56459633f4eaac78a68ba442cd5dbde2186e66c150f318f985601bb04f17cd3a,v11_1e495b4686beac2f1801,False,False,False,510500,510500,510500,False,False,False,4.99796928491146,5.014543548830915,5.014543548830915,0.0,3,3,1398,1.748706748793824,,0
2018-02-22,2018-02-22,1,56459633f4eaac78a68ba442cd5dbde2186e66c150f318f985601bb04f17cd3a,v11_1e495b4686beac2f1801,False,False,False,510500,510500,510500,False,False,False,5.014543548830915,5.118961411523476,5.118961411523476,0.0,4,4,1398,1.7851200772268137,,0
2018-02-23,2018-02-23,1,56459633f4eaac78a68ba442cd5dbde2186e66c150f318f985601bb04f17cd3a,v11_1e495b4686beac2f1801,False,False,False,510500,518880,518880,False,False,True,5.118961411523476,5.12641983028723,5.125394546321173,0.0010252839660574462,5,0,1398,1.032749428789035,,0
2018-02-26,2018-02-26,1,56459633f4eaac78a68ba442cd5dbde2186e66c150f318f985601bb04f17cd3a,v11_1e495b4686beac2f1801,False,False,False,518880,513100,513100,False,False,True,5.125394546321173,5.153742967484454,5.152712218890957,0.0010307485934968907,1,0,1398,2.2988966900702152,,0
2018-02-27,2018-02-27,1,56459633f4eaac78a68ba442cd5dbde2186e66c150f318f985601bb04f17cd3a,v11_1e495b4686beac2f1801,False,False,False,513100,513100,513100,False,False,False,5.152712218890957,5.215659837620865,5.215659837620865,0.0,1,1,1398,2.32698094282849,,0
2018-02-28,2018-02-28,1,56459633f4eaac78a68ba442cd5dbde2186e66c150f318f985601bb04f17cd3a,v11_1e495b4686beac2f1801,False,False,False,513100,513100,513100,False,False,False,5.215659837620865,5.139223443448835,5.139223443448835,0.0,2,2,1398,2.32698094282849,,0
2018-03-01,2018-03-01,1,56459633f4eaac78a68ba442cd5dbde2186e66c150f318f985601bb04f17cd3a,v11_1e495b4686beac2f1801,False,False,False,513100,513100,513100,False,False,False,5.139223443448835,5.143719701929542,5.143719701929542,0.0,3,3,1398,2.32698094282849,,0
2018-03-02,2018-03-02,1,56459633f4eaac78a68ba442cd5dbde2186e66c150f318f985601bb04f17cd3a,v11_1e495b4686beac2f1801,False,False,False,513100,513100,513100,False,False,False,5.143719701929542,5.065035178517159,5.065035178517159,0.0,4,4,1398,2.32698094282849,,0
2018-03-05,2018-03-05,1,56459633f4eaac78a68ba442cd5dbde2186e66c150f318f985601bb04f17cd3a,v11_1e495b4686beac2f1801,False,False,False,513100,513100,513100,False,False,False,5.065035178517159,5.0987571171224655,5.0987571171224655,0.0,5,5,1398,2.32698094282849,,0
2018-03-06,2018-03-06,1,56459633f4eaac78a68ba442cd5dbde2186e66c150f318f985601bb04f17cd3a,v11_1e495b4686beac2f1801,False,False,False,513100,159915,159915,False,False,True,5.0987571171224655,5.166200994333081,5.165167754134214,0.0010332401988666163,6,0,1398,2.124215809284806,,0
2018-03-07,2018-03-07,1,56459633f4eaac78a68ba442cd5dbde2186e66c150f318f985601bb04f17cd3a,v11_1e495b4686beac2f1801,False,False,False,159915,159915,159915,False,False,False,5.165167754134214,5.122455203302626,5.122455203302626,0.0,1,1,1398,2.124215809284806,,0
2018-03-08,2018-03-08,1,56459633f4eaac78a68ba442cd5dbde2186e66c150f318f985601bb04f17cd3a,v11_1e495b4686beac2f1801,False,False,False,159915,159915,159915,False,False,False,5.122455203302626,5.14381147871842,5.14381147871842,0.0,2,2,1398,2.124215809284806,,0
2018-03-09,2018-03-09,1,56459633f4eaac78a68ba442cd5dbde2186e66c150f318f985601bb04f17cd3a,v11_1e495b4686beac2f1801,False,False,False,159915,159915,159915,False,False,False,5.14381147871842,5.354323336388391,5.354323336388391,0.0,3,3,1398,2.2020075282308533,,0
2018-03-12,2018-03-12,1,56459633f4eaac78a68ba442cd5dbde2186e66c150f318f985601bb04f17cd3a,v11_1e495b4686beac2f1801,False,False,False,159915,159915,159915,False,False,False,5.354323336388391,5.421443059123744,5.421443059123744,0.0,4,4,1398,2.2296110414052572,,0
2018-03-13,2018-03-13,1,56459633f4eaac78a68ba442cd5dbde2186e66c150f318f985601bb04f17cd3a,v11_1e495b4686beac2f1801,False,False,False,159915,159915,159915,False,False,False,5.421443059123744,5.390934094244038,5.390934094244038,0.0,5,5,1398,2.2296110414052572,,0
2018-03-14,2018-03-14,1,56459633f4eaac78a68ba442cd5dbde2186e66c150f318f985601bb04f17cd3a,v11_1e495b4686beac2f1801,False,False,False,159915,159915,159915,False,False,False,5.390934094244038,5.311610785556803,5.311610785556803,0.0,6,6,1398,2.2296110414052572,,0
2018-03-15,2018-03-15,1,56459633f4eaac78a68ba442cd5dbde2186e66c150f318f985601bb04f17cd3a,v11_1e495b4686beac2f1801,False,False,False,159915,159915,159915,False,False,False,5.311610785556803,5.314661682044773,5.314661682044773,0.0,7,7,1398,2.2296110414052572,,0
2018-03-16,2018-03-16,1,56459633f4eaac78a68ba442cd5dbde2186e66c150f318f985601bb04f17cd3a,v11_1e495b4686beac2f1801,False,False,False,159915,159915,159915,False,False,False,5.314661682044773,5.235338373357537,5.235338373357537,0.0,8,8,1398,2.2296110414052572,,0
2018-03-19,2018-03-19,1,56459633f4eaac78a68ba442cd5dbde2186e66c150f318f985601bb04f17cd3a,v11_1e495b4686beac2f1801,False,False,False,159915,159915,159915,False,False,False,5.235338373357537,5.296356303116949,5.296356303116949,0.0,9,9,1398,2.2296110414052572,,0
2018-03-20,2018-03-20,1,56459633f4eaac78a68ba442cd5dbde2186e66c150f318f985601bb04f17cd3a,v11_1e495b4686beac2f1801,False,False,False,159915,159915,159915,False,False,False,5.296356303116949,5.369577818828243,5.369577818828243,0.0,10,10,1398,2.2296110414052572,,0
2018-03-21,2018-03-21,1,56459633f4eaac78a68ba442cd5dbde2186e66c150f318f985601bb04f17cd3a,v11_1e495b4686beac2f1801,False,False,False,159915,159915,159915,False,False,False,5.369577818828243,5.24754195930942,5.24754195930942,0.0,11,11,1398,2.2296110414052572,,0
2018-03-22,2018-03-22,1,56459633f4eaac78a68ba442cd5dbde2186e66c150f318f985601bb04f17cd3a,v11_1e495b4686beac2f1801,False,False,False,159915,159915,159915,False,False,False,5.24754195930942,5.220083890917685,5.220083890917685,0.0,12,12,1398,2.2296110414052572,,0
2018-03-23,2018-03-23,1,56459633f4eaac78a68ba442cd5dbde2186e66c150f318f985601bb04f17cd3a,v11_1e495b4686beac2f1801,False,False,False,159915,518880,518880,True,False,True,5.220083890917685,4.948554103488303,4.947564392667605,0.0009897108206976606,13,0,1398,1.0437928408225454,,0
2018-03-26,2018-03-26,1,56459633f4eaac78a68ba442cd5dbde2186e66c150f318f985601bb04f17cd3a,v11_1e495b4686beac2f1801,False,False,False,518880,518880,518880,False,False,False,4.947564392667605,4.942149327662862,4.942149327662862,0.0,1,1,1398,1.0437928408225454,,0
2018-03-27,2018-03-27,1,56459633f4eaac78a68ba442cd5dbde2186e66c150f318f985601bb04f17cd3a,v11_1e495b4686beac2f1801,False,False,False,518880,518880,518880,False,False,False,4.942149327662862,4.9385392843263665,4.9385392843263665,0.0,2,2,1398,1.0437928408225454,,0
2018-03-28,2018-03-28,1,56459633f4eaac78a68ba442cd5dbde2186e66c150f318f985601bb04f17cd3a,v11_1e495b4686beac2f1801,False,False,False,518880,518880,518880,False,False,False,4.9385392843263665,4.9114639593026475,4.9114639593026475,0.0,3,3,1398,1.0437928408225454,,0
2018-03-29,2018-03-29,1,56459633f4eaac78a68ba442cd5dbde2186e66c150f318f985601bb04f17cd3a,v11_1e495b4686beac2f1801,False,False,False,518880,518880,518880,False,False,False,4.9114639593026475,4.8518982442504655,4.8518982442504655,0.0,4,4,1398,1.0437928408225454,,0
2018-03-30,2018-03-30,1,56459633f4eaac78a68ba442cd5dbde2186e66c150f318f985601bb04f17cd3a,v11_1e495b4686beac2f1801,False,False,False,518880,518880,518880,False,False,False,4.8518982442504655,4.859118330923458,4.859118330923458,0.0,5,5,1398,1.0437928408225454,,0
2018-04-02,2018-04-02,1,56459633f4eaac78a68ba442cd5dbde2186e66c150f318f985601bb04f17cd3a,v11_1e495b4686beac2f1801,False,False,False,518880,518880,518880,False,False,False,4.859118330923458,4.86633841759645,4.86633841759645,0.0,6,6,1398,1.0437928408225454,,0
2018-04-03,2018-04-03,1,56459633f4eaac78a68ba442cd5dbde2186e66c150f318f985601bb04f17cd3a,v11_1e495b4686beac2f1801,False,False,False,518880,518880,518880,False,False,False,4.86633841759645,4.902438850961409,4.902438850961409,0.0,7,7,1398,1.0437928408225454,,0
2018-04-04,2018-04-04,1,56459633f4eaac78a68ba442cd5dbde2186e66c150f318f985601bb04f17cd3a,v11_1e495b4686beac2f1801,False,False,False,518880,518880,518880,False,False,False,4.902438850961409,4.895218764288418,4.895218764288418,0.0,8,8,1398,1.0437928408225454,,0
2018-04-09,2018-04-09,1,56459633f4eaac78a68ba442cd5dbde2186e66c150f318f985601bb04f17cd3a,v11_1e495b4686beac2f1801,False,False,False,518880,518880,518880,False,False,False,4.895218764288418,4.886193655947178,4.886193655947178,0.0,9,9,1398,1.0437928408225454,,0
2018-04-10,2018-04-10,1,56459633f4eaac78a68ba442cd5dbde2186e66c150f318f985601bb04f17cd3a,v11_1e495b4686beac2f1801,False,False,False,518880,518880,518880,False,False,False,4.886193655947178,4.891608720951922,4.891608720951922,0.0,10,10,1398,1.0437928408225454,,0
2018-04-11,2018-04-11,1,56459633f4eaac78a68ba442cd5dbde2186e66c150f318f985601bb04f17cd3a,v11_1e495b4686beac2f1801,False,False,False,518880,518880,518880,False,False,False,4.891608720951922,4.920489067643889,4.920489067643889,0.0,11,11,1398,1.0437928408225454,,0
2018-04-12,2018-04-12,1,56459633f4eaac78a68ba442cd5dbde2186e66c150f318f985601bb04f17cd3a,v11_1e495b4686beac2f1801,False,False,False,518880,518880,518880,False,False,False,4.920489067643889,4.9367342626581205,4.9367342626581205,0.0,12,12,1398,1.0437928408225454,,0
2018-04-13,2018-04-13,1,56459633f4eaac78a68ba442cd5dbde2186e66c150f318f985601bb04f17cd3a,v11_1e495b4686beac2f1801,False,False,False,518880,518880,518880,False,False,False,4.9367342626581205,4.8988288076249145,4.8988288076249145,0.0,13,13,1398,1.0437928408225454,,0
2018-04-16,2018-04-16,1,56459633f4eaac78a68ba442cd5dbde2186e66c150f318f985601bb04f17cd3a,v11_1e495b4686beac2f1801,False,False,False,518880,518880,518880,False,False,False,4.8988288076249145,4.918684045975643,4.918684045975643,0.0,14,14,1398,1.0437928408225454,,0
2018-04-17,2018-04-17,1,56459633f4eaac78a68ba442cd5dbde2186e66c150f318f985601bb04f17cd3a,v11_1e495b4686beac2f1801,False,False,False,518880,518880,518880,False,False,False,4.918684045975643,4.925904132648635,4.925904132648635,0.0,15,15,1398,1.0437928408225454,,0
2018-04-18,2018-04-18,1,56459633f4eaac78a68ba442cd5dbde2186e66c150f318f985601bb04f17cd3a,v11_1e495b4686beac2f1801,False,False,False,518880,518880,518880,False,False,False,4.925904132648635,4.922294089312138,4.922294089312138,0.0,16,16,1398,1.0437928408225454,,0
2018-04-19,2018-04-19,1,56459633f4eaac78a68ba442cd5dbde2186e66c150f318f985601bb04f17cd3a,v11_1e495b4686beac2f1801,False,False,False,518880,518880,518880,False,False,False,4.922294089312138,4.934929240989874,4.934929240989874,0.0,17,17,1398,1.0437928408225454,,0
2018-04-20,2018-04-20,1,56459633f4eaac78a68ba442cd5dbde2186e66c150f318f985601bb04f17cd3a,v11_1e495b4686beac2f1801,False,False,False,518880,518880,518880,False,False,False,4.934929240989874,4.913268980970899,4.913268980970899,0.0,18,18,1398,1.0437928408225454,,0
2018-04-23,2018-04-23,1,56459633f4eaac78a68ba442cd5dbde2186e66c150f318f985601bb04f17cd3a,v11_1e495b4686beac2f1801,False,False,False,518880,513100,513100,False,False,True,4.913268980970899,4.887998677615427,4.887021077879904,0.0009775997355230856,19,0,1398,2.208625877632901,,0
2018-04-24,2018-04-24,1,56459633f4eaac78a68ba442cd5dbde2186e66c150f318f985601bb04f17cd3a,v11_1e495b4686beac2f1801,False,False,False,513100,513100,513100,False,False,False,4.887021077879904,4.9158727009554894,4.9158727009554894,0.0,1,1,1398,2.221664994984957,,0
2018-04-25,2018-04-25,1,56459633f4eaac78a68ba442cd5dbde2186e66c150f318f985601bb04f17cd3a,v11_1e495b4686beac2f1801,False,False,False,513100,513100,513100,False,False,False,4.9158727009554894,4.8182210536227394,4.8182210536227394,0.0,2,2,1398,2.221664994984957,,0
2018-04-26,2018-04-26,1,56459633f4eaac78a68ba442cd5dbde2186e66c150f318f985601bb04f17cd3a,v11_1e495b4686beac2f1801,False,False,False,513100,513100,513100,False,False,False,4.8182210536227394,4.8182210536227394,4.8182210536227394,0.0,3,3,1398,2.221664994984957,,0
2018-04-27,2018-04-27,1,56459633f4eaac78a68ba442cd5dbde2186e66c150f318f985601bb04f17cd3a,v11_1e495b4686beac2f1801,False,False,False,513100,513100,513100,False,False,False,4.8182210536227394,4.95582110213707,4.95582110213707,0.0,4,4,1398,2.2397191574724196,,0
2018-05-02,2018-05-02,1,56459633f4eaac78a68ba442cd5dbde2186e66c150f318f985601bb04f17cd3a,v11_1e495b4686beac2f1801,False,False,False,513100,513100,513100,False,False,False,4.95582110213707,4.951382390894672,4.951382390894672,0.0,5,5,1398,2.2397191574724196,,0
2018-05-03,2018-05-03,1,56459633f4eaac78a68ba442cd5dbde2186e66c150f318f985601bb04f17cd3a,v11_1e495b4686beac2f1801,False,False,False,513100,513100,513100,False,False,False,4.951382390894672,4.929188834682684,4.929188834682684,0.0,6,6,1398,2.2397191574724196,,0
2018-05-04,2018-05-04,1,56459633f4eaac78a68ba442cd5dbde2186e66c150f318f985601bb04f17cd3a,v11_1e495b4686beac2f1801,False,False,False,513100,513100,513100,False,False,False,4.929188834682684,4.9447243240310765,4.9447243240310765,0.0,7,7,1398,2.2397191574724196,,0
2018-05-07,2018-05-07,1,56459633f4eaac78a68ba442cd5dbde2186e66c150f318f985601bb04f17cd3a,v11_1e495b4686beac2f1801,False,False,False,513100,513100,513100,False,False,False,4.9447243240310765,5.037937260121429,5.037937260121429,0.0,8,8,1398,2.276830491474426,,0
2018-05-08,2018-05-08,1,56459633f4eaac78a68ba442cd5dbde2186e66c150f318f985601bb04f17cd3a,v11_1e495b4686beac2f1801,False,False,False,513100,513100,513100,False,False,False,5.037937260121429,5.046814682606224,5.046814682606224,0.0,9,9,1398,2.280842527582751,,0
2018-05-09,2018-05-09,1,56459633f4eaac78a68ba442cd5dbde2186e66c150f318f985601bb04f17cd3a,v11_1e495b4686beac2f1801,False,False,False,513100,513100,513100,False,False,False,5.046814682606224,5.042375971363826,5.042375971363826,0.0,10,10,1398,2.280842527582751,,0
2018-05-10,2018-05-10,1,56459633f4eaac78a68ba442cd5dbde2186e66c150f318f985601bb04f17cd3a,v11_1e495b4686beac2f1801,False,False,False,513100,513100,513100,False,False,False,5.042375971363826,5.11339535124219,5.11339535124219,0.0,11,11,1398,2.310932798395188,,0
2018-05-11,2018-05-11,1,56459633f4eaac78a68ba442cd5dbde2186e66c150f318f985601bb04f17cd3a,v11_1e495b4686beac2f1801,False,False,False,513100,513100,513100,False,False,False,5.11339535124219,5.142246974317775,5.142246974317775,0.0,12,12,1398,2.323971915747244,,0
2018-05-14,2018-05-14,1,56459633f4eaac78a68ba442cd5dbde2186e66c150f318f985601bb04f17cd3a,v11_1e495b4686beac2f1801,False,False,False,513100,513100,513100,False,False,False,5.142246974317775,5.137808263075376,5.137808263075376,0.0,13,13,1398,2.323971915747244,,0
2018-05-15,2018-05-15,1,56459633f4eaac78a68ba442cd5dbde2186e66c150f318f985601bb04f17cd3a,v11_1e495b4686beac2f1801,False,False,False,513100,513100,513100,False,False,False,5.137808263075376,5.128930840590581,5.128930840590581,0.0,14,14,1398,2.323971915747244,,0
2018-05-16,2018-05-16,1,56459633f4eaac78a68ba442cd5dbde2186e66c150f318f985601bb04f17cd3a,v11_1e495b4686beac2f1801,False,False,False,513100,513100,513100,False,False,False,5.128930840590581,5.080105016924207,5.080105016924207,0.0,15,15,1398,2.323971915747244,,0
2018-05-17,2018-05-17,1,56459633f4eaac78a68ba442cd5dbde2186e66c150f318f985601bb04f17cd3a,v11_1e495b4686beac2f1801,False,False,False,513100,513100,513100,False,False,False,5.080105016924207,5.124492129348185,5.124492129348185,0.0,16,16,1398,2.323971915747244,,0
2018-05-18,2018-05-18,1,56459633f4eaac78a68ba442cd5dbde2186e66c150f318f985601bb04f17cd3a,v11_1e495b4686beac2f1801,False,False,False,513100,513100,513100,False,False,False,5.124492129348185,5.122272773726985,5.122272773726985,0.0,17,17,1398,2.323971915747244,,0
2018-05-21,2018-05-21,1,56459633f4eaac78a68ba442cd5dbde2186e66c150f318f985601bb04f17cd3a,v11_1e495b4686beac2f1801,False,False,False,513100,513100,513100,False,False,False,5.122272773726985,5.157782463666167,5.157782463666167,0.0,18,18,1398,2.3309929789368122,,0
2018-05-22,2018-05-22,1,56459633f4eaac78a68ba442cd5dbde2186e66c150f318f985601bb04f17cd3a,v11_1e495b4686beac2f1801,False,False,False,513100,513100,513100,False,False,False,5.157782463666167,5.140027618696575,5.140027618696575,0.0,19,19,1398,2.3309929789368122,,0
2018-05-23,2018-05-23,1,56459633f4eaac78a68ba442cd5dbde2186e66c150f318f985601bb04f17cd3a,v11_1e495b4686beac2f1801,False,False,False,513100,513100,513100,False,False,False,5.140027618696575,5.100079217514995,5.100079217514995,0.0,20,20,1398,2.3309929789368122,,0
2018-05-24,2018-05-24,1,56459633f4eaac78a68ba442cd5dbde2186e66c150f318f985601bb04f17cd3a,v11_1e495b4686beac2f1801,False,False,False,513100,513100,513100,False,False,False,5.100079217514995,5.155563108044967,5.155563108044967,0.0,21,21,1398,2.3309929789368122,,0
2018-05-25,2018-05-25,1,56459633f4eaac78a68ba442cd5dbde2186e66c150f318f985601bb04f17cd3a,v11_1e495b4686beac2f1801,False,False,False,513100,513100,513100,False,False,False,5.155563108044967,5.164440530529762,5.164440530529762,0.0,22,22,1398,2.3340020060180557,,0
2018-05-28,2018-05-28,1,56459633f4eaac78a68ba442cd5dbde2186e66c150f318f985601bb04f17cd3a,v11_1e495b4686beac2f1801,False,False,False,513100,513100,513100,False,False,False,5.164440530529762,5.186634086741752,5.186634086741752,0.0,23,23,1398,2.3440320962888688,,0
2018-05-29,2018-05-29,1,56459633f4eaac78a68ba442cd5dbde2186e66c150f318f985601bb04f17cd3a,v11_1e495b4686beac2f1801,False,False,False,513100,513100,513100,False,False,False,5.186634086741752,5.1821953754993535,5.1821953754993535,0.0,24,24,1398,2.3440320962888688,,0
2018-05-30,2018-05-30,1,56459633f4eaac78a68ba442cd5dbde2186e66c150f318f985601bb04f17cd3a,v11_1e495b4686beac2f1801,False,False,False,513100,513100,513100,False,False,False,5.1821953754993535,5.146685685560171,5.146685685560171,0.0,25,25,1398,2.3440320962888688,,0
2018-05-31,2018-05-31,1,56459633f4eaac78a68ba442cd5dbde2186e66c150f318f985601bb04f17cd3a,v11_1e495b4686beac2f1801,False,False,False,513100,513100,513100,False,False,False,5.146685685560171,5.215485709817336,5.215485709817336,0.0,26,26,1398,2.3570712136409244,,0
2018-06-01,2018-06-01,1,56459633f4eaac78a68ba442cd5dbde2186e66c150f318f985601bb04f17cd3a,v11_1e495b4686beac2f1801,False,False,False,513100,513100,513100,False,False,False,5.215485709817336,5.195511509226546,5.195511509226546,0.0,27,27,1398,2.3570712136409244,,0
2018-06-04,2018-06-04,1,56459633f4eaac78a68ba442cd5dbde2186e66c150f318f985601bb04f17cd3a,v11_1e495b4686beac2f1801,False,False,False,513100,513100,513100,False,False,False,5.195511509226546,5.290943800938097,5.290943800938097,0.0,28,28,1398,2.391173520561687,,0
2018-06-05,2018-06-05,1,56459633f4eaac78a68ba442cd5dbde2186e66c150f318f985601bb04f17cd3a,v11_1e495b4686beac2f1801,False,False,False,513100,513100,513100,False,False,False,5.290943800938097,5.357524469574063,5.357524469574063,0.0,29,29,1398,2.421263791374124,,0
2018-06-06,2018-06-06,1,56459633f4eaac78a68ba442cd5dbde2186e66c150f318f985601bb04f17cd3a,v11_1e495b4686beac2f1801,False,False,False,513100,513100,513100,False,False,False,5.357524469574063,5.3708406033012555,5.3708406033012555,0.0,30,30,1398,2.427281845536611,,0
2018-06-07,2018-06-07,1,56459633f4eaac78a68ba442cd5dbde2186e66c150f318f985601bb04f17cd3a,v11_1e495b4686beac2f1801,False,False,False,513100,513100,513100,False,False,False,5.3708406033012555,5.413008360104034,5.413008360104034,0.0,31,31,1398,2.4463390170511548,,0
2018-06-08,2018-06-08,1,56459633f4eaac78a68ba442cd5dbde2186e66c150f318f985601bb04f17cd3a,v11_1e495b4686beac2f1801,False,False,False,513100,513100,513100,False,False,False,5.413008360104034,5.337550268983272,5.337550268983272,0.0,32,32,1398,2.4463390170511548,,0
2018-06-11,2018-06-11,1,56459633f4eaac78a68ba442cd5dbde2186e66c150f318f985601bb04f17cd3a,v11_1e495b4686beac2f1801,False,False,False,513100,513100,513100,False,False,False,5.337550268983272,5.395253515134444,5.395253515134444,0.0,33,33,1398,2.4463390170511548,,0
2018-06-12,2018-06-12,1,56459633f4eaac78a68ba442cd5dbde2186e66c150f318f985601bb04f17cd3a,v11_1e495b4686beac2f1801,False,False,False,513100,513100,513100,False,False,False,5.395253515134444,5.410789004482837,5.410789004482837,0.0,34,34,1398,2.4463390170511548,,0
2018-06-13,2018-06-13,1,56459633f4eaac78a68ba442cd5dbde2186e66c150f318f985601bb04f17cd3a,v11_1e495b4686beac2f1801,False,False,False,513100,513100,513100,False,False,False,5.410789004482837,5.439640627558422,5.439640627558422,0.0,35,35,1398,2.45837512537613,,0
2018-06-14,2018-06-14,1,56459633f4eaac78a68ba442cd5dbde2186e66c150f318f985601bb04f17cd3a,v11_1e495b4686beac2f1801,False,False,False,513100,513100,513100,False,False,False,5.439640627558422,5.406350293240439,5.406350293240439,0.0,36,36,1398,2.45837512537613,,0
2018-06-15,2018-06-15,1,56459633f4eaac78a68ba442cd5dbde2186e66c150f318f985601bb04f17cd3a,v11_1e495b4686beac2f1801,False,False,False,513100,513100,513100,False,False,False,5.406350293240439,5.4862470956035985,5.4862470956035985,0.0,37,37,1398,2.4794383149448365,,0
2018-06-19,2018-06-19,1,56459633f4eaac78a68ba442cd5dbde2186e66c150f318f985601bb04f17cd3a,v11_1e495b4686beac2f1801,False,False,False,513100,510500,510500,False,True,True,5.4862470956035985,5.419666426967634,5.418582493682241,0.0010839332853935268,38,0,1480,1.5718420106907292,,0
2018-06-20,2018-06-20,1,56459633f4eaac78a68ba442cd5dbde2186e66c150f318f985601bb04f17cd3a,v11_1e495b4686beac2f1801,False,False,False,510500,510500,510500,False,False,False,5.418582493682241,5.466402306092013,5.466402306092013,0.0,1,1,1480,1.5857137548556777,,0
2018-06-21,2018-06-21,1,56459633f4eaac78a68ba442cd5dbde2186e66c150f318f985601bb04f17cd3a,v11_1e495b4686beac2f1801,False,False,False,510500,510500,510500,False,False,False,5.466402306092013,5.3697664351805985,5.3697664351805985,0.0,2,2,1480,1.5857137548556777,,0
2018-06-22,2018-06-22,1,56459633f4eaac78a68ba442cd5dbde2186e66c150f318f985601bb04f17cd3a,v11_1e495b4686beac2f1801,False,False,False,510500,510500,510500,False,False,False,5.3697664351805985,5.439503661611516,5.439503661611516,0.0,3,3,1480,1.5857137548556777,,0
2018-06-25,2018-06-25,1,56459633f4eaac78a68ba442cd5dbde2186e66c150f318f985601bb04f17cd3a,v11_1e495b4686beac2f1801,False,False,False,510500,510500,510500,False,False,False,5.439503661611516,5.3896913570180045,5.3896913570180045,0.0,4,4,1480,1.5857137548556777,,0
2018-06-26,2018-06-26,1,56459633f4eaac78a68ba442cd5dbde2186e66c150f318f985601bb04f17cd3a,v11_1e495b4686beac2f1801,False,False,False,510500,513100,513100,False,False,True,5.3896913570180045,5.436514923335905,5.435427620351239,0.0010873029846671812,5,0,1480,2.438314944834506,,0
2018-06-27,2018-06-27,1,56459633f4eaac78a68ba442cd5dbde2186e66c150f318f985601bb04f17cd3a,v11_1e495b4686beac2f1801,False,False,False,513100,513100,513100,False,False,False,5.435427620351239,5.395181755618073,5.395181755618073,0.0,1,1,1480,2.438314944834506,,0
2018-06-28,2018-06-28,1,56459633f4eaac78a68ba442cd5dbde2186e66c150f318f985601bb04f17cd3a,v11_1e495b4686beac2f1801,False,False,False,513100,513100,513100,False,False,False,5.395181755618073,5.357171772258973,5.357171772258973,0.0,2,2,1480,2.438314944834506,,0
2018-06-29,2018-06-29,1,56459633f4eaac78a68ba442cd5dbde2186e66c150f318f985601bb04f17cd3a,v11_1e495b4686beac2f1801,False,False,False,513100,513100,513100,False,False,False,5.357171772258973,5.4756734850844015,5.4756734850844015,0.0,3,3,1480,2.456369107321968,,0
2018-07-02,2018-07-02,1,56459633f4eaac78a68ba442cd5dbde2186e66c150f318f985601bb04f17cd3a,v11_1e495b4686beac2f1801,False,False,False,513100,513100,513100,False,False,False,5.4756734850844015,5.448842908595625,5.448842908595625,0.0,4,4,1480,2.456369107321968,,0
2018-07-03,2018-07-03,1,56459633f4eaac78a68ba442cd5dbde2186e66c150f318f985601bb04f17cd3a,v11_1e495b4686beac2f1801,False,False,False,513100,513100,513100,False,False,False,5.448842908595625,5.596411079283895,5.596411079283895,0.0,5,5,1480,2.5105315947843554,,0
2018-07-04,2018-07-04,1,56459633f4eaac78a68ba442cd5dbde2186e66c150f318f985601bb04f17cd3a,v11_1e495b4686beac2f1801,False,False,False,513100,513100,513100,False,False,False,5.596411079283895,5.4980322988250485,5.4980322988250485,0.0,6,6,1480,2.5105315947843554,,0
2018-07-05,2018-07-05,1,56459633f4eaac78a68ba442cd5dbde2186e66c150f318f985601bb04f17cd3a,v11_1e495b4686beac2f1801,False,False,False,513100,513100,513100,False,False,False,5.4980322988250485,5.500268180199113,5.500268180199113,0.0,7,7,1480,2.5105315947843554,,0
2018-07-06,2018-07-06,1,56459633f4eaac78a68ba442cd5dbde2186e66c150f318f985601bb04f17cd3a,v11_1e495b4686beac2f1801,False,False,False,513100,513100,513100,False,False,False,5.500268180199113,5.582995791039505,5.582995791039505,0.0,8,8,1480,2.5105315947843554,,0
2018-07-09,2018-07-09,1,56459633f4eaac78a68ba442cd5dbde2186e66c150f318f985601bb04f17cd3a,v11_1e495b4686beac2f1801,False,False,False,513100,513100,513100,False,False,False,5.582995791039505,5.755158656842486,5.755158656842486,0.0,9,9,1480,2.581745235707123,,0
2018-07-10,2018-07-10,1,56459633f4eaac78a68ba442cd5dbde2186e66c150f318f985601bb04f17cd3a,v11_1e495b4686beac2f1801,False,False,False,513100,513100,513100,False,False,False,5.755158656842486,5.822235098064427,5.822235098064427,0.0,10,10,1480,2.6118355065195606,,0
2018-07-11,2018-07-11,1,56459633f4eaac78a68ba442cd5dbde2186e66c150f318f985601bb04f17cd3a,v11_1e495b4686beac2f1801,False,False,False,513100,513100,513100,False,False,False,5.822235098064427,5.710441029361193,5.710441029361193,0.0,11,11,1480,2.6118355065195606,,0
2018-07-12,2018-07-12,1,56459633f4eaac78a68ba442cd5dbde2186e66c150f318f985601bb04f17cd3a,v11_1e495b4686beac2f1801,False,False,False,513100,513100,513100,False,False,False,5.710441029361193,5.764102182338745,5.764102182338745,0.0,12,12,1480,2.6118355065195606,,0
2018-07-13,2018-07-13,1,56459633f4eaac78a68ba442cd5dbde2186e66c150f318f985601bb04f17cd3a,v11_1e495b4686beac2f1801,False,False,False,513100,513100,513100,False,False,False,5.764102182338745,5.819999216690363,5.819999216690363,0.0,13,13,1480,2.6118355065195606,,0
2018-07-16,2018-07-16,1,56459633f4eaac78a68ba442cd5dbde2186e66c150f318f985601bb04f17cd3a,v11_1e495b4686beac2f1801,False,False,False,513100,513100,513100,False,False,False,5.819999216690363,5.777517470583133,5.777517470583133,0.0,14,14,1480,2.6118355065195606,,0
2018-07-17,2018-07-17,1,56459633f4eaac78a68ba442cd5dbde2186e66c150f318f985601bb04f17cd3a,v11_1e495b4686beac2f1801,False,False,False,513100,513100,513100,False,False,False,5.777517470583133,5.7216204362315155,5.7216204362315155,0.0,15,15,1480,2.6118355065195606,,0
2018-07-18,2018-07-18,1,56459633f4eaac78a68ba442cd5dbde2186e66c150f318f985601bb04f17cd3a,v11_1e495b4686beac2f1801,False,False,False,513100,513100,513100,False,False,False,5.7216204362315155,5.802112165697843,5.802112165697843,0.0,16,16,1480,2.6118355065195606,,0
2018-07-19,2018-07-19,1,56459633f4eaac78a68ba442cd5dbde2186e66c150f318f985601bb04f17cd3a,v11_1e495b4686beac2f1801,False,False,False,513100,513100,513100,False,False,False,5.802112165697843,5.828942742186619,5.828942742186619,0.0,17,17,1480,2.614844533600804,,0
2018-07-20,2018-07-20,1,56459633f4eaac78a68ba442cd5dbde2186e66c150f318f985601bb04f17cd3a,v11_1e495b4686beac2f1801,False,False,False,513100,513100,513100,False,False,False,5.828942742186619,5.835650386308813,5.835650386308813,0.0,18,18,1480,2.6178535606820477,,0
2018-07-23,2018-07-23,1,56459633f4eaac78a68ba442cd5dbde2186e66c150f318f985601bb04f17cd3a,v11_1e495b4686beac2f1801,False,False,False,513100,513100,513100,False,False,False,5.835650386308813,5.817763335316295,5.817763335316295,0.0,19,19,1480,2.6178535606820477,,0
2018-07-24,2018-07-24,1,56459633f4eaac78a68ba442cd5dbde2186e66c150f318f985601bb04f17cd3a,v11_1e495b4686beac2f1801,False,False,False,513100,513100,513100,False,False,False,5.817763335316295,5.904962708904818,5.904962708904818,0.0,20,20,1480,2.6489468405215666,,0
2018-07-25,2018-07-25,1,56459633f4eaac78a68ba442cd5dbde2186e66c150f318f985601bb04f17cd3a,v11_1e495b4686beac2f1801,False,False,False,513100,513100,513100,False,False,False,5.904962708904818,5.925085641271401,5.925085641271401,0.0,21,21,1480,2.657973921765298,,0
2018-07-26,2018-07-26,1,56459633f4eaac78a68ba442cd5dbde2186e66c150f318f985601bb04f17cd3a,v11_1e495b4686beac2f1801,False,False,False,513100,513100,513100,False,False,False,5.925085641271401,5.938500929515789,5.938500929515789,0.0,22,22,1480,2.6639919759277855,,0
2018-07-27,2018-07-27,1,56459633f4eaac78a68ba442cd5dbde2186e66c150f318f985601bb04f17cd3a,v11_1e495b4686beac2f1801,False,False,False,513100,513100,513100,False,False,False,5.938500929515789,5.9429726922639174,5.9429726922639174,0.0,23,23,1480,2.665997993981948,,0
2018-07-30,2018-07-30,1,56459633f4eaac78a68ba442cd5dbde2186e66c150f318f985601bb04f17cd3a,v11_1e495b4686beac2f1801,False,False,False,513100,513100,513100,False,False,False,5.9429726922639174,5.916142115775141,5.916142115775141,0.0,24,24,1480,2.665997993981948,,0
2018-07-31,2018-07-31,1,56459633f4eaac78a68ba442cd5dbde2186e66c150f318f985601bb04f17cd3a,v11_1e495b4686beac2f1801,False,False,False,513100,513100,513100,False,False,False,5.916142115775141,5.777517470583131,5.777517470583131,0.0,25,25,1480,2.665997993981948,,0
2018-08-01,2018-08-01,1,56459633f4eaac78a68ba442cd5dbde2186e66c150f318f985601bb04f17cd3a,v11_1e495b4686beac2f1801,False,False,False,513100,513100,513100,False,False,False,5.777517470583131,5.851301555927265,5.851301555927265,0.0,26,26,1480,2.665997993981948,,0
2018-08-02,2018-08-02,1,56459633f4eaac78a68ba442cd5dbde2186e66c150f318f985601bb04f17cd3a,v11_1e495b4686beac2f1801,False,False,False,513100,513100,513100,False,False,False,5.851301555927265,5.864716844171655,5.864716844171655,0.0,27,27,1480,2.665997993981948,,0
2018-08-03,2018-08-03,1,56459633f4eaac78a68ba442cd5dbde2186e66c150f318f985601bb04f17cd3a,v11_1e495b4686beac2f1801,False,False,False,513100,513100,513100,False,False,False,5.864716844171655,6.041351472722764,6.041351472722764,0.0,28,28,1480,2.710130391173523,,0
2018-08-06,2018-08-06,1,56459633f4eaac78a68ba442cd5dbde2186e66c150f318f985601bb04f17cd3a,v11_1e495b4686beac2f1801,False,False,False,513100,159915,159915,False,True,True,6.041351472722764,6.188919643411032,6.187681859482351,0.0012377839286822066,29,0,1514,1.7239648682559476,,0
2018-08-07,2018-08-07,1,56459633f4eaac78a68ba442cd5dbde2186e66c150f318f985601bb04f17cd3a,v11_1e495b4686beac2f1801,False,False,False,159915,159915,159915,False,False,False,6.187681859482351,6.358811343223492,6.358811343223492,0.0,1,1,1514,1.7716436637390085,,0
2018-08-08,2018-08-08,1,56459633f4eaac78a68ba442cd5dbde2186e66c150f318f985601bb04f17cd3a,v11_1e495b4686beac2f1801,False,False,False,159915,159915,159915,False,False,False,6.358811343223492,6.219205711750456,6.219205711750456,0.0,2,2,1514,1.7716436637390085,,0
2018-08-09,2018-08-09,1,56459633f4eaac78a68ba442cd5dbde2186e66c150f318f985601bb04f17cd3a,v11_1e495b4686beac2f1801,False,False,False,159915,159915,159915,False,False,False,6.219205711750456,6.421859047759703,6.421859047759703,0.0,3,3,1514,1.7892095357590838,,0
2018-08-10,2018-08-10,1,56459633f4eaac78a68ba442cd5dbde2186e66c150f318f985601bb04f17cd3a,v11_1e495b4686beac2f1801,False,False,False,159915,159915,159915,False,False,False,6.421859047759703,6.471396529895297,6.471396529895297,0.0,4,4,1514,1.8030112923462858,,0
2018-08-13,2018-08-13,1,56459633f4eaac78a68ba442cd5dbde2186e66c150f318f985601bb04f17cd3a,v11_1e495b4686beac2f1801,False,False,False,159915,513100,513100,False,False,True,6.471396529895297,6.565968086699612,6.564654893082272,0.0013131936173399225,5,0,1514,2.668004012036111,,0
2018-08-14,2018-08-14,1,56459633f4eaac78a68ba442cd5dbde2186e66c150f318f985601bb04f17cd3a,v11_1e495b4686beac2f1801,False,False,False,513100,513100,513100,False,False,False,6.564654893082272,6.611545285175716,6.611545285175716,0.0,1,1,1514,2.6870611835506546,,0
2018-08-15,2018-08-15,1,56459633f4eaac78a68ba442cd5dbde2186e66c150f318f985601bb04f17cd3a,v11_1e495b4686beac2f1801,False,False,False,513100,513100,513100,False,False,False,6.611545285175716,6.688050661749232,6.688050661749232,0.0,2,2,1514,2.7181544633901735,,0
2018-08-16,2018-08-16,1,56459633f4eaac78a68ba442cd5dbde2186e66c150f318f985601bb04f17cd3a,v11_1e495b4686beac2f1801,False,False,False,513100,513100,513100,False,False,False,6.688050661749232,6.56959072382895,6.56959072382895,0.0,3,3,1514,2.7181544633901735,,0
2018-08-17,2018-08-17,1,56459633f4eaac78a68ba442cd5dbde2186e66c150f318f985601bb04f17cd3a,v11_1e495b4686beac2f1801,False,False,False,513100,513100,513100,False,False,False,6.56959072382895,6.584398216068986,6.584398216068986,0.0,4,4,1514,2.7181544633901735,,0
2018-08-20,2018-08-20,1,56459633f4eaac78a68ba442cd5dbde2186e66c150f318f985601bb04f17cd3a,v11_1e495b4686beac2f1801,False,False,False,513100,513100,513100,False,False,False,6.584398216068986,6.552315316215576,6.552315316215576,0.0,5,5,1514,2.7181544633901735,,0
2018-08-21,2018-08-21,1,56459633f4eaac78a68ba442cd5dbde2186e66c150f318f985601bb04f17cd3a,v11_1e495b4686beac2f1801,False,False,False,513100,513100,513100,False,False,False,6.552315316215576,6.5103607548688105,6.5103607548688105,0.0,6,6,1514,2.7181544633901735,,0
2018-08-22,2018-08-22,1,56459633f4eaac78a68ba442cd5dbde2186e66c150f318f985601bb04f17cd3a,v11_1e495b4686beac2f1801,False,False,False,513100,513100,513100,False,False,False,6.5103607548688105,6.505424924122132,6.505424924122132,0.0,7,7,1514,2.7181544633901735,,0
2018-08-23,2018-08-23,1,56459633f4eaac78a68ba442cd5dbde2186e66c150f318f985601bb04f17cd3a,v11_1e495b4686beac2f1801,False,False,False,513100,513100,513100,False,False,False,6.505424924122132,6.576994469948969,6.576994469948969,0.0,8,8,1514,2.7181544633901735,,0
2018-08-24,2018-08-24,1,56459633f4eaac78a68ba442cd5dbde2186e66c150f318f985601bb04f17cd3a,v11_1e495b4686beac2f1801,False,False,False,513100,513100,513100,False,False,False,6.576994469948969,6.579462385322308,6.579462385322308,0.0,9,9,1514,2.7181544633901735,,0
2018-08-27,2018-08-27,1,56459633f4eaac78a68ba442cd5dbde2186e66c150f318f985601bb04f17cd3a,v11_1e495b4686beac2f1801,False,False,False,513100,513100,513100,False,False,False,6.579462385322308,6.609077369802378,6.609077369802378,0.0,10,10,1514,2.7181544633901735,,0
2018-08-28,2018-08-28,1,56459633f4eaac78a68ba442cd5dbde2186e66c150f318f985601bb04f17cd3a,v11_1e495b4686beac2f1801,False,False,False,513100,513100,513100,False,False,False,6.609077369802378,6.675711084882537,6.675711084882537,0.0,11,11,1514,2.7181544633901735,,0
2018-08-29,2018-08-29,1,56459633f4eaac78a68ba442cd5dbde2186e66c150f318f985601bb04f17cd3a,v11_1e495b4686beac2f1801,False,False,False,513100,513100,513100,False,False,False,6.675711084882537,6.683114831002555,6.683114831002555,0.0,12,12,1514,2.7181544633901735,,0
2018-08-30,2018-08-30,1,56459633f4eaac78a68ba442cd5dbde2186e66c150f318f985601bb04f17cd3a,v11_1e495b4686beac2f1801,False,False,False,513100,513100,513100,False,False,False,6.683114831002555,6.781831445936123,6.781831445936123,0.0,13,13,1514,2.756268806419261,,0
2018-08-31,2018-08-31,1,56459633f4eaac78a68ba442cd5dbde2186e66c150f318f985601bb04f17cd3a,v11_1e495b4686beac2f1801,False,False,False,513100,513100,513100,False,False,False,6.781831445936123,6.76208812294941,6.76208812294941,0.0,14,14,1514,2.756268806419261,,0
2018-09-03,2018-09-03,1,56459633f4eaac78a68ba442cd5dbde2186e66c150f318f985601bb04f17cd3a,v11_1e495b4686beac2f1801,False,False,False,513100,513100,513100,False,False,False,6.76208812294941,6.7670239536960874,6.7670239536960874,0.0,15,15,1514,2.756268806419261,,0
2018-09-04,2018-09-04,1,56459633f4eaac78a68ba442cd5dbde2186e66c150f318f985601bb04f17cd3a,v11_1e495b4686beac2f1801,False,False,False,513100,513100,513100,False,False,False,6.7670239536960874,6.796638938176158,6.796638938176158,0.0,16,16,1514,2.762286860581748,,0
2018-09-05,2018-09-05,1,56459633f4eaac78a68ba442cd5dbde2186e66c150f318f985601bb04f17cd3a,v11_1e495b4686beac2f1801,False,False,False,513100,513100,513100,False,False,False,6.796638938176158,6.73247313846934,6.73247313846934,0.0,17,17,1514,2.762286860581748,,0
2018-09-06,2018-09-06,1,56459633f4eaac78a68ba442cd5dbde2186e66c150f318f985601bb04f17cd3a,v11_1e495b4686beac2f1801,False,False,False,513100,513100,513100,False,False,False,6.73247313846934,6.6238848620424156,6.6238848620424156,0.0,18,18,1514,2.762286860581748,,0
2018-09-07,2018-09-07,1,56459633f4eaac78a68ba442cd5dbde2186e66c150f318f985601bb04f17cd3a,v11_1e495b4686beac2f1801,False,False,False,513100,513100,513100,False,False,False,6.6238848620424156,6.569590723828953,6.569590723828953,0.0,19,19,1514,2.762286860581748,,0
2018-09-10,2018-09-10,1,56459633f4eaac78a68ba442cd5dbde2186e66c150f318f985601bb04f17cd3a,v11_1e495b4686beac2f1801,False,False,False,513100,513100,513100,False,False,False,6.569590723828953,6.614013200549059,6.614013200549059,0.0,20,20,1514,2.762286860581748,,0
2018-09-11,2018-09-11,1,56459633f4eaac78a68ba442cd5dbde2186e66c150f318f985601bb04f17cd3a,v11_1e495b4686beac2f1801,False,False,False,513100,513100,513100,False,False,False,6.614013200549059,6.646096100402469,6.646096100402469,0.0,21,21,1514,2.762286860581748,,0
2018-09-12,2018-09-12,1,56459633f4eaac78a68ba442cd5dbde2186e66c150f318f985601bb04f17cd3a,v11_1e495b4686beac2f1801,False,False,False,513100,513100,513100,False,False,False,6.646096100402469,6.717665646229305,6.717665646229305,0.0,22,22,1514,2.762286860581748,,0
2018-09-13,2018-09-13,1,56459633f4eaac78a68ba442cd5dbde2186e66c150f318f985601bb04f17cd3a,v11_1e495b4686beac2f1801,False,False,False,513100,513100,513100,False,False,False,6.717665646229305,6.651031931149146,6.651031931149146,0.0,23,23,1514,2.762286860581748,,0
2018-09-14,2018-09-14,1,56459633f4eaac78a68ba442cd5dbde2186e66c150f318f985601bb04f17cd3a,v11_1e495b4686beac2f1801,False,False,False,513100,513100,513100,False,False,False,6.651031931149146,6.717665646229304,6.717665646229304,0.0,24,24,1514,2.762286860581748,,0
2018-09-17,2018-09-17,1,56459633f4eaac78a68ba442cd5dbde2186e66c150f318f985601bb04f17cd3a,v11_1e495b4686beac2f1801,False,False,False,513100,513100,513100,False,False,False,6.717665646229304,6.685582746375895,6.685582746375895,0.0,25,25,1514,2.762286860581748,,0
2018-09-18,2018-09-18,1,56459633f4eaac78a68ba442cd5dbde2186e66c150f318f985601bb04f17cd3a,v11_1e495b4686beac2f1801,False,False,False,513100,513100,513100,False,False,False,6.685582746375895,6.596737792935683,6.596737792935683,0.0,26,26,1514,2.762286860581748,,0
2018-09-19,2018-09-19,1,56459633f4eaac78a68ba442cd5dbde2186e66c150f318f985601bb04f17cd3a,v11_1e495b4686beac2f1801,False,False,False,513100,513100,513100,False,False,False,6.596737792935683,6.653499846522486,6.653499846522486,0.0,27,27,1514,2.762286860581748,,0
2018-09-20,2018-09-20,1,56459633f4eaac78a68ba442cd5dbde2186e66c150f318f985601bb04f17cd3a,v11_1e495b4686beac2f1801,False,False,False,513100,513100,513100,False,False,False,6.653499846522486,6.6411602696557885,6.6411602696557885,0.0,28,28,1514,2.762286860581748,,0
2018-09-21,2018-09-21,1,56459633f4eaac78a68ba442cd5dbde2186e66c150f318f985601bb04f17cd3a,v11_1e495b4686beac2f1801,False,False,False,513100,513100,513100,False,False,False,6.6411602696557885,6.712729815482626,6.712729815482626,0.0,29,29,1514,2.762286860581748,,0
2018-09-25,2018-09-25,1,56459633f4eaac78a68ba442cd5dbde2186e66c150f318f985601bb04f17cd3a,v11_1e495b4686beac2f1801,False,False,False,513100,513100,513100,False,False,False,6.712729815482626,6.685582746375895,6.685582746375895,0.0,30,30,1514,2.762286860581748,,0
2018-09-26,2018-09-26,1,56459633f4eaac78a68ba442cd5dbde2186e66c150f318f985601bb04f17cd3a,v11_1e495b4686beac2f1801,False,False,False,513100,513100,513100,False,False,False,6.685582746375895,6.727537307722661,6.727537307722661,0.0,31,31,1514,2.762286860581748,,0
2018-09-27,2018-09-27,1,56459633f4eaac78a68ba442cd5dbde2186e66c150f318f985601bb04f17cd3a,v11_1e495b4686beac2f1801,False,False,False,513100,513100,513100,False,False,False,6.727537307722661,6.715197730855965,6.715197730855965,0.0,32,32,1514,2.762286860581748,,0
2018-09-28,2018-09-28,1,56459633f4eaac78a68ba442cd5dbde2186e66c150f318f985601bb04f17cd3a,v11_1e495b4686beac2f1801,False,False,False,513100,513100,513100,False,False,False,6.715197730855965,6.796638938176159,6.796638938176159,0.0,33,33,1514,2.762286860581748,,0
2018-10-08,2018-10-08,1,56459633f4eaac78a68ba442cd5dbde2186e66c150f318f985601bb04f17cd3a,v11_1e495b4686beac2f1801,False,False,False,513100,513100,513100,False,False,False,6.796638938176159,6.606609454429041,6.606609454429041,0.0,34,34,1514,2.762286860581748,,0
2018-10-09,2018-10-09,1,56459633f4eaac78a68ba442cd5dbde2186e66c150f318f985601bb04f17cd3a,v11_1e495b4686beac2f1801,False,False,False,513100,518880,518880,False,False,True,6.606609454429041,6.601673623682362,6.600353288957625,0.0013203347247364725,35,0,1514,1.009900990099011,,0
2018-10-10,2018-10-10,1,56459633f4eaac78a68ba442cd5dbde2186e66c150f318f985601bb04f17cd3a,v11_1e495b4686beac2f1801,False,False,False,518880,518880,518880,False,False,False,6.600353288957625,6.600353288957625,6.600353288957625,0.0,1,1,1514,1.009900990099011,,0
2018-10-11,2018-10-11,1,56459633f4eaac78a68ba442cd5dbde2186e66c150f318f985601bb04f17cd3a,v11_1e495b4686beac2f1801,False,False,False,518880,510300,510300,False,True,True,6.600353288957625,6.632707961942711,6.631381420350323,0.0013265415923885424,2,0,1556,1.3317263546879825,,0
2018-10-12,2018-10-12,1,56459633f4eaac78a68ba442cd5dbde2186e66c150f318f985601bb04f17cd3a,v11_1e495b4686beac2f1801,False,False,False,510300,510300,510300,False,False,False,6.631381420350323,6.754649064899999,6.754649064899999,0.0,1,1,1556,1.3564811924090259,,0
2018-10-15,2018-10-15,1,56459633f4eaac78a68ba442cd5dbde2186e66c150f318f985601bb04f17cd3a,v11_1e495b4686beac2f1801,False,False,False,510300,510300,510300,False,False,False,6.754649064899999,6.656452805682461,6.656452805682461,0.0,2,2,1556,1.3564811924090259,,0
2018-10-16,2018-10-16,1,56459633f4eaac78a68ba442cd5dbde2186e66c150f318f985601bb04f17cd3a,v11_1e495b4686beac2f1801,False,False,False,510300,510300,510300,False,False,False,6.656452805682461,6.612577881351221,6.612577881351221,0.0,3,3,1556,1.3564811924090259,,0
2018-10-17,2018-10-17,1,56459633f4eaac78a68ba442cd5dbde2186e66c150f318f985601bb04f17cd3a,v11_1e495b4686beac2f1801,False,False,False,510300,510300,510300,False,False,False,6.612577881351221,6.635559984572348,6.635559984572348,0.0,4,4,1556,1.3564811924090259,,0
2018-10-18,2018-10-18,1,56459633f4eaac78a68ba442cd5dbde2186e66c150f318f985601bb04f17cd3a,v11_1e495b4686beac2f1801,False,False,False,510300,518880,518880,False,False,True,6.635559984572348,6.489310236801547,6.488012374754187,0.0012978620473603094,5,0,1556,1.0365575019040376,,0
2018-10-19,2018-10-19,1,56459633f4eaac78a68ba442cd5dbde2186e66c150f318f985601bb04f17cd3a,v11_1e495b4686beac2f1801,False,False,False,518880,518880,518880,False,False,False,6.488012374754187,6.516614927471693,6.516614927471693,0.0,1,1,1556,1.0411271896420422,,0
2018-10-22,2018-10-22,1,56459633f4eaac78a68ba442cd5dbde2186e66c150f318f985601bb04f17cd3a,v11_1e495b4686beac2f1801,False,False,False,518880,518880,518880,False,False,False,6.516614927471693,6.507080743232525,6.507080743232525,0.0,2,2,1556,1.0411271896420422,,0
2018-10-23,2018-10-23,1,56459633f4eaac78a68ba442cd5dbde2186e66c150f318f985601bb04f17cd3a,v11_1e495b4686beac2f1801,False,False,False,518880,518880,518880,False,False,False,6.507080743232525,6.5404503880696145,6.5404503880696145,0.0,3,3,1556,1.044935262757046,,0
2018-10-24,2018-10-24,1,56459633f4eaac78a68ba442cd5dbde2186e66c150f318f985601bb04f17cd3a,v11_1e495b4686beac2f1801,False,False,False,518880,518880,518880,False,False,False,6.5404503880696145,6.542833934129407,6.542833934129407,0.0,4,4,1556,1.0453160700685464,,0
2018-10-25,2018-10-25,1,56459633f4eaac78a68ba442cd5dbde2186e66c150f318f985601bb04f17cd3a,v11_1e495b4686beac2f1801,False,False,False,518880,518880,518880,False,False,False,6.542833934129407,6.576203578966496,6.576203578966496,0.0,5,5,1556,1.0506473724295518,,0
2018-10-26,2018-10-26,1,56459633f4eaac78a68ba442cd5dbde2186e66c150f318f985601bb04f17cd3a,v11_1e495b4686beac2f1801,False,False,False,518880,518880,518880,False,False,False,6.576203578966496,6.5714364868469115,6.5714364868469115,0.0,6,6,1556,1.0506473724295518,,0
2018-10-29,2018-10-29,1,56459633f4eaac78a68ba442cd5dbde2186e66c150f318f985601bb04f17cd3a,v11_1e495b4686beac2f1801,False,False,False,518880,518880,518880,False,False,False,6.5714364868469115,6.561902302607742,6.561902302607742,0.0,7,7,1556,1.0506473724295518,,0
2018-10-30,2018-10-30,1,56459633f4eaac78a68ba442cd5dbde2186e66c150f318f985601bb04f17cd3a,v11_1e495b4686beac2f1801,False,False,False,518880,518880,518880,False,False,False,6.561902302607742,6.547601026248989,6.547601026248989,0.0,8,8,1556,1.0506473724295518,,0
2018-10-31,2018-10-31,1,56459633f4eaac78a68ba442cd5dbde2186e66c150f318f985601bb04f17cd3a,v11_1e495b4686beac2f1801,False,False,False,518880,518880,518880,False,False,False,6.547601026248989,6.492779466873771,6.492779466873771,0.0,9,9,1556,1.0506473724295518,,0
2018-11-01,2018-11-01,1,56459633f4eaac78a68ba442cd5dbde2186e66c150f318f985601bb04f17cd3a,v11_1e495b4686beac2f1801,False,False,False,518880,518880,518880,False,False,False,6.492779466873771,6.507080743232524,6.507080743232524,0.0,10,10,1556,1.0506473724295518,,0
2018-11-02,2018-11-02,1,56459633f4eaac78a68ba442cd5dbde2186e66c150f318f985601bb04f17cd3a,v11_1e495b4686beac2f1801,False,False,False,518880,518880,518880,False,False,False,6.507080743232524,6.509464289292316,6.509464289292316,0.0,11,11,1556,1.0506473724295518,,0
2018-11-05,2018-11-05,1,56459633f4eaac78a68ba442cd5dbde2186e66c150f318f985601bb04f17cd3a,v11_1e495b4686beac2f1801,False,False,False,518880,518880,518880,False,False,False,6.509464289292316,6.51184783535211,6.51184783535211,0.0,12,12,1556,1.0506473724295518,,0
2018-11-06,2018-11-06,1,56459633f4eaac78a68ba442cd5dbde2186e66c150f318f985601bb04f17cd3a,v11_1e495b4686beac2f1801,False,False,False,518880,518880,518880,False,False,False,6.51184783535211,6.516614927471694,6.516614927471694,0.0,13,13,1556,1.0506473724295518,,0
2018-11-07,2018-11-07,1,56459633f4eaac78a68ba442cd5dbde2186e66c150f318f985601bb04f17cd3a,v11_1e495b4686beac2f1801,False,False,False,518880,518880,518880,False,False,False,6.516614927471694,6.518998473531485,6.518998473531485,0.0,14,14,1556,1.0506473724295518,,0
2018-11-08,2018-11-08,1,56459633f4eaac78a68ba442cd5dbde2186e66c150f318f985601bb04f17cd3a,v11_1e495b4686beac2f1801,False,False,False,518880,518880,518880,False,False,False,6.518998473531485,6.492779466873773,6.492779466873773,0.0,15,15,1556,1.0506473724295518,,0
2018-11-09,2018-11-09,1,56459633f4eaac78a68ba442cd5dbde2186e66c150f318f985601bb04f17cd3a,v11_1e495b4686beac2f1801,False,False,False,518880,518880,518880,False,False,False,6.492779466873773,6.47847819051502,6.47847819051502,0.0,16,16,1556,1.0506473724295518,,0
2018-11-12,2018-11-12,1,56459633f4eaac78a68ba442cd5dbde2186e66c150f318f985601bb04f17cd3a,v11_1e495b4686beac2f1801,False,False,False,518880,513100,513100,False,False,True,6.47847819051502,6.430807269319178,6.429521107865314,0.0012861614538638357,17,0,1556,2.575727181544637,,0
2018-11-13,2018-11-13,1,56459633f4eaac78a68ba442cd5dbde2186e66c150f318f985601bb04f17cd3a,v11_1e495b4686beac2f1801,False,False,False,513100,513100,513100,False,False,False,6.429521107865314,6.236735622933216,6.236735622933216,0.0,1,1,1556,2.575727181544637,,0
2018-11-14,2018-11-14,1,56459633f4eaac78a68ba442cd5dbde2186e66c150f318f985601bb04f17cd3a,v11_1e495b4686beac2f1801,False,False,False,513100,513100,513100,False,False,False,6.236735622933216,6.216705962161049,6.216705962161049,0.0,2,2,1556,2.575727181544637,,0
2018-11-15,2018-11-15,1,56459633f4eaac78a68ba442cd5dbde2186e66c150f318f985601bb04f17cd3a,v11_1e495b4686beac2f1801,False,False,False,513100,513100,513100,False,False,False,6.216705962161049,6.169135517827154,6.169135517827154,0.0,3,3,1556,2.575727181544637,,0
2018-11-16,2018-11-16,1,56459633f4eaac78a68ba442cd5dbde2186e66c150f318f985601bb04f17cd3a,v11_1e495b4686beac2f1801,False,False,False,513100,513100,513100,False,False,False,6.169135517827154,6.194172593792363,6.194172593792363,0.0,4,4,1556,2.575727181544637,,0
2018-11-19,2018-11-19,1,56459633f4eaac78a68ba442cd5dbde2186e66c150f318f985601bb04f17cd3a,v11_1e495b4686beac2f1801,False,False,False,513100,513100,513100,False,False,False,6.194172593792363,6.21920966975757,6.21920966975757,0.0,5,5,1556,2.575727181544637,,0
2018-11-20,2018-11-20,1,56459633f4eaac78a68ba442cd5dbde2186e66c150f318f985601bb04f17cd3a,v11_1e495b4686beac2f1801,False,False,False,513100,518880,518880,True,False,True,6.21920966975757,5.998883401263742,5.99768362458349,0.0011997766802527485,6,0,1556,1.0373191165270383,,0
2018-11-21,2018-11-21,1,56459633f4eaac78a68ba442cd5dbde2186e66c150f318f985601bb04f17cd3a,v11_1e495b4686beac2f1801,False,False,False,518880,518880,518880,False,False,False,5.99768362458349,5.995481831769766,5.995481831769766,0.0,1,1,1556,1.0373191165270383,,0
2018-11-22,2018-11-22,1,56459633f4eaac78a68ba442cd5dbde2186e66c150f318f985601bb04f17cd3a,v11_1e495b4686beac2f1801,False,False,False,518880,518880,518880,False,False,False,5.995481831769766,6.006490795838385,6.006490795838385,0.0,2,2,1556,1.0388423457730398,,0
2018-11-23,2018-11-23,1,56459633f4eaac78a68ba442cd5dbde2186e66c150f318f985601bb04f17cd3a,v11_1e495b4686beac2f1801,False,False,False,518880,512400,512400,False,True,True,6.006490795838385,6.013096174279555,6.0118935550447,0.001202619234855911,3,0,1587,0.5608108108108101,,0
2018-11-26,2018-11-26,1,56459633f4eaac78a68ba442cd5dbde2186e66c150f318f985601bb04f17cd3a,v11_1e495b4686beac2f1801,False,False,False,512400,512400,512400,False,False,False,6.0118935550447,5.9705035822044605,5.9705035822044605,0.0,1,1,1587,0.5608108108108101,,0
2018-11-27,2018-11-27,1,56459633f4eaac78a68ba442cd5dbde2186e66c150f318f985601bb04f17cd3a,v11_1e495b4686beac2f1801,False,False,False,512400,512400,512400,False,False,False,5.9705035822044605,6.022241048254759,6.022241048254759,0.0,2,2,1587,0.561776061776061,,0
2018-11-28,2018-11-28,1,56459633f4eaac78a68ba442cd5dbde2186e66c150f318f985601bb04f17cd3a,v11_1e495b4686beac2f1801,False,False,False,512400,512400,512400,False,False,False,6.022241048254759,6.073978514305057,6.073978514305057,0.0,3,3,1587,0.5666023166023157,,0
2018-11-29,2018-11-29,1,56459633f4eaac78a68ba442cd5dbde2186e66c150f318f985601bb04f17cd3a,v11_1e495b4686beac2f1801,False,False,False,512400,512400,512400,False,False,False,6.073978514305057,6.053283527884937,6.053283527884937,0.0,4,4,1587,0.5666023166023157,,0
2018-11-30,2018-11-30,1,56459633f4eaac78a68ba442cd5dbde2186e66c150f318f985601bb04f17cd3a,v11_1e495b4686beac2f1801,False,False,False,512400,518880,518880,False,False,True,6.053283527884937,6.115368487145295,6.114145413447866,0.001223073697429059,5,0,1587,1.0403655750190417,,0
2018-12-03,2018-12-03,1,56459633f4eaac78a68ba442cd5dbde2186e66c150f318f985601bb04f17cd3a,v11_1e495b4686beac2f1801,False,False,False,518880,513100,513100,False,False,True,6.114145413447866,6.087289723491287,6.086072265546589,0.0012174579446982575,1,0,1587,2.565697091273824,,0
2018-12-04,2018-12-04,1,56459633f4eaac78a68ba442cd5dbde2186e66c150f318f985601bb04f17cd3a,v11_1e495b4686beac2f1801,False,False,False,513100,513100,513100,False,False,False,6.086072265546589,5.9790068816726265,5.9790068816726265,0.0,1,1,1587,2.565697091273824,,0
2018-12-05,2018-12-05,1,56459633f4eaac78a68ba442cd5dbde2186e66c150f318f985601bb04f17cd3a,v11_1e495b4686beac2f1801,False,False,False,513100,513100,513100,False,False,False,5.9790068816726265,5.8148399597325495,5.8148399597325495,0.0,2,2,1587,2.565697091273824,,0
2018-12-06,2018-12-06,1,56459633f4eaac78a68ba442cd5dbde2186e66c150f318f985601bb04f17cd3a,v11_1e495b4686beac2f1801,False,False,False,513100,513100,513100,False,False,False,5.8148399597325495,5.719670729622361,5.719670729622361,0.0,3,3,1587,2.565697091273824,,0
2018-12-07,2018-12-07,1,56459633f4eaac78a68ba442cd5dbde2186e66c150f318f985601bb04f17cd3a,v11_1e495b4686beac2f1801,False,False,False,513100,513100,513100,False,False,False,5.719670729622361,5.80532303672153,5.80532303672153,0.0,4,4,1587,2.565697091273824,,0
2018-12-10,2018-12-10,1,56459633f4eaac78a68ba442cd5dbde2186e66c150f318f985601bb04f17cd3a,v11_1e495b4686beac2f1801,False,False,False,513100,518880,518880,False,False,True,5.80532303672153,5.634018422523189,5.632891618838684,0.0011268036845046379,5,0,1587,1.0536938309215549,,0
2018-12-11,2018-12-11,1,56459633f4eaac78a68ba442cd5dbde2186e66c150f318f985601bb04f17cd3a,v11_1e495b4686beac2f1801,False,False,False,518880,518880,518880,False,False,False,5.632891618838684,5.624748660228148,5.624748660228148,0.0,1,1,1587,1.0536938309215549,,0
2018-12-12,2018-12-12,1,56459633f4eaac78a68ba442cd5dbde2186e66c150f318f985601bb04f17cd3a,v11_1e495b4686beac2f1801,False,False,False,518880,518880,518880,False,False,False,5.624748660228148,5.598284044743904,5.598284044743904,0.0,2,2,1587,1.0536938309215549,,0
2018-12-13,2018-12-13,1,56459633f4eaac78a68ba442cd5dbde2186e66c150f318f985601bb04f17cd3a,v11_1e495b4686beac2f1801,False,False,False,518880,518880,518880,False,False,False,5.598284044743904,5.594212565438636,5.594212565438636,0.0,3,3,1587,1.0536938309215549,,0
2018-12-14,2018-12-14,1,56459633f4eaac78a68ba442cd5dbde2186e66c150f318f985601bb04f17cd3a,v11_1e495b4686beac2f1801,False,False,False,518880,518880,518880,False,False,False,5.594212565438636,5.588105346480733,5.588105346480733,0.0,4,4,1587,1.0536938309215549,,0
2018-12-17,2018-12-17,1,56459633f4eaac78a68ba442cd5dbde2186e66c150f318f985601bb04f17cd3a,v11_1e495b4686beac2f1801,False,False,False,518880,518880,518880,False,False,False,5.588105346480733,5.590141086133366,5.590141086133366,0.0,5,5,1587,1.0536938309215549,,0
2018-12-18,2018-12-18,1,56459633f4eaac78a68ba442cd5dbde2186e66c150f318f985601bb04f17cd3a,v11_1e495b4686beac2f1801,False,False,False,518880,518880,518880,False,False,False,5.590141086133366,5.620677180922878,5.620677180922878,0.0,6,6,1587,1.0536938309215549,,0
2018-12-19,2018-12-19,1,56459633f4eaac78a68ba442cd5dbde2186e66c150f318f985601bb04f17cd3a,v11_1e495b4686beac2f1801,False,False,False,518880,518880,518880,False,False,False,5.620677180922878,5.638998837796586,5.638998837796586,0.0,7,7,1587,1.054836252856056,,0
2018-12-20,2018-12-20,1,56459633f4eaac78a68ba442cd5dbde2186e66c150f318f985601bb04f17cd3a,v11_1e495b4686beac2f1801,False,False,False,518880,518880,518880,False,False,False,5.638998837796586,5.638998837796586,5.638998837796586,0.0,8,8,1587,1.054836252856056,,0
2018-12-21,2018-12-21,1,56459633f4eaac78a68ba442cd5dbde2186e66c150f318f985601bb04f17cd3a,v11_1e495b4686beac2f1801,False,False,False,518880,518880,518880,False,False,False,5.638998837796586,5.675642151543999,5.675642151543999,0.0,9,9,1587,1.0616907844630628,,0
2018-12-24,2018-12-24,1,56459633f4eaac78a68ba442cd5dbde2186e66c150f318f985601bb04f17cd3a,v11_1e495b4686beac2f1801,False,False,False,518880,518880,518880,False,False,False,5.675642151543999,5.695999548070342,5.695999548070342,0.0,10,10,1587,1.0654988575780666,,0
2018-12-25,2018-12-25,1,56459633f4eaac78a68ba442cd5dbde2186e66c150f318f985601bb04f17cd3a,v11_1e495b4686beac2f1801,False,False,False,518880,518880,518880,False,False,False,5.695999548070342,5.740785820428293,5.740785820428293,0.0,11,11,1587,1.073876618431075,,0
2018-12-26,2018-12-26,1,56459633f4eaac78a68ba442cd5dbde2186e66c150f318f985601bb04f17cd3a,v11_1e495b4686beac2f1801,False,False,False,518880,518880,518880,False,False,False,5.740785820428293,5.7387500807756595,5.7387500807756595,0.0,12,12,1587,1.073876618431075,,0
2018-12-27,2018-12-27,1,56459633f4eaac78a68ba442cd5dbde2186e66c150f318f985601bb04f17cd3a,v11_1e495b4686beac2f1801,False,False,False,518880,518880,518880,False,False,False,5.7387500807756595,5.718392684249317,5.718392684249317,0.0,13,13,1587,1.073876618431075,,0
2018-12-28,2018-12-28,1,56459633f4eaac78a68ba442cd5dbde2186e66c150f318f985601bb04f17cd3a,v11_1e495b4686beac2f1801,False,False,False,518880,518880,518880,False,False,False,5.718392684249317,5.753000258344097,5.753000258344097,0.0,14,14,1587,1.0761614623000773,,0
2019-01-02,2019-01-02,1,56459633f4eaac78a68ba442cd5dbde2186e66c150f318f985601bb04f17cd3a,v11_1e495b4686beac2f1801,False,False,False,518880,518880,518880,False,False,False,5.753000258344097,5.775393394523073,5.775393394523073,0.0,15,15,1587,1.0803503427265815,,0
2019-01-03,2019-01-03,1,56459633f4eaac78a68ba442cd5dbde2186e66c150f318f985601bb04f17cd3a,v11_1e495b4686beac2f1801,False,False,False,518880,518880,518880,False,False,False,5.775393394523073,5.838501323754731,5.838501323754731,0.0,16,16,1587,1.0921553693830932,,0
2019-01-04,2019-01-04,1,56459633f4eaac78a68ba442cd5dbde2186e66c150f318f985601bb04f17cd3a,v11_1e495b4686beac2f1801,False,False,False,518880,518880,518880,False,False,False,5.838501323754731,5.807965228965221,5.807965228965221,0.0,17,17,1587,1.0921553693830932,,0
2019-01-07,2019-01-07,1,56459633f4eaac78a68ba442cd5dbde2186e66c150f318f985601bb04f17cd3a,v11_1e495b4686beac2f1801,False,False,False,518880,518880,518880,False,False,False,5.807965228965221,5.783536353133612,5.783536353133612,0.0,18,18,1587,1.0921553693830932,,0
2019-01-08,2019-01-08,1,56459633f4eaac78a68ba442cd5dbde2186e66c150f318f985601bb04f17cd3a,v11_1e495b4686beac2f1801,False,False,False,518880,518880,518880,False,False,False,5.783536353133612,5.757071737649368,5.757071737649368,0.0,19,19,1587,1.0921553693830932,,0
2019-01-09,2019-01-09,1,56459633f4eaac78a68ba442cd5dbde2186e66c150f318f985601bb04f17cd3a,v11_1e495b4686beac2f1801,False,False,False,518880,518880,518880,False,False,False,5.757071737649368,5.734678601470392,5.734678601470392,0.0,20,20,1587,1.0921553693830932,,0
2019-01-10,2019-01-10,1,56459633f4eaac78a68ba442cd5dbde2186e66c150f318f985601bb04f17cd3a,v11_1e495b4686beac2f1801,False,False,False,518880,518880,518880,False,False,False,5.734678601470392,5.7468930393861966,5.7468930393861966,0.0,21,21,1587,1.0921553693830932,,0
2019-01-11,2019-01-11,1,56459633f4eaac78a68ba442cd5dbde2186e66c150f318f985601bb04f17cd3a,v11_1e495b4686beac2f1801,False,False,False,518880,518880,518880,False,False,False,5.7468930393861966,5.710249725638782,5.710249725638782,0.0,22,22,1587,1.0921553693830932,,0
2019-01-14,2019-01-14,1,56459633f4eaac78a68ba442cd5dbde2186e66c150f318f985601bb04f17cd3a,v11_1e495b4686beac2f1801,False,False,False,518880,518880,518880,False,False,False,5.710249725638782,5.71432120494405,5.71432120494405,0.0,23,23,1587,1.0921553693830932,,0
2019-01-15,2019-01-15,1,56459633f4eaac78a68ba442cd5dbde2186e66c150f318f985601bb04f17cd3a,v11_1e495b4686beac2f1801,False,False,False,518880,518880,518880,False,False,False,5.71432120494405,5.702106767028246,5.702106767028246,0.0,24,24,1587,1.0921553693830932,,0
2019-01-16,2019-01-16,1,56459633f4eaac78a68ba442cd5dbde2186e66c150f318f985601bb04f17cd3a,v11_1e495b4686beac2f1801,False,False,False,518880,518880,518880,False,False,False,5.702106767028246,5.706178246333514,5.706178246333514,0.0,25,25,1587,1.0921553693830932,,0
2019-01-17,2019-01-17,1,56459633f4eaac78a68ba442cd5dbde2186e66c150f318f985601bb04f17cd3a,v11_1e495b4686beac2f1801,False,False,False,518880,518880,518880,False,False,False,5.706178246333514,5.720428423901954,5.720428423901954,0.0,26,26,1587,1.0921553693830932,,0
2019-01-18,2019-01-18,1,56459633f4eaac78a68ba442cd5dbde2186e66c150f318f985601bb04f17cd3a,v11_1e495b4686beac2f1801,False,False,False,518880,518880,518880,False,False,False,5.720428423901954,5.722464163554587,5.722464163554587,0.0,27,27,1587,1.0921553693830932,,0
2019-01-21,2019-01-21,1,56459633f4eaac78a68ba442cd5dbde2186e66c150f318f985601bb04f17cd3a,v11_1e495b4686beac2f1801,False,False,False,518880,513100,513100,False,False,True,5.722464163554587,5.700071027375611,5.698931013170136,0.0011400142054751223,28,0,1587,2.399197592778338,,0
2019-01-22,2019-01-22,1,56459633f4eaac78a68ba442cd5dbde2186e66c150f318f985601bb04f17cd3a,v11_1e495b4686beac2f1801,False,False,False,513100,513100,513100,False,False,False,5.698931013170136,5.667958562011603,5.667958562011603,0.0,1,1,1587,2.399197592778338,,0
2019-01-23,2019-01-23,1,56459633f4eaac78a68ba442cd5dbde2186e66c150f318f985601bb04f17cd3a,v11_1e495b4686beac2f1801,False,False,False,513100,513100,513100,False,False,False,5.667958562011603,5.606013659694537,5.606013659694537,0.0,2,2,1587,2.399197592778338,,0
2019-01-24,2019-01-24,1,56459633f4eaac78a68ba442cd5dbde2186e66c150f318f985601bb04f17cd3a,v11_1e495b4686beac2f1801,False,False,False,513100,513100,513100,False,False,False,5.606013659694537,5.610778652180465,5.610778652180465,0.0,3,3,1587,2.399197592778338,,0
2019-01-25,2019-01-25,1,56459633f4eaac78a68ba442cd5dbde2186e66c150f318f985601bb04f17cd3a,v11_1e495b4686beac2f1801,False,False,False,513100,513100,513100,False,False,False,5.610778652180465,5.648898592067891,5.648898592067891,0.0,4,4,1587,2.399197592778338,,0
2019-01-28,2019-01-28,1,56459633f4eaac78a68ba442cd5dbde2186e66c150f318f985601bb04f17cd3a,v11_1e495b4686beac2f1801,False,False,False,513100,513100,513100,False,False,False,5.648898592067891,5.646516095824927,5.646516095824927,0.0,5,5,1587,2.399197592778338,,0
2019-01-29,2019-01-29,1,56459633f4eaac78a68ba442cd5dbde2186e66c150f318f985601bb04f17cd3a,v11_1e495b4686beac2f1801,False,False,False,513100,513100,513100,False,False,False,5.646516095824927,5.586953689750824,5.586953689750824,0.0,6,6,1587,2.399197592778338,,0
2019-01-30,2019-01-30,1,56459633f4eaac78a68ba442cd5dbde2186e66c150f318f985601bb04f17cd3a,v11_1e495b4686beac2f1801,False,False,False,513100,513100,513100,False,False,False,5.586953689750824,5.572658712293039,5.572658712293039,0.0,7,7,1587,2.399197592778338,,0
2019-01-31,2019-01-31,1,56459633f4eaac78a68ba442cd5dbde2186e66c150f318f985601bb04f17cd3a,v11_1e495b4686beac2f1801,False,False,False,513100,513100,513100,False,False,False,5.572658712293039,5.70607850189903,5.70607850189903,0.0,8,8,1587,2.4022066198595824,,0
2019-02-01,2019-02-01,1,56459633f4eaac78a68ba442cd5dbde2186e66c150f318f985601bb04f17cd3a,v11_1e495b4686beac2f1801,False,False,False,513100,513100,513100,False,False,False,5.70607850189903,5.782318381673882,5.782318381673882,0.0,9,9,1587,2.4343029087261825,,0
2019-02-11,2019-02-11,1,56459633f4eaac78a68ba442cd5dbde2186e66c150f318f985601bb04f17cd3a,v11_1e495b4686beac2f1801,False,False,False,513100,513100,513100,False,False,False,5.782318381673882,5.810908336589451,5.810908336589451,0.0,10,10,1587,2.4463390170511574,,0
2019-02-12,2019-02-12,1,56459633f4eaac78a68ba442cd5dbde2186e66c150f318f985601bb04f17cd3a,v11_1e495b4686beac2f1801,False,False,False,513100,510300,510300,False,False,True,5.810908336589451,5.858558261448733,5.857386549796444,0.0011717116522897467,11,0,1587,1.4209599476963717,,0
2019-02-13,2019-02-13,1,56459633f4eaac78a68ba442cd5dbde2186e66c150f318f985601bb04f17cd3a,v11_1e495b4686beac2f1801,False,False,False,510300,510300,510300,False,False,False,5.857386549796444,5.978974898754313,5.978974898754313,0.0,1,1,1587,1.4504564087045095,,0
2019-02-14,2019-02-14,1,56459633f4eaac78a68ba442cd5dbde2186e66c150f318f985601bb04f17cd3a,v11_1e495b4686beac2f1801,False,False,False,510300,510300,510300,False,False,False,5.978974898754313,5.9860234986939,5.9860234986939,0.0,2,2,1587,1.4521663484730973,,0
2019-02-15,2019-02-15,1,56459633f4eaac78a68ba442cd5dbde2186e66c150f318f985601bb04f17cd3a,v11_1e495b4686beac2f1801,False,False,False,510300,510300,510300,False,False,False,5.9860234986939,5.887343099539689,5.887343099539689,0.0,3,3,1587,1.4521663484730973,,0
2019-02-18,2019-02-18,1,56459633f4eaac78a68ba442cd5dbde2186e66c150f318f985601bb04f17cd3a,v11_1e495b4686beac2f1801,False,False,False,510300,159915,159915,False,False,True,5.887343099539689,6.058271648074663,6.057059993745048,0.0012116543296149325,4,0,1587,1.7026348808030007,,0
2019-02-19,2019-02-19,1,56459633f4eaac78a68ba442cd5dbde2186e66c150f318f985601bb04f17cd3a,v11_1e495b4686beac2f1801,False,False,False,159915,159915,159915,False,False,False,6.057059993745048,6.007960760192215,6.007960760192215,0.0,1,1,1587,1.7026348808030007,,0
2019-02-20,2019-02-20,1,56459633f4eaac78a68ba442cd5dbde2186e66c150f318f985601bb04f17cd3a,v11_1e495b4686beac2f1801,False,False,False,159915,159915,159915,False,False,False,6.007960760192215,6.016887893565457,6.016887893565457,0.0,2,2,1587,1.7026348808030007,,0
2019-02-21,2019-02-21,1,56459633f4eaac78a68ba442cd5dbde2186e66c150f318f985601bb04f17cd3a,v11_1e495b4686beac2f1801,False,False,False,159915,159915,159915,False,False,False,6.016887893565457,6.048132860371806,6.048132860371806,0.0,3,3,1587,1.7026348808030007,,0
2019-02-22,2019-02-22,1,56459633f4eaac78a68ba442cd5dbde2186e66c150f318f985601bb04f17cd3a,v11_1e495b4686beac2f1801,False,False,False,159915,159915,159915,False,False,False,6.048132860371806,6.275774761389489,6.275774761389489,0.0,4,4,1587,1.7641154328732638,,0
2019-02-25,2019-02-25,1,56459633f4eaac78a68ba442cd5dbde2186e66c150f318f985601bb04f17cd3a,v11_1e495b4686beac2f1801,False,False,False,159915,159915,159915,False,False,False,6.275774761389489,6.659641496438918,6.659641496438918,0.0,5,5,1587,1.872020075282297,,0
2019-02-26,2019-02-26,1,56459633f4eaac78a68ba442cd5dbde2186e66c150f318f985601bb04f17cd3a,v11_1e495b4686beac2f1801,False,False,False,159915,159915,159915,False,False,False,6.659641496438918,6.601615129512842,6.601615129512842,0.0,6,6,1587,1.872020075282297,,0
2019-02-27,2019-02-27,1,56459633f4eaac78a68ba442cd5dbde2186e66c150f318f985601bb04f17cd3a,v11_1e495b4686beac2f1801,False,False,False,159915,159915,159915,False,False,False,6.601615129512842,6.507880229093796,6.507880229093796,0.0,7,7,1587,1.872020075282297,,0
2019-02-28,2019-02-28,1,56459633f4eaac78a68ba442cd5dbde2186e66c150f318f985601bb04f17cd3a,v11_1e495b4686beac2f1801,False,False,False,159915,159915,159915,False,False,False,6.507880229093796,6.56144302933325,6.56144302933325,0.0,8,8,1587,1.872020075282297,,0
2019-03-01,2019-03-01,1,56459633f4eaac78a68ba442cd5dbde2186e66c150f318f985601bb04f17cd3a,v11_1e495b4686beac2f1801,False,False,False,159915,159915,159915,False,False,False,6.56144302933325,6.695350029931888,6.695350029931888,0.0,9,9,1587,1.8820577164366257,,0
2019-03-04,2019-03-04,1,56459633f4eaac78a68ba442cd5dbde2186e66c150f318f985601bb04f17cd3a,v11_1e495b4686beac2f1801,False,False,False,159915,159915,159915,False,False,False,6.695350029931888,6.94530976438268,6.94530976438268,0.0,10,10,1587,1.9523212045169265,,0
2019-03-05,2019-03-05,1,56459633f4eaac78a68ba442cd5dbde2186e66c150f318f985601bb04f17cd3a,v11_1e495b4686beac2f1801,False,False,False,159915,159915,159915,False,False,False,6.94530976438268,7.208660198893334,7.208660198893334,0.0,11,11,1587,2.0263488080301,,0
2019-03-06,2019-03-06,1,56459633f4eaac78a68ba442cd5dbde2186e66c150f318f985601bb04f17cd3a,v11_1e495b4686beac2f1801,False,False,False,159915,159915,159915,False,False,False,7.208660198893334,7.297931532625759,7.297931532625759,0.0,12,12,1587,2.0514429109159216,,0
2019-03-07,2019-03-07,1,56459633f4eaac78a68ba442cd5dbde2186e66c150f318f985601bb04f17cd3a,v11_1e495b4686beac2f1801,False,False,False,159915,159915,159915,False,False,False,7.297931532625759,7.235441599013061,7.235441599013061,0.0,13,13,1587,2.0514429109159216,,0
2019-03-08,2019-03-08,1,56459633f4eaac78a68ba442cd5dbde2186e66c150f318f985601bb04f17cd3a,v11_1e495b4686beac2f1801,False,False,False,159915,159915,159915,False,False,False,7.235441599013061,7.070289631608075,7.070289631608075,0.0,14,14,1587,2.0514429109159216,,0
2019-03-11,2019-03-11,1,56459633f4eaac78a68ba442cd5dbde2186e66c150f318f985601bb04f17cd3a,v11_1e495b4686beac2f1801,False,False,False,159915,159915,159915,False,False,False,7.070289631608075,7.400593566418048,7.400593566418048,0.0,15,15,1587,2.0803011292346167,,0
2019-03-12,2019-03-12,1,56459633f4eaac78a68ba442cd5dbde2186e66c150f318f985601bb04f17cd3a,v11_1e495b4686beac2f1801,False,False,False,159915,159915,159915,False,False,False,7.400593566418048,7.570209100509656,7.570209100509656,0.0,16,16,1587,2.127979924717678,,0
2019-03-13,2019-03-13,1,56459633f4eaac78a68ba442cd5dbde2186e66c150f318f985601bb04f17cd3a,v11_1e495b4686beac2f1801,False,False,False,159915,510500,510500,True,False,True,7.570209100509656,7.222050898953198,7.220606488773408,0.0014444101797906398,17,0,1587,1.6741461239072233,,0
2019-03-14,2019-03-14,1,56459633f4eaac78a68ba442cd5dbde2186e66c150f318f985601bb04f17cd3a,v11_1e495b4686beac2f1801,False,False,False,510500,510500,510500,False,False,False,7.220606488773408,7.052337564902459,7.052337564902459,0.0,1,1,1587,1.6741461239072233,,0
2019-03-15,2019-03-15,1,56459633f4eaac78a68ba442cd5dbde2186e66c150f318f985601bb04f17cd3a,v11_1e495b4686beac2f1801,False,False,False,510500,510500,510500,False,False,False,7.052337564902459,7.129616626235782,7.129616626235782,0.0,2,2,1587,1.6741461239072233,,0
2019-03-18,2019-03-18,1,56459633f4eaac78a68ba442cd5dbde2186e66c150f318f985601bb04f17cd3a,v11_1e495b4686beac2f1801,False,False,False,510500,510500,510500,False,False,False,7.129616626235782,7.357714500816402,7.357714500816402,0.0,3,3,1587,1.7059355376185634,,0
2019-03-19,2019-03-19,1,56459633f4eaac78a68ba442cd5dbde2186e66c150f318f985601bb04f17cd3a,v11_1e495b4686beac2f1801,False,False,False,510500,510500,510500,False,False,False,7.357714500816402,7.344003699612104,7.344003699612104,0.0,4,4,1587,1.7059355376185634,,0
2019-03-20,2019-03-20,1,56459633f4eaac78a68ba442cd5dbde2186e66c150f318f985601bb04f17cd3a,v11_1e495b4686beac2f1801,False,False,False,510500,510500,510500,False,False,False,7.344003699612104,7.345250136085222,7.345250136085222,0.0,5,5,1587,1.7059355376185634,,0
2019-03-21,2019-03-21,1,56459633f4eaac78a68ba442cd5dbde2186e66c150f318f985601bb04f17cd3a,v11_1e495b4686beac2f1801,False,False,False,510500,510500,510500,False,False,False,7.345250136085222,7.426268506837902,7.426268506837902,0.0,6,6,1587,1.7218302444742337,,0
2019-03-22,2019-03-22,1,56459633f4eaac78a68ba442cd5dbde2186e66c150f318f985601bb04f17cd3a,v11_1e495b4686beac2f1801,False,False,False,510500,510500,510500,False,False,False,7.426268506837902,7.506040441117464,7.506040441117464,0.0,7,7,1587,1.7403259033608318,,0
2019-03-25,2019-03-25,1,56459633f4eaac78a68ba442cd5dbde2186e66c150f318f985601bb04f17cd3a,v11_1e495b4686beac2f1801,False,False,False,510500,510500,510500,False,False,False,7.506040441117464,7.397600467956185,7.397600467956185,0.0,8,8,1587,1.7403259033608318,,0
2019-03-26,2019-03-26,1,56459633f4eaac78a68ba442cd5dbde2186e66c150f318f985601bb04f17cd3a,v11_1e495b4686beac2f1801,False,False,False,510500,510500,510500,False,False,False,7.397600467956185,7.175734775741155,7.175734775741155,0.0,9,9,1587,1.7403259033608318,,0
2019-03-27,2019-03-27,1,56459633f4eaac78a68ba442cd5dbde2186e66c150f318f985601bb04f17cd3a,v11_1e495b4686beac2f1801,False,False,False,510500,510500,510500,False,False,False,7.175734775741155,7.264231765332544,7.264231765332544,0.0,10,10,1587,1.7403259033608318,,0
2019-03-28,2019-03-28,1,56459633f4eaac78a68ba442cd5dbde2186e66c150f318f985601bb04f17cd3a,v11_1e495b4686beac2f1801,False,False,False,510500,510500,510500,False,False,False,7.264231765332544,7.162023974536856,7.162023974536856,0.0,11,11,1587,1.7403259033608318,,0
2019-03-29,2019-03-29,1,56459633f4eaac78a68ba442cd5dbde2186e66c150f318f985601bb04f17cd3a,v11_1e495b4686beac2f1801,False,False,False,510500,510500,510500,False,False,False,7.162023974536856,7.406325523268012,7.406325523268012,0.0,12,12,1587,1.7403259033608318,,0
2019-04-01,2019-04-01,1,56459633f4eaac78a68ba442cd5dbde2186e66c150f318f985601bb04f17cd3a,v11_1e495b4686beac2f1801,False,False,False,510500,510500,510500,False,False,False,7.406325523268012,7.6992380944507754,7.6992380944507754,0.0,13,13,1587,1.7851200772268112,,0
2019-04-02,2019-04-02,1,56459633f4eaac78a68ba442cd5dbde2186e66c150f318f985601bb04f17cd3a,v11_1e495b4686beac2f1801,False,False,False,510500,510500,510500,False,False,False,7.6992380944507754,7.693005912085185,7.693005912085185,0.0,14,14,1587,1.7851200772268112,,0
2019-04-03,2019-04-03,1,56459633f4eaac78a68ba442cd5dbde2186e66c150f318f985601bb04f17cd3a,v11_1e495b4686beac2f1801,False,False,False,510500,510500,510500,False,False,False,7.693005912085185,7.782749338149692,7.782749338149692,0.0,15,15,1587,1.8044827201237186,,0
2019-04-04,2019-04-04,1,56459633f4eaac78a68ba442cd5dbde2186e66c150f318f985601bb04f17cd3a,v11_1e495b4686beac2f1801,False,False,False,510500,510500,510500,False,False,False,7.782749338149692,7.853796217117426,7.853796217117426,0.0,16,16,1587,1.820955416319595,,0
2019-04-08,2019-04-08,1,56459633f4eaac78a68ba442cd5dbde2186e66c150f318f985601bb04f17cd3a,v11_1e495b4686beac2f1801,False,False,False,510500,510500,510500,False,False,False,7.853796217117426,7.765299227526039,7.765299227526039,0.0,17,17,1587,1.820955416319595,,0
2019-04-09,2019-04-09,1,56459633f4eaac78a68ba442cd5dbde2186e66c150f318f985601bb04f17cd3a,v11_1e495b4686beac2f1801,False,False,False,510500,510300,510300,False,False,True,7.765299227526039,7.7989530123002275,7.797393221697767,0.0015597906024600455,18,0,1587,1.7355888651165066,,0
2019-04-10,2019-04-10,1,56459633f4eaac78a68ba442cd5dbde2186e66c150f318f985601bb04f17cd3a,v11_1e495b4686beac2f1801,False,False,False,510300,510300,510300,False,False,False,7.797393221697767,7.808916462912099,7.808916462912099,0.0,1,1,1587,1.738153774769388,,0
2019-04-11,2019-04-11,1,56459633f4eaac78a68ba442cd5dbde2186e66c150f318f985601bb04f17cd3a,v11_1e495b4686beac2f1801,False,False,False,510300,510300,510300,False,False,False,7.808916462912099,7.674478648744897,7.674478648744897,0.0,2,2,1587,1.738153774769388,,0
2019-04-12,2019-04-12,1,56459633f4eaac78a68ba442cd5dbde2186e66c150f318f985601bb04f17cd3a,v11_1e495b4686beac2f1801,False,False,False,510300,510300,510300,False,False,False,7.674478648744897,7.647591085911456,7.647591085911456,0.0,3,3,1587,1.738153774769388,,0
2019-04-15,2019-04-15,1,56459633f4eaac78a68ba442cd5dbde2186e66c150f318f985601bb04f17cd3a,v11_1e495b4686beac2f1801,False,False,False,510300,510300,510300,False,False,False,7.647591085911456,7.599577580851739,7.599577580851739,0.0,4,4,1587,1.738153774769388,,0
2019-04-16,2019-04-16,1,56459633f4eaac78a68ba442cd5dbde2186e66c150f318f985601bb04f17cd3a,v11_1e495b4686beac2f1801,False,False,False,510300,510300,510300,False,False,False,7.599577580851739,7.830042405138372,7.830042405138372,0.0,5,5,1587,1.742856109133004,,0
2019-04-17,2019-04-17,1,56459633f4eaac78a68ba442cd5dbde2186e66c150f318f985601bb04f17cd3a,v11_1e495b4686beac2f1801,False,False,False,510300,510300,510300,False,False,False,7.830042405138372,7.810837003114487,7.810837003114487,0.0,6,6,1587,1.742856109133004,,0
2019-04-18,2019-04-18,1,56459633f4eaac78a68ba442cd5dbde2186e66c150f318f985601bb04f17cd3a,v11_1e495b4686beac2f1801,False,False,False,510300,510300,510300,False,False,False,7.810837003114487,7.7973932216977655,7.7973932216977655,0.0,7,7,1587,1.742856109133004,,0
2019-04-19,2019-04-19,1,56459633f4eaac78a68ba442cd5dbde2186e66c150f318f985601bb04f17cd3a,v11_1e495b4686beac2f1801,False,False,False,510300,510300,510300,False,False,False,7.7973932216977655,7.912625633841083,7.912625633841083,0.0,8,8,1587,1.7612379616453218,,0
2019-04-22,2019-04-22,1,56459633f4eaac78a68ba442cd5dbde2186e66c150f318f985601bb04f17cd3a,v11_1e495b4686beac2f1801,False,False,False,510300,510300,510300,False,False,False,7.912625633841083,7.714809992995057,7.714809992995057,0.0,9,9,1587,1.7612379616453218,,0
2019-04-23,2019-04-23,1,56459633f4eaac78a68ba442cd5dbde2186e66c150f318f985601bb04f17cd3a,v11_1e495b4686beac2f1801,False,False,False,510300,510300,510300,False,False,False,7.714809992995057,7.7013662115783355,7.7013662115783355,0.0,10,10,1587,1.7612379616453218,,0
2019-04-24,2019-04-24,1,56459633f4eaac78a68ba442cd5dbde2186e66c150f318f985601bb04f17cd3a,v11_1e495b4686beac2f1801,False,False,False,510300,510300,510300,False,False,False,7.7013662115783355,7.712889452792668,7.712889452792668,0.0,11,11,1587,1.7612379616453218,,0
2019-04-25,2019-04-25,1,56459633f4eaac78a68ba442cd5dbde2186e66c150f318f985601bb04f17cd3a,v11_1e495b4686beac2f1801,False,False,False,510300,513100,513100,False,False,True,7.712889452792668,7.553484615994413,7.551973919071214,0.0015106969231988827,12,0,1587,2.7683049147442387,,0
2019-04-26,2019-04-26,1,56459633f4eaac78a68ba442cd5dbde2186e66c150f318f985601bb04f17cd3a,v11_1e495b4686beac2f1801,False,False,False,513100,513100,513100,False,False,False,7.551973919071214,7.601225922891245,7.601225922891245,0.0,1,1,1587,2.7863590772317015,,0
2019-04-29,2019-04-29,1,56459633f4eaac78a68ba442cd5dbde2186e66c150f318f985601bb04f17cd3a,v11_1e495b4686beac2f1801,False,False,False,513100,513100,513100,False,False,False,7.601225922891245,7.699729930531305,7.699729930531305,0.0,2,2,1587,2.8224674022066267,,0
2019-04-30,2019-04-30,1,56459633f4eaac78a68ba442cd5dbde2186e66c150f318f985601bb04f17cd3a,v11_1e495b4686beac2f1801,False,False,False,513100,513100,513100,False,False,False,7.699729930531305,7.680576373490183,7.680576373490183,0.0,3,3,1587,2.8224674022066267,,0
2019-05-06,2019-05-06,1,56459633f4eaac78a68ba442cd5dbde2186e66c150f318f985601bb04f17cd3a,v11_1e495b4686beac2f1801,False,False,False,513100,513100,513100,False,False,False,7.680576373490183,7.461678578734496,7.461678578734496,0.0,4,4,1587,2.8224674022066267,,0
2019-05-07,2019-05-07,1,56459633f4eaac78a68ba442cd5dbde2186e66c150f318f985601bb04f17cd3a,v11_1e495b4686beac2f1801,False,False,False,513100,513100,513100,False,False,False,7.461678578734496,7.543765251767878,7.543765251767878,0.0,5,5,1587,2.8224674022066267,,0
2019-05-08,2019-05-08,1,56459633f4eaac78a68ba442cd5dbde2186e66c150f318f985601bb04f17cd3a,v11_1e495b4686beac2f1801,False,False,False,513100,513100,513100,False,False,False,7.543765251767878,7.398745462742235,7.398745462742235,0.0,6,6,1587,2.8224674022066267,,0
2019-05-09,2019-05-09,1,56459633f4eaac78a68ba442cd5dbde2186e66c150f318f985601bb04f17cd3a,v11_1e495b4686beac2f1801,False,False,False,513100,513100,513100,False,False,False,7.398745462742235,7.349493458922205,7.349493458922205,0.0,7,7,1587,2.8224674022066267,,0
2019-05-10,2019-05-10,1,56459633f4eaac78a68ba442cd5dbde2186e66c150f318f985601bb04f17cd3a,v11_1e495b4686beac2f1801,False,False,False,513100,513100,513100,False,False,False,7.349493458922205,7.357702126225544,7.357702126225544,0.0,8,8,1587,2.8224674022066267,,0
2019-05-13,2019-05-13,1,56459633f4eaac78a68ba442cd5dbde2186e66c150f318f985601bb04f17cd3a,v11_1e495b4686beac2f1801,False,False,False,513100,513100,513100,False,False,False,7.357702126225544,7.330339901881083,7.330339901881083,0.0,9,9,1587,2.8224674022066267,,0
2019-05-14,2019-05-14,1,56459633f4eaac78a68ba442cd5dbde2186e66c150f318f985601bb04f17cd3a,v11_1e495b4686beac2f1801,False,False,False,513100,518880,518880,False,False,True,7.330339901881083,7.179847667986548,7.178411698452951,0.0014359695335973098,10,0,1587,1.08834729626809,,0
2019-05-15,2019-05-15,1,56459633f4eaac78a68ba442cd5dbde2186e66c150f318f985601bb04f17cd3a,v11_1e495b4686beac2f1801,False,False,False,518880,518880,518880,False,False,False,7.178411698452951,7.143248030230996,7.143248030230996,0.0,1,1,1587,1.08834729626809,,0
2019-05-16,2019-05-16,1,56459633f4eaac78a68ba442cd5dbde2186e66c150f318f985601bb04f17cd3a,v11_1e495b4686beac2f1801,False,False,False,518880,518880,518880,False,False,False,7.143248030230996,7.1784116984529485,7.1784116984529485,0.0,2,2,1587,1.08834729626809,,0
2019-05-17,2019-05-17,1,56459633f4eaac78a68ba442cd5dbde2186e66c150f318f985601bb04f17cd3a,v11_1e495b4686beac2f1801,False,False,False,518880,518880,518880,False,False,False,7.1784116984529485,7.168364936103819,7.168364936103819,0.0,3,3,1587,1.08834729626809,,0
2019-05-20,2019-05-20,1,56459633f4eaac78a68ba442cd5dbde2186e66c150f318f985601bb04f17cd3a,v11_1e495b4686beac2f1801,False,False,False,518880,518880,518880,False,False,False,7.168364936103819,7.1206428149454535,7.1206428149454535,0.0,4,4,1587,1.08834729626809,,0
2019-05-21,2019-05-21,1,56459633f4eaac78a68ba442cd5dbde2186e66c150f318f985601bb04f17cd3a,v11_1e495b4686beac2f1801,False,False,False,518880,518880,518880,False,False,False,7.1206428149454535,7.118131124358171,7.118131124358171,0.0,5,5,1587,1.08834729626809,,0
2019-05-22,2019-05-22,1,56459633f4eaac78a68ba442cd5dbde2186e66c150f318f985601bb04f17cd3a,v11_1e495b4686beac2f1801,False,False,False,518880,518880,518880,False,False,False,7.118131124358171,7.118131124358171,7.118131124358171,0.0,6,6,1587,1.08834729626809,,0
2019-05-23,2019-05-23,1,56459633f4eaac78a68ba442cd5dbde2186e66c150f318f985601bb04f17cd3a,v11_1e495b4686beac2f1801,False,False,False,518880,518880,518880,False,False,False,7.118131124358171,7.135712958469147,7.135712958469147,0.0,7,7,1587,1.08834729626809,,0
2019-05-24,2019-05-24,1,56459633f4eaac78a68ba442cd5dbde2186e66c150f318f985601bb04f17cd3a,v11_1e495b4686beac2f1801,False,False,False,518880,518880,518880,False,False,False,7.135712958469147,7.173388317278382,7.173388317278382,0.0,8,8,1587,1.08834729626809,,0
2019-05-27,2019-05-27,1,56459633f4eaac78a68ba442cd5dbde2186e66c150f318f985601bb04f17cd3a,v11_1e495b4686beac2f1801,False,False,False,518880,518880,518880,False,False,False,7.173388317278382,7.178411698452947,7.178411698452947,0.0,9,9,1587,1.08834729626809,,0
2019-05-28,2019-05-28,1,56459633f4eaac78a68ba442cd5dbde2186e66c150f318f985601bb04f17cd3a,v11_1e495b4686beac2f1801,False,False,False,518880,518880,518880,False,False,False,7.178411698452947,7.168364936103817,7.168364936103817,0.0,10,10,1587,1.08834729626809,,0
2019-05-29,2019-05-29,1,56459633f4eaac78a68ba442cd5dbde2186e66c150f318f985601bb04f17cd3a,v11_1e495b4686beac2f1801,False,False,False,518880,518880,518880,False,False,False,7.168364936103817,7.185946770214794,7.185946770214794,0.0,11,11,1587,1.089489718202591,,0
2019-05-30,2019-05-30,1,56459633f4eaac78a68ba442cd5dbde2186e66c150f318f985601bb04f17cd3a,v11_1e495b4686beac2f1801,False,False,False,518880,518880,518880,False,False,False,7.185946770214794,7.15078310199284,7.15078310199284,0.0,12,12,1587,1.089489718202591,,0
2019-05-31,2019-05-31,1,56459633f4eaac78a68ba442cd5dbde2186e66c150f318f985601bb04f17cd3a,v11_1e495b4686beac2f1801,False,False,False,518880,518880,518880,False,False,False,7.15078310199284,7.228645510198593,7.228645510198593,0.0,13,13,1587,1.0959634424980975,,0
2019-06-03,2019-06-03,1,56459633f4eaac78a68ba442cd5dbde2186e66c150f318f985601bb04f17cd3a,v11_1e495b4686beac2f1801,False,False,False,518880,512400,512400,False,False,True,7.228645510198593,7.3190663713407575,7.31760255806649,0.0014638132742681516,14,0,1587,0.614864864864865,,0
2019-06-04,2019-06-04,1,56459633f4eaac78a68ba442cd5dbde2186e66c150f318f985601bb04f17cd3a,v11_1e495b4686beac2f1801,False,False,False,512400,512400,512400,False,False,False,7.31760255806649,7.214214138878736,7.214214138878736,0.0,1,1,1587,0.614864864864865,,0
2019-06-05,2019-06-05,1,56459633f4eaac78a68ba442cd5dbde2186e66c150f318f985601bb04f17cd3a,v11_1e495b4686beac2f1801,False,False,False,512400,512400,512400,False,False,False,7.214214138878736,7.283139751670572,7.283139751670572,0.0,2,2,1587,0.614864864864865,,0
2019-06-06,2019-06-06,1,56459633f4eaac78a68ba442cd5dbde2186e66c150f318f985601bb04f17cd3a,v11_1e495b4686beac2f1801,False,False,False,512400,512400,512400,False,False,False,7.283139751670572,7.237189343142682,7.237189343142682,0.0,3,3,1587,0.614864864864865,,0
2019-06-10,2019-06-10,1,56459633f4eaac78a68ba442cd5dbde2186e66c150f318f985601bb04f17cd3a,v11_1e495b4686beac2f1801,False,False,False,512400,512400,512400,False,False,False,7.237189343142682,7.306114955934517,7.306114955934517,0.0,4,4,1587,0.614864864864865,,0
2019-06-11,2019-06-11,1,56459633f4eaac78a68ba442cd5dbde2186e66c150f318f985601bb04f17cd3a,v11_1e495b4686beac2f1801,False,False,False,512400,512400,512400,False,False,False,7.306114955934517,7.501404192178049,7.501404192178049,0.0,5,5,1587,0.6303088803088805,,0
2019-06-12,2019-06-12,1,56459633f4eaac78a68ba442cd5dbde2186e66c150f318f985601bb04f17cd3a,v11_1e495b4686beac2f1801,False,False,False,512400,512400,512400,False,False,False,7.501404192178049,7.59330500923383,7.59330500923383,0.0,6,6,1587,0.6380308880308884,,0
2019-06-13,2019-06-13,1,56459633f4eaac78a68ba442cd5dbde2186e66c150f318f985601bb04f17cd3a,v11_1e495b4686beac2f1801,False,False,False,512400,512400,512400,False,False,False,7.59330500923383,7.581817407101856,7.581817407101856,0.0,7,7,1587,0.6380308880308884,,0
2019-06-14,2019-06-14,1,56459633f4eaac78a68ba442cd5dbde2186e66c150f318f985601bb04f17cd3a,v11_1e495b4686beac2f1801,False,False,False,512400,512400,512400,False,False,False,7.581817407101856,7.524379396441993,7.524379396441993,0.0,8,8,1587,0.6380308880308884,,0
2019-06-17,2019-06-17,1,56459633f4eaac78a68ba442cd5dbde2186e66c150f318f985601bb04f17cd3a,v11_1e495b4686beac2f1801,False,False,False,512400,512400,512400,False,False,False,7.524379396441993,7.6047926113658,7.6047926113658,0.0,9,9,1587,0.6389961389961393,,0
2019-06-18,2019-06-18,1,56459633f4eaac78a68ba442cd5dbde2186e66c150f318f985601bb04f17cd3a,v11_1e495b4686beac2f1801,False,False,False,512400,512400,512400,False,False,False,7.6047926113658,7.478428987914103,7.478428987914103,0.0,10,10,1587,0.6389961389961393,,0
2019-06-19,2019-06-19,1,56459633f4eaac78a68ba442cd5dbde2186e66c150f318f985601bb04f17cd3a,v11_1e495b4686beac2f1801,False,False,False,512400,512400,512400,False,False,False,7.478428987914103,7.489916590046075,7.489916590046075,0.0,11,11,1587,0.6389961389961393,,0
2019-06-20,2019-06-20,1,56459633f4eaac78a68ba442cd5dbde2186e66c150f318f985601bb04f17cd3a,v11_1e495b4686beac2f1801,False,False,False,512400,512400,512400,False,False,False,7.489916590046075,7.627767815629746,7.627767815629746,0.0,12,12,1587,0.6409266409266413,,0
2019-06-21,2019-06-21,1,56459633f4eaac78a68ba442cd5dbde2186e66c150f318f985601bb04f17cd3a,v11_1e495b4686beac2f1801,False,False,False,512400,512400,512400,False,False,False,7.627767815629746,7.754131439081444,7.754131439081444,0.0,13,13,1587,0.651544401544402,,0
2019-06-24,2019-06-24,1,56459633f4eaac78a68ba442cd5dbde2186e66c150f318f985601bb04f17cd3a,v11_1e495b4686beac2f1801,False,False,False,512400,512400,512400,False,False,False,7.754131439081444,7.800081847609334,7.800081847609334,0.0,14,14,1587,0.6554054054054058,,0
2019-06-25,2019-06-25,1,56459633f4eaac78a68ba442cd5dbde2186e66c150f318f985601bb04f17cd3a,v11_1e495b4686beac2f1801,False,False,False,512400,512400,512400,False,False,False,7.800081847609334,7.834544654005252,7.834544654005252,0.0,15,15,1587,0.6583011583011587,,0
2019-06-26,2019-06-26,1,56459633f4eaac78a68ba442cd5dbde2186e66c150f318f985601bb04f17cd3a,v11_1e495b4686beac2f1801,False,False,False,512400,512400,512400,False,False,False,7.834544654005252,7.63925541776172,7.63925541776172,0.0,16,16,1587,0.6583011583011587,,0
2019-06-27,2019-06-27,1,56459633f4eaac78a68ba442cd5dbde2186e66c150f318f985601bb04f17cd3a,v11_1e495b4686beac2f1801,False,False,False,512400,512400,512400,False,False,False,7.63925541776172,7.673718224157638,7.673718224157638,0.0,17,17,1587,0.6583011583011587,,0
2019-06-28,2019-06-28,1,56459633f4eaac78a68ba442cd5dbde2186e66c150f318f985601bb04f17cd3a,v11_1e495b4686beac2f1801,False,False,False,512400,510300,510300,False,False,True,7.673718224157638,7.616280213497776,7.614756957455076,0.0015232560426995552,18,0,1587,1.6496643917449745,,0
2019-07-01,2019-07-01,1,56459633f4eaac78a68ba442cd5dbde2186e66c150f318f985601bb04f17cd3a,v11_1e495b4686beac2f1801,False,False,False,510300,510300,510300,False,False,False,7.614756957455076,7.802215343295509,7.802215343295509,0.0,1,1,1587,1.6902754612489321,,0
2019-07-02,2019-07-02,1,56459633f4eaac78a68ba442cd5dbde2186e66c150f318f985601bb04f17cd3a,v11_1e495b4686beac2f1801,False,False,False,510300,510300,510300,False,False,False,7.802215343295509,7.814054820295957,7.814054820295957,0.0,2,2,1587,1.6928403709018136,,0
2019-07-03,2019-07-03,1,56459633f4eaac78a68ba442cd5dbde2186e66c150f318f985601bb04f17cd3a,v11_1e495b4686beac2f1801,False,False,False,510300,510300,510300,False,False,False,7.814054820295957,7.748937696793491,7.748937696793491,0.0,3,3,1587,1.6928403709018136,,0
2019-07-04,2019-07-04,1,56459633f4eaac78a68ba442cd5dbde2186e66c150f318f985601bb04f17cd3a,v11_1e495b4686beac2f1801,False,False,False,510300,510300,510300,False,False,False,7.748937696793491,7.697633296458214,7.697633296458214,0.0,4,4,1587,1.6928403709018136,,0
2019-07-05,2019-07-05,1,56459633f4eaac78a68ba442cd5dbde2186e66c150f318f985601bb04f17cd3a,v11_1e495b4686beac2f1801,False,False,False,510300,510300,510300,False,False,False,7.697633296458214,7.737098219793043,7.737098219793043,0.0,5,5,1587,1.6928403709018136,,0
2019-07-08,2019-07-08,1,56459633f4eaac78a68ba442cd5dbde2186e66c150f318f985601bb04f17cd3a,v11_1e495b4686beac2f1801,False,False,False,510300,510300,510300,False,False,False,7.737098219793043,7.5595060647863175,7.5595060647863175,0.0,6,6,1587,1.6928403709018136,,0
2019-07-09,2019-07-09,1,56459633f4eaac78a68ba442cd5dbde2186e66c150f318f985601bb04f17cd3a,v11_1e495b4686beac2f1801,False,False,False,510300,510300,510300,False,False,False,7.5595060647863175,7.541746849285645,7.541746849285645,0.0,7,7,1587,1.6928403709018136,,0
2019-07-10,2019-07-10,1,56459633f4eaac78a68ba442cd5dbde2186e66c150f318f985601bb04f17cd3a,v11_1e495b4686beac2f1801,False,False,False,510300,510300,510300,False,False,False,7.541746849285645,7.543720095452386,7.543720095452386,0.0,8,8,1587,1.6928403709018136,,0
2019-07-11,2019-07-11,1,56459633f4eaac78a68ba442cd5dbde2186e66c150f318f985601bb04f17cd3a,v11_1e495b4686beac2f1801,False,False,False,510300,513100,513100,False,False,True,7.543720095452386,7.545693341619127,7.544184202950803,0.0015091386683238255,9,0,1587,2.8304914744232774,,0
2019-07-12,2019-07-12,1,56459633f4eaac78a68ba442cd5dbde2186e66c150f318f985601bb04f17cd3a,v11_1e495b4686beac2f1801,False,False,False,513100,513100,513100,False,False,False,7.544184202950803,7.53081746977761,7.53081746977761,0.0,1,1,1587,2.8304914744232774,,0
2019-07-15,2019-07-15,1,56459633f4eaac78a68ba442cd5dbde2186e66c150f318f985601bb04f17cd3a,v11_1e495b4686beac2f1801,False,False,False,513100,513100,513100,False,False,False,7.53081746977761,7.592304442374302,7.592304442374302,0.0,2,2,1587,2.8485456369107394,,0
2019-07-16,2019-07-16,1,56459633f4eaac78a68ba442cd5dbde2186e66c150f318f985601bb04f17cd3a,v11_1e495b4686beac2f1801,False,False,False,513100,513100,513100,False,False,False,7.592304442374302,7.616364562086052,7.616364562086052,0.0,3,3,1587,2.857572718154471,,0
2019-07-17,2019-07-17,1,56459633f4eaac78a68ba442cd5dbde2186e66c150f318f985601bb04f17cd3a,v11_1e495b4686beac2f1801,False,False,False,513100,513100,513100,False,False,False,7.616364562086052,7.576264362566469,7.576264362566469,0.0,4,4,1587,2.857572718154471,,0
2019-07-18,2019-07-18,1,56459633f4eaac78a68ba442cd5dbde2186e66c150f318f985601bb04f17cd3a,v11_1e495b4686beac2f1801,False,False,False,513100,513100,513100,False,False,False,7.576264362566469,7.490717270258026,7.490717270258026,0.0,5,5,1587,2.857572718154471,,0
2019-07-19,2019-07-19,1,56459633f4eaac78a68ba442cd5dbde2186e66c150f318f985601bb04f17cd3a,v11_1e495b4686beac2f1801,False,False,False,513100,513100,513100,False,False,False,7.490717270258026,7.5789377092011065,7.5789377092011065,0.0,6,6,1587,2.857572718154471,,0
2019-07-22,2019-07-22,1,56459633f4eaac78a68ba442cd5dbde2186e66c150f318f985601bb04f17cd3a,v11_1e495b4686beac2f1801,False,False,False,513100,513100,513100,False,False,False,7.5789377092011065,7.496063963527304,7.496063963527304,0.0,7,7,1587,2.857572718154471,,0
2019-07-23,2019-07-23,1,56459633f4eaac78a68ba442cd5dbde2186e66c150f318f985601bb04f17cd3a,v11_1e495b4686beac2f1801,False,False,False,513100,513100,513100,False,False,False,7.496063963527304,7.578937709201107,7.578937709201107,0.0,8,8,1587,2.857572718154471,,0
2019-07-24,2019-07-24,1,56459633f4eaac78a68ba442cd5dbde2186e66c150f318f985601bb04f17cd3a,v11_1e495b4686beac2f1801,False,False,False,513100,513100,513100,False,False,False,7.578937709201107,7.611017868816773,7.611017868816773,0.0,9,9,1587,2.857572718154471,,0
2019-07-25,2019-07-25,1,56459633f4eaac78a68ba442cd5dbde2186e66c150f318f985601bb04f17cd3a,v11_1e495b4686beac2f1801,False,False,False,513100,513100,513100,False,False,False,7.611017868816773,7.672504841413467,7.672504841413467,0.0,10,10,1587,2.8786359077231767,,0
2019-07-26,2019-07-26,1,56459633f4eaac78a68ba442cd5dbde2186e66c150f318f985601bb04f17cd3a,v11_1e495b4686beac2f1801,False,False,False,513100,513100,513100,False,False,False,7.672504841413467,7.629731295259245,7.629731295259245,0.0,11,11,1587,2.8786359077231767,,0
2019-07-29,2019-07-29,1,56459633f4eaac78a68ba442cd5dbde2186e66c150f318f985601bb04f17cd3a,v11_1e495b4686beac2f1801,False,False,False,513100,513100,513100,False,False,False,7.629731295259245,7.661811454874912,7.661811454874912,0.0,12,12,1587,2.8786359077231767,,0
2019-07-30,2019-07-30,1,56459633f4eaac78a68ba442cd5dbde2186e66c150f318f985601bb04f17cd3a,v11_1e495b4686beac2f1801,False,False,False,513100,513100,513100,False,False,False,7.661811454874912,7.6484447217017175,7.6484447217017175,0.0,13,13,1587,2.8786359077231767,,0
2019-07-31,2019-07-31,1,56459633f4eaac78a68ba442cd5dbde2186e66c150f318f985601bb04f17cd3a,v11_1e495b4686beac2f1801,False,False,False,513100,513100,513100,False,False,False,7.6484447217017175,7.629731295259244,7.629731295259244,0.0,14,14,1587,2.8786359077231767,,0
2019-08-01,2019-08-01,1,56459633f4eaac78a68ba442cd5dbde2186e66c150f318f985601bb04f17cd3a,v11_1e495b4686beac2f1801,False,False,False,513100,159915,159915,False,False,True,7.629731295259244,7.520124083239052,7.518620058422404,0.0015040248166478104,15,0,1587,1.902132998745282,,0
2019-08-02,2019-08-02,1,56459633f4eaac78a68ba442cd5dbde2186e66c150f318f985601bb04f17cd3a,v11_1e495b4686beac2f1801,False,False,False,159915,159915,159915,False,False,False,7.518620058422404,7.444227379744082,7.444227379744082,0.0,1,1,1587,1.902132998745282,,0
2019-08-05,2019-08-05,1,56459633f4eaac78a68ba442cd5dbde2186e66c150f318f985601bb04f17cd3a,v11_1e495b4686beac2f1801,False,False,False,159915,159915,159915,False,False,False,7.444227379744082,7.305361046211216,7.305361046211216,0.0,2,2,1587,1.902132998745282,,0
2019-08-06,2019-08-06,1,56459633f4eaac78a68ba442cd5dbde2186e66c150f318f985601bb04f17cd3a,v11_1e495b4686beac2f1801,False,False,False,159915,518880,518880,False,False,True,7.305361046211216,7.196251784149677,7.194812533792847,0.0014392503568299354,3,0,1587,1.2551408987052577,,0
2019-08-07,2019-08-07,1,56459633f4eaac78a68ba442cd5dbde2186e66c150f318f985601bb04f17cd3a,v11_1e495b4686beac2f1801,False,False,False,518880,518880,518880,False,False,False,7.194812533792847,7.341066307993127,7.341066307993127,0.0,1,1,1587,1.2806549885757834,,0
2019-08-08,2019-08-08,1,56459633f4eaac78a68ba442cd5dbde2186e66c150f318f985601bb04f17cd3a,v11_1e495b4686beac2f1801,False,False,False,518880,518880,518880,False,False,False,7.341066307993127,7.391272827494715,7.391272827494715,0.0,2,2,1587,1.2894135567402922,,0
2019-08-09,2019-08-09,1,56459633f4eaac78a68ba442cd5dbde2186e66c150f318f985601bb04f17cd3a,v11_1e495b4686beac2f1801,False,False,False,518880,518880,518880,False,False,False,7.391272827494715,7.428381994082845,7.428381994082845,0.0,3,3,1587,1.2958872810357986,,0
2019-08-12,2019-08-12,1,56459633f4eaac78a68ba442cd5dbde2186e66c150f318f985601bb04f17cd3a,v11_1e495b4686beac2f1801,False,False,False,518880,518880,518880,False,False,False,7.428381994082845,7.382541258885743,7.382541258885743,0.0,4,4,1587,1.2958872810357986,,0
2019-08-13,2019-08-13,1,56459633f4eaac78a68ba442cd5dbde2186e66c150f318f985601bb04f17cd3a,v11_1e495b4686beac2f1801,False,False,False,518880,518880,518880,False,False,False,7.382541258885743,7.563721307521909,7.563721307521909,0.0,5,5,1587,1.3194973343488223,,0
2019-08-14,2019-08-14,1,56459633f4eaac78a68ba442cd5dbde2186e66c150f318f985601bb04f17cd3a,v11_1e495b4686beac2f1801,False,False,False,518880,518880,518880,False,False,False,7.563721307521909,7.369443905972285,7.369443905972285,0.0,6,6,1587,1.3194973343488223,,0
2019-08-15,2019-08-15,1,56459633f4eaac78a68ba442cd5dbde2186e66c150f318f985601bb04f17cd3a,v11_1e495b4686beac2f1801,False,False,False,518880,518880,518880,False,False,False,7.369443905972285,7.452393807757519,7.452393807757519,0.0,7,7,1587,1.3194973343488223,,0
2019-08-16,2019-08-16,1,56459633f4eaac78a68ba442cd5dbde2186e66c150f318f985601bb04f17cd3a,v11_1e495b4686beac2f1801,False,False,False,518880,518880,518880,False,False,False,7.452393807757519,7.463308268518734,7.463308268518734,0.0,8,8,1587,1.3194973343488223,,0
2019-08-19,2019-08-19,1,56459633f4eaac78a68ba442cd5dbde2186e66c150f318f985601bb04f17cd3a,v11_1e495b4686beac2f1801,False,False,False,518880,518880,518880,False,False,False,7.463308268518734,7.426199101930604,7.426199101930604,0.0,9,9,1587,1.3194973343488223,,0
2019-08-20,2019-08-20,1,56459633f4eaac78a68ba442cd5dbde2186e66c150f318f985601bb04f17cd3a,v11_1e495b4686beac2f1801,False,False,False,518880,518880,518880,False,False,False,7.426199101930604,7.395638611799201,7.395638611799201,0.0,10,10,1587,1.3194973343488223,,0
2019-08-21,2019-08-21,1,56459633f4eaac78a68ba442cd5dbde2186e66c150f318f985601bb04f17cd3a,v11_1e495b4686beac2f1801,False,False,False,518880,518880,518880,False,False,False,7.395638611799201,7.40218728825593,7.40218728825593,0.0,11,11,1587,1.3194973343488223,,0
2019-08-22,2019-08-22,1,56459633f4eaac78a68ba442cd5dbde2186e66c150f318f985601bb04f17cd3a,v11_1e495b4686beac2f1801,False,False,False,518880,518880,518880,False,False,False,7.40218728825593,7.424016209778358,7.424016209778358,0.0,12,12,1587,1.3194973343488223,,0
2019-08-23,2019-08-23,1,56459633f4eaac78a68ba442cd5dbde2186e66c150f318f985601bb04f17cd3a,v11_1e495b4686beac2f1801,False,False,False,518880,518880,518880,False,False,False,7.424016209778358,7.41746753332163,7.41746753332163,0.0,13,13,1587,1.3194973343488223,,0
2019-08-26,2019-08-26,1,56459633f4eaac78a68ba442cd5dbde2186e66c150f318f985601bb04f17cd3a,v11_1e495b4686beac2f1801,False,False,False,518880,518880,518880,False,False,False,7.41746753332163,7.683780375895272,7.683780375895272,0.0,14,14,1587,1.3404417364813432,,0
2019-08-27,2019-08-27,1,56459633f4eaac78a68ba442cd5dbde2186e66c150f318f985601bb04f17cd3a,v11_1e495b4686beac2f1801,False,False,False,518880,518880,518880,False,False,False,7.683780375895272,7.688146160199757,7.688146160199757,0.0,15,15,1587,1.341203351104344,,0
2019-08-28,2019-08-28,1,56459633f4eaac78a68ba442cd5dbde2186e66c150f318f985601bb04f17cd3a,v11_1e495b4686beac2f1801,False,False,False,518880,518880,518880,False,False,False,7.688146160199757,7.692511944504244,7.692511944504244,0.0,16,16,1587,1.341964965727345,,0
2019-08-29,2019-08-29,1,56459633f4eaac78a68ba442cd5dbde2186e66c150f318f985601bb04f17cd3a,v11_1e495b4686beac2f1801,False,False,False,518880,518880,518880,False,False,False,7.692511944504244,7.782010522746206,7.782010522746206,0.0,17,17,1587,1.3575780654988605,,0
2019-08-30,2019-08-30,1,56459633f4eaac78a68ba442cd5dbde2186e66c150f318f985601bb04f17cd3a,v11_1e495b4686beac2f1801,False,False,False,518880,518880,518880,False,False,False,7.782010522746206,7.657585670068357,7.657585670068357,0.0,18,18,1587,1.3575780654988605,,0
2019-09-02,2019-09-02,1,56459633f4eaac78a68ba442cd5dbde2186e66c150f318f985601bb04f17cd3a,v11_1e495b4686beac2f1801,False,False,False,518880,518880,518880,False,False,False,7.657585670068357,7.631390964241442,7.631390964241442,0.0,19,19,1587,1.3575780654988605,,0
2019-09-03,2019-09-03,1,56459633f4eaac78a68ba442cd5dbde2186e66c150f318f985601bb04f17cd3a,v11_1e495b4686beac2f1801,False,False,False,518880,510500,510500,False,False,True,7.631390964241442,7.6641343465250875,7.662601519655783,0.0015328268693050177,20,0,1587,1.5715530160206244,,0
2019-09-04,2019-09-04,1,56459633f4eaac78a68ba442cd5dbde2186e66c150f318f985601bb04f17cd3a,v11_1e495b4686beac2f1801,False,False,False,510500,510500,510500,False,False,False,7.662601519655783,7.776737364284713,7.776737364284713,0.0,1,1,1587,1.594961584298975,,0
2019-09-05,2019-09-05,1,56459633f4eaac78a68ba442cd5dbde2186e66c150f318f985601bb04f17cd3a,v11_1e495b4686beac2f1801,False,False,False,510500,510500,510500,False,False,False,7.776737364284713,7.826055321840424,7.826055321840424,0.0,2,2,1587,1.6050763977525833,,0
2019-09-06,2019-09-06,1,56459633f4eaac78a68ba442cd5dbde2186e66c150f318f985601bb04f17cd3a,v11_1e495b4686beac2f1801,False,False,False,510500,510500,510500,False,False,False,7.826055321840424,7.848600673865891,7.848600673865891,0.0,3,3,1587,1.6097003124742326,,0
2019-09-09,2019-09-09,1,56459633f4eaac78a68ba442cd5dbde2186e66c150f318f985601bb04f17cd3a,v11_1e495b4686beac2f1801,False,False,False,510500,510500,510500,False,False,False,7.848600673865891,7.997963631034613,7.997963631034613,0.0,4,4,1587,1.6403337475051605,,0
2019-09-10,2019-09-10,1,56459633f4eaac78a68ba442cd5dbde2186e66c150f318f985601bb04f17cd3a,v11_1e495b4686beac2f1801,False,False,False,510500,510500,510500,False,False,False,7.997963631034613,7.990918208526655,7.990918208526655,0.0,5,5,1587,1.6403337475051605,,0
2019-09-11,2019-09-11,1,56459633f4eaac78a68ba442cd5dbde2186e66c150f318f985601bb04f17cd3a,v11_1e495b4686beac2f1801,False,False,False,510500,510500,510500,False,False,False,7.990918208526655,7.958509264990045,7.958509264990045,0.0,6,6,1587,1.6403337475051605,,0
2019-09-12,2019-09-12,1,56459633f4eaac78a68ba442cd5dbde2186e66c150f318f985601bb04f17cd3a,v11_1e495b4686beac2f1801,False,False,False,510500,510500,510500,False,False,False,7.958509264990045,7.979645532513922,7.979645532513922,0.0,7,7,1587,1.6403337475051605,,0
2019-09-16,2019-09-16,1,56459633f4eaac78a68ba442cd5dbde2186e66c150f318f985601bb04f17cd3a,v11_1e495b4686beac2f1801,False,False,False,510500,510500,510500,False,False,False,7.979645532513922,7.982463701517106,7.982463701517106,0.0,8,8,1587,1.6403337475051605,,0
2019-09-17,2019-09-17,1,56459633f4eaac78a68ba442cd5dbde2186e66c150f318f985601bb04f17cd3a,v11_1e495b4686beac2f1801,False,False,False,510500,510500,510500,False,False,False,7.982463701517106,7.816191730329282,7.816191730329282,0.0,9,9,1587,1.6403337475051605,,0
2019-09-18,2019-09-18,1,56459633f4eaac78a68ba442cd5dbde2186e66c150f318f985601bb04f17cd3a,v11_1e495b4686beac2f1801,False,False,False,510500,510500,510500,False,False,False,7.816191730329282,7.821828068335651,7.821828068335651,0.0,10,10,1587,1.6403337475051605,,0
2019-09-19,2019-09-19,1,56459633f4eaac78a68ba442cd5dbde2186e66c150f318f985601bb04f17cd3a,v11_1e495b4686beac2f1801,False,False,False,510500,510500,510500,False,False,False,7.821828068335651,7.892282293415236,7.892282293415236,0.0,11,11,1587,1.6403337475051605,,0
2019-09-20,2019-09-20,1,56459633f4eaac78a68ba442cd5dbde2186e66c150f318f985601bb04f17cd3a,v11_1e495b4686beac2f1801,False,False,False,510500,510500,510500,False,False,False,7.892282293415236,7.904964053929562,7.904964053929562,0.0,12,12,1587,1.6403337475051605,,0
2019-09-23,2019-09-23,1,56459633f4eaac78a68ba442cd5dbde2186e66c150f318f985601bb04f17cd3a,v11_1e495b4686beac2f1801,False,False,False,510500,510500,510500,False,False,False,7.904964053929562,7.872555110392951,7.872555110392951,0.0,13,13,1587,1.6403337475051605,,0
2019-09-24,2019-09-24,1,56459633f4eaac78a68ba442cd5dbde2186e66c150f318f985601bb04f17cd3a,v11_1e495b4686beac2f1801,False,False,False,510500,510500,510500,False,False,False,7.872555110392951,7.875373279396136,7.875373279396136,0.0,14,14,1587,1.6403337475051605,,0
2019-09-25,2019-09-25,1,56459633f4eaac78a68ba442cd5dbde2186e66c150f318f985601bb04f17cd3a,v11_1e495b4686beac2f1801,False,False,False,510500,510500,510500,False,False,False,7.875373279396136,7.751373843256065,7.751373843256065,0.0,15,15,1587,1.6403337475051605,,0
2019-09-26,2019-09-26,1,56459633f4eaac78a68ba442cd5dbde2186e66c150f318f985601bb04f17cd3a,v11_1e495b4686beac2f1801,False,False,False,510500,510500,510500,False,False,False,7.751373843256065,7.5752382805571,7.5752382805571,0.0,16,16,1587,1.6403337475051605,,0
2019-09-27,2019-09-27,1,56459633f4eaac78a68ba442cd5dbde2186e66c150f318f985601bb04f17cd3a,v11_1e495b4686beac2f1801,False,False,False,510500,510500,510500,False,False,False,7.5752382805571,7.6104653930968915,7.6104653930968915,0.0,17,17,1587,1.6403337475051605,,0
2019-09-30,2019-09-30,1,56459633f4eaac78a68ba442cd5dbde2186e66c150f318f985601bb04f17cd3a,v11_1e495b4686beac2f1801,False,False,False,510500,510500,510500,False,False,False,7.6104653930968915,7.503374970975921,7.503374970975921,0.0,18,18,1587,1.6403337475051605,,0
2019-10-08,2019-10-08,1,56459633f4eaac78a68ba442cd5dbde2186e66c150f318f985601bb04f17cd3a,v11_1e495b4686beac2f1801,False,False,False,510500,513100,513100,False,False,True,7.503374970975921,7.520283984995021,7.518779928198022,0.0015040567969990043,19,0,1587,2.8555667001003067,,0
2019-10-09,2019-10-09,1,56459633f4eaac78a68ba442cd5dbde2186e66c150f318f985601bb04f17cd3a,v11_1e495b4686beac2f1801,False,False,False,513100,518880,518880,False,False,True,7.518779928198022,7.410501046197277,7.409018945988038,0.0014821002092394555,1,0,1587,1.309977151561313,,0
2019-10-10,2019-10-10,1,56459633f4eaac78a68ba442cd5dbde2186e66c150f318f985601bb04f17cd3a,v11_1e495b4686beac2f1801,False,False,False,518880,518880,518880,False,False,False,7.409018945988038,7.3702508235962405,7.3702508235962405,0.0,1,1,1587,1.309977151561313,,0
2019-10-11,2019-10-11,1,56459633f4eaac78a68ba442cd5dbde2186e66c150f318f985601bb04f17cd3a,v11_1e495b4686beac2f1801,False,False,False,518880,518880,518880,False,False,False,7.3702508235962405,7.3336364857817635,7.3336364857817635,0.0,2,2,1587,1.309977151561313,,0
2019-10-14,2019-10-14,1,56459633f4eaac78a68ba442cd5dbde2186e66c150f318f985601bb04f17cd3a,v11_1e495b4686beac2f1801,False,False,False,518880,513100,513100,False,False,True,7.3336364857817635,7.22810104149298,7.226655421284682,0.0014456202082985961,3,0,1587,2.8766298896690135,,0
2019-10-15,2019-10-15,1,56459633f4eaac78a68ba442cd5dbde2186e66c150f318f985601bb04f17cd3a,v11_1e495b4686beac2f1801,False,False,False,513100,513100,513100,False,False,False,7.226655421284682,7.254372718925593,7.254372718925593,0.0,1,1,1587,2.8876629889669077,,0
2019-10-16,2019-10-16,1,56459633f4eaac78a68ba442cd5dbde2186e66c150f318f985601bb04f17cd3a,v11_1e495b4686beac2f1801,False,False,False,513100,513100,513100,False,False,False,7.254372718925593,7.3173665772003895,7.3173665772003895,0.0,2,2,1587,2.9127382146439387,,0
2019-10-17,2019-10-17,1,56459633f4eaac78a68ba442cd5dbde2186e66c150f318f985601bb04f17cd3a,v11_1e495b4686beac2f1801,False,False,False,513100,513100,513100,False,False,False,7.3173665772003895,7.314846822869398,7.314846822869398,0.0,3,3,1587,2.9127382146439387,,0
2019-10-18,2019-10-18,1,56459633f4eaac78a68ba442cd5dbde2186e66c150f318f985601bb04f17cd3a,v11_1e495b4686beac2f1801,False,False,False,513100,513100,513100,False,False,False,7.314846822869398,7.30476780554543,7.30476780554543,0.0,4,4,1587,2.9127382146439387,,0
2019-10-21,2019-10-21,1,56459633f4eaac78a68ba442cd5dbde2186e66c150f318f985601bb04f17cd3a,v11_1e495b4686beac2f1801,False,False,False,513100,513100,513100,False,False,False,7.30476780554543,7.261931981918569,7.261931981918569,0.0,5,5,1587,2.9127382146439387,,0
2019-10-22,2019-10-22,1,56459633f4eaac78a68ba442cd5dbde2186e66c150f318f985601bb04f17cd3a,v11_1e495b4686beac2f1801,False,False,False,513100,513100,513100,False,False,False,7.261931981918569,7.324925840193366,7.324925840193366,0.0,6,6,1587,2.9157472417251826,,0
2019-10-23,2019-10-23,1,56459633f4eaac78a68ba442cd5dbde2186e66c150f318f985601bb04f17cd3a,v11_1e495b4686beac2f1801,False,False,False,513100,513100,513100,False,False,False,7.324925840193366,7.23673443860865,7.23673443860865,0.0,7,7,1587,2.9157472417251826,,0
2019-10-24,2019-10-24,1,56459633f4eaac78a68ba442cd5dbde2186e66c150f318f985601bb04f17cd3a,v11_1e495b4686beac2f1801,False,False,False,513100,513100,513100,False,False,False,7.23673443860865,7.277050507904519,7.277050507904519,0.0,8,8,1587,2.9157472417251826,,0
2019-10-25,2019-10-25,1,56459633f4eaac78a68ba442cd5dbde2186e66c150f318f985601bb04f17cd3a,v11_1e495b4686beac2f1801,False,False,False,513100,513100,513100,False,False,False,7.277050507904519,7.297208542552454,7.297208542552454,0.0,9,9,1587,2.9157472417251826,,0
2019-10-28,2019-10-28,1,56459633f4eaac78a68ba442cd5dbde2186e66c150f318f985601bb04f17cd3a,v11_1e495b4686beac2f1801,False,False,False,513100,513100,513100,False,False,False,7.297208542552454,7.387919698468162,7.387919698468162,0.0,10,10,1587,2.9408224674022136,,0
2019-10-29,2019-10-29,1,56459633f4eaac78a68ba442cd5dbde2186e66c150f318f985601bb04f17cd3a,v11_1e495b4686beac2f1801,False,False,False,513100,513100,513100,False,False,False,7.387919698468162,7.44083453941899,7.44083453941899,0.0,11,11,1587,2.9618856569709195,,0
2019-10-30,2019-10-30,1,56459633f4eaac78a68ba442cd5dbde2186e66c150f318f985601bb04f17cd3a,v11_1e495b4686beac2f1801,False,False,False,513100,513100,513100,False,False,False,7.44083453941899,7.392959207130146,7.392959207130146,0.0,12,12,1587,2.9618856569709195,,0
2019-10-31,2019-10-31,1,56459633f4eaac78a68ba442cd5dbde2186e66c150f318f985601bb04f17cd3a,v11_1e495b4686beac2f1801,False,False,False,513100,513100,513100,False,False,False,7.392959207130146,7.4332752764260155,7.4332752764260155,0.0,13,13,1587,2.9618856569709195,,0
2019-11-01,2019-11-01,1,56459633f4eaac78a68ba442cd5dbde2186e66c150f318f985601bb04f17cd3a,v11_1e495b4686beac2f1801,False,False,False,513100,513100,513100,False,False,False,7.4332752764260155,7.4483938024119665,7.4483938024119665,0.0,14,14,1587,2.9648946840521635,,0
2019-11-04,2019-11-04,1,56459633f4eaac78a68ba442cd5dbde2186e66c150f318f985601bb04f17cd3a,v11_1e495b4686beac2f1801,False,False,False,513100,513100,513100,False,False,False,7.4483938024119665,7.501308643362795,7.501308643362795,0.0,15,15,1587,2.9859578736208694,,0
2019-11-05,2019-11-05,1,56459633f4eaac78a68ba442cd5dbde2186e66c150f318f985601bb04f17cd3a,v11_1e495b4686beac2f1801,False,False,False,513100,513100,513100,False,False,False,7.501308643362795,7.539104958327673,7.539104958327673,0.0,16,16,1587,3.0010030090270883,,0
2019-11-06,2019-11-06,1,56459633f4eaac78a68ba442cd5dbde2186e66c150f318f985601bb04f17cd3a,v11_1e495b4686beac2f1801,False,False,False,513100,513100,513100,False,False,False,7.539104958327673,7.493749380369819,7.493749380369819,0.0,17,17,1587,3.0010030090270883,,0
2019-11-07,2019-11-07,1,56459633f4eaac78a68ba442cd5dbde2186e66c150f318f985601bb04f17cd3a,v11_1e495b4686beac2f1801,False,False,False,513100,513100,513100,False,False,False,7.493749380369819,7.483670363045851,7.483670363045851,0.0,18,18,1587,3.0010030090270883,,0
2019-11-08,2019-11-08,1,56459633f4eaac78a68ba442cd5dbde2186e66c150f318f985601bb04f17cd3a,v11_1e495b4686beac2f1801,False,False,False,513100,513100,513100,False,False,False,7.483670363045851,7.460992574066924,7.460992574066924,0.0,19,19,1587,3.0010030090270883,,0
2019-11-11,2019-11-11,1,56459633f4eaac78a68ba442cd5dbde2186e66c150f318f985601bb04f17cd3a,v11_1e495b4686beac2f1801,False,False,False,513100,513100,513100,False,False,False,7.460992574066924,7.503828397693787,7.503828397693787,0.0,20,20,1587,3.0010030090270883,,0
2019-11-12,2019-11-12,1,56459633f4eaac78a68ba442cd5dbde2186e66c150f318f985601bb04f17cd3a,v11_1e495b4686beac2f1801,False,False,False,513100,513100,513100,False,False,False,7.503828397693787,7.541624712658663,7.541624712658663,0.0,21,21,1587,3.002006018054169,,0
2019-11-13,2019-11-13,1,56459633f4eaac78a68ba442cd5dbde2186e66c150f318f985601bb04f17cd3a,v11_1e495b4686beac2f1801,False,False,False,513100,513100,513100,False,False,False,7.541624712658663,7.544144466989657,7.544144466989657,0.0,22,22,1587,3.003009027081251,,0
2019-11-14,2019-11-14,1,56459633f4eaac78a68ba442cd5dbde2186e66c150f318f985601bb04f17cd3a,v11_1e495b4686beac2f1801,False,False,False,513100,513100,513100,False,False,False,7.544144466989657,7.5617827473066,7.5617827473066,0.0,23,23,1587,3.0100300902708197,,0
2019-11-15,2019-11-15,1,56459633f4eaac78a68ba442cd5dbde2186e66c150f318f985601bb04f17cd3a,v11_1e495b4686beac2f1801,False,False,False,513100,513100,513100,False,False,False,7.5617827473066,7.594539553609494,7.594539553609494,0.0,24,24,1587,3.0230692076228762,,0
2019-11-18,2019-11-18,1,56459633f4eaac78a68ba442cd5dbde2186e66c150f318f985601bb04f17cd3a,v11_1e495b4686beac2f1801,False,False,False,513100,513100,513100,False,False,False,7.594539553609494,7.629816114243382,7.629816114243382,0.0,25,25,1587,3.037111334002014,,0
2019-11-19,2019-11-19,1,56459633f4eaac78a68ba442cd5dbde2186e66c150f318f985601bb04f17cd3a,v11_1e495b4686beac2f1801,False,False,False,513100,513100,513100,False,False,False,7.629816114243382,7.670132183539251,7.670132183539251,0.0,26,26,1587,3.053159478435314,,0
2019-11-20,2019-11-20,1,56459633f4eaac78a68ba442cd5dbde2186e66c150f318f985601bb04f17cd3a,v11_1e495b4686beac2f1801,False,False,False,513100,513100,513100,False,False,False,7.670132183539251,7.634855622905365,7.634855622905365,0.0,27,27,1587,3.053159478435314,,0
2019-11-21,2019-11-21,1,56459633f4eaac78a68ba442cd5dbde2186e66c150f318f985601bb04f17cd3a,v11_1e495b4686beac2f1801,False,False,False,513100,513100,513100,False,False,False,7.634855622905365,7.602098816602471,7.602098816602471,0.0,28,28,1587,3.053159478435314,,0
2019-11-22,2019-11-22,1,56459633f4eaac78a68ba442cd5dbde2186e66c150f318f985601bb04f17cd3a,v11_1e495b4686beac2f1801,False,False,False,513100,513100,513100,False,False,False,7.602098816602471,7.617217342588423,7.617217342588423,0.0,29,29,1587,3.053159478435314,,0
2019-11-25,2019-11-25,1,56459633f4eaac78a68ba442cd5dbde2186e66c150f318f985601bb04f17cd3a,v11_1e495b4686beac2f1801,False,False,False,513100,513100,513100,False,False,False,7.617217342588423,7.665092674877267,7.665092674877267,0.0,30,30,1587,3.053159478435314,,0
2019-11-26,2019-11-26,1,56459633f4eaac78a68ba442cd5dbde2186e66c150f318f985601bb04f17cd3a,v11_1e495b4686beac2f1801,False,False,False,513100,513100,513100,False,False,False,7.665092674877267,7.786040882764878,7.786040882764878,0.0,31,31,1587,3.099297893681051,,0
2019-11-27,2019-11-27,1,56459633f4eaac78a68ba442cd5dbde2186e66c150f318f985601bb04f17cd3a,v11_1e495b4686beac2f1801,False,False,False,513100,513100,513100,False,False,False,7.786040882764878,7.763363093785951,7.763363093785951,0.0,32,32,1587,3.099297893681051,,0
2019-11-28,2019-11-28,1,56459633f4eaac78a68ba442cd5dbde2186e66c150f318f985601bb04f17cd3a,v11_1e495b4686beac2f1801,False,False,False,513100,513100,513100,False,False,False,7.763363093785951,7.808718671743805,7.808718671743805,0.0,33,33,1587,3.1083249749247823,,0
2019-11-29,2019-11-29,1,56459633f4eaac78a68ba442cd5dbde2186e66c150f318f985601bb04f17cd3a,v11_1e495b4686beac2f1801,False,False,False,513100,513100,513100,False,False,False,7.808718671743805,7.798639654419838,7.798639654419838,0.0,34,34,1587,3.1083249749247823,,0
2019-12-02,2019-12-02,1,56459633f4eaac78a68ba442cd5dbde2186e66c150f318f985601bb04f17cd3a,v11_1e495b4686beac2f1801,False,False,False,513100,513100,513100,False,False,False,7.798639654419838,7.861633512694634,7.861633512694634,0.0,35,35,1587,3.129388164493488,,0
2019-12-03,2019-12-03,1,56459633f4eaac78a68ba442cd5dbde2186e66c150f318f985601bb04f17cd3a,v11_1e495b4686beac2f1801,False,False,False,513100,513100,513100,False,False,False,7.861633512694634,7.770922356778927,7.770922356778927,0.0,36,36,1587,3.129388164493488,,0
2019-12-04,2019-12-04,1,56459633f4eaac78a68ba442cd5dbde2186e66c150f318f985601bb04f17cd3a,v11_1e495b4686beac2f1801,False,False,False,513100,513100,513100,False,False,False,7.770922356778927,7.677691446532228,7.677691446532228,0.0,37,37,1587,3.129388164493488,,0
2019-12-05,2019-12-05,1,56459633f4eaac78a68ba442cd5dbde2186e66c150f318f985601bb04f17cd3a,v11_1e495b4686beac2f1801,False,False,False,513100,513100,513100,False,False,False,7.677691446532228,7.712968007166115,7.712968007166115,0.0,38,38,1587,3.129388164493488,,0
2019-12-06,2019-12-06,1,56459633f4eaac78a68ba442cd5dbde2186e66c150f318f985601bb04f17cd3a,v11_1e495b4686beac2f1801,False,False,False,513100,513100,513100,False,False,False,7.712968007166115,7.70540874417314,7.70540874417314,0.0,39,39,1587,3.129388164493488,,0
2019-12-09,2019-12-09,1,56459633f4eaac78a68ba442cd5dbde2186e66c150f318f985601bb04f17cd3a,v11_1e495b4686beac2f1801,False,False,False,513100,512400,512400,False,False,True,7.70540874417314,7.775961865440912,7.7744066730678245,0.0015551923730881825,40,0,1587,0.6216216216216222,,0
2019-12-10,2019-12-10,1,56459633f4eaac78a68ba442cd5dbde2186e66c150f318f985601bb04f17cd3a,v11_1e495b4686beac2f1801,False,False,False,512400,512400,512400,False,False,False,7.7744066730678245,7.84683903337591,7.84683903337591,0.0,1,1,1587,0.627413127413128,,0
2019-12-11,2019-12-11,1,56459633f4eaac78a68ba442cd5dbde2186e66c150f318f985601bb04f17cd3a,v11_1e495b4686beac2f1801,False,False,False,512400,512400,512400,False,False,False,7.84683903337591,7.79855079317052,7.79855079317052,0.0,2,2,1587,0.627413127413128,,0
2019-12-12,2019-12-12,1,56459633f4eaac78a68ba442cd5dbde2186e66c150f318f985601bb04f17cd3a,v11_1e495b4686beac2f1801,False,False,False,512400,512400,512400,False,False,False,7.79855079317052,7.786478733119171,7.786478733119171,0.0,3,3,1587,0.627413127413128,,0
2019-12-13,2019-12-13,1,56459633f4eaac78a68ba442cd5dbde2186e66c150f318f985601bb04f17cd3a,v11_1e495b4686beac2f1801,False,False,False,512400,512400,512400,False,False,False,7.786478733119171,7.8951272735813,7.8951272735813,0.0,4,4,1587,0.6312741312741319,,0
2019-12-16,2019-12-16,1,56459633f4eaac78a68ba442cd5dbde2186e66c150f318f985601bb04f17cd3a,v11_1e495b4686beac2f1801,False,False,False,512400,512400,512400,False,False,False,7.8951272735813,7.919271393683995,7.919271393683995,0.0,5,5,1587,0.6332046332046338,,0
2019-12-17,2019-12-17,1,56459633f4eaac78a68ba442cd5dbde2186e66c150f318f985601bb04f17cd3a,v11_1e495b4686beac2f1801,False,False,False,512400,512400,512400,False,False,False,7.919271393683995,8.124496414556903,8.124496414556903,0.0,6,6,1587,0.6496138996139003,,0
2019-12-18,2019-12-18,1,56459633f4eaac78a68ba442cd5dbde2186e66c150f318f985601bb04f17cd3a,v11_1e495b4686beac2f1801,False,False,False,512400,512400,512400,False,False,False,8.124496414556903,8.124496414556903,8.124496414556903,0.0,7,7,1587,0.6496138996139003,,0
2019-12-19,2019-12-19,1,56459633f4eaac78a68ba442cd5dbde2186e66c150f318f985601bb04f17cd3a,v11_1e495b4686beac2f1801,False,False,False,512400,512400,512400,False,False,False,8.124496414556903,8.148640534659599,8.148640534659599,0.0,8,8,1587,0.6515444015444022,,0
2019-12-20,2019-12-20,1,56459633f4eaac78a68ba442cd5dbde2186e66c150f318f985601bb04f17cd3a,v11_1e495b4686beac2f1801,False,False,False,512400,512400,512400,False,False,False,8.148640534659599,8.03999199419747,8.03999199419747,0.0,9,9,1587,0.6515444015444022,,0
2019-12-23,2019-12-23,1,56459633f4eaac78a68ba442cd5dbde2186e66c150f318f985601bb04f17cd3a,v11_1e495b4686beac2f1801,False,False,False,512400,512400,512400,False,False,False,8.03999199419747,7.979631693940731,7.979631693940731,0.0,10,10,1587,0.6515444015444022,,0
2019-12-24,2019-12-24,1,56459633f4eaac78a68ba442cd5dbde2186e66c150f318f985601bb04f17cd3a,v11_1e495b4686beac2f1801,False,False,False,512400,512400,512400,False,False,False,7.979631693940731,8.353865555532504,8.353865555532504,0.0,11,11,1587,0.6679536679536684,,0
2019-12-25,2019-12-25,1,56459633f4eaac78a68ba442cd5dbde2186e66c150f318f985601bb04f17cd3a,v11_1e495b4686beac2f1801,False,False,False,512400,512400,512400,False,False,False,8.353865555532504,8.341793495481157,8.341793495481157,0.0,12,12,1587,0.6679536679536684,,0
2019-12-26,2019-12-26,1,56459633f4eaac78a68ba442cd5dbde2186e66c150f318f985601bb04f17cd3a,v11_1e495b4686beac2f1801,False,False,False,512400,512400,512400,False,False,False,8.341793495481157,8.42629791584059,8.42629791584059,0.0,13,13,1587,0.6737451737451743,,0
2019-12-27,2019-12-27,1,56459633f4eaac78a68ba442cd5dbde2186e66c150f318f985601bb04f17cd3a,v11_1e495b4686beac2f1801,False,False,False,512400,512400,512400,False,False,False,8.42629791584059,8.67981117691889,8.67981117691889,0.0,14,14,1587,0.6940154440154446,,0
2019-12-30,2019-12-30,1,56459633f4eaac78a68ba442cd5dbde2186e66c150f318f985601bb04f17cd3a,v11_1e495b4686beac2f1801,False,False,False,512400,512400,512400,False,False,False,8.67981117691889,8.76431559727832,8.76431559727832,0.0,15,15,1587,0.7007722007722013,,0
2019-12-31,2019-12-31,1,56459633f4eaac78a68ba442cd5dbde2186e66c150f318f985601bb04f17cd3a,v11_1e495b4686beac2f1801,False,False,False,512400,512400,512400,False,False,False,8.76431559727832,8.76431559727832,8.76431559727832,0.0,16,16,1587,0.7007722007722013,,0
2020-01-02,2020-01-02,2,bb1639e8e2047c9a82257783cf7eeba3923dbf447292fbed232393c094239aaa,v11_8b8e4ce1b2b4fa5e47d6,True,True,True,512400,512400,512400,False,False,False,8.76431559727832,8.885036197791797,8.885036197791797,0.0,17,17,1587,0.7104247104247109,,0
2020-01-03,2020-01-03,2,bb1639e8e2047c9a82257783cf7eeba3923dbf447292fbed232393c094239aaa,v11_8b8e4ce1b2b4fa5e47d6,False,False,False,512400,512400,512400,False,False,False,8.885036197791797,9.029900918407966,9.029900918407966,0.0,18,18,1587,0.7220077220077225,,0
2020-01-06,2020-01-06,2,bb1639e8e2047c9a82257783cf7eeba3923dbf447292fbed232393c094239aaa,v11_8b8e4ce1b2b4fa5e47d6,False,False,False,512400,512400,512400,False,False,False,9.029900918407966,9.355846539794351,9.355846539794351,0.0,19,19,1587,0.7480694980694985,,0
2020-01-07,2020-01-07,2,bb1639e8e2047c9a82257783cf7eeba3923dbf447292fbed232393c094239aaa,v11_8b8e4ce1b2b4fa5e47d6,False,False,False,512400,512400,512400,False,False,False,9.355846539794351,9.235125939280877,9.235125939280877,0.0,20,20,1587,0.7480694980694985,,0
2020-01-08,2020-01-08,2,bb1639e8e2047c9a82257783cf7eeba3923dbf447292fbed232393c094239aaa,v11_8b8e4ce1b2b4fa5e47d6,False,False,False,512400,512400,512400,False,False,False,9.235125939280877,9.235125939280877,9.235125939280877,0.0,21,21,1587,0.7480694980694985,,0
2020-01-09,2020-01-09,2,bb1639e8e2047c9a82257783cf7eeba3923dbf447292fbed232393c094239aaa,v11_8b8e4ce1b2b4fa5e47d6,False,False,False,512400,512400,512400,False,False,False,9.235125939280877,9.12647739881875,9.12647739881875,0.0,22,22,1587,0.7480694980694985,,0
2020-01-10,2020-01-10,2,bb1639e8e2047c9a82257783cf7eeba3923dbf447292fbed232393c094239aaa,v11_8b8e4ce1b2b4fa5e47d6,False,False,False,512400,512400,512400,False,False,False,9.12647739881875,9.07818915861336,9.07818915861336,0.0,23,23,1587,0.7480694980694985,,0
2020-01-13,2020-01-13,2,bb1639e8e2047c9a82257783cf7eeba3923dbf447292fbed232393c094239aaa,v11_8b8e4ce1b2b4fa5e47d6,False,False,False,512400,512400,512400,False,False,False,9.07818915861336,9.150621518921447,9.150621518921447,0.0,24,24,1587,0.7480694980694985,,0
2020-01-14,2020-01-14,2,bb1639e8e2047c9a82257783cf7eeba3923dbf447292fbed232393c094239aaa,v11_8b8e4ce1b2b4fa5e47d6,False,False,False,512400,512400,512400,False,False,False,9.150621518921447,9.367918599845703,9.367918599845703,0.0,25,25,1587,0.7490347490347496,,0
2020-01-15,2020-01-15,2,bb1639e8e2047c9a82257783cf7eeba3923dbf447292fbed232393c094239aaa,v11_8b8e4ce1b2b4fa5e47d6,False,False,False,512400,512400,512400,False,False,False,9.367918599845703,9.162693578972794,9.162693578972794,0.0,26,26,1587,0.7490347490347496,,0
2020-01-16,2020-01-16,2,bb1639e8e2047c9a82257783cf7eeba3923dbf447292fbed232393c094239aaa,v11_8b8e4ce1b2b4fa5e47d6,False,False,False,512400,512400,512400,False,False,False,9.162693578972794,9.114405338767405,9.114405338767405,0.0,27,27,1587,0.7490347490347496,,0
2020-01-17,2020-01-17,2,bb1639e8e2047c9a82257783cf7eeba3923dbf447292fbed232393c094239aaa,v11_8b8e4ce1b2b4fa5e47d6,False,False,False,512400,512400,512400,False,False,False,9.114405338767405,9.09026121866471,9.09026121866471,0.0,28,28,1587,0.7490347490347496,,0
2020-01-20,2020-01-20,2,bb1639e8e2047c9a82257783cf7eeba3923dbf447292fbed232393c094239aaa,v11_8b8e4ce1b2b4fa5e47d6,False,False,False,512400,512400,512400,False,False,False,9.09026121866471,9.1385494588701,9.1385494588701,0.0,29,29,1587,0.7490347490347496,,0
2020-01-21,2020-01-21,2,bb1639e8e2047c9a82257783cf7eeba3923dbf447292fbed232393c094239aaa,v11_8b8e4ce1b2b4fa5e47d6,False,False,False,512400,512400,512400,False,False,False,9.1385494588701,8.921252377945844,8.921252377945844,0.0,30,30,1587,0.7490347490347496,,0
2020-01-22,2020-01-22,2,bb1639e8e2047c9a82257783cf7eeba3923dbf447292fbed232393c094239aaa,v11_8b8e4ce1b2b4fa5e47d6,False,False,False,512400,159915,159915,False,False,True,8.921252377945844,8.981612678202582,8.979816355666943,0.0017963225356405165,31,0,1587,2.4065244667502994,,0
2020-01-23,2020-01-23,2,bb1639e8e2047c9a82257783cf7eeba3923dbf447292fbed232393c094239aaa,v11_8b8e4ce1b2b4fa5e47d6,False,False,False,159915,513100,513100,True,False,True,8.979816355666943,8.67549515487531,8.673760055844335,0.0017350990309750623,1,0,1587,3.488465396188574,,0
2020-02-03,2020-02-03,2,bb1639e8e2047c9a82257783cf7eeba3923dbf447292fbed232393c094239aaa,v11_8b8e4ce1b2b4fa5e47d6,False,False,False,513100,518880,518880,True,False,True,8.673760055844335,8.23732877068828,8.235681304934142,0.0016474657541376558,1,0,1587,1.3404417364813428,,0
2020-02-04,2020-02-04,2,bb1639e8e2047c9a82257783cf7eeba3923dbf447292fbed232393c094239aaa,v11_8b8e4ce1b2b4fa5e47d6,False,False,False,518880,513100,513100,False,False,True,8.235681304934142,8.170170203644894,8.168536169604165,0.0016340340407289787,1,0,1587,3.432296890672024,,0
2020-02-05,2020-02-05,2,bb1639e8e2047c9a82257783cf7eeba3923dbf447292fbed232393c094239aaa,v11_8b8e4ce1b2b4fa5e47d6,False,False,False,513100,513100,513100,False,False,False,8.168536169604165,8.52182177834216,8.52182177834216,0.0,1,1,1587,3.580742226680049,,0
2020-02-06,2020-02-06,2,bb1639e8e2047c9a82257783cf7eeba3923dbf447292fbed232393c094239aaa,v11_8b8e4ce1b2b4fa5e47d6,False,False,False,513100,513100,513100,False,False,False,8.52182177834216,8.789173049819562,8.789173049819562,0.0,2,2,1587,3.6930792377131487,,0
2020-02-07,2020-02-07,2,bb1639e8e2047c9a82257783cf7eeba3923dbf447292fbed232393c094239aaa,v11_8b8e4ce1b2b4fa5e47d6,False,False,False,513100,513100,513100,False,False,False,8.789173049819562,8.853623802765007,8.853623802765007,0.0,3,3,1587,3.720160481444342,,0
2020-02-10,2020-02-10,2,bb1639e8e2047c9a82257783cf7eeba3923dbf447292fbed232393c094239aaa,v11_8b8e4ce1b2b4fa5e47d6,False,False,False,513100,513100,513100,False,False,False,8.853623802765007,8.90852629601483,8.90852629601483,0.0,4,4,1587,3.7432296890672108,,0
2020-02-11,2020-02-11,2,bb1639e8e2047c9a82257783cf7eeba3923dbf447292fbed232393c094239aaa,v11_8b8e4ce1b2b4fa5e47d6,False,False,False,513100,513100,513100,False,False,False,8.90852629601483,9.240328320437676,9.240328320437676,0.0,5,5,1587,3.8826479438315036,,0
2020-02-12,2020-02-12,2,bb1639e8e2047c9a82257783cf7eeba3923dbf447292fbed232393c094239aaa,v11_8b8e4ce1b2b4fa5e47d6,False,False,False,513100,513100,513100,False,False,False,9.240328320437676,9.479034812828212,9.479034812828212,0.0,6,6,1587,3.982948846539628,,0
2020-02-13,2020-02-13,2,bb1639e8e2047c9a82257783cf7eeba3923dbf447292fbed232393c094239aaa,v11_8b8e4ce1b2b4fa5e47d6,False,False,False,513100,513100,513100,False,False,False,9.479034812828212,10.018511485630825,10.018511485630825,0.0,7,7,1587,4.209628886659989,,0
2020-02-14,2020-02-14,2,bb1639e8e2047c9a82257783cf7eeba3923dbf447292fbed232393c094239aaa,v11_8b8e4ce1b2b4fa5e47d6,False,False,False,513100,159915,159915,True,False,True,10.018511485630825,9.57213034486052,9.570215918791549,0.0019144260689721042,8,0,1587,2.493099121706384,,0
2020-02-17,2020-02-17,2,bb1639e8e2047c9a82257783cf7eeba3923dbf447292fbed232393c094239aaa,v11_8b8e4ce1b2b4fa5e47d6,False,False,False,159915,513100,513100,False,False,True,9.570215918791549,9.974794749782234,9.972799790832278,0.0019949589499564466,1,0,1587,3.987963891675034,,0
2020-02-18,2020-02-18,2,bb1639e8e2047c9a82257783cf7eeba3923dbf447292fbed232393c094239aaa,v11_8b8e4ce1b2b4fa5e47d6,False,False,False,513100,513100,513100,False,False,False,9.972799790832278,9.624153118064248,9.624153118064248,0.0,1,1,1587,3.987963891675034,,0
2020-02-19,2020-02-19,2,bb1639e8e2047c9a82257783cf7eeba3923dbf447292fbed232393c094239aaa,v11_8b8e4ce1b2b4fa5e47d6,False,False,False,513100,513100,513100,False,False,False,9.624153118064248,9.528839639178024,9.528839639178024,0.0,2,2,1587,3.987963891675034,,0
2020-02-20,2020-02-20,2,bb1639e8e2047c9a82257783cf7eeba3923dbf447292fbed232393c094239aaa,v11_8b8e4ce1b2b4fa5e47d6,False,False,False,513100,513100,513100,False,False,False,9.528839639178024,9.581512877509883,9.581512877509883,0.0,3,3,1587,3.987963891675034,,0
2020-02-21,2020-02-21,2,bb1639e8e2047c9a82257783cf7eeba3923dbf447292fbed232393c094239aaa,v11_8b8e4ce1b2b4fa5e47d6,False,False,False,513100,159915,159915,False,False,True,9.581512877509883,9.328179683628077,9.326314047691351,0.0018656359367256155,4,0,1587,2.691342534504376,,0
2020-02-24,2020-02-24,2,bb1639e8e2047c9a82257783cf7eeba3923dbf447292fbed232393c094239aaa,v11_8b8e4ce1b2b4fa5e47d6,False,False,False,159915,159915,159915,False,False,False,9.326314047691351,9.469795802271218,9.469795802271218,0.0,1,1,1587,2.7327478042659816,,0
2020-02-25,2020-02-25,2,bb1639e8e2047c9a82257783cf7eeba3923dbf447292fbed232393c094239aaa,v11_8b8e4ce1b2b4fa5e47d6,False,False,False,159915,159915,159915,False,False,False,9.469795802271218,9.543710645539635,9.543710645539635,0.0,2,2,1587,2.75407779171893,,0
2020-02-26,2020-02-26,2,bb1639e8e2047c9a82257783cf7eeba3923dbf447292fbed232393c094239aaa,v11_8b8e4ce1b2b4fa5e47d6,False,False,False,159915,159915,159915,False,False,False,9.543710645539635,9.139352973541829,9.139352973541829,0.0,3,3,1587,2.75407779171893,,0
2020-02-27,2020-02-27,2,bb1639e8e2047c9a82257783cf7eeba3923dbf447292fbed232393c094239aaa,v11_8b8e4ce1b2b4fa5e47d6,False,False,False,159915,159915,159915,False,False,False,9.139352973541829,9.178484361154522,9.178484361154522,0.0,4,4,1587,2.75407779171893,,0
2020-02-28,2020-02-28,2,bb1639e8e2047c9a82257783cf7eeba3923dbf447292fbed232393c094239aaa,v11_8b8e4ce1b2b4fa5e47d6,False,False,False,159915,510500,510500,True,False,True,9.178484361154522,8.674124254146504,8.672389429295675,0.001734824850829301,5,0,1587,1.7068025216288716,,0
2020-03-02,2020-03-02,2,bb1639e8e2047c9a82257783cf7eeba3923dbf447292fbed232393c094239aaa,v11_8b8e4ce1b2b4fa5e47d6,False,False,False,510500,159915,159915,False,False,True,8.672389429295675,8.98956452525366,8.98776661234861,0.0017979129050507323,1,0,1587,2.5771643663738875,,0
2020-03-03,2020-03-03,2,bb1639e8e2047c9a82257783cf7eeba3923dbf447292fbed232393c094239aaa,v11_8b8e4ce1b2b4fa5e47d6,False,False,False,159915,159915,159915,False,False,False,8.98776661234861,9.15404467041543,9.15404467041543,0.0,1,1,1587,2.6248431618569494,,0
2020-03-04,2020-03-04,2,bb1639e8e2047c9a82257783cf7eeba3923dbf447292fbed232393c094239aaa,v11_8b8e4ce1b2b4fa5e47d6,False,False,False,159915,159915,159915,False,False,False,9.15404467041543,9.136541716934714,9.136541716934714,0.0,2,2,1587,2.6248431618569494,,0
2020-03-05,2020-03-05,2,bb1639e8e2047c9a82257783cf7eeba3923dbf447292fbed232393c094239aaa,v11_8b8e4ce1b2b4fa5e47d6,False,False,False,159915,159915,159915,False,False,False,9.136541716934714,9.280941083150635,9.280941083150635,0.0,3,3,1587,2.661229611041391,,0
2020-03-06,2020-03-06,2,bb1639e8e2047c9a82257783cf7eeba3923dbf447292fbed232393c094239aaa,v11_8b8e4ce1b2b4fa5e47d6,False,False,False,159915,159915,159915,False,False,False,9.280941083150635,9.237183699448842,9.237183699448842,0.0,4,4,1587,2.661229611041391,,0
2020-03-09,2020-03-09,2,bb1639e8e2047c9a82257783cf7eeba3923dbf447292fbed232393c094239aaa,v11_8b8e4ce1b2b4fa5e47d6,False,False,False,159915,512890,512890,True,False,True,9.237183699448842,8.808361339171254,8.80659966690342,0.001761672267834251,5,0,1587,1.1375872382851462,,0
2020-03-10,2020-03-10,2,bb1639e8e2047c9a82257783cf7eeba3923dbf447292fbed232393c094239aaa,v11_8b8e4ce1b2b4fa5e47d6,False,False,False,512890,512890,512890,False,False,False,8.80659966690342,8.914656104534137,8.914656104534137,0.0,1,1,1587,1.1515453639082767,,0
2020-03-11,2020-03-11,2,bb1639e8e2047c9a82257783cf7eeba3923dbf447292fbed232393c094239aaa,v11_8b8e4ce1b2b4fa5e47d6,False,False,False,512890,512890,512890,False,False,False,8.914656104534137,8.837472934797908,8.837472934797908,0.0,2,2,1587,1.1515453639082767,,0
2020-03-12,2020-03-12,2,bb1639e8e2047c9a82257783cf7eeba3923dbf447292fbed232393c094239aaa,v11_8b8e4ce1b2b4fa5e47d6,False,False,False,512890,512890,512890,False,False,False,8.837472934797908,8.713979863219945,8.713979863219945,0.0,3,3,1587,1.1515453639082767,,0
2020-03-13,2020-03-13,2,bb1639e8e2047c9a82257783cf7eeba3923dbf447292fbed232393c094239aaa,v11_8b8e4ce1b2b4fa5e47d6,False,False,False,512890,518880,518880,False,False,True,8.713979863219945,8.559613523747492,8.557901601042742,0.0017119227047494986,4,0,1587,1.3335872048743362,,0
2020-03-16,2020-03-16,2,bb1639e8e2047c9a82257783cf7eeba3923dbf447292fbed232393c094239aaa,v11_8b8e4ce1b2b4fa5e47d6,False,False,False,518880,513100,513100,True,False,True,8.557901601042742,8.342854387766968,8.341185816889414,0.0016685708775533937,1,0,1587,3.0240722166499556,,0
2020-03-17,2020-03-17,2,bb1639e8e2047c9a82257783cf7eeba3923dbf447292fbed232393c094239aaa,v11_8b8e4ce1b2b4fa5e47d6,False,False,False,513100,518880,518880,False,False,True,8.341185816889414,8.523778939249182,8.522074183461331,0.0017047557878498364,1,0,1587,1.2395277989337419,,0
2020-03-18,2020-03-18,2,bb1639e8e2047c9a82257783cf7eeba3923dbf447292fbed232393c094239aaa,v11_8b8e4ce1b2b4fa5e47d6,False,False,False,518880,518880,518880,False,False,False,8.522074183461331,8.707962744759566,8.707962744759566,0.0,1,1,1587,1.266565118050269,,0
2020-03-19,2020-03-19,2,bb1639e8e2047c9a82257783cf7eeba3923dbf447292fbed232393c094239aaa,v11_8b8e4ce1b2b4fa5e47d6,False,False,False,518880,518880,518880,False,False,False,8.707962744759566,8.671308662250054,8.671308662250054,0.0,2,2,1587,1.266565118050269,,0
2020-03-20,2020-03-20,2,bb1639e8e2047c9a82257783cf7eeba3923dbf447292fbed232393c094239aaa,v11_8b8e4ce1b2b4fa5e47d6,False,False,False,518880,518880,518880,False,False,False,8.671308662250054,8.760325719773153,8.760325719773153,0.0,3,3,1587,1.2741812642802768,,0
2020-03-23,2020-03-23,2,bb1639e8e2047c9a82257783cf7eeba3923dbf447292fbed232393c094239aaa,v11_8b8e4ce1b2b4fa5e47d6,False,False,False,518880,513100,513100,False,False,True,8.760325719773153,8.736762381017037,8.735015028540834,0.0017473524762034074,4,0,1587,3.0280842527582803,,0
2020-03-24,2020-03-24,2,bb1639e8e2047c9a82257783cf7eeba3923dbf447292fbed232393c094239aaa,v11_8b8e4ce1b2b4fa5e47d6,False,False,False,513100,513100,513100,False,False,False,8.735015028540834,9.203737265912022,9.203737265912022,0.0,1,1,1587,3.190571715145442,,0
2020-03-25,2020-03-25,2,bb1639e8e2047c9a82257783cf7eeba3923dbf447292fbed232393c094239aaa,v11_8b8e4ce1b2b4fa5e47d6,False,False,False,513100,518880,518880,False,False,True,9.203737265912022,9.553832270368279,9.551921503914205,0.0019107664540736558,2,0,1587,1.3636709824828661,,0
2020-03-26,2020-03-26,2,bb1639e8e2047c9a82257783cf7eeba3923dbf447292fbed232393c094239aaa,v11_8b8e4ce1b2b4fa5e47d6,False,False,False,518880,518880,518880,False,False,False,9.551921503914205,9.527914999157092,9.527914999157092,0.0,1,1,1587,1.3636709824828661,,0
2020-03-27,2020-03-27,2,bb1639e8e2047c9a82257783cf7eeba3923dbf447292fbed232393c094239aaa,v11_8b8e4ce1b2b4fa5e47d6,False,False,False,518880,518880,518880,False,False,False,9.527914999157092,9.63461057585538,9.63461057585538,0.0,2,2,1587,1.375476009139378,,0
2020-03-30,2020-03-30,2,bb1639e8e2047c9a82257783cf7eeba3923dbf447292fbed232393c094239aaa,v11_8b8e4ce1b2b4fa5e47d6,False,False,False,518880,518880,518880,False,False,False,9.63461057585538,9.55725628274912,9.55725628274912,0.0,3,3,1587,1.375476009139378,,0
2020-03-31,2020-03-31,2,bb1639e8e2047c9a82257783cf7eeba3923dbf447292fbed232393c094239aaa,v11_8b8e4ce1b2b4fa5e47d6,False,False,False,518880,518880,518880,False,False,False,9.55725628274912,9.565258451001492,9.565258451001492,0.0,4,4,1587,1.375476009139378,,0
2020-04-01,2020-04-01,2,bb1639e8e2047c9a82257783cf7eeba3923dbf447292fbed232393c094239aaa,v11_8b8e4ce1b2b4fa5e47d6,False,False,False,518880,518880,518880,False,False,False,9.565258451001492,9.410549864788976,9.410549864788976,0.0,5,5,1587,1.375476009139378,,0
2020-04-02,2020-04-02,2,bb1639e8e2047c9a82257783cf7eeba3923dbf447292fbed232393c094239aaa,v11_8b8e4ce1b2b4fa5e47d6,False,False,False,518880,518880,518880,False,False,False,9.410549864788976,9.450560706050835,9.450560706050835,0.0,6,6,1587,1.375476009139378,,0
2020-04-03,2020-04-03,2,bb1639e8e2047c9a82257783cf7eeba3923dbf447292fbed232393c094239aaa,v11_8b8e4ce1b2b4fa5e47d6,False,False,False,518880,518880,518880,False,False,False,9.450560706050835,9.535917167409465,9.535917167409465,0.0,7,7,1587,1.375476009139378,,0
2020-04-07,2020-04-07,2,bb1639e8e2047c9a82257783cf7eeba3923dbf447292fbed232393c094239aaa,v11_8b8e4ce1b2b4fa5e47d6,False,False,False,518880,518880,518880,False,False,False,9.535917167409465,9.80532349857264,9.80532349857264,0.0,8,8,1587,1.3998476770754025,,0
2020-04-08,2020-04-08,2,bb1639e8e2047c9a82257783cf7eeba3923dbf447292fbed232393c094239aaa,v11_8b8e4ce1b2b4fa5e47d6,False,False,False,518880,518880,518880,False,False,False,9.80532349857264,9.711964868961639,9.711964868961639,0.0,9,9,1587,1.3998476770754025,,0
2020-04-09,2020-04-09,2,bb1639e8e2047c9a82257783cf7eeba3923dbf447292fbed232393c094239aaa,v11_8b8e4ce1b2b4fa5e47d6,False,False,False,518880,518880,518880,False,False,False,9.711964868961639,9.735971373718755,9.735971373718755,0.0,10,10,1587,1.3998476770754025,,0
2020-04-10,2020-04-10,2,bb1639e8e2047c9a82257783cf7eeba3923dbf447292fbed232393c094239aaa,v11_8b8e4ce1b2b4fa5e47d6,False,False,False,518880,518880,518880,False,False,False,9.735971373718755,9.791986551485355,9.791986551485355,0.0,11,11,1587,1.3998476770754025,,0
2020-04-13,2020-04-13,2,bb1639e8e2047c9a82257783cf7eeba3923dbf447292fbed232393c094239aaa,v11_8b8e4ce1b2b4fa5e47d6,False,False,False,518880,518880,518880,False,False,False,9.791986551485355,9.789319162067898,9.789319162067898,0.0,12,12,1587,1.3998476770754025,,0
2020-04-14,2020-04-14,2,bb1639e8e2047c9a82257783cf7eeba3923dbf447292fbed232393c094239aaa,v11_8b8e4ce1b2b4fa5e47d6,False,False,False,518880,518880,518880,False,False,False,9.789319162067898,9.9013495176011,9.9013495176011,0.0,13,13,1587,1.4135567402894162,,0
2020-04-15,2020-04-15,2,bb1639e8e2047c9a82257783cf7eeba3923dbf447292fbed232393c094239aaa,v11_8b8e4ce1b2b4fa5e47d6,False,False,False,518880,518880,518880,False,False,False,9.9013495176011,9.874675623426526,9.874675623426526,0.0,14,14,1587,1.4135567402894162,,0
2020-04-16,2020-04-16,2,bb1639e8e2047c9a82257783cf7eeba3923dbf447292fbed232393c094239aaa,v11_8b8e4ce1b2b4fa5e47d6,False,False,False,518880,518880,518880,False,False,False,9.874675623426526,9.949362527115328,9.949362527115328,0.0,15,15,1587,1.420411271896423,,0
2020-04-17,2020-04-17,2,bb1639e8e2047c9a82257783cf7eeba3923dbf447292fbed232393c094239aaa,v11_8b8e4ce1b2b4fa5e47d6,False,False,False,518880,518880,518880,False,False,False,9.949362527115328,9.78665177265044,9.78665177265044,0.0,16,16,1587,1.420411271896423,,0
2020-04-20,2020-04-20,2,bb1639e8e2047c9a82257783cf7eeba3923dbf447292fbed232393c094239aaa,v11_8b8e4ce1b2b4fa5e47d6,False,False,False,518880,518880,518880,False,False,False,9.78665177265044,9.73863876313621,9.73863876313621,0.0,17,17,1587,1.420411271896423,,0
2020-04-21,2020-04-21,2,bb1639e8e2047c9a82257783cf7eeba3923dbf447292fbed232393c094239aaa,v11_8b8e4ce1b2b4fa5e47d6,False,False,False,518880,518880,518880,False,False,False,9.73863876313621,9.8266626139123,9.8266626139123,0.0,18,18,1587,1.420411271896423,,0
2020-04-22,2020-04-22,2,bb1639e8e2047c9a82257783cf7eeba3923dbf447292fbed232393c094239aaa,v11_8b8e4ce1b2b4fa5e47d6,False,False,False,518880,513100,513100,False,False,True,9.8266626139123,9.799988719737728,9.79802872199378,0.0019599977439475457,19,0,1587,3.4332998996991035,,0
2020-04-23,2020-04-23,2,bb1639e8e2047c9a82257783cf7eeba3923dbf447292fbed232393c094239aaa,v11_8b8e4ce1b2b4fa5e47d6,False,False,False,513100,513100,513100,False,False,False,9.79802872199378,9.918249933306587,9.918249933306587,0.0,1,1,1587,3.475426278836516,,0
2020-04-24,2020-04-24,2,bb1639e8e2047c9a82257783cf7eeba3923dbf447292fbed232393c094239aaa,v11_8b8e4ce1b2b4fa5e47d6,False,False,False,513100,513100,513100,False,False,False,9.918249933306587,9.863864147236509,9.863864147236509,0.0,2,2,1587,3.475426278836516,,0
2020-04-27,2020-04-27,2,bb1639e8e2047c9a82257783cf7eeba3923dbf447292fbed232393c094239aaa,v11_8b8e4ce1b2b4fa5e47d6,False,False,False,513100,513100,513100,False,False,False,9.863864147236509,10.21021573220912,10.21021573220912,0.0,3,3,1587,3.5777331995988026,,0
2020-04-28,2020-04-28,2,bb1639e8e2047c9a82257783cf7eeba3923dbf447292fbed232393c094239aaa,v11_8b8e4ce1b2b4fa5e47d6,False,False,False,513100,513100,513100,False,False,False,10.21021573220912,10.464970203800545,10.464970203800545,0.0,4,4,1587,3.667001003009034,,0
2020-04-29,2020-04-29,2,bb1639e8e2047c9a82257783cf7eeba3923dbf447292fbed232393c094239aaa,v11_8b8e4ce1b2b4fa5e47d6,False,False,False,513100,513100,513100,False,False,False,10.464970203800545,10.653889250149241,10.653889250149241,0.0,5,5,1587,3.733199598796396,,0
2020-04-30,2020-04-30,2,bb1639e8e2047c9a82257783cf7eeba3923dbf447292fbed232393c094239aaa,v11_8b8e4ce1b2b4fa5e47d6,False,False,False,513100,513100,513100,False,False,False,10.653889250149241,10.696825397046672,10.696825397046672,0.0,6,6,1587,3.7482447342026144,,0
2020-05-06,2020-05-06,2,bb1639e8e2047c9a82257783cf7eeba3923dbf447292fbed232393c094239aaa,v11_8b8e4ce1b2b4fa5e47d6,False,False,False,513100,513100,513100,False,False,False,10.696825397046672,10.728311904771456,10.728311904771456,0.0,7,7,1587,3.7592778335005086,,0
2020-05-07,2020-05-07,2,bb1639e8e2047c9a82257783cf7eeba3923dbf447292fbed232393c094239aaa,v11_8b8e4ce1b2b4fa5e47d6,False,False,False,513100,513100,513100,False,False,False,10.728311904771456,10.774110461462048,10.774110461462048,0.0,8,8,1587,3.7753259779338078,,0
2020-05-08,2020-05-08,2,bb1639e8e2047c9a82257783cf7eeba3923dbf447292fbed232393c094239aaa,v11_8b8e4ce1b2b4fa5e47d6,False,False,False,513100,513100,513100,False,False,False,10.774110461462048,10.845670706291099,10.845670706291099,0.0,9,9,1587,3.8004012036108388,,0
2020-05-11,2020-05-11,2,bb1639e8e2047c9a82257783cf7eeba3923dbf447292fbed232393c094239aaa,v11_8b8e4ce1b2b4fa5e47d6,False,False,False,513100,513100,513100,False,False,False,10.845670706291099,10.665338889321887,10.665338889321887,0.0,10,10,1587,3.8004012036108388,,0
2020-05-12,2020-05-12,2,bb1639e8e2047c9a82257783cf7eeba3923dbf447292fbed232393c094239aaa,v11_8b8e4ce1b2b4fa5e47d6,False,False,False,513100,513100,513100,False,False,False,10.665338889321887,10.464970203800542,10.464970203800542,0.0,11,11,1587,3.8004012036108388,,0
2020-05-13,2020-05-13,2,bb1639e8e2047c9a82257783cf7eeba3923dbf447292fbed232393c094239aaa,v11_8b8e4ce1b2b4fa5e47d6,False,False,False,513100,513100,513100,False,False,False,10.464970203800542,10.430621286282598,10.430621286282598,0.0,12,12,1587,3.8004012036108388,,0
2020-05-14,2020-05-14,2,bb1639e8e2047c9a82257783cf7eeba3923dbf447292fbed232393c094239aaa,v11_8b8e4ce1b2b4fa5e47d6,False,False,False,513100,513100,513100,False,False,False,10.430621286282598,10.264601518279196,10.264601518279196,0.0,13,13,1587,3.8004012036108388,,0
2020-05-15,2020-05-15,2,bb1639e8e2047c9a82257783cf7eeba3923dbf447292fbed232393c094239aaa,v11_8b8e4ce1b2b4fa5e47d6,False,False,False,513100,513100,513100,False,False,False,10.264601518279196,10.333299353315086,10.333299353315086,0.0,14,14,1587,3.8004012036108388,,0
2020-05-18,2020-05-18,2,bb1639e8e2047c9a82257783cf7eeba3923dbf447292fbed232393c094239aaa,v11_8b8e4ce1b2b4fa5e47d6,False,False,False,513100,513100,513100,False,False,False,10.333299353315086,10.45065815483473,10.45065815483473,0.0,15,15,1587,3.8004012036108388,,0
2020-05-19,2020-05-19,2,bb1639e8e2047c9a82257783cf7eeba3923dbf447292fbed232393c094239aaa,v11_8b8e4ce1b2b4fa5e47d6,False,False,False,513100,513100,513100,False,False,False,10.45065815483473,10.728311904771452,10.728311904771452,0.0,16,16,1587,3.8004012036108388,,0
2020-05-20,2020-05-20,2,bb1639e8e2047c9a82257783cf7eeba3923dbf447292fbed232393c094239aaa,v11_8b8e4ce1b2b4fa5e47d6,False,False,False,513100,513100,513100,False,False,False,10.728311904771452,10.651026840356076,10.651026840356076,0.0,17,17,1587,3.8004012036108388,,0
2020-05-21,2020-05-21,2,bb1639e8e2047c9a82257783cf7eeba3923dbf447292fbed232393c094239aaa,v11_8b8e4ce1b2b4fa5e47d6,False,False,False,513100,513100,513100,False,False,False,10.651026840356076,10.648164430562915,10.648164430562915,0.0,18,18,1587,3.8004012036108388,,0
2020-05-22,2020-05-22,2,bb1639e8e2047c9a82257783cf7eeba3923dbf447292fbed232393c094239aaa,v11_8b8e4ce1b2b4fa5e47d6,False,False,False,513100,518880,518880,True,False,True,10.648164430562915,10.293225616210817,10.291166971087575,0.0020586451232421634,19,0,1587,1.471820258948975,,0
2020-05-25,2020-05-25,2,bb1639e8e2047c9a82257783cf7eeba3923dbf447292fbed232393c094239aaa,v11_8b8e4ce1b2b4fa5e47d6,False,False,False,518880,513100,513100,False,False,True,10.291166971087575,10.272528376314582,10.27047387063932,0.0020545056752629166,1,0,1587,3.724172517552664,,0
2020-05-26,2020-05-26,2,bb1639e8e2047c9a82257783cf7eeba3923dbf447292fbed232393c094239aaa,v11_8b8e4ce1b2b4fa5e47d6,False,False,False,513100,513100,513100,False,False,False,10.27047387063932,10.502825016648934,10.502825016648934,0.0,1,1,1587,3.8084252758274886,,0
2020-05-27,2020-05-27,2,bb1639e8e2047c9a82257783cf7eeba3923dbf447292fbed232393c094239aaa,v11_8b8e4ce1b2b4fa5e47d6,False,False,False,513100,513100,513100,False,False,False,10.502825016648934,10.433672889860357,10.433672889860357,0.0,2,2,1587,3.8084252758274886,,0
2020-05-28,2020-05-28,2,bb1639e8e2047c9a82257783cf7eeba3923dbf447292fbed232393c094239aaa,v11_8b8e4ce1b2b4fa5e47d6,False,False,False,513100,513100,513100,False,False,False,10.433672889860357,10.392181613787214,10.392181613787214,0.0,3,3,1587,3.8084252758274886,,0
2020-05-29,2020-05-29,2,bb1639e8e2047c9a82257783cf7eeba3923dbf447292fbed232393c094239aaa,v11_8b8e4ce1b2b4fa5e47d6,False,False,False,513100,513100,513100,False,False,False,10.392181613787214,10.317497316855551,10.317497316855551,0.0,4,4,1587,3.8084252758274886,,0
2020-06-01,2020-06-01,2,bb1639e8e2047c9a82257783cf7eeba3923dbf447292fbed232393c094239aaa,v11_8b8e4ce1b2b4fa5e47d6,False,False,False,513100,513100,513100,False,False,False,10.317497316855551,10.356222507857153,10.356222507857153,0.0,5,5,1587,3.8084252758274886,,0
2020-06-02,2020-06-02,2,bb1639e8e2047c9a82257783cf7eeba3923dbf447292fbed232393c094239aaa,v11_8b8e4ce1b2b4fa5e47d6,False,False,False,513100,513100,513100,False,False,False,10.356222507857153,10.339625997427893,10.339625997427893,0.0,6,6,1587,3.8084252758274886,,0
2020-06-03,2020-06-03,2,bb1639e8e2047c9a82257783cf7eeba3923dbf447292fbed232393c094239aaa,v11_8b8e4ce1b2b4fa5e47d6,False,False,False,513100,513100,513100,False,False,False,10.339625997427893,10.430906804788812,10.430906804788812,0.0,7,7,1587,3.8084252758274886,,0
2020-06-04,2020-06-04,2,bb1639e8e2047c9a82257783cf7eeba3923dbf447292fbed232393c094239aaa,v11_8b8e4ce1b2b4fa5e47d6,False,False,False,513100,510500,510500,False,False,True,10.430906804788812,10.491760676362759,10.489662324227487,0.002098352135272552,8,0,1587,1.750151722144336,,0
2020-06-05,2020-06-05,2,bb1639e8e2047c9a82257783cf7eeba3923dbf447292fbed232393c094239aaa,v11_8b8e4ce1b2b4fa5e47d6,False,False,False,510500,510500,510500,False,False,False,10.489662324227487,10.51391187385417,10.51391187385417,0.0,1,1,1587,1.7541976475257792,,0
2020-06-08,2020-06-08,2,bb1639e8e2047c9a82257783cf7eeba3923dbf447292fbed232393c094239aaa,v11_8b8e4ce1b2b4fa5e47d6,False,False,False,510500,510500,510500,False,False,False,10.51391187385417,10.491394434915108,10.491394434915108,0.0,2,2,1587,1.7541976475257792,,0
2020-06-09,2020-06-09,2,bb1639e8e2047c9a82257783cf7eeba3923dbf447292fbed232393c094239aaa,v11_8b8e4ce1b2b4fa5e47d6,False,False,False,510500,510500,510500,False,False,False,10.491394434915108,10.553750419669433,10.553750419669433,0.0,3,3,1587,1.7608445249381506,,0
2020-06-10,2020-06-10,2,bb1639e8e2047c9a82257783cf7eeba3923dbf447292fbed232393c094239aaa,v11_8b8e4ce1b2b4fa5e47d6,False,False,False,510500,510500,510500,False,False,False,10.553750419669433,10.567607305170394,10.567607305170394,0.0,4,4,1587,1.7631564822989754,,0
2020-06-11,2020-06-11,2,bb1639e8e2047c9a82257783cf7eeba3923dbf447292fbed232393c094239aaa,v11_8b8e4ce1b2b4fa5e47d6,False,False,False,510500,510500,510500,False,False,False,10.567607305170394,10.548554087606574,10.548554087606574,0.0,5,5,1587,1.7631564822989754,,0
2020-06-12,2020-06-12,2,bb1639e8e2047c9a82257783cf7eeba3923dbf447292fbed232393c094239aaa,v11_8b8e4ce1b2b4fa5e47d6,False,False,False,510500,159915,159915,False,False,True,10.548554087606574,10.550286198294195,10.548176141054537,0.002110057239658839,6,0,1587,2.686323713927213,,0
2020-06-15,2020-06-15,2,bb1639e8e2047c9a82257783cf7eeba3923dbf447292fbed232393c094239aaa,v11_8b8e4ce1b2b4fa5e47d6,False,False,False,159915,159915,159915,False,False,False,10.548176141054537,10.548176141054537,10.548176141054537,0.0,1,1,1587,2.686323713927213,,0
2020-06-16,2020-06-16,2,bb1639e8e2047c9a82257783cf7eeba3923dbf447292fbed232393c094239aaa,v11_8b8e4ce1b2b4fa5e47d6,False,False,False,159915,159915,159915,False,False,False,10.548176141054537,10.755099727193858,10.755099727193858,0.0,2,2,1587,2.7390213299874384,,0
2020-06-17,2020-06-17,2,bb1639e8e2047c9a82257783cf7eeba3923dbf447292fbed232393c094239aaa,v11_8b8e4ce1b2b4fa5e47d6,False,False,False,159915,159915,159915,False,False,False,10.755099727193858,10.779733487448542,10.779733487448542,0.0,3,3,1587,2.7452948557088943,,0
2020-06-18,2020-06-18,2,bb1639e8e2047c9a82257783cf7eeba3923dbf447292fbed232393c094239aaa,v11_8b8e4ce1b2b4fa5e47d6,False,False,False,159915,159915,159915,False,False,False,10.779733487448542,10.809293999754157,10.809293999754157,0.0,4,4,1587,2.75282308657464,,0
2020-06-19,2020-06-19,2,bb1639e8e2047c9a82257783cf7eeba3923dbf447292fbed232393c094239aaa,v11_8b8e4ce1b2b4fa5e47d6,False,False,False,159915,159915,159915,False,False,False,10.809293999754157,11.026071089995352,11.026071089995352,0.0,5,5,1587,2.808030112923448,,0
2020-06-22,2020-06-22,2,bb1639e8e2047c9a82257783cf7eeba3923dbf447292fbed232393c094239aaa,v11_8b8e4ce1b2b4fa5e47d6,False,False,False,159915,159915,159915,False,False,False,11.026071089995352,11.149239891268758,11.149239891268758,0.0,6,6,1587,2.8393977415307248,,0
2020-06-23,2020-06-23,2,bb1639e8e2047c9a82257783cf7eeba3923dbf447292fbed232393c094239aaa,v11_8b8e4ce1b2b4fa5e47d6,False,False,False,159915,159915,159915,False,False,False,11.149239891268758,11.366016981509954,11.366016981509954,0.0,7,7,1587,2.894604767879533,,0
2020-06-24,2020-06-24,2,bb1639e8e2047c9a82257783cf7eeba3923dbf447292fbed232393c094239aaa,v11_8b8e4ce1b2b4fa5e47d6,False,False,False,159915,159915,159915,False,False,False,11.366016981509954,11.366016981509954,11.366016981509954,0.0,8,8,1587,2.894604767879533,,0
2020-06-29,2020-06-29,2,bb1639e8e2047c9a82257783cf7eeba3923dbf447292fbed232393c094239aaa,v11_8b8e4ce1b2b4fa5e47d6,False,False,False,159915,159915,159915,False,False,False,11.366016981509954,11.30689595689872,11.30689595689872,0.0,9,9,1587,2.894604767879533,,0
2020-06-30,2020-06-30,2,bb1639e8e2047c9a82257783cf7eeba3923dbf447292fbed232393c094239aaa,v11_8b8e4ce1b2b4fa5e47d6,False,False,False,159915,159915,159915,False,False,False,11.30689595689872,11.62220808815864,11.62220808815864,0.0,10,10,1587,2.959849435382669,,0
2020-07-01,2020-07-01,2,bb1639e8e2047c9a82257783cf7eeba3923dbf447292fbed232393c094239aaa,v11_8b8e4ce1b2b4fa5e47d6,False,False,False,159915,159915,159915,False,False,False,11.62220808815864,11.538453303292727,11.538453303292727,0.0,11,11,1587,2.959849435382669,,0
2020-07-02,2020-07-02,2,bb1639e8e2047c9a82257783cf7eeba3923dbf447292fbed232393c094239aaa,v11_8b8e4ce1b2b4fa5e47d6,False,False,False,159915,159915,159915,False,False,False,11.538453303292727,11.577867319700216,11.577867319700216,0.0,12,12,1587,2.959849435382669,,0
2020-07-03,2020-07-03,2,bb1639e8e2047c9a82257783cf7eeba3923dbf447292fbed232393c094239aaa,v11_8b8e4ce1b2b4fa5e47d6,False,False,False,159915,159915,159915,False,False,False,11.577867319700216,11.725669881228303,11.725669881228303,0.0,13,13,1587,2.9861982434127823,,0
2020-07-06,2020-07-06,2,bb1639e8e2047c9a82257783cf7eeba3923dbf447292fbed232393c094239aaa,v11_8b8e4ce1b2b4fa5e47d6,False,False,False,159915,159915,159915,False,False,False,11.725669881228303,12.070542524793842,12.070542524793842,0.0,14,14,1587,3.0740276035131586,,0
2020-07-07,2020-07-07,2,bb1639e8e2047c9a82257783cf7eeba3923dbf447292fbed232393c094239aaa,v11_8b8e4ce1b2b4fa5e47d6,False,False,False,159915,159915,159915,False,False,False,12.070542524793842,12.331660383493464,12.331660383493464,0.0,15,15,1587,3.140526976160586,,0
2020-07-08,2020-07-08,2,bb1639e8e2047c9a82257783cf7eeba3923dbf447292fbed232393c094239aaa,v11_8b8e4ce1b2b4fa5e47d6,False,False,False,159915,159915,159915,False,False,False,12.331660383493464,12.681459779109938,12.681459779109938,0.0,16,16,1587,3.229611041405253,,0
2020-07-09,2020-07-09,2,bb1639e8e2047c9a82257783cf7eeba3923dbf447292fbed232393c094239aaa,v11_8b8e4ce1b2b4fa5e47d6,False,False,False,159915,159915,159915,False,False,False,12.681459779109938,13.174134984203564,13.174134984203564,0.0,17,17,1587,3.355081555834361,,0
2020-07-10,2020-07-10,2,bb1639e8e2047c9a82257783cf7eeba3923dbf447292fbed232393c094239aaa,v11_8b8e4ce1b2b4fa5e47d6,False,False,False,159915,159915,159915,False,False,False,13.174134984203564,13.228329256763862,13.228329256763862,0.0,18,18,1587,3.368883312421563,,0
2020-07-13,2020-07-13,2,bb1639e8e2047c9a82257783cf7eeba3923dbf447292fbed232393c094239aaa,v11_8b8e4ce1b2b4fa5e47d6,False,False,False,159915,159915,159915,False,False,False,13.228329256763862,13.804759246723403,13.804759246723403,0.0,19,19,1587,3.5156838143036198,,0
2020-07-14,2020-07-14,2,bb1639e8e2047c9a82257783cf7eeba3923dbf447292fbed232393c094239aaa,v11_8b8e4ce1b2b4fa5e47d6,False,False,False,159915,159915,159915,False,False,False,13.804759246723403,13.632322924940635,13.632322924940635,0.0,20,20,1587,3.5156838143036198,,0
2020-07-15,2020-07-15,2,bb1639e8e2047c9a82257783cf7eeba3923dbf447292fbed232393c094239aaa,v11_8b8e4ce1b2b4fa5e47d6,False,False,False,159915,159915,159915,False,False,False,13.632322924940635,13.410619082648502,13.410619082648502,0.0,21,21,1587,3.5156838143036198,,0
2020-07-16,2020-07-16,2,bb1639e8e2047c9a82257783cf7eeba3923dbf447292fbed232393c094239aaa,v11_8b8e4ce1b2b4fa5e47d6,False,False,False,159915,510500,510500,True,False,True,13.410619082648502,12.602631746294954,12.600111219945695,0.002520526349258991,22,0,1587,2.0062009998556776,,0
2020-07-17,2020-07-17,2,bb1639e8e2047c9a82257783cf7eeba3923dbf447292fbed232393c094239aaa,v11_8b8e4ce1b2b4fa5e47d6,False,False,False,510500,159915,159915,False,False,True,12.600111219945695,12.609186494520706,12.606664657221803,0.0025218372989041413,1,0,1587,3.2409033877038715,,0
2020-07-20,2020-07-20,2,bb1639e8e2047c9a82257783cf7eeba3923dbf447292fbed232393c094239aaa,v11_8b8e4ce1b2b4fa5e47d6,False,False,False,159915,159915,159915,False,False,False,12.606664657221803,12.743322268682203,12.743322268682203,0.0,1,1,1587,3.276035131744022,,0
2020-07-21,2020-07-21,2,bb1639e8e2047c9a82257783cf7eeba3923dbf447292fbed232393c094239aaa,v11_8b8e4ce1b2b4fa5e47d6,False,False,False,159915,159915,159915,False,False,False,12.743322268682203,12.899502396065515,12.899502396065515,0.0,2,2,1587,3.3161856963613365,,0
2020-07-22,2020-07-22,2,bb1639e8e2047c9a82257783cf7eeba3923dbf447292fbed232393c094239aaa,v11_8b8e4ce1b2b4fa5e47d6,False,False,False,159915,159915,159915,False,False,False,12.899502396065515,13.070324410391015,13.070324410391015,0.0,3,3,1587,3.3601003764115247,,0
2020-07-23,2020-07-23,2,bb1639e8e2047c9a82257783cf7eeba3923dbf447292fbed232393c094239aaa,v11_8b8e4ce1b2b4fa5e47d6,False,False,False,159915,159915,159915,False,False,False,13.070324410391015,13.206982021851413,13.206982021851413,0.0,4,4,1587,3.3952321204516753,,0
2020-07-24,2020-07-24,2,bb1639e8e2047c9a82257783cf7eeba3923dbf447292fbed232393c094239aaa,v11_8b8e4ce1b2b4fa5e47d6,False,False,False,159915,512890,512890,True,False,True,13.206982021851413,12.382155724108292,12.379679292963472,0.0024764311448216584,5,0,1587,1.2701894317048879,,0
2020-07-27,2020-07-27,2,bb1639e8e2047c9a82257783cf7eeba3923dbf447292fbed232393c094239aaa,v11_8b8e4ce1b2b4fa5e47d6,False,False,False,512890,512890,512890,False,False,False,12.379679292963472,12.292224729669378,12.292224729669378,0.0,1,1,1587,1.2701894317048879,,0
2020-07-28,2020-07-28,2,bb1639e8e2047c9a82257783cf7eeba3923dbf447292fbed232393c094239aaa,v11_8b8e4ce1b2b4fa5e47d6,False,False,False,512890,512400,512400,False,False,True,12.292224729669378,12.369962119264125,12.367488126840273,0.002473992423852825,2,0,1587,0.8214285714285725,,0
2020-07-29,2020-07-29,2,bb1639e8e2047c9a82257783cf7eeba3923dbf447292fbed232393c094239aaa,v11_8b8e4ce1b2b4fa5e47d6,False,False,False,512400,512400,512400,False,False,False,12.367488126840273,12.541882789028387,12.541882789028387,0.0,1,1,1587,0.8330115830115842,,0
2020-07-30,2020-07-30,2,bb1639e8e2047c9a82257783cf7eeba3923dbf447292fbed232393c094239aaa,v11_8b8e4ce1b2b4fa5e47d6,False,False,False,512400,512400,512400,False,False,False,12.541882789028387,12.367488126840275,12.367488126840275,0.0,2,2,1587,0.8330115830115842,,0
2020-07-31,2020-07-31,2,bb1639e8e2047c9a82257783cf7eeba3923dbf447292fbed232393c094239aaa,v11_8b8e4ce1b2b4fa5e47d6,False,False,False,512400,512400,512400,False,False,False,12.367488126840275,12.483751234965684,12.483751234965684,0.0,3,3,1587,0.8330115830115842,,0
2020-08-03,2020-08-03,2,bb1639e8e2047c9a82257783cf7eeba3923dbf447292fbed232393c094239aaa,v11_8b8e4ce1b2b4fa5e47d6,False,False,False,512400,159915,159915,False,False,True,12.483751234965684,12.7162774512165,12.713734195726257,0.0025432554902433003,4,0,1587,3.4805520702634687,,0
2020-08-04,2020-08-04,2,bb1639e8e2047c9a82257783cf7eeba3923dbf447292fbed232393c094239aaa,v11_8b8e4ce1b2b4fa5e47d6,False,False,False,159915,159915,159915,False,False,False,12.713734195726257,12.548739808182585,12.548739808182585,0.0,1,1,1587,3.4805520702634687,,0
2020-08-05,2020-08-05,2,bb1639e8e2047c9a82257783cf7eeba3923dbf447292fbed232393c094239aaa,v11_8b8e4ce1b2b4fa5e47d6,False,False,False,159915,159915,159915,False,False,False,12.548739808182585,12.663319243976801,12.663319243976801,0.0,2,2,1587,3.4805520702634687,,0
2020-08-06,2020-08-06,2,bb1639e8e2047c9a82257783cf7eeba3923dbf447292fbed232393c094239aaa,v11_8b8e4ce1b2b4fa5e47d6,False,False,False,159915,512400,512400,False,False,True,12.663319243976801,12.46165943697898,12.459167105091584,0.002492331887395796,3,0,1587,0.8918918918918934,,0
2020-08-07,2020-08-07,2,bb1639e8e2047c9a82257783cf7eeba3923dbf447292fbed232393c094239aaa,v11_8b8e4ce1b2b4fa5e47d6,False,False,False,512400,512400,512400,False,False,False,12.459167105091584,12.297359740090394,12.297359740090394,0.0,1,1,1587,0.8918918918918934,,0
2020-08-10,2020-08-10,2,bb1639e8e2047c9a82257783cf7eeba3923dbf447292fbed232393c094239aaa,v11_8b8e4ce1b2b4fa5e47d6,False,False,False,512400,512890,512890,False,False,True,12.297359740090394,12.00071290425488,11.99831276167403,0.0024001425808509763,2,0,1587,1.348953140578267,,0
2020-08-11,2020-08-11,2,bb1639e8e2047c9a82257783cf7eeba3923dbf447292fbed232393c094239aaa,v11_8b8e4ce1b2b4fa5e47d6,False,False,False,512890,512890,512890,False,False,False,11.99831276167403,11.953973098844488,11.953973098844488,0.0,1,1,1587,1.348953140578267,,0
2020-08-12,2020-08-12,2,bb1639e8e2047c9a82257783cf7eeba3923dbf447292fbed232393c094239aaa,v11_8b8e4ce1b2b4fa5e47d6,False,False,False,512890,512890,512890,False,False,False,11.953973098844488,11.88302963831722,11.88302963831722,0.0,2,2,1587,1.348953140578267,,0
2020-08-13,2020-08-13,2,bb1639e8e2047c9a82257783cf7eeba3923dbf447292fbed232393c094239aaa,v11_8b8e4ce1b2b4fa5e47d6,False,False,False,512890,512890,512890,False,False,False,11.88302963831722,11.98944482910812,11.98944482910812,0.0,3,3,1587,1.348953140578267,,0
2020-08-14,2020-08-14,2,bb1639e8e2047c9a82257783cf7eeba3923dbf447292fbed232393c094239aaa,v11_8b8e4ce1b2b4fa5e47d6,False,False,False,512890,512890,512890,False,False,False,11.98944482910812,12.060388289635387,12.060388289635387,0.0,4,4,1587,1.3559322033898324,,0
2020-08-17,2020-08-17,2,bb1639e8e2047c9a82257783cf7eeba3923dbf447292fbed232393c094239aaa,v11_8b8e4ce1b2b4fa5e47d6,False,False,False,512890,512890,512890,False,False,False,12.060388289635387,12.388501794573996,12.388501794573996,0.0,5,5,1587,1.3928215353938205,,0
2020-08-18,2020-08-18,2,bb1639e8e2047c9a82257783cf7eeba3923dbf447292fbed232393c094239aaa,v11_8b8e4ce1b2b4fa5e47d6,False,False,False,512890,512890,512890,False,False,False,12.388501794573996,12.397369727139903,12.397369727139903,0.0,6,6,1587,1.3938185443669011,,0
2020-08-19,2020-08-19,2,bb1639e8e2047c9a82257783cf7eeba3923dbf447292fbed232393c094239aaa,v11_8b8e4ce1b2b4fa5e47d6,False,False,False,512890,512890,512890,False,False,False,12.397369727139903,12.335294199178543,12.335294199178543,0.0,7,7,1587,1.3938185443669011,,0
2020-08-20,2020-08-20,2,bb1639e8e2047c9a82257783cf7eeba3923dbf447292fbed232393c094239aaa,v11_8b8e4ce1b2b4fa5e47d6,False,False,False,512890,512890,512890,False,False,False,12.335294199178543,12.193407278124008,12.193407278124008,0.0,8,8,1587,1.3938185443669011,,0
2020-08-21,2020-08-21,2,bb1639e8e2047c9a82257783cf7eeba3923dbf447292fbed232393c094239aaa,v11_8b8e4ce1b2b4fa5e47d6,False,False,False,512890,512890,512890,False,False,False,12.193407278124008,12.175671412992191,12.175671412992191,0.0,9,9,1587,1.3938185443669011,,0
2020-08-24,2020-08-24,2,bb1639e8e2047c9a82257783cf7eeba3923dbf447292fbed232393c094239aaa,v11_8b8e4ce1b2b4fa5e47d6,False,False,False,512890,513100,513100,False,False,True,12.175671412992191,12.255482806085364,12.253031709524148,0.002451096561217073,10,0,1587,4.404212637913746,,0
2020-08-25,2020-08-25,2,bb1639e8e2047c9a82257783cf7eeba3923dbf447292fbed232393c094239aaa,v11_8b8e4ce1b2b4fa5e47d6,False,False,False,513100,513100,513100,False,False,False,12.253031709524148,12.811129259491087,12.811129259491087,0.0,1,1,1587,4.604814443329995,,0
2020-08-26,2020-08-26,2,bb1639e8e2047c9a82257783cf7eeba3923dbf447292fbed232393c094239aaa,v11_8b8e4ce1b2b4fa5e47d6,False,False,False,513100,513100,513100,False,False,False,12.811129259491087,12.565566337505636,12.565566337505636,0.0,2,2,1587,4.604814443329995,,0
2020-08-27,2020-08-27,2,bb1639e8e2047c9a82257783cf7eeba3923dbf447292fbed232393c094239aaa,v11_8b8e4ce1b2b4fa5e47d6,False,False,False,513100,513100,513100,False,False,False,12.565566337505636,13.106920960973566,13.106920960973566,0.0,3,3,1587,4.711133400200607,,0
2020-08-28,2020-08-28,2,bb1639e8e2047c9a82257783cf7eeba3923dbf447292fbed232393c094239aaa,v11_8b8e4ce1b2b4fa5e47d6,False,False,False,513100,513100,513100,False,False,False,13.106920960973566,13.385969735957035,13.385969735957035,0.0,4,4,1587,4.811434302908731,,0
2020-08-31,2020-08-31,2,bb1639e8e2047c9a82257783cf7eeba3923dbf447292fbed232393c094239aaa,v11_8b8e4ce1b2b4fa5e47d6,False,False,False,513100,513100,513100,False,False,False,13.385969735957035,14.11428703866389,14.11428703866389,0.0,5,5,1587,5.073219658976936,,0
2020-09-01,2020-09-01,2,bb1639e8e2047c9a82257783cf7eeba3923dbf447292fbed232393c094239aaa,v11_8b8e4ce1b2b4fa5e47d6,False,False,False,513100,513100,513100,False,False,False,14.11428703866389,13.924533871675132,13.924533871675132,0.0,6,6,1587,5.073219658976936,,0
2020-09-02,2020-09-02,2,bb1639e8e2047c9a82257783cf7eeba3923dbf447292fbed232393c094239aaa,v11_8b8e4ce1b2b4fa5e47d6,False,False,False,513100,513100,513100,False,False,False,13.924533871675132,14.491002884891573,14.491002884891573,0.0,7,7,1587,5.208625877632904,,0
2020-09-03,2020-09-03,2,bb1639e8e2047c9a82257783cf7eeba3923dbf447292fbed232393c094239aaa,v11_8b8e4ce1b2b4fa5e47d6,False,False,False,513100,513100,513100,False,False,False,14.491002884891573,14.803537512873058,14.803537512873058,0.0,8,8,1587,5.320962888666003,,0
2020-09-04,2020-09-04,2,bb1639e8e2047c9a82257783cf7eeba3923dbf447292fbed232393c094239aaa,v11_8b8e4ce1b2b4fa5e47d6,False,False,False,513100,510300,510300,True,False,True,14.803537512873058,13.522703635698935,13.519999094971796,0.0027045407271397873,9,0,1587,2.097142256578488,,0
2020-09-07,2020-09-07,2,bb1639e8e2047c9a82257783cf7eeba3923dbf447292fbed232393c094239aaa,v11_8b8e4ce1b2b4fa5e47d6,False,False,False,510300,513100,513100,True,False,True,13.519999094971796,13.24842321752051,13.245773532877006,0.0026496846435041022,1,0,1587,4.497492477432301,,0
2020-09-08,2020-09-08,2,bb1639e8e2047c9a82257783cf7eeba3923dbf447292fbed232393c094239aaa,v11_8b8e4ce1b2b4fa5e47d6,False,False,False,513100,513100,513100,False,False,False,13.245773532877006,13.95473554177319,13.95473554177319,0.0,1,1,1587,4.7382146439318005,,0
2020-09-09,2020-09-09,2,bb1639e8e2047c9a82257783cf7eeba3923dbf447292fbed232393c094239aaa,v11_8b8e4ce1b2b4fa5e47d6,False,False,False,513100,513100,513100,False,False,False,13.95473554177319,13.239865516136206,13.239865516136206,0.0,2,2,1587,4.7382146439318005,,0
2020-09-10,2020-09-10,2,bb1639e8e2047c9a82257783cf7eeba3923dbf447292fbed232393c094239aaa,v11_8b8e4ce1b2b4fa5e47d6,False,False,False,513100,513100,513100,False,False,False,13.239865516136206,13.615024579177103,13.615024579177103,0.0,3,3,1587,4.7382146439318005,,0
2020-09-11,2020-09-11,2,bb1639e8e2047c9a82257783cf7eeba3923dbf447292fbed232393c094239aaa,v11_8b8e4ce1b2b4fa5e47d6,False,False,False,513100,513100,513100,False,False,False,13.615024579177103,13.378703909545042,13.378703909545042,0.0,4,4,1587,4.7382146439318005,,0
2020-09-14,2020-09-14,2,bb1639e8e2047c9a82257783cf7eeba3923dbf447292fbed232393c094239aaa,v11_8b8e4ce1b2b4fa5e47d6,False,False,False,513100,513100,513100,False,False,False,13.378703909545042,13.747954955845135,13.747954955845135,0.0,5,5,1587,4.7382146439318005,,0
2020-09-15,2020-09-15,2,bb1639e8e2047c9a82257783cf7eeba3923dbf447292fbed232393c094239aaa,v11_8b8e4ce1b2b4fa5e47d6,False,False,False,513100,513100,513100,False,False,False,13.747954955845135,14.211734269998052,14.211734269998052,0.0,6,6,1587,4.8254764292878685,,0
2020-09-16,2020-09-16,2,bb1639e8e2047c9a82257783cf7eeba3923dbf447292fbed232393c094239aaa,v11_8b8e4ce1b2b4fa5e47d6,False,False,False,513100,513100,513100,False,False,False,14.211734269998052,14.185148194664444,14.185148194664444,0.0,7,7,1587,4.8254764292878685,,0
2020-09-17,2020-09-17,2,bb1639e8e2047c9a82257783cf7eeba3923dbf447292fbed232393c094239aaa,v11_8b8e4ce1b2b4fa5e47d6,False,False,False,513100,513100,513100,False,False,False,14.185148194664444,13.600254537325096,13.600254537325096,0.0,8,8,1587,4.8254764292878685,,0
2020-09-18,2020-09-18,2,bb1639e8e2047c9a82257783cf7eeba3923dbf447292fbed232393c094239aaa,v11_8b8e4ce1b2b4fa5e47d6,False,False,False,513100,513100,513100,False,False,False,13.600254537325096,14.064033851478014,14.064033851478014,0.0,9,9,1587,4.8254764292878685,,0
2020-09-21,2020-09-21,2,bb1639e8e2047c9a82257783cf7eeba3923dbf447292fbed232393c094239aaa,v11_8b8e4ce1b2b4fa5e47d6,False,False,False,513100,513100,513100,False,False,False,14.064033851478014,13.786357064660342,13.786357064660342,0.0,10,10,1587,4.8254764292878685,,0
2020-09-22,2020-09-22,2,bb1639e8e2047c9a82257783cf7eeba3923dbf447292fbed232393c094239aaa,v11_8b8e4ce1b2b4fa5e47d6,False,False,False,513100,513100,513100,False,False,False,13.786357064660342,13.567760445250686,13.567760445250686,0.0,11,11,1587,4.8254764292878685,,0
2020-09-23,2020-09-23,2,bb1639e8e2047c9a82257783cf7eeba3923dbf447292fbed232393c094239aaa,v11_8b8e4ce1b2b4fa5e47d6,False,False,False,513100,513100,513100,False,False,False,13.567760445250686,13.750908964215533,13.750908964215533,0.0,12,12,1587,4.8254764292878685,,0
2020-09-24,2020-09-24,2,bb1639e8e2047c9a82257783cf7eeba3923dbf447292fbed232393c094239aaa,v11_8b8e4ce1b2b4fa5e47d6,False,False,False,513100,513100,513100,False,False,False,13.750908964215533,13.2369115077658,13.2369115077658,0.0,13,13,1587,4.8254764292878685,,0
2020-09-25,2020-09-25,2,bb1639e8e2047c9a82257783cf7eeba3923dbf447292fbed232393c094239aaa,v11_8b8e4ce1b2b4fa5e47d6,False,False,False,513100,513100,513100,False,False,False,13.2369115077658,13.130567206431373,13.130567206431373,0.0,14,14,1587,4.8254764292878685,,0
2020-09-28,2020-09-28,2,bb1639e8e2047c9a82257783cf7eeba3923dbf447292fbed232393c094239aaa,v11_8b8e4ce1b2b4fa5e47d6,False,False,False,513100,513100,513100,False,False,False,13.130567206431373,13.352117834211429,13.352117834211429,0.0,15,15,1587,4.8254764292878685,,0
2020-09-29,2020-09-29,2,bb1639e8e2047c9a82257783cf7eeba3923dbf447292fbed232393c094239aaa,v11_8b8e4ce1b2b4fa5e47d6,False,False,False,513100,513100,513100,False,False,False,13.352117834211429,13.428922051841852,13.428922051841852,0.0,16,16,1587,4.8254764292878685,,0
2020-09-30,2020-09-30,2,bb1639e8e2047c9a82257783cf7eeba3923dbf447292fbed232393c094239aaa,v11_8b8e4ce1b2b4fa5e47d6,False,False,False,513100,513100,513100,False,False,False,13.428922051841852,13.455508127175458,13.455508127175458,0.0,17,17,1587,4.8254764292878685,,0
2020-10-09,2020-10-09,2,bb1639e8e2047c9a82257783cf7eeba3923dbf447292fbed232393c094239aaa,v11_8b8e4ce1b2b4fa5e47d6,False,False,False,513100,513100,513100,False,False,False,13.455508127175458,13.718414872141125,13.718414872141125,0.0,18,18,1587,4.8254764292878685,,0
2020-10-12,2020-10-12,2,bb1639e8e2047c9a82257783cf7eeba3923dbf447292fbed232393c094239aaa,v11_8b8e4ce1b2b4fa5e47d6,False,False,False,513100,159915,159915,False,False,True,13.718414872141125,13.804081114882747,13.801320298659771,0.0027608162229765497,19,0,1587,3.366373902132982,,0
2020-10-13,2020-10-13,2,bb1639e8e2047c9a82257783cf7eeba3923dbf447292fbed232393c094239aaa,v11_8b8e4ce1b2b4fa5e47d6,False,False,False,159915,159915,159915,False,False,False,13.801320298659771,13.827040239581612,13.827040239581612,0.0,1,1,1587,3.3726474278544374,,0
2020-10-14,2020-10-14,2,bb1639e8e2047c9a82257783cf7eeba3923dbf447292fbed232393c094239aaa,v11_8b8e4ce1b2b4fa5e47d6,False,False,False,159915,159915,159915,False,False,False,13.827040239581612,13.724160475894248,13.724160475894248,0.0,2,2,1587,3.3726474278544374,,0
2020-10-15,2020-10-15,2,bb1639e8e2047c9a82257783cf7eeba3923dbf447292fbed232393c094239aaa,v11_8b8e4ce1b2b4fa5e47d6,False,False,False,159915,159915,159915,False,False,False,13.724160475894248,13.631568688575621,13.631568688575621,0.0,3,3,1587,3.3726474278544374,,0
2020-10-16,2020-10-16,2,bb1639e8e2047c9a82257783cf7eeba3923dbf447292fbed232393c094239aaa,v11_8b8e4ce1b2b4fa5e47d6,False,False,False,159915,159915,159915,False,False,False,13.631568688575621,13.54926487762573,13.54926487762573,0.0,4,4,1587,3.3726474278544374,,0
2020-10-19,2020-10-19,2,bb1639e8e2047c9a82257783cf7eeba3923dbf447292fbed232393c094239aaa,v11_8b8e4ce1b2b4fa5e47d6,False,False,False,159915,159915,159915,False,False,False,13.54926487762573,13.374369279357213,13.374369279357213,0.0,5,5,1587,3.3726474278544374,,0
2020-10-20,2020-10-20,2,bb1639e8e2047c9a82257783cf7eeba3923dbf447292fbed232393c094239aaa,v11_8b8e4ce1b2b4fa5e47d6,False,False,False,159915,159915,159915,False,False,False,13.374369279357213,13.605848747653779,13.605848747653779,0.0,6,6,1587,3.3726474278544374,,0
2020-10-21,2020-10-21,2,bb1639e8e2047c9a82257783cf7eeba3923dbf447292fbed232393c094239aaa,v11_8b8e4ce1b2b4fa5e47d6,False,False,False,159915,159915,159915,False,False,False,13.605848747653779,13.43609713756963,13.43609713756963,0.0,7,7,1587,3.3726474278544374,,0
2020-10-22,2020-10-22,2,bb1639e8e2047c9a82257783cf7eeba3923dbf447292fbed232393c094239aaa,v11_8b8e4ce1b2b4fa5e47d6,False,False,False,159915,159915,159915,False,False,False,13.43609713756963,13.281777492038586,13.281777492038586,0.0,8,8,1587,3.3726474278544374,,0
2020-10-23,2020-10-23,2,bb1639e8e2047c9a82257783cf7eeba3923dbf447292fbed232393c094239aaa,v11_8b8e4ce1b2b4fa5e47d6,False,False,False,159915,159915,159915,False,False,False,13.281777492038586,12.94227427187029,12.94227427187029,0.0,9,9,1587,3.3726474278544374,,0
2020-10-26,2020-10-26,2,bb1639e8e2047c9a82257783cf7eeba3923dbf447292fbed232393c094239aaa,v11_8b8e4ce1b2b4fa5e47d6,False,False,False,159915,159915,159915,False,False,False,12.94227427187029,13.029722071004548,13.029722071004548,0.0,10,10,1587,3.3726474278544374,,0
2020-10-27,2020-10-27,2,bb1639e8e2047c9a82257783cf7eeba3923dbf447292fbed232393c094239aaa,v11_8b8e4ce1b2b4fa5e47d6,False,False,False,159915,159915,159915,False,False,False,13.029722071004548,13.168609751982489,13.168609751982489,0.0,11,11,1587,3.3726474278544374,,0
2020-10-28,2020-10-28,2,bb1639e8e2047c9a82257783cf7eeba3923dbf447292fbed232393c094239aaa,v11_8b8e4ce1b2b4fa5e47d6,False,False,False,159915,159915,159915,False,False,False,13.168609751982489,13.256057551116747,13.256057551116747,0.0,12,12,1587,3.3726474278544374,,0
2020-10-29,2020-10-29,2,bb1639e8e2047c9a82257783cf7eeba3923dbf447292fbed232393c094239aaa,v11_8b8e4ce1b2b4fa5e47d6,False,False,False,159915,159915,159915,False,False,False,13.256057551116747,13.410377196647792,13.410377196647792,0.0,13,13,1587,3.3726474278544374,,0
2020-10-30,2020-10-30,2,bb1639e8e2047c9a82257783cf7eeba3923dbf447292fbed232393c094239aaa,v11_8b8e4ce1b2b4fa5e47d6,False,False,False,159915,159915,159915,False,False,False,13.410377196647792,13.184041716535592,13.184041716535592,0.0,14,14,1587,3.3726474278544374,,0
2020-11-02,2020-11-02,2,bb1639e8e2047c9a82257783cf7eeba3923dbf447292fbed232393c094239aaa,v11_8b8e4ce1b2b4fa5e47d6,False,False,False,159915,159915,159915,False,False,False,13.184041716535592,13.461817078491473,13.461817078491473,0.0,15,15,1587,3.3726474278544374,,0
2020-11-03,2020-11-03,2,bb1639e8e2047c9a82257783cf7eeba3923dbf447292fbed232393c094239aaa,v11_8b8e4ce1b2b4fa5e47d6,False,False,False,159915,159915,159915,False,False,False,13.461817078491473,13.626424700391254,13.626424700391254,0.0,16,16,1587,3.3726474278544374,,0
2020-11-04,2020-11-04,2,bb1639e8e2047c9a82257783cf7eeba3923dbf447292fbed232393c094239aaa,v11_8b8e4ce1b2b4fa5e47d6,False,False,False,159915,159915,159915,False,False,False,13.626424700391254,13.672720594050567,13.672720594050567,0.0,17,17,1587,3.3726474278544374,,0
2020-11-05,2020-11-05,2,bb1639e8e2047c9a82257783cf7eeba3923dbf447292fbed232393c094239aaa,v11_8b8e4ce1b2b4fa5e47d6,False,False,False,159915,512400,512400,False,False,True,13.672720594050567,13.837328215950349,13.834560750307158,0.00276746564319007,18,0,1587,0.8214285714285732,,0
2020-11-06,2020-11-06,2,bb1639e8e2047c9a82257783cf7eeba3923dbf447292fbed232393c094239aaa,v11_8b8e4ce1b2b4fa5e47d6,False,False,False,512400,512400,512400,False,False,False,13.834560750307158,14.04589951617554,14.04589951617554,0.0,1,1,1587,0.8339768339768358,,0
2020-11-09,2020-11-09,2,bb1639e8e2047c9a82257783cf7eeba3923dbf447292fbed232393c094239aaa,v11_8b8e4ce1b2b4fa5e47d6,False,False,False,512400,512400,512400,False,False,False,14.04589951617554,14.582374844918355,14.582374844918355,0.0,2,2,1587,0.8658301158301176,,0
2020-11-10,2020-11-10,2,bb1639e8e2047c9a82257783cf7eeba3923dbf447292fbed232393c094239aaa,v11_8b8e4ce1b2b4fa5e47d6,False,False,False,512400,512400,512400,False,False,False,14.582374844918355,14.224724625756478,14.224724625756478,0.0,3,3,1587,0.8658301158301176,,0
2020-11-11,2020-11-11,2,bb1639e8e2047c9a82257783cf7eeba3923dbf447292fbed232393c094239aaa,v11_8b8e4ce1b2b4fa5e47d6,False,False,False,512400,512400,512400,False,False,False,14.224724625756478,14.078413172462982,14.078413172462982,0.0,4,4,1587,0.8658301158301176,,0
2020-11-12,2020-11-12,2,bb1639e8e2047c9a82257783cf7eeba3923dbf447292fbed232393c094239aaa,v11_8b8e4ce1b2b4fa5e47d6,False,False,False,512400,512400,512400,False,False,False,14.078413172462982,14.127183656894147,14.127183656894147,0.0,5,5,1587,0.8658301158301176,,0
2020-11-13,2020-11-13,2,bb1639e8e2047c9a82257783cf7eeba3923dbf447292fbed232393c094239aaa,v11_8b8e4ce1b2b4fa5e47d6,False,False,False,512400,512400,512400,False,False,False,14.127183656894147,14.322265594618807,14.322265594618807,0.0,6,6,1587,0.8658301158301176,,0
2020-11-16,2020-11-16,2,bb1639e8e2047c9a82257783cf7eeba3923dbf447292fbed232393c094239aaa,v11_8b8e4ce1b2b4fa5e47d6,False,False,False,512400,512400,512400,False,False,False,14.322265594618807,15.005052376655119,15.005052376655119,0.0,7,7,1587,0.8909266409266429,,0
2020-11-17,2020-11-17,2,bb1639e8e2047c9a82257783cf7eeba3923dbf447292fbed232393c094239aaa,v11_8b8e4ce1b2b4fa5e47d6,False,False,False,512400,512400,512400,False,False,False,15.005052376655119,14.761199954499293,14.761199954499293,0.0,8,8,1587,0.8909266409266429,,0
2020-11-18,2020-11-18,2,bb1639e8e2047c9a82257783cf7eeba3923dbf447292fbed232393c094239aaa,v11_8b8e4ce1b2b4fa5e47d6,False,False,False,512400,512400,512400,False,False,False,14.761199954499293,14.842484095217902,14.842484095217902,0.0,9,9,1587,0.8909266409266429,,0
2020-11-19,2020-11-19,2,bb1639e8e2047c9a82257783cf7eeba3923dbf447292fbed232393c094239aaa,v11_8b8e4ce1b2b4fa5e47d6,False,False,False,512400,512400,512400,False,False,False,14.842484095217902,14.63114532934952,14.63114532934952,0.0,10,10,1587,0.8909266409266429,,0
2020-11-20,2020-11-20,2,bb1639e8e2047c9a82257783cf7eeba3923dbf447292fbed232393c094239aaa,v11_8b8e4ce1b2b4fa5e47d6,False,False,False,512400,512400,512400,False,False,False,14.63114532934952,15.18387748623606,15.18387748623606,0.0,11,11,1587,0.9015444015444036,,0
2020-11-23,2020-11-23,2,bb1639e8e2047c9a82257783cf7eeba3923dbf447292fbed232393c094239aaa,v11_8b8e4ce1b2b4fa5e47d6,False,False,False,512400,512400,512400,False,False,False,15.18387748623606,15.671582330547707,15.671582330547707,0.0,12,12,1587,0.9305019305019324,,0
2020-11-24,2020-11-24,2,bb1639e8e2047c9a82257783cf7eeba3923dbf447292fbed232393c094239aaa,v11_8b8e4ce1b2b4fa5e47d6,False,False,False,512400,512400,512400,False,False,False,15.671582330547707,15.866664268272366,15.866664268272366,0.0,13,13,1587,0.942084942084944,,0
2020-11-25,2020-11-25,2,bb1639e8e2047c9a82257783cf7eeba3923dbf447292fbed232393c094239aaa,v11_8b8e4ce1b2b4fa5e47d6,False,False,False,512400,512400,512400,False,False,False,15.866664268272366,15.42772990839188,15.42772990839188,0.0,14,14,1587,0.942084942084944,,0
2020-11-26,2020-11-26,2,bb1639e8e2047c9a82257783cf7eeba3923dbf447292fbed232393c094239aaa,v11_8b8e4ce1b2b4fa5e47d6,False,False,False,512400,512400,512400,False,False,False,15.42772990839188,15.42772990839188,15.42772990839188,0.0,15,15,1587,0.942084942084944,,0
2020-11-27,2020-11-27,2,bb1639e8e2047c9a82257783cf7eeba3923dbf447292fbed232393c094239aaa,v11_8b8e4ce1b2b4fa5e47d6,False,False,False,512400,512400,512400,False,False,False,15.42772990839188,15.362702595816994,15.362702595816994,0.0,16,16,1587,0.942084942084944,,0
2020-11-30,2020-11-30,2,bb1639e8e2047c9a82257783cf7eeba3923dbf447292fbed232393c094239aaa,v11_8b8e4ce1b2b4fa5e47d6,False,False,False,512400,512400,512400,False,False,False,15.362702595816994,15.574041361685378,15.574041361685378,0.0,17,17,1587,0.942084942084944,,0
2020-12-01,2020-12-01,2,bb1639e8e2047c9a82257783cf7eeba3923dbf447292fbed232393c094239aaa,v11_8b8e4ce1b2b4fa5e47d6,False,False,False,512400,512400,512400,False,False,False,15.574041361685378,15.704095986835151,15.704095986835151,0.0,18,18,1587,0.942084942084944,,0
2020-12-02,2020-12-02,2,bb1639e8e2047c9a82257783cf7eeba3923dbf447292fbed232393c094239aaa,v11_8b8e4ce1b2b4fa5e47d6,False,False,False,512400,512400,512400,False,False,False,15.704095986835151,15.606555017972822,15.606555017972822,0.0,19,19,1587,0.942084942084944,,0
2020-12-03,2020-12-03,2,bb1639e8e2047c9a82257783cf7eeba3923dbf447292fbed232393c094239aaa,v11_8b8e4ce1b2b4fa5e47d6,False,False,False,512400,512400,512400,False,False,False,15.606555017972822,15.118850173661173,15.118850173661173,0.0,20,20,1587,0.942084942084944,,0
2020-12-04,2020-12-04,2,bb1639e8e2047c9a82257783cf7eeba3923dbf447292fbed232393c094239aaa,v11_8b8e4ce1b2b4fa5e47d6,False,False,False,512400,512400,512400,False,False,False,15.118850173661173,15.492757220966771,15.492757220966771,0.0,21,21,1587,0.942084942084944,,0
2020-12-07,2020-12-07,2,bb1639e8e2047c9a82257783cf7eeba3923dbf447292fbed232393c094239aaa,v11_8b8e4ce1b2b4fa5e47d6,False,False,False,512400,512400,512400,False,False,False,15.492757220966771,15.346445767673275,15.346445767673275,0.0,22,22,1587,0.942084942084944,,0
2020-12-08,2020-12-08,2,bb1639e8e2047c9a82257783cf7eeba3923dbf447292fbed232393c094239aaa,v11_8b8e4ce1b2b4fa5e47d6,False,False,False,512400,512400,512400,False,False,False,15.346445767673275,15.39521625210444,15.39521625210444,0.0,23,23,1587,0.942084942084944,,0
2020-12-09,2020-12-09,2,bb1639e8e2047c9a82257783cf7eeba3923dbf447292fbed232393c094239aaa,v11_8b8e4ce1b2b4fa5e47d6,False,False,False,512400,512400,512400,False,False,False,15.39521625210444,15.200134314379781,15.200134314379781,0.0,24,24,1587,0.942084942084944,,0
2020-12-10,2020-12-10,2,bb1639e8e2047c9a82257783cf7eeba3923dbf447292fbed232393c094239aaa,v11_8b8e4ce1b2b4fa5e47d6,False,False,False,512400,512400,512400,False,False,False,15.200134314379781,14.9887955485114,14.9887955485114,0.0,25,25,1587,0.942084942084944,,0
2020-12-11,2020-12-11,2,bb1639e8e2047c9a82257783cf7eeba3923dbf447292fbed232393c094239aaa,v11_8b8e4ce1b2b4fa5e47d6,False,False,False,512400,512400,512400,False,False,False,14.9887955485114,14.826227267074183,14.826227267074183,0.0,26,26,1587,0.942084942084944,,0
2020-12-14,2020-12-14,2,bb1639e8e2047c9a82257783cf7eeba3923dbf447292fbed232393c094239aaa,v11_8b8e4ce1b2b4fa5e47d6,False,False,False,512400,159915,159915,False,False,True,14.826227267074183,14.940025064080235,14.93703705906742,0.002988005012816047,27,0,1587,3.3136762860727558,,0
2020-12-15,2020-12-15,2,bb1639e8e2047c9a82257783cf7eeba3923dbf447292fbed232393c094239aaa,v11_8b8e4ce1b2b4fa5e47d6,False,False,False,159915,159915,159915,False,False,False,14.93703705906742,15.084088540906022,15.084088540906022,0.0,1,1,1587,3.3462986198243234,,0
2020-12-16,2020-12-16,2,bb1639e8e2047c9a82257783cf7eeba3923dbf447292fbed232393c094239aaa,v11_8b8e4ce1b2b4fa5e47d6,False,False,False,159915,159915,159915,False,False,False,15.084088540906022,15.084088540906022,15.084088540906022,0.0,2,2,1587,3.3462986198243234,,0
2020-12-17,2020-12-17,2,bb1639e8e2047c9a82257783cf7eeba3923dbf447292fbed232393c094239aaa,v11_8b8e4ce1b2b4fa5e47d6,False,False,False,159915,159915,159915,False,False,False,15.084088540906022,15.236795848969189,15.236795848969189,0.0,3,3,1587,3.380175658720183,,0
2020-12-18,2020-12-18,2,bb1639e8e2047c9a82257783cf7eeba3923dbf447292fbed232393c094239aaa,v11_8b8e4ce1b2b4fa5e47d6,False,False,False,159915,159915,159915,False,False,False,15.236795848969189,15.20286089162182,15.20286089162182,0.0,4,4,1587,3.380175658720183,,0
2020-12-21,2020-12-21,2,bb1639e8e2047c9a82257783cf7eeba3923dbf447292fbed232393c094239aaa,v11_8b8e4ce1b2b4fa5e47d6,False,False,False,159915,159915,159915,False,False,False,15.20286089162182,15.71188525183237,15.71188525183237,0.0,5,5,1587,3.485570890840634,,0
2020-12-22,2020-12-22,2,bb1639e8e2047c9a82257783cf7eeba3923dbf447292fbed232393c094239aaa,v11_8b8e4ce1b2b4fa5e47d6,False,False,False,159915,513100,513100,True,False,True,15.71188525183237,15.37253567835867,15.369461171222998,0.003074507135671734,6,0,1587,4.31193580742227,,0
2020-12-23,2020-12-23,2,bb1639e8e2047c9a82257783cf7eeba3923dbf447292fbed232393c094239aaa,v11_8b8e4ce1b2b4fa5e47d6,False,False,False,513100,159915,159915,False,False,True,15.369461171222998,15.426663166742784,15.423577834109436,0.003085332633348557,1,0,1587,3.444165621079028,,0
2020-12-24,2020-12-24,2,bb1639e8e2047c9a82257783cf7eeba3923dbf447292fbed232393c094239aaa,v11_8b8e4ce1b2b4fa5e47d6,False,False,False,159915,159915,159915,False,False,False,15.423577834109436,15.3168208290646,15.3168208290646,0.0,1,1,1587,3.444165621079028,,0
2020-12-25,2020-12-25,2,bb1639e8e2047c9a82257783cf7eeba3923dbf447292fbed232393c094239aaa,v11_8b8e4ce1b2b4fa5e47d6,False,False,False,159915,159915,159915,False,False,False,15.3168208290646,15.446052993066244,15.446052993066244,0.0,2,2,1587,3.4491844416561923,,0
2020-12-28,2020-12-28,2,bb1639e8e2047c9a82257783cf7eeba3923dbf447292fbed232393c094239aaa,v11_8b8e4ce1b2b4fa5e47d6,False,False,False,159915,159915,159915,False,False,False,15.446052993066244,15.423577834109436,15.423577834109436,0.0,3,3,1587,3.4491844416561923,,0
2020-12-29,2020-12-29,2,bb1639e8e2047c9a82257783cf7eeba3923dbf447292fbed232393c094239aaa,v11_8b8e4ce1b2b4fa5e47d6,False,False,False,159915,159915,159915,False,False,False,15.423577834109436,15.26625172141178,15.26625172141178,0.0,4,4,1587,3.4491844416561923,,0
2020-12-30,2020-12-30,2,bb1639e8e2047c9a82257783cf7eeba3923dbf447292fbed232393c094239aaa,v11_8b8e4ce1b2b4fa5e47d6,False,False,False,159915,159915,159915,False,False,False,15.26625172141178,15.726992480026341,15.726992480026341,0.0,5,5,1587,3.511919698870746,,0
2020-12-31,2020-12-31,2,bb1639e8e2047c9a82257783cf7eeba3923dbf447292fbed232393c094239aaa,v11_8b8e4ce1b2b4fa5e47d6,False,False,False,159915,159915,159915,False,False,False,15.726992480026341,16.103451392552877,16.103451392552877,0.0,6,6,1587,3.5959849435382494,,0
2021-01-04,2021-01-04,2,bb1639e8e2047c9a82257783cf7eeba3923dbf447292fbed232393c094239aaa,v11_8b8e4ce1b2b4fa5e47d6,False,False,False,159915,159915,159915,False,False,False,16.103451392552877,16.721518263865093,16.721518263865093,0.0,7,7,1587,3.7340025094102685,,0
2021-01-05,2021-01-05,2,bb1639e8e2047c9a82257783cf7eeba3923dbf447292fbed232393c094239aaa,v11_8b8e4ce1b2b4fa5e47d6,False,False,False,159915,159915,159915,False,False,False,16.721518263865093,16.78894374073552,16.78894374073552,0.0,8,8,1587,3.749058971141762,,0
2021-01-06,2021-01-06,2,bb1639e8e2047c9a82257783cf7eeba3923dbf447292fbed232393c094239aaa,v11_8b8e4ce1b2b4fa5e47d6,False,False,False,159915,159915,159915,False,False,False,16.78894374073552,16.87322558682355,16.87322558682355,0.0,9,9,1587,3.7678795483061283,,0
2021-01-07,2021-01-07,2,bb1639e8e2047c9a82257783cf7eeba3923dbf447292fbed232393c094239aaa,v11_8b8e4ce1b2b4fa5e47d6,False,False,False,159915,159915,159915,False,False,False,16.87322558682355,17.171021443001255,17.171021443001255,0.0,10,10,1587,3.8343789209535557,,0
2021-01-08,2021-01-08,2,bb1639e8e2047c9a82257783cf7eeba3923dbf447292fbed232393c094239aaa,v11_8b8e4ce1b2b4fa5e47d6,False,False,False,159915,159915,159915,False,False,False,17.171021443001255,17.058645648217215,17.058645648217215,0.0,11,11,1587,3.8343789209535557,,0
2021-01-11,2021-01-11,2,bb1639e8e2047c9a82257783cf7eeba3923dbf447292fbed232393c094239aaa,v11_8b8e4ce1b2b4fa5e47d6,False,False,False,159915,159915,159915,False,False,False,17.058645648217215,16.79456253047472,16.79456253047472,0.0,12,12,1587,3.8343789209535557,,0
2021-01-12,2021-01-12,2,bb1639e8e2047c9a82257783cf7eeba3923dbf447292fbed232393c094239aaa,v11_8b8e4ce1b2b4fa5e47d6,False,False,False,159915,159915,159915,False,False,False,16.79456253047472,17.283397237785294,17.283397237785294,0.0,13,13,1587,3.859473023839377,,0
2021-01-13,2021-01-13,2,bb1639e8e2047c9a82257783cf7eeba3923dbf447292fbed232393c094239aaa,v11_8b8e4ce1b2b4fa5e47d6,False,False,False,159915,159915,159915,False,False,False,17.283397237785294,16.99683896108599,16.99683896108599,0.0,14,14,1587,3.859473023839377,,0
2021-01-14,2021-01-14,2,bb1639e8e2047c9a82257783cf7eeba3923dbf447292fbed232393c094239aaa,v11_8b8e4ce1b2b4fa5e47d6,False,False,False,159915,159915,159915,False,False,False,16.99683896108599,16.783324950996317,16.783324950996317,0.0,15,15,1587,3.859473023839377,,0
2021-01-15,2021-01-15,2,bb1639e8e2047c9a82257783cf7eeba3923dbf447292fbed232393c094239aaa,v11_8b8e4ce1b2b4fa5e47d6,False,False,False,159915,159915,159915,False,False,False,16.783324950996317,16.800181320213923,16.800181320213923,0.0,16,16,1587,3.859473023839377,,0
2021-01-18,2021-01-18,2,bb1639e8e2047c9a82257783cf7eeba3923dbf447292fbed232393c094239aaa,v11_8b8e4ce1b2b4fa5e47d6,False,False,False,159915,159915,159915,False,False,False,16.800181320213923,17.114833545609233,17.114833545609233,0.0,17,17,1587,3.859473023839377,,0
2021-01-19,2021-01-19,2,bb1639e8e2047c9a82257783cf7eeba3923dbf447292fbed232393c094239aaa,v11_8b8e4ce1b2b4fa5e47d6,False,False,False,159915,159915,159915,False,False,False,17.114833545609233,16.721518263865097,16.721518263865097,0.0,18,18,1587,3.859473023839377,,0
2021-01-20,2021-01-20,2,bb1639e8e2047c9a82257783cf7eeba3923dbf447292fbed232393c094239aaa,v11_8b8e4ce1b2b4fa5e47d6,False,False,False,159915,159915,159915,False,False,False,16.721518263865097,17.395773032569334,17.395773032569334,0.0,19,19,1587,3.884567126725198,,0
2021-01-21,2021-01-21,2,bb1639e8e2047c9a82257783cf7eeba3923dbf447292fbed232393c094239aaa,v11_8b8e4ce1b2b4fa5e47d6,False,False,False,159915,159915,159915,False,False,False,17.395773032569334,17.845276211705496,17.845276211705496,0.0,20,20,1587,3.9849435382684852,,0
2021-01-22,2021-01-22,2,bb1639e8e2047c9a82257783cf7eeba3923dbf447292fbed232393c094239aaa,v11_8b8e4ce1b2b4fa5e47d6,False,False,False,159915,159915,159915,False,False,False,17.845276211705496,18.210497544753625,18.210497544753625,0.0,21,21,1587,4.066499372647406,,0
2021-01-25,2021-01-25,2,bb1639e8e2047c9a82257783cf7eeba3923dbf447292fbed232393c094239aaa,v11_8b8e4ce1b2b4fa5e47d6,False,False,False,159915,159915,159915,False,False,False,18.210497544753625,18.216116334492828,18.216116334492828,0.0,22,22,1587,4.0677540777916965,,0
2021-01-26,2021-01-26,2,bb1639e8e2047c9a82257783cf7eeba3923dbf447292fbed232393c094239aaa,v11_8b8e4ce1b2b4fa5e47d6,False,False,False,159915,159915,159915,False,False,False,18.216116334492828,17.710425257964648,17.710425257964648,0.0,23,23,1587,4.0677540777916965,,0
2021-01-27,2021-01-27,2,bb1639e8e2047c9a82257783cf7eeba3923dbf447292fbed232393c094239aaa,v11_8b8e4ce1b2b4fa5e47d6,False,False,False,159915,159915,159915,False,False,False,17.710425257964648,17.789088314313474,17.789088314313474,0.0,24,24,1587,4.0677540777916965,,0
2021-01-28,2021-01-28,2,bb1639e8e2047c9a82257783cf7eeba3923dbf447292fbed232393c094239aaa,v11_8b8e4ce1b2b4fa5e47d6,False,False,False,159915,512400,512400,True,False,True,17.789088314313474,17.176640232740457,17.17320490469391,0.0034353280465480914,25,0,1587,1.033783783783787,,0
2021-01-29,2021-01-29,2,bb1639e8e2047c9a82257783cf7eeba3923dbf447292fbed232393c094239aaa,v11_8b8e4ce1b2b4fa5e47d6,False,False,False,512400,512400,512400,False,False,False,17.17320490469391,16.98078804301667,16.98078804301667,0.0,1,1,1587,1.033783783783787,,0
2021-02-01,2021-02-01,2,bb1639e8e2047c9a82257783cf7eeba3923dbf447292fbed232393c094239aaa,v11_8b8e4ce1b2b4fa5e47d6,False,False,False,512400,159915,159915,False,False,True,16.98078804301667,17.17320490469391,17.169770263712973,0.0034346409809387825,2,0,1587,3.834378920953554,,0
2021-02-02,2021-02-02,2,bb1639e8e2047c9a82257783cf7eeba3923dbf447292fbed232393c094239aaa,v11_8b8e4ce1b2b4fa5e47d6,False,False,False,159915,159915,159915,False,False,False,17.169770263712973,17.518109843670498,17.518109843670498,0.0,1,1,1587,3.9121706398996006,,0
2021-02-03,2021-02-03,2,bb1639e8e2047c9a82257783cf7eeba3923dbf447292fbed232393c094239aaa,v11_8b8e4ce1b2b4fa5e47d6,False,False,False,159915,159915,159915,False,False,False,17.518109843670498,17.45068927980775,17.45068927980775,0.0,2,2,1587,3.9121706398996006,,0
2021-02-04,2021-02-04,2,bb1639e8e2047c9a82257783cf7eeba3923dbf447292fbed232393c094239aaa,v11_8b8e4ce1b2b4fa5e47d6,False,False,False,159915,513100,513100,False,False,True,17.45068927980775,17.405742237232584,17.40226108878514,0.003481148447446517,3,0,1587,4.462387161484456,,0
2021-02-05,2021-02-05,2,bb1639e8e2047c9a82257783cf7eeba3923dbf447292fbed232393c094239aaa,v11_8b8e4ce1b2b4fa5e47d6,False,False,False,513100,513100,513100,False,False,False,17.40226108878514,17.633039556809038,17.633039556809038,0.0,1,1,1587,4.52156469408225,,0
2021-02-08,2021-02-08,2,bb1639e8e2047c9a82257783cf7eeba3923dbf447292fbed232393c094239aaa,v11_8b8e4ce1b2b4fa5e47d6,False,False,False,513100,513100,513100,False,False,False,17.633039556809038,17.74647304109197,17.74647304109197,0.0,2,2,1587,4.550651955867607,,0
2021-02-09,2021-02-09,2,bb1639e8e2047c9a82257783cf7eeba3923dbf447292fbed232393c094239aaa,v11_8b8e4ce1b2b4fa5e47d6,False,False,False,513100,513100,513100,False,False,False,17.74647304109197,17.74256154163394,17.74256154163394,0.0,3,3,1587,4.550651955867607,,0
2021-02-10,2021-02-10,2,bb1639e8e2047c9a82257783cf7eeba3923dbf447292fbed232393c094239aaa,v11_8b8e4ce1b2b4fa5e47d6,False,False,False,513100,513100,513100,False,False,False,17.74256154163394,17.80905703242049,17.80905703242049,0.0,4,4,1587,4.566700100300907,,0
2021-02-18,2021-02-18,2,bb1639e8e2047c9a82257783cf7eeba3923dbf447292fbed232393c094239aaa,v11_8b8e4ce1b2b4fa5e47d6,False,False,False,513100,513100,513100,False,False,False,17.80905703242049,17.726915543801816,17.726915543801816,0.0,5,5,1587,4.566700100300907,,0
2021-02-19,2021-02-19,2,bb1639e8e2047c9a82257783cf7eeba3923dbf447292fbed232393c094239aaa,v11_8b8e4ce1b2b4fa5e47d6,False,False,False,513100,513100,513100,False,False,False,17.726915543801816,17.707358046511654,17.707358046511654,0.0,6,6,1587,4.566700100300907,,0
2021-02-22,2021-02-22,2,bb1639e8e2047c9a82257783cf7eeba3923dbf447292fbed232393c094239aaa,v11_8b8e4ce1b2b4fa5e47d6,False,False,False,513100,512400,512400,False,False,True,17.707358046511654,17.550898068190364,17.547387888576726,0.003510179613638073,7,0,1587,1.2451737451737488,,0
2021-02-23,2021-02-23,2,bb1639e8e2047c9a82257783cf7eeba3923dbf447292fbed232393c094239aaa,v11_8b8e4ce1b2b4fa5e47d6,False,False,False,512400,512400,512400,False,False,False,17.547387888576726,17.180116979280932,17.180116979280932,0.0,1,1,1587,1.2451737451737488,,0
2021-02-24,2021-02-24,2,bb1639e8e2047c9a82257783cf7eeba3923dbf447292fbed232393c094239aaa,v11_8b8e4ce1b2b4fa5e47d6,False,False,False,512400,512400,512400,False,False,False,17.180116979280932,16.418369908148918,16.418369908148918,0.0,2,2,1587,1.2451737451737488,,0
2021-02-25,2021-02-25,2,bb1639e8e2047c9a82257783cf7eeba3923dbf447292fbed232393c094239aaa,v11_8b8e4ce1b2b4fa5e47d6,False,False,False,512400,512400,512400,False,False,False,16.418369908148918,16.241535766636126,16.241535766636126,0.0,3,3,1587,1.2451737451737488,,0
2021-02-26,2021-02-26,2,bb1639e8e2047c9a82257783cf7eeba3923dbf447292fbed232393c094239aaa,v11_8b8e4ce1b2b4fa5e47d6,False,False,False,512400,512890,512890,False,False,True,16.241535766636126,15.575007079395615,15.571892077979737,0.0031150014158791233,4,0,1587,1.3659022931206404,,0
2021-03-01,2021-03-01,2,bb1639e8e2047c9a82257783cf7eeba3923dbf447292fbed232393c094239aaa,v11_8b8e4ce1b2b4fa5e47d6,False,False,False,512890,512890,512890,False,False,False,15.571892077979737,15.753753591299207,15.753753591299207,0.0,1,1,1587,1.3818544366899324,,0
2021-03-02,2021-03-02,2,bb1639e8e2047c9a82257783cf7eeba3923dbf447292fbed232393c094239aaa,v11_8b8e4ce1b2b4fa5e47d6,False,False,False,512890,512890,512890,False,False,False,15.753753591299207,15.67418917922194,15.67418917922194,0.0,2,2,1587,1.3818544366899324,,0
2021-03-03,2021-03-03,2,bb1639e8e2047c9a82257783cf7eeba3923dbf447292fbed232393c094239aaa,v11_8b8e4ce1b2b4fa5e47d6,False,False,False,512890,512890,512890,False,False,False,15.67418917922194,16.026545861278414,16.026545861278414,0.0,3,3,1587,1.4057826520438708,,0
2021-03-04,2021-03-04,2,bb1639e8e2047c9a82257783cf7eeba3923dbf447292fbed232393c094239aaa,v11_8b8e4ce1b2b4fa5e47d6,False,False,False,512890,512890,512890,False,False,False,16.026545861278414,16.037912205860884,16.037912205860884,0.0,4,4,1587,1.4067796610169518,,0
2021-03-05,2021-03-05,2,bb1639e8e2047c9a82257783cf7eeba3923dbf447292fbed232393c094239aaa,v11_8b8e4ce1b2b4fa5e47d6,False,False,False,512890,512890,512890,False,False,False,16.037912205860884,15.799218969629077,15.799218969629077,0.0,5,5,1587,1.4067796610169518,,0
2021-03-08,2021-03-08,2,bb1639e8e2047c9a82257783cf7eeba3923dbf447292fbed232393c094239aaa,v11_8b8e4ce1b2b4fa5e47d6,False,False,False,512890,512890,512890,False,False,False,15.799218969629077,15.708288212969341,15.708288212969341,0.0,6,6,1587,1.4067796610169518,,0
2021-03-09,2021-03-09,2,bb1639e8e2047c9a82257783cf7eeba3923dbf447292fbed232393c094239aaa,v11_8b8e4ce1b2b4fa5e47d6,False,False,False,512890,512890,512890,False,False,False,15.708288212969341,15.583258422562208,15.583258422562208,0.0,7,7,1587,1.4067796610169518,,0
2021-03-10,2021-03-10,2,bb1639e8e2047c9a82257783cf7eeba3923dbf447292fbed232393c094239aaa,v11_8b8e4ce1b2b4fa5e47d6,False,False,False,512890,512890,512890,False,False,False,15.583258422562208,15.458228632155071,15.458228632155071,0.0,8,8,1587,1.4067796610169518,,0
2021-03-11,2021-03-11,2,bb1639e8e2047c9a82257783cf7eeba3923dbf447292fbed232393c094239aaa,v11_8b8e4ce1b2b4fa5e47d6,False,False,False,512890,512890,512890,False,False,False,15.458228632155071,15.787852625046613,15.787852625046613,0.0,9,9,1587,1.4067796610169518,,0
2021-03-12,2021-03-12,2,bb1639e8e2047c9a82257783cf7eeba3923dbf447292fbed232393c094239aaa,v11_8b8e4ce1b2b4fa5e47d6,False,False,False,512890,512890,512890,False,False,False,15.787852625046613,16.14020930710309,16.14020930710309,0.0,10,10,1587,1.4157527417746782,,0
2021-03-15,2021-03-15,2,bb1639e8e2047c9a82257783cf7eeba3923dbf447292fbed232393c094239aaa,v11_8b8e4ce1b2b4fa5e47d6,False,False,False,512890,512890,512890,False,False,False,16.14020930710309,16.21977371918036,16.21977371918036,0.0,11,11,1587,1.4227318045862438,,0
2021-03-16,2021-03-16,2,bb1639e8e2047c9a82257783cf7eeba3923dbf447292fbed232393c094239aaa,v11_8b8e4ce1b2b4fa5e47d6,False,False,False,512890,512890,512890,False,False,False,16.21977371918036,16.299338131257628,16.299338131257628,0.0,12,12,1587,1.429710867397809,,0
2021-03-17,2021-03-17,2,bb1639e8e2047c9a82257783cf7eeba3923dbf447292fbed232393c094239aaa,v11_8b8e4ce1b2b4fa5e47d6,False,False,False,512890,512890,512890,False,False,False,16.299338131257628,16.197041030015424,16.197041030015424,0.0,13,13,1587,1.429710867397809,,0
2021-03-18,2021-03-18,2,bb1639e8e2047c9a82257783cf7eeba3923dbf447292fbed232393c094239aaa,v11_8b8e4ce1b2b4fa5e47d6,False,False,False,512890,512890,512890,False,False,False,16.197041030015424,16.231140063762822,16.231140063762822,0.0,14,14,1587,1.429710867397809,,0
2021-03-19,2021-03-19,2,bb1639e8e2047c9a82257783cf7eeba3923dbf447292fbed232393c094239aaa,v11_8b8e4ce1b2b4fa5e47d6,False,False,False,512890,512890,512890,False,False,False,16.231140063762822,16.037912205860884,16.037912205860884,0.0,15,15,1587,1.429710867397809,,0
2021-03-22,2021-03-22,2,bb1639e8e2047c9a82257783cf7eeba3923dbf447292fbed232393c094239aaa,v11_8b8e4ce1b2b4fa5e47d6,False,False,False,512890,512890,512890,False,False,False,16.037912205860884,16.219773719180356,16.219773719180356,0.0,16,16,1587,1.429710867397809,,0
2021-03-23,2021-03-23,2,bb1639e8e2047c9a82257783cf7eeba3923dbf447292fbed232393c094239aaa,v11_8b8e4ce1b2b4fa5e47d6,False,False,False,512890,512890,512890,False,False,False,16.219773719180356,15.992446827531017,15.992446827531017,0.0,17,17,1587,1.429710867397809,,0
2021-03-24,2021-03-24,2,bb1639e8e2047c9a82257783cf7eeba3923dbf447292fbed232393c094239aaa,v11_8b8e4ce1b2b4fa5e47d6,False,False,False,512890,513100,513100,False,False,True,15.992446827531017,15.833318003376482,15.830151339775806,0.0031666636006752965,18,0,1587,4.364092276830496,,0
2021-03-25,2021-03-25,2,bb1639e8e2047c9a82257783cf7eeba3923dbf447292fbed232393c094239aaa,v11_8b8e4ce1b2b4fa5e47d6,False,False,False,513100,513100,513100,False,False,False,15.830151339775806,15.590024934713707,15.590024934713707,0.0,1,1,1587,4.364092276830496,,0
2021-03-26,2021-03-26,2,bb1639e8e2047c9a82257783cf7eeba3923dbf447292fbed232393c094239aaa,v11_8b8e4ce1b2b4fa5e47d6,False,False,False,513100,513100,513100,False,False,False,15.590024934713707,15.724641252703067,15.724641252703067,0.0,2,2,1587,4.364092276830496,,0
2021-03-29,2021-03-29,2,bb1639e8e2047c9a82257783cf7eeba3923dbf447292fbed232393c094239aaa,v11_8b8e4ce1b2b4fa5e47d6,False,False,False,513100,512890,512890,False,False,True,15.724641252703067,15.724641252703067,15.721496324452527,0.003144928250540614,3,0,1587,1.4207377866400825,,0
2021-03-30,2021-03-30,2,bb1639e8e2047c9a82257783cf7eeba3923dbf447292fbed232393c094239aaa,v11_8b8e4ce1b2b4fa5e47d6,False,False,False,512890,512890,512890,False,False,False,15.721496324452527,15.677365808454061,15.677365808454061,0.0,1,1,1587,1.4207377866400825,,0
2021-03-31,2021-03-31,2,bb1639e8e2047c9a82257783cf7eeba3923dbf447292fbed232393c094239aaa,v11_8b8e4ce1b2b4fa5e47d6,False,False,False,512890,512890,512890,False,False,False,15.677365808454061,15.655300550454829,15.655300550454829,0.0,2,2,1587,1.4207377866400825,,0
2021-04-01,2021-04-01,2,bb1639e8e2047c9a82257783cf7eeba3923dbf447292fbed232393c094239aaa,v11_8b8e4ce1b2b4fa5e47d6,False,False,False,512890,512890,512890,False,False,False,15.655300550454829,15.75459421145137,15.75459421145137,0.0,3,3,1587,1.4237288135593245,,0
2021-04-02,2021-04-02,2,bb1639e8e2047c9a82257783cf7eeba3923dbf447292fbed232393c094239aaa,v11_8b8e4ce1b2b4fa5e47d6,False,False,False,512890,512890,512890,False,False,False,15.75459421145137,15.622202663455981,15.622202663455981,0.0,4,4,1587,1.4237288135593245,,0
2021-04-06,2021-04-06,2,bb1639e8e2047c9a82257783cf7eeba3923dbf447292fbed232393c094239aaa,v11_8b8e4ce1b2b4fa5e47d6,False,False,False,512890,513100,513100,False,False,True,15.622202663455981,15.622202663455981,15.61907822292329,0.0031244405326911963,5,0,1587,4.562688064192582,,0
2021-04-07,2021-04-07,2,bb1639e8e2047c9a82257783cf7eeba3923dbf447292fbed232393c094239aaa,v11_8b8e4ce1b2b4fa5e47d6,False,False,False,513100,513100,513100,False,False,False,15.61907822292329,15.605344146666596,15.605344146666596,0.0,1,1,1587,4.562688064192582,,0
2021-04-08,2021-04-08,2,bb1639e8e2047c9a82257783cf7eeba3923dbf447292fbed232393c094239aaa,v11_8b8e4ce1b2b4fa5e47d6,False,False,False,513100,513100,513100,False,False,False,15.605344146666596,15.76671954268273,15.76671954268273,0.0,2,2,1587,4.605817452357075,,0
2021-04-09,2021-04-09,2,bb1639e8e2047c9a82257783cf7eeba3923dbf447292fbed232393c094239aaa,v11_8b8e4ce1b2b4fa5e47d6,False,False,False,513100,513100,513100,False,False,False,15.76671954268273,15.811355290516982,15.811355290516982,0.0,3,3,1587,4.618856569709132,,0
2021-04-12,2021-04-12,2,bb1639e8e2047c9a82257783cf7eeba3923dbf447292fbed232393c094239aaa,v11_8b8e4ce1b2b4fa5e47d6,False,False,False,513100,513100,513100,False,False,False,15.811355290516982,15.914360862442171,15.914360862442171,0.0,4,4,1587,4.648946840521568,,0
2021-04-13,2021-04-13,2,bb1639e8e2047c9a82257783cf7eeba3923dbf447292fbed232393c094239aaa,v11_8b8e4ce1b2b4fa5e47d6,False,False,False,513100,513100,513100,False,False,False,15.914360862442171,15.88002567180044,15.88002567180044,0.0,5,5,1587,4.648946840521568,,0
2021-04-14,2021-04-14,2,bb1639e8e2047c9a82257783cf7eeba3923dbf447292fbed232393c094239aaa,v11_8b8e4ce1b2b4fa5e47d6,False,False,False,513100,513100,513100,False,False,False,15.88002567180044,16.08603681565082,16.08603681565082,0.0,6,6,1587,4.6990972918756295,,0
2021-04-15,2021-04-15,2,bb1639e8e2047c9a82257783cf7eeba3923dbf447292fbed232393c094239aaa,v11_8b8e4ce1b2b4fa5e47d6,False,False,False,513100,513100,513100,False,False,False,16.08603681565082,15.924661419634688,15.924661419634688,0.0,7,7,1587,4.6990972918756295,,0
2021-04-16,2021-04-16,2,bb1639e8e2047c9a82257783cf7eeba3923dbf447292fbed232393c094239aaa,v11_8b8e4ce1b2b4fa5e47d6,False,False,False,513100,513100,513100,False,False,False,15.924661419634688,16.072302739394132,16.072302739394132,0.0,8,8,1587,4.6990972918756295,,0
2021-04-19,2021-04-19,2,bb1639e8e2047c9a82257783cf7eeba3923dbf447292fbed232393c094239aaa,v11_8b8e4ce1b2b4fa5e47d6,False,False,False,513100,513100,513100,False,False,False,16.072302739394132,16.103204410971692,16.103204410971692,0.0,9,9,1587,4.704112337011037,,0
2021-04-20,2021-04-20,2,bb1639e8e2047c9a82257783cf7eeba3923dbf447292fbed232393c094239aaa,v11_8b8e4ce1b2b4fa5e47d6,False,False,False,513100,513100,513100,False,False,False,16.103204410971692,15.862858076479577,15.862858076479577,0.0,10,10,1587,4.704112337011037,,0
2021-04-21,2021-04-21,2,bb1639e8e2047c9a82257783cf7eeba3923dbf447292fbed232393c094239aaa,v11_8b8e4ce1b2b4fa5e47d6,False,False,False,513100,513100,513100,False,False,False,15.862858076479577,15.742684909233521,15.742684909233521,0.0,11,11,1587,4.704112337011037,,0
2021-04-22,2021-04-22,2,bb1639e8e2047c9a82257783cf7eeba3923dbf447292fbed232393c094239aaa,v11_8b8e4ce1b2b4fa5e47d6,False,False,False,513100,513100,513100,False,False,False,15.742684909233521,15.886892709928789,15.886892709928789,0.0,12,12,1587,4.704112337011037,,0
2021-04-23,2021-04-23,2,bb1639e8e2047c9a82257783cf7eeba3923dbf447292fbed232393c094239aaa,v11_8b8e4ce1b2b4fa5e47d6,False,False,False,513100,159915,159915,False,False,True,15.886892709928789,15.698049161399272,15.694909551566992,0.0031396098322798546,13,0,1587,3.627352572145526,,0
2021-04-26,2021-04-26,2,bb1639e8e2047c9a82257783cf7eeba3923dbf447292fbed232393c094239aaa,v11_8b8e4ce1b2b4fa5e47d6,False,False,False,159915,159915,159915,False,False,False,15.694909551566992,15.542900742350847,15.542900742350847,0.0,1,1,1587,3.627352572145526,,0
2021-04-27,2021-04-27,2,bb1639e8e2047c9a82257783cf7eeba3923dbf447292fbed232393c094239aaa,v11_8b8e4ce1b2b4fa5e47d6,False,False,False,159915,159915,159915,False,False,False,15.542900742350847,15.656907349262955,15.656907349262955,0.0,2,2,1587,3.627352572145526,,0
2021-04-28,2021-04-28,2,bb1639e8e2047c9a82257783cf7eeba3923dbf447292fbed232393c094239aaa,v11_8b8e4ce1b2b4fa5e47d6,False,False,False,159915,159915,159915,False,False,False,15.656907349262955,16.009784942086146,16.009784942086146,0.0,3,3,1587,3.7001254705144087,,0
2021-04-29,2021-04-29,2,bb1639e8e2047c9a82257783cf7eeba3923dbf447292fbed232393c094239aaa,v11_8b8e4ce1b2b4fa5e47d6,False,False,False,159915,159915,159915,False,False,False,16.009784942086146,16.026071600216447,16.026071600216447,0.0,4,4,1587,3.7038895859472816,,0
2021-04-30,2021-04-30,2,bb1639e8e2047c9a82257783cf7eeba3923dbf447292fbed232393c094239aaa,v11_8b8e4ce1b2b4fa5e47d6,False,False,False,159915,159915,159915,False,False,False,16.026071600216447,16.226940383823496,16.226940383823496,0.0,5,5,1587,3.750313676286052,,0
2021-05-06,2021-05-06,2,bb1639e8e2047c9a82257783cf7eeba3923dbf447292fbed232393c094239aaa,v11_8b8e4ce1b2b4fa5e47d6,False,False,False,159915,510500,510500,True,False,True,16.226940383823496,15.765485070131627,15.7623319731176,0.0031530970140263253,6,0,1587,2.0772936887010363,,0
2021-05-07,2021-05-07,2,bb1639e8e2047c9a82257783cf7eeba3923dbf447292fbed232393c094239aaa,v11_8b8e4ce1b2b4fa5e47d6,False,False,False,510500,518880,518880,False,False,True,15.7623319731176,15.694353078965314,15.691214208349521,0.003138870615793063,1,0,1587,1.4154607768469163,,0
2021-05-10,2021-05-10,2,bb1639e8e2047c9a82257783cf7eeba3923dbf447292fbed232393c094239aaa,v11_8b8e4ce1b2b4fa5e47d6,False,False,False,518880,518880,518880,False,False,False,15.691214208349521,15.746093354087629,15.746093354087629,0.0,1,1,1587,1.4204112718964212,,0
2021-05-11,2021-05-11,2,bb1639e8e2047c9a82257783cf7eeba3923dbf447292fbed232393c094239aaa,v11_8b8e4ce1b2b4fa5e47d6,False,False,False,518880,518880,518880,False,False,False,15.746093354087629,15.724985990342205,15.724985990342205,0.0,2,2,1587,1.4204112718964212,,0
2021-05-12,2021-05-12,2,bb1639e8e2047c9a82257783cf7eeba3923dbf447292fbed232393c094239aaa,v11_8b8e4ce1b2b4fa5e47d6,False,False,False,518880,518880,518880,False,False,False,15.724985990342205,15.754536299585801,15.754536299585801,0.0,3,3,1587,1.4211728865194222,,0
2021-05-13,2021-05-13,2,bb1639e8e2047c9a82257783cf7eeba3923dbf447292fbed232393c094239aaa,v11_8b8e4ce1b2b4fa5e47d6,False,False,False,518880,518880,518880,False,False,False,15.754536299585801,15.691214208349523,15.691214208349523,0.0,4,4,1587,1.4211728865194222,,0
2021-05-14,2021-05-14,2,bb1639e8e2047c9a82257783cf7eeba3923dbf447292fbed232393c094239aaa,v11_8b8e4ce1b2b4fa5e47d6,False,False,False,518880,518880,518880,False,False,False,15.691214208349523,15.784086608829394,15.784086608829394,0.0,5,5,1587,1.4238385376999247,,0
2021-05-17,2021-05-17,2,bb1639e8e2047c9a82257783cf7eeba3923dbf447292fbed232393c094239aaa,v11_8b8e4ce1b2b4fa5e47d6,False,False,False,518880,518880,518880,False,False,False,15.784086608829394,15.94450257329463,15.94450257329463,0.0,6,6,1587,1.4383092155369392,,0
2021-05-18,2021-05-18,2,bb1639e8e2047c9a82257783cf7eeba3923dbf447292fbed232393c094239aaa,v11_8b8e4ce1b2b4fa5e47d6,False,False,False,518880,518880,518880,False,False,False,15.94450257329463,16.05003939202176,16.05003939202176,0.0,7,7,1587,1.4478293983244488,,0
2021-05-19,2021-05-19,2,bb1639e8e2047c9a82257783cf7eeba3923dbf447292fbed232393c094239aaa,v11_8b8e4ce1b2b4fa5e47d6,False,False,False,518880,518880,518880,False,False,False,16.05003939202176,16.09225411951261,16.09225411951261,0.0,8,8,1587,1.4516374714394527,,0
2021-05-20,2021-05-20,2,bb1639e8e2047c9a82257783cf7eeba3923dbf447292fbed232393c094239aaa,v11_8b8e4ce1b2b4fa5e47d6,False,False,False,518880,518880,518880,False,False,False,16.09225411951261,16.088032646763526,16.088032646763526,0.0,9,9,1587,1.4516374714394527,,0
2021-05-21,2021-05-21,2,bb1639e8e2047c9a82257783cf7eeba3923dbf447292fbed232393c094239aaa,v11_8b8e4ce1b2b4fa5e47d6,False,False,False,518880,159915,159915,False,False,True,16.088032646763526,16.109140010508952,16.10591818250685,0.0032218280021017905,10,0,1587,3.7791718946047466,,0
2021-05-24,2021-05-24,2,bb1639e8e2047c9a82257783cf7eeba3923dbf447292fbed232393c094239aaa,v11_8b8e4ce1b2b4fa5e47d6,False,False,False,159915,159915,159915,False,False,False,16.10591818250685,16.234252191929215,16.234252191929215,0.0,1,1,1587,3.8092848180677326,,0
2021-05-25,2021-05-25,2,bb1639e8e2047c9a82257783cf7eeba3923dbf447292fbed232393c094239aaa,v11_8b8e4ce1b2b4fa5e47d6,False,False,False,159915,159915,159915,False,False,False,16.234252191929215,16.6780739745149,16.6780739745149,0.0,2,2,1587,3.913425345043893,,0
2021-05-26,2021-05-26,2,bb1639e8e2047c9a82257783cf7eeba3923dbf447292fbed232393c094239aaa,v11_8b8e4ce1b2b4fa5e47d6,False,False,False,159915,159915,159915,False,False,False,16.6780739745149,16.549739965092535,16.549739965092535,0.0,3,3,1587,3.913425345043893,,0
2021-05-27,2021-05-27,2,bb1639e8e2047c9a82257783cf7eeba3923dbf447292fbed232393c094239aaa,v11_8b8e4ce1b2b4fa5e47d6,False,False,False,159915,159915,159915,False,False,False,16.549739965092535,16.6727267241223,16.6727267241223,0.0,4,4,1587,3.913425345043893,,0
2021-05-28,2021-05-28,2,bb1639e8e2047c9a82257783cf7eeba3923dbf447292fbed232393c094239aaa,v11_8b8e4ce1b2b4fa5e47d6,False,False,False,159915,159915,159915,False,False,False,16.6727267241223,16.688768475300098,16.688768475300098,0.0,5,5,1587,3.9159347553324753,,0
2021-05-31,2021-05-31,2,bb1639e8e2047c9a82257783cf7eeba3923dbf447292fbed232393c094239aaa,v11_8b8e4ce1b2b4fa5e47d6,False,False,False,159915,159915,159915,False,False,False,16.688768475300098,17.08446500435239,17.08446500435239,0.0,6,6,1587,4.008782936010015,,0
2021-06-01,2021-06-01,2,bb1639e8e2047c9a82257783cf7eeba3923dbf447292fbed232393c094239aaa,v11_8b8e4ce1b2b4fa5e47d6,False,False,False,159915,159915,159915,False,False,False,17.08446500435239,17.0470342516042,17.0470342516042,0.0,7,7,1587,4.008782936010015,,0
2021-06-02,2021-06-02,2,bb1639e8e2047c9a82257783cf7eeba3923dbf447292fbed232393c094239aaa,v11_8b8e4ce1b2b4fa5e47d6,False,False,False,159915,512890,512890,False,False,True,17.0470342516042,16.752935480011278,16.749584892915276,0.0033505870960022555,8,0,1587,1.5353938185443698,,0
2021-06-03,2021-06-03,2,bb1639e8e2047c9a82257783cf7eeba3923dbf447292fbed232393c094239aaa,v11_8b8e4ce1b2b4fa5e47d6,False,False,False,512890,512890,512890,False,False,False,16.749584892915276,16.706079477609002,16.706079477609002,0.0,1,1,1587,1.5353938185443698,,0
2021-06-04,2021-06-04,2,bb1639e8e2047c9a82257783cf7eeba3923dbf447292fbed232393c094239aaa,v11_8b8e4ce1b2b4fa5e47d6,False,False,False,512890,512890,512890,False,False,False,16.706079477609002,16.673450416129295,16.673450416129295,0.0,2,2,1587,1.5353938185443698,,0
2021-06-07,2021-06-07,2,bb1639e8e2047c9a82257783cf7eeba3923dbf447292fbed232393c094239aaa,v11_8b8e4ce1b2b4fa5e47d6,False,False,False,512890,512890,512890,False,False,False,16.673450416129295,16.4994287549042,16.4994287549042,0.0,3,3,1587,1.5353938185443698,,0
2021-06-08,2021-06-08,2,bb1639e8e2047c9a82257783cf7eeba3923dbf447292fbed232393c094239aaa,v11_8b8e4ce1b2b4fa5e47d6,False,False,False,512890,512890,512890,False,False,False,16.4994287549042,16.553810524037047,16.553810524037047,0.0,4,4,1587,1.5353938185443698,,0
2021-06-09,2021-06-09,2,bb1639e8e2047c9a82257783cf7eeba3923dbf447292fbed232393c094239aaa,v11_8b8e4ce1b2b4fa5e47d6,False,False,False,512890,512890,512890,False,False,False,16.553810524037047,16.575563231690182,16.575563231690182,0.0,5,5,1587,1.5353938185443698,,0
2021-06-10,2021-06-10,2,bb1639e8e2047c9a82257783cf7eeba3923dbf447292fbed232393c094239aaa,v11_8b8e4ce1b2b4fa5e47d6,False,False,False,512890,510500,510500,False,False,True,16.575563231690182,16.575563231690182,16.572248119043845,0.0033151126463380367,6,0,1587,2.180753780597944,,0
2021-06-11,2021-06-11,2,bb1639e8e2047c9a82257783cf7eeba3923dbf447292fbed232393c094239aaa,v11_8b8e4ce1b2b4fa5e47d6,False,False,False,510500,510500,510500,False,False,False,16.572248119043845,16.490990077643815,16.490990077643815,0.0,1,1,1587,2.180753780597944,,0
2021-06-15,2021-06-15,2,bb1639e8e2047c9a82257783cf7eeba3923dbf447292fbed232393c094239aaa,v11_8b8e4ce1b2b4fa5e47d6,False,False,False,510500,510500,510500,False,False,False,16.490990077643815,16.291139219065364,16.291139219065364,0.0,2,2,1587,2.180753780597944,,0
2021-06-16,2021-06-16,2,bb1639e8e2047c9a82257783cf7eeba3923dbf447292fbed232393c094239aaa,v11_8b8e4ce1b2b4fa5e47d6,False,False,False,510500,513100,513100,False,False,True,16.291139219065364,16.093484523767994,16.09026582686324,0.003218696904753599,3,0,1587,4.616850551654969,,0
2021-06-17,2021-06-17,2,bb1639e8e2047c9a82257783cf7eeba3923dbf447292fbed232393c094239aaa,v11_8b8e4ce1b2b4fa5e47d6,False,False,False,513100,513100,513100,False,False,False,16.09026582686324,16.03783176485956,16.03783176485956,0.0,1,1,1587,4.616850551654969,,0
2021-06-18,2021-06-18,2,bb1639e8e2047c9a82257783cf7eeba3923dbf447292fbed232393c094239aaa,v11_8b8e4ce1b2b4fa5e47d6,False,False,False,513100,513100,513100,False,False,False,16.03783176485956,16.373409761683128,16.373409761683128,0.0,2,2,1587,4.698094282848551,,0
2021-06-21,2021-06-21,2,bb1639e8e2047c9a82257783cf7eeba3923dbf447292fbed232393c094239aaa,v11_8b8e4ce1b2b4fa5e47d6,False,False,False,513100,513100,513100,False,False,False,16.373409761683128,16.223098783939236,16.223098783939236,0.0,3,3,1587,4.698094282848551,,0
2021-06-22,2021-06-22,2,bb1639e8e2047c9a82257783cf7eeba3923dbf447292fbed232393c094239aaa,v11_8b8e4ce1b2b4fa5e47d6,False,False,False,513100,513100,513100,False,False,False,16.223098783939236,16.3279669079466,16.3279669079466,0.0,4,4,1587,4.698094282848551,,0
2021-06-23,2021-06-23,2,bb1639e8e2047c9a82257783cf7eeba3923dbf447292fbed232393c094239aaa,v11_8b8e4ce1b2b4fa5e47d6,False,False,False,513100,513100,513100,False,False,False,16.3279669079466,16.579650405564273,16.579650405564273,0.0,5,5,1587,4.757271815446344,,0
2021-06-24,2021-06-24,2,bb1639e8e2047c9a82257783cf7eeba3923dbf447292fbed232393c094239aaa,v11_8b8e4ce1b2b4fa5e47d6,False,False,False,513100,513100,513100,False,False,False,16.579650405564273,16.576154801430693,16.576154801430693,0.0,6,6,1587,4.757271815446344,,0
2021-06-25,2021-06-25,2,bb1639e8e2047c9a82257783cf7eeba3923dbf447292fbed232393c094239aaa,v11_8b8e4ce1b2b4fa5e47d6,False,False,False,513100,513100,513100,False,False,False,16.576154801430693,16.625093259300797,16.625093259300797,0.0,7,7,1587,4.7703109327984,,0
2021-06-28,2021-06-28,2,bb1639e8e2047c9a82257783cf7eeba3923dbf447292fbed232393c094239aaa,v11_8b8e4ce1b2b4fa5e47d6,False,False,False,513100,513100,513100,False,False,False,16.625093259300797,16.663544904770166,16.663544904770166,0.0,8,8,1587,4.781344032096293,,0
2021-06-29,2021-06-29,2,bb1639e8e2047c9a82257783cf7eeba3923dbf447292fbed232393c094239aaa,v11_8b8e4ce1b2b4fa5e47d6,False,False,False,513100,513100,513100,False,False,False,16.663544904770166,16.789386653579,16.789386653579,0.0,9,9,1587,4.817452357071217,,0
2021-06-30,2021-06-30,2,bb1639e8e2047c9a82257783cf7eeba3923dbf447292fbed232393c094239aaa,v11_8b8e4ce1b2b4fa5e47d6,False,False,False,513100,513100,513100,False,False,False,16.789386653579,16.90823719412068,16.90823719412068,0.0,10,10,1587,4.85155466399198,,0
2021-07-01,2021-07-01,2,bb1639e8e2047c9a82257783cf7eeba3923dbf447292fbed232393c094239aaa,v11_8b8e4ce1b2b4fa5e47d6,False,False,False,513100,513100,513100,False,False,False,16.90823719412068,16.87328115278489,16.87328115278489,0.0,11,11,1587,4.85155466399198,,0
2021-07-02,2021-07-02,2,bb1639e8e2047c9a82257783cf7eeba3923dbf447292fbed232393c094239aaa,v11_8b8e4ce1b2b4fa5e47d6,False,False,False,513100,513100,513100,False,False,False,16.87328115278489,16.876776756918474,16.876776756918474,0.0,12,12,1587,4.85155466399198,,0
2021-07-05,2021-07-05,2,bb1639e8e2047c9a82257783cf7eeba3923dbf447292fbed232393c094239aaa,v11_8b8e4ce1b2b4fa5e47d6,False,False,False,513100,513100,513100,False,False,False,16.876776756918474,17.069034984265308,17.069034984265308,0.0,13,13,1587,4.897693079237718,,0
2021-07-06,2021-07-06,2,bb1639e8e2047c9a82257783cf7eeba3923dbf447292fbed232393c094239aaa,v11_8b8e4ce1b2b4fa5e47d6,False,False,False,513100,513100,513100,False,False,False,17.069034984265308,17.083017400799623,17.083017400799623,0.0,14,14,1587,4.901705115346043,,0
2021-07-07,2021-07-07,2,bb1639e8e2047c9a82257783cf7eeba3923dbf447292fbed232393c094239aaa,v11_8b8e4ce1b2b4fa5e47d6,False,False,False,513100,513100,513100,False,False,False,17.083017400799623,17.194876733074146,17.194876733074146,0.0,15,15,1587,4.933801404212643,,0
2021-07-08,2021-07-08,2,bb1639e8e2047c9a82257783cf7eeba3923dbf447292fbed232393c094239aaa,v11_8b8e4ce1b2b4fa5e47d6,False,False,False,513100,513100,513100,False,False,False,17.194876733074146,17.16341629587194,17.16341629587194,0.0,16,16,1587,4.933801404212643,,0
2021-07-09,2021-07-09,2,bb1639e8e2047c9a82257783cf7eeba3923dbf447292fbed232393c094239aaa,v11_8b8e4ce1b2b4fa5e47d6,False,False,False,513100,513100,513100,False,False,False,17.16341629587194,17.138947066936886,17.138947066936886,0.0,17,17,1587,4.933801404212643,,0
2021-07-12,2021-07-12,2,bb1639e8e2047c9a82257783cf7eeba3923dbf447292fbed232393c094239aaa,v11_8b8e4ce1b2b4fa5e47d6,False,False,False,513100,513100,513100,False,False,False,17.138947066936886,17.24731079507783,17.24731079507783,0.0,18,18,1587,4.948846539618862,,0
2021-07-13,2021-07-13,2,bb1639e8e2047c9a82257783cf7eeba3923dbf447292fbed232393c094239aaa,v11_8b8e4ce1b2b4fa5e47d6,False,False,False,513100,513100,513100,False,False,False,17.24731079507783,17.268284419879304,17.268284419879304,0.0,19,19,1587,4.95486459378135,,0
2021-07-14,2021-07-14,2,bb1639e8e2047c9a82257783cf7eeba3923dbf447292fbed232393c094239aaa,v11_8b8e4ce1b2b4fa5e47d6,False,False,False,513100,513100,513100,False,False,False,17.268284419879304,17.261293211612145,17.261293211612145,0.0,20,20,1587,4.95486459378135,,0
2021-07-15,2021-07-15,2,bb1639e8e2047c9a82257783cf7eeba3923dbf447292fbed232393c094239aaa,v11_8b8e4ce1b2b4fa5e47d6,False,False,False,513100,512400,512400,False,False,True,17.261293211612145,17.296249252947934,17.292790003097345,0.003459249850589587,21,0,1587,1.293436293436299,,0
2021-07-16,2021-07-16,2,bb1639e8e2047c9a82257783cf7eeba3923dbf447292fbed232393c094239aaa,v11_8b8e4ce1b2b4fa5e47d6,False,False,False,512400,513100,513100,False,False,True,17.292790003097345,17.331505204596816,17.328038903555896,0.003466301040919363,1,0,1587,4.917753259779342,,0
2021-07-19,2021-07-19,2,bb1639e8e2047c9a82257783cf7eeba3923dbf447292fbed232393c094239aaa,v11_8b8e4ce1b2b4fa5e47d6,False,False,False,513100,512400,512400,False,False,True,17.328038903555896,17.225547953483876,17.22210284389318,0.0034451095906967754,1,0,1587,1.2847490347490405,,0
2021-07-20,2021-07-20,2,bb1639e8e2047c9a82257783cf7eeba3923dbf447292fbed232393c094239aaa,v11_8b8e4ce1b2b4fa5e47d6,False,False,False,512400,512400,512400,False,False,False,17.22210284389318,17.26092050620098,17.26092050620098,0.0,1,1,1587,1.2876447876447934,,0
2021-07-21,2021-07-21,2,bb1639e8e2047c9a82257783cf7eeba3923dbf447292fbed232393c094239aaa,v11_8b8e4ce1b2b4fa5e47d6,False,False,False,512400,512400,512400,False,False,False,17.26092050620098,18.127848297741807,18.127848297741807,0.0,2,2,1587,1.3523166023166084,,0
2021-07-22,2021-07-22,2,bb1639e8e2047c9a82257783cf7eeba3923dbf447292fbed232393c094239aaa,v11_8b8e4ce1b2b4fa5e47d6,False,False,False,512400,512400,512400,False,False,False,18.127848297741807,18.503085700050523,18.503085700050523,0.0,3,3,1587,1.3803088803088865,,0
2021-07-23,2021-07-23,2,bb1639e8e2047c9a82257783cf7eeba3923dbf447292fbed232393c094239aaa,v11_8b8e4ce1b2b4fa5e47d6,False,False,False,512400,513100,513100,False,False,True,18.503085700050523,18.503085700050523,18.499385082910514,0.003700617140010105,4,0,1587,4.989969909729192,,0
2021-07-26,2021-07-26,2,bb1639e8e2047c9a82257783cf7eeba3923dbf447292fbed232393c094239aaa,v11_8b8e4ce1b2b4fa5e47d6,False,False,False,513100,513100,513100,False,False,False,18.499385082910514,18.744804060894854,18.744804060894854,0.0,1,1,1587,5.056168505516554,,0
2021-07-27,2021-07-27,2,bb1639e8e2047c9a82257783cf7eeba3923dbf447292fbed232393c094239aaa,v11_8b8e4ce1b2b4fa5e47d6,False,False,False,513100,513100,513100,False,False,False,18.744804060894854,18.703900897897462,18.703900897897462,0.0,2,2,1587,5.056168505516554,,0
2021-07-28,2021-07-28,2,bb1639e8e2047c9a82257783cf7eeba3923dbf447292fbed232393c094239aaa,v11_8b8e4ce1b2b4fa5e47d6,False,False,False,513100,513100,513100,False,False,False,18.703900897897462,18.517977429727505,18.517977429727505,0.0,3,3,1587,5.056168505516554,,0
2021-07-29,2021-07-29,2,bb1639e8e2047c9a82257783cf7eeba3923dbf447292fbed232393c094239aaa,v11_8b8e4ce1b2b4fa5e47d6,False,False,False,513100,513100,513100,False,False,False,18.517977429727505,18.57747293954189,18.57747293954189,0.0,4,4,1587,5.056168505516554,,0
2021-07-30,2021-07-30,2,bb1639e8e2047c9a82257783cf7eeba3923dbf447292fbed232393c094239aaa,v11_8b8e4ce1b2b4fa5e47d6,False,False,False,513100,513100,513100,False,False,False,18.57747293954189,18.265121513016364,18.265121513016364,0.0,5,5,1587,5.056168505516554,,0
2021-08-02,2021-08-02,2,bb1639e8e2047c9a82257783cf7eeba3923dbf447292fbed232393c094239aaa,v11_8b8e4ce1b2b4fa5e47d6,False,False,False,513100,513100,513100,False,False,False,18.265121513016364,18.517977429727505,18.517977429727505,0.0,6,6,1587,5.056168505516554,,0
2021-08-03,2021-08-03,2,bb1639e8e2047c9a82257783cf7eeba3923dbf447292fbed232393c094239aaa,v11_8b8e4ce1b2b4fa5e47d6,False,False,False,513100,513100,513100,False,False,False,18.517977429727505,18.473355797366718,18.473355797366718,0.0,7,7,1587,5.056168505516554,,0
2021-08-04,2021-08-04,2,bb1639e8e2047c9a82257783cf7eeba3923dbf447292fbed232393c094239aaa,v11_8b8e4ce1b2b4fa5e47d6,False,False,False,513100,513100,513100,False,False,False,18.473355797366718,18.59606528635889,18.59606528635889,0.0,8,8,1587,5.056168505516554,,0
2021-08-05,2021-08-05,2,bb1639e8e2047c9a82257783cf7eeba3923dbf447292fbed232393c094239aaa,v11_8b8e4ce1b2b4fa5e47d6,False,False,False,513100,513100,513100,False,False,False,18.59606528635889,18.577472939541895,18.577472939541895,0.0,9,9,1587,5.056168505516554,,0
2021-08-06,2021-08-06,2,bb1639e8e2047c9a82257783cf7eeba3923dbf447292fbed232393c094239aaa,v11_8b8e4ce1b2b4fa5e47d6,False,False,False,513100,513100,513100,False,False,False,18.577472939541895,18.71505630598766,18.71505630598766,0.0,10,10,1587,5.056168505516554,,0
2021-08-09,2021-08-09,2,bb1639e8e2047c9a82257783cf7eeba3923dbf447292fbed232393c094239aaa,v11_8b8e4ce1b2b4fa5e47d6,False,False,False,513100,513100,513100,False,False,False,18.71505630598766,18.622094571902682,18.622094571902682,0.0,11,11,1587,5.056168505516554,,0
2021-08-10,2021-08-10,2,bb1639e8e2047c9a82257783cf7eeba3923dbf447292fbed232393c094239aaa,v11_8b8e4ce1b2b4fa5e47d6,False,False,False,513100,513100,513100,False,False,False,18.622094571902682,18.707619367260858,18.707619367260858,0.0,12,12,1587,5.056168505516554,,0
2021-08-11,2021-08-11,2,bb1639e8e2047c9a82257783cf7eeba3923dbf447292fbed232393c094239aaa,v11_8b8e4ce1b2b4fa5e47d6,False,False,False,513100,513100,513100,False,False,False,18.707619367260858,18.61465763317588,18.61465763317588,0.0,13,13,1587,5.056168505516554,,0
2021-08-12,2021-08-12,2,bb1639e8e2047c9a82257783cf7eeba3923dbf447292fbed232393c094239aaa,v11_8b8e4ce1b2b4fa5e47d6,False,False,False,513100,513100,513100,False,False,False,18.61465763317588,18.562599062088292,18.562599062088292,0.0,14,14,1587,5.056168505516554,,0
2021-08-13,2021-08-13,2,bb1639e8e2047c9a82257783cf7eeba3923dbf447292fbed232393c094239aaa,v11_8b8e4ce1b2b4fa5e47d6,False,False,False,513100,513100,513100,False,False,False,18.562599062088292,18.629531510629477,18.629531510629477,0.0,15,15,1587,5.056168505516554,,0
2021-08-16,2021-08-16,2,bb1639e8e2047c9a82257783cf7eeba3923dbf447292fbed232393c094239aaa,v11_8b8e4ce1b2b4fa5e47d6,False,False,False,513100,513100,513100,False,False,False,18.629531510629477,18.674153142990267,18.674153142990267,0.0,16,16,1587,5.056168505516554,,0
2021-08-17,2021-08-17,2,bb1639e8e2047c9a82257783cf7eeba3923dbf447292fbed232393c094239aaa,v11_8b8e4ce1b2b4fa5e47d6,False,False,False,513100,513100,513100,False,False,False,18.674153142990267,18.73736712216805,18.73736712216805,0.0,17,17,1587,5.056168505516554,,0
2021-08-18,2021-08-18,2,bb1639e8e2047c9a82257783cf7eeba3923dbf447292fbed232393c094239aaa,v11_8b8e4ce1b2b4fa5e47d6,False,False,False,513100,513100,513100,False,False,False,18.73736712216805,18.625813041266078,18.625813041266078,0.0,18,18,1587,5.056168505516554,,0
2021-08-19,2021-08-19,2,bb1639e8e2047c9a82257783cf7eeba3923dbf447292fbed232393c094239aaa,v11_8b8e4ce1b2b4fa5e47d6,False,False,False,513100,513100,513100,False,False,False,18.625813041266078,18.302306206650353,18.302306206650353,0.0,19,19,1587,5.056168505516554,,0
2021-08-20,2021-08-20,2,bb1639e8e2047c9a82257783cf7eeba3923dbf447292fbed232393c094239aaa,v11_8b8e4ce1b2b4fa5e47d6,False,False,False,513100,513100,513100,False,False,False,18.302306206650353,18.473355797366715,18.473355797366715,0.0,20,20,1587,5.056168505516554,,0
2021-08-23,2021-08-23,2,bb1639e8e2047c9a82257783cf7eeba3923dbf447292fbed232393c094239aaa,v11_8b8e4ce1b2b4fa5e47d6,False,False,False,513100,513100,513100,False,False,False,18.473355797366715,18.77827028516544,18.77827028516544,0.0,21,21,1587,5.065195586760285,,0
2021-08-24,2021-08-24,2,bb1639e8e2047c9a82257783cf7eeba3923dbf447292fbed232393c094239aaa,v11_8b8e4ce1b2b4fa5e47d6,False,False,False,513100,513100,513100,False,False,False,18.77827028516544,19.049718548693576,19.049718548693576,0.0,22,22,1587,5.138415245737216,,0
2021-08-25,2021-08-25,2,bb1639e8e2047c9a82257783cf7eeba3923dbf447292fbed232393c094239aaa,v11_8b8e4ce1b2b4fa5e47d6,False,False,False,513100,513100,513100,False,False,False,19.049718548693576,19.03112620187658,19.03112620187658,0.0,23,23,1587,5.138415245737216,,0
2021-08-26,2021-08-26,2,bb1639e8e2047c9a82257783cf7eeba3923dbf447292fbed232393c094239aaa,v11_8b8e4ce1b2b4fa5e47d6,False,False,False,513100,513100,513100,False,False,False,19.03112620187658,19.005096916332786,19.005096916332786,0.0,24,24,1587,5.138415245737216,,0
2021-08-27,2021-08-27,2,bb1639e8e2047c9a82257783cf7eeba3923dbf447292fbed232393c094239aaa,v11_8b8e4ce1b2b4fa5e47d6,False,False,False,513100,513100,513100,False,False,False,19.005096916332786,19.019970793786385,19.019970793786385,0.0,25,25,1587,5.138415245737216,,0
2021-08-30,2021-08-30,2,bb1639e8e2047c9a82257783cf7eeba3923dbf447292fbed232393c094239aaa,v11_8b8e4ce1b2b4fa5e47d6,False,False,False,513100,513100,513100,False,False,False,19.019970793786385,19.16499109895895,19.16499109895895,0.0,26,26,1587,5.169508525576735,,0
2021-08-31,2021-08-31,2,bb1639e8e2047c9a82257783cf7eeba3923dbf447292fbed232393c094239aaa,v11_8b8e4ce1b2b4fa5e47d6,False,False,False,513100,513100,513100,False,False,False,19.16499109895895,19.42528395439689,19.42528395439689,0.0,27,27,1587,5.239719157472423,,0
2021-09-01,2021-09-01,2,bb1639e8e2047c9a82257783cf7eeba3923dbf447292fbed232393c094239aaa,v11_8b8e4ce1b2b4fa5e47d6,False,False,False,513100,513100,513100,False,False,False,19.42528395439689,19.33604068967531,19.33604068967531,0.0,28,28,1587,5.239719157472423,,0
2021-09-02,2021-09-02,2,bb1639e8e2047c9a82257783cf7eeba3923dbf447292fbed232393c094239aaa,v11_8b8e4ce1b2b4fa5e47d6,False,False,False,513100,513100,513100,False,False,False,19.33604068967531,19.310011404131515,19.310011404131515,0.0,29,29,1587,5.239719157472423,,0
2021-09-03,2021-09-03,2,bb1639e8e2047c9a82257783cf7eeba3923dbf447292fbed232393c094239aaa,v11_8b8e4ce1b2b4fa5e47d6,False,False,False,513100,513100,513100,False,False,False,19.310011404131515,19.269108241134127,19.269108241134127,0.0,30,30,1587,5.239719157472423,,0
2021-09-06,2021-09-06,2,bb1639e8e2047c9a82257783cf7eeba3923dbf447292fbed232393c094239aaa,v11_8b8e4ce1b2b4fa5e47d6,False,False,False,513100,513100,513100,False,False,False,19.269108241134127,19.317448342858317,19.317448342858317,0.0,31,31,1587,5.239719157472423,,0
2021-09-07,2021-09-07,2,bb1639e8e2047c9a82257783cf7eeba3923dbf447292fbed232393c094239aaa,v11_8b8e4ce1b2b4fa5e47d6,False,False,False,513100,513100,513100,False,False,False,19.317448342858317,19.33604068967531,19.33604068967531,0.0,32,32,1587,5.239719157472423,,0
2021-09-08,2021-09-08,2,bb1639e8e2047c9a82257783cf7eeba3923dbf447292fbed232393c094239aaa,v11_8b8e4ce1b2b4fa5e47d6,False,False,False,513100,513100,513100,False,False,False,19.33604068967531,19.310011404131515,19.310011404131515,0.0,33,33,1587,5.239719157472423,,0
2021-09-09,2021-09-09,2,bb1639e8e2047c9a82257783cf7eeba3923dbf447292fbed232393c094239aaa,v11_8b8e4ce1b2b4fa5e47d6,False,False,False,513100,513100,513100,False,False,False,19.310011404131515,19.20589426195634,19.20589426195634,0.0,34,34,1587,5.239719157472423,,0
2021-09-10,2021-09-10,2,bb1639e8e2047c9a82257783cf7eeba3923dbf447292fbed232393c094239aaa,v11_8b8e4ce1b2b4fa5e47d6,False,False,False,513100,513100,513100,False,False,False,19.20589426195634,19.142680282778556,19.142680282778556,0.0,35,35,1587,5.239719157472423,,0
2021-09-13,2021-09-13,2,bb1639e8e2047c9a82257783cf7eeba3923dbf447292fbed232393c094239aaa,v11_8b8e4ce1b2b4fa5e47d6,False,False,False,513100,513100,513100,False,False,False,19.142680282778556,19.04600007933018,19.04600007933018,0.0,36,36,1587,5.239719157472423,,0
2021-09-14,2021-09-14,2,bb1639e8e2047c9a82257783cf7eeba3923dbf447292fbed232393c094239aaa,v11_8b8e4ce1b2b4fa5e47d6,False,False,False,513100,513100,513100,False,False,False,19.04600007933018,18.934445998428206,18.934445998428206,0.0,37,37,1587,5.239719157472423,,0
2021-09-15,2021-09-15,2,bb1639e8e2047c9a82257783cf7eeba3923dbf447292fbed232393c094239aaa,v11_8b8e4ce1b2b4fa5e47d6,False,False,False,513100,513100,513100,False,False,False,18.934445998428206,18.89354283543082,18.89354283543082,0.0,38,38,1587,5.239719157472423,,0
2021-09-16,2021-09-16,2,bb1639e8e2047c9a82257783cf7eeba3923dbf447292fbed232393c094239aaa,v11_8b8e4ce1b2b4fa5e47d6,False,False,False,513100,513100,513100,False,False,False,18.89354283543082,18.986504569515798,18.986504569515798,0.0,39,39,1587,5.239719157472423,,0
2021-09-17,2021-09-17,2,bb1639e8e2047c9a82257783cf7eeba3923dbf447292fbed232393c094239aaa,v11_8b8e4ce1b2b4fa5e47d6,False,False,False,513100,513100,513100,False,False,False,18.986504569515798,19.094340181054374,19.094340181054374,0.0,40,40,1587,5.239719157472423,,0
2021-09-22,2021-09-22,2,bb1639e8e2047c9a82257783cf7eeba3923dbf447292fbed232393c094239aaa,v11_8b8e4ce1b2b4fa5e47d6,False,False,False,513100,518880,518880,True,False,True,19.094340181054374,18.62581304126609,18.622087878657837,0.003725162608253218,41,0,1587,1.3861386138613874,,0
2021-09-23,2021-09-23,2,bb1639e8e2047c9a82257783cf7eeba3923dbf447292fbed232393c094239aaa,v11_8b8e4ce1b2b4fa5e47d6,False,False,False,518880,513100,513100,False,False,True,18.622087878657837,18.443029341363047,18.439340735494774,0.00368860586827261,1,0,1587,5.070210631895693,,0
2021-09-24,2021-09-24,2,bb1639e8e2047c9a82257783cf7eeba3923dbf447292fbed232393c094239aaa,v11_8b8e4ce1b2b4fa5e47d6,False,False,False,513100,513100,513100,False,False,False,18.439340735494774,18.475818165238586,18.475818165238586,0.0,1,1,1587,5.080240722166507,,0
2021-09-27,2021-09-27,2,bb1639e8e2047c9a82257783cf7eeba3923dbf447292fbed232393c094239aaa,v11_8b8e4ce1b2b4fa5e47d6,False,False,False,513100,513100,513100,False,False,False,18.475818165238586,18.588898197444387,18.588898197444387,0.0,2,2,1587,5.111334002006025,,0
2021-09-28,2021-09-28,2,bb1639e8e2047c9a82257783cf7eeba3923dbf447292fbed232393c094239aaa,v11_8b8e4ce1b2b4fa5e47d6,False,False,False,513100,513100,513100,False,False,False,18.588898197444387,18.256953586775737,18.256953586775737,0.0,3,3,1587,5.111334002006025,,0
2021-09-29,2021-09-29,2,bb1639e8e2047c9a82257783cf7eeba3923dbf447292fbed232393c094239aaa,v11_8b8e4ce1b2b4fa5e47d6,False,False,False,513100,513100,513100,False,False,False,18.256953586775737,17.997963835594703,17.997963835594703,0.0,4,4,1587,5.111334002006025,,0
2021-09-30,2021-09-30,2,bb1639e8e2047c9a82257783cf7eeba3923dbf447292fbed232393c094239aaa,v11_8b8e4ce1b2b4fa5e47d6,False,False,False,513100,513100,513100,False,False,False,17.997963835594703,18.034441265338508,18.034441265338508,0.0,5,5,1587,5.111334002006025,,0
2021-10-08,2021-10-08,2,bb1639e8e2047c9a82257783cf7eeba3923dbf447292fbed232393c094239aaa,v11_8b8e4ce1b2b4fa5e47d6,False,False,False,513100,513100,513100,False,False,False,18.034441265338508,18.008907064517842,18.008907064517842,0.0,6,6,1587,5.111334002006025,,0
2021-10-11,2021-10-11,2,bb1639e8e2047c9a82257783cf7eeba3923dbf447292fbed232393c094239aaa,v11_8b8e4ce1b2b4fa5e47d6,False,False,False,513100,518880,518880,False,False,True,18.008907064517842,17.80463345795252,17.801072531260928,0.003560926691590504,7,0,1587,1.3606245239908616,,0
2021-10-12,2021-10-12,2,bb1639e8e2047c9a82257783cf7eeba3923dbf447292fbed232393c094239aaa,v11_8b8e4ce1b2b4fa5e47d6,False,False,False,518880,518880,518880,False,False,False,17.801072531260928,17.890750478521692,17.890750478521692,0.0,1,1,1587,1.3674790555978686,,0
2021-10-13,2021-10-13,2,bb1639e8e2047c9a82257783cf7eeba3923dbf447292fbed232393c094239aaa,v11_8b8e4ce1b2b4fa5e47d6,False,False,False,518880,518880,518880,False,False,False,17.890750478521692,17.88576837034054,17.88576837034054,0.0,2,2,1587,1.3674790555978686,,0
2021-10-14,2021-10-14,2,bb1639e8e2047c9a82257783cf7eeba3923dbf447292fbed232393c094239aaa,v11_8b8e4ce1b2b4fa5e47d6,False,False,False,518880,518880,518880,False,False,False,17.88576837034054,18.114945346673593,18.114945346673593,0.0,3,3,1587,1.3846153846153857,,0
2021-10-15,2021-10-15,2,bb1639e8e2047c9a82257783cf7eeba3923dbf447292fbed232393c094239aaa,v11_8b8e4ce1b2b4fa5e47d6,False,False,False,518880,518880,518880,False,False,False,18.114945346673593,18.08007058940552,18.08007058940552,0.0,4,4,1587,1.3846153846153857,,0
2021-10-18,2021-10-18,2,bb1639e8e2047c9a82257783cf7eeba3923dbf447292fbed232393c094239aaa,v11_8b8e4ce1b2b4fa5e47d6,False,False,False,518880,518880,518880,False,False,False,18.08007058940552,17.835947288529002,17.835947288529002,0.0,5,5,1587,1.3846153846153857,,0
2021-10-19,2021-10-19,2,bb1639e8e2047c9a82257783cf7eeba3923dbf447292fbed232393c094239aaa,v11_8b8e4ce1b2b4fa5e47d6,False,False,False,518880,518880,518880,False,False,False,17.835947288529002,17.905696803065148,17.905696803065148,0.0,6,6,1587,1.3846153846153857,,0
2021-10-20,2021-10-20,2,bb1639e8e2047c9a82257783cf7eeba3923dbf447292fbed232393c094239aaa,v11_8b8e4ce1b2b4fa5e47d6,False,False,False,518880,518880,518880,False,False,False,17.905696803065148,17.855875721253614,17.855875721253614,0.0,7,7,1587,1.3846153846153857,,0
2021-10-21,2021-10-21,2,bb1639e8e2047c9a82257783cf7eeba3923dbf447292fbed232393c094239aaa,v11_8b8e4ce1b2b4fa5e47d6,False,False,False,518880,513100,513100,False,False,True,17.855875721253614,17.940571560333222,17.936983446021156,0.0035881143120666445,8,0,1587,5.062186559679043,,0
2021-10-22,2021-10-22,2,bb1639e8e2047c9a82257783cf7eeba3923dbf447292fbed232393c094239aaa,v11_8b8e4ce1b2b4fa5e47d6,False,False,False,513100,513100,513100,False,False,False,17.936983446021156,18.00095525145575,18.00095525145575,0.0,1,1,1587,5.080240722166506,,0
2021-10-25,2021-10-25,2,bb1639e8e2047c9a82257783cf7eeba3923dbf447292fbed232393c094239aaa,v11_8b8e4ce1b2b4fa5e47d6,False,False,False,513100,513100,513100,False,False,False,18.00095525145575,17.912105521685483,17.912105521685483,0.0,2,2,1587,5.080240722166506,,0
2021-10-26,2021-10-26,2,bb1639e8e2047c9a82257783cf7eeba3923dbf447292fbed232393c094239aaa,v11_8b8e4ce1b2b4fa5e47d6,False,False,False,513100,513100,513100,False,False,False,17.912105521685483,18.13600684070655,18.13600684070655,0.0,3,3,1587,5.118355065195592,,0
2021-10-27,2021-10-27,2,bb1639e8e2047c9a82257783cf7eeba3923dbf447292fbed232393c094239aaa,v11_8b8e4ce1b2b4fa5e47d6,False,False,False,513100,513100,513100,False,False,False,18.13600684070655,18.107574927180067,18.107574927180067,0.0,4,4,1587,5.118355065195592,,0
2021-10-28,2021-10-28,2,bb1639e8e2047c9a82257783cf7eeba3923dbf447292fbed232393c094239aaa,v11_8b8e4ce1b2b4fa5e47d6,False,False,False,513100,513100,513100,False,False,False,18.107574927180067,18.18220870018709,18.18220870018709,0.0,5,5,1587,5.131394182547648,,0
2021-10-29,2021-10-29,2,bb1639e8e2047c9a82257783cf7eeba3923dbf447292fbed232393c094239aaa,v11_8b8e4ce1b2b4fa5e47d6,False,False,False,513100,513100,513100,False,False,False,18.18220870018709,18.203532635331953,18.203532635331953,0.0,6,6,1587,5.137412236710136,,0
2021-11-01,2021-11-01,2,bb1639e8e2047c9a82257783cf7eeba3923dbf447292fbed232393c094239aaa,v11_8b8e4ce1b2b4fa5e47d6,False,False,False,513100,513100,513100,False,False,False,18.203532635331953,18.509175705741665,18.509175705741665,0.0,7,7,1587,5.223671013039124,,0
2021-11-02,2021-11-02,2,bb1639e8e2047c9a82257783cf7eeba3923dbf447292fbed232393c094239aaa,v11_8b8e4ce1b2b4fa5e47d6,False,False,False,513100,513100,513100,False,False,False,18.509175705741665,18.54471559764977,18.54471559764977,0.0,8,8,1587,5.233701103309936,,0
2021-11-03,2021-11-03,2,bb1639e8e2047c9a82257783cf7eeba3923dbf447292fbed232393c094239aaa,v11_8b8e4ce1b2b4fa5e47d6,False,False,False,513100,513100,513100,False,False,False,18.54471559764977,18.633565327420033,18.633565327420033,0.0,9,9,1587,5.258776328986967,,0
2021-11-04,2021-11-04,2,bb1639e8e2047c9a82257783cf7eeba3923dbf447292fbed232393c094239aaa,v11_8b8e4ce1b2b4fa5e47d6,False,False,False,513100,513100,513100,False,False,False,18.633565327420033,18.889452549158396,18.889452549158396,0.0,10,10,1587,5.330992978936816,,0
2021-11-05,2021-11-05,2,bb1639e8e2047c9a82257783cf7eeba3923dbf447292fbed232393c094239aaa,v11_8b8e4ce1b2b4fa5e47d6,False,False,False,513100,513100,513100,False,False,False,18.889452549158396,19.12046184656108,19.12046184656108,0.0,11,11,1587,5.396188565697097,,0
2021-11-08,2021-11-08,2,bb1639e8e2047c9a82257783cf7eeba3923dbf447292fbed232393c094239aaa,v11_8b8e4ce1b2b4fa5e47d6,False,False,False,513100,513100,513100,False,False,False,19.12046184656108,19.056490041126487,19.056490041126487,0.0,12,12,1587,5.396188565697097,,0
2021-11-09,2021-11-09,2,bb1639e8e2047c9a82257783cf7eeba3923dbf447292fbed232393c094239aaa,v11_8b8e4ce1b2b4fa5e47d6,False,False,False,513100,513100,513100,False,False,False,19.056490041126487,19.077813976271354,19.077813976271354,0.0,13,13,1587,5.396188565697097,,0
2021-11-10,2021-11-10,2,bb1639e8e2047c9a82257783cf7eeba3923dbf447292fbed232393c094239aaa,v11_8b8e4ce1b2b4fa5e47d6,False,False,False,513100,513100,513100,False,False,False,19.077813976271354,18.8930065383492,18.8930065383492,0.0,14,14,1587,5.396188565697097,,0
2021-11-11,2021-11-11,2,bb1639e8e2047c9a82257783cf7eeba3923dbf447292fbed232393c094239aaa,v11_8b8e4ce1b2b4fa5e47d6,False,False,False,513100,513100,513100,False,False,False,18.8930065383492,18.736631013953538,18.736631013953538,0.0,15,15,1587,5.396188565697097,,0
2021-11-12,2021-11-12,2,bb1639e8e2047c9a82257783cf7eeba3923dbf447292fbed232393c094239aaa,v11_8b8e4ce1b2b4fa5e47d6,False,False,False,513100,513100,513100,False,False,False,18.736631013953538,18.729523035571912,18.729523035571912,0.0,16,16,1587,5.396188565697097,,0
2021-11-15,2021-11-15,2,bb1639e8e2047c9a82257783cf7eeba3923dbf447292fbed232393c094239aaa,v11_8b8e4ce1b2b4fa5e47d6,False,False,False,513100,513100,513100,False,False,False,18.729523035571912,18.964086322165414,18.964086322165414,0.0,17,17,1587,5.396188565697097,,0
2021-11-16,2021-11-16,2,bb1639e8e2047c9a82257783cf7eeba3923dbf447292fbed232393c094239aaa,v11_8b8e4ce1b2b4fa5e47d6,False,False,False,513100,513100,513100,False,False,False,18.964086322165414,18.850358668059474,18.850358668059474,0.0,18,18,1587,5.396188565697097,,0
2021-11-17,2021-11-17,2,bb1639e8e2047c9a82257783cf7eeba3923dbf447292fbed232393c094239aaa,v11_8b8e4ce1b2b4fa5e47d6,False,False,False,513100,513100,513100,False,False,False,18.850358668059474,19.00318020326433,19.00318020326433,0.0,19,19,1587,5.396188565697097,,0
2021-11-18,2021-11-18,2,bb1639e8e2047c9a82257783cf7eeba3923dbf447292fbed232393c094239aaa,v11_8b8e4ce1b2b4fa5e47d6,False,False,False,513100,513100,513100,False,False,False,19.00318020326433,19.045828073554052,19.045828073554052,0.0,20,20,1587,5.396188565697097,,0
2021-11-19,2021-11-19,2,bb1639e8e2047c9a82257783cf7eeba3923dbf447292fbed232393c094239aaa,v11_8b8e4ce1b2b4fa5e47d6,False,False,False,513100,513100,513100,False,False,False,19.045828073554052,19.308823273674037,19.308823273674037,0.0,21,21,1587,5.4493480441324005,,0
2021-11-22,2021-11-22,2,bb1639e8e2047c9a82257783cf7eeba3923dbf447292fbed232393c094239aaa,v11_8b8e4ce1b2b4fa5e47d6,False,False,False,513100,513100,513100,False,False,False,19.308823273674037,19.3621331115362,19.3621331115362,0.0,22,22,1587,5.46439317953862,,0
2021-11-23,2021-11-23,2,bb1639e8e2047c9a82257783cf7eeba3923dbf447292fbed232393c094239aaa,v11_8b8e4ce1b2b4fa5e47d6,False,False,False,513100,513100,513100,False,False,False,19.3621331115362,19.045828073554055,19.045828073554055,0.0,23,23,1587,5.46439317953862,,0
2021-11-24,2021-11-24,2,bb1639e8e2047c9a82257783cf7eeba3923dbf447292fbed232393c094239aaa,v11_8b8e4ce1b2b4fa5e47d6,False,False,False,513100,513100,513100,False,False,False,19.045828073554055,19.07781397627135,19.07781397627135,0.0,24,24,1587,5.46439317953862,,0
2021-11-25,2021-11-25,2,bb1639e8e2047c9a82257783cf7eeba3923dbf447292fbed232393c094239aaa,v11_8b8e4ce1b2b4fa5e47d6,False,False,False,513100,513100,513100,False,False,False,19.07781397627135,19.173771684423237,19.173771684423237,0.0,25,25,1587,5.46439317953862,,0
2021-11-26,2021-11-26,2,bb1639e8e2047c9a82257783cf7eeba3923dbf447292fbed232393c094239aaa,v11_8b8e4ce1b2b4fa5e47d6,False,False,False,513100,513100,513100,False,False,False,19.173771684423237,18.978302278928656,18.978302278928656,0.0,26,26,1587,5.46439317953862,,0
2021-11-29,2021-11-29,2,bb1639e8e2047c9a82257783cf7eeba3923dbf447292fbed232393c094239aaa,v11_8b8e4ce1b2b4fa5e47d6,False,False,False,513100,513100,513100,False,False,False,18.978302278928656,18.914330473494065,18.914330473494065,0.0,27,27,1587,5.46439317953862,,0
2021-11-30,2021-11-30,2,bb1639e8e2047c9a82257783cf7eeba3923dbf447292fbed232393c094239aaa,v11_8b8e4ce1b2b4fa5e47d6,False,False,False,513100,513100,513100,False,False,False,18.914330473494065,18.99962621407352,18.99962621407352,0.0,28,28,1587,5.46439317953862,,0
2021-12-01,2021-12-01,2,bb1639e8e2047c9a82257783cf7eeba3923dbf447292fbed232393c094239aaa,v11_8b8e4ce1b2b4fa5e47d6,False,False,False,513100,513100,513100,False,False,False,18.99962621407352,19.01384217083676,19.01384217083676,0.0,29,29,1587,5.46439317953862,,0
2021-12-02,2021-12-02,2,bb1639e8e2047c9a82257783cf7eeba3923dbf447292fbed232393c094239aaa,v11_8b8e4ce1b2b4fa5e47d6,False,False,False,513100,518880,518880,True,False,True,19.01384217083676,18.58736346793949,18.583645995245902,0.003717472693587898,30,0,1587,1.3613861386138622,,0
2021-12-03,2021-12-03,2,bb1639e8e2047c9a82257783cf7eeba3923dbf447292fbed232393c094239aaa,v11_8b8e4ce1b2b4fa5e47d6,False,False,False,518880,513100,513100,False,False,True,18.583645995245902,18.536861991341787,18.53315461894352,0.0037073723982683575,1,0,1587,5.241725175526584,,0
2021-12-06,2021-12-06,2,bb1639e8e2047c9a82257783cf7eeba3923dbf447292fbed232393c094239aaa,v11_8b8e4ce1b2b4fa5e47d6,False,False,False,513100,513100,513100,False,False,False,18.53315461894352,18.274272053466508,18.274272053466508,0.0,1,1,1587,5.241725175526584,,0
2021-12-07,2021-12-07,2,bb1639e8e2047c9a82257783cf7eeba3923dbf447292fbed232393c094239aaa,v11_8b8e4ce1b2b4fa5e47d6,False,False,False,513100,513100,513100,False,False,False,18.274272053466508,18.511876599863218,18.511876599863218,0.0,2,2,1587,5.241725175526584,,0
2021-12-08,2021-12-08,2,bb1639e8e2047c9a82257783cf7eeba3923dbf447292fbed232393c094239aaa,v11_8b8e4ce1b2b4fa5e47d6,False,False,False,513100,512890,512890,False,False,True,18.511876599863218,18.972900346603105,18.969105766533783,0.003794580069320621,3,0,1587,1.565304087736794,,0
2021-12-09,2021-12-09,2,bb1639e8e2047c9a82257783cf7eeba3923dbf447292fbed232393c094239aaa,v11_8b8e4ce1b2b4fa5e47d6,False,False,False,512890,512890,512890,False,False,False,18.969105766533783,19.017434698423042,19.017434698423042,0.0,1,1,1587,1.569292123629117,,0
2021-12-10,2021-12-10,2,bb1639e8e2047c9a82257783cf7eeba3923dbf447292fbed232393c094239aaa,v11_8b8e4ce1b2b4fa5e47d6,False,False,False,512890,512890,512890,False,False,False,19.017434698423042,18.944941300589154,18.944941300589154,0.0,2,2,1587,1.569292123629117,,0
2021-12-13,2021-12-13,2,bb1639e8e2047c9a82257783cf7eeba3923dbf447292fbed232393c094239aaa,v11_8b8e4ce1b2b4fa5e47d6,False,False,False,512890,512890,512890,False,False,False,18.944941300589154,18.82411897086601,18.82411897086601,0.0,3,3,1587,1.569292123629117,,0
2021-12-14,2021-12-14,2,bb1639e8e2047c9a82257783cf7eeba3923dbf447292fbed232393c094239aaa,v11_8b8e4ce1b2b4fa5e47d6,False,False,False,512890,512890,512890,False,False,False,18.82411897086601,18.58247431141972,18.58247431141972,0.0,4,4,1587,1.569292123629117,,0
2021-12-15,2021-12-15,2,bb1639e8e2047c9a82257783cf7eeba3923dbf447292fbed232393c094239aaa,v11_8b8e4ce1b2b4fa5e47d6,False,False,False,512890,512890,512890,False,False,False,18.58247431141972,18.751625573032122,18.751625573032122,0.0,5,5,1587,1.569292123629117,,0
2021-12-16,2021-12-16,2,bb1639e8e2047c9a82257783cf7eeba3923dbf447292fbed232393c094239aaa,v11_8b8e4ce1b2b4fa5e47d6,False,False,False,512890,512890,512890,False,False,False,18.751625573032122,19.017434698423042,19.017434698423042,0.0,6,6,1587,1.569292123629117,,0
2021-12-17,2021-12-17,2,bb1639e8e2047c9a82257783cf7eeba3923dbf447292fbed232393c094239aaa,v11_8b8e4ce1b2b4fa5e47d6,False,False,False,512890,513100,513100,False,False,True,19.017434698423042,19.04159916436767,19.037790844534797,0.0038083198328735346,7,0,1587,5.2066198595787405,,0
2021-12-20,2021-12-20,2,bb1639e8e2047c9a82257783cf7eeba3923dbf447292fbed232393c094239aaa,v11_8b8e4ce1b2b4fa5e47d6,False,False,False,513100,513100,513100,False,False,False,19.037790844534797,18.75172887461114,18.75172887461114,0.0,1,1,1587,5.2066198595787405,,0
2021-12-21,2021-12-21,2,bb1639e8e2047c9a82257783cf7eeba3923dbf447292fbed232393c094239aaa,v11_8b8e4ce1b2b4fa5e47d6,False,False,False,513100,518880,518880,False,False,True,18.75172887461114,18.997448771853254,18.993649282098882,0.003799489754370651,2,0,1587,1.3705255140898716,,0
2021-12-22,2021-12-22,2,bb1639e8e2047c9a82257783cf7eeba3923dbf447292fbed232393c094239aaa,v11_8b8e4ce1b2b4fa5e47d6,False,False,False,518880,518880,518880,False,False,False,18.993649282098882,18.95142944485054,18.95142944485054,0.0,1,1,1587,1.3705255140898716,,0
2021-12-23,2021-12-23,2,bb1639e8e2047c9a82257783cf7eeba3923dbf447292fbed232393c094239aaa,v11_8b8e4ce1b2b4fa5e47d6,False,False,False,518880,518880,518880,False,False,False,18.95142944485054,19.141418712468084,19.141418712468084,0.0,2,2,1587,1.381188118811882,,0
2021-12-24,2021-12-24,2,bb1639e8e2047c9a82257783cf7eeba3923dbf447292fbed232393c094239aaa,v11_8b8e4ce1b2b4fa5e47d6,False,False,False,518880,518880,518880,False,False,False,19.141418712468084,19.173083590404342,19.173083590404342,0.0,3,3,1587,1.3834729626808844,,0
2021-12-27,2021-12-27,2,bb1639e8e2047c9a82257783cf7eeba3923dbf447292fbed232393c094239aaa,v11_8b8e4ce1b2b4fa5e47d6,False,False,False,518880,518880,518880,False,False,False,19.173083590404342,19.157251151436213,19.157251151436213,0.0,4,4,1587,1.3834729626808844,,0
2021-12-28,2021-12-28,2,bb1639e8e2047c9a82257783cf7eeba3923dbf447292fbed232393c094239aaa,v11_8b8e4ce1b2b4fa5e47d6,False,False,False,518880,518880,518880,False,False,False,19.157251151436213,19.22058090730873,19.22058090730873,0.0,5,5,1587,1.3869002284843877,,0
2021-12-29,2021-12-29,2,bb1639e8e2047c9a82257783cf7eeba3923dbf447292fbed232393c094239aaa,v11_8b8e4ce1b2b4fa5e47d6,False,False,False,518880,518880,518880,False,False,False,19.22058090730873,19.130863753156,19.130863753156,0.0,6,6,1587,1.3869002284843877,,0
2021-12-30,2021-12-30,2,bb1639e8e2047c9a82257783cf7eeba3923dbf447292fbed232393c094239aaa,v11_8b8e4ce1b2b4fa5e47d6,False,False,False,518880,518880,518880,False,False,False,19.130863753156,19.030591639691178,19.030591639691178,0.0,7,7,1587,1.3869002284843877,,0
2021-12-31,2021-12-31,2,bb1639e8e2047c9a82257783cf7eeba3923dbf447292fbed232393c094239aaa,v11_8b8e4ce1b2b4fa5e47d6,False,False,False,518880,518880,518880,False,False,False,19.030591639691178,19.22585838696477,19.22585838696477,0.0,8,8,1587,1.387281035795888,,0
2022-01-04,2022-01-04,3,435dc567388f0b921f9f7345bdbe8684dcaebaeced0d76965eeb94da0dc2fcfb,v11_e2a10e8c6af1c0803ba4,True,True,True,518880,513100,513100,False,False,True,19.22585838696477,19.104476354875782,19.10065545960481,0.0038208952709751567,9,0,1587,5.422266800401209,,0
2022-01-05,2022-01-05,3,435dc567388f0b921f9f7345bdbe8684dcaebaeced0d76965eeb94da0dc2fcfb,v11_e2a10e8c6af1c0803ba4,False,False,False,513100,513100,513100,False,False,False,19.10065545960481,18.715533105720805,18.715533105720805,0.0,1,1,1587,5.422266800401209,,0
2022-01-06,2022-01-06,3,435dc567388f0b921f9f7345bdbe8684dcaebaeced0d76965eeb94da0dc2fcfb,v11_e2a10e8c6af1c0803ba4,False,False,False,513100,518880,518880,True,False,True,18.715533105720805,18.199681145472507,18.19604120924341,0.0036399362290945015,2,0,1587,1.3762376237623772,,0
2022-01-07,2022-01-07,3,435dc567388f0b921f9f7345bdbe8684dcaebaeced0d76965eeb94da0dc2fcfb,v11_e2a10e8c6af1c0803ba4,False,False,False,518880,518880,518880,False,False,False,18.19604120924341,18.085273941229204,18.085273941229204,0.0,1,1,1587,1.3762376237623772,,0
2022-01-10,2022-01-10,3,435dc567388f0b921f9f7345bdbe8684dcaebaeced0d76965eeb94da0dc2fcfb,v11_e2a10e8c6af1c0803ba4,False,False,False,518880,518880,518880,False,False,False,18.085273941229204,18.120518071960998,18.120518071960998,0.0,2,2,1587,1.3762376237623772,,0
2022-01-11,2022-01-11,3,435dc567388f0b921f9f7345bdbe8684dcaebaeced0d76965eeb94da0dc2fcfb,v11_e2a10e8c6af1c0803ba4,False,False,False,518880,518880,518880,False,False,False,18.120518071960998,18.271564346525828,18.271564346525828,0.0,3,3,1587,1.381949733434883,,0
2022-01-12,2022-01-12,3,435dc567388f0b921f9f7345bdbe8684dcaebaeced0d76965eeb94da0dc2fcfb,v11_e2a10e8c6af1c0803ba4,False,False,False,518880,518880,518880,False,False,False,18.271564346525828,18.3571572354459,18.3571572354459,0.0,4,4,1587,1.3884234577303893,,0
2022-01-13,2022-01-13,3,435dc567388f0b921f9f7345bdbe8684dcaebaeced0d76965eeb94da0dc2fcfb,v11_e2a10e8c6af1c0803ba4,False,False,False,518880,518880,518880,False,False,False,18.3571572354459,18.397436241996523,18.397436241996523,0.0,5,5,1587,1.3914699162223925,,0
2022-01-14,2022-01-14,3,435dc567388f0b921f9f7345bdbe8684dcaebaeced0d76965eeb94da0dc2fcfb,v11_e2a10e8c6af1c0803ba4,False,False,False,518880,518880,518880,False,False,False,18.397436241996523,18.377296738721213,18.377296738721213,0.0,6,6,1587,1.3914699162223925,,0
2022-01-17,2022-01-17,3,435dc567388f0b921f9f7345bdbe8684dcaebaeced0d76965eeb94da0dc2fcfb,v11_e2a10e8c6af1c0803ba4,False,False,False,518880,518880,518880,False,False,False,18.377296738721213,18.3017736014388,18.3017736014388,0.0,7,7,1587,1.3914699162223925,,0
2022-01-18,2022-01-18,3,435dc567388f0b921f9f7345bdbe8684dcaebaeced0d76965eeb94da0dc2fcfb,v11_e2a10e8c6af1c0803ba4,False,False,False,518880,518880,518880,False,False,False,18.3017736014388,18.271564346525835,18.271564346525835,0.0,8,8,1587,1.3914699162223925,,0
2022-01-19,2022-01-19,3,435dc567388f0b921f9f7345bdbe8684dcaebaeced0d76965eeb94da0dc2fcfb,v11_e2a10e8c6af1c0803ba4,False,False,False,518880,518880,518880,False,False,False,18.271564346525835,18.251424843250525,18.251424843250525,0.0,9,9,1587,1.3914699162223925,,0
2022-01-20,2022-01-20,3,435dc567388f0b921f9f7345bdbe8684dcaebaeced0d76965eeb94da0dc2fcfb,v11_e2a10e8c6af1c0803ba4,False,False,False,518880,518880,518880,False,False,False,18.251424843250525,18.498133758373083,18.498133758373083,0.0,10,10,1587,1.3990860624524004,,0
2022-01-21,2022-01-21,3,435dc567388f0b921f9f7345bdbe8684dcaebaeced0d76965eeb94da0dc2fcfb,v11_e2a10e8c6af1c0803ba4,False,False,False,518880,518880,518880,False,False,False,18.498133758373083,18.488064006735428,18.488064006735428,0.0,11,11,1587,1.3990860624524004,,0
2022-01-24,2022-01-24,3,435dc567388f0b921f9f7345bdbe8684dcaebaeced0d76965eeb94da0dc2fcfb,v11_e2a10e8c6af1c0803ba4,False,False,False,518880,518880,518880,False,False,False,18.488064006735428,18.43771524854715,18.43771524854715,0.0,12,12,1587,1.3990860624524004,,0
2022-01-25,2022-01-25,3,435dc567388f0b921f9f7345bdbe8684dcaebaeced0d76965eeb94da0dc2fcfb,v11_e2a10e8c6af1c0803ba4,False,False,False,518880,518880,518880,False,False,False,18.43771524854715,18.483029130916602,18.483029130916602,0.0,13,13,1587,1.3990860624524004,,0
2022-01-26,2022-01-26,3,435dc567388f0b921f9f7345bdbe8684dcaebaeced0d76965eeb94da0dc2fcfb,v11_e2a10e8c6af1c0803ba4,False,False,False,518880,518880,518880,False,False,False,18.483029130916602,18.498133758373086,18.498133758373086,0.0,14,14,1587,1.3990860624524006,,0
2022-01-27,2022-01-27,3,435dc567388f0b921f9f7345bdbe8684dcaebaeced0d76965eeb94da0dc2fcfb,v11_e2a10e8c6af1c0803ba4,False,False,False,518880,518880,518880,False,False,False,18.498133758373086,18.155762202692802,18.155762202692802,0.0,15,15,1587,1.3990860624524006,,0
2022-01-28,2022-01-28,3,435dc567388f0b921f9f7345bdbe8684dcaebaeced0d76965eeb94da0dc2fcfb,v11_e2a10e8c6af1c0803ba4,False,False,False,518880,518880,518880,False,False,False,18.155762202692802,18.09534369286687,18.09534369286687,0.0,16,16,1587,1.3990860624524006,,0
2022-02-07,2022-02-07,3,435dc567388f0b921f9f7345bdbe8684dcaebaeced0d76965eeb94da0dc2fcfb,v11_e2a10e8c6af1c0803ba4,False,False,False,518880,518880,518880,False,False,False,18.09534369286687,18.22625046415639,18.22625046415639,0.0,17,17,1587,1.3990860624524006,,0
2022-02-08,2022-02-08,3,435dc567388f0b921f9f7345bdbe8684dcaebaeced0d76965eeb94da0dc2fcfb,v11_e2a10e8c6af1c0803ba4,False,False,False,518880,518880,518880,False,False,False,18.22625046415639,18.33198285635177,18.33198285635177,0.0,18,18,1587,1.3990860624524006,,0
2022-02-09,2022-02-09,3,435dc567388f0b921f9f7345bdbe8684dcaebaeced0d76965eeb94da0dc2fcfb,v11_e2a10e8c6af1c0803ba4,False,False,False,518880,518880,518880,False,False,False,18.33198285635177,18.41757574527184,18.41757574527184,0.0,19,19,1587,1.3990860624524006,,0
2022-02-10,2022-02-10,3,435dc567388f0b921f9f7345bdbe8684dcaebaeced0d76965eeb94da0dc2fcfb,v11_e2a10e8c6af1c0803ba4,False,False,False,518880,518880,518880,False,False,False,18.41757574527184,18.452819876003634,18.452819876003634,0.0,20,20,1587,1.3990860624524006,,0
2022-02-11,2022-02-11,3,435dc567388f0b921f9f7345bdbe8684dcaebaeced0d76965eeb94da0dc2fcfb,v11_e2a10e8c6af1c0803ba4,False,False,False,518880,518880,518880,False,False,False,18.452819876003634,18.352122359627078,18.352122359627078,0.0,21,21,1587,1.3990860624524006,,0
2022-02-14,2022-02-14,3,435dc567388f0b921f9f7345bdbe8684dcaebaeced0d76965eeb94da0dc2fcfb,v11_e2a10e8c6af1c0803ba4,False,False,False,518880,518880,518880,False,False,False,18.352122359627078,18.65421490875674,18.65421490875674,0.0,22,22,1587,1.4108910891089121,,0
2022-02-15,2022-02-15,3,435dc567388f0b921f9f7345bdbe8684dcaebaeced0d76965eeb94da0dc2fcfb,v11_e2a10e8c6af1c0803ba4,False,False,False,518880,518880,518880,False,False,False,18.65421490875674,18.840505314053363,18.840505314053363,0.0,23,23,1587,1.424980959634426,,0
2022-02-16,2022-02-16,3,435dc567388f0b921f9f7345bdbe8684dcaebaeced0d76965eeb94da0dc2fcfb,v11_e2a10e8c6af1c0803ba4,False,False,False,518880,518880,518880,False,False,False,18.840505314053363,18.588761523111977,18.588761523111977,0.0,24,24,1587,1.424980959634426,,0
2022-02-17,2022-02-17,3,435dc567388f0b921f9f7345bdbe8684dcaebaeced0d76965eeb94da0dc2fcfb,v11_e2a10e8c6af1c0803ba4,False,False,False,518880,518880,518880,False,False,False,18.588761523111977,18.75994730095212,18.75994730095212,0.0,25,25,1587,1.424980959634426,,0
2022-02-18,2022-02-18,3,435dc567388f0b921f9f7345bdbe8684dcaebaeced0d76965eeb94da0dc2fcfb,v11_e2a10e8c6af1c0803ba4,False,False,False,518880,518880,518880,False,False,False,18.75994730095212,18.931133078792264,18.931133078792264,0.0,26,26,1587,1.4318354912414333,,0
2022-02-21,2022-02-21,3,435dc567388f0b921f9f7345bdbe8684dcaebaeced0d76965eeb94da0dc2fcfb,v11_e2a10e8c6af1c0803ba4,False,False,False,518880,518880,518880,False,False,False,18.931133078792264,18.9009238238793,18.9009238238793,0.0,27,27,1587,1.4318354912414333,,0
2022-02-22,2022-02-22,3,435dc567388f0b921f9f7345bdbe8684dcaebaeced0d76965eeb94da0dc2fcfb,v11_e2a10e8c6af1c0803ba4,False,False,False,518880,518880,518880,False,False,False,18.9009238238793,19.137562987364202,19.137562987364202,0.0,28,28,1587,1.4474485910129489,,0
2022-02-23,2022-02-23,3,435dc567388f0b921f9f7345bdbe8684dcaebaeced0d76965eeb94da0dc2fcfb,v11_e2a10e8c6af1c0803ba4,False,False,False,518880,518880,518880,False,False,False,19.137562987364202,18.991551588618194,18.991551588618194,0.0,29,29,1587,1.4474485910129489,,0
2022-02-24,2022-02-24,3,435dc567388f0b921f9f7345bdbe8684dcaebaeced0d76965eeb94da0dc2fcfb,v11_e2a10e8c6af1c0803ba4,False,False,False,518880,513100,513100,False,True,True,18.991551588618194,19.399376529943243,19.395496654637256,0.003879875305988649,30,0,2375,4.297893681043134,,0
2022-02-25,2022-02-25,3,435dc567388f0b921f9f7345bdbe8684dcaebaeced0d76965eeb94da0dc2fcfb,v11_e2a10e8c6af1c0803ba4,False,False,False,513100,513100,513100,False,False,False,19.395496654637256,20.2328751566461,20.2328751566461,0.0,1,1,2375,4.483450351053164,,0
2022-02-28,2022-02-28,3,435dc567388f0b921f9f7345bdbe8684dcaebaeced0d76965eeb94da0dc2fcfb,v11_e2a10e8c6af1c0803ba4,False,False,False,513100,513100,513100,False,False,False,20.2328751566461,20.27813885945739,20.27813885945739,0.0,2,2,2375,4.493480441323976,,0
2022-03-01,2022-03-01,3,435dc567388f0b921f9f7345bdbe8684dcaebaeced0d76965eeb94da0dc2fcfb,v11_e2a10e8c6af1c0803ba4,False,False,False,513100,513100,513100,False,False,False,20.27813885945739,20.79867144178721,20.79867144178721,0.0,3,3,2375,4.608826479438319,,0
2022-03-02,2022-03-02,3,435dc567388f0b921f9f7345bdbe8684dcaebaeced0d76965eeb94da0dc2fcfb,v11_e2a10e8c6af1c0803ba4,False,False,False,513100,513100,513100,False,False,False,20.79867144178721,20.48182552210819,20.48182552210819,0.0,4,4,2375,4.608826479438319,,0
2022-03-03,2022-03-03,3,435dc567388f0b921f9f7345bdbe8684dcaebaeced0d76965eeb94da0dc2fcfb,v11_e2a10e8c6af1c0803ba4,False,False,False,513100,518880,518880,False,False,True,20.48182552210819,20.821303293192855,20.817139032534218,0.004164260658638571,5,0,2375,1.4573495811119586,,0
2022-03-04,2022-03-04,3,435dc567388f0b921f9f7345bdbe8684dcaebaeced0d76965eeb94da0dc2fcfb,v11_e2a10e8c6af1c0803ba4,False,False,False,518880,518880,518880,False,False,False,20.817139032534218,20.89329266369583,20.89329266369583,0.0,1,1,2375,1.462680883472964,,0
2022-03-07,2022-03-07,3,435dc567388f0b921f9f7345bdbe8684dcaebaeced0d76965eeb94da0dc2fcfb,v11_e2a10e8c6af1c0803ba4,False,False,False,518880,518880,518880,False,False,False,20.89329266369583,21.35565399574846,21.35565399574846,0.0,2,2,2375,1.4950495049504966,,0
2022-03-08,2022-03-08,3,435dc567388f0b921f9f7345bdbe8684dcaebaeced0d76965eeb94da0dc2fcfb,v11_e2a10e8c6af1c0803ba4,False,False,False,518880,159915,159915,False,True,True,21.35565399574846,21.839773508132975,21.83540555343135,0.004367954701626595,3,0,2383,3.1455457967377485,,0
2022-03-09,2022-03-09,3,435dc567388f0b921f9f7345bdbe8684dcaebaeced0d76965eeb94da0dc2fcfb,v11_e2a10e8c6af1c0803ba4,False,False,False,159915,159915,159915,False,False,False,21.83540555343135,21.62637095698845,21.62637095698845,0.0,1,1,2383,3.1455457967377485,,0
2022-03-10,2022-03-10,3,435dc567388f0b921f9f7345bdbe8684dcaebaeced0d76965eeb94da0dc2fcfb,v11_e2a10e8c6af1c0803ba4,False,False,False,159915,159915,159915,False,False,False,21.62637095698845,22.18379654750285,22.18379654750285,0.0,2,2,2383,3.1957340025093917,,0
2022-03-11,2022-03-11,3,435dc567388f0b921f9f7345bdbe8684dcaebaeced0d76965eeb94da0dc2fcfb,v11_e2a10e8c6af1c0803ba4,False,False,False,159915,159915,159915,False,False,False,22.18379654750285,22.497348442167205,22.497348442167205,0.0,3,3,2383,3.240903387703871,,0
2022-03-14,2022-03-14,3,435dc567388f0b921f9f7345bdbe8684dcaebaeced0d76965eeb94da0dc2fcfb,v11_e2a10e8c6af1c0803ba4,False,False,False,159915,159915,159915,True,False,False,22.497348442167205,21.687339380950963,21.687339380950963,0.0,4,4,2383,3.240903387703871,,0
2022-03-15,2022-03-15,3,435dc567388f0b921f9f7345bdbe8684dcaebaeced0d76965eeb94da0dc2fcfb,v11_e2a10e8c6af1c0803ba4,False,False,False,159915,510500,510500,False,True,True,21.687339380950963,21.08636491617762,21.082147643194382,0.004217272983235524,5,0,2388,1.931640374969079,,0
2022-03-16,2022-03-16,3,435dc567388f0b921f9f7345bdbe8684dcaebaeced0d76965eeb94da0dc2fcfb,v11_e2a10e8c6af1c0803ba4,False,False,False,510500,510500,510500,False,False,False,21.082147643194382,21.823366179422788,21.823366179422788,0.0,1,1,2388,1.9995541224433058,,0
2022-03-17,2022-03-17,3,435dc567388f0b921f9f7345bdbe8684dcaebaeced0d76965eeb94da0dc2fcfb,v11_e2a10e8c6af1c0803ba4,False,False,False,510500,510500,510500,False,False,False,21.823366179422788,22.17978190109858,22.17978190109858,0.0,2,2,2388,2.0322105201649556,,0
2022-03-18,2022-03-18,3,435dc567388f0b921f9f7345bdbe8684dcaebaeced0d76965eeb94da0dc2fcfb,v11_e2a10e8c6af1c0803ba4,False,False,False,510500,510500,510500,False,False,False,22.17978190109858,22.406878644113238,22.406878644113238,0.0,3,3,2388,2.053018136412378,,0
2022-03-21,2022-03-21,3,435dc567388f0b921f9f7345bdbe8684dcaebaeced0d76965eeb94da0dc2fcfb,v11_e2a10e8c6af1c0803ba4,False,False,False,510500,510500,510500,False,False,False,22.406878644113238,22.492039922743736,22.492039922743736,0.0,4,4,2388,2.0608209925051617,,0
2022-03-22,2022-03-22,3,435dc567388f0b921f9f7345bdbe8684dcaebaeced0d76965eeb94da0dc2fcfb,v11_e2a10e8c6af1c0803ba4,False,False,False,510500,513100,513100,False,False,True,22.492039922743736,22.498348165605254,22.493848495972134,0.004499669633121051,5,0,2388,4.674022066198599,,0
2022-03-23,2022-03-23,3,435dc567388f0b921f9f7345bdbe8684dcaebaeced0d76965eeb94da0dc2fcfb,v11_e2a10e8c6af1c0803ba4,False,False,False,513100,513100,513100,False,False,False,22.493848495972134,23.048954199198914,23.048954199198914,0.0,1,1,2388,4.789368104312943,,0
2022-03-24,2022-03-24,3,435dc567388f0b921f9f7345bdbe8684dcaebaeced0d76965eeb94da0dc2fcfb,v11_e2a10e8c6af1c0803ba4,False,False,False,513100,513100,513100,False,False,False,23.048954199198914,22.831738924023217,22.831738924023217,0.0,2,2,2388,4.789368104312943,,0
2022-03-25,2022-03-25,3,435dc567388f0b921f9f7345bdbe8684dcaebaeced0d76965eeb94da0dc2fcfb,v11_e2a10e8c6af1c0803ba4,False,False,False,513100,513100,513100,False,False,False,22.831738924023217,23.242034443799536,23.242034443799536,0.0,3,3,2388,4.829488465396193,,0
2022-03-28,2022-03-28,3,435dc567388f0b921f9f7345bdbe8684dcaebaeced0d76965eeb94da0dc2fcfb,v11_e2a10e8c6af1c0803ba4,False,False,False,513100,513100,513100,False,False,False,23.242034443799536,23.12135929092415,23.12135929092415,0.0,4,4,2388,4.829488465396193,,0
2022-03-29,2022-03-29,3,435dc567388f0b921f9f7345bdbe8684dcaebaeced0d76965eeb94da0dc2fcfb,v11_e2a10e8c6af1c0803ba4,False,False,False,513100,513100,513100,False,False,False,23.12135929092415,23.6040599024257,23.6040599024257,0.0,5,5,2388,4.904714142427287,,0
2022-03-30,2022-03-30,3,435dc567388f0b921f9f7345bdbe8684dcaebaeced0d76965eeb94da0dc2fcfb,v11_e2a10e8c6af1c0803ba4,False,False,False,513100,513100,513100,False,False,False,23.6040599024257,23.893680269326627,23.893680269326627,0.0,6,6,2388,4.964894684052162,,0
2022-03-31,2022-03-31,3,435dc567388f0b921f9f7345bdbe8684dcaebaeced0d76965eeb94da0dc2fcfb,v11_e2a10e8c6af1c0803ba4,False,False,False,513100,513100,513100,False,False,False,23.893680269326627,23.724735055301085,23.724735055301085,0.0,7,7,2388,4.964894684052162,,0
2022-04-01,2022-04-01,3,435dc567388f0b921f9f7345bdbe8684dcaebaeced0d76965eeb94da0dc2fcfb,v11_e2a10e8c6af1c0803ba4,False,False,False,513100,513100,513100,False,False,False,23.724735055301085,23.483384749550307,23.483384749550307,0.0,8,8,2388,4.964894684052162,,0
2022-04-06,2022-04-06,3,435dc567388f0b921f9f7345bdbe8684dcaebaeced0d76965eeb94da0dc2fcfb,v11_e2a10e8c6af1c0803ba4,False,False,False,513100,513100,513100,False,False,False,23.483384749550307,23.33857456609984,23.33857456609984,0.0,9,9,2388,4.964894684052162,,0
2022-04-07,2022-04-07,3,435dc567388f0b921f9f7345bdbe8684dcaebaeced0d76965eeb94da0dc2fcfb,v11_e2a10e8c6af1c0803ba4,False,False,False,513100,513100,513100,False,False,False,23.33857456609984,22.855873954598287,22.855873954598287,0.0,10,10,2388,4.964894684052162,,0
2022-04-08,2022-04-08,3,435dc567388f0b921f9f7345bdbe8684dcaebaeced0d76965eeb94da0dc2fcfb,v11_e2a10e8c6af1c0803ba4,False,False,False,513100,513100,513100,False,False,False,22.855873954598287,23.000684138048754,23.000684138048754,0.0,11,11,2388,4.964894684052162,,0
2022-04-11,2022-04-11,3,435dc567388f0b921f9f7345bdbe8684dcaebaeced0d76965eeb94da0dc2fcfb,v11_e2a10e8c6af1c0803ba4,False,False,False,513100,588080,588080,False,True,True,23.000684138048754,22.421443404246897,22.416959115566048,0.00448428868084938,12,0,2405,0.7073844030365767,,0
2022-04-12,2022-04-12,3,435dc567388f0b921f9f7345bdbe8684dcaebaeced0d76965eeb94da0dc2fcfb,v11_e2a10e8c6af1c0803ba4,False,False,False,588080,588080,588080,False,False,False,22.416959115566048,22.438829319581235,22.438829319581235,0.0,1,1,2405,0.7080745341614905,,0
2022-04-13,2022-04-13,3,435dc567388f0b921f9f7345bdbe8684dcaebaeced0d76965eeb94da0dc2fcfb,v11_e2a10e8c6af1c0803ba4,False,False,False,588080,588080,588080,True,False,False,22.438829319581235,21.717112587080084,21.717112587080084,0.0,2,2,2405,0.7080745341614905,,0
2022-04-14,2022-04-14,3,435dc567388f0b921f9f7345bdbe8684dcaebaeced0d76965eeb94da0dc2fcfb,v11_e2a10e8c6af1c0803ba4,False,False,False,588080,588080,588080,False,False,False,21.717112587080084,21.957684831247136,21.957684831247136,0.0,3,3,2405,0.7080745341614905,,0
2022-04-15,2022-04-15,3,435dc567388f0b921f9f7345bdbe8684dcaebaeced0d76965eeb94da0dc2fcfb,v11_e2a10e8c6af1c0803ba4,False,False,False,588080,588080,588080,False,False,False,21.957684831247136,21.935814627231945,21.935814627231945,0.0,4,4,2405,0.7080745341614905,,0
2022-04-18,2022-04-18,3,435dc567388f0b921f9f7345bdbe8684dcaebaeced0d76965eeb94da0dc2fcfb,v11_e2a10e8c6af1c0803ba4,False,False,False,588080,518880,518880,False,False,True,21.935814627231945,22.591920747687535,22.587402363537997,0.004518384149537507,5,0,2405,1.5106626047220115,,0
2022-04-19,2022-04-19,3,435dc567388f0b921f9f7345bdbe8684dcaebaeced0d76965eeb94da0dc2fcfb,v11_e2a10e8c6af1c0803ba4,False,False,False,518880,518880,518880,False,False,False,22.587402363537997,22.410893799567827,22.410893799567827,0.0,1,1,2405,1.5106626047220115,,0
2022-04-20,2022-04-20,3,435dc567388f0b921f9f7345bdbe8684dcaebaeced0d76965eeb94da0dc2fcfb,v11_e2a10e8c6af1c0803ba4,False,False,False,518880,518880,518880,False,False,False,22.410893799567827,22.12620256735787,22.12620256735787,0.0,2,2,2405,1.5106626047220115,,0
2022-04-21,2022-04-21,3,435dc567388f0b921f9f7345bdbe8684dcaebaeced0d76965eeb94da0dc2fcfb,v11_e2a10e8c6af1c0803ba4,False,False,False,518880,510300,510300,False,True,True,22.12620256735787,22.416587624212024,22.412104306687183,0.004483317524842405,3,0,2413,1.7856349920352999,,0
2022-04-22,2022-04-22,3,435dc567388f0b921f9f7345bdbe8684dcaebaeced0d76965eeb94da0dc2fcfb,v11_e2a10e8c6af1c0803ba4,False,False,False,510300,510300,510300,False,False,False,22.412104306687183,22.468190653801017,22.468190653801017,0.0,1,1,2413,1.7901035480714242,,0
2022-04-25,2022-04-25,3,435dc567388f0b921f9f7345bdbe8684dcaebaeced0d76965eeb94da0dc2fcfb,v11_e2a10e8c6af1c0803ba4,False,False,False,510300,510300,510300,True,False,False,22.468190653801017,21.385724154504064,21.385724154504064,0.0,2,2,2413,1.7901035480714242,,0
2022-04-26,2022-04-26,3,435dc567388f0b921f9f7345bdbe8684dcaebaeced0d76965eeb94da0dc2fcfb,v11_e2a10e8c6af1c0803ba4,False,False,False,510300,510300,510300,False,False,False,21.385724154504064,21.217465113162568,21.217465113162568,0.0,3,3,2413,1.7901035480714242,,0
2022-04-27,2022-04-27,3,435dc567388f0b921f9f7345bdbe8684dcaebaeced0d76965eeb94da0dc2fcfb,v11_e2a10e8c6af1c0803ba4,False,False,False,510300,510300,510300,False,False,False,21.217465113162568,21.811980392569183,21.811980392569183,0.0,4,4,2413,1.7901035480714242,,0
2022-04-28,2022-04-28,3,435dc567388f0b921f9f7345bdbe8684dcaebaeced0d76965eeb94da0dc2fcfb,v11_e2a10e8c6af1c0803ba4,False,False,False,510300,518880,518880,False,False,True,21.811980392569183,21.957804895065145,21.953413334086132,0.00439156097901303,5,0,2413,1.4813404417364824,,0
2022-04-29,2022-04-29,3,435dc567388f0b921f9f7345bdbe8684dcaebaeced0d76965eeb94da0dc2fcfb,v11_e2a10e8c6af1c0803ba4,False,False,False,518880,518880,518880,False,False,False,21.953413334086132,22.2468779853387,22.2468779853387,0.0,1,1,2413,1.5011424219345022,,0
2022-05-05,2022-05-05,3,435dc567388f0b921f9f7345bdbe8684dcaebaeced0d76965eeb94da0dc2fcfb,v11_e2a10e8c6af1c0803ba4,False,False,False,518880,518880,518880,False,False,False,22.2468779853387,22.173511822525555,22.173511822525555,0.0,2,2,2413,1.5011424219345022,,0
2022-05-06,2022-05-06,3,435dc567388f0b921f9f7345bdbe8684dcaebaeced0d76965eeb94da0dc2fcfb,v11_e2a10e8c6af1c0803ba4,False,False,False,518880,518880,518880,False,False,False,22.173511822525555,22.134006965626174,22.134006965626174,0.0,3,3,2413,1.5011424219345022,,0
2022-05-09,2022-05-09,3,435dc567388f0b921f9f7345bdbe8684dcaebaeced0d76965eeb94da0dc2fcfb,v11_e2a10e8c6af1c0803ba4,False,False,False,518880,518880,518880,False,False,False,22.134006965626174,22.22994733238182,22.22994733238182,0.0,4,4,2413,1.5011424219345022,,0
2022-05-10,2022-05-10,3,435dc567388f0b921f9f7345bdbe8684dcaebaeced0d76965eeb94da0dc2fcfb,v11_e2a10e8c6af1c0803ba4,False,False,False,518880,518880,518880,False,False,False,22.22994733238182,22.066284353798657,22.066284353798657,0.0,5,5,2413,1.5011424219345022,,0
2022-05-11,2022-05-11,3,435dc567388f0b921f9f7345bdbe8684dcaebaeced0d76965eeb94da0dc2fcfb,v11_e2a10e8c6af1c0803ba4,False,False,False,518880,518880,518880,False,False,False,22.066284353798657,21.953413334086136,21.953413334086136,0.0,6,6,2413,1.5011424219345022,,0
2022-05-12,2022-05-12,3,435dc567388f0b921f9f7345bdbe8684dcaebaeced0d76965eeb94da0dc2fcfb,v11_e2a10e8c6af1c0803ba4,False,False,False,518880,518880,518880,False,False,False,21.953413334086136,22.16786827153993,22.16786827153993,0.0,7,7,2413,1.5011424219345022,,0
2022-05-13,2022-05-13,3,435dc567388f0b921f9f7345bdbe8684dcaebaeced0d76965eeb94da0dc2fcfb,v11_e2a10e8c6af1c0803ba4,False,False,False,518880,518880,518880,False,False,False,22.16786827153993,21.94212623211488,21.94212623211488,0.0,8,8,2413,1.5011424219345022,,0
2022-05-16,2022-05-16,3,435dc567388f0b921f9f7345bdbe8684dcaebaeced0d76965eeb94da0dc2fcfb,v11_e2a10e8c6af1c0803ba4,False,False,False,518880,518880,518880,False,False,False,21.94212623211488,21.733314845646714,21.733314845646714,0.0,9,9,2413,1.5011424219345022,,0
2022-05-17,2022-05-17,3,435dc567388f0b921f9f7345bdbe8684dcaebaeced0d76965eeb94da0dc2fcfb,v11_e2a10e8c6af1c0803ba4,False,False,False,518880,518880,518880,False,False,False,21.733314845646714,21.880047171273,21.880047171273,0.0,10,10,2413,1.5011424219345022,,0
2022-05-18,2022-05-18,3,435dc567388f0b921f9f7345bdbe8684dcaebaeced0d76965eeb94da0dc2fcfb,v11_e2a10e8c6af1c0803ba4,False,False,False,518880,518880,518880,False,False,False,21.880047171273,21.64866158086232,21.64866158086232,0.0,11,11,2413,1.5011424219345022,,0
2022-05-19,2022-05-19,3,435dc567388f0b921f9f7345bdbe8684dcaebaeced0d76965eeb94da0dc2fcfb,v11_e2a10e8c6af1c0803ba4,False,False,False,518880,518880,518880,False,False,False,21.64866158086232,21.727671294661093,21.727671294661093,0.0,12,12,2413,1.5011424219345022,,0
2022-05-20,2022-05-20,3,435dc567388f0b921f9f7345bdbe8684dcaebaeced0d76965eeb94da0dc2fcfb,v11_e2a10e8c6af1c0803ba4,False,False,False,518880,518880,518880,False,False,False,21.727671294661093,21.851829416344867,21.851829416344867,0.0,13,13,2413,1.5011424219345022,,0
2022-05-23,2022-05-23,3,435dc567388f0b921f9f7345bdbe8684dcaebaeced0d76965eeb94da0dc2fcfb,v11_e2a10e8c6af1c0803ba4,False,False,False,518880,518880,518880,False,False,False,21.851829416344867,21.868760069301743,21.868760069301743,0.0,14,14,2413,1.5011424219345022,,0
2022-05-24,2022-05-24,3,435dc567388f0b921f9f7345bdbe8684dcaebaeced0d76965eeb94da0dc2fcfb,v11_e2a10e8c6af1c0803ba4,False,False,False,518880,518880,518880,False,False,False,21.868760069301743,21.908264926201127,21.908264926201127,0.0,15,15,2413,1.5011424219345022,,0
2022-05-25,2022-05-25,3,435dc567388f0b921f9f7345bdbe8684dcaebaeced0d76965eeb94da0dc2fcfb,v11_e2a10e8c6af1c0803ba4,False,False,False,518880,518880,518880,False,False,False,21.908264926201127,21.936482681129256,21.936482681129256,0.0,16,16,2413,1.5011424219345022,,0
2022-05-26,2022-05-26,3,435dc567388f0b921f9f7345bdbe8684dcaebaeced0d76965eeb94da0dc2fcfb,v11_e2a10e8c6af1c0803ba4,False,False,False,518880,518880,518880,False,False,False,21.936482681129256,22.01549239492802,22.01549239492802,0.0,17,17,2413,1.5011424219345022,,0
2022-05-27,2022-05-27,3,435dc567388f0b921f9f7345bdbe8684dcaebaeced0d76965eeb94da0dc2fcfb,v11_e2a10e8c6af1c0803ba4,False,False,False,518880,518880,518880,False,False,False,22.01549239492802,22.10578921069804,22.10578921069804,0.0,18,18,2413,1.5011424219345022,,0
2022-05-30,2022-05-30,3,435dc567388f0b921f9f7345bdbe8684dcaebaeced0d76965eeb94da0dc2fcfb,v11_e2a10e8c6af1c0803ba4,False,False,False,518880,518880,518880,False,False,False,22.10578921069804,21.925195579157997,21.925195579157997,0.0,19,19,2413,1.5011424219345022,,0
2022-05-31,2022-05-31,3,435dc567388f0b921f9f7345bdbe8684dcaebaeced0d76965eeb94da0dc2fcfb,v11_e2a10e8c6af1c0803ba4,False,False,False,518880,513100,513100,False,False,True,21.925195579157997,21.880047171272988,21.875671161838735,0.004376009434254598,20,0,2413,4.3530591775326,,0
2022-06-01,2022-06-01,3,435dc567388f0b921f9f7345bdbe8684dcaebaeced0d76965eeb94da0dc2fcfb,v11_e2a10e8c6af1c0803ba4,False,False,False,513100,513100,513100,False,False,False,21.875671161838735,21.875671161838735,21.875671161838735,0.0,1,1,2413,4.3530591775326,,0
2022-06-02,2022-06-02,3,435dc567388f0b921f9f7345bdbe8684dcaebaeced0d76965eeb94da0dc2fcfb,v11_e2a10e8c6af1c0803ba4,False,False,False,513100,513100,513100,False,False,False,21.875671161838735,21.674052072789532,21.674052072789532,0.0,2,2,2413,4.3530591775326,,0
2022-06-06,2022-06-06,3,435dc567388f0b921f9f7345bdbe8684dcaebaeced0d76965eeb94da0dc2fcfb,v11_e2a10e8c6af1c0803ba4,False,False,False,513100,513100,513100,False,False,False,21.674052072789532,21.69925445892068,21.69925445892068,0.0,3,3,2413,4.3530591775326,,0
2022-06-07,2022-06-07,3,435dc567388f0b921f9f7345bdbe8684dcaebaeced0d76965eeb94da0dc2fcfb,v11_e2a10e8c6af1c0803ba4,False,False,False,513100,513100,513100,False,False,False,21.69925445892068,21.522837756002627,21.522837756002627,0.0,4,4,2413,4.3530591775326,,0
2022-06-08,2022-06-08,3,435dc567388f0b921f9f7345bdbe8684dcaebaeced0d76965eeb94da0dc2fcfb,v11_e2a10e8c6af1c0803ba4,False,False,False,513100,513100,513100,False,False,False,21.522837756002627,21.825266389576434,21.825266389576434,0.0,5,5,2413,4.3530591775326,,0
2022-06-09,2022-06-09,3,435dc567388f0b921f9f7345bdbe8684dcaebaeced0d76965eeb94da0dc2fcfb,v11_e2a10e8c6af1c0803ba4,False,False,False,513100,513100,513100,False,False,False,21.825266389576434,21.69925445892068,21.69925445892068,0.0,6,6,2413,4.3530591775326,,0
2022-06-10,2022-06-10,3,435dc567388f0b921f9f7345bdbe8684dcaebaeced0d76965eeb94da0dc2fcfb,v11_e2a10e8c6af1c0803ba4,False,False,False,513100,513100,513100,False,False,False,21.69925445892068,21.346421053084573,21.346421053084573,0.0,7,7,2413,4.3530591775326,,0
2022-06-13,2022-06-13,3,435dc567388f0b921f9f7345bdbe8684dcaebaeced0d76965eeb94da0dc2fcfb,v11_e2a10e8c6af1c0803ba4,False,False,False,513100,518880,518880,True,False,True,21.346421053084573,20.262718449445096,20.25866590575521,0.00405254368988902,8,0,2413,1.495049504950496,,0
2022-06-14,2022-06-14,3,435dc567388f0b921f9f7345bdbe8684dcaebaeced0d76965eeb94da0dc2fcfb,v11_e2a10e8c6af1c0803ba4,False,False,False,518880,518880,518880,False,False,False,20.25866590575521,19.892296756669975,19.892296756669975,0.0,1,1,2413,1.495049504950496,,0
2022-06-15,2022-06-15,3,435dc567388f0b921f9f7345bdbe8684dcaebaeced0d76965eeb94da0dc2fcfb,v11_e2a10e8c6af1c0803ba4,False,False,False,518880,518880,518880,False,False,False,19.892296756669975,19.783934050602515,19.783934050602515,0.0,2,2,2413,1.495049504950496,,0
2022-06-16,2022-06-16,3,435dc567388f0b921f9f7345bdbe8684dcaebaeced0d76965eeb94da0dc2fcfb,v11_e2a10e8c6af1c0803ba4,False,False,False,518880,518880,518880,False,False,False,19.783934050602515,19.84585559692678,19.84585559692678,0.0,3,3,2413,1.495049504950496,,0
2022-06-17,2022-06-17,3,435dc567388f0b921f9f7345bdbe8684dcaebaeced0d76965eeb94da0dc2fcfb,v11_e2a10e8c6af1c0803ba4,False,False,False,518880,518880,518880,False,False,False,19.84585559692678,19.99033920501673,19.99033920501673,0.0,4,4,2413,1.495049504950496,,0
2022-06-20,2022-06-20,3,435dc567388f0b921f9f7345bdbe8684dcaebaeced0d76965eeb94da0dc2fcfb,v11_e2a10e8c6af1c0803ba4,False,False,False,518880,518880,518880,False,False,False,19.99033920501673,19.907777143251046,19.907777143251046,0.0,5,5,2413,1.495049504950496,,0
2022-06-21,2022-06-21,3,435dc567388f0b921f9f7345bdbe8684dcaebaeced0d76965eeb94da0dc2fcfb,v11_e2a10e8c6af1c0803ba4,False,False,False,518880,518880,518880,False,False,False,19.907777143251046,19.87681637008891,19.87681637008891,0.0,6,6,2413,1.495049504950496,,0
2022-06-22,2022-06-22,3,435dc567388f0b921f9f7345bdbe8684dcaebaeced0d76965eeb94da0dc2fcfb,v11_e2a10e8c6af1c0803ba4,False,False,False,518880,518880,518880,False,False,False,19.87681637008891,19.861335983507846,19.861335983507846,0.0,7,7,2413,1.495049504950496,,0
2022-06-23,2022-06-23,3,435dc567388f0b921f9f7345bdbe8684dcaebaeced0d76965eeb94da0dc2fcfb,v11_e2a10e8c6af1c0803ba4,False,False,False,518880,518880,518880,False,False,False,19.861335983507846,19.887136627809625,19.887136627809625,0.0,8,8,2413,1.495049504950496,,0
2022-06-24,2022-06-24,3,435dc567388f0b921f9f7345bdbe8684dcaebaeced0d76965eeb94da0dc2fcfb,v11_e2a10e8c6af1c0803ba4,False,False,False,518880,513100,513100,False,False,True,19.887136627809625,19.74781314858003,19.743863585950315,0.003949562629716006,9,0,2413,4.132397191574725,,0
2022-06-27,2022-06-27,3,435dc567388f0b921f9f7345bdbe8684dcaebaeced0d76965eeb94da0dc2fcfb,v11_e2a10e8c6af1c0803ba4,False,False,False,513100,513100,513100,False,False,False,19.743863585950315,20.05535657941798,20.05535657941798,0.0,1,1,2413,4.1975927783350055,,0
2022-06-28,2022-06-28,3,435dc567388f0b921f9f7345bdbe8684dcaebaeced0d76965eeb94da0dc2fcfb,v11_e2a10e8c6af1c0803ba4,False,False,False,513100,513100,513100,False,False,False,20.05535657941798,19.839707583940363,19.839707583940363,0.0,2,2,2413,4.1975927783350055,,0
2022-06-29,2022-06-29,3,435dc567388f0b921f9f7345bdbe8684dcaebaeced0d76965eeb94da0dc2fcfb,v11_e2a10e8c6af1c0803ba4,False,False,False,513100,518880,518880,True,False,True,19.839707583940363,19.31256559499509,19.30870308187609,0.003862513118999018,3,0,2413,1.4550647372429568,,0
2022-06-30,2022-06-30,3,435dc567388f0b921f9f7345bdbe8684dcaebaeced0d76965eeb94da0dc2fcfb,v11_e2a10e8c6af1c0803ba4,False,False,False,518880,513100,513100,False,False,True,19.30870308187609,19.293543147501417,19.289684438871916,0.0038587086295002837,1,0,2413,4.017051153460382,,0
2022-07-01,2022-07-01,3,435dc567388f0b921f9f7345bdbe8684dcaebaeced0d76965eeb94da0dc2fcfb,v11_e2a10e8c6af1c0803ba4,False,False,False,513100,513100,513100,False,False,False,19.289684438871916,19.241520432782348,19.241520432782348,0.0,1,1,2413,4.017051153460382,,0
2022-07-04,2022-07-04,3,435dc567388f0b921f9f7345bdbe8684dcaebaeced0d76965eeb94da0dc2fcfb,v11_e2a10e8c6af1c0803ba4,False,False,False,513100,513100,513100,False,False,False,19.241520432782348,19.313766441916698,19.313766441916698,0.0,2,2,2413,4.0220661985957875,,0
2022-07-05,2022-07-05,3,435dc567388f0b921f9f7345bdbe8684dcaebaeced0d76965eeb94da0dc2fcfb,v11_e2a10e8c6af1c0803ba4,False,False,False,513100,513100,513100,False,False,False,19.313766441916698,19.602750478454105,19.602750478454105,0.0,3,3,2413,4.082246740220662,,0
2022-07-06,2022-07-06,3,435dc567388f0b921f9f7345bdbe8684dcaebaeced0d76965eeb94da0dc2fcfb,v11_e2a10e8c6af1c0803ba4,False,False,False,513100,513100,513100,False,False,False,19.602750478454105,19.723160493678026,19.723160493678026,0.0,4,4,2413,4.107321965897693,,0
2022-07-07,2022-07-07,3,435dc567388f0b921f9f7345bdbe8684dcaebaeced0d76965eeb94da0dc2fcfb,v11_e2a10e8c6af1c0803ba4,False,False,False,513100,513100,513100,False,False,False,19.723160493678026,19.963980524125866,19.963980524125866,0.0,5,5,2413,4.157472417251755,,0
2022-07-08,2022-07-08,3,435dc567388f0b921f9f7345bdbe8684dcaebaeced0d76965eeb94da0dc2fcfb,v11_e2a10e8c6af1c0803ba4,False,False,False,513100,513100,513100,False,False,False,19.963980524125866,20.108472542394573,20.108472542394573,0.0,6,6,2413,4.187562688064193,,0
2022-07-11,2022-07-11,3,435dc567388f0b921f9f7345bdbe8684dcaebaeced0d76965eeb94da0dc2fcfb,v11_e2a10e8c6af1c0803ba4,False,False,False,513100,513100,513100,False,False,False,20.108472542394573,19.939898521081084,19.939898521081084,0.0,7,7,2413,4.187562688064193,,0
2022-07-12,2022-07-12,3,435dc567388f0b921f9f7345bdbe8684dcaebaeced0d76965eeb94da0dc2fcfb,v11_e2a10e8c6af1c0803ba4,False,False,False,513100,513100,513100,False,False,False,19.939898521081084,19.650914484543677,19.650914484543677,0.0,8,8,2413,4.187562688064193,,0
2022-07-13,2022-07-13,3,435dc567388f0b921f9f7345bdbe8684dcaebaeced0d76965eeb94da0dc2fcfb,v11_e2a10e8c6af1c0803ba4,False,False,False,513100,513100,513100,False,False,False,19.650914484543677,19.771324499767594,19.771324499767594,0.0,9,9,2413,4.187562688064193,,0
2022-07-14,2022-07-14,3,435dc567388f0b921f9f7345bdbe8684dcaebaeced0d76965eeb94da0dc2fcfb,v11_e2a10e8c6af1c0803ba4,False,False,False,513100,513100,513100,False,False,False,19.771324499767594,19.55458647236454,19.55458647236454,0.0,10,10,2413,4.187562688064193,,0
2022-07-15,2022-07-15,3,435dc567388f0b921f9f7345bdbe8684dcaebaeced0d76965eeb94da0dc2fcfb,v11_e2a10e8c6af1c0803ba4,False,False,False,513100,513100,513100,False,False,False,19.55458647236454,19.77132449976759,19.77132449976759,0.0,11,11,2413,4.187562688064193,,0
2022-07-18,2022-07-18,3,435dc567388f0b921f9f7345bdbe8684dcaebaeced0d76965eeb94da0dc2fcfb,v11_e2a10e8c6af1c0803ba4,False,False,False,513100,513100,513100,False,False,False,19.77132449976759,20.25296456066327,20.25296456066327,0.0,12,12,2413,4.21765295887663,,0
2022-07-19,2022-07-19,3,435dc567388f0b921f9f7345bdbe8684dcaebaeced0d76965eeb94da0dc2fcfb,v11_e2a10e8c6af1c0803ba4,False,False,False,513100,513100,513100,False,False,False,20.25296456066327,19.963980524125862,19.963980524125862,0.0,13,13,2413,4.21765295887663,,0
2022-07-20,2022-07-20,3,435dc567388f0b921f9f7345bdbe8684dcaebaeced0d76965eeb94da0dc2fcfb,v11_e2a10e8c6af1c0803ba4,False,False,False,513100,513100,513100,False,False,False,19.963980524125862,20.614194606335026,20.614194606335026,0.0,14,14,2413,4.292878635907723,,0
2022-07-21,2022-07-21,3,435dc567388f0b921f9f7345bdbe8684dcaebaeced0d76965eeb94da0dc2fcfb,v11_e2a10e8c6af1c0803ba4,False,False,False,513100,513100,513100,False,False,False,20.614194606335026,20.734604621558947,20.734604621558947,0.0,15,15,2413,4.317953861584754,,0
2022-07-22,2022-07-22,3,435dc567388f0b921f9f7345bdbe8684dcaebaeced0d76965eeb94da0dc2fcfb,v11_e2a10e8c6af1c0803ba4,False,False,False,513100,513100,513100,False,False,False,20.734604621558947,20.87909663982765,20.87909663982765,0.0,16,16,2413,4.348044132397191,,0
2022-07-25,2022-07-25,3,435dc567388f0b921f9f7345bdbe8684dcaebaeced0d76965eeb94da0dc2fcfb,v11_e2a10e8c6af1c0803ba4,False,False,False,513100,513100,513100,False,False,False,20.87909663982765,20.56603060024546,20.56603060024546,0.0,17,17,2413,4.348044132397191,,0
2022-07-26,2022-07-26,3,435dc567388f0b921f9f7345bdbe8684dcaebaeced0d76965eeb94da0dc2fcfb,v11_e2a10e8c6af1c0803ba4,False,False,False,513100,513100,513100,False,False,False,20.56603060024546,20.445620585021537,20.445620585021537,0.0,18,18,2413,4.348044132397191,,0
2022-07-27,2022-07-27,3,435dc567388f0b921f9f7345bdbe8684dcaebaeced0d76965eeb94da0dc2fcfb,v11_e2a10e8c6af1c0803ba4,False,False,False,513100,513100,513100,False,False,False,20.445620585021537,20.445620585021537,20.445620585021537,0.0,19,19,2413,4.348044132397191,,0
2022-07-28,2022-07-28,3,435dc567388f0b921f9f7345bdbe8684dcaebaeced0d76965eeb94da0dc2fcfb,v11_e2a10e8c6af1c0803ba4,False,False,False,513100,513100,513100,False,False,False,20.445620585021537,20.806850630693297,20.806850630693297,0.0,20,20,2413,4.348044132397191,,0
2022-07-29,2022-07-29,3,435dc567388f0b921f9f7345bdbe8684dcaebaeced0d76965eeb94da0dc2fcfb,v11_e2a10e8c6af1c0803ba4,False,False,False,513100,513100,513100,False,False,False,20.806850630693297,21.384818703768115,21.384818703768115,0.0,21,21,2413,4.4533600802407225,,0
2022-08-01,2022-08-01,3,435dc567388f0b921f9f7345bdbe8684dcaebaeced0d76965eeb94da0dc2fcfb,v11_e2a10e8c6af1c0803ba4,False,False,False,513100,513100,513100,False,False,False,21.384818703768115,21.336654697678544,21.336654697678544,0.0,22,22,2413,4.4533600802407225,,0
2022-08-02,2022-08-02,3,435dc567388f0b921f9f7345bdbe8684dcaebaeced0d76965eeb94da0dc2fcfb,v11_e2a10e8c6af1c0803ba4,False,False,False,513100,513100,513100,False,False,False,21.336654697678544,21.336654697678544,21.336654697678544,0.0,23,23,2413,4.4533600802407225,,0
2022-08-03,2022-08-03,3,435dc567388f0b921f9f7345bdbe8684dcaebaeced0d76965eeb94da0dc2fcfb,v11_e2a10e8c6af1c0803ba4,False,False,False,513100,513100,513100,False,False,False,21.336654697678544,21.336654697678544,21.336654697678544,0.0,24,24,2413,4.4533600802407225,,0
2022-08-04,2022-08-04,3,435dc567388f0b921f9f7345bdbe8684dcaebaeced0d76965eeb94da0dc2fcfb,v11_e2a10e8c6af1c0803ba4,False,False,False,513100,513100,513100,False,False,False,21.336654697678544,21.938704773798143,21.938704773798143,0.0,25,25,2413,4.568706118355066,,0
2022-08-05,2022-08-05,3,435dc567388f0b921f9f7345bdbe8684dcaebaeced0d76965eeb94da0dc2fcfb,v11_e2a10e8c6af1c0803ba4,False,False,False,513100,513100,513100,False,False,False,21.938704773798143,22.035032785977283,22.035032785977283,0.0,26,26,2413,4.588766298896691,,0
2022-08-08,2022-08-08,3,435dc567388f0b921f9f7345bdbe8684dcaebaeced0d76965eeb94da0dc2fcfb,v11_e2a10e8c6af1c0803ba4,False,False,False,513100,513100,513100,False,False,False,22.035032785977283,21.962786776842933,21.962786776842933,0.0,27,27,2413,4.588766298896691,,0
2022-08-09,2022-08-09,3,435dc567388f0b921f9f7345bdbe8684dcaebaeced0d76965eeb94da0dc2fcfb,v11_e2a10e8c6af1c0803ba4,False,False,False,513100,513100,513100,False,False,False,21.962786776842933,21.794212755529447,21.794212755529447,0.0,28,28,2413,4.588766298896691,,0
2022-08-10,2022-08-10,3,435dc567388f0b921f9f7345bdbe8684dcaebaeced0d76965eeb94da0dc2fcfb,v11_e2a10e8c6af1c0803ba4,False,False,False,513100,513100,513100,False,False,False,21.794212755529447,21.481146715947254,21.481146715947254,0.0,29,29,2413,4.588766298896691,,0
2022-08-11,2022-08-11,3,435dc567388f0b921f9f7345bdbe8684dcaebaeced0d76965eeb94da0dc2fcfb,v11_e2a10e8c6af1c0803ba4,False,False,False,513100,513100,513100,False,False,False,21.481146715947254,22.227688810335557,22.227688810335557,0.0,30,30,2413,4.6288866599799405,,0
2022-08-12,2022-08-12,3,435dc567388f0b921f9f7345bdbe8684dcaebaeced0d76965eeb94da0dc2fcfb,v11_e2a10e8c6af1c0803ba4,False,False,False,513100,513100,513100,False,False,False,22.227688810335557,22.0109507829325,22.0109507829325,0.0,31,31,2413,4.6288866599799405,,0
2022-08-15,2022-08-15,3,435dc567388f0b921f9f7345bdbe8684dcaebaeced0d76965eeb94da0dc2fcfb,v11_e2a10e8c6af1c0803ba4,False,False,False,513100,513100,513100,False,False,False,22.0109507829325,22.420344834693825,22.420344834693825,0.0,32,32,2413,4.66900702106319,,0
2022-08-16,2022-08-16,3,435dc567388f0b921f9f7345bdbe8684dcaebaeced0d76965eeb94da0dc2fcfb,v11_e2a10e8c6af1c0803ba4,False,False,False,513100,513100,513100,False,False,False,22.420344834693825,22.685246868186447,22.685246868186447,0.0,33,33,2413,4.724172517552658,,0
2022-08-17,2022-08-17,3,435dc567388f0b921f9f7345bdbe8684dcaebaeced0d76965eeb94da0dc2fcfb,v11_e2a10e8c6af1c0803ba4,False,False,False,513100,513100,513100,False,False,False,22.685246868186447,22.613000859052097,22.613000859052097,0.0,34,34,2413,4.724172517552658,,0
2022-08-18,2022-08-18,3,435dc567388f0b921f9f7345bdbe8684dcaebaeced0d76965eeb94da0dc2fcfb,v11_e2a10e8c6af1c0803ba4,False,False,False,513100,513100,513100,False,False,False,22.613000859052097,22.299934819469907,22.299934819469907,0.0,35,35,2413,4.724172517552658,,0
2022-08-19,2022-08-19,3,435dc567388f0b921f9f7345bdbe8684dcaebaeced0d76965eeb94da0dc2fcfb,v11_e2a10e8c6af1c0803ba4,False,False,False,513100,513100,513100,False,False,False,22.299934819469907,22.34809882555947,22.34809882555947,0.0,36,36,2413,4.724172517552658,,0
2022-08-22,2022-08-22,3,435dc567388f0b921f9f7345bdbe8684dcaebaeced0d76965eeb94da0dc2fcfb,v11_e2a10e8c6af1c0803ba4,False,False,False,513100,513100,513100,False,False,False,22.34809882555947,21.96278677684293,21.96278677684293,0.0,37,37,2413,4.724172517552658,,0
2022-08-23,2022-08-23,3,435dc567388f0b921f9f7345bdbe8684dcaebaeced0d76965eeb94da0dc2fcfb,v11_e2a10e8c6af1c0803ba4,False,False,False,513100,513100,513100,False,False,False,21.96278677684293,21.553392725081604,21.553392725081604,0.0,38,38,2413,4.724172517552658,,0
2022-08-24,2022-08-24,3,435dc567388f0b921f9f7345bdbe8684dcaebaeced0d76965eeb94da0dc2fcfb,v11_e2a10e8c6af1c0803ba4,False,False,False,513100,513100,513100,False,False,False,21.553392725081604,21.625638734215954,21.625638734215954,0.0,39,39,2413,4.724172517552658,,0
2022-08-25,2022-08-25,3,435dc567388f0b921f9f7345bdbe8684dcaebaeced0d76965eeb94da0dc2fcfb,v11_e2a10e8c6af1c0803ba4,False,False,False,513100,513100,513100,False,False,False,21.625638734215954,21.91462277075336,21.91462277075336,0.0,40,40,2413,4.724172517552658,,0
2022-08-26,2022-08-26,3,435dc567388f0b921f9f7345bdbe8684dcaebaeced0d76965eeb94da0dc2fcfb,v11_e2a10e8c6af1c0803ba4,False,False,False,513100,513100,513100,False,False,False,21.91462277075336,22.03503278597728,22.03503278597728,0.0,41,41,2413,4.724172517552658,,0
2022-08-29,2022-08-29,3,435dc567388f0b921f9f7345bdbe8684dcaebaeced0d76965eeb94da0dc2fcfb,v11_e2a10e8c6af1c0803ba4,False,False,False,513100,518880,518880,True,False,True,22.03503278597728,21.168080676365058,21.163847060229784,0.0042336161352730115,42,0,2413,1.4345011424219365,,0
2022-08-30,2022-08-30,3,435dc567388f0b921f9f7345bdbe8684dcaebaeced0d76965eeb94da0dc2fcfb,v11_e2a10e8c6af1c0803ba4,False,False,False,518880,518880,518880,False,False,False,21.163847060229784,21.253738632558875,21.253738632558875,0.0,1,1,2413,1.4405940594059428,,0
2022-08-31,2022-08-31,3,435dc567388f0b921f9f7345bdbe8684dcaebaeced0d76965eeb94da0dc2fcfb,v11_e2a10e8c6af1c0803ba4,False,False,False,518880,518880,518880,False,False,False,21.253738632558875,21.113283050794674,21.113283050794674,0.0,2,2,2413,1.4405940594059428,,0
2022-09-01,2022-09-01,3,435dc567388f0b921f9f7345bdbe8684dcaebaeced0d76965eeb94da0dc2fcfb,v11_e2a10e8c6af1c0803ba4,False,False,False,518880,518880,518880,False,False,False,21.113283050794674,20.955972799218767,20.955972799218767,0.0,3,3,2413,1.4405940594059428,,0
2022-09-02,2022-09-02,3,435dc567388f0b921f9f7345bdbe8684dcaebaeced0d76965eeb94da0dc2fcfb,v11_e2a10e8c6af1c0803ba4,False,False,False,518880,518880,518880,False,False,False,20.955972799218767,20.933499906136497,20.933499906136497,0.0,4,4,2413,1.4405940594059428,,0
2022-09-05,2022-09-05,3,435dc567388f0b921f9f7345bdbe8684dcaebaeced0d76965eeb94da0dc2fcfb,v11_e2a10e8c6af1c0803ba4,False,False,False,518880,518880,518880,False,False,False,20.933499906136497,21.15261061368865,21.15261061368865,0.0,5,5,2413,1.4405940594059428,,0
2022-09-06,2022-09-06,3,435dc567388f0b921f9f7345bdbe8684dcaebaeced0d76965eeb94da0dc2fcfb,v11_e2a10e8c6af1c0803ba4,False,False,False,518880,518880,518880,False,False,False,21.15261061368865,21.25935685582944,21.25935685582944,0.0,6,6,2413,1.440974866717443,,0
2022-09-07,2022-09-07,3,435dc567388f0b921f9f7345bdbe8684dcaebaeced0d76965eeb94da0dc2fcfb,v11_e2a10e8c6af1c0803ba4,False,False,False,518880,518880,518880,False,False,False,21.25935685582944,21.11890127406524,21.11890127406524,0.0,7,7,2413,1.440974866717443,,0
2022-09-08,2022-09-08,3,435dc567388f0b921f9f7345bdbe8684dcaebaeced0d76965eeb94da0dc2fcfb,v11_e2a10e8c6af1c0803ba4,False,False,False,518880,518880,518880,False,False,False,21.11890127406524,21.293066195452848,21.293066195452848,0.0,8,8,2413,1.443259710586445,,0
2022-09-09,2022-09-09,3,435dc567388f0b921f9f7345bdbe8684dcaebaeced0d76965eeb94da0dc2fcfb,v11_e2a10e8c6af1c0803ba4,False,False,False,518880,518880,518880,False,False,False,21.293066195452848,21.264975079100008,21.264975079100008,0.0,9,9,2413,1.443259710586445,,0
2022-09-13,2022-09-13,3,435dc567388f0b921f9f7345bdbe8684dcaebaeced0d76965eeb94da0dc2fcfb,v11_e2a10e8c6af1c0803ba4,False,False,False,518880,518880,518880,False,False,False,21.264975079100008,21.276211525641145,21.276211525641145,0.0,10,10,2413,1.443259710586445,,0
2022-09-14,2022-09-14,3,435dc567388f0b921f9f7345bdbe8684dcaebaeced0d76965eeb94da0dc2fcfb,v11_e2a10e8c6af1c0803ba4,False,False,False,518880,518880,518880,False,False,False,21.276211525641145,21.124519497335807,21.124519497335807,0.0,11,11,2413,1.443259710586445,,0
2022-09-15,2022-09-15,3,435dc567388f0b921f9f7345bdbe8684dcaebaeced0d76965eeb94da0dc2fcfb,v11_e2a10e8c6af1c0803ba4,False,False,False,518880,518880,518880,False,False,False,21.124519497335807,21.03462792500672,21.03462792500672,0.0,12,12,2413,1.443259710586445,,0
2022-09-16,2022-09-16,3,435dc567388f0b921f9f7345bdbe8684dcaebaeced0d76965eeb94da0dc2fcfb,v11_e2a10e8c6af1c0803ba4,False,False,False,518880,518880,518880,False,False,False,21.03462792500672,20.944736352677634,20.944736352677634,0.0,13,13,2413,1.443259710586445,,0
2022-09-19,2022-09-19,3,435dc567388f0b921f9f7345bdbe8684dcaebaeced0d76965eeb94da0dc2fcfb,v11_e2a10e8c6af1c0803ba4,False,False,False,518880,518880,518880,False,False,False,20.944736352677634,21.017773255195017,21.017773255195017,0.0,14,14,2413,1.443259710586445,,0
2022-09-20,2022-09-20,3,435dc567388f0b921f9f7345bdbe8684dcaebaeced0d76965eeb94da0dc2fcfb,v11_e2a10e8c6af1c0803ba4,False,False,False,518880,518880,518880,False,False,False,21.017773255195017,21.0908101577124,21.0908101577124,0.0,15,15,2413,1.443259710586445,,0
2022-09-21,2022-09-21,3,435dc567388f0b921f9f7345bdbe8684dcaebaeced0d76965eeb94da0dc2fcfb,v11_e2a10e8c6af1c0803ba4,False,False,False,518880,518880,518880,False,False,False,21.0908101577124,21.11890127406524,21.11890127406524,0.0,16,16,2413,1.443259710586445,,0
2022-09-22,2022-09-22,3,435dc567388f0b921f9f7345bdbe8684dcaebaeced0d76965eeb94da0dc2fcfb,v11_e2a10e8c6af1c0803ba4,False,False,False,518880,518880,518880,False,False,False,21.11890127406524,21.085191934441834,21.085191934441834,0.0,17,17,2413,1.443259710586445,,0
2022-09-23,2022-09-23,3,435dc567388f0b921f9f7345bdbe8684dcaebaeced0d76965eeb94da0dc2fcfb,v11_e2a10e8c6af1c0803ba4,False,False,False,518880,518880,518880,False,False,False,21.085191934441834,21.180701730041488,21.180701730041488,0.0,18,18,2413,1.443259710586445,,0
2022-09-26,2022-09-26,3,435dc567388f0b921f9f7345bdbe8684dcaebaeced0d76965eeb94da0dc2fcfb,v11_e2a10e8c6af1c0803ba4,False,False,False,518880,518880,518880,False,False,False,21.180701730041488,20.989682138842177,20.989682138842177,0.0,19,19,2413,1.443259710586445,,0
2022-09-27,2022-09-27,3,435dc567388f0b921f9f7345bdbe8684dcaebaeced0d76965eeb94da0dc2fcfb,v11_e2a10e8c6af1c0803ba4,False,False,False,518880,518880,518880,False,False,False,20.989682138842177,21.045864371547854,21.045864371547854,0.0,20,20,2413,1.443259710586445,,0
2022-09-28,2022-09-28,3,435dc567388f0b921f9f7345bdbe8684dcaebaeced0d76965eeb94da0dc2fcfb,v11_e2a10e8c6af1c0803ba4,False,False,False,518880,518880,518880,False,False,False,21.045864371547854,21.07395548790069,21.07395548790069,0.0,21,21,2413,1.443259710586445,,0
2022-09-29,2022-09-29,3,435dc567388f0b921f9f7345bdbe8684dcaebaeced0d76965eeb94da0dc2fcfb,v11_e2a10e8c6af1c0803ba4,False,False,False,518880,518880,518880,False,False,False,21.07395548790069,21.23688396274716,21.23688396274716,0.0,22,22,2413,1.443259710586445,,0
2022-09-30,2022-09-30,3,435dc567388f0b921f9f7345bdbe8684dcaebaeced0d76965eeb94da0dc2fcfb,v11_e2a10e8c6af1c0803ba4,False,False,False,518880,518880,518880,False,False,False,21.23688396274716,21.253738632558864,21.253738632558864,0.0,23,23,2413,1.443259710586445,,0
2022-10-10,2022-10-10,3,435dc567388f0b921f9f7345bdbe8684dcaebaeced0d76965eeb94da0dc2fcfb,v11_e2a10e8c6af1c0803ba4,False,False,False,518880,518880,518880,False,False,False,21.253738632558864,21.4054306608642,21.4054306608642,0.0,24,24,2413,1.4508758568164526,,0
2022-10-11,2022-10-11,3,435dc567388f0b921f9f7345bdbe8684dcaebaeced0d76965eeb94da0dc2fcfb,v11_e2a10e8c6af1c0803ba4,False,False,False,518880,588080,588080,False,True,True,21.4054306608642,21.360484874699655,21.356212777724714,0.004272096974939931,25,0,2526,0.633540372670808,,0
2022-10-12,2022-10-12,3,435dc567388f0b921f9f7345bdbe8684dcaebaeced0d76965eeb94da0dc2fcfb,v11_e2a10e8c6af1c0803ba4,False,False,False,588080,588080,588080,False,False,False,21.356212777724714,22.170447469685897,22.170447469685897,0.0,1,1,2526,0.6576949620427887,,0
2022-10-13,2022-10-13,3,435dc567388f0b921f9f7345bdbe8684dcaebaeced0d76965eeb94da0dc2fcfb,v11_e2a10e8c6af1c0803ba4,False,False,False,588080,588080,588080,False,False,False,22.170447469685897,22.216975166369394,22.216975166369394,0.0,2,2,2526,0.6590752242926161,,0
2022-10-14,2022-10-14,3,435dc567388f0b921f9f7345bdbe8684dcaebaeced0d76965eeb94da0dc2fcfb,v11_e2a10e8c6af1c0803ba4,False,False,False,588080,588080,588080,False,False,False,22.216975166369394,22.914890616621836,22.914890616621836,0.0,3,3,2526,0.6797791580400281,,0
2022-10-17,2022-10-17,3,435dc567388f0b921f9f7345bdbe8684dcaebaeced0d76965eeb94da0dc2fcfb,v11_e2a10e8c6af1c0803ba4,False,False,False,588080,588080,588080,False,False,False,22.914890616621836,23.031209858330573,23.031209858330573,0.0,4,4,2526,0.6832298136645967,,0
2022-10-18,2022-10-18,3,435dc567388f0b921f9f7345bdbe8684dcaebaeced0d76965eeb94da0dc2fcfb,v11_e2a10e8c6af1c0803ba4,False,False,False,588080,518880,518880,False,False,True,23.031209858330573,22.984682161647076,22.980085225214747,0.004596936432329416,5,0,2526,1.44782939832445,,0
2022-10-19,2022-10-19,3,435dc567388f0b921f9f7345bdbe8684dcaebaeced0d76965eeb94da0dc2fcfb,v11_e2a10e8c6af1c0803ba4,False,False,False,518880,518880,518880,False,False,False,22.980085225214747,22.925687338043012,22.925687338043012,0.0,1,1,2526,1.44782939832445,,0
2022-10-20,2022-10-20,3,435dc567388f0b921f9f7345bdbe8684dcaebaeced0d76965eeb94da0dc2fcfb,v11_e2a10e8c6af1c0803ba4,False,False,False,518880,518880,518880,False,False,False,22.925687338043012,22.816891563699542,22.816891563699542,0.0,2,2,2526,1.44782939832445,,0
2022-10-21,2022-10-21,3,435dc567388f0b921f9f7345bdbe8684dcaebaeced0d76965eeb94da0dc2fcfb,v11_e2a10e8c6af1c0803ba4,False,False,False,518880,518880,518880,False,False,False,22.816891563699542,22.79271472495655,22.79271472495655,0.0,3,3,2526,1.44782939832445,,0
2022-10-24,2022-10-24,3,435dc567388f0b921f9f7345bdbe8684dcaebaeced0d76965eeb94da0dc2fcfb,v11_e2a10e8c6af1c0803ba4,False,False,False,518880,518880,518880,False,False,False,22.79271472495655,23.088880999558214,23.088880999558214,0.0,4,4,2526,1.4546839299314567,,0
2022-10-25,2022-10-25,3,435dc567388f0b921f9f7345bdbe8684dcaebaeced0d76965eeb94da0dc2fcfb,v11_e2a10e8c6af1c0803ba4,False,False,False,518880,518880,518880,False,False,False,23.088880999558214,23.13119046735845,23.13119046735845,0.0,5,5,2526,1.4573495811119592,,0
2022-10-26,2022-10-26,3,435dc567388f0b921f9f7345bdbe8684dcaebaeced0d76965eeb94da0dc2fcfb,v11_e2a10e8c6af1c0803ba4,False,False,False,518880,518880,518880,False,False,False,23.13119046735845,23.113057838301206,23.113057838301206,0.0,6,6,2526,1.4573495811119592,,0
2022-10-27,2022-10-27,3,435dc567388f0b921f9f7345bdbe8684dcaebaeced0d76965eeb94da0dc2fcfb,v11_e2a10e8c6af1c0803ba4,False,False,False,518880,518880,518880,False,False,False,23.113057838301206,23.070748370500972,23.070748370500972,0.0,7,7,2526,1.4573495811119592,,0
2022-10-28,2022-10-28,3,435dc567388f0b921f9f7345bdbe8684dcaebaeced0d76965eeb94da0dc2fcfb,v11_e2a10e8c6af1c0803ba4,False,False,False,518880,518880,518880,False,False,False,23.070748370500972,23.088880999558217,23.088880999558217,0.0,8,8,2526,1.4573495811119592,,0
2022-10-31,2022-10-31,3,435dc567388f0b921f9f7345bdbe8684dcaebaeced0d76965eeb94da0dc2fcfb,v11_e2a10e8c6af1c0803ba4,False,False,False,518880,518880,518880,False,False,False,23.088880999558217,23.01030627364349,23.01030627364349,0.0,9,9,2526,1.4573495811119592,,0
2022-11-01,2022-11-01,3,435dc567388f0b921f9f7345bdbe8684dcaebaeced0d76965eeb94da0dc2fcfb,v11_e2a10e8c6af1c0803ba4,False,False,False,518880,518880,518880,False,False,False,23.01030627364349,23.02843890270074,23.02843890270074,0.0,10,10,2526,1.4573495811119592,,0
2022-11-02,2022-11-02,3,435dc567388f0b921f9f7345bdbe8684dcaebaeced0d76965eeb94da0dc2fcfb,v11_e2a10e8c6af1c0803ba4,False,False,False,518880,518880,518880,False,False,False,23.02843890270074,23.070748370500976,23.070748370500976,0.0,11,11,2526,1.4573495811119592,,0
2022-11-03,2022-11-03,3,435dc567388f0b921f9f7345bdbe8684dcaebaeced0d76965eeb94da0dc2fcfb,v11_e2a10e8c6af1c0803ba4,False,False,False,518880,518880,518880,False,False,False,23.070748370500976,22.998217854271996,22.998217854271996,0.0,12,12,2526,1.4573495811119592,,0
2022-11-04,2022-11-04,3,435dc567388f0b921f9f7345bdbe8684dcaebaeced0d76965eeb94da0dc2fcfb,v11_e2a10e8c6af1c0803ba4,False,False,False,518880,518880,518880,False,False,False,22.998217854271996,22.99217364458624,22.99217364458624,0.0,13,13,2526,1.4573495811119592,,0
2022-11-07,2022-11-07,3,435dc567388f0b921f9f7345bdbe8684dcaebaeced0d76965eeb94da0dc2fcfb,v11_e2a10e8c6af1c0803ba4,False,False,False,518880,518880,518880,False,False,False,22.99217364458624,23.16141151578719,23.16141151578719,0.0,14,14,2526,1.459253617669461,,0
2022-11-08,2022-11-08,3,435dc567388f0b921f9f7345bdbe8684dcaebaeced0d76965eeb94da0dc2fcfb,v11_e2a10e8c6af1c0803ba4,False,False,False,518880,518880,518880,False,False,False,23.16141151578719,23.20372098358743,23.20372098358743,0.0,15,15,2526,1.4619192688499638,,0
2022-11-09,2022-11-09,3,435dc567388f0b921f9f7345bdbe8684dcaebaeced0d76965eeb94da0dc2fcfb,v11_e2a10e8c6af1c0803ba4,False,False,False,518880,518880,518880,False,False,False,23.20372098358743,23.844407210276742,23.844407210276742,0.0,16,16,2526,1.5022848438690042,,0
2022-11-10,2022-11-10,3,435dc567388f0b921f9f7345bdbe8684dcaebaeced0d76965eeb94da0dc2fcfb,v11_e2a10e8c6af1c0803ba4,False,False,False,518880,518880,518880,False,False,False,23.844407210276742,23.723523016561778,23.723523016561778,0.0,17,17,2526,1.5022848438690042,,0
2022-11-11,2022-11-11,3,435dc567388f0b921f9f7345bdbe8684dcaebaeced0d76965eeb94da0dc2fcfb,v11_e2a10e8c6af1c0803ba4,False,False,False,518880,518880,518880,False,False,False,23.723523016561778,23.88671667807698,23.88671667807698,0.0,18,18,2526,1.504950495049507,,0
2022-11-14,2022-11-14,3,435dc567388f0b921f9f7345bdbe8684dcaebaeced0d76965eeb94da0dc2fcfb,v11_e2a10e8c6af1c0803ba4,False,False,False,518880,518880,518880,False,False,False,23.88671667807698,23.6509925003328,23.6509925003328,0.0,19,19,2526,1.504950495049507,,0
2022-11-15,2022-11-15,3,435dc567388f0b921f9f7345bdbe8684dcaebaeced0d76965eeb94da0dc2fcfb,v11_e2a10e8c6af1c0803ba4,False,False,False,518880,518880,518880,False,False,False,23.6509925003328,23.771876694047766,23.771876694047766,0.0,20,20,2526,1.504950495049507,,0
2022-11-16,2022-11-16,3,435dc567388f0b921f9f7345bdbe8684dcaebaeced0d76965eeb94da0dc2fcfb,v11_e2a10e8c6af1c0803ba4,False,False,False,518880,518880,518880,False,False,False,23.771876694047766,23.89880509744848,23.89880509744848,0.0,21,21,2526,1.505712109672508,,0
2022-11-17,2022-11-17,3,435dc567388f0b921f9f7345bdbe8684dcaebaeced0d76965eeb94da0dc2fcfb,v11_e2a10e8c6af1c0803ba4,False,False,False,518880,518880,518880,False,False,False,23.89880509744848,23.922981936191476,23.922981936191476,0.0,22,22,2526,1.5072353389185096,,0
2022-11-18,2022-11-18,3,435dc567388f0b921f9f7345bdbe8684dcaebaeced0d76965eeb94da0dc2fcfb,v11_e2a10e8c6af1c0803ba4,False,False,False,518880,518880,518880,False,False,False,23.922981936191476,23.886716678076986,23.886716678076986,0.0,23,23,2526,1.5072353389185096,,0
2022-11-21,2022-11-21,3,435dc567388f0b921f9f7345bdbe8684dcaebaeced0d76965eeb94da0dc2fcfb,v11_e2a10e8c6af1c0803ba4,False,False,False,518880,518880,518880,False,False,False,23.886716678076986,23.79000932310501,23.79000932310501,0.0,24,24,2526,1.5072353389185096,,0
2022-11-22,2022-11-22,3,435dc567388f0b921f9f7345bdbe8684dcaebaeced0d76965eeb94da0dc2fcfb,v11_e2a10e8c6af1c0803ba4,False,False,False,518880,518880,518880,False,False,False,23.79000932310501,23.76583248436202,23.76583248436202,0.0,25,25,2526,1.5072353389185096,,0
2022-11-23,2022-11-23,3,435dc567388f0b921f9f7345bdbe8684dcaebaeced0d76965eeb94da0dc2fcfb,v11_e2a10e8c6af1c0803ba4,False,False,False,518880,518880,518880,False,False,False,23.76583248436202,23.76583248436202,23.76583248436202,0.0,26,26,2526,1.5072353389185096,,0
2022-11-24,2022-11-24,3,435dc567388f0b921f9f7345bdbe8684dcaebaeced0d76965eeb94da0dc2fcfb,v11_e2a10e8c6af1c0803ba4,False,False,False,518880,518880,518880,False,False,False,23.76583248436202,23.85649562964824,23.85649562964824,0.0,27,27,2526,1.5072353389185096,,0
2022-11-25,2022-11-25,3,435dc567388f0b921f9f7345bdbe8684dcaebaeced0d76965eeb94da0dc2fcfb,v11_e2a10e8c6af1c0803ba4,False,False,False,518880,518880,518880,False,False,False,23.85649562964824,23.92902614587722,23.92902614587722,0.0,28,28,2526,1.5076161462300097,,0
2022-11-28,2022-11-28,3,435dc567388f0b921f9f7345bdbe8684dcaebaeced0d76965eeb94da0dc2fcfb,v11_e2a10e8c6af1c0803ba4,False,False,False,518880,518880,518880,False,False,False,23.92902614587722,23.947158774934465,23.947158774934465,0.0,29,29,2526,1.5087585681645108,,0
2022-11-29,2022-11-29,3,435dc567388f0b921f9f7345bdbe8684dcaebaeced0d76965eeb94da0dc2fcfb,v11_e2a10e8c6af1c0803ba4,False,False,False,518880,518880,518880,False,False,False,23.947158774934465,23.880672468391236,23.880672468391236,0.0,30,30,2526,1.5087585681645108,,0
2022-11-30,2022-11-30,3,435dc567388f0b921f9f7345bdbe8684dcaebaeced0d76965eeb94da0dc2fcfb,v11_e2a10e8c6af1c0803ba4,False,False,False,518880,518880,518880,False,False,False,23.880672468391236,23.838363000591,23.838363000591,0.0,31,31,2526,1.5087585681645108,,0
2022-12-01,2022-12-01,3,435dc567388f0b921f9f7345bdbe8684dcaebaeced0d76965eeb94da0dc2fcfb,v11_e2a10e8c6af1c0803ba4,False,False,False,518880,518880,518880,False,False,False,23.838363000591,23.91089351681998,23.91089351681998,0.0,32,32,2526,1.5087585681645108,,0
2022-12-02,2022-12-02,3,435dc567388f0b921f9f7345bdbe8684dcaebaeced0d76965eeb94da0dc2fcfb,v11_e2a10e8c6af1c0803ba4,False,False,False,518880,518880,518880,False,False,False,23.91089351681998,24.049910339592188,24.049910339592188,0.0,33,33,2526,1.5152322924600174,,0
2022-12-05,2022-12-05,3,435dc567388f0b921f9f7345bdbe8684dcaebaeced0d76965eeb94da0dc2fcfb,v11_e2a10e8c6af1c0803ba4,False,False,False,518880,518880,518880,False,False,False,24.049910339592188,23.814186161848006,23.814186161848006,0.0,34,34,2526,1.5152322924600174,,0
2022-12-06,2022-12-06,3,435dc567388f0b921f9f7345bdbe8684dcaebaeced0d76965eeb94da0dc2fcfb,v11_e2a10e8c6af1c0803ba4,False,False,False,518880,513100,513100,False,False,True,23.814186161848006,23.560329355046584,23.555617289175576,0.004712065871009317,35,0,2526,4.232698094282845,,0
2022-12-07,2022-12-07,3,435dc567388f0b921f9f7345bdbe8684dcaebaeced0d76965eeb94da0dc2fcfb,v11_e2a10e8c6af1c0803ba4,False,False,False,513100,513100,513100,False,False,False,23.555617289175576,23.304431796755456,23.304431796755456,0.0,1,1,2526,4.232698094282845,,0
2022-12-08,2022-12-08,3,435dc567388f0b921f9f7345bdbe8684dcaebaeced0d76965eeb94da0dc2fcfb,v11_e2a10e8c6af1c0803ba4,False,False,False,513100,513100,513100,False,False,False,23.304431796755456,23.220703299282082,23.220703299282082,0.0,2,2,2526,4.232698094282845,,0
2022-12-09,2022-12-09,3,435dc567388f0b921f9f7345bdbe8684dcaebaeced0d76965eeb94da0dc2fcfb,v11_e2a10e8c6af1c0803ba4,False,False,False,513100,518880,518880,False,False,True,23.220703299282082,23.248612798439876,23.24396307588019,0.004649722559687975,3,0,2526,1.494287890327496,,0
2022-12-12,2022-12-12,3,435dc567388f0b921f9f7345bdbe8684dcaebaeced0d76965eeb94da0dc2fcfb,v11_e2a10e8c6af1c0803ba4,False,False,False,518880,518880,518880,False,False,False,23.24396307588019,23.226192461907804,23.226192461907804,0.0,1,1,2526,1.494287890327496,,0
2022-12-13,2022-12-13,3,435dc567388f0b921f9f7345bdbe8684dcaebaeced0d76965eeb94da0dc2fcfb,v11_e2a10e8c6af1c0803ba4,False,False,False,518880,518880,518880,False,False,False,23.226192461907804,23.24396307588019,23.24396307588019,0.0,2,2,2526,1.494287890327496,,0
2022-12-14,2022-12-14,3,435dc567388f0b921f9f7345bdbe8684dcaebaeced0d76965eeb94da0dc2fcfb,v11_e2a10e8c6af1c0803ba4,False,False,False,518880,518880,518880,False,False,False,23.24396307588019,23.4749810575212,23.4749810575212,0.0,3,3,2526,1.5091393754760112,,0
2022-12-15,2022-12-15,3,435dc567388f0b921f9f7345bdbe8684dcaebaeced0d76965eeb94da0dc2fcfb,v11_e2a10e8c6af1c0803ba4,False,False,False,518880,518880,518880,False,False,False,23.4749810575212,23.297274917797345,23.297274917797345,0.0,4,4,2526,1.5091393754760112,,0
2022-12-16,2022-12-16,3,435dc567388f0b921f9f7345bdbe8684dcaebaeced0d76965eeb94da0dc2fcfb,v11_e2a10e8c6af1c0803ba4,False,False,False,518880,518880,518880,False,False,False,23.297274917797345,23.190651233963035,23.190651233963035,0.0,5,5,2526,1.5091393754760112,,0
2022-12-19,2022-12-19,3,435dc567388f0b921f9f7345bdbe8684dcaebaeced0d76965eeb94da0dc2fcfb,v11_e2a10e8c6af1c0803ba4,False,False,False,518880,518880,518880,False,False,False,23.190651233963035,23.350586759714503,23.350586759714503,0.0,6,6,2526,1.5091393754760112,,0
2022-12-20,2022-12-20,3,435dc567388f0b921f9f7345bdbe8684dcaebaeced0d76965eeb94da0dc2fcfb,v11_e2a10e8c6af1c0803ba4,False,False,False,518880,518880,518880,False,False,False,23.350586759714503,23.356510297705295,23.356510297705295,0.0,7,7,2526,1.5091393754760112,,0
2022-12-21,2022-12-21,3,435dc567388f0b921f9f7345bdbe8684dcaebaeced0d76965eeb94da0dc2fcfb,v11_e2a10e8c6af1c0803ba4,False,False,False,518880,518880,518880,False,False,False,23.356510297705295,23.58160474135551,23.58160474135551,0.0,8,8,2526,1.5159939070830175,,0
2022-12-22,2022-12-22,3,435dc567388f0b921f9f7345bdbe8684dcaebaeced0d76965eeb94da0dc2fcfb,v11_e2a10e8c6af1c0803ba4,False,False,False,518880,518880,518880,False,False,False,23.58160474135551,23.58160474135551,23.58160474135551,0.0,9,9,2526,1.5159939070830175,,0
2022-12-23,2022-12-23,3,435dc567388f0b921f9f7345bdbe8684dcaebaeced0d76965eeb94da0dc2fcfb,v11_e2a10e8c6af1c0803ba4,False,False,False,518880,518880,518880,False,False,False,23.58160474135551,23.386127987659272,23.386127987659272,0.0,10,10,2526,1.5159939070830175,,0
2022-12-26,2022-12-26,3,435dc567388f0b921f9f7345bdbe8684dcaebaeced0d76965eeb94da0dc2fcfb,v11_e2a10e8c6af1c0803ba4,False,False,False,518880,518880,518880,False,False,False,23.386127987659272,23.415745677613245,23.415745677613245,0.0,11,11,2526,1.5159939070830175,,0
2022-12-27,2022-12-27,3,435dc567388f0b921f9f7345bdbe8684dcaebaeced0d76965eeb94da0dc2fcfb,v11_e2a10e8c6af1c0803ba4,False,False,False,518880,518880,518880,False,False,False,23.415745677613245,23.474981057521198,23.474981057521198,0.0,12,12,2526,1.5159939070830175,,0
2022-12-28,2022-12-28,3,435dc567388f0b921f9f7345bdbe8684dcaebaeced0d76965eeb94da0dc2fcfb,v11_e2a10e8c6af1c0803ba4,False,False,False,518880,518880,518880,False,False,False,23.474981057521198,23.492751671493583,23.492751671493583,0.0,13,13,2526,1.5159939070830175,,0
2022-12-29,2022-12-29,3,435dc567388f0b921f9f7345bdbe8684dcaebaeced0d76965eeb94da0dc2fcfb,v11_e2a10e8c6af1c0803ba4,False,False,False,518880,518880,518880,False,False,False,23.492751671493583,23.45721044354881,23.45721044354881,0.0,14,14,2526,1.5159939070830175,,0
2022-12-30,2022-12-30,3,435dc567388f0b921f9f7345bdbe8684dcaebaeced0d76965eeb94da0dc2fcfb,v11_e2a10e8c6af1c0803ba4,False,False,False,518880,518880,518880,False,False,False,23.45721044354881,23.611222431309486,23.611222431309486,0.0,15,15,2526,1.5178979436405196,,0
2023-01-03,2023-01-03,3,435dc567388f0b921f9f7345bdbe8684dcaebaeced0d76965eeb94da0dc2fcfb,v11_e2a10e8c6af1c0803ba4,False,False,False,518880,518880,518880,False,False,False,23.611222431309486,23.61714596930028,23.61714596930028,0.0,16,16,2526,1.51827875095202,,0
2023-01-04,2023-01-04,3,435dc567388f0b921f9f7345bdbe8684dcaebaeced0d76965eeb94da0dc2fcfb,v11_e2a10e8c6af1c0803ba4,False,False,False,518880,518880,518880,False,False,False,23.61714596930028,23.705999039162208,23.705999039162208,0.0,17,17,2526,1.5239908606245256,,0
2023-01-05,2023-01-05,3,435dc567388f0b921f9f7345bdbe8684dcaebaeced0d76965eeb94da0dc2fcfb,v11_e2a10e8c6af1c0803ba4,False,False,False,518880,518880,518880,False,False,False,23.705999039162208,23.700075501171415,23.700075501171415,0.0,18,18,2526,1.5239908606245256,,0
2023-01-06,2023-01-06,3,435dc567388f0b921f9f7345bdbe8684dcaebaeced0d76965eeb94da0dc2fcfb,v11_e2a10e8c6af1c0803ba4,False,False,False,518880,518880,518880,False,False,False,23.700075501171415,23.528292899438352,23.528292899438352,0.0,19,19,2526,1.5239908606245256,,0
2023-01-09,2023-01-09,3,435dc567388f0b921f9f7345bdbe8684dcaebaeced0d76965eeb94da0dc2fcfb,v11_e2a10e8c6af1c0803ba4,False,False,False,518880,518880,518880,False,False,False,23.528292899438352,23.78300503304254,23.78300503304254,0.0,20,20,2526,1.5289413556740303,,0
2023-01-10,2023-01-10,3,435dc567388f0b921f9f7345bdbe8684dcaebaeced0d76965eeb94da0dc2fcfb,v11_e2a10e8c6af1c0803ba4,False,False,False,518880,518880,518880,False,False,False,23.78300503304254,23.77115795706095,23.77115795706095,0.0,21,21,2526,1.5289413556740303,,0
2023-01-11,2023-01-11,3,435dc567388f0b921f9f7345bdbe8684dcaebaeced0d76965eeb94da0dc2fcfb,v11_e2a10e8c6af1c0803ba4,False,False,False,518880,518880,518880,False,False,False,23.77115795706095,23.842240412950492,23.842240412950492,0.0,22,22,2526,1.5327494287890342,,0
2023-01-12,2023-01-12,3,435dc567388f0b921f9f7345bdbe8684dcaebaeced0d76965eeb94da0dc2fcfb,v11_e2a10e8c6af1c0803ba4,False,False,False,518880,518880,518880,False,False,False,23.842240412950492,23.80669918500572,23.80669918500572,0.0,23,23,2526,1.5327494287890342,,0
2023-01-13,2023-01-13,3,435dc567388f0b921f9f7345bdbe8684dcaebaeced0d76965eeb94da0dc2fcfb,v11_e2a10e8c6af1c0803ba4,False,False,False,518880,518880,518880,False,False,False,23.80669918500572,23.85408748893208,23.85408748893208,0.0,24,24,2526,1.5335110434120347,,0
2023-01-16,2023-01-16,3,435dc567388f0b921f9f7345bdbe8684dcaebaeced0d76965eeb94da0dc2fcfb,v11_e2a10e8c6af1c0803ba4,False,False,False,518880,510300,510300,False,False,True,23.85408748893208,23.990328862720368,23.985530796947824,0.004798065772544074,25,0,2526,1.8799215243975236,,0
2023-01-17,2023-01-17,3,435dc567388f0b921f9f7345bdbe8684dcaebaeced0d76965eeb94da0dc2fcfb,v11_e2a10e8c6af1c0803ba4,False,False,False,510300,510300,510300,False,False,False,23.985530796947824,23.962373151959223,23.962373151959223,0.0,1,1,2526,1.8799215243975236,,0
2023-01-18,2023-01-18,3,435dc567388f0b921f9f7345bdbe8684dcaebaeced0d76965eeb94da0dc2fcfb,v11_e2a10e8c6af1c0803ba4,False,False,False,510300,510300,510300,False,False,False,23.962373151959223,23.910268450734858,23.910268450734858,0.0,2,2,2526,1.8799215243975236,,0
2023-01-19,2023-01-19,3,435dc567388f0b921f9f7345bdbe8684dcaebaeced0d76965eeb94da0dc2fcfb,v11_e2a10e8c6af1c0803ba4,False,False,False,510300,510300,510300,False,False,False,23.910268450734858,24.072371965655098,24.072371965655098,0.0,3,3,2526,1.8867279021107664,,0
2023-01-20,2023-01-20,3,435dc567388f0b921f9f7345bdbe8684dcaebaeced0d76965eeb94da0dc2fcfb,v11_e2a10e8c6af1c0803ba4,False,False,False,510300,510300,510300,False,False,False,24.072371965655098,24.205528424339576,24.205528424339576,0.0,4,4,2526,1.8971643479377378,,0
2023-01-30,2023-01-30,3,435dc567388f0b921f9f7345bdbe8684dcaebaeced0d76965eeb94da0dc2fcfb,v11_e2a10e8c6af1c0803ba4,False,False,False,510300,510300,510300,False,False,False,24.205528424339576,24.344474294271205,24.344474294271205,0.0,5,5,2526,1.9080545522789254,,0
2023-01-31,2023-01-31,3,435dc567388f0b921f9f7345bdbe8684dcaebaeced0d76965eeb94da0dc2fcfb,v11_e2a10e8c6af1c0803ba4,False,False,False,510300,510300,510300,False,False,False,24.344474294271205,24.078161376902244,24.078161376902244,0.0,6,6,2526,1.9080545522789254,,0
2023-02-01,2023-02-01,3,435dc567388f0b921f9f7345bdbe8684dcaebaeced0d76965eeb94da0dc2fcfb,v11_e2a10e8c6af1c0803ba4,False,False,False,510300,510300,510300,False,False,False,24.078161376902244,24.257633125563938,24.257633125563938,0.0,7,7,2526,1.9080545522789254,,0
2023-02-02,2023-02-02,3,435dc567388f0b921f9f7345bdbe8684dcaebaeced0d76965eeb94da0dc2fcfb,v11_e2a10e8c6af1c0803ba4,False,False,False,510300,510300,510300,False,False,False,24.257633125563938,24.199739013092422,24.199739013092422,0.0,8,8,2526,1.9080545522789254,,0
2023-02-03,2023-02-03,3,435dc567388f0b921f9f7345bdbe8684dcaebaeced0d76965eeb94da0dc2fcfb,v11_e2a10e8c6af1c0803ba4,False,False,False,510300,510300,510300,False,False,False,24.199739013092422,23.950794329464916,23.950794329464916,0.0,9,9,2526,1.9080545522789254,,0
2023-02-06,2023-02-06,3,435dc567388f0b921f9f7345bdbe8684dcaebaeced0d76965eeb94da0dc2fcfb,v11_e2a10e8c6af1c0803ba4,False,False,False,510300,510500,510500,False,False,True,23.950794329464916,23.620797888377293,23.61607372879962,0.004724159577675459,10,0,2526,2.0946414376384173,,0
2023-02-07,2023-02-07,3,435dc567388f0b921f9f7345bdbe8684dcaebaeced0d76965eeb94da0dc2fcfb,v11_e2a10e8c6af1c0803ba4,False,False,False,510500,510500,510500,False,False,False,23.61607372879962,23.627269718241212,23.627269718241212,0.0,1,1,2526,2.0956344724539853,,0
2023-02-08,2023-02-08,3,435dc567388f0b921f9f7345bdbe8684dcaebaeced0d76965eeb94da0dc2fcfb,v11_e2a10e8c6af1c0803ba4,False,False,False,510500,510500,510500,False,False,False,23.627269718241212,23.45559788013679,23.45559788013679,0.0,2,2,2526,2.0956344724539853,,0
2023-02-09,2023-02-09,3,435dc567388f0b921f9f7345bdbe8684dcaebaeced0d76965eeb94da0dc2fcfb,v11_e2a10e8c6af1c0803ba4,False,False,False,510500,513100,513100,False,False,True,23.45559788013679,23.7952095598651,23.79045051795313,0.00475904191197302,3,0,2526,4.378134403209627,,0
2023-02-10,2023-02-10,3,435dc567388f0b921f9f7345bdbe8684dcaebaeced0d76965eeb94da0dc2fcfb,v11_e2a10e8c6af1c0803ba4,False,False,False,513100,513100,513100,False,False,False,23.79045051795313,23.436182640824384,23.436182640824384,0.0,1,1,2526,4.378134403209627,,0
2023-02-13,2023-02-13,3,435dc567388f0b921f9f7345bdbe8684dcaebaeced0d76965eeb94da0dc2fcfb,v11_e2a10e8c6af1c0803ba4,False,False,False,513100,513100,513100,False,False,False,23.436182640824384,23.40893126566063,23.40893126566063,0.0,2,2,2526,4.378134403209627,,0
2023-02-14,2023-02-14,3,435dc567388f0b921f9f7345bdbe8684dcaebaeced0d76965eeb94da0dc2fcfb,v11_e2a10e8c6af1c0803ba4,False,False,False,513100,513100,513100,False,False,False,23.40893126566063,23.73594776762562,23.73594776762562,0.0,3,3,2526,4.378134403209627,,0
2023-02-15,2023-02-15,3,435dc567388f0b921f9f7345bdbe8684dcaebaeced0d76965eeb94da0dc2fcfb,v11_e2a10e8c6af1c0803ba4,False,False,False,513100,513100,513100,False,False,False,23.73594776762562,23.79045051795312,23.79045051795312,0.0,4,4,2526,4.378134403209627,,0
2023-02-16,2023-02-16,3,435dc567388f0b921f9f7345bdbe8684dcaebaeced0d76965eeb94da0dc2fcfb,v11_e2a10e8c6af1c0803ba4,False,False,False,513100,513100,513100,False,False,False,23.79045051795312,24.253723895736854,24.253723895736854,0.0,5,5,2526,4.4633901705115315,,0
2023-02-17,2023-02-17,3,435dc567388f0b921f9f7345bdbe8684dcaebaeced0d76965eeb94da0dc2fcfb,v11_e2a10e8c6af1c0803ba4,False,False,False,513100,512890,512890,True,False,True,24.253723895736854,23.57243951664312,23.56772502873979,0.0047144879033286236,6,0,2526,1.6929212362911292,,0
2023-02-20,2023-02-20,3,435dc567388f0b921f9f7345bdbe8684dcaebaeced0d76965eeb94da0dc2fcfb,v11_e2a10e8c6af1c0803ba4,False,False,False,512890,512890,512890,False,False,False,23.56772502873979,24.067394110621198,24.067394110621198,0.0,1,1,2526,1.7288135593220364,,0
2023-02-21,2023-02-21,3,435dc567388f0b921f9f7345bdbe8684dcaebaeced0d76965eeb94da0dc2fcfb,v11_e2a10e8c6af1c0803ba4,False,False,False,512890,512890,512890,False,False,False,24.067394110621198,24.3172286515619,24.3172286515619,0.0,2,2,2526,1.7467597208374899,,0
2023-02-22,2023-02-22,3,435dc567388f0b921f9f7345bdbe8684dcaebaeced0d76965eeb94da0dc2fcfb,v11_e2a10e8c6af1c0803ba4,False,False,False,512890,512890,512890,False,False,False,24.3172286515619,24.372747438437617,24.372747438437617,0.0,3,3,2526,1.750747756729813,,0
2023-02-23,2023-02-23,3,435dc567388f0b921f9f7345bdbe8684dcaebaeced0d76965eeb94da0dc2fcfb,v11_e2a10e8c6af1c0803ba4,False,False,False,512890,512890,512890,False,False,False,24.372747438437617,24.261709864686193,24.261709864686193,0.0,4,4,2526,1.750747756729813,,0
2023-02-24,2023-02-24,3,435dc567388f0b921f9f7345bdbe8684dcaebaeced0d76965eeb94da0dc2fcfb,v11_e2a10e8c6af1c0803ba4,False,False,False,512890,512890,512890,False,False,False,24.261709864686193,24.28946925812405,24.28946925812405,0.0,5,5,2526,1.750747756729813,,0
2023-02-27,2023-02-27,3,435dc567388f0b921f9f7345bdbe8684dcaebaeced0d76965eeb94da0dc2fcfb,v11_e2a10e8c6af1c0803ba4,False,False,False,512890,512890,512890,False,False,False,24.28946925812405,24.178431684372626,24.178431684372626,0.0,6,6,2526,1.750747756729813,,0
2023-02-28,2023-02-28,3,435dc567388f0b921f9f7345bdbe8684dcaebaeced0d76965eeb94da0dc2fcfb,v11_e2a10e8c6af1c0803ba4,False,False,False,512890,512890,512890,False,False,False,24.178431684372626,24.289469258124047,24.289469258124047,0.0,7,7,2526,1.750747756729813,,0
2023-03-01,2023-03-01,3,435dc567388f0b921f9f7345bdbe8684dcaebaeced0d76965eeb94da0dc2fcfb,v11_e2a10e8c6af1c0803ba4,False,False,False,512890,512890,512890,False,False,False,24.289469258124047,24.42826622531333,24.42826622531333,0.0,8,8,2526,1.7547357926221365,,0
2023-03-02,2023-03-02,3,435dc567388f0b921f9f7345bdbe8684dcaebaeced0d76965eeb94da0dc2fcfb,v11_e2a10e8c6af1c0803ba4,False,False,False,512890,512890,512890,False,False,False,24.42826622531333,24.650341372816175,24.650341372816175,0.0,9,9,2526,1.7706879361914285,,0
2023-03-03,2023-03-03,3,435dc567388f0b921f9f7345bdbe8684dcaebaeced0d76965eeb94da0dc2fcfb,v11_e2a10e8c6af1c0803ba4,False,False,False,512890,512890,512890,False,False,False,24.650341372816175,24.84465712688117,24.84465712688117,0.0,10,10,2526,1.7846460618145592,,0
2023-03-06,2023-03-06,3,435dc567388f0b921f9f7345bdbe8684dcaebaeced0d76965eeb94da0dc2fcfb,v11_e2a10e8c6af1c0803ba4,False,False,False,512890,512890,512890,False,False,False,24.84465712688117,24.84465712688117,24.84465712688117,0.0,11,11,2526,1.7846460618145592,,0
2023-03-07,2023-03-07,3,435dc567388f0b921f9f7345bdbe8684dcaebaeced0d76965eeb94da0dc2fcfb,v11_e2a10e8c6af1c0803ba4,False,False,False,512890,512890,512890,False,False,False,24.84465712688117,24.7613789465676,24.7613789465676,0.0,12,12,2526,1.7846460618145592,,0
2023-03-08,2023-03-08,3,435dc567388f0b921f9f7345bdbe8684dcaebaeced0d76965eeb94da0dc2fcfb,v11_e2a10e8c6af1c0803ba4,False,False,False,512890,512890,512890,False,False,False,24.7613789465676,24.705860159691888,24.705860159691888,0.0,13,13,2526,1.7846460618145592,,0
2023-03-09,2023-03-09,3,435dc567388f0b921f9f7345bdbe8684dcaebaeced0d76965eeb94da0dc2fcfb,v11_e2a10e8c6af1c0803ba4,False,False,False,512890,518880,518880,False,False,True,24.705860159691888,24.678100766254033,24.673165146100782,0.004935620153250807,14,0,2526,1.5357958872810369,,0
2023-03-10,2023-03-10,3,435dc567388f0b921f9f7345bdbe8684dcaebaeced0d76965eeb94da0dc2fcfb,v11_e2a10e8c6af1c0803ba4,False,False,False,518880,518880,518880,False,False,False,24.673165146100782,24.84446408587039,24.84446408587039,0.0,1,1,2526,1.5464584920030475,,0
2023-03-13,2023-03-13,3,435dc567388f0b921f9f7345bdbe8684dcaebaeced0d76965eeb94da0dc2fcfb,v11_e2a10e8c6af1c0803ba4,False,False,False,518880,518880,518880,False,False,False,24.84446408587039,25.01576302564,25.01576302564,0.0,2,2,2526,1.5571210967250584,,0
2023-03-14,2023-03-14,3,435dc567388f0b921f9f7345bdbe8684dcaebaeced0d76965eeb94da0dc2fcfb,v11_e2a10e8c6af1c0803ba4,False,False,False,518880,518880,518880,False,False,False,25.01576302564,25.340007447346753,25.340007447346753,0.0,3,3,2526,1.5773038842345786,,0
2023-03-15,2023-03-15,3,435dc567388f0b921f9f7345bdbe8684dcaebaeced0d76965eeb94da0dc2fcfb,v11_e2a10e8c6af1c0803ba4,False,False,False,518880,518880,518880,False,False,False,25.340007447346753,25.321653989514296,25.321653989514296,0.0,4,4,2526,1.5773038842345786,,0
2023-03-16,2023-03-16,3,435dc567388f0b921f9f7345bdbe8684dcaebaeced0d76965eeb94da0dc2fcfb,v11_e2a10e8c6af1c0803ba4,False,False,False,518880,518880,518880,False,False,False,25.321653989514296,25.535777664226302,25.535777664226302,0.0,5,5,2526,1.5894897182025907,,0
2023-03-17,2023-03-17,3,435dc567388f0b921f9f7345bdbe8684dcaebaeced0d76965eeb94da0dc2fcfb,v11_e2a10e8c6af1c0803ba4,False,False,False,518880,518880,518880,False,False,False,25.535777664226302,25.682605326885962,25.682605326885962,0.0,6,6,2526,1.5986290936785998,,0
2023-03-20,2023-03-20,3,435dc567388f0b921f9f7345bdbe8684dcaebaeced0d76965eeb94da0dc2fcfb,v11_e2a10e8c6af1c0803ba4,False,False,False,518880,518880,518880,False,False,False,25.682605326885962,26.471804013681645,26.471804013681645,0.0,7,7,2526,1.6477532368621488,,0
2023-03-21,2023-03-21,3,435dc567388f0b921f9f7345bdbe8684dcaebaeced0d76965eeb94da0dc2fcfb,v11_e2a10e8c6af1c0803ba4,False,False,False,518880,518880,518880,False,False,False,26.471804013681645,26.22097342330472,26.22097342330472,0.0,8,8,2526,1.6477532368621488,,0
2023-03-22,2023-03-22,3,435dc567388f0b921f9f7345bdbe8684dcaebaeced0d76965eeb94da0dc2fcfb,v11_e2a10e8c6af1c0803ba4,False,False,False,518880,518880,518880,False,False,False,26.22097342330472,25.835550808823108,25.835550808823108,0.0,9,9,2526,1.6477532368621488,,0
2023-03-23,2023-03-23,3,435dc567388f0b921f9f7345bdbe8684dcaebaeced0d76965eeb94da0dc2fcfb,v11_e2a10e8c6af1c0803ba4,False,False,False,518880,518880,518880,False,False,False,25.835550808823108,26.019085387147683,26.019085387147683,0.0,10,10,2526,1.6477532368621488,,0
2023-03-24,2023-03-24,3,435dc567388f0b921f9f7345bdbe8684dcaebaeced0d76965eeb94da0dc2fcfb,v11_e2a10e8c6af1c0803ba4,False,False,False,518880,518880,518880,False,False,False,26.019085387147683,26.153677411252374,26.153677411252374,0.0,11,11,2526,1.6477532368621488,,0
2023-03-27,2023-03-27,3,435dc567388f0b921f9f7345bdbe8684dcaebaeced0d76965eeb94da0dc2fcfb,v11_e2a10e8c6af1c0803ba4,False,False,False,518880,518880,518880,False,False,False,26.153677411252374,25.976260652205283,25.976260652205283,0.0,12,12,2526,1.6477532368621488,,0
2023-03-28,2023-03-28,3,435dc567388f0b921f9f7345bdbe8684dcaebaeced0d76965eeb94da0dc2fcfb,v11_e2a10e8c6af1c0803ba4,False,False,False,518880,518880,518880,False,False,False,25.976260652205283,25.847786447378073,25.847786447378073,0.0,13,13,2526,1.6477532368621488,,0
2023-03-29,2023-03-29,3,435dc567388f0b921f9f7345bdbe8684dcaebaeced0d76965eeb94da0dc2fcfb,v11_e2a10e8c6af1c0803ba4,False,False,False,518880,588080,588080,False,False,True,25.847786447378073,25.939553736540365,25.93436582579306,0.0051879107473080735,14,0,2526,0.7481021394064881,,0
2023-03-30,2023-03-30,3,435dc567388f0b921f9f7345bdbe8684dcaebaeced0d76965eeb94da0dc2fcfb,v11_e2a10e8c6af1c0803ba4,False,False,False,588080,588080,588080,False,False,False,25.93436582579306,26.053989284399112,26.053989284399112,0.0,1,1,2526,0.7515527950310567,,0
2023-03-31,2023-03-31,3,435dc567388f0b921f9f7345bdbe8684dcaebaeced0d76965eeb94da0dc2fcfb,v11_e2a10e8c6af1c0803ba4,False,False,False,588080,588080,588080,False,False,False,26.053989284399112,26.412859660217283,26.412859660217283,0.0,2,2,2526,0.7619047619047626,,0
2023-04-03,2023-04-03,3,435dc567388f0b921f9f7345bdbe8684dcaebaeced0d76965eeb94da0dc2fcfb,v11_e2a10e8c6af1c0803ba4,False,False,False,588080,588080,588080,False,False,False,26.412859660217283,27.46554609595057,27.46554609595057,0.0,3,3,2526,0.7922705314009667,,0
2023-04-04,2023-04-04,3,435dc567388f0b921f9f7345bdbe8684dcaebaeced0d76965eeb94da0dc2fcfb,v11_e2a10e8c6af1c0803ba4,False,False,False,588080,588080,588080,False,False,False,27.46554609595057,27.513395479392997,27.513395479392997,0.0,4,4,2526,0.7936507936507943,,0
2023-04-06,2023-04-06,3,435dc567388f0b921f9f7345bdbe8684dcaebaeced0d76965eeb94da0dc2fcfb,v11_e2a10e8c6af1c0803ba4,False,False,False,588080,588080,588080,False,False,False,27.513395479392997,28.015814005538438,28.015814005538438,0.0,5,5,2526,0.8081435472739829,,0
2023-04-07,2023-04-07,3,435dc567388f0b921f9f7345bdbe8684dcaebaeced0d76965eeb94da0dc2fcfb,v11_e2a10e8c6af1c0803ba4,False,False,False,588080,588080,588080,False,False,False,28.015814005538438,28.3507596896354,28.3507596896354,0.0,6,6,2526,0.8178053830227753,,0
2023-04-10,2023-04-10,3,435dc567388f0b921f9f7345bdbe8684dcaebaeced0d76965eeb94da0dc2fcfb,v11_e2a10e8c6af1c0803ba4,False,False,False,588080,510500,510500,True,False,True,28.3507596896354,27.537320171114214,27.531812707079993,0.005507464034222843,7,0,2526,2.129066644578112,,0
2023-04-11,2023-04-11,3,435dc567388f0b921f9f7345bdbe8684dcaebaeced0d76965eeb94da0dc2fcfb,v11_e2a10e8c6af1c0803ba4,False,False,False,510500,510500,510500,False,False,False,27.531812707079993,27.5275322635621,27.5275322635621,0.0,1,1,2526,2.129066644578112,,0
2023-04-12,2023-04-12,3,435dc567388f0b921f9f7345bdbe8684dcaebaeced0d76965eeb94da0dc2fcfb,v11_e2a10e8c6af1c0803ba4,False,False,False,510500,510500,510500,False,False,False,27.5275322635621,27.621702020955723,27.621702020955723,0.0,2,2,2526,2.1360178882870895,,0
2023-04-13,2023-04-13,3,435dc567388f0b921f9f7345bdbe8684dcaebaeced0d76965eeb94da0dc2fcfb,v11_e2a10e8c6af1c0803ba4,False,False,False,510500,510500,510500,False,False,False,27.621702020955723,27.50184960245475,27.50184960245475,0.0,3,3,2526,2.1360178882870895,,0
2023-04-14,2023-04-14,3,435dc567388f0b921f9f7345bdbe8684dcaebaeced0d76965eeb94da0dc2fcfb,v11_e2a10e8c6af1c0803ba4,False,False,False,510500,510500,510500,False,False,False,27.50184960245475,27.566056255223128,27.566056255223128,0.0,4,4,2526,2.1360178882870895,,0
2023-04-17,2023-04-17,3,435dc567388f0b921f9f7345bdbe8684dcaebaeced0d76965eeb94da0dc2fcfb,v11_e2a10e8c6af1c0803ba4,False,False,False,510500,512400,512400,False,False,True,27.566056255223128,27.70303044779567,27.697489841706112,0.005540606089559134,5,0,2526,1.1660231660231744,,0
2023-04-18,2023-04-18,3,435dc567388f0b921f9f7345bdbe8684dcaebaeced0d76965eeb94da0dc2fcfb,v11_e2a10e8c6af1c0803ba4,False,False,False,512400,512400,512400,False,False,False,27.697489841706112,27.674561456075562,27.674561456075562,0.0,1,1,2526,1.1660231660231744,,0
2023-04-19,2023-04-19,3,435dc567388f0b921f9f7345bdbe8684dcaebaeced0d76965eeb94da0dc2fcfb,v11_e2a10e8c6af1c0803ba4,False,False,False,512400,512400,512400,False,False,False,27.674561456075562,27.5599195279228,27.5599195279228,0.0,2,2,2526,1.1660231660231744,,0
2023-04-20,2023-04-20,3,435dc567388f0b921f9f7345bdbe8684dcaebaeced0d76965eeb94da0dc2fcfb,v11_e2a10e8c6af1c0803ba4,False,False,False,512400,512890,512890,True,False,True,27.5599195279228,26.96378150152847,26.958388745228163,0.005392756300305694,3,0,2526,1.8763708873379887,,0
2023-04-21,2023-04-21,3,435dc567388f0b921f9f7345bdbe8684dcaebaeced0d76965eeb94da0dc2fcfb,v11_e2a10e8c6af1c0803ba4,False,False,False,512890,512890,512890,False,False,False,26.958388745228163,26.585956169576768,26.585956169576768,0.0,1,1,2526,1.8763708873379887,,0
2023-04-24,2023-04-24,3,435dc567388f0b921f9f7345bdbe8684dcaebaeced0d76965eeb94da0dc2fcfb,v11_e2a10e8c6af1c0803ba4,False,False,False,512890,512890,512890,False,False,False,26.585956169576768,26.643253488907753,26.643253488907753,0.0,2,2,2526,1.8763708873379887,,0
2023-04-25,2023-04-25,3,435dc567388f0b921f9f7345bdbe8684dcaebaeced0d76965eeb94da0dc2fcfb,v11_e2a10e8c6af1c0803ba4,False,False,False,512890,513100,513100,False,False,True,26.643253488907753,26.815145446900704,26.809782417811324,0.005363029089380141,3,0,2526,4.543630892678031,,0
2023-04-26,2023-04-26,3,435dc567388f0b921f9f7345bdbe8684dcaebaeced0d76965eeb94da0dc2fcfb,v11_e2a10e8c6af1c0803ba4,False,False,False,513100,513100,513100,False,False,False,26.809782417811324,26.750599675167148,26.750599675167148,0.0,1,1,2526,4.543630892678031,,0
2023-04-27,2023-04-27,3,435dc567388f0b921f9f7345bdbe8684dcaebaeced0d76965eeb94da0dc2fcfb,v11_e2a10e8c6af1c0803ba4,False,False,False,513100,513100,513100,False,False,False,26.750599675167148,26.780191046489236,26.780191046489236,0.0,2,2,2526,4.543630892678031,,0
2023-04-28,2023-04-28,3,435dc567388f0b921f9f7345bdbe8684dcaebaeced0d76965eeb94da0dc2fcfb,v11_e2a10e8c6af1c0803ba4,False,False,False,513100,512890,512890,False,False,True,26.780191046489236,27.312835730286814,27.307373163140756,0.005462567146057363,3,0,2526,1.9142572283150576,,0
2023-05-04,2023-05-04,3,435dc567388f0b921f9f7345bdbe8684dcaebaeced0d76965eeb94da0dc2fcfb,v11_e2a10e8c6af1c0803ba4,False,False,False,512890,512890,512890,False,False,False,27.307373163140756,28.132283394110633,28.132283394110633,0.0,1,1,2526,1.9720837487537417,,0
2023-05-05,2023-05-05,3,435dc567388f0b921f9f7345bdbe8684dcaebaeced0d76965eeb94da0dc2fcfb,v11_e2a10e8c6af1c0803ba4,False,False,False,512890,512890,512890,False,False,False,28.132283394110633,27.990057492219275,27.990057492219275,0.0,2,2,2526,1.9720837487537417,,0
2023-05-08,2023-05-08,3,435dc567388f0b921f9f7345bdbe8684dcaebaeced0d76965eeb94da0dc2fcfb,v11_e2a10e8c6af1c0803ba4,False,False,False,512890,512890,512890,False,False,False,27.990057492219275,28.758077362432605,28.758077362432605,0.0,3,3,2526,2.0159521435692946,,0
2023-05-09,2023-05-09,3,435dc567388f0b921f9f7345bdbe8684dcaebaeced0d76965eeb94da0dc2fcfb,v11_e2a10e8c6af1c0803ba4,False,False,False,512890,512890,512890,False,False,False,28.758077362432605,28.38829001751508,28.38829001751508,0.0,4,4,2526,2.0159521435692946,,0
2023-05-10,2023-05-10,3,435dc567388f0b921f9f7345bdbe8684dcaebaeced0d76965eeb94da0dc2fcfb,v11_e2a10e8c6af1c0803ba4,False,False,False,512890,513100,513100,True,False,True,28.38829001751508,27.67716050805829,27.67162507595668,0.005535432101611658,5,0,2526,4.6639919759277815,,0
2023-05-11,2023-05-11,3,435dc567388f0b921f9f7345bdbe8684dcaebaeced0d76965eeb94da0dc2fcfb,v11_e2a10e8c6af1c0803ba4,False,False,False,513100,513100,513100,False,False,False,27.67162507595668,28.028678302743213,28.028678302743213,0.0,1,1,2526,4.724172517552655,,0
2023-05-12,2023-05-12,3,435dc567388f0b921f9f7345bdbe8684dcaebaeced0d76965eeb94da0dc2fcfb,v11_e2a10e8c6af1c0803ba4,False,False,False,513100,513100,513100,False,False,False,28.028678302743213,28.147696045005393,28.147696045005393,0.0,2,2,2526,4.74423269809428,,0
2023-05-15,2023-05-15,3,435dc567388f0b921f9f7345bdbe8684dcaebaeced0d76965eeb94da0dc2fcfb,v11_e2a10e8c6af1c0803ba4,False,False,False,513100,513100,513100,False,False,False,28.147696045005393,28.088187173874303,28.088187173874303,0.0,3,3,2526,4.74423269809428,,0
2023-05-16,2023-05-16,3,435dc567388f0b921f9f7345bdbe8684dcaebaeced0d76965eeb94da0dc2fcfb,v11_e2a10e8c6af1c0803ba4,False,False,False,513100,513100,513100,False,False,False,28.088187173874303,28.177450480570936,28.177450480570936,0.0,4,4,2526,4.749247743229686,,0
2023-05-17,2023-05-17,3,435dc567388f0b921f9f7345bdbe8684dcaebaeced0d76965eeb94da0dc2fcfb,v11_e2a10e8c6af1c0803ba4,False,False,False,513100,513100,513100,False,False,False,28.177450480570936,28.355977093964206,28.355977093964206,0.0,5,5,2526,4.779338014042124,,0
2023-05-18,2023-05-18,3,435dc567388f0b921f9f7345bdbe8684dcaebaeced0d76965eeb94da0dc2fcfb,v11_e2a10e8c6af1c0803ba4,False,False,False,513100,513100,513100,False,False,False,28.355977093964206,28.80229362744738,28.80229362744738,0.0,6,6,2526,4.854563691073217,,0
2023-05-19,2023-05-19,3,435dc567388f0b921f9f7345bdbe8684dcaebaeced0d76965eeb94da0dc2fcfb,v11_e2a10e8c6af1c0803ba4,False,False,False,513100,513100,513100,False,False,False,28.80229362744738,29.456891209889367,29.456891209889367,0.0,7,7,2526,4.964894684052154,,0
2023-05-22,2023-05-22,3,435dc567388f0b921f9f7345bdbe8684dcaebaeced0d76965eeb94da0dc2fcfb,v11_e2a10e8c6af1c0803ba4,False,False,False,513100,513100,513100,False,False,False,29.456891209889367,29.278364596496097,29.278364596496097,0.0,8,8,2526,4.964894684052154,,0
2023-05-23,2023-05-23,3,435dc567388f0b921f9f7345bdbe8684dcaebaeced0d76965eeb94da0dc2fcfb,v11_e2a10e8c6af1c0803ba4,False,False,False,513100,513100,513100,False,False,False,29.278364596496097,29.516400081020453,29.516400081020453,0.0,9,9,2526,4.974924774322965,,0
2023-05-24,2023-05-24,3,435dc567388f0b921f9f7345bdbe8684dcaebaeced0d76965eeb94da0dc2fcfb,v11_e2a10e8c6af1c0803ba4,False,False,False,513100,513100,513100,False,False,False,29.516400081020453,29.07008354753728,29.07008354753728,0.0,10,10,2526,4.974924774322965,,0
2023-05-25,2023-05-25,3,435dc567388f0b921f9f7345bdbe8684dcaebaeced0d76965eeb94da0dc2fcfb,v11_e2a10e8c6af1c0803ba4,False,False,False,513100,513100,513100,False,False,False,29.07008354753728,29.546154516585997,29.546154516585997,0.0,11,11,2526,4.979939819458372,,0
2023-05-26,2023-05-26,3,435dc567388f0b921f9f7345bdbe8684dcaebaeced0d76965eeb94da0dc2fcfb,v11_e2a10e8c6af1c0803ba4,False,False,False,513100,513100,513100,False,False,False,29.546154516585997,29.635417823282634,29.635417823282634,0.0,12,12,2526,4.9949849548645915,,0
2023-05-29,2023-05-29,3,435dc567388f0b921f9f7345bdbe8684dcaebaeced0d76965eeb94da0dc2fcfb,v11_e2a10e8c6af1c0803ba4,False,False,False,513100,513100,513100,False,False,False,29.635417823282634,30.706577503642247,30.706577503642247,0.0,13,13,2526,5.175526579739215,,0
2023-05-30,2023-05-30,3,435dc567388f0b921f9f7345bdbe8684dcaebaeced0d76965eeb94da0dc2fcfb,v11_e2a10e8c6af1c0803ba4,False,False,False,513100,513100,513100,False,False,False,30.706577503642247,30.79584081033888,30.79584081033888,0.0,14,14,2526,5.190571715145434,,0
2023-05-31,2023-05-31,3,435dc567388f0b921f9f7345bdbe8684dcaebaeced0d76965eeb94da0dc2fcfb,v11_e2a10e8c6af1c0803ba4,False,False,False,513100,513100,513100,False,False,False,30.79584081033888,30.6768230680767,30.6768230680767,0.0,15,15,2526,5.190571715145434,,0
2023-06-01,2023-06-01,3,435dc567388f0b921f9f7345bdbe8684dcaebaeced0d76965eeb94da0dc2fcfb,v11_e2a10e8c6af1c0803ba4,False,False,False,513100,513100,513100,False,False,False,30.6768230680767,30.647068632511157,30.647068632511157,0.0,16,16,2526,5.190571715145434,,0
2023-06-02,2023-06-02,3,435dc567388f0b921f9f7345bdbe8684dcaebaeced0d76965eeb94da0dc2fcfb,v11_e2a10e8c6af1c0803ba4,False,False,False,513100,513100,513100,False,False,False,30.647068632511157,31.033876294863237,31.033876294863237,0.0,17,17,2526,5.230692076228683,,0
2023-06-05,2023-06-05,3,435dc567388f0b921f9f7345bdbe8684dcaebaeced0d76965eeb94da0dc2fcfb,v11_e2a10e8c6af1c0803ba4,False,False,False,513100,513100,513100,False,False,False,31.033876294863237,31.182648472690964,31.182648472690964,0.0,18,18,2526,5.255767301905714,,0
2023-06-06,2023-06-06,3,435dc567388f0b921f9f7345bdbe8684dcaebaeced0d76965eeb94da0dc2fcfb,v11_e2a10e8c6af1c0803ba4,False,False,False,513100,513100,513100,False,False,False,31.182648472690964,31.212402908256507,31.212402908256507,0.0,19,19,2526,5.26078234704112,,0
2023-06-07,2023-06-07,3,435dc567388f0b921f9f7345bdbe8684dcaebaeced0d76965eeb94da0dc2fcfb,v11_e2a10e8c6af1c0803ba4,False,False,False,513100,513100,513100,False,False,False,31.212402908256507,31.301666214953144,31.301666214953144,0.0,20,20,2526,5.2758274824473395,,0
2023-06-08,2023-06-08,3,435dc567388f0b921f9f7345bdbe8684dcaebaeced0d76965eeb94da0dc2fcfb,v11_e2a10e8c6af1c0803ba4,False,False,False,513100,518880,518880,True,False,True,31.301666214953144,30.647068632511157,30.640939218784656,0.006129413726502232,21,0,2526,1.6519421172886526,,0
2023-06-09,2023-06-09,3,435dc567388f0b921f9f7345bdbe8684dcaebaeced0d76965eeb94da0dc2fcfb,v11_e2a10e8c6af1c0803ba4,False,False,False,518880,518880,518880,False,False,False,30.640939218784656,30.902284251310018,30.902284251310018,0.0,1,1,2526,1.6660319878141667,,0
2023-06-12,2023-06-12,3,435dc567388f0b921f9f7345bdbe8684dcaebaeced0d76965eeb94da0dc2fcfb,v11_e2a10e8c6af1c0803ba4,False,False,False,518880,513100,513100,False,False,True,30.902284251310018,30.923474389082347,30.91728969420453,0.00618469487781647,2,0,2526,5.310932798395182,,0
2023-06-13,2023-06-13,3,435dc567388f0b921f9f7345bdbe8684dcaebaeced0d76965eeb94da0dc2fcfb,v11_e2a10e8c6af1c0803ba4,False,False,False,513100,513100,513100,False,False,False,30.91728969420453,31.676354408132116,31.676354408132116,0.0,1,1,2526,5.441323971915743,,0
2023-06-14,2023-06-14,3,435dc567388f0b921f9f7345bdbe8684dcaebaeced0d76965eeb94da0dc2fcfb,v11_e2a10e8c6af1c0803ba4,False,False,False,513100,513100,513100,False,False,False,31.676354408132116,31.70554920482164,31.70554920482164,0.0,2,2,2526,5.44633901705115,,0
2023-06-15,2023-06-15,3,435dc567388f0b921f9f7345bdbe8684dcaebaeced0d76965eeb94da0dc2fcfb,v11_e2a10e8c6af1c0803ba4,False,False,False,513100,513100,513100,False,False,False,31.70554920482164,31.851523188269248,31.851523188269248,0.0,3,3,2526,5.47141424272818,,0
2023-06-16,2023-06-16,3,435dc567388f0b921f9f7345bdbe8684dcaebaeced0d76965eeb94da0dc2fcfb,v11_e2a10e8c6af1c0803ba4,False,False,False,513100,513100,513100,False,False,False,31.851523188269248,32.11427635847495,32.11427635847495,0.0,4,4,2526,5.516549648946836,,0
2023-06-19,2023-06-19,3,435dc567388f0b921f9f7345bdbe8684dcaebaeced0d76965eeb94da0dc2fcfb,v11_e2a10e8c6af1c0803ba4,False,False,False,513100,513100,513100,False,False,False,32.11427635847495,31.997497171716862,31.997497171716862,0.0,5,5,2526,5.516549648946836,,0
2023-06-20,2023-06-20,3,435dc567388f0b921f9f7345bdbe8684dcaebaeced0d76965eeb94da0dc2fcfb,v11_e2a10e8c6af1c0803ba4,False,False,False,513100,513100,513100,False,False,False,31.997497171716862,31.96830237502734,31.96830237502734,0.0,6,6,2526,5.516549648946836,,0
2023-06-21,2023-06-21,3,435dc567388f0b921f9f7345bdbe8684dcaebaeced0d76965eeb94da0dc2fcfb,v11_e2a10e8c6af1c0803ba4,False,False,False,513100,513100,513100,False,False,False,31.96830237502734,32.11427635847496,32.11427635847496,0.0,7,7,2526,5.516549648946836,,0
2023-06-26,2023-06-26,3,435dc567388f0b921f9f7345bdbe8684dcaebaeced0d76965eeb94da0dc2fcfb,v11_e2a10e8c6af1c0803ba4,False,False,False,513100,513100,513100,False,False,False,32.11427635847496,31.851523188269255,31.851523188269255,0.0,8,8,2526,5.516549648946836,,0
2023-06-27,2023-06-27,3,435dc567388f0b921f9f7345bdbe8684dcaebaeced0d76965eeb94da0dc2fcfb,v11_e2a10e8c6af1c0803ba4,False,False,False,513100,513100,513100,False,False,False,31.851523188269255,31.413601237926414,31.413601237926414,0.0,9,9,2526,5.516549648946836,,0
2023-06-28,2023-06-28,3,435dc567388f0b921f9f7345bdbe8684dcaebaeced0d76965eeb94da0dc2fcfb,v11_e2a10e8c6af1c0803ba4,False,False,False,513100,513100,513100,False,False,False,31.413601237926414,31.822328391579735,31.822328391579735,0.0,10,10,2526,5.516549648946836,,0
2023-06-29,2023-06-29,3,435dc567388f0b921f9f7345bdbe8684dcaebaeced0d76965eeb94da0dc2fcfb,v11_e2a10e8c6af1c0803ba4,False,False,False,513100,513100,513100,False,False,False,31.822328391579735,32.08508156178544,32.08508156178544,0.0,11,11,2526,5.516549648946836,,0
2023-06-30,2023-06-30,3,435dc567388f0b921f9f7345bdbe8684dcaebaeced0d76965eeb94da0dc2fcfb,v11_e2a10e8c6af1c0803ba4,False,False,False,513100,513100,513100,False,False,False,32.08508156178544,32.11427635847496,32.11427635847496,0.0,12,12,2526,5.516549648946837,,0
2023-07-03,2023-07-03,3,435dc567388f0b921f9f7345bdbe8684dcaebaeced0d76965eeb94da0dc2fcfb,v11_e2a10e8c6af1c0803ba4,False,False,False,513100,513100,513100,False,False,False,32.11427635847496,32.63978269888637,32.63978269888637,0.0,13,13,2526,5.606820461384149,,0
2023-07-04,2023-07-04,3,435dc567388f0b921f9f7345bdbe8684dcaebaeced0d76965eeb94da0dc2fcfb,v11_e2a10e8c6af1c0803ba4,False,False,False,513100,513100,513100,False,False,False,32.63978269888637,32.46461391874924,32.46461391874924,0.0,14,14,2526,5.606820461384149,,0
2023-07-05,2023-07-05,3,435dc567388f0b921f9f7345bdbe8684dcaebaeced0d76965eeb94da0dc2fcfb,v11_e2a10e8c6af1c0803ba4,False,False,False,513100,513100,513100,False,False,False,32.46461391874924,32.40622432537019,32.40622432537019,0.0,15,15,2526,5.606820461384149,,0
2023-07-06,2023-07-06,3,435dc567388f0b921f9f7345bdbe8684dcaebaeced0d76965eeb94da0dc2fcfb,v11_e2a10e8c6af1c0803ba4,False,False,False,513100,513100,513100,False,False,False,32.40622432537019,32.43541912205971,32.43541912205971,0.0,16,16,2526,5.606820461384149,,0
2023-07-07,2023-07-07,3,435dc567388f0b921f9f7345bdbe8684dcaebaeced0d76965eeb94da0dc2fcfb,v11_e2a10e8c6af1c0803ba4,False,False,False,513100,513100,513100,False,False,False,32.43541912205971,32.289445138612095,32.289445138612095,0.0,17,17,2526,5.606820461384149,,0
2023-07-10,2023-07-10,3,435dc567388f0b921f9f7345bdbe8684dcaebaeced0d76965eeb94da0dc2fcfb,v11_e2a10e8c6af1c0803ba4,False,False,False,513100,513100,513100,False,False,False,32.289445138612095,31.968302375027342,31.968302375027342,0.0,18,18,2526,5.606820461384149,,0
2023-07-11,2023-07-11,3,435dc567388f0b921f9f7345bdbe8684dcaebaeced0d76965eeb94da0dc2fcfb,v11_e2a10e8c6af1c0803ba4,False,False,False,513100,513100,513100,False,False,False,31.968302375027342,32.14347115516448,32.14347115516448,0.0,19,19,2526,5.606820461384149,,0
2023-07-12,2023-07-12,3,435dc567388f0b921f9f7345bdbe8684dcaebaeced0d76965eeb94da0dc2fcfb,v11_e2a10e8c6af1c0803ba4,False,False,False,513100,513100,513100,False,False,False,32.14347115516448,32.172665951854,32.172665951854,0.0,20,20,2526,5.606820461384149,,0
2023-07-13,2023-07-13,3,435dc567388f0b921f9f7345bdbe8684dcaebaeced0d76965eeb94da0dc2fcfb,v11_e2a10e8c6af1c0803ba4,False,False,False,513100,513100,513100,False,False,False,32.172665951854,32.639782698886364,32.639782698886364,0.0,21,21,2526,5.606820461384149,,0
2023-07-14,2023-07-14,3,435dc567388f0b921f9f7345bdbe8684dcaebaeced0d76965eeb94da0dc2fcfb,v11_e2a10e8c6af1c0803ba4,False,False,False,513100,513100,513100,False,False,False,32.639782698886364,32.87334107240254,32.87334107240254,0.0,22,22,2526,5.646940822467396,,0
2023-07-17,2023-07-17,3,435dc567388f0b921f9f7345bdbe8684dcaebaeced0d76965eeb94da0dc2fcfb,v11_e2a10e8c6af1c0803ba4,False,False,False,513100,513100,513100,False,False,False,32.87334107240254,33.04850985253968,33.04850985253968,0.0,23,23,2526,5.677031093279834,,0
2023-07-18,2023-07-18,3,435dc567388f0b921f9f7345bdbe8684dcaebaeced0d76965eeb94da0dc2fcfb,v11_e2a10e8c6af1c0803ba4,False,False,False,513100,513100,513100,False,False,False,33.04850985253968,33.34045781943491,33.34045781943491,0.0,24,24,2526,5.727181544633897,,0
2023-07-19,2023-07-19,3,435dc567388f0b921f9f7345bdbe8684dcaebaeced0d76965eeb94da0dc2fcfb,v11_e2a10e8c6af1c0803ba4,False,False,False,513100,513100,513100,False,False,False,33.34045781943491,33.95354854991489,33.95354854991489,0.0,25,25,2526,5.832497492477428,,0
2023-07-20,2023-07-20,3,435dc567388f0b921f9f7345bdbe8684dcaebaeced0d76965eeb94da0dc2fcfb,v11_e2a10e8c6af1c0803ba4,False,False,False,513100,513100,513100,False,False,False,33.95354854991489,33.48643180288253,33.48643180288253,0.0,26,26,2526,5.832497492477428,,0
2023-07-21,2023-07-21,3,435dc567388f0b921f9f7345bdbe8684dcaebaeced0d76965eeb94da0dc2fcfb,v11_e2a10e8c6af1c0803ba4,False,False,False,513100,513100,513100,False,False,False,33.48643180288253,32.931730665781586,32.931730665781586,0.0,27,27,2526,5.832497492477428,,0
2023-07-24,2023-07-24,3,435dc567388f0b921f9f7345bdbe8684dcaebaeced0d76965eeb94da0dc2fcfb,v11_e2a10e8c6af1c0803ba4,False,False,False,513100,513100,513100,False,False,False,32.931730665781586,33.048509852539674,33.048509852539674,0.0,28,28,2526,5.832497492477428,,0
2023-07-25,2023-07-25,3,435dc567388f0b921f9f7345bdbe8684dcaebaeced0d76965eeb94da0dc2fcfb,v11_e2a10e8c6af1c0803ba4,False,False,False,513100,513100,513100,False,False,False,33.048509852539674,32.93173066578158,32.93173066578158,0.0,29,29,2526,5.832497492477428,,0
2023-07-26,2023-07-26,3,435dc567388f0b921f9f7345bdbe8684dcaebaeced0d76965eeb94da0dc2fcfb,v11_e2a10e8c6af1c0803ba4,False,False,False,513100,513100,513100,False,False,False,32.93173066578158,33.01931505585015,33.01931505585015,0.0,30,30,2526,5.832497492477428,,0
2023-07-27,2023-07-27,3,435dc567388f0b921f9f7345bdbe8684dcaebaeced0d76965eeb94da0dc2fcfb,v11_e2a10e8c6af1c0803ba4,False,False,False,513100,513100,513100,False,False,False,33.01931505585015,33.31126302274537,33.31126302274537,0.0,31,31,2526,5.832497492477428,,0
2023-07-28,2023-07-28,3,435dc567388f0b921f9f7345bdbe8684dcaebaeced0d76965eeb94da0dc2fcfb,v11_e2a10e8c6af1c0803ba4,False,False,False,513100,512890,512890,False,False,True,33.31126302274537,33.106899445918714,33.10027806602953,0.006621379889183743,32,0,2526,1.9202392821535417,,0
2023-07-31,2023-07-31,3,435dc567388f0b921f9f7345bdbe8684dcaebaeced0d76965eeb94da0dc2fcfb,v11_e2a10e8c6af1c0803ba4,False,False,False,512890,512890,512890,False,False,False,33.10027806602953,33.306510328123174,33.306510328123174,0.0,1,1,2526,1.9322033898305109,,0
2023-08-01,2023-08-01,3,435dc567388f0b921f9f7345bdbe8684dcaebaeced0d76965eeb94da0dc2fcfb,v11_e2a10e8c6af1c0803ba4,False,False,False,512890,512890,512890,False,False,False,33.306510328123174,33.306510328123174,33.306510328123174,0.0,2,2,2526,1.9322033898305109,,0
2023-08-02,2023-08-02,3,435dc567388f0b921f9f7345bdbe8684dcaebaeced0d76965eeb94da0dc2fcfb,v11_e2a10e8c6af1c0803ba4,False,False,False,512890,512890,512890,False,False,False,33.306510328123174,32.96278989130044,32.96278989130044,0.0,3,3,2526,1.9322033898305109,,0
2023-08-03,2023-08-03,3,435dc567388f0b921f9f7345bdbe8684dcaebaeced0d76965eeb94da0dc2fcfb,v11_e2a10e8c6af1c0803ba4,False,False,False,512890,512890,512890,False,False,False,32.96278989130044,33.03153397866499,33.03153397866499,0.0,4,4,2526,1.9322033898305109,,0
2023-08-04,2023-08-04,3,435dc567388f0b921f9f7345bdbe8684dcaebaeced0d76965eeb94da0dc2fcfb,v11_e2a10e8c6af1c0803ba4,False,False,False,512890,512890,512890,False,False,False,33.03153397866499,33.065906022347264,33.065906022347264,0.0,5,5,2526,1.9322033898305109,,0
2023-08-07,2023-08-07,3,435dc567388f0b921f9f7345bdbe8684dcaebaeced0d76965eeb94da0dc2fcfb,v11_e2a10e8c6af1c0803ba4,False,False,False,512890,510300,510300,False,False,True,33.065906022347264,32.7565576292068,32.75000631768096,0.006551311525841361,6,0,2526,1.8436208432602312,,0
2023-08-08,2023-08-08,3,435dc567388f0b921f9f7345bdbe8684dcaebaeced0d76965eeb94da0dc2fcfb,v11_e2a10e8c6af1c0803ba4,False,False,False,510300,510300,510300,False,False,False,32.75000631768096,32.62909809844267,32.62909809844267,0.0,1,1,2526,1.8436208432602312,,0
2023-08-09,2023-08-09,3,435dc567388f0b921f9f7345bdbe8684dcaebaeced0d76965eeb94da0dc2fcfb,v11_e2a10e8c6af1c0803ba4,False,False,False,510300,510300,510300,False,False,False,32.62909809844267,32.56461371484891,32.56461371484891,0.0,2,2,2526,1.8436208432602312,,0
2023-08-10,2023-08-10,3,435dc567388f0b921f9f7345bdbe8684dcaebaeced0d76965eeb94da0dc2fcfb,v11_e2a10e8c6af1c0803ba4,False,False,False,510300,510300,510300,False,False,False,32.56461371484891,32.604916454595006,32.604916454595006,0.0,3,3,2526,1.8436208432602312,,0
2023-08-11,2023-08-11,3,435dc567388f0b921f9f7345bdbe8684dcaebaeced0d76965eeb94da0dc2fcfb,v11_e2a10e8c6af1c0803ba4,False,False,False,510300,518880,518880,True,False,True,32.604916454595006,31.839164399419108,31.832796566539226,0.0063678328798838215,4,0,2526,1.6812642802741813,,0
2023-08-14,2023-08-14,3,435dc567388f0b921f9f7345bdbe8684dcaebaeced0d76965eeb94da0dc2fcfb,v11_e2a10e8c6af1c0803ba4,False,False,False,518880,518880,518880,False,False,False,31.832796566539226,31.876057445225353,31.876057445225353,0.0,1,1,2526,1.6835491241431837,,0
2023-08-15,2023-08-15,3,435dc567388f0b921f9f7345bdbe8684dcaebaeced0d76965eeb94da0dc2fcfb,v11_e2a10e8c6af1c0803ba4,False,False,False,518880,518880,518880,False,False,False,31.876057445225353,31.948158909702222,31.948158909702222,0.0,2,2,2526,1.6873571972581873,,0
2023-08-16,2023-08-16,3,435dc567388f0b921f9f7345bdbe8684dcaebaeced0d76965eeb94da0dc2fcfb,v11_e2a10e8c6af1c0803ba4,False,False,False,518880,518880,518880,False,False,False,31.948158909702222,31.9625792025976,31.9625792025976,0.0,3,3,2526,1.688118811881188,,0
2023-08-17,2023-08-17,3,435dc567388f0b921f9f7345bdbe8684dcaebaeced0d76965eeb94da0dc2fcfb,v11_e2a10e8c6af1c0803ba4,False,False,False,518880,518880,518880,False,False,False,31.9625792025976,31.933738616806853,31.933738616806853,0.0,4,4,2526,1.688118811881188,,0
2023-08-18,2023-08-18,3,435dc567388f0b921f9f7345bdbe8684dcaebaeced0d76965eeb94da0dc2fcfb,v11_e2a10e8c6af1c0803ba4,False,False,False,518880,518880,518880,False,False,False,31.933738616806853,31.876057445225353,31.876057445225353,0.0,5,5,2526,1.688118811881188,,0
2023-08-21,2023-08-21,3,435dc567388f0b921f9f7345bdbe8684dcaebaeced0d76965eeb94da0dc2fcfb,v11_e2a10e8c6af1c0803ba4,False,False,False,518880,518880,518880,False,False,False,31.876057445225353,31.998629934836035,31.998629934836035,0.0,6,6,2526,1.6900228484386899,,0
2023-08-22,2023-08-22,3,435dc567388f0b921f9f7345bdbe8684dcaebaeced0d76965eeb94da0dc2fcfb,v11_e2a10e8c6af1c0803ba4,False,False,False,518880,518880,518880,False,False,False,31.998629934836035,31.94815890970223,31.94815890970223,0.0,7,7,2526,1.6900228484386899,,0
2023-08-23,2023-08-23,3,435dc567388f0b921f9f7345bdbe8684dcaebaeced0d76965eeb94da0dc2fcfb,v11_e2a10e8c6af1c0803ba4,False,False,False,518880,518880,518880,False,False,False,31.94815890970223,32.09957198510366,32.09957198510366,0.0,8,8,2526,1.6953541507996952,,0
2023-08-24,2023-08-24,3,435dc567388f0b921f9f7345bdbe8684dcaebaeced0d76965eeb94da0dc2fcfb,v11_e2a10e8c6af1c0803ba4,False,False,False,518880,518880,518880,False,False,False,32.09957198510366,32.18609374247591,32.18609374247591,0.0,9,9,2526,1.6999238385377,,0
2023-08-25,2023-08-25,3,435dc567388f0b921f9f7345bdbe8684dcaebaeced0d76965eeb94da0dc2fcfb,v11_e2a10e8c6af1c0803ba4,False,False,False,518880,518880,518880,False,False,False,32.18609374247591,32.07073139931292,32.07073139931292,0.0,10,10,2526,1.6999238385377,,0
2023-08-28,2023-08-28,3,435dc567388f0b921f9f7345bdbe8684dcaebaeced0d76965eeb94da0dc2fcfb,v11_e2a10e8c6af1c0803ba4,False,False,False,518880,518880,518880,False,False,False,32.07073139931292,32.08515169220829,32.08515169220829,0.0,11,11,2526,1.6999238385377,,0
2023-08-29,2023-08-29,3,435dc567388f0b921f9f7345bdbe8684dcaebaeced0d76965eeb94da0dc2fcfb,v11_e2a10e8c6af1c0803ba4,False,False,False,518880,518880,518880,False,False,False,32.08515169220829,32.17167344958054,32.17167344958054,0.0,12,12,2526,1.6999238385377,,0
2023-08-30,2023-08-30,3,435dc567388f0b921f9f7345bdbe8684dcaebaeced0d76965eeb94da0dc2fcfb,v11_e2a10e8c6af1c0803ba4,False,False,False,518880,518880,518880,False,False,False,32.17167344958054,32.27982564629585,32.27982564629585,0.0,13,13,2526,1.7048743335872054,,0
2023-08-31,2023-08-31,3,435dc567388f0b921f9f7345bdbe8684dcaebaeced0d76965eeb94da0dc2fcfb,v11_e2a10e8c6af1c0803ba4,False,False,False,518880,518880,518880,False,False,False,32.27982564629585,32.40239813590653,32.40239813590653,0.0,14,14,2526,1.7113480578827118,,0
2023-09-01,2023-09-01,3,435dc567388f0b921f9f7345bdbe8684dcaebaeced0d76965eeb94da0dc2fcfb,v11_e2a10e8c6af1c0803ba4,False,False,False,518880,518880,518880,False,False,False,32.40239813590653,32.366347403668094,32.366347403668094,0.0,15,15,2526,1.7113480578827118,,0
2023-09-04,2023-09-04,3,435dc567388f0b921f9f7345bdbe8684dcaebaeced0d76965eeb94da0dc2fcfb,v11_e2a10e8c6af1c0803ba4,False,False,False,518880,518880,518880,False,False,False,32.366347403668094,32.488919893278776,32.488919893278776,0.0,16,16,2526,1.7159177456207164,,0
2023-09-05,2023-09-05,3,435dc567388f0b921f9f7345bdbe8684dcaebaeced0d76965eeb94da0dc2fcfb,v11_e2a10e8c6af1c0803ba4,False,False,False,518880,518880,518880,False,False,False,32.488919893278776,32.50334018617415,32.50334018617415,0.0,17,17,2526,1.7166793602437171,,0
2023-09-06,2023-09-06,3,435dc567388f0b921f9f7345bdbe8684dcaebaeced0d76965eeb94da0dc2fcfb,v11_e2a10e8c6af1c0803ba4,False,False,False,518880,518880,518880,False,False,False,32.50334018617415,32.481709746831086,32.481709746831086,0.0,18,18,2526,1.7166793602437171,,0
2023-09-07,2023-09-07,3,435dc567388f0b921f9f7345bdbe8684dcaebaeced0d76965eeb94da0dc2fcfb,v11_e2a10e8c6af1c0803ba4,False,False,False,518880,518880,518880,False,False,False,32.481709746831086,32.474499600383396,32.474499600383396,0.0,19,19,2526,1.7166793602437171,,0
2023-09-08,2023-09-08,3,435dc567388f0b921f9f7345bdbe8684dcaebaeced0d76965eeb94da0dc2fcfb,v11_e2a10e8c6af1c0803ba4,False,False,False,518880,518880,518880,False,False,False,32.474499600383396,32.70522428670939,32.70522428670939,0.0,20,20,2526,1.7273419649657276,,0
2023-09-11,2023-09-11,3,435dc567388f0b921f9f7345bdbe8684dcaebaeced0d76965eeb94da0dc2fcfb,v11_e2a10e8c6af1c0803ba4,False,False,False,518880,518880,518880,False,False,False,32.70522428670939,32.77011560473857,32.77011560473857,0.0,21,21,2526,1.730769230769231,,0
2023-09-12,2023-09-12,3,435dc567388f0b921f9f7345bdbe8684dcaebaeced0d76965eeb94da0dc2fcfb,v11_e2a10e8c6af1c0803ba4,False,False,False,518880,518880,518880,False,False,False,32.77011560473857,32.77732575118626,32.77732575118626,0.0,22,22,2526,1.7311500380807316,,0
2023-09-13,2023-09-13,3,435dc567388f0b921f9f7345bdbe8684dcaebaeced0d76965eeb94da0dc2fcfb,v11_e2a10e8c6af1c0803ba4,False,False,False,518880,518880,518880,False,False,False,32.77732575118626,32.856637362110824,32.856637362110824,0.0,23,23,2526,1.735338918507236,,0
2023-09-14,2023-09-14,3,435dc567388f0b921f9f7345bdbe8684dcaebaeced0d76965eeb94da0dc2fcfb,v11_e2a10e8c6af1c0803ba4,False,False,False,518880,518880,518880,False,False,False,32.856637362110824,33.10899248777987,33.10899248777987,0.0,24,24,2526,1.7486671744097493,,0
2023-09-15,2023-09-15,3,435dc567388f0b921f9f7345bdbe8684dcaebaeced0d76965eeb94da0dc2fcfb,v11_e2a10e8c6af1c0803ba4,False,False,False,518880,518880,518880,False,False,False,33.10899248777987,32.791746044081634,32.791746044081634,0.0,25,25,2526,1.7486671744097493,,0
2023-09-18,2023-09-18,3,435dc567388f0b921f9f7345bdbe8684dcaebaeced0d76965eeb94da0dc2fcfb,v11_e2a10e8c6af1c0803ba4,False,False,False,518880,513120,513120,False,False,True,32.791746044081634,32.618702529337135,32.612178788831265,0.006523740505867427,26,0,2526,0.8769883351007437,,0
2023-09-19,2023-09-19,3,435dc567388f0b921f9f7345bdbe8684dcaebaeced0d76965eeb94da0dc2fcfb,v11_e2a10e8c6af1c0803ba4,False,False,False,513120,513120,513120,False,False,False,32.612178788831265,32.415007212115235,32.415007212115235,0.0,1,1,2526,0.8769883351007437,,0
2023-09-20,2023-09-20,3,435dc567388f0b921f9f7345bdbe8684dcaebaeced0d76965eeb94da0dc2fcfb,v11_e2a10e8c6af1c0803ba4,False,False,False,513120,513120,513120,False,False,False,32.415007212115235,31.74462385128074,31.74462385128074,0.0,2,2,2526,0.8769883351007437,,0
2023-09-21,2023-09-21,3,435dc567388f0b921f9f7345bdbe8684dcaebaeced0d76965eeb94da0dc2fcfb,v11_e2a10e8c6af1c0803ba4,False,False,False,513120,518880,518880,False,False,True,31.74462385128074,30.95593754441662,30.94974635690774,0.006191187508883324,3,0,2526,1.7440974866717451,,0
2023-09-22,2023-09-22,3,435dc567388f0b921f9f7345bdbe8684dcaebaeced0d76965eeb94da0dc2fcfb,v11_e2a10e8c6af1c0803ba4,False,False,False,518880,518880,518880,False,False,False,30.94974635690774,30.821352212632355,30.821352212632355,0.0,1,1,2526,1.7440974866717451,,0
2023-09-25,2023-09-25,3,435dc567388f0b921f9f7345bdbe8684dcaebaeced0d76965eeb94da0dc2fcfb,v11_e2a10e8c6af1c0803ba4,False,False,False,518880,518880,518880,False,False,False,30.821352212632355,30.956503943448546,30.956503943448546,0.0,2,2,2526,1.7444782939832457,,0
2023-09-26,2023-09-26,3,435dc567388f0b921f9f7345bdbe8684dcaebaeced0d76965eeb94da0dc2fcfb,v11_e2a10e8c6af1c0803ba4,False,False,False,518880,518880,518880,False,False,False,30.956503943448546,30.936231183826116,30.936231183826116,0.0,3,3,2526,1.7444782939832457,,0
2023-09-27,2023-09-27,3,435dc567388f0b921f9f7345bdbe8684dcaebaeced0d76965eeb94da0dc2fcfb,v11_e2a10e8c6af1c0803ba4,False,False,False,518880,518880,518880,False,False,False,30.936231183826116,30.483472885591873,30.483472885591873,0.0,4,4,2526,1.7444782939832457,,0
2023-09-28,2023-09-28,3,435dc567388f0b921f9f7345bdbe8684dcaebaeced0d76965eeb94da0dc2fcfb,v11_e2a10e8c6af1c0803ba4,False,False,False,518880,513120,513120,False,False,True,30.483472885591873,29.976653895031156,29.97065856425215,0.005995330779006231,5,0,2526,0.8642629904559926,,0
2023-10-09,2023-10-09,3,435dc567388f0b921f9f7345bdbe8684dcaebaeced0d76965eeb94da0dc2fcfb,v11_e2a10e8c6af1c0803ba4,False,False,False,513120,513120,513120,False,False,False,29.97065856425215,29.56614660817022,29.56614660817022,0.0,1,1,2526,0.8642629904559926,,0
2023-10-10,2023-10-10,3,435dc567388f0b921f9f7345bdbe8684dcaebaeced0d76965eeb94da0dc2fcfb,v11_e2a10e8c6af1c0803ba4,False,False,False,513120,513120,513120,False,False,False,29.56614660817022,29.198408466277556,29.198408466277556,0.0,2,2,2526,0.8642629904559926,,0
2023-10-11,2023-10-11,3,435dc567388f0b921f9f7345bdbe8684dcaebaeced0d76965eeb94da0dc2fcfb,v11_e2a10e8c6af1c0803ba4,False,False,False,513120,513120,513120,False,False,False,29.198408466277556,30.338396706144817,30.338396706144817,0.0,3,3,2526,0.8748674443266183,,0
2023-10-12,2023-10-12,3,435dc567388f0b921f9f7345bdbe8684dcaebaeced0d76965eeb94da0dc2fcfb,v11_e2a10e8c6af1c0803ba4,False,False,False,513120,513120,513120,False,False,False,30.338396706144817,31.257742060876478,31.257742060876478,0.0,4,4,2526,0.9013785790031825,,0
2023-10-13,2023-10-13,3,435dc567388f0b921f9f7345bdbe8684dcaebaeced0d76965eeb94da0dc2fcfb,v11_e2a10e8c6af1c0803ba4,False,False,False,513120,513120,513120,False,False,False,31.257742060876478,30.963551547362346,30.963551547362346,0.0,5,5,2526,0.9013785790031825,,0
2023-10-16,2023-10-16,3,435dc567388f0b921f9f7345bdbe8684dcaebaeced0d76965eeb94da0dc2fcfb,v11_e2a10e8c6af1c0803ba4,False,False,False,513120,513120,513120,False,False,False,30.963551547362346,30.522265777091146,30.522265777091146,0.0,6,6,2526,0.9013785790031825,,0
2023-10-17,2023-10-17,3,435dc567388f0b921f9f7345bdbe8684dcaebaeced0d76965eeb94da0dc2fcfb,v11_e2a10e8c6af1c0803ba4,False,False,False,513120,513120,513120,False,False,False,30.522265777091146,30.853230104794545,30.853230104794545,0.0,7,7,2526,0.9013785790031825,,0
2023-10-18,2023-10-18,3,435dc567388f0b921f9f7345bdbe8684dcaebaeced0d76965eeb94da0dc2fcfb,v11_e2a10e8c6af1c0803ba4,False,False,False,513120,513100,513100,True,False,True,30.853230104794545,29.78678949330582,29.78083213540716,0.0059573578986611645,8,0,2526,5.586760280842521,,0
2023-10-19,2023-10-19,3,435dc567388f0b921f9f7345bdbe8684dcaebaeced0d76965eeb94da0dc2fcfb,v11_e2a10e8c6af1c0803ba4,False,False,False,513100,518880,518880,False,False,True,29.78083213540716,29.406566740527715,29.40068542717961,0.0058813133481055435,1,0,2526,1.7315308453922322,,0
2023-10-20,2023-10-20,3,435dc567388f0b921f9f7345bdbe8684dcaebaeced0d76965eeb94da0dc2fcfb,v11_e2a10e8c6af1c0803ba4,False,False,False,518880,518880,518880,False,False,False,29.40068542717961,29.7239830456883,29.7239830456883,0.0,1,1,2526,1.7505712109672518,,0
2023-10-23,2023-10-23,3,435dc567388f0b921f9f7345bdbe8684dcaebaeced0d76965eeb94da0dc2fcfb,v11_e2a10e8c6af1c0803ba4,False,False,False,518880,518880,518880,False,False,False,29.7239830456883,29.562334236433955,29.562334236433955,0.0,2,2,2526,1.7505712109672518,,0
2023-10-24,2023-10-24,3,435dc567388f0b921f9f7345bdbe8684dcaebaeced0d76965eeb94da0dc2fcfb,v11_e2a10e8c6af1c0803ba4,False,False,False,518880,510500,510500,False,True,True,29.562334236433955,29.581732093544478,29.57581574712577,0.005916346418708896,3,0,2778,1.800703132230242,,0
2023-10-25,2023-10-25,3,435dc567388f0b921f9f7345bdbe8684dcaebaeced0d76965eeb94da0dc2fcfb,v11_e2a10e8c6af1c0803ba4,False,False,False,510500,510500,510500,False,False,False,29.57581574712577,29.722607479694222,29.722607479694222,0.0,1,1,2778,1.8096404455703552,,0
2023-10-26,2023-10-26,3,435dc567388f0b921f9f7345bdbe8684dcaebaeced0d76965eeb94da0dc2fcfb,v11_e2a10e8c6af1c0803ba4,False,False,False,510500,510500,510500,False,False,False,29.722607479694222,29.853089019755068,29.853089019755068,0.0,2,2,2778,1.8175847240949001,,0
2023-10-27,2023-10-27,3,435dc567388f0b921f9f7345bdbe8684dcaebaeced0d76965eeb94da0dc2fcfb,v11_e2a10e8c6af1c0803ba4,False,False,False,510500,510500,510500,False,False,False,29.853089019755068,30.418509026685413,30.418509026685413,0.0,3,3,2778,1.8520099310345959,,0
2023-10-30,2023-10-30,3,435dc567388f0b921f9f7345bdbe8684dcaebaeced0d76965eeb94da0dc2fcfb,v11_e2a10e8c6af1c0803ba4,False,False,False,510500,510500,510500,False,False,False,30.418509026685413,30.663161914299504,30.663161914299504,0.0,4,4,2778,1.8669054532681182,,0
2023-10-31,2023-10-31,3,435dc567388f0b921f9f7345bdbe8684dcaebaeced0d76965eeb94da0dc2fcfb,v11_e2a10e8c6af1c0803ba4,False,False,False,510500,513120,513120,False,False,True,30.663161914299504,30.592484413433212,30.586365916550527,0.006118496882686643,5,0,2778,0.9374337221633097,,0
2023-11-01,2023-11-01,3,435dc567388f0b921f9f7345bdbe8684dcaebaeced0d76965eeb94da0dc2fcfb,v11_e2a10e8c6af1c0803ba4,False,False,False,513120,513120,513120,False,False,False,30.586365916550527,30.65556583943865,30.65556583943865,0.0,1,1,2778,0.9395546129374348,,0
2023-11-02,2023-11-02,3,435dc567388f0b921f9f7345bdbe8684dcaebaeced0d76965eeb94da0dc2fcfb,v11_e2a10e8c6af1c0803ba4,False,False,False,513120,513120,513120,False,False,False,30.65556583943865,30.41336610933022,30.41336610933022,0.0,2,2,2778,0.9395546129374348,,0
2023-11-03,2023-11-03,3,435dc567388f0b921f9f7345bdbe8684dcaebaeced0d76965eeb94da0dc2fcfb,v11_e2a10e8c6af1c0803ba4,False,False,False,513120,513120,513120,False,False,False,30.41336610933022,30.897765569547087,30.897765569547087,0.0,3,3,2778,0.9469777306468729,,0
2023-11-06,2023-11-06,3,435dc567388f0b921f9f7345bdbe8684dcaebaeced0d76965eeb94da0dc2fcfb,v11_e2a10e8c6af1c0803ba4,False,False,False,513120,513120,513120,False,False,False,30.897765569547087,32.35096395019768,32.35096395019768,0.0,4,4,2778,0.9915164369035008,,0
2023-11-07,2023-11-07,3,435dc567388f0b921f9f7345bdbe8684dcaebaeced0d76965eeb94da0dc2fcfb,v11_e2a10e8c6af1c0803ba4,False,False,False,513120,513120,513120,False,False,False,32.35096395019768,31.831964528536755,31.831964528536755,0.0,5,5,2778,0.9915164369035008,,0
2023-11-08,2023-11-08,3,435dc567388f0b921f9f7345bdbe8684dcaebaeced0d76965eeb94da0dc2fcfb,v11_e2a10e8c6af1c0803ba4,False,False,False,513120,513120,513120,False,False,False,31.831964528536755,32.07416425864519,32.07416425864519,0.0,6,6,2778,0.9915164369035008,,0
2023-11-09,2023-11-09,3,435dc567388f0b921f9f7345bdbe8684dcaebaeced0d76965eeb94da0dc2fcfb,v11_e2a10e8c6af1c0803ba4,False,False,False,513120,513120,513120,False,False,False,32.07416425864519,31.728164644204572,31.728164644204572,0.0,7,7,2778,0.9915164369035008,,0
2023-11-10,2023-11-10,3,435dc567388f0b921f9f7345bdbe8684dcaebaeced0d76965eeb94da0dc2fcfb,v11_e2a10e8c6af1c0803ba4,False,False,False,513120,513120,513120,False,False,False,31.728164644204572,31.174565261099584,31.174565261099584,0.0,8,8,2778,0.9915164369035008,,0
2023-11-13,2023-11-13,3,435dc567388f0b921f9f7345bdbe8684dcaebaeced0d76965eeb94da0dc2fcfb,v11_e2a10e8c6af1c0803ba4,False,False,False,513120,513120,513120,False,False,False,31.174565261099584,30.863165608103028,30.863165608103028,0.0,9,9,2778,0.9915164369035008,,0
2023-11-14,2023-11-14,3,435dc567388f0b921f9f7345bdbe8684dcaebaeced0d76965eeb94da0dc2fcfb,v11_e2a10e8c6af1c0803ba4,False,False,False,513120,513120,513120,False,False,False,30.863165608103028,31.001565453879277,31.001565453879277,0.0,10,10,2778,0.9915164369035008,,0
2023-11-15,2023-11-15,3,435dc567388f0b921f9f7345bdbe8684dcaebaeced0d76965eeb94da0dc2fcfb,v11_e2a10e8c6af1c0803ba4,False,False,False,513120,513120,513120,False,False,False,31.001565453879277,31.34756506831989,31.34756506831989,0.0,11,11,2778,0.9915164369035008,,0
2023-11-16,2023-11-16,3,435dc567388f0b921f9f7345bdbe8684dcaebaeced0d76965eeb94da0dc2fcfb,v11_e2a10e8c6af1c0803ba4,False,False,False,513120,513120,513120,False,False,False,31.34756506831989,30.51716599366241,30.51716599366241,0.0,12,12,2778,0.9915164369035008,,0
2023-11-17,2023-11-17,3,435dc567388f0b921f9f7345bdbe8684dcaebaeced0d76965eeb94da0dc2fcfb,v11_e2a10e8c6af1c0803ba4,False,False,False,513120,513120,513120,False,False,False,30.51716599366241,30.863165608103028,30.863165608103028,0.0,13,13,2778,0.9915164369035008,,0
2023-11-20,2023-11-20,3,435dc567388f0b921f9f7345bdbe8684dcaebaeced0d76965eeb94da0dc2fcfb,v11_e2a10e8c6af1c0803ba4,False,False,False,513120,513120,513120,False,False,False,30.863165608103028,30.863165608103028,30.863165608103028,0.0,14,14,2778,0.9915164369035008,,0
2023-11-21,2023-11-21,3,435dc567388f0b921f9f7345bdbe8684dcaebaeced0d76965eeb94da0dc2fcfb,v11_e2a10e8c6af1c0803ba4,False,False,False,513120,513120,513120,False,False,False,30.863165608103028,30.65556583943866,30.65556583943866,0.0,15,15,2778,0.9915164369035008,,0
2023-11-22,2023-11-22,3,435dc567388f0b921f9f7345bdbe8684dcaebaeced0d76965eeb94da0dc2fcfb,v11_e2a10e8c6af1c0803ba4,False,False,False,513120,513120,513120,False,False,False,30.65556583943866,29.998166572001487,29.998166572001487,0.0,16,16,2778,0.9915164369035008,,0
2023-11-23,2023-11-23,3,435dc567388f0b921f9f7345bdbe8684dcaebaeced0d76965eeb94da0dc2fcfb,v11_e2a10e8c6af1c0803ba4,False,False,False,513120,513120,513120,False,False,False,29.998166572001487,30.517165993662413,30.517165993662413,0.0,17,17,2778,0.9915164369035008,,0
2023-11-24,2023-11-24,3,435dc567388f0b921f9f7345bdbe8684dcaebaeced0d76965eeb94da0dc2fcfb,v11_e2a10e8c6af1c0803ba4,False,False,False,513120,513100,513100,False,False,True,30.517165993662413,30.1711663792218,30.165132145945954,0.00603423327584436,18,0,2778,5.802407221664987,,0
2023-11-27,2023-11-27,3,435dc567388f0b921f9f7345bdbe8684dcaebaeced0d76965eeb94da0dc2fcfb,v11_e2a10e8c6af1c0803ba4,False,False,False,513100,513100,513100,False,False,False,30.165132145945954,30.008701037151077,30.008701037151077,0.0,1,1,2778,5.802407221664987,,0
2023-11-28,2023-11-28,3,435dc567388f0b921f9f7345bdbe8684dcaebaeced0d76965eeb94da0dc2fcfb,v11_e2a10e8c6af1c0803ba4,False,False,False,513100,513100,513100,False,False,False,30.008701037151077,30.086916591548515,30.086916591548515,0.0,2,2,2778,5.802407221664987,,0
2023-11-29,2023-11-29,3,435dc567388f0b921f9f7345bdbe8684dcaebaeced0d76965eeb94da0dc2fcfb,v11_e2a10e8c6af1c0803ba4,False,False,False,513100,513100,513100,False,False,False,30.086916591548515,30.086916591548515,30.086916591548515,0.0,3,3,2778,5.802407221664987,,0
2023-11-30,2023-11-30,3,435dc567388f0b921f9f7345bdbe8684dcaebaeced0d76965eeb94da0dc2fcfb,v11_e2a10e8c6af1c0803ba4,False,False,False,513100,513100,513100,False,False,False,30.086916591548515,30.060844740082704,30.060844740082704,0.0,4,4,2778,5.802407221664987,,0
2023-12-01,2023-12-01,3,435dc567388f0b921f9f7345bdbe8684dcaebaeced0d76965eeb94da0dc2fcfb,v11_e2a10e8c6af1c0803ba4,False,False,False,513100,513100,513100,False,False,False,30.060844740082704,29.93048548275363,29.93048548275363,0.0,5,5,2778,5.802407221664987,,0
2023-12-04,2023-12-04,3,435dc567388f0b921f9f7345bdbe8684dcaebaeced0d76965eeb94da0dc2fcfb,v11_e2a10e8c6af1c0803ba4,False,False,False,513100,513100,513100,False,False,False,29.93048548275363,29.982629185685262,29.982629185685262,0.0,6,6,2778,5.802407221664987,,0
2023-12-05,2023-12-05,3,435dc567388f0b921f9f7345bdbe8684dcaebaeced0d76965eeb94da0dc2fcfb,v11_e2a10e8c6af1c0803ba4,False,False,False,513100,513100,513100,False,False,False,29.982629185685262,29.64369511662969,29.64369511662969,0.0,7,7,2778,5.802407221664987,,0
2023-12-06,2023-12-06,3,435dc567388f0b921f9f7345bdbe8684dcaebaeced0d76965eeb94da0dc2fcfb,v11_e2a10e8c6af1c0803ba4,False,False,False,513100,513100,513100,False,False,False,29.64369511662969,30.0608447400827,30.0608447400827,0.0,8,8,2778,5.802407221664987,,0
2023-12-07,2023-12-07,3,435dc567388f0b921f9f7345bdbe8684dcaebaeced0d76965eeb94da0dc2fcfb,v11_e2a10e8c6af1c0803ba4,False,False,False,513100,513100,513100,False,False,False,30.0608447400827,29.721910671027125,29.721910671027125,0.0,9,9,2778,5.802407221664987,,0
2023-12-08,2023-12-08,3,435dc567388f0b921f9f7345bdbe8684dcaebaeced0d76965eeb94da0dc2fcfb,v11_e2a10e8c6af1c0803ba4,False,False,False,513100,513100,513100,False,False,False,29.721910671027125,30.165132145945954,30.165132145945954,0.0,10,10,2778,5.802407221664987,,0
2023-12-11,2023-12-11,3,435dc567388f0b921f9f7345bdbe8684dcaebaeced0d76965eeb94da0dc2fcfb,v11_e2a10e8c6af1c0803ba4,False,False,False,513100,513100,513100,False,False,False,30.165132145945954,30.347635106206646,30.347635106206646,0.0,11,11,2778,5.837512537612831,,0
2023-12-12,2023-12-12,3,435dc567388f0b921f9f7345bdbe8684dcaebaeced0d76965eeb94da0dc2fcfb,v11_e2a10e8c6af1c0803ba4,False,False,False,513100,513100,513100,False,False,False,30.347635106206646,30.71264102672803,30.71264102672803,0.0,12,12,2778,5.907723169508517,,0
2023-12-13,2023-12-13,3,435dc567388f0b921f9f7345bdbe8684dcaebaeced0d76965eeb94da0dc2fcfb,v11_e2a10e8c6af1c0803ba4,False,False,False,513100,513100,513100,False,False,False,30.71264102672803,31.051575095783605,31.051575095783605,0.0,13,13,2778,5.972918756268799,,0
2023-12-14,2023-12-14,3,435dc567388f0b921f9f7345bdbe8684dcaebaeced0d76965eeb94da0dc2fcfb,v11_e2a10e8c6af1c0803ba4,False,False,False,513100,513100,513100,False,False,False,31.051575095783605,31.390509164839173,31.390509164839173,0.0,14,14,2778,6.038114343029078,,0
2023-12-15,2023-12-15,3,435dc567388f0b921f9f7345bdbe8684dcaebaeced0d76965eeb94da0dc2fcfb,v11_e2a10e8c6af1c0803ba4,False,False,False,513100,513100,513100,False,False,False,31.390509164839173,31.10371879871523,31.10371879871523,0.0,15,15,2778,6.038114343029078,,0
2023-12-18,2023-12-18,3,435dc567388f0b921f9f7345bdbe8684dcaebaeced0d76965eeb94da0dc2fcfb,v11_e2a10e8c6af1c0803ba4,False,False,False,513100,513100,513100,False,False,False,31.10371879871523,31.33836546190755,31.33836546190755,0.0,16,16,2778,6.038114343029078,,0
2023-12-19,2023-12-19,3,435dc567388f0b921f9f7345bdbe8684dcaebaeced0d76965eeb94da0dc2fcfb,v11_e2a10e8c6af1c0803ba4,False,False,False,513100,513100,513100,False,False,False,31.33836546190755,31.520868422168242,31.520868422168242,0.0,17,17,2778,6.063189568706109,,0
2023-12-20,2023-12-20,3,435dc567388f0b921f9f7345bdbe8684dcaebaeced0d76965eeb94da0dc2fcfb,v11_e2a10e8c6af1c0803ba4,False,False,False,513100,513100,513100,False,False,False,31.520868422168242,31.703371382428934,31.703371382428934,0.0,18,18,2778,6.098294884653952,,0
2023-12-21,2023-12-21,3,435dc567388f0b921f9f7345bdbe8684dcaebaeced0d76965eeb94da0dc2fcfb,v11_e2a10e8c6af1c0803ba4,False,False,False,513100,513100,513100,False,False,False,31.703371382428934,31.28622175897592,31.28622175897592,0.0,19,19,2778,6.098294884653952,,0
2023-12-22,2023-12-22,3,435dc567388f0b921f9f7345bdbe8684dcaebaeced0d76965eeb94da0dc2fcfb,v11_e2a10e8c6af1c0803ba4,False,False,False,513100,513100,513100,False,False,False,31.28622175897592,31.442652867770803,31.442652867770803,0.0,20,20,2778,6.098294884653952,,0
2023-12-25,2023-12-25,3,435dc567388f0b921f9f7345bdbe8684dcaebaeced0d76965eeb94da0dc2fcfb,v11_e2a10e8c6af1c0803ba4,False,False,False,513100,513100,513100,False,False,False,31.442652867770803,31.468724719236622,31.468724719236622,0.0,21,21,2778,6.098294884653952,,0
2023-12-26,2023-12-26,3,435dc567388f0b921f9f7345bdbe8684dcaebaeced0d76965eeb94da0dc2fcfb,v11_e2a10e8c6af1c0803ba4,False,False,False,513100,513100,513100,False,False,False,31.468724719236622,31.677299530963126,31.677299530963126,0.0,22,22,2778,6.098294884653952,,0
2023-12-27,2023-12-27,3,435dc567388f0b921f9f7345bdbe8684dcaebaeced0d76965eeb94da0dc2fcfb,v11_e2a10e8c6af1c0803ba4,False,False,False,513100,513100,513100,False,False,False,31.677299530963126,31.78158693682638,31.78158693682638,0.0,23,23,2778,6.113340020060172,,0
2023-12-28,2023-12-28,3,435dc567388f0b921f9f7345bdbe8684dcaebaeced0d76965eeb94da0dc2fcfb,v11_e2a10e8c6af1c0803ba4,False,False,False,513100,513100,513100,False,False,False,31.78158693682638,31.703371382428937,31.703371382428937,0.0,24,24,2778,6.113340020060172,,0
2023-12-29,2023-12-29,3,435dc567388f0b921f9f7345bdbe8684dcaebaeced0d76965eeb94da0dc2fcfb,v11_e2a10e8c6af1c0803ba4,False,False,False,513100,513100,513100,False,False,False,31.703371382428937,31.6251558280315,31.6251558280315,0.0,25,25,2778,6.113340020060172,,0
2024-01-02,2024-01-02,4,435dc567388f0b921f9f7345bdbe8684dcaebaeced0d76965eeb94da0dc2fcfb,v11_e2a10e8c6af1c0803ba4,False,False,False,513100,513100,513100,False,False,False,31.6251558280315,31.546940273634053,31.546940273634053,0.0,26,26,2778,6.113340020060172,,0
2024-01-03,2024-01-03,4,435dc567388f0b921f9f7345bdbe8684dcaebaeced0d76965eeb94da0dc2fcfb,v11_e2a10e8c6af1c0803ba4,False,False,False,513100,513100,513100,False,False,False,31.546940273634053,31.051575095783598,31.051575095783598,0.0,27,27,2778,6.113340020060172,,0
2024-01-04,2024-01-04,4,435dc567388f0b921f9f7345bdbe8684dcaebaeced0d76965eeb94da0dc2fcfb,v11_e2a10e8c6af1c0803ba4,False,False,False,513100,513100,513100,False,False,False,31.051575095783598,30.895143986988717,30.895143986988717,0.0,28,28,2778,6.113340020060172,,0
2024-01-05,2024-01-05,4,435dc567388f0b921f9f7345bdbe8684dcaebaeced0d76965eeb94da0dc2fcfb,v11_e2a10e8c6af1c0803ba4,False,False,False,513100,513100,513100,False,False,False,30.895143986988717,30.660497323796392,30.660497323796392,0.0,29,29,2778,6.113340020060172,,0
2024-01-08,2024-01-08,4,435dc567388f0b921f9f7345bdbe8684dcaebaeced0d76965eeb94da0dc2fcfb,v11_e2a10e8c6af1c0803ba4,False,False,False,513100,513100,513100,False,False,False,30.660497323796392,30.738712878193834,30.738712878193834,0.0,30,30,2778,6.113340020060172,,0
2024-01-09,2024-01-09,4,435dc567388f0b921f9f7345bdbe8684dcaebaeced0d76965eeb94da0dc2fcfb,v11_e2a10e8c6af1c0803ba4,False,False,False,513100,513100,513100,False,False,False,30.738712878193834,31.520868422168235,31.520868422168235,0.0,31,31,2778,6.113340020060172,,0
2024-01-10,2024-01-10,4,435dc567388f0b921f9f7345bdbe8684dcaebaeced0d76965eeb94da0dc2fcfb,v11_e2a10e8c6af1c0803ba4,False,False,False,513100,513100,513100,False,False,False,31.520868422168235,31.520868422168235,31.520868422168235,0.0,32,32,2778,6.113340020060172,,0
2024-01-11,2024-01-11,4,435dc567388f0b921f9f7345bdbe8684dcaebaeced0d76965eeb94da0dc2fcfb,v11_e2a10e8c6af1c0803ba4,False,False,False,513100,513100,513100,False,False,False,31.520868422168235,31.885874342689625,31.885874342689625,0.0,33,33,2778,6.133400200601796,,0
2024-01-12,2024-01-12,4,435dc567388f0b921f9f7345bdbe8684dcaebaeced0d76965eeb94da0dc2fcfb,v11_e2a10e8c6af1c0803ba4,False,False,False,513100,513100,513100,False,False,False,31.885874342689625,31.781586936826372,31.781586936826372,0.0,34,34,2778,6.133400200601796,,0
2024-01-15,2024-01-15,4,435dc567388f0b921f9f7345bdbe8684dcaebaeced0d76965eeb94da0dc2fcfb,v11_e2a10e8c6af1c0803ba4,False,False,False,513100,513100,513100,False,False,False,31.781586936826372,31.99016174855288,31.99016174855288,0.0,35,35,2778,6.15346038114342,,0
2024-01-16,2024-01-16,4,435dc567388f0b921f9f7345bdbe8684dcaebaeced0d76965eeb94da0dc2fcfb,v11_e2a10e8c6af1c0803ba4,False,False,False,513100,513100,513100,False,False,False,31.99016174855288,31.67729953096312,31.67729953096312,0.0,36,36,2778,6.15346038114342,,0
2024-01-17,2024-01-17,4,435dc567388f0b921f9f7345bdbe8684dcaebaeced0d76965eeb94da0dc2fcfb,v11_e2a10e8c6af1c0803ba4,False,False,False,513100,513100,513100,False,False,False,31.67729953096312,31.651227679497303,31.651227679497303,0.0,37,37,2778,6.15346038114342,,0
2024-01-18,2024-01-18,4,435dc567388f0b921f9f7345bdbe8684dcaebaeced0d76965eeb94da0dc2fcfb,v11_e2a10e8c6af1c0803ba4,False,False,False,513100,513100,513100,False,False,False,31.651227679497303,31.729443233894745,31.729443233894745,0.0,38,38,2778,6.15346038114342,,0
2024-01-19,2024-01-19,4,435dc567388f0b921f9f7345bdbe8684dcaebaeced0d76965eeb94da0dc2fcfb,v11_e2a10e8c6af1c0803ba4,False,False,False,513100,513100,513100,False,False,False,31.729443233894745,32.38123952054008,32.38123952054008,0.0,39,39,2778,6.228686058174513,,0
2024-01-22,2024-01-22,4,435dc567388f0b921f9f7345bdbe8684dcaebaeced0d76965eeb94da0dc2fcfb,v11_e2a10e8c6af1c0803ba4,False,False,False,513100,159915,159915,False,True,True,32.38123952054008,33.37196987624099,33.36529548226574,0.006674393975248198,40,0,2841,2.0363864491844286,,0
2024-01-23,2024-01-23,4,435dc567388f0b921f9f7345bdbe8684dcaebaeced0d76965eeb94da0dc2fcfb,v11_e2a10e8c6af1c0803ba4,False,False,False,159915,159915,159915,False,False,False,33.36529548226574,33.755893519334776,33.755893519334776,0.0,1,1,2841,2.0602258469259587,,0
2024-01-24,2024-01-24,4,435dc567388f0b921f9f7345bdbe8684dcaebaeced0d76965eeb94da0dc2fcfb,v11_e2a10e8c6af1c0803ba4,False,False,False,159915,159915,159915,False,False,False,33.755893519334776,33.920355850732264,33.920355850732264,0.0,2,2,2841,2.070263488080287,,0
2024-01-25,2024-01-25,4,435dc567388f0b921f9f7345bdbe8684dcaebaeced0d76965eeb94da0dc2fcfb,v11_e2a10e8c6af1c0803ba4,False,False,False,159915,159915,159915,False,False,False,33.920355850732264,34.43430063634942,34.43430063634942,0.0,3,3,2841,2.1016311166875643,,0
2024-01-26,2024-01-26,4,435dc567388f0b921f9f7345bdbe8684dcaebaeced0d76965eeb94da0dc2fcfb,v11_e2a10e8c6af1c0803ba4,False,False,False,159915,159915,159915,True,False,False,34.43430063634942,33.65310456221135,33.65310456221135,0.0,4,4,2841,2.1016311166875643,,0
2024-01-29,2024-01-29,4,435dc567388f0b921f9f7345bdbe8684dcaebaeced0d76965eeb94da0dc2fcfb,v11_e2a10e8c6af1c0803ba4,False,False,False,159915,513100,513100,True,False,True,33.65310456221135,32.481310451004234,32.47481418891403,0.006496262090200847,5,0,2841,6.379137412236701,,0
2024-01-30,2024-01-30,4,435dc567388f0b921f9f7345bdbe8684dcaebaeced0d76965eeb94da0dc2fcfb,v11_e2a10e8c6af1c0803ba4,False,False,False,513100,513100,513100,False,False,False,32.47481418891403,32.98542447490325,32.98542447490325,0.0,1,1,2841,6.479438314944826,,0
2024-01-31,2024-01-31,4,435dc567388f0b921f9f7345bdbe8684dcaebaeced0d76965eeb94da0dc2fcfb,v11_e2a10e8c6af1c0803ba4,False,False,False,513100,513120,513120,True,True,True,32.98542447490325,32.270570074518346,32.264115960503446,0.00645411401490367,2,0,2848,0.6500530222693535,,0
2024-02-01,2024-02-01,4,435dc567388f0b921f9f7345bdbe8684dcaebaeced0d76965eeb94da0dc2fcfb,v11_e2a10e8c6af1c0803ba4,False,False,False,513120,513120,513120,False,False,False,32.264115960503446,33.10624623027189,33.10624623027189,0.0,1,1,2848,0.6670201484623546,,0
2024-02-02,2024-02-02,4,435dc567388f0b921f9f7345bdbe8684dcaebaeced0d76965eeb94da0dc2fcfb,v11_e2a10e8c6af1c0803ba4,False,False,False,513120,513120,513120,True,False,False,33.10624623027189,31.527251974456064,31.527251974456064,0.0,2,2,2848,0.6670201484623546,,0
2024-02-05,2024-02-05,4,435dc567388f0b921f9f7345bdbe8684dcaebaeced0d76965eeb94da0dc2fcfb,v11_e2a10e8c6af1c0803ba4,False,False,False,513120,513120,513120,False,False,False,31.527251974456064,31.15881998143237,31.15881998143237,0.0,3,3,2848,0.6670201484623546,,0
2024-02-06,2024-02-06,4,435dc567388f0b921f9f7345bdbe8684dcaebaeced0d76965eeb94da0dc2fcfb,v11_e2a10e8c6af1c0803ba4,False,False,False,513120,513120,513120,False,False,False,31.15881998143237,33.474678223295584,33.474678223295584,0.0,4,4,2848,0.6744432661717925,,0
2024-02-07,2024-02-07,4,435dc567388f0b921f9f7345bdbe8684dcaebaeced0d76965eeb94da0dc2fcfb,v11_e2a10e8c6af1c0803ba4,False,False,False,513120,513100,513100,False,False,True,33.474678223295584,33.316778797714,33.31011544195446,0.0066633557595428,5,0,2848,6.414242728184546,,0
2024-02-08,2024-02-08,4,435dc567388f0b921f9f7345bdbe8684dcaebaeced0d76965eeb94da0dc2fcfb,v11_e2a10e8c6af1c0803ba4,False,False,False,513100,513100,513100,False,False,False,33.31011544195446,34.06538780146711,34.06538780146711,0.0,1,1,2848,6.559679037111327,,0
2024-02-19,2024-02-19,4,435dc567388f0b921f9f7345bdbe8684dcaebaeced0d76965eeb94da0dc2fcfb,v11_e2a10e8c6af1c0803ba4,False,False,False,513100,513100,513100,False,False,False,34.06538780146711,33.88308068020543,33.88308068020543,0.0,2,2,2848,6.559679037111327,,0
2024-02-20,2024-02-20,4,435dc567388f0b921f9f7345bdbe8684dcaebaeced0d76965eeb94da0dc2fcfb,v11_e2a10e8c6af1c0803ba4,False,False,False,513100,513100,513100,False,False,False,33.88308068020543,33.83099293127353,33.83099293127353,0.0,3,3,2848,6.559679037111327,,0
2024-02-21,2024-02-21,4,435dc567388f0b921f9f7345bdbe8684dcaebaeced0d76965eeb94da0dc2fcfb,v11_e2a10e8c6af1c0803ba4,False,False,False,513100,513100,513100,False,False,False,33.83099293127353,33.38824706535232,33.38824706535232,0.0,4,4,2848,6.559679037111327,,0
2024-02-22,2024-02-22,4,435dc567388f0b921f9f7345bdbe8684dcaebaeced0d76965eeb94da0dc2fcfb,v11_e2a10e8c6af1c0803ba4,False,False,False,513100,513100,513100,False,False,False,33.38824706535232,33.9612123036033,33.9612123036033,0.0,5,5,2848,6.559679037111327,,0
2024-02-23,2024-02-23,4,435dc567388f0b921f9f7345bdbe8684dcaebaeced0d76965eeb94da0dc2fcfb,v11_e2a10e8c6af1c0803ba4,False,False,False,513100,513100,513100,False,False,False,33.9612123036033,34.4039581695245,34.4039581695245,0.0,6,6,2848,6.624874623871607,,0
2024-02-26,2024-02-26,4,435dc567388f0b921f9f7345bdbe8684dcaebaeced0d76965eeb94da0dc2fcfb,v11_e2a10e8c6af1c0803ba4,False,False,False,513100,513100,513100,False,False,False,34.4039581695245,34.06538780146711,34.06538780146711,0.0,7,7,2848,6.624874623871607,,0
2024-02-27,2024-02-27,4,435dc567388f0b921f9f7345bdbe8684dcaebaeced0d76965eeb94da0dc2fcfb,v11_e2a10e8c6af1c0803ba4,False,False,False,513100,513100,513100,False,False,False,34.06538780146711,34.01330005253521,34.01330005253521,0.0,8,8,2848,6.624874623871607,,0
2024-02-28,2024-02-28,4,435dc567388f0b921f9f7345bdbe8684dcaebaeced0d76965eeb94da0dc2fcfb,v11_e2a10e8c6af1c0803ba4,False,False,False,513100,513100,513100,False,False,False,34.01330005253521,34.091431675933066,34.091431675933066,0.0,9,9,2848,6.624874623871607,,0
2024-02-29,2024-02-29,4,435dc567388f0b921f9f7345bdbe8684dcaebaeced0d76965eeb94da0dc2fcfb,v11_e2a10e8c6af1c0803ba4,False,False,False,513100,513100,513100,False,False,False,34.091431675933066,33.85703680573949,33.85703680573949,0.0,10,10,2848,6.624874623871607,,0
2024-03-01,2024-03-01,4,435dc567388f0b921f9f7345bdbe8684dcaebaeced0d76965eeb94da0dc2fcfb,v11_e2a10e8c6af1c0803ba4,False,False,False,513100,513100,513100,False,False,False,33.85703680573949,34.403958169524515,34.403958169524515,0.0,11,11,2848,6.624874623871608,,0
2024-03-04,2024-03-04,4,435dc567388f0b921f9f7345bdbe8684dcaebaeced0d76965eeb94da0dc2fcfb,v11_e2a10e8c6af1c0803ba4,False,False,False,513100,513100,513100,False,False,False,34.403958169524515,34.87274790991167,34.87274790991167,0.0,12,12,2848,6.715145436308919,,0
2024-03-05,2024-03-05,4,435dc567388f0b921f9f7345bdbe8684dcaebaeced0d76965eeb94da0dc2fcfb,v11_e2a10e8c6af1c0803ba4,False,False,False,513100,513100,513100,False,False,False,34.87274790991167,34.612309165252135,34.612309165252135,0.0,13,13,2848,6.715145436308919,,0
2024-03-06,2024-03-06,4,435dc567388f0b921f9f7345bdbe8684dcaebaeced0d76965eeb94da0dc2fcfb,v11_e2a10e8c6af1c0803ba4,False,False,False,513100,518880,518880,False,False,True,34.612309165252135,34.48208979292237,34.47519337496379,0.006896417958584475,14,0,2848,1.8370144706778366,,0
2024-03-07,2024-03-07,4,435dc567388f0b921f9f7345bdbe8684dcaebaeced0d76965eeb94da0dc2fcfb,v11_e2a10e8c6af1c0803ba4,False,False,False,518880,518880,518880,False,False,False,34.47519337496379,34.91113591142166,34.91113591142166,0.0,1,1,2848,1.8602437166793597,,0
2024-03-08,2024-03-08,4,435dc567388f0b921f9f7345bdbe8684dcaebaeced0d76965eeb94da0dc2fcfb,v11_e2a10e8c6af1c0803ba4,False,False,False,518880,518880,518880,False,False,False,34.91113591142166,34.88254951558836,34.88254951558836,0.0,2,2,2848,1.8602437166793597,,0
2024-03-11,2024-03-11,4,435dc567388f0b921f9f7345bdbe8684dcaebaeced0d76965eeb94da0dc2fcfb,v11_e2a10e8c6af1c0803ba4,False,False,False,518880,513120,513120,False,False,True,34.88254951558836,35.01118829683822,35.004186059178856,0.007002237659367644,3,0,2848,0.705196182396607,,0
2024-03-12,2024-03-12,4,435dc567388f0b921f9f7345bdbe8684dcaebaeced0d76965eeb94da0dc2fcfb,v11_e2a10e8c6af1c0803ba4,False,False,False,513120,513120,513120,False,False,False,35.004186059178856,36.267495029735684,36.267495029735684,0.0,1,1,2848,0.7306468716861085,,0
2024-03-13,2024-03-13,4,435dc567388f0b921f9f7345bdbe8684dcaebaeced0d76965eeb94da0dc2fcfb,v11_e2a10e8c6af1c0803ba4,False,False,False,513120,513120,513120,False,False,False,36.267495029735684,35.95166778709649,35.95166778709649,0.0,2,2,2848,0.7306468716861085,,0
2024-03-14,2024-03-14,4,435dc567388f0b921f9f7345bdbe8684dcaebaeced0d76965eeb94da0dc2fcfb,v11_e2a10e8c6af1c0803ba4,False,False,False,513120,513120,513120,False,False,False,35.95166778709649,36.7938737674677,36.7938737674677,0.0,3,3,2848,0.7412513255567342,,0
2024-03-15,2024-03-15,4,435dc567388f0b921f9f7345bdbe8684dcaebaeced0d76965eeb94da0dc2fcfb,v11_e2a10e8c6af1c0803ba4,False,False,False,513120,513120,513120,False,False,False,36.7938737674677,36.6885980199213,36.6885980199213,0.0,4,4,2848,0.7412513255567342,,0
2024-03-18,2024-03-18,4,435dc567388f0b921f9f7345bdbe8684dcaebaeced0d76965eeb94da0dc2fcfb,v11_e2a10e8c6af1c0803ba4,False,False,False,513120,512400,512400,False,False,True,36.6885980199213,36.89914951501411,36.89176968511111,0.007379829903002822,5,0,2848,0.9990347490347563,,0
2024-03-19,2024-03-19,4,435dc567388f0b921f9f7345bdbe8684dcaebaeced0d76965eeb94da0dc2fcfb,v11_e2a10e8c6af1c0803ba4,False,False,False,512400,518880,518880,False,False,True,36.89176968511111,36.64226013168524,36.634931679658905,0.007328452026337049,1,0,2848,1.854531607006854,,0
2024-03-20,2024-03-20,4,435dc567388f0b921f9f7345bdbe8684dcaebaeced0d76965eeb94da0dc2fcfb,v11_e2a10e8c6af1c0803ba4,False,False,False,518880,518880,518880,False,False,False,36.634931679658905,36.71015741206067,36.71015741206067,0.0,1,1,2848,1.858339680121858,,0
2024-03-21,2024-03-21,4,435dc567388f0b921f9f7345bdbe8684dcaebaeced0d76965eeb94da0dc2fcfb,v11_e2a10e8c6af1c0803ba4,False,False,False,518880,518880,518880,False,False,False,36.71015741206067,37.44736958959795,37.44736958959795,0.0,2,2,2848,1.8956587966488951,,0
2024-03-22,2024-03-22,4,435dc567388f0b921f9f7345bdbe8684dcaebaeced0d76965eeb94da0dc2fcfb,v11_e2a10e8c6af1c0803ba4,False,False,False,518880,518880,518880,False,False,False,37.44736958959795,37.20664724591231,37.20664724591231,0.0,3,3,2848,1.8956587966488951,,0
2024-03-25,2024-03-25,4,435dc567388f0b921f9f7345bdbe8684dcaebaeced0d76965eeb94da0dc2fcfb,v11_e2a10e8c6af1c0803ba4,False,False,False,518880,518880,518880,False,False,False,37.20664724591231,37.28187297831408,37.28187297831408,0.0,4,4,2848,1.8956587966488951,,0
2024-03-26,2024-03-26,4,435dc567388f0b921f9f7345bdbe8684dcaebaeced0d76965eeb94da0dc2fcfb,v11_e2a10e8c6af1c0803ba4,False,False,False,518880,518880,518880,False,False,False,37.28187297831408,37.35709871071584,37.35709871071584,0.0,5,5,2848,1.8956587966488951,,0
2024-03-27,2024-03-27,4,435dc567388f0b921f9f7345bdbe8684dcaebaeced0d76965eeb94da0dc2fcfb,v11_e2a10e8c6af1c0803ba4,False,False,False,518880,518880,518880,False,False,False,37.35709871071584,37.53764046848007,37.53764046848007,0.0,6,6,2848,1.9002284843868997,,0
2024-03-28,2024-03-28,4,435dc567388f0b921f9f7345bdbe8684dcaebaeced0d76965eeb94da0dc2fcfb,v11_e2a10e8c6af1c0803ba4,False,False,False,518880,518880,518880,False,False,False,37.53764046848007,37.831020824846945,37.831020824846945,0.0,7,7,2848,1.9150799695354146,,0
2024-03-29,2024-03-29,4,435dc567388f0b921f9f7345bdbe8684dcaebaeced0d76965eeb94da0dc2fcfb,v11_e2a10e8c6af1c0803ba4,False,False,False,518880,518880,518880,False,False,False,37.831020824846945,38.56071042914406,38.56071042914406,0.0,8,8,2848,1.9520182787509517,,0
2024-04-01,2024-04-01,4,435dc567388f0b921f9f7345bdbe8684dcaebaeced0d76965eeb94da0dc2fcfb,v11_e2a10e8c6af1c0803ba4,False,False,False,518880,512400,512400,False,False,True,38.56071042914406,38.77886505310917,38.77110928009855,0.007755773010621835,9,0,2848,1.0299227799227872,,0
2024-04-02,2024-04-02,4,435dc567388f0b921f9f7345bdbe8684dcaebaeced0d76965eeb94da0dc2fcfb,v11_e2a10e8c6af1c0803ba4,False,False,False,512400,518880,518880,False,False,True,38.77110928009855,39.170811437625346,39.16297727533782,0.00783416228752507,1,0,2848,1.964584920030464,,0
2024-04-03,2024-04-03,4,435dc567388f0b921f9f7345bdbe8684dcaebaeced0d76965eeb94da0dc2fcfb,v11_e2a10e8c6af1c0803ba4,False,False,False,518880,518880,518880,False,False,False,39.16297727533782,39.70954334702309,39.70954334702309,0.0,1,1,2848,1.9920030464584912,,0
2024-04-08,2024-04-08,4,435dc567388f0b921f9f7345bdbe8684dcaebaeced0d76965eeb94da0dc2fcfb,v11_e2a10e8c6af1c0803ba4,False,False,False,518880,518880,518880,False,False,False,39.70954334702309,40.64326038615211,40.64326038615211,0.0,2,2,2848,2.038842345773038,,0
2024-04-09,2024-04-09,4,435dc567388f0b921f9f7345bdbe8684dcaebaeced0d76965eeb94da0dc2fcfb,v11_e2a10e8c6af1c0803ba4,False,False,False,518880,518880,518880,False,False,False,40.64326038615211,40.75712831775321,40.75712831775321,0.0,3,3,2848,2.0445544554455437,,0
2024-04-10,2024-04-10,4,435dc567388f0b921f9f7345bdbe8684dcaebaeced0d76965eeb94da0dc2fcfb,v11_e2a10e8c6af1c0803ba4,False,False,False,518880,518880,518880,False,False,False,40.75712831775321,40.9013610311146,40.9013610311146,0.0,4,4,2848,2.051789794364051,,0
2024-04-11,2024-04-11,4,435dc567388f0b921f9f7345bdbe8684dcaebaeced0d76965eeb94da0dc2fcfb,v11_e2a10e8c6af1c0803ba4,False,False,False,518880,518880,518880,False,False,False,40.9013610311146,40.59771321351166,40.59771321351166,0.0,5,5,2848,2.051789794364051,,0
2024-04-12,2024-04-12,4,435dc567388f0b921f9f7345bdbe8684dcaebaeced0d76965eeb94da0dc2fcfb,v11_e2a10e8c6af1c0803ba4,False,False,False,518880,518880,518880,False,False,False,40.59771321351166,41.78193970216308,41.78193970216308,0.0,6,6,2848,2.0959634424980944,,0
2024-04-15,2024-04-15,4,435dc567388f0b921f9f7345bdbe8684dcaebaeced0d76965eeb94da0dc2fcfb,v11_e2a10e8c6af1c0803ba4,False,False,False,518880,518880,518880,False,False,False,41.78193970216308,41.1215056988767,41.1215056988767,0.0,7,7,2848,2.0959634424980944,,0
2024-04-16,2024-04-16,4,435dc567388f0b921f9f7345bdbe8684dcaebaeced0d76965eeb94da0dc2fcfb,v11_e2a10e8c6af1c0803ba4,False,False,False,518880,518880,518880,False,False,False,41.1215056988767,41.38719753927926,41.38719753927926,0.0,8,8,2848,2.0959634424980944,,0
2024-04-17,2024-04-17,4,435dc567388f0b921f9f7345bdbe8684dcaebaeced0d76965eeb94da0dc2fcfb,v11_e2a10e8c6af1c0803ba4,False,False,False,518880,518880,518880,False,False,False,41.38719753927926,41.45551829823993,41.45551829823993,0.0,9,9,2848,2.0959634424980944,,0
2024-04-18,2024-04-18,4,435dc567388f0b921f9f7345bdbe8684dcaebaeced0d76965eeb94da0dc2fcfb,v11_e2a10e8c6af1c0803ba4,False,False,False,518880,518880,518880,False,False,False,41.45551829823993,41.33405917119875,41.33405917119875,0.0,10,10,2848,2.0959634424980944,,0
2024-04-19,2024-04-19,4,435dc567388f0b921f9f7345bdbe8684dcaebaeced0d76965eeb94da0dc2fcfb,v11_e2a10e8c6af1c0803ba4,False,False,False,518880,513120,513120,False,True,True,41.33405917119875,41.531430252640654,41.52312396659013,0.008306286050528132,11,0,2897,0.6118769883351012,,0
2024-04-22,2024-04-22,4,435dc567388f0b921f9f7345bdbe8684dcaebaeced0d76965eeb94da0dc2fcfb,v11_e2a10e8c6af1c0803ba4,False,False,False,513120,513120,513120,False,False,False,41.52312396659013,42.818472721180456,42.818472721180456,0.0,1,1,2897,0.6309650053022273,,0
2024-04-23,2024-04-23,4,435dc567388f0b921f9f7345bdbe8684dcaebaeced0d76965eeb94da0dc2fcfb,v11_e2a10e8c6af1c0803ba4,False,False,False,513120,513120,513120,False,False,False,42.818472721180456,43.897930016672404,43.897930016672404,0.0,2,2,2897,0.6468716861081659,,0
2024-04-24,2024-04-24,4,435dc567388f0b921f9f7345bdbe8684dcaebaeced0d76965eeb94da0dc2fcfb,v11_e2a10e8c6af1c0803ba4,False,False,False,513120,513120,513120,False,False,False,43.897930016672404,44.83345967276542,44.83345967276542,0.0,3,3,2897,0.6606574761399793,,0
2024-04-25,2024-04-25,4,435dc567388f0b921f9f7345bdbe8684dcaebaeced0d76965eeb94da0dc2fcfb,v11_e2a10e8c6af1c0803ba4,False,False,False,513120,513120,513120,False,False,False,44.83345967276542,45.48113405006059,45.48113405006059,0.0,4,4,2897,0.6702014846235423,,0
2024-04-26,2024-04-26,4,435dc567388f0b921f9f7345bdbe8684dcaebaeced0d76965eeb94da0dc2fcfb,v11_e2a10e8c6af1c0803ba4,False,False,False,513120,510300,510300,False,False,True,45.48113405006059,46.34469988645415,46.33543094647686,0.00926893997729083,5,0,2897,1.6555105858657087,,0
2024-04-29,2024-04-29,4,435dc567388f0b921f9f7345bdbe8684dcaebaeced0d76965eeb94da0dc2fcfb,v11_e2a10e8c6af1c0803ba4,False,False,False,510300,510300,510300,False,False,False,46.33543094647686,46.89306417645126,46.89306417645126,0.0,1,1,2897,1.6754341669438577,,0
2024-04-30,2024-04-30,4,435dc567388f0b921f9f7345bdbe8684dcaebaeced0d76965eeb94da0dc2fcfb,v11_e2a10e8c6af1c0803ba4,False,False,False,510300,510300,510300,False,False,False,46.89306417645126,46.65963631274105,46.65963631274105,0.0,2,2,2897,1.6754341669438577,,0
2024-05-06,2024-05-06,4,435dc567388f0b921f9f7345bdbe8684dcaebaeced0d76965eeb94da0dc2fcfb,v11_e2a10e8c6af1c0803ba4,False,False,False,510300,513120,513120,False,False,True,46.65963631274105,47.30804704526942,47.29858543586037,0.009461609409053884,3,0,2897,0.7168610816542953,,0
2024-05-07,2024-05-07,4,435dc567388f0b921f9f7345bdbe8684dcaebaeced0d76965eeb94da0dc2fcfb,v11_e2a10e8c6af1c0803ba4,False,False,False,513120,513120,513120,False,False,False,47.29858543586037,46.668870541004246,46.668870541004246,0.0,1,1,2897,0.7168610816542953,,0
2024-05-08,2024-05-08,4,435dc567388f0b921f9f7345bdbe8684dcaebaeced0d76965eeb94da0dc2fcfb,v11_e2a10e8c6af1c0803ba4,False,False,False,513120,513120,513120,False,False,False,46.668870541004246,46.528933897702885,46.528933897702885,0.0,2,2,2897,0.7168610816542953,,0
2024-05-09,2024-05-09,4,435dc567388f0b921f9f7345bdbe8684dcaebaeced0d76965eeb94da0dc2fcfb,v11_e2a10e8c6af1c0803ba4,False,False,False,513120,513120,513120,False,False,False,46.528933897702885,48.208173617319225,48.208173617319225,0.0,3,3,2897,0.7306468716861086,,0
2024-05-10,2024-05-10,4,435dc567388f0b921f9f7345bdbe8684dcaebaeced0d76965eeb94da0dc2fcfb,v11_e2a10e8c6af1c0803ba4,False,False,False,513120,513120,513120,False,False,False,48.208173617319225,48.69795186887399,48.69795186887399,0.0,4,4,2897,0.7380699893955466,,0
2024-05-13,2024-05-13,4,435dc567388f0b921f9f7345bdbe8684dcaebaeced0d76965eeb94da0dc2fcfb,v11_e2a10e8c6af1c0803ba4,False,False,False,513120,513120,513120,False,False,False,48.69795186887399,48.20817361731922,48.20817361731922,0.0,5,5,2897,0.7380699893955466,,0
2024-05-14,2024-05-14,4,435dc567388f0b921f9f7345bdbe8684dcaebaeced0d76965eeb94da0dc2fcfb,v11_e2a10e8c6af1c0803ba4,False,False,False,513120,513120,513120,False,False,False,48.20817361731922,48.41807858227126,48.41807858227126,0.0,6,6,2897,0.7380699893955466,,0
2024-05-15,2024-05-15,4,435dc567388f0b921f9f7345bdbe8684dcaebaeced0d76965eeb94da0dc2fcfb,v11_e2a10e8c6af1c0803ba4,False,False,False,513120,513120,513120,False,False,False,48.41807858227126,47.50849040081241,47.50849040081241,0.0,7,7,2897,0.7380699893955466,,0
2024-05-16,2024-05-16,4,435dc567388f0b921f9f7345bdbe8684dcaebaeced0d76965eeb94da0dc2fcfb,v11_e2a10e8c6af1c0803ba4,False,False,False,513120,513120,513120,False,False,False,47.50849040081241,48.06823697401786,48.06823697401786,0.0,8,8,2897,0.7380699893955466,,0
2024-05-17,2024-05-17,4,435dc567388f0b921f9f7345bdbe8684dcaebaeced0d76965eeb94da0dc2fcfb,v11_e2a10e8c6af1c0803ba4,False,False,False,513120,513120,513120,False,False,False,48.06823697401786,48.06823697401786,48.06823697401786,0.0,9,9,2897,0.7380699893955466,,0
2024-05-20,2024-05-20,4,435dc567388f0b921f9f7345bdbe8684dcaebaeced0d76965eeb94da0dc2fcfb,v11_e2a10e8c6af1c0803ba4,False,False,False,513120,513120,513120,False,False,False,48.06823697401786,48.41807858227125,48.41807858227125,0.0,10,10,2897,0.7380699893955466,,0
2024-05-21,2024-05-21,4,435dc567388f0b921f9f7345bdbe8684dcaebaeced0d76965eeb94da0dc2fcfb,v11_e2a10e8c6af1c0803ba4,False,False,False,513120,513100,513100,True,False,True,48.41807858227125,46.73883886265491,46.72949109488238,0.009347767772530982,11,0,2897,6.840521564694082,,0
2024-05-22,2024-05-22,4,435dc567388f0b921f9f7345bdbe8684dcaebaeced0d76965eeb94da0dc2fcfb,v11_e2a10e8c6af1c0803ba4,False,False,False,513100,513100,513100,False,False,False,46.72949109488238,46.900786883353355,46.900786883353355,0.0,1,1,2897,6.865596790371113,,0
2024-05-23,2024-05-23,4,435dc567388f0b921f9f7345bdbe8684dcaebaeced0d76965eeb94da0dc2fcfb,v11_e2a10e8c6af1c0803ba4,False,False,False,513100,513100,513100,False,False,False,46.900786883353355,47.31189677568369,47.31189677568369,0.0,2,2,2897,6.925777331995986,,0
2024-05-24,2024-05-24,4,435dc567388f0b921f9f7345bdbe8684dcaebaeced0d76965eeb94da0dc2fcfb,v11_e2a10e8c6af1c0803ba4,False,False,False,513100,513120,513120,False,True,True,47.31189677568369,46.523936148717205,46.51463136148746,0.009304787229743441,3,0,2919,0.6648992576882293,,0
2024-05-27,2024-05-27,4,435dc567388f0b921f9f7345bdbe8684dcaebaeced0d76965eeb94da0dc2fcfb,v11_e2a10e8c6af1c0803ba4,False,False,False,513120,513120,513120,False,False,False,46.51463136148746,47.108119480932274,47.108119480932274,0.0,1,1,2919,0.6733828207847298,,0
2024-05-28,2024-05-28,4,435dc567388f0b921f9f7345bdbe8684dcaebaeced0d76965eeb94da0dc2fcfb,v11_e2a10e8c6af1c0803ba4,False,False,False,513120,513120,513120,False,False,False,47.108119480932274,47.18230549586288,47.18230549586288,0.0,2,2,2919,0.6744432661717924,,0
2024-05-29,2024-05-29,4,435dc567388f0b921f9f7345bdbe8684dcaebaeced0d76965eeb94da0dc2fcfb,v11_e2a10e8c6af1c0803ba4,False,False,False,513120,513120,513120,False,False,False,47.18230549586288,45.99532925697324,45.99532925697324,0.0,3,3,2919,0.6744432661717924,,0
2024-05-30,2024-05-30,4,435dc567388f0b921f9f7345bdbe8684dcaebaeced0d76965eeb94da0dc2fcfb,v11_e2a10e8c6af1c0803ba4,False,False,False,513120,513120,513120,False,False,False,45.99532925697324,45.77277121218143,45.77277121218143,0.0,4,4,2919,0.6744432661717924,,0
2024-05-31,2024-05-31,4,435dc567388f0b921f9f7345bdbe8684dcaebaeced0d76965eeb94da0dc2fcfb,v11_e2a10e8c6af1c0803ba4,False,False,False,513120,512890,512890,False,False,True,45.77277121218143,46.51463136148745,46.505328435215155,0.009302926272297491,5,0,2919,2.1635094715852468,,0
2024-06-03,2024-06-03,4,435dc567388f0b921f9f7345bdbe8684dcaebaeced0d76965eeb94da0dc2fcfb,v11_e2a10e8c6af1c0803ba4,False,False,False,512890,512890,512890,False,False,False,46.505328435215155,45.90525968121238,45.90525968121238,0.0,1,1,2919,2.1635094715852468,,0
2024-06-04,2024-06-04,4,435dc567388f0b921f9f7345bdbe8684dcaebaeced0d76965eeb94da0dc2fcfb,v11_e2a10e8c6af1c0803ba4,False,False,False,512890,512890,512890,False,False,False,45.90525968121238,46.11956995049909,46.11956995049909,0.0,2,2,2919,2.1635094715852468,,0
2024-06-05,2024-06-05,4,435dc567388f0b921f9f7345bdbe8684dcaebaeced0d76965eeb94da0dc2fcfb,v11_e2a10e8c6af1c0803ba4,False,False,False,512890,513100,513100,False,False,True,46.11956995049909,45.43377708878163,45.42469033336388,0.009086755417756326,3,0,2919,6.850551654964892,,0
2024-06-06,2024-06-06,4,435dc567388f0b921f9f7345bdbe8684dcaebaeced0d76965eeb94da0dc2fcfb,v11_e2a10e8c6af1c0803ba4,False,False,False,513100,513100,513100,False,False,False,45.42469033336388,46.32254292414047,46.32254292414047,0.0,1,1,2919,6.98595787362086,,0
2024-06-07,2024-06-07,4,435dc567388f0b921f9f7345bdbe8684dcaebaeced0d76965eeb94da0dc2fcfb,v11_e2a10e8c6af1c0803ba4,False,False,False,513100,513100,513100,False,False,False,46.32254292414047,46.35579672379886,46.35579672379886,0.0,2,2,2919,6.990972918756266,,0
2024-06-11,2024-06-11,4,435dc567388f0b921f9f7345bdbe8684dcaebaeced0d76965eeb94da0dc2fcfb,v11_e2a10e8c6af1c0803ba4,False,False,False,513100,513100,513100,False,False,False,46.35579672379886,46.38905052345725,46.38905052345725,0.0,3,3,2919,6.995987963891673,,0
2024-06-12,2024-06-12,4,435dc567388f0b921f9f7345bdbe8684dcaebaeced0d76965eeb94da0dc2fcfb,v11_e2a10e8c6af1c0803ba4,False,False,False,513100,513100,513100,False,False,False,46.38905052345725,46.82134991901634,46.82134991901634,0.0,4,4,2919,7.061183550651953,,0
2024-06-13,2024-06-13,4,435dc567388f0b921f9f7345bdbe8684dcaebaeced0d76965eeb94da0dc2fcfb,v11_e2a10e8c6af1c0803ba4,False,False,False,513100,513100,513100,False,False,False,46.82134991901634,47.75245630945133,47.75245630945133,0.0,5,5,2919,7.2016048144433285,,0
2024-06-14,2024-06-14,4,435dc567388f0b921f9f7345bdbe8684dcaebaeced0d76965eeb94da0dc2fcfb,v11_e2a10e8c6af1c0803ba4,False,False,False,513100,513100,513100,False,False,False,47.75245630945133,47.71920250979294,47.71920250979294,0.0,6,6,2919,7.2016048144433285,,0
2024-06-17,2024-06-17,4,435dc567388f0b921f9f7345bdbe8684dcaebaeced0d76965eeb94da0dc2fcfb,v11_e2a10e8c6af1c0803ba4,False,False,False,513100,513100,513100,False,False,False,47.71920250979294,47.9187253077433,47.9187253077433,0.0,7,7,2919,7.226680040120361,,0
2024-06-18,2024-06-18,4,435dc567388f0b921f9f7345bdbe8684dcaebaeced0d76965eeb94da0dc2fcfb,v11_e2a10e8c6af1c0803ba4,False,False,False,513100,513100,513100,False,False,False,47.9187253077433,48.55054750125275,48.55054750125275,0.0,8,8,2919,7.3219658976930795,,0
2024-06-19,2024-06-19,4,435dc567388f0b921f9f7345bdbe8684dcaebaeced0d76965eeb94da0dc2fcfb,v11_e2a10e8c6af1c0803ba4,False,False,False,513100,513100,513100,False,False,False,48.55054750125275,48.61705510056954,48.61705510056954,0.0,9,9,2919,7.331995987963892,,0
2024-06-20,2024-06-20,4,435dc567388f0b921f9f7345bdbe8684dcaebaeced0d76965eeb94da0dc2fcfb,v11_e2a10e8c6af1c0803ba4,False,False,False,513100,513100,513100,False,False,False,48.61705510056954,48.94959309715346,48.94959309715346,0.0,10,10,2919,7.382146439317954,,0
2024-06-21,2024-06-21,4,435dc567388f0b921f9f7345bdbe8684dcaebaeced0d76965eeb94da0dc2fcfb,v11_e2a10e8c6af1c0803ba4,False,False,False,513100,513100,513100,False,False,False,48.94959309715346,48.218009504668835,48.218009504668835,0.0,11,11,2919,7.382146439317954,,0
2024-06-24,2024-06-24,4,435dc567388f0b921f9f7345bdbe8684dcaebaeced0d76965eeb94da0dc2fcfb,v11_e2a10e8c6af1c0803ba4,False,False,False,513100,513100,513100,False,False,False,48.218009504668835,48.01848670671848,48.01848670671848,0.0,12,12,2919,7.382146439317954,,0
2024-06-25,2024-06-25,4,435dc567388f0b921f9f7345bdbe8684dcaebaeced0d76965eeb94da0dc2fcfb,v11_e2a10e8c6af1c0803ba4,False,False,False,513100,513100,513100,False,False,False,48.01848670671848,47.51967971184259,47.51967971184259,0.0,13,13,2919,7.382146439317954,,0
2024-06-26,2024-06-26,4,435dc567388f0b921f9f7345bdbe8684dcaebaeced0d76965eeb94da0dc2fcfb,v11_e2a10e8c6af1c0803ba4,False,False,False,513100,513100,513100,False,False,False,47.51967971184259,48.41753230261918,48.41753230261918,0.0,14,14,2919,7.382146439317954,,0
2024-06-27,2024-06-27,4,435dc567388f0b921f9f7345bdbe8684dcaebaeced0d76965eeb94da0dc2fcfb,v11_e2a10e8c6af1c0803ba4,False,False,False,513100,513100,513100,False,False,False,48.41753230261918,48.3842785029608,48.3842785029608,0.0,15,15,2919,7.382146439317954,,0
2024-06-28,2024-06-28,4,435dc567388f0b921f9f7345bdbe8684dcaebaeced0d76965eeb94da0dc2fcfb,v11_e2a10e8c6af1c0803ba4,False,False,False,513100,513100,513100,False,False,False,48.3842785029608,49.04935449612864,49.04935449612864,0.0,16,16,2919,7.3971915747241725,,0
2024-07-01,2024-07-01,4,435dc567388f0b921f9f7345bdbe8684dcaebaeced0d76965eeb94da0dc2fcfb,v11_e2a10e8c6af1c0803ba4,False,False,False,513100,513100,513100,False,False,False,49.04935449612864,48.98284689681186,48.98284689681186,0.0,17,17,2919,7.3971915747241725,,0
2024-07-02,2024-07-02,4,435dc567388f0b921f9f7345bdbe8684dcaebaeced0d76965eeb94da0dc2fcfb,v11_e2a10e8c6af1c0803ba4,False,False,False,513100,513100,513100,False,False,False,48.98284689681186,49.01610069647024,49.01610069647024,0.0,18,18,2919,7.3971915747241725,,0
2024-07-03,2024-07-03,4,435dc567388f0b921f9f7345bdbe8684dcaebaeced0d76965eeb94da0dc2fcfb,v11_e2a10e8c6af1c0803ba4,False,False,False,513100,513100,513100,False,False,False,49.01610069647024,49.91395328724683,49.91395328724683,0.0,19,19,2919,7.527582748244732,,0
2024-07-04,2024-07-04,4,435dc567388f0b921f9f7345bdbe8684dcaebaeced0d76965eeb94da0dc2fcfb,v11_e2a10e8c6af1c0803ba4,False,False,False,513100,513100,513100,False,False,False,49.91395328724683,50.21323748417236,50.21323748417236,0.0,20,20,2919,7.572718154463389,,0
2024-07-05,2024-07-05,4,435dc567388f0b921f9f7345bdbe8684dcaebaeced0d76965eeb94da0dc2fcfb,v11_e2a10e8c6af1c0803ba4,False,False,False,513100,513100,513100,False,False,False,50.21323748417236,50.84505967768182,50.84505967768182,0.0,21,21,2919,7.668004012036107,,0
2024-07-08,2024-07-08,4,435dc567388f0b921f9f7345bdbe8684dcaebaeced0d76965eeb94da0dc2fcfb,v11_e2a10e8c6af1c0803ba4,False,False,False,513100,513100,513100,False,False,False,50.84505967768182,51.60989706982484,51.60989706982484,0.0,22,22,2919,7.7833500501504504,,0
2024-07-09,2024-07-09,4,435dc567388f0b921f9f7345bdbe8684dcaebaeced0d76965eeb94da0dc2fcfb,v11_e2a10e8c6af1c0803ba4,False,False,False,513100,513100,513100,False,False,False,51.60989706982484,52.141957864359114,52.141957864359114,0.0,23,23,2919,7.863590772316949,,0
2024-07-10,2024-07-10,4,435dc567388f0b921f9f7345bdbe8684dcaebaeced0d76965eeb94da0dc2fcfb,v11_e2a10e8c6af1c0803ba4,False,False,False,513100,513100,513100,False,False,False,52.141957864359114,51.47688187119127,51.47688187119127,0.0,24,24,2919,7.863590772316949,,0
2024-07-11,2024-07-11,4,435dc567388f0b921f9f7345bdbe8684dcaebaeced0d76965eeb94da0dc2fcfb,v11_e2a10e8c6af1c0803ba4,False,False,False,513100,513100,513100,False,False,False,51.47688187119127,51.70965846880001,51.70965846880001,0.0,25,25,2919,7.863590772316949,,0
2024-07-12,2024-07-12,4,435dc567388f0b921f9f7345bdbe8684dcaebaeced0d76965eeb94da0dc2fcfb,v11_e2a10e8c6af1c0803ba4,False,False,False,513100,512400,512400,True,False,True,51.70965846880001,49.61466909032129,49.60474615650323,0.009922933818064259,26,0,2919,0.9951737451737523,,0
2024-07-15,2024-07-15,4,435dc567388f0b921f9f7345bdbe8684dcaebaeced0d76965eeb94da0dc2fcfb,v11_e2a10e8c6af1c0803ba4,False,False,False,512400,512400,512400,False,False,False,49.60474615650323,49.94153880742033,49.94153880742033,0.0,1,1,2919,1.0019305019305091,,0
2024-07-16,2024-07-16,4,435dc567388f0b921f9f7345bdbe8684dcaebaeced0d76965eeb94da0dc2fcfb,v11_e2a10e8c6af1c0803ba4,False,False,False,512400,512400,512400,False,False,False,49.94153880742033,50.37455793002802,50.37455793002802,0.0,2,2,2919,1.0106177606177678,,0
2024-07-17,2024-07-17,4,435dc567388f0b921f9f7345bdbe8684dcaebaeced0d76965eeb94da0dc2fcfb,v11_e2a10e8c6af1c0803ba4,False,False,False,512400,512400,512400,False,False,False,50.37455793002802,49.07550056220495,49.07550056220495,0.0,3,3,2919,1.0106177606177678,,0
2024-07-18,2024-07-18,4,435dc567388f0b921f9f7345bdbe8684dcaebaeced0d76965eeb94da0dc2fcfb,v11_e2a10e8c6af1c0803ba4,False,False,False,512400,512400,512400,False,False,False,49.07550056220495,49.027387326359644,49.027387326359644,0.0,4,4,2919,1.0106177606177678,,0
2024-07-19,2024-07-19,4,435dc567388f0b921f9f7345bdbe8684dcaebaeced0d76965eeb94da0dc2fcfb,v11_e2a10e8c6af1c0803ba4,False,False,False,512400,510300,510300,False,False,True,49.027387326359644,48.209462316989566,48.199820424526166,0.009641892463397913,5,0,2919,1.6680207414264072,,0
2024-07-22,2024-07-22,4,435dc567388f0b921f9f7345bdbe8684dcaebaeced0d76965eeb94da0dc2fcfb,v11_e2a10e8c6af1c0803ba4,False,False,False,510300,510300,510300,False,False,False,48.199820424526166,47.8115440933286,47.8115440933286,0.0,1,1,2919,1.6680207414264072,,0
2024-07-23,2024-07-23,4,435dc567388f0b921f9f7345bdbe8684dcaebaeced0d76965eeb94da0dc2fcfb,v11_e2a10e8c6af1c0803ba4,False,False,False,510300,510300,510300,False,False,False,47.8115440933286,46.8743253628517,46.8743253628517,0.0,2,2,2919,1.6680207414264072,,0
2024-07-24,2024-07-24,4,435dc567388f0b921f9f7345bdbe8684dcaebaeced0d76965eeb94da0dc2fcfb,v11_e2a10e8c6af1c0803ba4,False,False,False,510300,513120,513120,False,False,True,46.8743253628517,46.57977090470182,46.570454950520876,0.009315954180940365,3,0,2919,0.6574761399787912,,0
2024-07-25,2024-07-25,4,435dc567388f0b921f9f7345bdbe8684dcaebaeced0d76965eeb94da0dc2fcfb,v11_e2a10e8c6af1c0803ba4,False,False,False,513120,513120,513120,False,False,False,46.570454950520876,46.044659491402086,46.044659491402086,0.0,1,1,2919,0.6574761399787912,,0
2024-07-26,2024-07-26,4,435dc567388f0b921f9f7345bdbe8684dcaebaeced0d76965eeb94da0dc2fcfb,v11_e2a10e8c6af1c0803ba4,False,False,False,513120,513120,513120,False,False,False,46.044659491402086,46.42022767648693,46.42022767648693,0.0,2,2,2919,0.6574761399787912,,0
2024-07-29,2024-07-29,4,435dc567388f0b921f9f7345bdbe8684dcaebaeced0d76965eeb94da0dc2fcfb,v11_e2a10e8c6af1c0803ba4,False,False,False,513120,513120,513120,False,False,False,46.42022767648693,46.34511403946996,46.34511403946996,0.0,3,3,2919,0.6574761399787912,,0
2024-07-30,2024-07-30,4,435dc567388f0b921f9f7345bdbe8684dcaebaeced0d76965eeb94da0dc2fcfb,v11_e2a10e8c6af1c0803ba4,False,False,False,513120,518880,518880,False,False,True,46.34511403946996,45.669091306317235,45.65995748805597,0.009133818261263447,4,0,2919,2.0540746382330517,,0
2024-07-31,2024-07-31,4,435dc567388f0b921f9f7345bdbe8684dcaebaeced0d76965eeb94da0dc2fcfb,v11_e2a10e8c6af1c0803ba4,False,False,False,518880,518880,518880,False,False,False,45.65995748805597,46.01548552188956,46.01548552188956,0.0,1,1,2919,2.070068545316068,,0
2024-08-01,2024-08-01,4,435dc567388f0b921f9f7345bdbe8684dcaebaeced0d76965eeb94da0dc2fcfb,v11_e2a10e8c6af1c0803ba4,False,False,False,518880,518880,518880,False,False,False,46.01548552188956,46.387943462096175,46.387943462096175,0.0,2,2,2919,2.086824067022085,,0
2024-08-02,2024-08-02,4,435dc567388f0b921f9f7345bdbe8684dcaebaeced0d76965eeb94da0dc2fcfb,v11_e2a10e8c6af1c0803ba4,False,False,False,518880,518880,518880,False,False,False,46.387943462096175,46.59956729175902,46.59956729175902,0.0,3,3,2919,2.096344249809594,,0
2024-08-05,2024-08-05,4,435dc567388f0b921f9f7345bdbe8684dcaebaeced0d76965eeb94da0dc2fcfb,v11_e2a10e8c6af1c0803ba4,False,False,False,518880,513120,513120,True,False,True,46.59956729175902,45.42293879883359,45.413854211073826,0.009084587759766718,4,0,2919,0.6542948038176033,,0
2024-08-06,2024-08-06,4,435dc567388f0b921f9f7345bdbe8684dcaebaeced0d76965eeb94da0dc2fcfb,v11_e2a10e8c6af1c0803ba4,False,False,False,513120,513120,513120,False,False,False,45.413854211073826,46.95954454888995,46.95954454888995,0.0,1,1,2919,0.6765641569459171,,0
2024-08-07,2024-08-07,4,435dc567388f0b921f9f7345bdbe8684dcaebaeced0d76965eeb94da0dc2fcfb,v11_e2a10e8c6af1c0803ba4,False,False,False,513120,513120,513120,False,False,False,46.95954454888995,47.180357454292256,47.180357454292256,0.0,2,2,2919,0.6797454931071049,,0
2024-08-08,2024-08-08,4,435dc567388f0b921f9f7345bdbe8684dcaebaeced0d76965eeb94da0dc2fcfb,v11_e2a10e8c6af1c0803ba4,False,False,False,513120,513120,513120,False,False,False,47.180357454292256,47.47477466149533,47.47477466149533,0.0,3,3,2919,0.6839872746553551,,0
2024-08-09,2024-08-09,4,435dc567388f0b921f9f7345bdbe8684dcaebaeced0d76965eeb94da0dc2fcfb,v11_e2a10e8c6af1c0803ba4,False,False,False,513120,513120,513120,False,False,False,47.47477466149533,47.47477466149533,47.47477466149533,0.0,4,4,2919,0.6839872746553551,,0
2024-08-12,2024-08-12,4,435dc567388f0b921f9f7345bdbe8684dcaebaeced0d76965eeb94da0dc2fcfb,v11_e2a10e8c6af1c0803ba4,False,False,False,513120,513120,513120,False,False,False,47.47477466149533,48.137213377702246,48.137213377702246,0.0,5,5,2919,0.6935312831389183,,0
2024-08-13,2024-08-13,4,435dc567388f0b921f9f7345bdbe8684dcaebaeced0d76965eeb94da0dc2fcfb,v11_e2a10e8c6af1c0803ba4,False,False,False,513120,513120,513120,False,False,False,48.137213377702246,48.137213377702246,48.137213377702246,0.0,6,6,2919,0.6935312831389183,,0
2024-08-14,2024-08-14,4,435dc567388f0b921f9f7345bdbe8684dcaebaeced0d76965eeb94da0dc2fcfb,v11_e2a10e8c6af1c0803ba4,False,False,False,513120,513120,513120,False,False,False,48.137213377702246,47.10675315249149,47.10675315249149,0.0,7,7,2919,0.6935312831389183,,0
2024-08-15,2024-08-15,4,435dc567388f0b921f9f7345bdbe8684dcaebaeced0d76965eeb94da0dc2fcfb,v11_e2a10e8c6af1c0803ba4,False,False,False,513120,513120,513120,False,False,False,47.10675315249149,47.695587566897636,47.695587566897636,0.0,8,8,2919,0.6935312831389183,,0
2024-08-16,2024-08-16,4,435dc567388f0b921f9f7345bdbe8684dcaebaeced0d76965eeb94da0dc2fcfb,v11_e2a10e8c6af1c0803ba4,False,False,False,513120,513120,513120,False,False,False,47.695587566897636,48.578839188506855,48.578839188506855,0.0,9,9,2919,0.6998939554612936,,0
2024-08-19,2024-08-19,4,435dc567388f0b921f9f7345bdbe8684dcaebaeced0d76965eeb94da0dc2fcfb,v11_e2a10e8c6af1c0803ba4,False,False,False,513120,513120,513120,False,False,False,48.578839188506855,48.50523488670609,48.50523488670609,0.0,10,10,2919,0.6998939554612936,,0
2024-08-20,2024-08-20,4,435dc567388f0b921f9f7345bdbe8684dcaebaeced0d76965eeb94da0dc2fcfb,v11_e2a10e8c6af1c0803ba4,False,False,False,513120,513120,513120,False,False,False,48.50523488670609,48.06360907590148,48.06360907590148,0.0,11,11,2919,0.6998939554612936,,0
2024-08-21,2024-08-21,4,435dc567388f0b921f9f7345bdbe8684dcaebaeced0d76965eeb94da0dc2fcfb,v11_e2a10e8c6af1c0803ba4,False,False,False,513120,513120,513120,False,False,False,48.06360907590148,47.695587566897636,47.695587566897636,0.0,12,12,2919,0.6998939554612936,,0
2024-08-22,2024-08-22,4,435dc567388f0b921f9f7345bdbe8684dcaebaeced0d76965eeb94da0dc2fcfb,v11_e2a10e8c6af1c0803ba4,False,False,False,513120,513120,513120,False,False,False,47.695587566897636,46.95954454888995,46.95954454888995,0.0,13,13,2919,0.6998939554612936,,0
2024-08-23,2024-08-23,4,435dc567388f0b921f9f7345bdbe8684dcaebaeced0d76965eeb94da0dc2fcfb,v11_e2a10e8c6af1c0803ba4,False,False,False,513120,518880,518880,True,False,True,46.95954454888995,45.855480021878435,45.84630892587406,0.009171096004375687,14,0,2919,2.0959634424980935,,0
2024-08-26,2024-08-26,4,435dc567388f0b921f9f7345bdbe8684dcaebaeced0d76965eeb94da0dc2fcfb,v11_e2a10e8c6af1c0803ba4,False,False,False,518880,518880,518880,False,False,False,45.84630892587406,46.129516502814425,46.129516502814425,0.0,1,1,2919,2.108910891089107,,0
2024-08-27,2024-08-27,4,435dc567388f0b921f9f7345bdbe8684dcaebaeced0d76965eeb94da0dc2fcfb,v11_e2a10e8c6af1c0803ba4,False,False,False,518880,518880,518880,False,False,False,46.129516502814425,46.09619796435084,46.09619796435084,0.0,2,2,2919,2.108910891089107,,0
2024-08-28,2024-08-28,4,435dc567388f0b921f9f7345bdbe8684dcaebaeced0d76965eeb94da0dc2fcfb,v11_e2a10e8c6af1c0803ba4,False,False,False,518880,518880,518880,False,False,False,46.09619796435084,46.04622015665548,46.04622015665548,0.0,3,3,2919,2.108910891089107,,0
2024-08-29,2024-08-29,4,435dc567388f0b921f9f7345bdbe8684dcaebaeced0d76965eeb94da0dc2fcfb,v11_e2a10e8c6af1c0803ba4,False,False,False,518880,518880,518880,False,False,False,46.04622015665548,46.10452759896674,46.10452759896674,0.0,4,4,2919,2.108910891089107,,0
2024-08-30,2024-08-30,4,435dc567388f0b921f9f7345bdbe8684dcaebaeced0d76965eeb94da0dc2fcfb,v11_e2a10e8c6af1c0803ba4,False,False,False,518880,518880,518880,False,False,False,46.10452759896674,45.99624234896013,45.99624234896013,0.0,5,5,2919,2.108910891089107,,0
2024-09-02,2024-09-02,4,435dc567388f0b921f9f7345bdbe8684dcaebaeced0d76965eeb94da0dc2fcfb,v11_e2a10e8c6af1c0803ba4,False,False,False,518880,513100,513100,False,False,True,45.99624234896013,45.738023675867446,45.72887607113228,0.00914760473517349,6,0,2919,7.166499498495487,,0
2024-09-03,2024-09-03,4,435dc567388f0b921f9f7345bdbe8684dcaebaeced0d76965eeb94da0dc2fcfb,v11_e2a10e8c6af1c0803ba4,False,False,False,513100,513100,513100,False,False,False,45.72887607113228,45.79287729726403,45.79287729726403,0.0,1,1,2919,7.1765295887663,,0
2024-09-04,2024-09-04,4,435dc567388f0b921f9f7345bdbe8684dcaebaeced0d76965eeb94da0dc2fcfb,v11_e2a10e8c6af1c0803ba4,False,False,False,513100,513120,513120,True,False,True,45.79287729726403,43.39283131732357,43.38415275106011,0.008678566263464714,2,0,2919,0.6797454931071046,,0
2024-09-05,2024-09-05,4,435dc567388f0b921f9f7345bdbe8684dcaebaeced0d76965eeb94da0dc2fcfb,v11_e2a10e8c6af1c0803ba4,False,False,False,513120,513120,513120,False,False,False,43.38415275106011,43.58719870777333,43.58719870777333,0.0,1,1,2919,0.6829268292682923,,0
2024-09-06,2024-09-06,4,435dc567388f0b921f9f7345bdbe8684dcaebaeced0d76965eeb94da0dc2fcfb,v11_e2a10e8c6af1c0803ba4,False,False,False,513120,518880,518880,False,False,True,43.58719870777333,42.97806083763364,42.96946522546612,0.00859561216752673,2,0,2919,2.100913937547599,,0
2024-09-09,2024-09-09,4,435dc567388f0b921f9f7345bdbe8684dcaebaeced0d76965eeb94da0dc2fcfb,v11_e2a10e8c6af1c0803ba4,False,False,False,518880,518880,518880,False,False,False,42.96946522546612,42.65792297260792,42.65792297260792,0.0,1,1,2919,2.100913937547599,,0
2024-09-10,2024-09-10,4,435dc567388f0b921f9f7345bdbe8684dcaebaeced0d76965eeb94da0dc2fcfb,v11_e2a10e8c6af1c0803ba4,False,False,False,518880,518880,518880,False,False,False,42.65792297260792,42.93831100018029,42.93831100018029,0.0,2,2,2919,2.100913937547599,,0
2024-09-11,2024-09-11,4,435dc567388f0b921f9f7345bdbe8684dcaebaeced0d76965eeb94da0dc2fcfb,v11_e2a10e8c6af1c0803ba4,False,False,False,518880,518880,518880,False,False,False,42.93831100018029,43.16417913350248,43.16417913350248,0.0,3,3,2919,2.1104341203351082,,0
2024-09-12,2024-09-12,4,435dc567388f0b921f9f7345bdbe8684dcaebaeced0d76965eeb94da0dc2fcfb,v11_e2a10e8c6af1c0803ba4,False,False,False,518880,518880,518880,False,False,False,43.16417913350248,43.07850501396647,43.07850501396647,0.0,4,4,2919,2.1104341203351082,,0
2024-09-13,2024-09-13,4,435dc567388f0b921f9f7345bdbe8684dcaebaeced0d76965eeb94da0dc2fcfb,v11_e2a10e8c6af1c0803ba4,False,False,False,518880,518880,518880,False,False,False,43.07850501396647,43.701589519682855,43.701589519682855,0.0,5,5,2919,2.1367098248286345,,0
2024-09-18,2024-09-18,4,435dc567388f0b921f9f7345bdbe8684dcaebaeced0d76965eeb94da0dc2fcfb,v11_e2a10e8c6af1c0803ba4,False,False,False,518880,518880,518880,False,False,False,43.701589519682855,43.68601240703995,43.68601240703995,0.0,6,6,2919,2.1367098248286345,,0
2024-09-19,2024-09-19,4,435dc567388f0b921f9f7345bdbe8684dcaebaeced0d76965eeb94da0dc2fcfb,v11_e2a10e8c6af1c0803ba4,False,False,False,518880,513120,513120,False,False,True,43.68601240703995,43.615915400146854,43.607192217066824,0.008723183080029371,7,0,2919,0.7147401908801693,,0
2024-09-20,2024-09-20,4,435dc567388f0b921f9f7345bdbe8684dcaebaeced0d76965eeb94da0dc2fcfb,v11_e2a10e8c6af1c0803ba4,False,False,False,513120,513120,513120,False,False,False,43.607192217066824,43.93068770829136,43.93068770829136,0.0,1,1,2919,0.7200424178154822,,0
2024-09-23,2024-09-23,4,435dc567388f0b921f9f7345bdbe8684dcaebaeced0d76965eeb94da0dc2fcfb,v11_e2a10e8c6af1c0803ba4,False,False,False,513120,513120,513120,False,False,False,43.93068770829136,43.86598861004646,43.86598861004646,0.0,2,2,2919,0.7200424178154822,,0
2024-09-24,2024-09-24,4,435dc567388f0b921f9f7345bdbe8684dcaebaeced0d76965eeb94da0dc2fcfb,v11_e2a10e8c6af1c0803ba4,False,False,False,513120,513120,513120,False,False,False,43.86598861004646,44.25418319951589,44.25418319951589,0.0,3,3,2919,0.7253446447507951,,0
2024-09-25,2024-09-25,4,435dc567388f0b921f9f7345bdbe8684dcaebaeced0d76965eeb94da0dc2fcfb,v11_e2a10e8c6af1c0803ba4,False,False,False,513120,513120,513120,False,False,False,44.25418319951589,44.44828049425061,44.44828049425061,0.0,4,4,2919,0.7285259809119827,,0
2024-09-26,2024-09-26,4,435dc567388f0b921f9f7345bdbe8684dcaebaeced0d76965eeb94da0dc2fcfb,v11_e2a10e8c6af1c0803ba4,False,False,False,513120,513120,513120,False,False,False,44.44828049425061,45.677563360903825,45.677563360903825,0.0,5,5,2919,0.7486744432661714,,0
2024-09-27,2024-09-27,4,435dc567388f0b921f9f7345bdbe8684dcaebaeced0d76965eeb94da0dc2fcfb,v11_e2a10e8c6af1c0803ba4,False,False,False,513120,513120,513120,False,False,False,45.677563360903825,48.97721737139405,48.97721737139405,0.0,6,6,2919,0.8027571580063623,,0
2024-09-30,2024-09-30,4,435dc567388f0b921f9f7345bdbe8684dcaebaeced0d76965eeb94da0dc2fcfb,v11_e2a10e8c6af1c0803ba4,False,False,False,513120,513120,513120,False,False,False,48.97721737139405,53.7649506415171,53.7649506415171,0.0,7,7,2919,0.881230116648992,,0
2024-10-08,2024-10-08,4,435dc567388f0b921f9f7345bdbe8684dcaebaeced0d76965eeb94da0dc2fcfb,v11_e2a10e8c6af1c0803ba4,False,False,False,513120,513120,513120,False,False,False,53.7649506415171,55.25302990114995,55.25302990114995,0.0,8,8,2919,0.905620360551431,,0
2024-10-09,2024-10-09,4,435dc567388f0b921f9f7345bdbe8684dcaebaeced0d76965eeb94da0dc2fcfb,v11_e2a10e8c6af1c0803ba4,False,False,False,513120,510500,510500,True,False,True,55.25302990114995,51.30638490821067,51.29612363122903,0.010261276981642134,9,0,2919,1.9713974094278595,,0
2024-10-10,2024-10-10,4,435dc567388f0b921f9f7345bdbe8684dcaebaeced0d76965eeb94da0dc2fcfb,v11_e2a10e8c6af1c0803ba4,False,False,False,510500,510500,510500,False,False,False,51.29612363122903,50.648688333819685,50.648688333819685,0.0,1,1,2919,1.9713974094278595,,0
2024-10-11,2024-10-11,4,435dc567388f0b921f9f7345bdbe8684dcaebaeced0d76965eeb94da0dc2fcfb,v11_e2a10e8c6af1c0803ba4,False,False,False,510500,510500,510500,False,False,False,50.648688333819685,48.610142059544344,48.610142059544344,0.0,2,2,2919,1.9713974094278595,,0
2024-10-14,2024-10-14,4,435dc567388f0b921f9f7345bdbe8684dcaebaeced0d76965eeb94da0dc2fcfb,v11_e2a10e8c6af1c0803ba4,False,False,False,510500,588080,588080,False,False,True,48.610142059544344,49.80877227231568,49.79881051786122,0.009961754454463137,3,0,2919,0.654934437543134,,0
2024-10-15,2024-10-15,4,435dc567388f0b921f9f7345bdbe8684dcaebaeced0d76965eeb94da0dc2fcfb,v11_e2a10e8c6af1c0803ba4,False,False,False,588080,588080,588080,False,False,False,49.79881051786122,48.38198450734252,48.38198450734252,0.0,1,1,2919,0.654934437543134,,0
2024-10-16,2024-10-16,4,435dc567388f0b921f9f7345bdbe8684dcaebaeced0d76965eeb94da0dc2fcfb,v11_e2a10e8c6af1c0803ba4,False,False,False,588080,588080,588080,False,False,False,48.38198450734252,47.070108571677046,47.070108571677046,0.0,2,2,2919,0.654934437543134,,0
2024-10-17,2024-10-17,4,435dc567388f0b921f9f7345bdbe8684dcaebaeced0d76965eeb94da0dc2fcfb,v11_e2a10e8c6af1c0803ba4,False,False,False,588080,588080,588080,False,False,False,47.070108571677046,47.280008721383524,47.280008721383524,0.0,3,3,2919,0.654934437543134,,0
2024-10-18,2024-10-18,4,435dc567388f0b921f9f7345bdbe8684dcaebaeced0d76965eeb94da0dc2fcfb,v11_e2a10e8c6af1c0803ba4,False,False,False,588080,588080,588080,False,False,False,47.280008721383524,53.15721291316482,53.15721291316482,0.0,4,4,2919,0.699102829537613,,0
2024-10-21,2024-10-21,4,435dc567388f0b921f9f7345bdbe8684dcaebaeced0d76965eeb94da0dc2fcfb,v11_e2a10e8c6af1c0803ba4,False,False,False,588080,588080,588080,False,False,False,53.15721291316482,53.734438324857635,53.734438324857635,0.0,5,5,2919,0.7066942719116642,,0
2024-10-22,2024-10-22,4,435dc567388f0b921f9f7345bdbe8684dcaebaeced0d76965eeb94da0dc2fcfb,v11_e2a10e8c6af1c0803ba4,False,False,False,588080,588080,588080,False,False,False,53.734438324857635,52.999787800884974,52.999787800884974,0.0,6,6,2919,0.7066942719116642,,0
2024-10-23,2024-10-23,4,435dc567388f0b921f9f7345bdbe8684dcaebaeced0d76965eeb94da0dc2fcfb,v11_e2a10e8c6af1c0803ba4,False,False,False,588080,588080,588080,False,False,False,52.999787800884974,52.68493757632526,52.68493757632526,0.0,7,7,2919,0.7066942719116642,,0
2024-10-24,2024-10-24,4,435dc567388f0b921f9f7345bdbe8684dcaebaeced0d76965eeb94da0dc2fcfb,v11_e2a10e8c6af1c0803ba4,False,False,False,588080,588080,588080,False,False,False,52.68493757632526,52.5275124640454,52.5275124640454,0.0,8,8,2919,0.7066942719116642,,0
2024-10-25,2024-10-25,4,435dc567388f0b921f9f7345bdbe8684dcaebaeced0d76965eeb94da0dc2fcfb,v11_e2a10e8c6af1c0803ba4,False,False,False,588080,588080,588080,False,False,False,52.5275124640454,53.41958810029793,53.41958810029793,0.0,9,9,2919,0.7066942719116642,,0
2024-10-28,2024-10-28,4,435dc567388f0b921f9f7345bdbe8684dcaebaeced0d76965eeb94da0dc2fcfb,v11_e2a10e8c6af1c0803ba4,False,False,False,588080,510500,510500,False,False,True,53.41958810029793,52.947312763458356,52.93672330090567,0.010589462552691671,10,0,2919,2.00905671521942,,0
2024-10-29,2024-10-29,4,435dc567388f0b921f9f7345bdbe8684dcaebaeced0d76965eeb94da0dc2fcfb,v11_e2a10e8c6af1c0803ba4,False,False,False,510500,510500,510500,False,False,False,52.93672330090567,52.41400084487999,52.41400084487999,0.0,1,1,2919,2.00905671521942,,0
2024-10-30,2024-10-30,4,435dc567388f0b921f9f7345bdbe8684dcaebaeced0d76965eeb94da0dc2fcfb,v11_e2a10e8c6af1c0803ba4,False,False,False,510500,510500,510500,False,False,False,52.41400084487999,52.573475492481045,52.573475492481045,0.0,2,2,2919,2.00905671521942,,0
2024-10-31,2024-10-31,4,435dc567388f0b921f9f7345bdbe8684dcaebaeced0d76965eeb94da0dc2fcfb,v11_e2a10e8c6af1c0803ba4,False,False,False,510500,563300,563300,False,False,True,52.573475492481045,53.15821586701825,53.147584223844845,0.01063164317340365,3,0,2919,1.042596348884381,,0
2024-11-01,2024-11-01,4,435dc567388f0b921f9f7345bdbe8684dcaebaeced0d76965eeb94da0dc2fcfb,v11_e2a10e8c6af1c0803ba4,False,False,False,563300,563300,563300,False,False,False,53.147584223844845,50.7176849451282,50.7176849451282,0.0,1,1,2919,1.042596348884381,,0
2024-11-04,2024-11-04,4,435dc567388f0b921f9f7345bdbe8684dcaebaeced0d76965eeb94da0dc2fcfb,v11_e2a10e8c6af1c0803ba4,False,False,False,563300,563300,563300,False,False,False,50.7176849451282,52.113584530773934,52.113584530773934,0.0,2,2,2919,1.042596348884381,,0
2024-11-05,2024-11-05,4,435dc567388f0b921f9f7345bdbe8684dcaebaeced0d76965eeb94da0dc2fcfb,v11_e2a10e8c6af1c0803ba4,False,False,False,563300,563300,563300,False,False,False,52.113584530773934,53.61288408572675,53.61288408572675,0.0,3,3,2919,1.051724137931034,,0
2024-11-06,2024-11-06,4,435dc567388f0b921f9f7345bdbe8684dcaebaeced0d76965eeb94da0dc2fcfb,v11_e2a10e8c6af1c0803ba4,False,False,False,563300,563300,563300,False,False,False,53.61288408572675,54.28498388622285,54.28498388622285,0.0,4,4,2919,1.064908722109533,,0
2024-11-07,2024-11-07,4,435dc567388f0b921f9f7345bdbe8684dcaebaeced0d76965eeb94da0dc2fcfb,v11_e2a10e8c6af1c0803ba4,False,False,False,563300,563300,563300,False,False,False,54.28498388622285,55.525783517907946,55.525783517907946,0.0,5,5,2919,1.089249492900608,,0
2024-11-08,2024-11-08,4,435dc567388f0b921f9f7345bdbe8684dcaebaeced0d76965eeb94da0dc2fcfb,v11_e2a10e8c6af1c0803ba4,False,False,False,563300,563300,563300,False,False,False,55.525783517907946,55.68088347186857,55.68088347186857,0.0,6,6,2919,1.0922920892494923,,0
2024-11-11,2024-11-11,4,435dc567388f0b921f9f7345bdbe8684dcaebaeced0d76965eeb94da0dc2fcfb,v11_e2a10e8c6af1c0803ba4,False,False,False,563300,563300,563300,False,False,False,55.68088347186857,57.02508307286075,57.02508307286075,0.0,7,7,2919,1.1186612576064903,,0
2024-11-12,2024-11-12,4,435dc567388f0b921f9f7345bdbe8684dcaebaeced0d76965eeb94da0dc2fcfb,v11_e2a10e8c6af1c0803ba4,False,False,False,563300,563300,563300,False,False,False,57.02508307286075,55.99108337978984,55.99108337978984,0.0,8,8,2919,1.1186612576064903,,0
2024-11-13,2024-11-13,4,435dc567388f0b921f9f7345bdbe8684dcaebaeced0d76965eeb94da0dc2fcfb,v11_e2a10e8c6af1c0803ba4,False,False,False,563300,563300,563300,False,False,False,55.99108337978984,56.197883318404024,56.197883318404024,0.0,9,9,2919,1.1186612576064903,,0
2024-11-14,2024-11-14,4,435dc567388f0b921f9f7345bdbe8684dcaebaeced0d76965eeb94da0dc2fcfb,v11_e2a10e8c6af1c0803ba4,False,False,False,563300,563300,563300,False,False,False,56.197883318404024,54.38838385552994,54.38838385552994,0.0,10,10,2919,1.1186612576064903,,0
2024-11-15,2024-11-15,4,435dc567388f0b921f9f7345bdbe8684dcaebaeced0d76965eeb94da0dc2fcfb,v11_e2a10e8c6af1c0803ba4,False,False,False,563300,563300,563300,False,False,False,54.38838385552994,53.5611841010732,53.5611841010732,0.0,11,11,2919,1.1186612576064903,,0
2024-11-18,2024-11-18,4,435dc567388f0b921f9f7345bdbe8684dcaebaeced0d76965eeb94da0dc2fcfb,v11_e2a10e8c6af1c0803ba4,False,False,False,563300,563300,563300,False,False,False,53.5611841010732,51.80338462285265,51.80338462285265,0.0,12,12,2919,1.1186612576064903,,0
2024-11-19,2024-11-19,4,435dc567388f0b921f9f7345bdbe8684dcaebaeced0d76965eeb94da0dc2fcfb,v11_e2a10e8c6af1c0803ba4,False,False,False,563300,563300,563300,False,False,False,51.80338462285265,53.40608414711255,53.40608414711255,0.0,13,13,2919,1.1186612576064903,,0
2024-11-20,2024-11-20,4,435dc567388f0b921f9f7345bdbe8684dcaebaeced0d76965eeb94da0dc2fcfb,v11_e2a10e8c6af1c0803ba4,False,False,False,563300,563300,563300,False,False,False,53.40608414711255,54.853683717411826,54.853683717411826,0.0,14,14,2919,1.1186612576064903,,0
2024-11-21,2024-11-21,4,435dc567388f0b921f9f7345bdbe8684dcaebaeced0d76965eeb94da0dc2fcfb,v11_e2a10e8c6af1c0803ba4,False,False,False,563300,563300,563300,False,False,False,54.853683717411826,54.853683717411826,54.853683717411826,0.0,15,15,2919,1.1186612576064903,,0
2024-11-22,2024-11-22,4,435dc567388f0b921f9f7345bdbe8684dcaebaeced0d76965eeb94da0dc2fcfb,v11_e2a10e8c6af1c0803ba4,False,False,False,563300,563300,563300,False,False,False,54.853683717411826,53.19928420849837,53.19928420849837,0.0,16,16,2919,1.1186612576064903,,0
2024-11-25,2024-11-25,4,435dc567388f0b921f9f7345bdbe8684dcaebaeced0d76965eeb94da0dc2fcfb,v11_e2a10e8c6af1c0803ba4,False,False,False,563300,513100,513100,False,False,True,53.19928420849837,53.97478397830155,53.963989021505895,0.010794956795660312,17,0,2919,7.7031093279839515,,0
2024-11-26,2024-11-26,4,435dc567388f0b921f9f7345bdbe8684dcaebaeced0d76965eeb94da0dc2fcfb,v11_e2a10e8c6af1c0803ba4,False,False,False,513100,513100,513100,False,False,False,53.963989021505895,53.963989021505895,53.963989021505895,0.0,1,1,2919,7.7031093279839515,,0
2024-11-27,2024-11-27,4,435dc567388f0b921f9f7345bdbe8684dcaebaeced0d76965eeb94da0dc2fcfb,v11_e2a10e8c6af1c0803ba4,False,False,False,513100,513100,513100,False,False,False,53.963989021505895,54.104520242916074,54.104520242916074,0.0,2,2,2919,7.723169508525577,,0
2024-11-28,2024-11-28,4,435dc567388f0b921f9f7345bdbe8684dcaebaeced0d76965eeb94da0dc2fcfb,v11_e2a10e8c6af1c0803ba4,False,False,False,513100,513100,513100,False,False,False,54.104520242916074,53.788324994743185,53.788324994743185,0.0,3,3,2919,7.723169508525577,,0
2024-11-29,2024-11-29,4,435dc567388f0b921f9f7345bdbe8684dcaebaeced0d76965eeb94da0dc2fcfb,v11_e2a10e8c6af1c0803ba4,False,False,False,513100,513100,513100,False,False,False,53.788324994743185,53.823457800095724,53.823457800095724,0.0,4,4,2919,7.723169508525577,,0
2024-12-02,2024-12-02,4,435dc567388f0b921f9f7345bdbe8684dcaebaeced0d76965eeb94da0dc2fcfb,v11_e2a10e8c6af1c0803ba4,False,False,False,513100,563300,563300,False,False,True,53.823457800095724,54.10452024291607,54.09369933886749,0.010820904048583213,5,0,2919,1.116632860040567,,0
2024-12-03,2024-12-03,4,435dc567388f0b921f9f7345bdbe8684dcaebaeced0d76965eeb94da0dc2fcfb,v11_e2a10e8c6af1c0803ba4,False,False,False,563300,563300,563300,False,False,False,54.09369933886749,54.0445679134916,54.0445679134916,0.0,1,1,2919,1.116632860040567,,0
2024-12-04,2024-12-04,4,435dc567388f0b921f9f7345bdbe8684dcaebaeced0d76965eeb94da0dc2fcfb,v11_e2a10e8c6af1c0803ba4,False,False,False,563300,563300,563300,False,False,False,54.0445679134916,53.25846510747718,53.25846510747718,0.0,2,2,2919,1.116632860040567,,0
2024-12-05,2024-12-05,4,435dc567388f0b921f9f7345bdbe8684dcaebaeced0d76965eeb94da0dc2fcfb,v11_e2a10e8c6af1c0803ba4,False,False,False,563300,513100,513100,False,False,True,53.25846510747718,54.33935646574702,54.328488594453866,0.010867871293149403,3,0,2919,7.968906720160482,,0
2024-12-06,2024-12-06,4,435dc567388f0b921f9f7345bdbe8684dcaebaeced0d76965eeb94da0dc2fcfb,v11_e2a10e8c6af1c0803ba4,False,False,False,513100,513100,513100,False,False,False,54.328488594453866,54.15753677382941,54.15753677382941,0.0,1,1,2919,7.968906720160482,,0
2024-12-09,2024-12-09,4,435dc567388f0b921f9f7345bdbe8684dcaebaeced0d76965eeb94da0dc2fcfb,v11_e2a10e8c6af1c0803ba4,False,False,False,513100,513100,513100,False,False,False,54.15753677382941,55.046486241076614,55.046486241076614,0.0,2,2,2919,8.074222668004014,,0
2024-12-10,2024-12-10,4,435dc567388f0b921f9f7345bdbe8684dcaebaeced0d76965eeb94da0dc2fcfb,v11_e2a10e8c6af1c0803ba4,False,False,False,513100,513100,513100,False,False,False,55.046486241076614,54.60201150745302,54.60201150745302,0.0,3,3,2919,8.074222668004014,,0
2024-12-11,2024-12-11,4,435dc567388f0b921f9f7345bdbe8684dcaebaeced0d76965eeb94da0dc2fcfb,v11_e2a10e8c6af1c0803ba4,False,False,False,513100,513100,513100,False,False,False,54.60201150745302,54.46525005095345,54.46525005095345,0.0,4,4,2919,8.074222668004014,,0
2024-12-12,2024-12-12,4,435dc567388f0b921f9f7345bdbe8684dcaebaeced0d76965eeb94da0dc2fcfb,v11_e2a10e8c6af1c0803ba4,False,False,False,513100,513100,513100,False,False,False,54.46525005095345,55.28581878995086,55.28581878995086,0.0,5,5,2919,8.109327983951857,,0
2024-12-13,2024-12-13,4,435dc567388f0b921f9f7345bdbe8684dcaebaeced0d76965eeb94da0dc2fcfb,v11_e2a10e8c6af1c0803ba4,False,False,False,513100,513100,513100,False,False,False,55.28581878995086,55.696103159449564,55.696103159449564,0.0,6,6,2919,8.169508525576731,,0
2024-12-16,2024-12-16,4,435dc567388f0b921f9f7345bdbe8684dcaebaeced0d76965eeb94da0dc2fcfb,v11_e2a10e8c6af1c0803ba4,False,False,False,513100,513100,513100,False,False,False,55.696103159449564,56.37991044194741,56.37991044194741,0.0,7,7,2919,8.269809428284855,,0
2024-12-17,2024-12-17,4,435dc567388f0b921f9f7345bdbe8684dcaebaeced0d76965eeb94da0dc2fcfb,v11_e2a10e8c6af1c0803ba4,False,False,False,513100,513100,513100,False,False,False,56.37991044194741,56.8585755396959,56.8585755396959,0.0,8,8,2919,8.340020060180542,,0
2024-12-18,2024-12-18,4,435dc567388f0b921f9f7345bdbe8684dcaebaeced0d76965eeb94da0dc2fcfb,v11_e2a10e8c6af1c0803ba4,False,False,False,513100,513100,513100,False,False,False,56.8585755396959,57.23466954506971,57.23466954506971,0.0,9,9,2919,8.39518555667001,,0
2024-12-19,2024-12-19,4,435dc567388f0b921f9f7345bdbe8684dcaebaeced0d76965eeb94da0dc2fcfb,v11_e2a10e8c6af1c0803ba4,False,False,False,513100,512890,512890,True,False,True,57.23466954506971,55.730293523574446,55.719147464869735,0.01114605870471489,10,0,2919,2.2093718843469645,,0
2024-12-20,2024-12-20,4,435dc567388f0b921f9f7345bdbe8684dcaebaeced0d76965eeb94da0dc2fcfb,v11_e2a10e8c6af1c0803ba4,False,False,False,512890,512890,512890,False,False,False,55.719147464869735,55.36713119027218,55.36713119027218,0.0,1,1,2919,2.2093718843469645,,0
2024-12-23,2024-12-23,4,435dc567388f0b921f9f7345bdbe8684dcaebaeced0d76965eeb94da0dc2fcfb,v11_e2a10e8c6af1c0803ba4,False,False,False,512890,512890,512890,False,False,False,55.36713119027218,55.6185713864133,55.6185713864133,0.0,2,2,2919,2.2093718843469645,,0
2024-12-24,2024-12-24,4,435dc567388f0b921f9f7345bdbe8684dcaebaeced0d76965eeb94da0dc2fcfb,v11_e2a10e8c6af1c0803ba4,False,False,False,512890,513100,513100,False,False,True,55.6185713864133,56.07116373946729,56.0599495067194,0.011214232747893458,3,0,2919,8.264794383149447,,0
2024-12-25,2024-12-25,4,435dc567388f0b921f9f7345bdbe8684dcaebaeced0d76965eeb94da0dc2fcfb,v11_e2a10e8c6af1c0803ba4,False,False,False,513100,513100,513100,False,False,False,56.0599495067194,56.70627174010998,56.70627174010998,0.0,1,1,2919,8.360080240722166,,0
2024-12-26,2024-12-26,4,435dc567388f0b921f9f7345bdbe8684dcaebaeced0d76965eeb94da0dc2fcfb,v11_e2a10e8c6af1c0803ba4,False,False,False,513100,513100,513100,False,False,False,56.70627174010998,56.94439045767493,56.94439045767493,0.0,2,2,2919,8.395185556670008,,0
2024-12-27,2024-12-27,4,435dc567388f0b921f9f7345bdbe8684dcaebaeced0d76965eeb94da0dc2fcfb,v11_e2a10e8c6af1c0803ba4,False,False,False,513100,513100,513100,False,False,False,56.94439045767493,56.53618694184931,56.53618694184931,0.0,3,3,2919,8.395185556670008,,0
2024-12-30,2024-12-30,4,435dc567388f0b921f9f7345bdbe8684dcaebaeced0d76965eeb94da0dc2fcfb,v11_e2a10e8c6af1c0803ba4,False,False,False,513100,513100,513100,False,False,False,56.53618694184931,55.75379686985019,55.75379686985019,0.0,4,4,2919,8.395185556670008,,0
2024-12-31,2024-12-31,4,435dc567388f0b921f9f7345bdbe8684dcaebaeced0d76965eeb94da0dc2fcfb,v11_e2a10e8c6af1c0803ba4,False,False,False,513100,513100,513100,False,False,False,55.75379686985019,55.413627273328835,55.413627273328835,0.0,5,5,2919,8.395185556670008,,0
2025-01-02,2025-01-02,4,435dc567388f0b921f9f7345bdbe8684dcaebaeced0d76965eeb94da0dc2fcfb,v11_e2a10e8c6af1c0803ba4,False,False,False,513100,513100,513100,False,False,False,55.413627273328835,55.88986470845873,55.88986470845873,0.0,6,6,2919,8.395185556670008,,0
2025-01-03,2025-01-03,4,435dc567388f0b921f9f7345bdbe8684dcaebaeced0d76965eeb94da0dc2fcfb,v11_e2a10e8c6af1c0803ba4,False,False,False,513100,513100,513100,False,False,False,55.88986470845873,55.549695111937375,55.549695111937375,0.0,7,7,2919,8.395185556670008,,0
2025-01-06,2025-01-06,4,435dc567388f0b921f9f7345bdbe8684dcaebaeced0d76965eeb94da0dc2fcfb,v11_e2a10e8c6af1c0803ba4,False,False,False,513100,513100,513100,False,False,False,55.549695111937375,56.77430565941426,56.77430565941426,0.0,8,8,2919,8.395185556670008,,0
2025-01-07,2025-01-07,4,435dc567388f0b921f9f7345bdbe8684dcaebaeced0d76965eeb94da0dc2fcfb,v11_e2a10e8c6af1c0803ba4,False,False,False,513100,513100,513100,False,False,False,56.77430565941426,56.434136062892904,56.434136062892904,0.0,9,9,2919,8.395185556670008,,0
2025-01-08,2025-01-08,4,435dc567388f0b921f9f7345bdbe8684dcaebaeced0d76965eeb94da0dc2fcfb,v11_e2a10e8c6af1c0803ba4,False,False,False,513100,513100,513100,False,False,False,56.434136062892904,55.8558477488066,55.8558477488066,0.0,10,10,2919,8.395185556670008,,0
2025-01-09,2025-01-09,4,435dc567388f0b921f9f7345bdbe8684dcaebaeced0d76965eeb94da0dc2fcfb,v11_e2a10e8c6af1c0803ba4,False,False,False,513100,513100,513100,False,False,False,55.8558477488066,55.651745990893794,55.651745990893794,0.0,11,11,2919,8.395185556670008,,0
2025-01-10,2025-01-10,4,435dc567388f0b921f9f7345bdbe8684dcaebaeced0d76965eeb94da0dc2fcfb,v11_e2a10e8c6af1c0803ba4,False,False,False,513100,513100,513100,False,False,False,55.651745990893794,55.447644232980984,55.447644232980984,0.0,12,12,2919,8.395185556670008,,0
2025-01-13,2025-01-13,4,435dc567388f0b921f9f7345bdbe8684dcaebaeced0d76965eeb94da0dc2fcfb,v11_e2a10e8c6af1c0803ba4,False,False,False,513100,518880,518880,True,False,True,55.447644232980984,54.15499976619984,54.1441687662466,0.010830999953239969,13,0,2919,2.330540746382331,,0
2025-01-14,2025-01-14,4,435dc567388f0b921f9f7345bdbe8684dcaebaeced0d76965eeb94da0dc2fcfb,v11_e2a10e8c6af1c0803ba4,False,False,False,518880,518880,518880,False,False,False,54.1441687662466,53.6841202734615,53.6841202734615,0.0,1,1,2919,2.330540746382331,,0
2025-01-15,2025-01-15,4,435dc567388f0b921f9f7345bdbe8684dcaebaeced0d76965eeb94da0dc2fcfb,v11_e2a10e8c6af1c0803ba4,False,False,False,518880,518880,518880,False,False,False,53.6841202734615,53.98492121105176,53.98492121105176,0.0,2,2,2919,2.330540746382331,,0
2025-01-16,2025-01-16,4,435dc567388f0b921f9f7345bdbe8684dcaebaeced0d76965eeb94da0dc2fcfb,v11_e2a10e8c6af1c0803ba4,False,False,False,518880,518880,518880,False,False,False,53.98492121105176,54.16186293904603,54.16186293904603,0.0,3,3,2919,2.3313023610053323,,0
2025-01-17,2025-01-17,4,435dc567388f0b921f9f7345bdbe8684dcaebaeced0d76965eeb94da0dc2fcfb,v11_e2a10e8c6af1c0803ba4,False,False,False,518880,518880,518880,False,False,False,54.16186293904603,54.31226340784116,54.31226340784116,0.0,4,4,2919,2.3377760853008387,,0
2025-01-20,2025-01-20,4,435dc567388f0b921f9f7345bdbe8684dcaebaeced0d76965eeb94da0dc2fcfb,v11_e2a10e8c6af1c0803ba4,False,False,False,518880,518880,518880,False,False,False,54.31226340784116,54.20609837104459,54.20609837104459,0.0,5,5,2919,2.3377760853008387,,0
2025-01-21,2025-01-21,4,435dc567388f0b921f9f7345bdbe8684dcaebaeced0d76965eeb94da0dc2fcfb,v11_e2a10e8c6af1c0803ba4,False,False,False,518880,518880,518880,False,False,False,54.20609837104459,54.20609837104459,54.20609837104459,0.0,6,6,2919,2.3377760853008387,,0
2025-01-22,2025-01-22,4,435dc567388f0b921f9f7345bdbe8684dcaebaeced0d76965eeb94da0dc2fcfb,v11_e2a10e8c6af1c0803ba4,False,False,False,518880,518880,518880,False,False,False,54.20609837104459,54.68384103662912,54.68384103662912,0.0,7,7,2919,2.3537699923838544,,0
2025-01-23,2025-01-23,4,435dc567388f0b921f9f7345bdbe8684dcaebaeced0d76965eeb94da0dc2fcfb,v11_e2a10e8c6af1c0803ba4,False,False,False,518880,518880,518880,False,False,False,54.68384103662912,54.7369235550274,54.7369235550274,0.0,8,8,2919,2.356054836252857,,0
2025-01-24,2025-01-24,4,435dc567388f0b921f9f7345bdbe8684dcaebaeced0d76965eeb94da0dc2fcfb,v11_e2a10e8c6af1c0803ba4,False,False,False,518880,518880,518880,False,False,False,54.7369235550274,55.011183233418514,55.011183233418514,0.0,9,9,2919,2.3678598629093686,,0
2025-01-27,2025-01-27,4,435dc567388f0b921f9f7345bdbe8684dcaebaeced0d76965eeb94da0dc2fcfb,v11_e2a10e8c6af1c0803ba4,False,False,False,518880,518880,518880,False,False,False,55.011183233418514,54.8696298510231,54.8696298510231,0.0,10,10,2919,2.3678598629093686,,0
2025-02-05,2025-02-05,4,435dc567388f0b921f9f7345bdbe8684dcaebaeced0d76965eeb94da0dc2fcfb,v11_e2a10e8c6af1c0803ba4,False,False,False,518880,518880,518880,False,False,False,54.8696298510231,56.9663893277552,56.9663893277552,0.0,11,11,2919,2.452018278750953,,0
2025-02-06,2025-02-06,4,435dc567388f0b921f9f7345bdbe8684dcaebaeced0d76965eeb94da0dc2fcfb,v11_e2a10e8c6af1c0803ba4,False,False,False,518880,518880,518880,False,False,False,56.9663893277552,56.6390471309658,56.6390471309658,0.0,12,12,2919,2.452018278750953,,0
2025-02-07,2025-02-07,4,435dc567388f0b921f9f7345bdbe8684dcaebaeced0d76965eeb94da0dc2fcfb,v11_e2a10e8c6af1c0803ba4,False,False,False,518880,518880,518880,False,False,False,56.6390471309658,56.798294686160645,56.798294686160645,0.0,13,13,2919,2.452018278750953,,0
2025-02-10,2025-02-10,4,435dc567388f0b921f9f7345bdbe8684dcaebaeced0d76965eeb94da0dc2fcfb,v11_e2a10e8c6af1c0803ba4,False,False,False,518880,518880,518880,False,False,False,56.798294686160645,57.66530915333257,57.66530915333257,0.0,14,14,2919,2.482102056359483,,0
2025-02-11,2025-02-11,4,435dc567388f0b921f9f7345bdbe8684dcaebaeced0d76965eeb94da0dc2fcfb,v11_e2a10e8c6af1c0803ba4,False,False,False,518880,518880,518880,False,False,False,57.66530915333257,58.24921685571366,58.24921685571366,0.0,15,15,2919,2.507235338918508,,0
2025-02-12,2025-02-12,4,435dc567388f0b921f9f7345bdbe8684dcaebaeced0d76965eeb94da0dc2fcfb,v11_e2a10e8c6af1c0803ba4,False,False,False,518880,518880,518880,False,False,False,58.24921685571366,57.84225088132685,57.84225088132685,0.0,16,16,2919,2.507235338918508,,0
2025-02-13,2025-02-13,4,435dc567388f0b921f9f7345bdbe8684dcaebaeced0d76965eeb94da0dc2fcfb,v11_e2a10e8c6af1c0803ba4,False,False,False,518880,518880,518880,False,False,False,57.84225088132685,58.125357646117685,58.125357646117685,0.0,17,17,2919,2.507235338918508,,0
2025-02-14,2025-02-14,4,435dc567388f0b921f9f7345bdbe8684dcaebaeced0d76965eeb94da0dc2fcfb,v11_e2a10e8c6af1c0803ba4,False,False,False,518880,518880,518880,False,False,False,58.125357646117685,58.43500567010766,58.43500567010766,0.0,18,18,2919,2.515232292460017,,0
2025-02-17,2025-02-17,4,435dc567388f0b921f9f7345bdbe8684dcaebaeced0d76965eeb94da0dc2fcfb,v11_e2a10e8c6af1c0803ba4,False,False,False,518880,513120,513120,False,False,True,58.43500567010766,57.45297907973944,57.44148848392349,0.011490595815947888,19,0,2919,0.8483563096500527,,0
2025-02-18,2025-02-18,4,435dc567388f0b921f9f7345bdbe8684dcaebaeced0d76965eeb94da0dc2fcfb,v11_e2a10e8c6af1c0803ba4,False,False,False,513120,513120,513120,False,False,False,57.44148848392349,57.51329034452839,57.51329034452839,0.0,1,1,2919,0.8494167550371152,,0
2025-02-19,2025-02-19,4,435dc567388f0b921f9f7345bdbe8684dcaebaeced0d76965eeb94da0dc2fcfb,v11_e2a10e8c6af1c0803ba4,False,False,False,513120,513120,513120,False,False,False,57.51329034452839,58.94932755662647,58.94932755662647,0.0,2,2,2919,0.8706256627783664,,0
2025-02-20,2025-02-20,4,435dc567388f0b921f9f7345bdbe8684dcaebaeced0d76965eeb94da0dc2fcfb,v11_e2a10e8c6af1c0803ba4,False,False,False,513120,513120,513120,False,False,False,58.94932755662647,59.595544302070614,59.595544302070614,0.0,3,3,2919,0.8801696712619296,,0
2025-02-21,2025-02-21,4,435dc567388f0b921f9f7345bdbe8684dcaebaeced0d76965eeb94da0dc2fcfb,v11_e2a10e8c6af1c0803ba4,False,False,False,513120,513120,513120,False,False,False,59.595544302070614,62.10860942324227,62.10860942324227,0.0,4,4,2919,0.9172852598091195,,0
2025-02-24,2025-02-24,4,435dc567388f0b921f9f7345bdbe8684dcaebaeced0d76965eeb94da0dc2fcfb,v11_e2a10e8c6af1c0803ba4,False,False,False,513120,513120,513120,False,False,False,62.10860942324227,60.9597796535638,60.9597796535638,0.0,5,5,2919,0.9172852598091195,,0
2025-02-25,2025-02-25,4,435dc567388f0b921f9f7345bdbe8684dcaebaeced0d76965eeb94da0dc2fcfb,v11_e2a10e8c6af1c0803ba4,False,False,False,513120,513120,513120,False,False,False,60.9597796535638,61.03158151416871,61.03158151416871,0.0,6,6,2919,0.9172852598091195,,0
2025-02-26,2025-02-26,4,435dc567388f0b921f9f7345bdbe8684dcaebaeced0d76965eeb94da0dc2fcfb,v11_e2a10e8c6af1c0803ba4,False,False,False,513120,513120,513120,False,False,False,61.03158151416871,63.47284477473546,63.47284477473546,0.0,7,7,2919,0.9374337221633083,,0
2025-02-27,2025-02-27,4,435dc567388f0b921f9f7345bdbe8684dcaebaeced0d76965eeb94da0dc2fcfb,v11_e2a10e8c6af1c0803ba4,False,False,False,513120,513120,513120,False,False,False,63.47284477473546,63.32924105352565,63.32924105352565,0.0,8,8,2919,0.9374337221633083,,0
2025-02-28,2025-02-28,4,435dc567388f0b921f9f7345bdbe8684dcaebaeced0d76965eeb94da0dc2fcfb,v11_e2a10e8c6af1c0803ba4,False,False,False,513120,588080,588080,True,False,True,63.32924105352565,60.45716662932947,60.44507519600361,0.012091433325865895,9,0,2919,0.7619047619047636,,0
2025-03-03,2025-03-03,4,435dc567388f0b921f9f7345bdbe8684dcaebaeced0d76965eeb94da0dc2fcfb,v11_e2a10e8c6af1c0803ba4,False,False,False,588080,588080,588080,False,False,False,60.44507519600361,59.56905961345283,59.56905961345283,0.0,1,1,2919,0.7619047619047636,,0
2025-03-04,2025-03-04,4,435dc567388f0b921f9f7345bdbe8684dcaebaeced0d76965eeb94da0dc2fcfb,v11_e2a10e8c6af1c0803ba4,False,False,False,588080,588080,588080,False,False,False,59.56905961345283,60.60932811773187,60.60932811773187,0.0,2,2,2919,0.7639751552795048,,0
2025-03-05,2025-03-05,4,435dc567388f0b921f9f7345bdbe8684dcaebaeced0d76965eeb94da0dc2fcfb,v11_e2a10e8c6af1c0803ba4,False,False,False,588080,513120,513120,False,False,True,60.60932811773187,60.82833201336956,60.81616634696689,0.012165666402673914,3,0,2919,0.8981972428419933,,0
2025-03-06,2025-03-06,4,435dc567388f0b921f9f7345bdbe8684dcaebaeced0d76965eeb94da0dc2fcfb,v11_e2a10e8c6af1c0803ba4,False,False,False,513120,513120,513120,False,False,False,60.81616634696689,60.95977004554296,60.95977004554296,0.0,1,1,2919,0.9003181336161185,,0
2025-03-07,2025-03-07,4,435dc567388f0b921f9f7345bdbe8684dcaebaeced0d76965eeb94da0dc2fcfb,v11_e2a10e8c6af1c0803ba4,False,False,False,513120,513120,513120,False,False,False,60.95977004554296,61.17517559340707,61.17517559340707,0.0,2,2,2919,0.9034994697773062,,0
2025-03-10,2025-03-10,4,435dc567388f0b921f9f7345bdbe8684dcaebaeced0d76965eeb94da0dc2fcfb,v11_e2a10e8c6af1c0803ba4,False,False,False,513120,513120,513120,False,False,False,61.17517559340707,59.73913860764634,59.73913860764634,0.0,3,3,2919,0.9034994697773062,,0
2025-03-11,2025-03-11,4,435dc567388f0b921f9f7345bdbe8684dcaebaeced0d76965eeb94da0dc2fcfb,v11_e2a10e8c6af1c0803ba4,False,False,False,513120,513120,513120,False,False,False,59.73913860764634,59.88274230622242,59.88274230622242,0.0,4,4,2919,0.9034994697773062,,0
2025-03-12,2025-03-12,4,435dc567388f0b921f9f7345bdbe8684dcaebaeced0d76965eeb94da0dc2fcfb,v11_e2a10e8c6af1c0803ba4,False,False,False,513120,513120,513120,False,False,False,59.88274230622242,60.313553401950635,60.313553401950635,0.0,5,5,2919,0.9034994697773062,,0
2025-03-13,2025-03-13,4,435dc567388f0b921f9f7345bdbe8684dcaebaeced0d76965eeb94da0dc2fcfb,v11_e2a10e8c6af1c0803ba4,False,False,False,513120,513120,513120,False,False,False,60.313553401950635,59.81094045693438,59.81094045693438,0.0,6,6,2919,0.9034994697773062,,0
2025-03-14,2025-03-14,4,435dc567388f0b921f9f7345bdbe8684dcaebaeced0d76965eeb94da0dc2fcfb,v11_e2a10e8c6af1c0803ba4,False,False,False,513120,513120,513120,False,False,False,59.81094045693438,62.75481627774388,62.75481627774388,0.0,7,7,2919,0.9268292682926828,,0
2025-03-17,2025-03-17,4,435dc567388f0b921f9f7345bdbe8684dcaebaeced0d76965eeb94da0dc2fcfb,v11_e2a10e8c6af1c0803ba4,False,False,False,513120,513120,513120,False,False,False,62.75481627774388,62.32400518201566,62.32400518201566,0.0,8,8,2919,0.9268292682926828,,0
2025-03-18,2025-03-18,4,435dc567388f0b921f9f7345bdbe8684dcaebaeced0d76965eeb94da0dc2fcfb,v11_e2a10e8c6af1c0803ba4,False,False,False,513120,513120,513120,False,False,False,62.32400518201566,64.19085326350461,64.19085326350461,0.0,9,9,2919,0.948038176033934,,0
2025-03-19,2025-03-19,4,435dc567388f0b921f9f7345bdbe8684dcaebaeced0d76965eeb94da0dc2fcfb,v11_e2a10e8c6af1c0803ba4,False,False,False,513120,513120,513120,False,False,False,64.19085326350461,64.980673605673,64.980673605673,0.0,10,10,2919,0.9597030752916222,,0
2025-03-20,2025-03-20,4,435dc567388f0b921f9f7345bdbe8684dcaebaeced0d76965eeb94da0dc2fcfb,v11_e2a10e8c6af1c0803ba4,False,False,False,513120,513120,513120,False,False,False,64.980673605673,65.84229579712944,65.84229579712944,0.0,11,11,2919,0.9724284199363731,,0
2025-03-21,2025-03-21,4,435dc567388f0b921f9f7345bdbe8684dcaebaeced0d76965eeb94da0dc2fcfb,v11_e2a10e8c6af1c0803ba4,False,False,False,513120,512890,512890,True,False,True,65.84229579712944,62.75481627774386,62.742265314488314,0.012550963255548773,12,0,2919,2.1994017946161595,,0
2025-03-24,2025-03-24,4,435dc567388f0b921f9f7345bdbe8684dcaebaeced0d76965eeb94da0dc2fcfb,v11_e2a10e8c6af1c0803ba4,False,False,False,512890,512890,512890,False,False,False,62.742265314488314,63.02668174837086,63.02668174837086,0.0,1,1,2919,2.2093718843469676,,0
2025-03-25,2025-03-25,4,435dc567388f0b921f9f7345bdbe8684dcaebaeced0d76965eeb94da0dc2fcfb,v11_e2a10e8c6af1c0803ba4,False,False,False,512890,512890,512890,False,False,False,63.02668174837086,63.42486475580641,63.42486475580641,0.0,2,2,2919,2.223330009970098,,0
2025-03-26,2025-03-26,4,435dc567388f0b921f9f7345bdbe8684dcaebaeced0d76965eeb94da0dc2fcfb,v11_e2a10e8c6af1c0803ba4,False,False,False,512890,512890,512890,False,False,False,63.42486475580641,63.2542148954769,63.2542148954769,0.0,3,3,2919,2.223330009970098,,0
2025-03-27,2025-03-27,4,435dc567388f0b921f9f7345bdbe8684dcaebaeced0d76965eeb94da0dc2fcfb,v11_e2a10e8c6af1c0803ba4,False,False,False,512890,512890,512890,False,False,False,63.2542148954769,63.42486475580642,63.42486475580642,0.0,4,4,2919,2.223330009970098,,0
2025-03-28,2025-03-28,4,435dc567388f0b921f9f7345bdbe8684dcaebaeced0d76965eeb94da0dc2fcfb,v11_e2a10e8c6af1c0803ba4,False,False,False,512890,512890,512890,False,False,False,63.42486475580642,63.254214895476906,63.254214895476906,0.0,5,5,2919,2.223330009970098,,0
2025-03-31,2025-03-31,4,435dc567388f0b921f9f7345bdbe8684dcaebaeced0d76965eeb94da0dc2fcfb,v11_e2a10e8c6af1c0803ba4,False,False,False,512890,512890,512890,False,False,False,63.254214895476906,63.254214895476906,63.254214895476906,0.0,6,6,2919,2.223330009970098,,0
2025-04-01,2025-04-01,4,435dc567388f0b921f9f7345bdbe8684dcaebaeced0d76965eeb94da0dc2fcfb,v11_e2a10e8c6af1c0803ba4,False,False,False,512890,513120,513120,False,False,True,63.254214895476906,63.424864755806425,63.41217978285526,0.012684972951161286,7,0,2919,1.0360551431601268,,0
2025-04-02,2025-04-02,4,435dc567388f0b921f9f7345bdbe8684dcaebaeced0d76965eeb94da0dc2fcfb,v11_e2a10e8c6af1c0803ba4,False,False,False,513120,513120,513120,False,False,False,63.41217978285526,62.43860486295472,62.43860486295472,0.0,1,1,2919,1.0360551431601268,,0
2025-04-03,2025-04-03,4,435dc567388f0b921f9f7345bdbe8684dcaebaeced0d76965eeb94da0dc2fcfb,v11_e2a10e8c6af1c0803ba4,False,False,False,513120,513120,513120,False,False,False,62.43860486295472,61.33521995373411,61.33521995373411,0.0,2,2,2919,1.0360551431601268,,0
2025-04-07,2025-04-07,4,435dc567388f0b921f9f7345bdbe8684dcaebaeced0d76965eeb94da0dc2fcfb,v11_e2a10e8c6af1c0803ba4,False,False,False,513120,518880,518880,True,False,True,61.33521995373411,55.23415045569072,55.22310362559958,0.011046830091138144,3,0,2919,2.618811881188121,,0
2025-04-08,2025-04-08,4,435dc567388f0b921f9f7345bdbe8684dcaebaeced0d76965eeb94da0dc2fcfb,v11_e2a10e8c6af1c0803ba4,False,False,False,518880,518880,518880,False,False,False,55.22310362559958,55.60854916493777,55.60854916493777,0.0,1,1,2919,2.6370906321401395,,0
2025-04-09,2025-04-09,4,435dc567388f0b921f9f7345bdbe8684dcaebaeced0d76965eeb94da0dc2fcfb,v11_e2a10e8c6af1c0803ba4,False,False,False,518880,513100,513100,False,True,True,55.60854916493777,56.30716920498824,56.29590777114724,0.01126143384099765,2,0,3131,6.519558676028086,,0
2025-04-10,2025-04-10,4,435dc567388f0b921f9f7345bdbe8684dcaebaeced0d76965eeb94da0dc2fcfb,v11_e2a10e8c6af1c0803ba4,False,False,False,513100,513100,513100,False,False,False,56.29590777114724,61.88219400382262,61.88219400382262,0.0,1,1,3131,7.166499498495488,,0
2025-04-11,2025-04-11,4,435dc567388f0b921f9f7345bdbe8684dcaebaeced0d76965eeb94da0dc2fcfb,v11_e2a10e8c6af1c0803ba4,False,False,False,513100,513100,513100,False,False,False,61.88219400382262,61.18932129279312,61.18932129279312,0.0,2,2,3131,7.166499498495488,,0
2025-04-14,2025-04-14,4,435dc567388f0b921f9f7345bdbe8684dcaebaeced0d76965eeb94da0dc2fcfb,v11_e2a10e8c6af1c0803ba4,False,False,False,513100,513100,513100,False,False,False,61.18932129279312,62.012107637140645,62.012107637140645,0.0,3,3,3131,7.181544633901706,,0
2025-04-15,2025-04-15,4,435dc567388f0b921f9f7345bdbe8684dcaebaeced0d76965eeb94da0dc2fcfb,v11_e2a10e8c6af1c0803ba4,False,False,False,513100,513100,513100,False,False,False,62.012107637140645,61.31923492611114,61.31923492611114,0.0,4,4,3131,7.181544633901706,,0
2025-04-16,2025-04-16,4,435dc567388f0b921f9f7345bdbe8684dcaebaeced0d76965eeb94da0dc2fcfb,v11_e2a10e8c6af1c0803ba4,False,False,False,513100,512890,512890,False,False,True,61.31923492611114,60.150012226248855,60.137982223803604,0.01203000244524977,5,0,3131,2.22532402791626,,0
2025-04-17,2025-04-17,4,435dc567388f0b921f9f7345bdbe8684dcaebaeced0d76965eeb94da0dc2fcfb,v11_e2a10e8c6af1c0803ba4,False,False,False,512890,512890,512890,False,False,False,60.137982223803604,60.1918693046493,60.1918693046493,0.0,1,1,3131,2.2273180458624213,,0
2025-04-18,2025-04-18,4,435dc567388f0b921f9f7345bdbe8684dcaebaeced0d76965eeb94da0dc2fcfb,v11_e2a10e8c6af1c0803ba4,False,False,False,512890,512890,512890,False,False,False,60.1918693046493,60.35353054718641,60.35353054718641,0.0,2,2,3131,2.233300099700906,,0
2025-04-21,2025-04-21,4,435dc567388f0b921f9f7345bdbe8684dcaebaeced0d76965eeb94da0dc2fcfb,v11_e2a10e8c6af1c0803ba4,False,False,False,512890,512890,512890,False,False,False,60.35353054718641,60.030208062112195,60.030208062112195,0.0,3,3,3131,2.233300099700906,,0
2025-04-22,2025-04-22,4,435dc567388f0b921f9f7345bdbe8684dcaebaeced0d76965eeb94da0dc2fcfb,v11_e2a10e8c6af1c0803ba4,False,False,False,512890,512890,512890,False,False,False,60.030208062112195,60.4074176280321,60.4074176280321,0.0,4,4,3131,2.2352941176470673,,0
2025-04-23,2025-04-23,4,435dc567388f0b921f9f7345bdbe8684dcaebaeced0d76965eeb94da0dc2fcfb,v11_e2a10e8c6af1c0803ba4,False,False,False,512890,512890,512890,False,False,False,60.4074176280321,60.1379822238036,60.1379822238036,0.0,5,5,3131,2.2352941176470673,,0
2025-04-24,2025-04-24,4,435dc567388f0b921f9f7345bdbe8684dcaebaeced0d76965eeb94da0dc2fcfb,v11_e2a10e8c6af1c0803ba4,False,False,False,512890,513120,513120,False,False,True,60.1379822238036,60.67685303226062,60.664717661654166,0.012135370606452124,6,0,3131,0.9978791092258745,,0
2025-04-25,2025-04-25,4,435dc567388f0b921f9f7345bdbe8684dcaebaeced0d76965eeb94da0dc2fcfb,v11_e2a10e8c6af1c0803ba4,False,False,False,513120,513120,513120,False,False,False,60.664717661654166,60.858122712647756,60.858122712647756,0.0,1,1,3131,1.0010604453870622,,0
2025-04-28,2025-04-28,4,435dc567388f0b921f9f7345bdbe8684dcaebaeced0d76965eeb94da0dc2fcfb,v11_e2a10e8c6af1c0803ba4,False,False,False,513120,513120,513120,False,False,False,60.858122712647756,59.63322405635506,59.63322405635506,0.0,2,2,3131,1.0010604453870622,,0
2025-04-29,2025-04-29,4,435dc567388f0b921f9f7345bdbe8684dcaebaeced0d76965eeb94da0dc2fcfb,v11_e2a10e8c6af1c0803ba4,False,False,False,513120,513120,513120,False,False,False,59.63322405635506,60.08450250867342,60.08450250867342,0.0,3,3,3131,1.0010604453870622,,0
2025-04-30,2025-04-30,4,435dc567388f0b921f9f7345bdbe8684dcaebaeced0d76965eeb94da0dc2fcfb,v11_e2a10e8c6af1c0803ba4,False,False,False,513120,513100,513100,False,False,True,60.08450250867342,60.14897085900461,60.13694106483281,0.012029794171800924,4,0,3131,7.251755265797392,,0
2025-05-06,2025-05-06,4,435dc567388f0b921f9f7345bdbe8684dcaebaeced0d76965eeb94da0dc2fcfb,v11_e2a10e8c6af1c0803ba4,False,False,False,513100,513100,513100,False,False,False,60.13694106483281,60.59441433711024,60.59441433711024,0.0,1,1,3131,7.30692076228686,,0
2025-05-07,2025-05-07,4,435dc567388f0b921f9f7345bdbe8684dcaebaeced0d76965eeb94da0dc2fcfb,v11_e2a10e8c6af1c0803ba4,False,False,False,513100,513100,513100,False,False,False,60.59441433711024,60.80235673359998,60.80235673359998,0.0,2,2,3131,7.331995987963891,,0
2025-05-08,2025-05-08,4,435dc567388f0b921f9f7345bdbe8684dcaebaeced0d76965eeb94da0dc2fcfb,v11_e2a10e8c6af1c0803ba4,False,False,False,513100,513100,513100,False,False,False,60.80235673359998,61.758891757452794,61.758891757452794,0.0,3,3,3131,7.4473420260782355,,0
2025-05-09,2025-05-09,4,435dc567388f0b921f9f7345bdbe8684dcaebaeced0d76965eeb94da0dc2fcfb,v11_e2a10e8c6af1c0803ba4,False,False,False,513100,563300,563300,False,False,True,61.758891757452794,61.80048023675074,61.78812014070339,0.012360096047350147,4,0,3131,1.1004056795131847,,0
2025-05-12,2025-05-12,4,435dc567388f0b921f9f7345bdbe8684dcaebaeced0d76965eeb94da0dc2fcfb,v11_e2a10e8c6af1c0803ba4,False,False,False,563300,563300,563300,False,False,False,61.78812014070339,62.6423337832016,62.6423337832016,0.0,1,1,3131,1.1156186612576067,,0
2025-05-13,2025-05-13,4,435dc567388f0b921f9f7345bdbe8684dcaebaeced0d76965eeb94da0dc2fcfb,v11_e2a10e8c6af1c0803ba4,False,False,False,563300,563300,563300,False,False,False,62.6423337832016,62.300648326202314,62.300648326202314,0.0,2,2,3131,1.1156186612576067,,0
2025-05-14,2025-05-14,4,435dc567388f0b921f9f7345bdbe8684dcaebaeced0d76965eeb94da0dc2fcfb,v11_e2a10e8c6af1c0803ba4,False,False,False,563300,563300,563300,False,False,False,62.300648326202314,62.47149105470194,62.47149105470194,0.0,3,3,3131,1.1156186612576067,,0
2025-05-15,2025-05-15,4,435dc567388f0b921f9f7345bdbe8684dcaebaeced0d76965eeb94da0dc2fcfb,v11_e2a10e8c6af1c0803ba4,False,False,False,563300,563300,563300,False,False,False,62.47149105470194,61.61727741220375,61.61727741220375,0.0,4,4,3131,1.1156186612576067,,0
2025-05-16,2025-05-16,4,435dc567388f0b921f9f7345bdbe8684dcaebaeced0d76965eeb94da0dc2fcfb,v11_e2a10e8c6af1c0803ba4,False,False,False,563300,513100,513100,False,False,True,61.61727741220375,62.07285802153613,62.060443449931824,0.012414571604307227,5,0,3131,7.828485456369108,,0
2025-05-19,2025-05-19,4,435dc567388f0b921f9f7345bdbe8684dcaebaeced0d76965eeb94da0dc2fcfb,v11_e2a10e8c6af1c0803ba4,False,False,False,513100,513100,513100,False,False,False,62.060443449931824,61.50384754455127,61.50384754455127,0.0,1,1,3131,7.828485456369108,,0
2025-05-20,2025-05-20,4,435dc567388f0b921f9f7345bdbe8684dcaebaeced0d76965eeb94da0dc2fcfb,v11_e2a10e8c6af1c0803ba4,False,False,False,513100,513100,513100,False,False,False,61.50384754455127,62.17971400108481,62.17971400108481,0.0,2,2,3131,7.843530591775329,,0
2025-05-21,2025-05-21,4,435dc567388f0b921f9f7345bdbe8684dcaebaeced0d76965eeb94da0dc2fcfb,v11_e2a10e8c6af1c0803ba4,False,False,False,513100,513100,513100,False,False,False,62.17971400108481,61.58336124531993,61.58336124531993,0.0,3,3,3131,7.843530591775329,,0
2025-05-22,2025-05-22,4,435dc567388f0b921f9f7345bdbe8684dcaebaeced0d76965eeb94da0dc2fcfb,v11_e2a10e8c6af1c0803ba4,False,False,False,513100,513100,513100,False,False,False,61.58336124531993,61.185792741476675,61.185792741476675,0.0,4,4,3131,7.843530591775329,,0
2025-05-23,2025-05-23,4,435dc567388f0b921f9f7345bdbe8684dcaebaeced0d76965eeb94da0dc2fcfb,v11_e2a10e8c6af1c0803ba4,False,False,False,513100,513100,513100,False,False,False,61.185792741476675,60.98700848955505,60.98700848955505,0.0,5,5,3131,7.843530591775329,,0
2025-05-26,2025-05-26,4,435dc567388f0b921f9f7345bdbe8684dcaebaeced0d76965eeb94da0dc2fcfb,v11_e2a10e8c6af1c0803ba4,False,False,False,513100,513100,513100,False,False,False,60.98700848955505,61.34482014301398,61.34482014301398,0.0,6,6,3131,7.843530591775329,,0
2025-05-27,2025-05-27,4,435dc567388f0b921f9f7345bdbe8684dcaebaeced0d76965eeb94da0dc2fcfb,v11_e2a10e8c6af1c0803ba4,False,False,False,513100,513100,513100,False,False,False,61.34482014301398,61.62311809570426,61.62311809570426,0.0,7,7,3131,7.843530591775329,,0
2025-05-28,2025-05-28,4,435dc567388f0b921f9f7345bdbe8684dcaebaeced0d76965eeb94da0dc2fcfb,v11_e2a10e8c6af1c0803ba4,False,False,False,513100,513100,513100,False,False,False,61.62311809570426,62.33874140262212,62.33874140262212,0.0,8,8,3131,7.863590772316954,,0
2025-05-29,2025-05-29,4,435dc567388f0b921f9f7345bdbe8684dcaebaeced0d76965eeb94da0dc2fcfb,v11_e2a10e8c6af1c0803ba4,False,False,False,513100,513100,513100,False,False,False,62.33874140262212,63.17363526069294,63.17363526069294,0.0,9,9,3131,7.968906720160483,,0
2025-05-30,2025-05-30,4,435dc567388f0b921f9f7345bdbe8684dcaebaeced0d76965eeb94da0dc2fcfb,v11_e2a10e8c6af1c0803ba4,False,False,False,513100,513120,513120,True,False,True,63.17363526069294,61.86165919801021,61.84928686617061,0.012372331839602043,10,0,3131,1.0816542948038177,,0
2025-06-03,2025-06-03,4,435dc567388f0b921f9f7345bdbe8684dcaebaeced0d76965eeb94da0dc2fcfb,v11_e2a10e8c6af1c0803ba4,False,False,False,513120,513120,513120,False,False,False,61.84928686617061,62.45565242368208,62.45565242368208,0.0,1,1,3131,1.0922587486744433,,0
2025-06-04,2025-06-04,4,435dc567388f0b921f9f7345bdbe8684dcaebaeced0d76965eeb94da0dc2fcfb,v11_e2a10e8c6af1c0803ba4,False,False,False,513120,513120,513120,False,False,False,62.45565242368208,64.7598415422257,64.7598415422257,0.0,2,2,3131,1.132555673382821,,0
2025-06-05,2025-06-05,4,435dc567388f0b921f9f7345bdbe8684dcaebaeced0d76965eeb94da0dc2fcfb,v11_e2a10e8c6af1c0803ba4,False,False,False,513120,513120,513120,False,False,False,64.7598415422257,64.03220287321193,64.03220287321193,0.0,3,3,3131,1.132555673382821,,0
2025-06-06,2025-06-06,4,435dc567388f0b921f9f7345bdbe8684dcaebaeced0d76965eeb94da0dc2fcfb,v11_e2a10e8c6af1c0803ba4,False,False,False,513120,513120,513120,False,False,False,64.03220287321193,65.48748021123947,65.48748021123947,0.0,4,4,3131,1.1452810180275719,,0
2025-06-09,2025-06-09,4,435dc567388f0b921f9f7345bdbe8684dcaebaeced0d76965eeb94da0dc2fcfb,v11_e2a10e8c6af1c0803ba4,False,False,False,513120,513120,513120,False,False,False,65.48748021123947,68.57994455454799,68.57994455454799,0.0,5,5,3131,1.1993637327677626,,0
2025-06-10,2025-06-10,4,435dc567388f0b921f9f7345bdbe8684dcaebaeced0d76965eeb94da0dc2fcfb,v11_e2a10e8c6af1c0803ba4,False,False,False,513120,513120,513120,False,False,False,68.57994455454799,70.94477022884274,70.94477022884274,0.0,6,6,3131,1.2407211028632026,,0
2025-06-11,2025-06-11,4,435dc567388f0b921f9f7345bdbe8684dcaebaeced0d76965eeb94da0dc2fcfb,v11_e2a10e8c6af1c0803ba4,False,False,False,513120,513120,513120,False,False,False,70.94477022884274,70.82349711734045,70.82349711734045,0.0,7,7,3131,1.2407211028632026,,0
2025-06-12,2025-06-12,4,435dc567388f0b921f9f7345bdbe8684dcaebaeced0d76965eeb94da0dc2fcfb,v11_e2a10e8c6af1c0803ba4,False,False,False,513120,513120,513120,False,False,False,70.82349711734045,74.34041735090703,74.34041735090703,0.0,8,8,3131,1.3001060445387065,,0
2025-06-13,2025-06-13,4,435dc567388f0b921f9f7345bdbe8684dcaebaeced0d76965eeb94da0dc2fcfb,v11_e2a10e8c6af1c0803ba4,False,False,False,513120,513120,513120,False,False,False,74.34041735090703,72.15750134386573,72.15750134386573,0.0,9,9,3131,1.3001060445387065,,0
2025-06-16,2025-06-16,4,435dc567388f0b921f9f7345bdbe8684dcaebaeced0d76965eeb94da0dc2fcfb,v11_e2a10e8c6af1c0803ba4,False,False,False,513120,513120,513120,False,False,False,72.15750134386573,71.55113578635425,71.55113578635425,0.0,10,10,3131,1.3001060445387065,,0
2025-06-17,2025-06-17,4,435dc567388f0b921f9f7345bdbe8684dcaebaeced0d76965eeb94da0dc2fcfb,v11_e2a10e8c6af1c0803ba4,False,False,False,513120,512400,512400,True,False,True,71.55113578635425,68.09485210853883,68.08123313811713,0.013618970421707767,11,0,3131,1.0858399928167437,,0
2025-06-18,2025-06-18,4,435dc567388f0b921f9f7345bdbe8684dcaebaeced0d76965eeb94da0dc2fcfb,v11_e2a10e8c6af1c0803ba4,False,False,False,512400,512400,512400,False,False,False,68.08123313811713,67.95878487707735,67.95878487707735,0.0,1,1,3131,1.0858399928167437,,0
2025-06-19,2025-06-19,4,435dc567388f0b921f9f7345bdbe8684dcaebaeced0d76965eeb94da0dc2fcfb,v11_e2a10e8c6af1c0803ba4,False,False,False,512400,513120,513120,False,False,True,67.95878487707735,66.79552639719944,66.78216729192,0.013359105279439887,2,0,3131,1.160127253446448,,0
2025-06-20,2025-06-20,4,435dc567388f0b921f9f7345bdbe8684dcaebaeced0d76965eeb94da0dc2fcfb,v11_e2a10e8c6af1c0803ba4,False,False,False,513120,513120,513120,False,False,False,66.78216729192,66.96529937772965,66.96529937772965,0.0,1,1,3131,1.1633085896076354,,0
2025-06-23,2025-06-23,4,435dc567388f0b921f9f7345bdbe8684dcaebaeced0d76965eeb94da0dc2fcfb,v11_e2a10e8c6af1c0803ba4,False,False,False,513120,513120,513120,False,False,False,66.96529937772965,69.28497246465191,69.28497246465191,0.0,2,2,3131,1.203605514316013,,0
2025-06-24,2025-06-24,4,435dc567388f0b921f9f7345bdbe8684dcaebaeced0d76965eeb94da0dc2fcfb,v11_e2a10e8c6af1c0803ba4,False,False,False,513120,513120,513120,False,False,False,69.28497246465191,70.75002915112914,70.75002915112914,0.0,3,3,3131,1.2290562036055146,,0
2025-06-25,2025-06-25,4,435dc567388f0b921f9f7345bdbe8684dcaebaeced0d76965eeb94da0dc2fcfb,v11_e2a10e8c6af1c0803ba4,False,False,False,513120,513120,513120,False,False,False,70.75002915112914,71.23838137995489,71.23838137995489,0.0,4,4,3131,1.2375397667020152,,0
2025-06-26,2025-06-26,4,435dc567388f0b921f9f7345bdbe8684dcaebaeced0d76965eeb94da0dc2fcfb,v11_e2a10e8c6af1c0803ba4,False,False,False,513120,513120,513120,False,False,False,71.23838137995489,68.97975232163583,68.97975232163583,0.0,5,5,3131,1.2375397667020152,,0
2025-06-27,2025-06-27,4,435dc567388f0b921f9f7345bdbe8684dcaebaeced0d76965eeb94da0dc2fcfb,v11_e2a10e8c6af1c0803ba4,False,False,False,513120,513120,513120,False,False,False,68.97975232163583,68.1251359211908,68.1251359211908,0.0,6,6,3131,1.2375397667020152,,0
2025-06-30,2025-06-30,4,435dc567388f0b921f9f7345bdbe8684dcaebaeced0d76965eeb94da0dc2fcfb,v11_e2a10e8c6af1c0803ba4,False,False,False,513120,513120,513120,False,False,False,68.1251359211908,69.34601649325515,69.34601649325515,0.0,7,7,3131,1.2375397667020152,,0
2025-07-01,2025-07-01,4,435dc567388f0b921f9f7345bdbe8684dcaebaeced0d76965eeb94da0dc2fcfb,v11_e2a10e8c6af1c0803ba4,False,False,False,513120,513120,513120,False,False,False,69.34601649325515,71.36046943716134,71.36046943716134,0.0,8,8,3131,1.2396606574761404,,0
2025-07-02,2025-07-02,4,435dc567388f0b921f9f7345bdbe8684dcaebaeced0d76965eeb94da0dc2fcfb,v11_e2a10e8c6af1c0803ba4,False,False,False,513120,512400,512400,False,False,True,71.36046943716134,69.59019260766802,69.57627456914648,0.013918038521533603,9,0,3131,1.1366166831283178,,0
2025-07-03,2025-07-03,4,435dc567388f0b921f9f7345bdbe8684dcaebaeced0d76965eeb94da0dc2fcfb,v11_e2a10e8c6af1c0803ba4,False,False,False,512400,512400,512400,False,False,False,69.57627456914648,69.69582143266734,69.69582143266734,0.0,1,1,3131,1.138569632755686,,0
2025-07-04,2025-07-04,4,435dc567388f0b921f9f7345bdbe8684dcaebaeced0d76965eeb94da0dc2fcfb,v11_e2a10e8c6af1c0803ba4,False,False,False,512400,512400,512400,False,False,False,69.69582143266734,68.67967309273995,68.67967309273995,0.0,2,2,3131,1.138569632755686,,0
2025-07-07,2025-07-07,4,435dc567388f0b921f9f7345bdbe8684dcaebaeced0d76965eeb94da0dc2fcfb,v11_e2a10e8c6af1c0803ba4,False,False,False,512400,512400,512400,False,False,False,68.67967309273995,68.14171220689602,68.14171220689602,0.0,3,3,3131,1.138569632755686,,0
2025-07-08,2025-07-08,4,435dc567388f0b921f9f7345bdbe8684dcaebaeced0d76965eeb94da0dc2fcfb,v11_e2a10e8c6af1c0803ba4,False,False,False,512400,512400,512400,False,False,False,68.14171220689602,68.85899338802125,68.85899338802125,0.0,4,4,3131,1.138569632755686,,0
2025-07-09,2025-07-09,4,435dc567388f0b921f9f7345bdbe8684dcaebaeced0d76965eeb94da0dc2fcfb,v11_e2a10e8c6af1c0803ba4,False,False,False,512400,512890,512890,False,False,True,68.85899338802125,67.54397788929167,67.5304690937138,0.013508795577858335,5,0,3131,2.438683948155544,,0
2025-07-10,2025-07-10,4,435dc567388f0b921f9f7345bdbe8684dcaebaeced0d76965eeb94da0dc2fcfb,v11_e2a10e8c6af1c0803ba4,False,False,False,512890,512890,512890,False,False,False,67.5304690937138,67.91698854069335,67.91698854069335,0.0,1,1,3131,2.4526420737786743,,0
2025-07-11,2025-07-11,4,435dc567388f0b921f9f7345bdbe8684dcaebaeced0d76965eeb94da0dc2fcfb,v11_e2a10e8c6af1c0803ba4,False,False,False,512890,512890,512890,False,False,False,67.91698854069335,67.30960083829692,67.30960083829692,0.0,2,2,3131,2.4526420737786743,,0
2025-07-14,2025-07-14,4,435dc567388f0b921f9f7345bdbe8684dcaebaeced0d76965eeb94da0dc2fcfb,v11_e2a10e8c6af1c0803ba4,False,False,False,512890,512890,512890,False,False,False,67.30960083829692,67.7513373491307,67.7513373491307,0.0,3,3,3131,2.4526420737786743,,0
2025-07-15,2025-07-15,4,435dc567388f0b921f9f7345bdbe8684dcaebaeced0d76965eeb94da0dc2fcfb,v11_e2a10e8c6af1c0803ba4,False,False,False,512890,512890,512890,False,False,False,67.7513373491307,67.14394964673424,67.14394964673424,0.0,4,4,3131,2.4526420737786743,,0
2025-07-16,2025-07-16,4,435dc567388f0b921f9f7345bdbe8684dcaebaeced0d76965eeb94da0dc2fcfb,v11_e2a10e8c6af1c0803ba4,False,False,False,512890,513120,513120,False,False,True,67.14394964673424,66.8126472636089,66.79928473415617,0.01336252945272178,5,0,3131,1.3658536585365857,,0
2025-07-17,2025-07-17,4,435dc567388f0b921f9f7345bdbe8684dcaebaeced0d76965eeb94da0dc2fcfb,v11_e2a10e8c6af1c0803ba4,False,False,False,513120,513120,513120,False,False,False,66.79928473415617,70.3259550462079,70.3259550462079,0.0,1,1,3131,1.4379639448568402,,0
2025-07-18,2025-07-18,4,435dc567388f0b921f9f7345bdbe8684dcaebaeced0d76965eeb94da0dc2fcfb,v11_e2a10e8c6af1c0803ba4,False,False,False,513120,513120,513120,False,False,False,70.3259550462079,70.79272023456768,70.79272023456768,0.0,2,2,3131,1.4475079533404032,,0
2025-07-21,2025-07-21,4,435dc567388f0b921f9f7345bdbe8684dcaebaeced0d76965eeb94da0dc2fcfb,v11_e2a10e8c6af1c0803ba4,False,False,False,513120,513120,513120,False,False,False,70.79272023456768,70.06664105267468,70.06664105267468,0.0,3,3,3131,1.4475079533404032,,0
2025-07-22,2025-07-22,4,435dc567388f0b921f9f7345bdbe8684dcaebaeced0d76965eeb94da0dc2fcfb,v11_e2a10e8c6af1c0803ba4,False,False,False,513120,513120,513120,False,False,False,70.06664105267468,69.9629154552614,69.9629154552614,0.0,4,4,3131,1.4475079533404032,,0
2025-07-23,2025-07-23,4,435dc567388f0b921f9f7345bdbe8684dcaebaeced0d76965eeb94da0dc2fcfb,v11_e2a10e8c6af1c0803ba4,False,False,False,513120,513120,513120,False,False,False,69.9629154552614,69.91105265655476,69.91105265655476,0.0,5,5,3131,1.4475079533404032,,0
2025-07-24,2025-07-24,4,435dc567388f0b921f9f7345bdbe8684dcaebaeced0d76965eeb94da0dc2fcfb,v11_e2a10e8c6af1c0803ba4,False,False,False,513120,513120,513120,False,False,False,69.91105265655476,71.05203422810091,71.05203422810091,0.0,6,6,3131,1.4528101802757163,,0
2025-07-25,2025-07-25,4,435dc567388f0b921f9f7345bdbe8684dcaebaeced0d76965eeb94da0dc2fcfb,v11_e2a10e8c6af1c0803ba4,False,False,False,513120,513120,513120,False,False,False,71.05203422810091,71.10389702680754,71.10389702680754,0.0,7,7,3131,1.4538706256627787,,0
2025-07-28,2025-07-28,4,435dc567388f0b921f9f7345bdbe8684dcaebaeced0d76965eeb94da0dc2fcfb,v11_e2a10e8c6af1c0803ba4,False,False,False,513120,513120,513120,False,False,False,71.10389702680754,73.9563509556729,73.9563509556729,0.0,8,8,3131,1.5121951219512197,,0
2025-07-29,2025-07-29,4,435dc567388f0b921f9f7345bdbe8684dcaebaeced0d76965eeb94da0dc2fcfb,v11_e2a10e8c6af1c0803ba4,False,False,False,513120,513120,513120,False,False,False,73.9563509556729,77.22370727419141,77.22370727419141,0.0,9,9,3131,1.5790031813361616,,0
2025-07-30,2025-07-30,4,435dc567388f0b921f9f7345bdbe8684dcaebaeced0d76965eeb94da0dc2fcfb,v11_e2a10e8c6af1c0803ba4,False,False,False,513120,588080,588080,True,False,True,77.22370727419141,74.78615573497919,74.7711985038322,0.014957231146995839,10,0,3131,0.7487922705314036,,0
2025-07-31,2025-07-31,4,435dc567388f0b921f9f7345bdbe8684dcaebaeced0d76965eeb94da0dc2fcfb,v11_e2a10e8c6af1c0803ba4,False,False,False,588080,588080,588080,False,False,False,74.7711985038322,74.01314948674266,74.01314948674266,0.0,1,1,3131,0.7487922705314036,,0
2025-08-01,2025-08-01,4,435dc567388f0b921f9f7345bdbe8684dcaebaeced0d76965eeb94da0dc2fcfb,v11_e2a10e8c6af1c0803ba4,False,False,False,588080,588080,588080,False,False,False,74.01314948674266,73.32401401666125,73.32401401666125,0.0,2,2,3131,0.7487922705314036,,0
2025-08-04,2025-08-04,4,435dc567388f0b921f9f7345bdbe8684dcaebaeced0d76965eeb94da0dc2fcfb,v11_e2a10e8c6af1c0803ba4,False,False,False,588080,513120,513120,False,False,True,73.32401401666125,74.21989012776706,74.2050461497415,0.014843978025553413,3,0,3131,1.5058324496288444,,0
2025-08-05,2025-08-05,4,435dc567388f0b921f9f7345bdbe8684dcaebaeced0d76965eeb94da0dc2fcfb,v11_e2a10e8c6af1c0803ba4,False,False,False,513120,513120,513120,False,False,False,74.2050461497415,76.55661451364178,76.55661451364178,0.0,1,1,3131,1.5535524920466601,,0
2025-08-06,2025-08-06,4,435dc567388f0b921f9f7345bdbe8684dcaebaeced0d76965eeb94da0dc2fcfb,v11_e2a10e8c6af1c0803ba4,False,False,False,513120,513120,513120,False,False,False,76.55661451364178,77.1314423359285,77.1314423359285,0.0,2,2,3131,1.5652173913043481,,0
2025-08-07,2025-08-07,4,435dc567388f0b921f9f7345bdbe8684dcaebaeced0d76965eeb94da0dc2fcfb,v11_e2a10e8c6af1c0803ba4,False,False,False,513120,513120,513120,False,False,False,77.1314423359285,74.77987397202824,74.77987397202824,0.0,3,3,3131,1.5652173913043481,,0
2025-08-08,2025-08-08,4,435dc567388f0b921f9f7345bdbe8684dcaebaeced0d76965eeb94da0dc2fcfb,v11_e2a10e8c6af1c0803ba4,False,False,False,513120,513120,513120,False,False,False,74.77987397202824,73.7869895517148,73.7869895517148,0.0,4,4,3131,1.5652173913043481,,0
2025-08-11,2025-08-11,4,435dc567388f0b921f9f7345bdbe8684dcaebaeced0d76965eeb94da0dc2fcfb,v11_e2a10e8c6af1c0803ba4,False,False,False,513120,513120,513120,False,False,False,73.7869895517148,74.0482749254815,74.0482749254815,0.0,5,5,3131,1.5652173913043481,,0
2025-08-12,2025-08-12,4,435dc567388f0b921f9f7345bdbe8684dcaebaeced0d76965eeb94da0dc2fcfb,v11_e2a10e8c6af1c0803ba4,False,False,False,513120,513120,513120,False,False,False,74.0482749254815,73.68247540220811,73.68247540220811,0.0,6,6,3131,1.5652173913043481,,0
2025-08-13,2025-08-13,4,435dc567388f0b921f9f7345bdbe8684dcaebaeced0d76965eeb94da0dc2fcfb,v11_e2a10e8c6af1c0803ba4,False,False,False,513120,513120,513120,False,False,False,73.68247540220811,76.81789988740846,76.81789988740846,0.0,7,7,3131,1.5652173913043481,,0
2025-08-14,2025-08-14,4,435dc567388f0b921f9f7345bdbe8684dcaebaeced0d76965eeb94da0dc2fcfb,v11_e2a10e8c6af1c0803ba4,False,False,False,513120,513120,513120,False,False,False,76.81789988740846,77.02692818642181,77.02692818642181,0.0,8,8,3131,1.5652173913043481,,0
2025-08-15,2025-08-15,4,435dc567388f0b921f9f7345bdbe8684dcaebaeced0d76965eeb94da0dc2fcfb,v11_e2a10e8c6af1c0803ba4,False,False,False,513120,159915,159915,False,False,True,77.02692818642181,78.6468975037753,78.63116812427455,0.01572937950075506,9,0,3131,3.148055207026335,,0
2025-08-18,2025-08-18,4,435dc567388f0b921f9f7345bdbe8684dcaebaeced0d76965eeb94da0dc2fcfb,v11_e2a10e8c6af1c0803ba4,False,False,False,159915,159915,159915,False,False,False,78.63116812427455,80.91896217492105,80.91896217492105,0.0,1,1,3131,3.2396486825595847,,0
2025-08-19,2025-08-19,4,435dc567388f0b921f9f7345bdbe8684dcaebaeced0d76965eeb94da0dc2fcfb,v11_e2a10e8c6af1c0803ba4,False,False,False,159915,159915,159915,False,False,False,80.91896217492105,80.69958466321523,80.69958466321523,0.0,2,2,3131,3.2396486825595847,,0
2025-08-20,2025-08-20,4,435dc567388f0b921f9f7345bdbe8684dcaebaeced0d76965eeb94da0dc2fcfb,v11_e2a10e8c6af1c0803ba4,False,False,False,159915,159915,159915,False,False,False,80.69958466321523,81.10700004209748,81.10700004209748,0.0,3,3,3131,3.247176913425332,,0
2025-08-21,2025-08-21,4,435dc567388f0b921f9f7345bdbe8684dcaebaeced0d76965eeb94da0dc2fcfb,v11_e2a10e8c6af1c0803ba4,False,False,False,159915,159915,159915,False,False,False,81.10700004209748,80.60556572962702,80.60556572962702,0.0,4,4,3131,3.247176913425332,,0
2025-08-22,2025-08-22,4,435dc567388f0b921f9f7345bdbe8684dcaebaeced0d76965eeb94da0dc2fcfb,v11_e2a10e8c6af1c0803ba4,False,False,False,159915,159915,159915,False,False,False,80.60556572962702,83.42613373727336,83.42613373727336,0.0,5,5,3131,3.340025094102872,,0
2025-08-25,2025-08-25,4,435dc567388f0b921f9f7345bdbe8684dcaebaeced0d76965eeb94da0dc2fcfb,v11_e2a10e8c6af1c0803ba4,False,False,False,159915,159915,159915,False,False,False,83.42613373727336,85.77660707697866,85.77660707697866,0.0,6,6,3131,3.4341279799247038,,0
2025-08-26,2025-08-26,4,435dc567388f0b921f9f7345bdbe8684dcaebaeced0d76965eeb94da0dc2fcfb,v11_e2a10e8c6af1c0803ba4,False,False,False,159915,159915,159915,False,False,False,85.77660707697866,85.11847454186118,85.11847454186118,0.0,7,7,3131,3.4341279799247038,,0
2025-08-27,2025-08-27,4,435dc567388f0b921f9f7345bdbe8684dcaebaeced0d76965eeb94da0dc2fcfb,v11_e2a10e8c6af1c0803ba4,False,False,False,159915,588080,588080,False,False,True,85.11847454186118,84.4916816512731,84.47478331494284,0.01689833633025462,8,0,3131,0.9006211180124253,,0
2025-08-28,2025-08-28,4,435dc567388f0b921f9f7345bdbe8684dcaebaeced0d76965eeb94da0dc2fcfb,v11_e2a10e8c6af1c0803ba4,False,False,False,588080,588080,588080,False,False,False,84.47478331494284,90.81848351790407,90.81848351790407,0.0,1,1,3131,0.9682539682539715,,0
2025-08-29,2025-08-29,4,435dc567388f0b921f9f7345bdbe8684dcaebaeced0d76965eeb94da0dc2fcfb,v11_e2a10e8c6af1c0803ba4,False,False,False,588080,588080,588080,False,False,False,90.81848351790407,89.39438755397401,89.39438755397401,0.0,2,2,3131,0.9682539682539715,,0
2025-09-01,2025-09-01,4,435dc567388f0b921f9f7345bdbe8684dcaebaeced0d76965eeb94da0dc2fcfb,v11_e2a10e8c6af1c0803ba4,False,False,False,588080,588080,588080,False,False,False,89.39438755397401,90.4948253442836,90.4948253442836,0.0,3,3,3131,0.9682539682539715,,0
2025-09-02,2025-09-02,4,435dc567388f0b921f9f7345bdbe8684dcaebaeced0d76965eeb94da0dc2fcfb,v11_e2a10e8c6af1c0803ba4,False,False,False,588080,588080,588080,False,False,False,90.4948253442836,88.2292181289403,88.2292181289403,0.0,4,4,3131,0.9682539682539715,,0
2025-09-03,2025-09-03,4,435dc567388f0b921f9f7345bdbe8684dcaebaeced0d76965eeb94da0dc2fcfb,v11_e2a10e8c6af1c0803ba4,False,False,False,588080,588080,588080,False,False,False,88.2292181289403,86.41673235666566,86.41673235666566,0.0,5,5,3131,0.9682539682539715,,0
2025-09-04,2025-09-04,4,435dc567388f0b921f9f7345bdbe8684dcaebaeced0d76965eeb94da0dc2fcfb,v11_e2a10e8c6af1c0803ba4,False,False,False,588080,159915,159915,True,False,True,86.41673235666566,81.04400667456585,81.02779787323094,0.016208801334913172,6,0,3131,3.4516938519447784,,0
2025-09-05,2025-09-05,4,435dc567388f0b921f9f7345bdbe8684dcaebaeced0d76965eeb94da0dc2fcfb,v11_e2a10e8c6af1c0803ba4,False,False,False,159915,159915,159915,False,False,False,81.02779787323094,86.71240891995343,86.71240891995343,0.0,1,1,3131,3.693851944792958,,0
2025-09-08,2025-09-08,4,435dc567388f0b921f9f7345bdbe8684dcaebaeced0d76965eeb94da0dc2fcfb,v11_e2a10e8c6af1c0803ba4,False,False,False,159915,159915,159915,False,False,False,86.71240891995343,85.65206696305184,85.65206696305184,0.0,2,2,3131,3.693851944792958,,0
2025-09-09,2025-09-09,4,435dc567388f0b921f9f7345bdbe8684dcaebaeced0d76965eeb94da0dc2fcfb,v11_e2a10e8c6af1c0803ba4,False,False,False,159915,159915,159915,False,False,False,85.65206696305184,83.79646853847403,83.79646853847403,0.0,3,3,3131,3.693851944792958,,0
2025-09-10,2025-09-10,4,435dc567388f0b921f9f7345bdbe8684dcaebaeced0d76965eeb94da0dc2fcfb,v11_e2a10e8c6af1c0803ba4,False,False,False,159915,159915,159915,False,False,False,83.79646853847403,84.68008683589203,84.68008683589203,0.0,4,4,3131,3.693851944792958,,0
2025-09-11,2025-09-11,4,435dc567388f0b921f9f7345bdbe8684dcaebaeced0d76965eeb94da0dc2fcfb,v11_e2a10e8c6af1c0803ba4,False,False,False,159915,159915,159915,False,False,False,84.68008683589203,89.09817832298204,89.09817832298204,0.0,5,5,3131,3.7954830614805357,,0
2025-09-12,2025-09-12,4,435dc567388f0b921f9f7345bdbe8684dcaebaeced0d76965eeb94da0dc2fcfb,v11_e2a10e8c6af1c0803ba4,False,False,False,159915,159915,159915,False,False,False,89.09817832298204,88.21456002556404,88.21456002556404,0.0,6,6,3131,3.7954830614805357,,0
2025-09-15,2025-09-15,4,435dc567388f0b921f9f7345bdbe8684dcaebaeced0d76965eeb94da0dc2fcfb,v11_e2a10e8c6af1c0803ba4,False,False,False,159915,159915,159915,False,False,False,88.21456002556404,89.45162564194925,89.45162564194925,0.0,7,7,3131,3.810539523212029,,0
2025-09-16,2025-09-16,4,435dc567388f0b921f9f7345bdbe8684dcaebaeced0d76965eeb94da0dc2fcfb,v11_e2a10e8c6af1c0803ba4,False,False,False,159915,159915,159915,False,False,False,89.45162564194925,90.09961239338912,90.09961239338912,0.0,8,8,3131,3.838143036386433,,0
2025-09-17,2025-09-17,4,435dc567388f0b921f9f7345bdbe8684dcaebaeced0d76965eeb94da0dc2fcfb,v11_e2a10e8c6af1c0803ba4,False,False,False,159915,159915,159915,False,False,False,90.09961239338912,91.86684898822514,91.86684898822514,0.0,9,9,3131,3.9134253450438985,,0
2025-09-18,2025-09-18,4,435dc567388f0b921f9f7345bdbe8684dcaebaeced0d76965eeb94da0dc2fcfb,v11_e2a10e8c6af1c0803ba4,False,False,False,159915,159915,159915,False,False,False,91.86684898822514,90.33524393936726,90.33524393936726,0.0,10,10,3131,3.9134253450438985,,0
2025-09-19,2025-09-19,4,435dc567388f0b921f9f7345bdbe8684dcaebaeced0d76965eeb94da0dc2fcfb,v11_e2a10e8c6af1c0803ba4,False,False,False,159915,159915,159915,False,False,False,90.33524393936726,90.18797422313091,90.18797422313091,0.0,11,11,3131,3.9134253450438985,,0
2025-09-22,2025-09-22,4,435dc567388f0b921f9f7345bdbe8684dcaebaeced0d76965eeb94da0dc2fcfb,v11_e2a10e8c6af1c0803ba4,False,False,False,159915,159915,159915,False,False,False,90.18797422313091,90.77705308807624,90.77705308807624,0.0,12,12,3131,3.9134253450438985,,0
2025-09-23,2025-09-23,4,435dc567388f0b921f9f7345bdbe8684dcaebaeced0d76965eeb94da0dc2fcfb,v11_e2a10e8c6af1c0803ba4,False,False,False,159915,159915,159915,False,False,False,90.77705308807624,91.1010464637962,91.1010464637962,0.0,13,13,3131,3.9134253450438985,,0
2025-09-24,2025-09-24,4,435dc567388f0b921f9f7345bdbe8684dcaebaeced0d76965eeb94da0dc2fcfb,v11_e2a10e8c6af1c0803ba4,False,False,False,159915,159915,159915,False,False,False,91.1010464637962,93.07446066136306,93.07446066136306,0.0,14,14,3131,3.9648682559598325,,0
2025-09-25,2025-09-25,4,435dc567388f0b921f9f7345bdbe8684dcaebaeced0d76965eeb94da0dc2fcfb,v11_e2a10e8c6af1c0803ba4,False,False,False,159915,159915,159915,False,False,False,93.07446066136306,94.57661176697366,94.57661176697366,0.0,15,15,3131,4.028858218318677,,0
2025-09-26,2025-09-26,4,435dc567388f0b921f9f7345bdbe8684dcaebaeced0d76965eeb94da0dc2fcfb,v11_e2a10e8c6af1c0803ba4,False,False,False,159915,159915,159915,False,False,False,94.57661176697366,92.16138842069778,92.16138842069778,0.0,16,16,3131,4.028858218318677,,0
2025-09-29,2025-09-29,4,435dc567388f0b921f9f7345bdbe8684dcaebaeced0d76965eeb94da0dc2fcfb,v11_e2a10e8c6af1c0803ba4,False,False,False,159915,159915,159915,False,False,False,92.16138842069778,94.63551965346818,94.63551965346818,0.0,17,17,3131,4.03136762860726,,0
2025-09-30,2025-09-30,4,435dc567388f0b921f9f7345bdbe8684dcaebaeced0d76965eeb94da0dc2fcfb,v11_e2a10e8c6af1c0803ba4,False,False,False,159915,159915,159915,False,False,False,94.63551965346818,94.75333542645724,94.75333542645724,0.0,18,18,3131,4.036386449184424,,0
2025-10-09,2025-10-09,4,435dc567388f0b921f9f7345bdbe8684dcaebaeced0d76965eeb94da0dc2fcfb,v11_e2a10e8c6af1c0803ba4,False,False,False,159915,159915,159915,False,False,False,94.75333542645724,95.28350640490804,95.28350640490804,0.0,19,19,3131,4.058971141781663,,0
2025-10-10,2025-10-10,4,435dc567388f0b921f9f7345bdbe8684dcaebaeced0d76965eeb94da0dc2fcfb,v11_e2a10e8c6af1c0803ba4,False,False,False,159915,513100,513100,True,False,True,95.28350640490804,91.1599543502907,91.14172235942065,0.01823199087005814,20,0,3131,9.327983951855584,,0
2025-10-13,2025-10-13,4,435dc567388f0b921f9f7345bdbe8684dcaebaeced0d76965eeb94da0dc2fcfb,v11_e2a10e8c6af1c0803ba4,False,False,False,513100,513100,513100,False,False,False,91.14172235942065,89.62269365343032,89.62269365343032,0.0,1,1,3131,9.327983951855584,,0
2025-10-14,2025-10-14,4,435dc567388f0b921f9f7345bdbe8684dcaebaeced0d76965eeb94da0dc2fcfb,v11_e2a10e8c6af1c0803ba4,False,False,False,513100,513100,513100,False,False,False,89.62269365343032,88.69167605943625,88.69167605943625,0.0,2,2,3131,9.327983951855584,,0
2025-10-15,2025-10-15,4,435dc567388f0b921f9f7345bdbe8684dcaebaeced0d76965eeb94da0dc2fcfb,v11_e2a10e8c6af1c0803ba4,False,False,False,513100,512400,512400,False,False,True,88.69167605943625,89.42668994943158,89.4088046114417,0.017885337989886316,3,0,3131,1.719613495994083,,0
2025-10-16,2025-10-16,4,435dc567388f0b921f9f7345bdbe8684dcaebaeced0d76965eeb94da0dc2fcfb,v11_e2a10e8c6af1c0803ba4,False,False,False,512400,512400,512400,False,False,False,89.4088046114417,87.35814395521597,87.35814395521597,0.0,1,1,3131,1.719613495994083,,0
2025-10-17,2025-10-17,4,435dc567388f0b921f9f7345bdbe8684dcaebaeced0d76965eeb94da0dc2fcfb,v11_e2a10e8c6af1c0803ba4,False,False,False,512400,512400,512400,False,False,False,87.35814395521597,85.66634891382975,85.66634891382975,0.0,2,2,3131,1.719613495994083,,0
2025-10-20,2025-10-20,4,435dc567388f0b921f9f7345bdbe8684dcaebaeced0d76965eeb94da0dc2fcfb,v11_e2a10e8c6af1c0803ba4,False,False,False,512400,512400,512400,False,False,False,85.66634891382975,84.48721903649995,84.48721903649995,0.0,3,3,3131,1.719613495994083,,0
2025-10-21,2025-10-21,4,435dc567388f0b921f9f7345bdbe8684dcaebaeced0d76965eeb94da0dc2fcfb,v11_e2a10e8c6af1c0803ba4,False,False,False,512400,512400,512400,False,False,False,84.48721903649995,85.82014846304666,85.82014846304666,0.0,4,4,3131,1.719613495994083,,0
2025-10-22,2025-10-22,4,435dc567388f0b921f9f7345bdbe8684dcaebaeced0d76965eeb94da0dc2fcfb,v11_e2a10e8c6af1c0803ba4,False,False,False,512400,512400,512400,False,False,False,85.82014846304666,84.69228510212251,84.69228510212251,0.0,5,5,3131,1.719613495994083,,0
2025-10-23,2025-10-23,4,435dc567388f0b921f9f7345bdbe8684dcaebaeced0d76965eeb94da0dc2fcfb,v11_e2a10e8c6af1c0803ba4,False,False,False,512400,512400,512400,False,False,False,84.69228510212251,85.66634891382974,85.66634891382974,0.0,6,6,3131,1.719613495994083,,0
2025-10-24,2025-10-24,4,435dc567388f0b921f9f7345bdbe8684dcaebaeced0d76965eeb94da0dc2fcfb,v11_e2a10e8c6af1c0803ba4,False,False,False,512400,512400,512400,False,False,False,85.66634891382974,87.15307788959339,87.15307788959339,0.0,7,7,3131,1.719613495994083,,0
2025-10-27,2025-10-27,4,435dc567388f0b921f9f7345bdbe8684dcaebaeced0d76965eeb94da0dc2fcfb,v11_e2a10e8c6af1c0803ba4,False,False,False,512400,512400,512400,False,False,False,87.15307788959339,89.25500506222477,89.25500506222477,0.0,8,8,3131,1.719613495994083,,0
2025-10-28,2025-10-28,4,435dc567388f0b921f9f7345bdbe8684dcaebaeced0d76965eeb94da0dc2fcfb,v11_e2a10e8c6af1c0803ba4,False,False,False,512400,512400,512400,False,False,False,89.25500506222477,86.43534665991439,86.43534665991439,0.0,9,9,3131,1.719613495994083,,0
2025-10-29,2025-10-29,4,435dc567388f0b921f9f7345bdbe8684dcaebaeced0d76965eeb94da0dc2fcfb,v11_e2a10e8c6af1c0803ba4,False,False,False,512400,512400,512400,False,False,False,86.43534665991439,90.43413493955455,90.43413493955455,0.0,10,10,3131,1.739333834250896,,0
2025-10-30,2025-10-30,4,435dc567388f0b921f9f7345bdbe8684dcaebaeced0d76965eeb94da0dc2fcfb,v11_e2a10e8c6af1c0803ba4,False,False,False,512400,512400,512400,False,False,False,90.43413493955455,91.45946526766743,91.45946526766743,0.0,11,11,3131,1.759054172507709,,0
2025-10-31,2025-10-31,4,435dc567388f0b921f9f7345bdbe8684dcaebaeced0d76965eeb94da0dc2fcfb,v11_e2a10e8c6af1c0803ba4,False,False,False,512400,512400,512400,False,False,False,91.45946526766743,89.4088046114417,89.4088046114417,0.0,12,12,3131,1.759054172507709,,0
2025-11-03,2025-11-03,4,435dc567388f0b921f9f7345bdbe8684dcaebaeced0d76965eeb94da0dc2fcfb,v11_e2a10e8c6af1c0803ba4,False,False,False,512400,512400,512400,False,False,False,89.4088046114417,88.12714170130063,88.12714170130063,0.0,13,13,3131,1.759054172507709,,0
2025-11-04,2025-11-04,4,435dc567388f0b921f9f7345bdbe8684dcaebaeced0d76965eeb94da0dc2fcfb,v11_e2a10e8c6af1c0803ba4,False,False,False,512400,513100,513100,False,False,True,88.12714170130063,85.46128284820718,85.44419059163754,0.017092256569641435,14,0,3131,9.72918756268809,,0
2025-11-05,2025-11-05,4,435dc567388f0b921f9f7345bdbe8684dcaebaeced0d76965eeb94da0dc2fcfb,v11_e2a10e8c6af1c0803ba4,False,False,False,513100,513100,513100,False,False,False,85.44419059163754,84.21097546969638,84.21097546969638,0.0,1,1,3131,9.72918756268809,,0
2025-11-06,2025-11-06,4,435dc567388f0b921f9f7345bdbe8684dcaebaeced0d76965eeb94da0dc2fcfb,v11_e2a10e8c6af1c0803ba4,False,False,False,513100,513100,513100,False,False,False,84.21097546969638,85.8405811665472,85.8405811665472,0.0,2,2,3131,9.774322968906747,,0
2025-11-07,2025-11-07,4,435dc567388f0b921f9f7345bdbe8684dcaebaeced0d76965eeb94da0dc2fcfb,v11_e2a10e8c6af1c0803ba4,False,False,False,513100,512890,512890,False,False,True,85.8405811665472,84.73949623624259,84.72254833699535,0.01694789924724852,3,0,3131,2.4267198404785764,,0
2025-11-10,2025-11-10,4,435dc567388f0b921f9f7345bdbe8684dcaebaeced0d76965eeb94da0dc2fcfb,v11_e2a10e8c6af1c0803ba4,False,False,False,512890,512890,512890,False,False,False,84.72254833699535,85.41870732086548,85.41870732086548,0.0,1,1,3131,2.4466600199401913,,0
2025-11-11,2025-11-11,4,435dc567388f0b921f9f7345bdbe8684dcaebaeced0d76965eeb94da0dc2fcfb,v11_e2a10e8c6af1c0803ba4,False,False,False,512890,512890,512890,False,False,False,85.41870732086548,85.76678681280055,85.76678681280055,0.0,2,2,3131,2.456630109670999,,0
2025-11-12,2025-11-12,4,435dc567388f0b921f9f7345bdbe8684dcaebaeced0d76965eeb94da0dc2fcfb,v11_e2a10e8c6af1c0803ba4,False,False,False,512890,512890,512890,False,False,False,85.76678681280055,86.53256169505771,86.53256169505771,0.0,3,3,3131,2.478564307078776,,0
2025-11-13,2025-11-13,4,435dc567388f0b921f9f7345bdbe8684dcaebaeced0d76965eeb94da0dc2fcfb,v11_e2a10e8c6af1c0803ba4,False,False,False,512890,512890,512890,False,False,False,86.53256169505771,86.25409810150965,86.25409810150965,0.0,4,4,3131,2.478564307078776,,0
2025-11-14,2025-11-14,4,435dc567388f0b921f9f7345bdbe8684dcaebaeced0d76965eeb94da0dc2fcfb,v11_e2a10e8c6af1c0803ba4,False,False,False,512890,512890,512890,False,False,False,86.25409810150965,85.9756345079616,85.9756345079616,0.0,5,5,3131,2.478564307078776,,0
2025-11-17,2025-11-17,4,435dc567388f0b921f9f7345bdbe8684dcaebaeced0d76965eeb94da0dc2fcfb,v11_e2a10e8c6af1c0803ba4,False,False,False,512890,512890,512890,False,False,False,85.9756345079616,85.20985962570444,85.20985962570444,0.0,6,6,3131,2.478564307078776,,0
2025-11-18,2025-11-18,4,435dc567388f0b921f9f7345bdbe8684dcaebaeced0d76965eeb94da0dc2fcfb,v11_e2a10e8c6af1c0803ba4,False,False,False,512890,512890,512890,False,False,False,85.20985962570444,84.72254833699536,84.72254833699536,0.0,7,7,3131,2.478564307078776,,0
2025-11-19,2025-11-19,4,435dc567388f0b921f9f7345bdbe8684dcaebaeced0d76965eeb94da0dc2fcfb,v11_e2a10e8c6af1c0803ba4,False,False,False,512890,512890,512890,False,False,False,84.72254833699536,84.86178013376939,84.86178013376939,0.0,8,8,3131,2.478564307078776,,0
2025-11-20,2025-11-20,4,435dc567388f0b921f9f7345bdbe8684dcaebaeced0d76965eeb94da0dc2fcfb,v11_e2a10e8c6af1c0803ba4,False,False,False,512890,512890,512890,False,False,False,84.86178013376939,85.48832321925249,85.48832321925249,0.0,9,9,3131,2.478564307078776,,0
2025-11-21,2025-11-21,4,435dc567388f0b921f9f7345bdbe8684dcaebaeced0d76965eeb94da0dc2fcfb,v11_e2a10e8c6af1c0803ba4,False,False,False,512890,512890,512890,False,False,False,85.48832321925249,84.16562114989925,84.16562114989925,0.0,10,10,3131,2.478564307078776,,0
2025-11-24,2025-11-24,4,435dc567388f0b921f9f7345bdbe8684dcaebaeced0d76965eeb94da0dc2fcfb,v11_e2a10e8c6af1c0803ba4,False,False,False,512890,512890,512890,False,False,False,84.16562114989925,83.67830986119016,83.67830986119016,0.0,11,11,3131,2.478564307078776,,0
2025-11-25,2025-11-25,4,435dc567388f0b921f9f7345bdbe8684dcaebaeced0d76965eeb94da0dc2fcfb,v11_e2a10e8c6af1c0803ba4,False,False,False,512890,512890,512890,False,False,False,83.67830986119016,84.16562114989925,84.16562114989925,0.0,12,12,3131,2.478564307078776,,0
2025-11-26,2025-11-26,4,435dc567388f0b921f9f7345bdbe8684dcaebaeced0d76965eeb94da0dc2fcfb,v11_e2a10e8c6af1c0803ba4,False,False,False,512890,512890,512890,False,False,False,84.16562114989925,83.74792575957716,83.74792575957716,0.0,13,13,3131,2.478564307078776,,0
2025-11-27,2025-11-27,4,435dc567388f0b921f9f7345bdbe8684dcaebaeced0d76965eeb94da0dc2fcfb,v11_e2a10e8c6af1c0803ba4,False,False,False,512890,513120,513120,False,False,True,83.74792575957716,83.88715755635118,83.87038012483991,0.016777431511270237,14,0,3131,1.445387062566277,,0
2025-11-28,2025-11-28,4,435dc567388f0b921f9f7345bdbe8684dcaebaeced0d76965eeb94da0dc2fcfb,v11_e2a10e8c6af1c0803ba4,False,False,False,513120,512890,512890,False,False,True,83.87038012483991,83.25504351350578,83.23839250480309,0.016651008702701156,1,0,3131,2.4007976071784762,,0
2025-12-01,2025-12-01,4,435dc567388f0b921f9f7345bdbe8684dcaebaeced0d76965eeb94da0dc2fcfb,v11_e2a10e8c6af1c0803ba4,False,False,False,512890,512890,512890,False,False,False,83.23839250480309,83.72233664727287,83.72233664727287,0.0,1,1,3131,2.414755732801607,,0
2025-12-02,2025-12-02,4,435dc567388f0b921f9f7345bdbe8684dcaebaeced0d76965eeb94da0dc2fcfb,v11_e2a10e8c6af1c0803ba4,False,False,False,512890,563300,563300,False,False,True,83.72233664727287,83.51493201478581,83.49822902838285,0.016702986402957164,2,0,3131,1.3346855983772823,,0
2025-12-03,2025-12-03,4,435dc567388f0b921f9f7345bdbe8684dcaebaeced0d76965eeb94da0dc2fcfb,v11_e2a10e8c6af1c0803ba4,False,False,False,563300,513100,513100,False,False,True,83.49822902838285,82.8002955030696,82.783735443969,0.016560059100613922,1,0,3131,9.854563691073244,,0
2025-12-04,2025-12-04,4,435dc567388f0b921f9f7345bdbe8684dcaebaeced0d76965eeb94da0dc2fcfb,v11_e2a10e8c6af1c0803ba4,False,False,False,513100,513100,513100,False,False,False,82.783735443969,82.783735443969,82.783735443969,0.0,1,1,3131,9.854563691073244,,0
2025-12-05,2025-12-05,4,435dc567388f0b921f9f7345bdbe8684dcaebaeced0d76965eeb94da0dc2fcfb,v11_e2a10e8c6af1c0803ba4,False,False,False,513100,513100,513100,False,False,False,82.783735443969,82.6994771890642,82.6994771890642,0.0,2,2,3131,9.854563691073244,,0
2025-12-08,2025-12-08,4,435dc567388f0b921f9f7345bdbe8684dcaebaeced0d76965eeb94da0dc2fcfb,v11_e2a10e8c6af1c0803ba4,False,False,False,513100,512400,512400,False,False,True,82.6994771890642,82.23605678708778,82.21960957573036,0.016447211357417557,3,0,3131,1.7807465445902024,,0
2025-12-09,2025-12-09,4,435dc567388f0b921f9f7345bdbe8684dcaebaeced0d76965eeb94da0dc2fcfb,v11_e2a10e8c6af1c0803ba4,False,False,False,512400,512400,512400,False,False,False,82.21960957573036,79.48806108484231,79.48806108484231,0.0,1,1,3131,1.7807465445902024,,0
2025-12-10,2025-12-10,4,435dc567388f0b921f9f7345bdbe8684dcaebaeced0d76965eeb94da0dc2fcfb,v11_e2a10e8c6af1c0803ba4,False,False,False,512400,512400,512400,False,False,False,79.48806108484231,80.30752563210872,80.30752563210872,0.0,2,2,3131,1.7807465445902024,,0
2025-12-11,2025-12-11,4,435dc567388f0b921f9f7345bdbe8684dcaebaeced0d76965eeb94da0dc2fcfb,v11_e2a10e8c6af1c0803ba4,False,False,False,512400,518880,518880,False,False,True,80.30752563210872,79.71569012574965,79.6997469877245,0.01594313802514993,3,0,3131,3.469154607768473,,0
2025-12-12,2025-12-12,4,435dc567388f0b921f9f7345bdbe8684dcaebaeced0d76965eeb94da0dc2fcfb,v11_e2a10e8c6af1c0803ba4,False,False,False,518880,518880,518880,False,False,False,79.6997469877245,80.72333320040988,80.72333320040988,0.0,1,1,3131,3.513709063214018,,0
2025-12-15,2025-12-15,4,435dc567388f0b921f9f7345bdbe8684dcaebaeced0d76965eeb94da0dc2fcfb,v11_e2a10e8c6af1c0803ba4,False,False,False,518880,518880,518880,False,False,False,80.72333320040988,81.80815961385422,81.80815961385422,0.0,2,2,3131,3.5609291698400654,,0
2025-12-16,2025-12-16,4,435dc567388f0b921f9f7345bdbe8684dcaebaeced0d76965eeb94da0dc2fcfb,v11_e2a10e8c6af1c0803ba4,False,False,False,518880,518880,518880,False,False,False,81.80815961385422,80.83706500181937,80.83706500181937,0.0,3,3,3131,3.5609291698400654,,0
2025-12-17,2025-12-17,4,435dc567388f0b921f9f7345bdbe8684dcaebaeced0d76965eeb94da0dc2fcfb,v11_e2a10e8c6af1c0803ba4,False,False,False,518880,518880,518880,False,False,False,80.83706500181937,81.4494670094089,81.4494670094089,0.0,4,4,3131,3.5609291698400654,,0
2025-12-18,2025-12-18,4,435dc567388f0b921f9f7345bdbe8684dcaebaeced0d76965eeb94da0dc2fcfb,v11_e2a10e8c6af1c0803ba4,False,False,False,518880,518880,518880,False,False,False,81.4494670094089,81.51945581027627,81.51945581027627,0.0,5,5,3131,3.5609291698400654,,0
2025-12-19,2025-12-19,4,435dc567388f0b921f9f7345bdbe8684dcaebaeced0d76965eeb94da0dc2fcfb,v11_e2a10e8c6af1c0803ba4,False,False,False,518880,512400,512400,False,False,True,81.51945581027627,81.47571280973418,81.45941766717223,0.016295142561946835,6,0,3131,1.7817325615030428,,0
2025-12-22,2025-12-22,4,435dc567388f0b921f9f7345bdbe8684dcaebaeced0d76965eeb94da0dc2fcfb,v11_e2a10e8c6af1c0803ba4,False,False,False,512400,512400,512400,False,False,False,81.45941766717223,83.26261451647322,83.26261451647322,0.0,1,1,3131,1.8211732380166685,,0
2025-12-23,2025-12-23,4,435dc567388f0b921f9f7345bdbe8684dcaebaeced0d76965eeb94da0dc2fcfb,v11_e2a10e8c6af1c0803ba4,False,False,False,512400,512400,512400,False,False,False,83.26261451647322,83.80357357126353,83.80357357126353,0.0,2,2,3131,1.8330054409707564,,0
2025-12-24,2025-12-24,4,435dc567388f0b921f9f7345bdbe8684dcaebaeced0d76965eeb94da0dc2fcfb,v11_e2a10e8c6af1c0803ba4,False,False,False,512400,512400,512400,False,False,False,83.80357357126353,84.25437278358878,84.25437278358878,0.0,3,3,3131,1.842865610099163,,0
2025-12-25,2025-12-25,4,435dc567388f0b921f9f7345bdbe8684dcaebaeced0d76965eeb94da0dc2fcfb,v11_e2a10e8c6af1c0803ba4,False,False,False,512400,512400,512400,False,False,False,84.25437278358878,83.26261451647323,83.26261451647323,0.0,4,4,3131,1.842865610099163,,0
2025-12-26,2025-12-26,4,435dc567388f0b921f9f7345bdbe8684dcaebaeced0d76965eeb94da0dc2fcfb,v11_e2a10e8c6af1c0803ba4,False,False,False,512400,512400,512400,False,False,False,83.26261451647323,86.55344876644754,86.55344876644754,0.0,5,5,3131,1.8931524726540359,,0
2025-12-29,2025-12-29,4,435dc567388f0b921f9f7345bdbe8684dcaebaeced0d76965eeb94da0dc2fcfb,v11_e2a10e8c6af1c0803ba4,False,False,False,512400,512400,512400,False,False,False,86.55344876644754,84.6600920746815,84.6600920746815,0.0,6,6,3131,1.8931524726540359,,0
2025-12-30,2025-12-30,4,435dc567388f0b921f9f7345bdbe8684dcaebaeced0d76965eeb94da0dc2fcfb,v11_e2a10e8c6af1c0803ba4,False,False,False,512400,512400,512400,False,False,False,84.6600920746815,86.05756963288977,86.05756963288977,0.0,7,7,3131,1.8931524726540359,,0
2025-12-31,2025-12-31,4,435dc567388f0b921f9f7345bdbe8684dcaebaeced0d76965eeb94da0dc2fcfb,v11_e2a10e8c6af1c0803ba4,False,False,False,512400,512400,512400,False,False,False,86.05756963288977,86.86900821507521,86.86900821507521,0.0,8,8,3131,1.9000545910439204,,0
