date,signal_date,segment,model_key,model_id,model_changed,policy_created,pending_reset,previous_holding,intended,holding,panic,crash_requested,filled,locked_exit_requested,previous_nav,marked_nav,nav,cost,age_before_policy,age,lock_until,asset_peak,confirmation_target,confirmation_count
2014-01-02,2013-12-31,0,673b793383011830c1624c092f88326bc0bc25aff3be2b92c02116f8f660245e,v12_cca586e367aa3071f32a,False,True,False,,511880,511880,False,False,True,False,1.0,1.0,1.0,0.0,0,0,-1,1.0220580224046898,,0
2014-01-03,2014-01-02,0,673b793383011830c1624c092f88326bc0bc25aff3be2b92c02116f8f660245e,v12_cca586e367aa3071f32a,False,False,False,511880,511880,511880,False,False,False,False,1.0,1.0010175601814164,1.0010175601814164,0.0,1,1,-1,1.0220580224046898,,0
2014-01-06,2014-01-03,0,673b793383011830c1624c092f88326bc0bc25aff3be2b92c02116f8f660245e,v12_cca586e367aa3071f32a,False,False,False,511880,511880,511880,False,False,False,False,1.0010175601814164,1.001153234872272,1.001153234872272,0.0,2,2,-1,1.0220580224046898,,0
2014-01-07,2014-01-06,0,673b793383011830c1624c092f88326bc0bc25aff3be2b92c02116f8f660245e,v12_cca586e367aa3071f32a,False,False,False,511880,511880,511880,False,False,False,False,1.001153234872272,1.0015796410435323,1.0015796410435323,0.0,3,3,-1,1.0220580224046898,,0
2014-01-08,2014-01-07,0,673b793383011830c1624c092f88326bc0bc25aff3be2b92c02116f8f660245e,v12_cca586e367aa3071f32a,False,False,False,511880,511880,511880,False,False,False,False,1.0015796410435323,1.0014924215994108,1.0014924215994108,0.0,4,4,-1,1.0220580224046898,,0
2014-01-09,2014-01-08,0,673b793383011830c1624c092f88326bc0bc25aff3be2b92c02116f8f660245e,v12_cca586e367aa3071f32a,False,False,False,511880,511880,511880,False,False,False,False,1.0014924215994108,1.0016184052409196,1.0016184052409196,0.0,5,5,-1,1.0220580224046898,,0
2014-01-10,2014-01-09,0,673b793383011830c1624c092f88326bc0bc25aff3be2b92c02116f8f660245e,v12_cca586e367aa3071f32a,False,False,False,511880,511880,511880,False,False,False,False,1.0016184052409196,1.0018800635732839,1.0018800635732839,0.0,6,6,-1,1.0220580224046898,,0
2014-01-13,2014-01-10,0,673b793383011830c1624c092f88326bc0bc25aff3be2b92c02116f8f660245e,v12_cca586e367aa3071f32a,False,False,False,511880,511880,511880,False,False,False,False,1.0018800635732839,1.002132030856301,1.002132030856301,0.0,7,7,-1,1.0220580224046898,,0
2014-01-14,2014-01-13,0,673b793383011830c1624c092f88326bc0bc25aff3be2b92c02116f8f660245e,v12_cca586e367aa3071f32a,False,False,False,511880,511880,511880,False,False,False,False,1.002132030856301,1.0024227623367057,1.0024227623367057,0.0,8,8,-1,1.0220580224046898,,0
2014-01-15,2014-01-14,0,673b793383011830c1624c092f88326bc0bc25aff3be2b92c02116f8f660245e,v12_cca586e367aa3071f32a,False,False,False,511880,511880,511880,False,False,False,False,1.0024227623367057,1.0025681280769079,1.0025681280769079,0.0,9,9,-1,1.0220580224046898,,0
2014-01-16,2014-01-15,0,673b793383011830c1624c092f88326bc0bc25aff3be2b92c02116f8f660245e,v12_cca586e367aa3071f32a,False,False,False,511880,511880,511880,False,False,False,False,1.0025681280769079,1.0029751521494745,1.0029751521494745,0.0,10,10,-1,1.0220580224046898,,0
2014-01-17,2014-01-16,0,673b793383011830c1624c092f88326bc0bc25aff3be2b92c02116f8f660245e,v12_cca586e367aa3071f32a,False,False,False,511880,511880,511880,False,False,False,False,1.0029751521494745,1.0029363879520874,1.0029363879520874,0.0,11,11,-1,1.0220580224046898,,0
2014-01-20,2014-01-17,0,673b793383011830c1624c092f88326bc0bc25aff3be2b92c02116f8f660245e,v12_cca586e367aa3071f32a,False,False,False,511880,511880,511880,False,False,False,False,1.0029363879520874,1.0026163540040158,1.0026163540040158,0.0,12,12,-1,1.0220580224046898,,0
2014-01-21,2014-01-20,0,673b793383011830c1624c092f88326bc0bc25aff3be2b92c02116f8f660245e,v12_cca586e367aa3071f32a,False,False,False,511880,511880,511880,False,False,False,False,1.0026163540040158,1.002836377343315,1.002836377343315,0.0,13,13,-1,1.0220580224046898,,0
2014-01-22,2014-01-21,0,673b793383011830c1624c092f88326bc0bc25aff3be2b92c02116f8f660245e,v12_cca586e367aa3071f32a,False,False,False,511880,511880,511880,False,False,False,False,1.002836377343315,1.0033864356915634,1.0033864356915634,0.0,14,14,-1,1.0220580224046898,,0
2014-01-23,2014-01-22,0,673b793383011830c1624c092f88326bc0bc25aff3be2b92c02116f8f660245e,v12_cca586e367aa3071f32a,False,False,False,511880,511880,511880,False,False,False,False,1.0033864356915634,1.00379647918753,1.00379647918753,0.0,15,15,-1,1.0220580224046898,,0
2014-01-24,2014-01-23,0,673b793383011830c1624c092f88326bc0bc25aff3be2b92c02116f8f660245e,v12_cca586e367aa3071f32a,False,False,False,511880,511880,511880,False,False,False,False,1.00379647918753,1.0042065226834966,1.0042065226834966,0.0,16,16,-1,1.0220580224046898,,0
2014-01-27,2014-01-24,0,673b793383011830c1624c092f88326bc0bc25aff3be2b92c02116f8f660245e,v12_cca586e367aa3071f32a,False,False,False,511880,511880,511880,False,False,False,False,1.0042065226834966,1.004356538596655,1.004356538596655,0.0,17,17,-1,1.0220580224046898,,0
2014-01-28,2014-01-27,0,673b793383011830c1624c092f88326bc0bc25aff3be2b92c02116f8f660245e,v12_cca586e367aa3071f32a,False,False,False,511880,511880,511880,False,False,False,False,1.004356538596655,1.0045765619359543,1.0045765619359543,0.0,18,18,-1,1.0220580224046898,,0
2014-01-29,2014-01-28,0,673b793383011830c1624c092f88326bc0bc25aff3be2b92c02116f8f660245e,v12_cca586e367aa3071f32a,False,False,False,511880,511880,511880,False,False,False,False,1.0045765619359543,1.005906703032627,1.005906703032627,0.0,19,19,-1,1.0220580224046898,,0
2014-01-30,2014-01-29,0,673b793383011830c1624c092f88326bc0bc25aff3be2b92c02116f8f660245e,v12_cca586e367aa3071f32a,False,False,False,511880,511880,511880,False,False,False,False,1.005906703032627,1.0074768695903533,1.0074768695903533,0.0,20,20,-1,1.0220580224046898,,0
2014-02-07,2014-01-30,0,673b793383011830c1624c092f88326bc0bc25aff3be2b92c02116f8f660245e,v12_cca586e367aa3071f32a,False,False,False,511880,511880,511880,False,False,False,False,1.0074768695903533,1.0070168207900003,1.0070168207900003,0.0,21,21,-1,1.0220580224046898,,0
2014-02-10,2014-02-07,0,673b793383011830c1624c092f88326bc0bc25aff3be2b92c02116f8f660245e,v12_cca586e367aa3071f32a,False,False,False,511880,511880,511880,False,False,False,False,1.0070168207900003,1.00683680169421,1.00683680169421,0.0,22,22,-1,1.0220580224046898,,0
2014-02-11,2014-02-10,0,673b793383011830c1624c092f88326bc0bc25aff3be2b92c02116f8f660245e,v12_cca586e367aa3071f32a,False,False,False,511880,511880,511880,False,False,False,False,1.00683680169421,1.0068468027550874,1.0068468027550874,0.0,23,23,-1,1.0220580224046898,,0
2014-02-12,2014-02-11,0,673b793383011830c1624c092f88326bc0bc25aff3be2b92c02116f8f660245e,v12_cca586e367aa3071f32a,False,False,False,511880,511880,511880,False,False,False,False,1.0068468027550874,1.0071668367031592,1.0071668367031592,0.0,24,24,-1,1.0220580224046898,,0
2014-02-13,2014-02-12,0,673b793383011830c1624c092f88326bc0bc25aff3be2b92c02116f8f660245e,v12_cca586e367aa3071f32a,False,False,False,511880,511880,511880,False,False,False,False,1.0071668367031592,1.0074368653468446,1.0074368653468446,0.0,25,25,-1,1.0220580224046898,,0
2014-02-14,2014-02-13,0,673b793383011830c1624c092f88326bc0bc25aff3be2b92c02116f8f660245e,v12_cca586e367aa3071f32a,False,False,False,511880,511880,511880,False,False,False,False,1.0074368653468446,1.008546983104218,1.008546983104218,0.0,26,26,-1,1.0220580224046898,,0
2014-02-17,2014-02-14,0,673b793383011830c1624c092f88326bc0bc25aff3be2b92c02116f8f660245e,v12_cca586e367aa3071f32a,False,False,False,511880,511880,511880,False,False,False,False,1.008546983104218,1.0092670594873792,1.0092670594873792,0.0,27,27,-1,1.0220580224046898,,0
2014-02-18,2014-02-17,0,673b793383011830c1624c092f88326bc0bc25aff3be2b92c02116f8f660245e,v12_cca586e367aa3071f32a,False,False,False,511880,511880,511880,False,False,False,False,1.0092670594873792,1.0097371093486092,1.0097371093486092,0.0,28,28,-1,1.0220580224046898,,0
2014-02-19,2014-02-18,0,673b793383011830c1624c092f88326bc0bc25aff3be2b92c02116f8f660245e,v12_cca586e367aa3071f32a,False,False,False,511880,511880,511880,False,False,False,False,1.0097371093486092,1.0090970414524658,1.0090970414524658,0.0,29,29,-1,1.0220580224046898,,0
2014-02-20,2014-02-19,0,673b793383011830c1624c092f88326bc0bc25aff3be2b92c02116f8f660245e,v12_cca586e367aa3071f32a,False,False,False,511880,511880,511880,False,False,False,False,1.0090970414524658,1.0084869767389542,1.0084869767389542,0.0,30,30,-1,1.0220580224046898,,0
2014-02-21,2014-02-20,0,673b793383011830c1624c092f88326bc0bc25aff3be2b92c02116f8f660245e,v12_cca586e367aa3071f32a,False,False,False,511880,511880,511880,False,False,False,False,1.0084869767389542,1.0088770181131665,1.0088770181131665,0.0,31,31,-1,1.0220580224046898,,0
2014-02-24,2014-02-21,0,673b793383011830c1624c092f88326bc0bc25aff3be2b92c02116f8f660245e,v12_cca586e367aa3071f32a,False,False,False,511880,511880,511880,False,False,False,False,1.0088770181131665,1.0089070212957982,1.0089070212957982,0.0,32,32,-1,1.0220580224046898,,0
2014-02-25,2014-02-24,0,673b793383011830c1624c092f88326bc0bc25aff3be2b92c02116f8f660245e,v12_cca586e367aa3071f32a,False,False,False,511880,511880,511880,False,False,False,False,1.0089070212957982,1.0090870403915886,1.0090870403915886,0.0,33,33,-1,1.0220580224046898,,0
2014-02-26,2014-02-25,0,673b793383011830c1624c092f88326bc0bc25aff3be2b92c02116f8f660245e,v12_cca586e367aa3071f32a,False,False,False,511880,511880,511880,False,False,False,False,1.0090870403915886,1.00922705524387,1.00922705524387,0.0,34,34,-1,1.0220580224046898,,0
2014-02-27,2014-02-26,0,673b793383011830c1624c092f88326bc0bc25aff3be2b92c02116f8f660245e,v12_cca586e367aa3071f32a,False,False,False,511880,511880,511880,False,False,False,False,1.00922705524387,1.0092570584265017,1.0092570584265017,0.0,35,35,-1,1.0220580224046898,,0
2014-02-28,2014-02-27,0,673b793383011830c1624c092f88326bc0bc25aff3be2b92c02116f8f660245e,v12_cca586e367aa3071f32a,False,False,False,511880,511880,511880,False,False,False,False,1.0092570584265017,1.009487082826678,1.009487082826678,0.0,36,36,-1,1.0220580224046898,,0
2014-03-03,2014-02-28,0,673b793383011830c1624c092f88326bc0bc25aff3be2b92c02116f8f660245e,v12_cca586e367aa3071f32a,False,False,False,511880,511880,511880,False,False,False,False,1.009487082826678,1.0098971263226448,1.0098971263226448,0.0,37,37,-1,1.0220580224046898,,0
2014-03-04,2014-03-03,0,673b793383011830c1624c092f88326bc0bc25aff3be2b92c02116f8f660245e,v12_cca586e367aa3071f32a,False,False,False,511880,511880,511880,False,False,False,False,1.0098971263226448,1.0103471740621206,1.0103471740621206,0.0,38,38,-1,1.0220580224046898,,0
2014-03-05,2014-03-04,0,673b793383011830c1624c092f88326bc0bc25aff3be2b92c02116f8f660245e,v12_cca586e367aa3071f32a,False,False,False,511880,511880,511880,False,False,False,False,1.0103471740621206,1.0105571963405426,1.0105571963405426,0.0,39,39,-1,1.0220580224046898,,0
2014-03-06,2014-03-05,0,673b793383011830c1624c092f88326bc0bc25aff3be2b92c02116f8f660245e,v12_cca586e367aa3071f32a,False,False,False,511880,511880,511880,False,False,False,False,1.0105571963405426,1.010577198462297,1.010577198462297,0.0,40,40,-1,1.0220580224046898,,0
2014-03-07,2014-03-06,0,673b793383011830c1624c092f88326bc0bc25aff3be2b92c02116f8f660245e,v12_cca586e367aa3071f32a,False,False,False,511880,511880,511880,False,False,False,False,1.010577198462297,1.0109972430191412,1.0109972430191412,0.0,41,41,-1,1.0220580224046898,,0
2014-03-10,2014-03-07,0,673b793383011830c1624c092f88326bc0bc25aff3be2b92c02116f8f660245e,v12_cca586e367aa3071f32a,False,False,False,511880,511880,511880,False,False,False,False,1.0109972430191412,1.011067250445282,1.011067250445282,0.0,42,42,-1,1.0220580224046898,,0
2014-03-11,2014-03-10,0,673b793383011830c1624c092f88326bc0bc25aff3be2b92c02116f8f660245e,v12_cca586e367aa3071f32a,False,False,False,511880,511880,511880,False,False,False,False,1.011067250445282,1.0111672610540543,1.0111672610540543,0.0,43,43,-1,1.0220580224046898,,0
2014-03-12,2014-03-11,0,673b793383011830c1624c092f88326bc0bc25aff3be2b92c02116f8f660245e,v12_cca586e367aa3071f32a,False,False,False,511880,511880,511880,False,False,False,False,1.0111672610540543,1.011067250445282,1.011067250445282,0.0,44,44,-1,1.0220580224046898,,0
2014-03-13,2014-03-12,0,673b793383011830c1624c092f88326bc0bc25aff3be2b92c02116f8f660245e,v12_cca586e367aa3071f32a,False,False,False,511880,511880,511880,False,False,False,False,1.011067250445282,1.0109272355930006,1.0109272355930006,0.0,45,45,-1,1.0220580224046898,,0
2014-03-14,2014-03-13,0,673b793383011830c1624c092f88326bc0bc25aff3be2b92c02116f8f660245e,v12_cca586e367aa3071f32a,False,False,False,511880,511880,511880,False,False,False,False,1.0109272355930006,1.0111472589323,1.0111472589323,0.0,46,46,-1,1.0220580224046898,,0
2014-03-17,2014-03-14,0,673b793383011830c1624c092f88326bc0bc25aff3be2b92c02116f8f660245e,v12_cca586e367aa3071f32a,False,False,False,511880,511880,511880,False,False,False,False,1.0111472589323,1.0112972748454585,1.0112972748454585,0.0,47,47,-1,1.0220580224046898,,0
2014-03-18,2014-03-17,0,673b793383011830c1624c092f88326bc0bc25aff3be2b92c02116f8f660245e,v12_cca586e367aa3071f32a,False,False,False,511880,511880,511880,False,False,False,False,1.0112972748454585,1.0114572918194944,1.0114572918194944,0.0,48,48,-1,1.0220580224046898,,0
2014-03-19,2014-03-18,0,673b793383011830c1624c092f88326bc0bc25aff3be2b92c02116f8f660245e,v12_cca586e367aa3071f32a,False,False,False,511880,511880,511880,False,False,False,False,1.0114572918194944,1.0114972960630033,1.0114972960630033,0.0,49,49,-1,1.0220580224046898,,0
2014-03-20,2014-03-19,0,673b793383011830c1624c092f88326bc0bc25aff3be2b92c02116f8f660245e,v12_cca586e367aa3071f32a,False,False,False,511880,511880,511880,False,False,False,False,1.0114972960630033,1.0115373003065125,1.0115373003065125,0.0,50,50,-1,1.0220580224046898,,0
2014-03-21,2014-03-20,0,673b793383011830c1624c092f88326bc0bc25aff3be2b92c02116f8f660245e,v12_cca586e367aa3071f32a,False,False,False,511880,511880,511880,False,False,False,False,1.0115373003065125,1.0117973278893204,1.0117973278893204,0.0,51,51,-1,1.0220580224046898,,0
2014-03-24,2014-03-21,0,673b793383011830c1624c092f88326bc0bc25aff3be2b92c02116f8f660245e,v12_cca586e367aa3071f32a,False,False,False,511880,511880,511880,False,False,False,False,1.0117973278893204,1.0118073289501976,1.0118073289501976,0.0,52,52,-1,1.0220580224046898,,0
2014-03-25,2014-03-24,0,673b793383011830c1624c092f88326bc0bc25aff3be2b92c02116f8f660245e,v12_cca586e367aa3071f32a,False,False,False,511880,511880,511880,False,False,False,False,1.0118073289501976,1.0118073289501976,1.0118073289501976,0.0,53,53,-1,1.0220580224046898,,0
2014-03-26,2014-03-25,0,673b793383011830c1624c092f88326bc0bc25aff3be2b92c02116f8f660245e,v12_cca586e367aa3071f32a,False,False,False,511880,511880,511880,False,False,False,False,1.0118073289501976,1.0120473544112514,1.0120473544112514,0.0,54,54,-1,1.0220580224046898,,0
2014-03-27,2014-03-26,0,673b793383011830c1624c092f88326bc0bc25aff3be2b92c02116f8f660245e,v12_cca586e367aa3071f32a,False,False,False,511880,511880,511880,False,False,False,False,1.0120473544112514,1.0118773363763383,1.0118773363763383,0.0,55,55,-1,1.0220580224046898,,0
2014-03-28,2014-03-27,0,673b793383011830c1624c092f88326bc0bc25aff3be2b92c02116f8f660245e,v12_cca586e367aa3071f32a,False,False,False,511880,511880,511880,False,False,False,False,1.0118773363763383,1.0118173300110747,1.0118173300110747,0.0,56,56,-1,1.0220580224046898,,0
2014-03-31,2014-03-28,0,673b793383011830c1624c092f88326bc0bc25aff3be2b92c02116f8f660245e,v12_cca586e367aa3071f32a,False,False,False,511880,511880,511880,False,False,False,False,1.0118173300110747,1.0126074138203764,1.0126074138203764,0.0,57,57,-1,1.0220580224046898,,0
2014-04-01,2014-03-31,0,673b793383011830c1624c092f88326bc0bc25aff3be2b92c02116f8f660245e,v12_cca586e367aa3071f32a,False,False,False,511880,511880,511880,False,False,False,False,1.0126074138203764,1.0129974551945888,1.0129974551945888,0.0,58,58,-1,1.0220580224046898,,0
2014-04-02,2014-04-01,0,673b793383011830c1624c092f88326bc0bc25aff3be2b92c02116f8f660245e,v12_cca586e367aa3071f32a,False,False,False,511880,511880,511880,False,False,False,False,1.0129974551945888,1.0131574721686247,1.0131574721686247,0.0,59,59,-1,1.0220580224046898,,0
2014-04-03,2014-04-02,0,673b793383011830c1624c092f88326bc0bc25aff3be2b92c02116f8f660245e,v12_cca586e367aa3071f32a,False,False,False,511880,511880,511880,False,False,False,False,1.0131574721686247,1.0133074880817832,1.0133074880817832,0.0,60,60,-1,1.0220580224046898,,0
2014-04-04,2014-04-03,0,673b793383011830c1624c092f88326bc0bc25aff3be2b92c02116f8f660245e,v12_cca586e367aa3071f32a,False,False,False,511880,511880,511880,False,False,False,False,1.0133074880817832,1.0138675474909087,1.0138675474909087,0.0,61,61,-1,1.0220580224046898,,0
2014-04-08,2014-04-04,0,673b793383011830c1624c092f88326bc0bc25aff3be2b92c02116f8f660245e,v12_cca586e367aa3071f32a,False,False,False,511880,511880,511880,False,False,False,False,1.0138675474909087,1.0138375443082768,1.0138375443082768,0.0,62,62,-1,1.0220580224046898,,0
2014-04-09,2014-04-08,0,673b793383011830c1624c092f88326bc0bc25aff3be2b92c02116f8f660245e,v12_cca586e367aa3071f32a,False,False,False,511880,511880,511880,False,False,False,False,1.0138375443082768,1.0138975506735401,1.0138975506735401,0.0,63,63,-1,1.0220580224046898,,0
2014-04-10,2014-04-09,0,673b793383011830c1624c092f88326bc0bc25aff3be2b92c02116f8f660245e,v12_cca586e367aa3071f32a,False,False,False,511880,511880,511880,False,False,False,False,1.0138975506735401,1.0140775697693303,1.0140775697693303,0.0,64,64,-1,1.0220580224046898,,0
2014-04-11,2014-04-10,0,673b793383011830c1624c092f88326bc0bc25aff3be2b92c02116f8f660245e,v12_cca586e367aa3071f32a,False,False,False,511880,511880,511880,False,False,False,False,1.0140775697693303,1.0145676217523147,1.0145676217523147,0.0,65,65,-1,1.0220580224046898,,0
2014-04-14,2014-04-11,0,673b793383011830c1624c092f88326bc0bc25aff3be2b92c02116f8f660245e,v12_cca586e367aa3071f32a,False,False,False,511880,511880,511880,False,False,False,False,1.0145676217523147,1.014577622813192,1.014577622813192,0.0,66,66,-1,1.0220580224046898,,0
2014-04-15,2014-04-14,0,673b793383011830c1624c092f88326bc0bc25aff3be2b92c02116f8f660245e,v12_cca586e367aa3071f32a,False,False,False,511880,511880,511880,False,False,False,False,1.014577622813192,1.0146376291784553,1.0146376291784553,0.0,67,67,-1,1.0220580224046898,,0
2014-04-16,2014-04-15,0,673b793383011830c1624c092f88326bc0bc25aff3be2b92c02116f8f660245e,v12_cca586e367aa3071f32a,False,False,False,511880,511880,511880,False,False,False,False,1.0146376291784553,1.0147776440307366,1.0147776440307366,0.0,68,68,-1,1.0220580224046898,,0
2014-04-17,2014-04-16,0,673b793383011830c1624c092f88326bc0bc25aff3be2b92c02116f8f660245e,v12_cca586e367aa3071f32a,False,False,False,511880,511880,511880,False,False,False,False,1.0147776440307366,1.0148276493351227,1.0148276493351227,0.0,69,69,-1,1.0220580224046898,,0
2014-04-18,2014-04-17,0,673b793383011830c1624c092f88326bc0bc25aff3be2b92c02116f8f660245e,v12_cca586e367aa3071f32a,False,False,False,511880,511880,511880,False,False,False,False,1.0148276493351227,1.0150976779788081,1.0150976779788081,0.0,70,70,-1,1.0220580224046898,,0
2014-04-21,2014-04-18,0,673b793383011830c1624c092f88326bc0bc25aff3be2b92c02116f8f660245e,v12_cca586e367aa3071f32a,False,False,False,511880,511880,511880,False,False,False,False,1.0150976779788081,1.0152376928310896,1.0152376928310896,0.0,71,71,-1,1.0220580224046898,,0
2014-04-22,2014-04-21,0,673b793383011830c1624c092f88326bc0bc25aff3be2b92c02116f8f660245e,v12_cca586e367aa3071f32a,False,False,False,511880,511880,511880,False,False,False,False,1.0152376928310896,1.0153977098051252,1.0153977098051252,0.0,72,72,-1,1.0220580224046898,,0
2014-04-23,2014-04-22,0,673b793383011830c1624c092f88326bc0bc25aff3be2b92c02116f8f660245e,v12_cca586e367aa3071f32a,False,False,False,511880,511880,511880,False,False,False,False,1.0153977098051252,1.015517722535652,1.015517722535652,0.0,73,73,-1,1.0220580224046898,,0
2014-04-24,2014-04-23,0,673b793383011830c1624c092f88326bc0bc25aff3be2b92c02116f8f660245e,v12_cca586e367aa3071f32a,False,False,False,511880,511880,511880,False,False,False,False,1.015517722535652,1.01559773102267,1.01559773102267,0.0,74,74,-1,1.0220580224046898,,0
2014-04-25,2014-04-24,0,673b793383011830c1624c092f88326bc0bc25aff3be2b92c02116f8f660245e,v12_cca586e367aa3071f32a,False,False,False,511880,511880,511880,False,False,False,False,1.01559773102267,1.016017775579514,1.016017775579514,0.0,75,75,-1,1.0220580224046898,,0
2014-04-28,2014-04-25,0,673b793383011830c1624c092f88326bc0bc25aff3be2b92c02116f8f660245e,v12_cca586e367aa3071f32a,False,False,False,511880,511880,511880,False,False,False,False,1.016017775579514,1.0155077214747747,1.0155077214747747,0.0,76,76,-1,1.0220580224046898,,0
2014-04-29,2014-04-28,0,673b793383011830c1624c092f88326bc0bc25aff3be2b92c02116f8f660245e,v12_cca586e367aa3071f32a,False,False,False,511880,511880,511880,False,False,False,False,1.0155077214747747,1.0157477469358283,1.0157477469358283,0.0,77,77,-1,1.0220580224046898,,0
2014-04-30,2014-04-29,0,673b793383011830c1624c092f88326bc0bc25aff3be2b92c02116f8f660245e,v12_cca586e367aa3071f32a,False,False,False,511880,511880,511880,False,False,False,False,1.0157477469358283,1.0167278509017976,1.0167278509017976,0.0,78,78,-1,1.0220580224046898,,0
2014-05-05,2014-04-30,0,673b793383011830c1624c092f88326bc0bc25aff3be2b92c02116f8f660245e,v12_cca586e367aa3071f32a,False,False,False,511880,511880,511880,False,False,False,False,1.0167278509017976,1.01682786151057,1.01682786151057,0.0,79,79,-1,1.0220580224046898,,0
2014-05-06,2014-05-05,0,673b793383011830c1624c092f88326bc0bc25aff3be2b92c02116f8f660245e,v12_cca586e367aa3071f32a,False,False,False,511880,511880,511880,False,False,False,False,1.01682786151057,1.016997879545483,1.016997879545483,0.0,80,80,-1,1.0220580224046898,,0
2014-05-07,2014-05-06,0,673b793383011830c1624c092f88326bc0bc25aff3be2b92c02116f8f660245e,v12_cca586e367aa3071f32a,False,False,False,511880,511880,511880,False,False,False,False,1.016997879545483,1.0171979007630279,1.0171979007630279,0.0,81,81,-1,1.0220580224046898,,0
2014-05-08,2014-05-07,0,673b793383011830c1624c092f88326bc0bc25aff3be2b92c02116f8f660245e,v12_cca586e367aa3071f32a,False,False,False,511880,511880,511880,False,False,False,False,1.0171979007630279,1.0173479166761865,1.0173479166761865,0.0,82,82,-1,1.0220580224046898,,0
2014-05-09,2014-05-08,0,673b793383011830c1624c092f88326bc0bc25aff3be2b92c02116f8f660245e,v12_cca586e367aa3071f32a,False,False,False,511880,511880,511880,False,False,False,False,1.0173479166761865,1.0176879527460125,1.0176879527460125,0.0,83,83,-1,1.0220580224046898,,0
2014-05-12,2014-05-09,0,673b793383011830c1624c092f88326bc0bc25aff3be2b92c02116f8f660245e,v12_cca586e367aa3071f32a,False,False,False,511880,511880,511880,False,False,False,False,1.0176879527460125,1.017707954867767,1.017707954867767,0.0,84,84,-1,1.0220580224046898,,0
2014-05-13,2014-05-12,0,673b793383011830c1624c092f88326bc0bc25aff3be2b92c02116f8f660245e,v12_cca586e367aa3071f32a,False,False,False,511880,511880,511880,False,False,False,False,1.017707954867767,1.0178079654765393,1.0178079654765393,0.0,85,85,-1,1.0220580224046898,,0
2014-05-14,2014-05-13,0,673b793383011830c1624c092f88326bc0bc25aff3be2b92c02116f8f660245e,v12_cca586e367aa3071f32a,False,False,False,511880,511880,511880,False,False,False,False,1.0178079654765393,1.0179079760853118,1.0179079760853118,0.0,86,86,-1,1.0220580224046898,,0
2014-05-15,2014-05-14,0,673b793383011830c1624c092f88326bc0bc25aff3be2b92c02116f8f660245e,v12_cca586e367aa3071f32a,False,False,False,511880,511880,511880,False,False,False,False,1.0179079760853118,1.018077994120225,1.018077994120225,0.0,87,87,-1,1.0220580224046898,,0
2014-05-16,2014-05-15,0,673b793383011830c1624c092f88326bc0bc25aff3be2b92c02116f8f660245e,v12_cca586e367aa3071f32a,False,False,False,511880,511880,511880,False,False,False,False,1.018077994120225,1.0183480227639103,1.0183480227639103,0.0,88,88,-1,1.0220580224046898,,0
2014-05-19,2014-05-16,0,673b793383011830c1624c092f88326bc0bc25aff3be2b92c02116f8f660245e,v12_cca586e367aa3071f32a,False,False,False,511880,511880,511880,False,False,False,False,1.0183480227639103,1.0184580344335599,1.0184580344335599,0.0,89,89,-1,1.0220580224046898,,0
2014-05-20,2014-05-19,0,673b793383011830c1624c092f88326bc0bc25aff3be2b92c02116f8f660245e,v12_cca586e367aa3071f32a,False,False,False,511880,511880,511880,False,False,False,False,1.0184580344335599,1.0185180407988232,1.0185180407988232,0.0,90,90,-1,1.0220580224046898,,0
2014-05-21,2014-05-20,0,673b793383011830c1624c092f88326bc0bc25aff3be2b92c02116f8f660245e,v12_cca586e367aa3071f32a,False,False,False,511880,511880,511880,False,False,False,False,1.0185180407988232,1.0186180514075958,1.0186180514075958,0.0,91,91,-1,1.0220580224046898,,0
2014-05-22,2014-05-21,0,673b793383011830c1624c092f88326bc0bc25aff3be2b92c02116f8f660245e,v12_cca586e367aa3071f32a,False,False,False,511880,511880,511880,False,False,False,False,1.0186180514075958,1.0188080715642633,1.0188080715642633,0.0,92,92,-1,1.0220580224046898,,0
2014-05-23,2014-05-22,0,673b793383011830c1624c092f88326bc0bc25aff3be2b92c02116f8f660245e,v12_cca586e367aa3071f32a,False,False,False,511880,511880,511880,False,False,False,False,1.0188080715642633,1.0190380959644398,1.0190380959644398,0.0,93,93,-1,1.0220580224046898,,0
2014-05-26,2014-05-23,0,673b793383011830c1624c092f88326bc0bc25aff3be2b92c02116f8f660245e,v12_cca586e367aa3071f32a,False,False,False,511880,511880,511880,False,False,False,False,1.0190380959644398,1.0190680991470715,1.0190680991470715,0.0,94,94,-1,1.0220580224046898,,0
2014-05-27,2014-05-26,0,673b793383011830c1624c092f88326bc0bc25aff3be2b92c02116f8f660245e,v12_cca586e367aa3071f32a,False,False,False,511880,511880,511880,False,False,False,False,1.0190680991470715,1.0192881224863708,1.0192881224863708,0.0,95,95,-1,1.0220580224046898,,0
2014-05-28,2014-05-27,0,673b793383011830c1624c092f88326bc0bc25aff3be2b92c02116f8f660245e,v12_cca586e367aa3071f32a,False,False,False,511880,511880,511880,False,False,False,False,1.0192881224863708,1.0193881330951429,1.0193881330951429,0.0,96,96,-1,1.0220580224046898,,0
2014-05-29,2014-05-28,0,673b793383011830c1624c092f88326bc0bc25aff3be2b92c02116f8f660245e,v12_cca586e367aa3071f32a,False,False,False,511880,511880,511880,False,False,False,False,1.0193881330951429,1.0193481288516342,1.0193481288516342,0.0,97,97,-1,1.0220580224046898,,0
2014-05-30,2014-05-29,0,673b793383011830c1624c092f88326bc0bc25aff3be2b92c02116f8f660245e,v12_cca586e367aa3071f32a,False,False,False,511880,511880,511880,False,False,False,False,1.0193481288516342,1.0199081882607595,1.0199081882607595,0.0,98,98,-1,1.0220580224046898,,0
2014-06-03,2014-05-30,0,673b793383011830c1624c092f88326bc0bc25aff3be2b92c02116f8f660245e,v12_cca586e367aa3071f32a,False,False,False,511880,511880,511880,False,False,False,False,1.0199081882607595,1.0201282116000585,1.0201282116000585,0.0,99,99,-1,1.0220580224046898,,0
2014-06-04,2014-06-03,0,673b793383011830c1624c092f88326bc0bc25aff3be2b92c02116f8f660245e,v12_cca586e367aa3071f32a,False,False,False,511880,511880,511880,False,False,False,False,1.0201282116000585,1.0203382338784805,1.0203382338784805,0.0,100,100,-1,1.0220580224046898,,0
2014-06-05,2014-06-04,0,673b793383011830c1624c092f88326bc0bc25aff3be2b92c02116f8f660245e,v12_cca586e367aa3071f32a,False,False,False,511880,511880,511880,False,False,False,False,1.0203382338784805,1.0206382657047979,1.0206382657047979,0.0,101,101,-1,1.0220580224046898,,0
2014-06-06,2014-06-05,0,673b793383011830c1624c092f88326bc0bc25aff3be2b92c02116f8f660245e,v12_cca586e367aa3071f32a,False,False,False,511880,511880,511880,False,False,False,False,1.0206382657047979,1.0213183378444501,1.0213183378444501,0.0,102,102,-1,1.0220580224046898,,0
2014-06-09,2014-06-06,0,673b793383011830c1624c092f88326bc0bc25aff3be2b92c02116f8f660245e,v12_cca586e367aa3071f32a,False,False,False,511880,511880,511880,False,False,False,False,1.0213183378444501,1.0217383824012942,1.0217383824012942,0.0,103,103,-1,1.0220580224046898,,0
2014-06-10,2014-06-09,0,673b793383011830c1624c092f88326bc0bc25aff3be2b92c02116f8f660245e,v12_cca586e367aa3071f32a,False,False,False,511880,511880,511880,False,False,False,False,1.0217383824012942,1.0216883770969083,1.0216883770969083,0.0,104,104,-1,1.0220580224046898,,0
2014-06-11,2014-06-10,0,673b793383011830c1624c092f88326bc0bc25aff3be2b92c02116f8f660245e,v12_cca586e367aa3071f32a,False,False,False,511880,511880,511880,False,False,False,False,1.0216883770969083,1.021458352696732,1.021458352696732,0.0,105,105,-1,1.0220580224046898,,0
2014-06-12,2014-06-11,0,673b793383011830c1624c092f88326bc0bc25aff3be2b92c02116f8f660245e,v12_cca586e367aa3071f32a,False,False,False,511880,511880,511880,False,False,False,False,1.021458352696732,1.0212883346618187,1.0212883346618187,0.0,106,106,-1,1.0220580224046898,,0
2014-06-13,2014-06-12,0,673b793383011830c1624c092f88326bc0bc25aff3be2b92c02116f8f660245e,v12_cca586e367aa3071f32a,False,False,False,511880,511880,511880,False,False,False,False,1.0212883346618187,1.0214083473923457,1.0214083473923457,0.0,107,107,-1,1.0220580224046898,,0
2014-06-16,2014-06-13,0,673b793383011830c1624c092f88326bc0bc25aff3be2b92c02116f8f660245e,v12_cca586e367aa3071f32a,False,False,False,511880,511880,511880,False,False,False,False,1.0214083473923457,1.0209783017746246,1.0209783017746246,0.0,108,108,-1,1.0220580224046898,,0
2014-06-17,2014-06-16,0,673b793383011830c1624c092f88326bc0bc25aff3be2b92c02116f8f660245e,v12_cca586e367aa3071f32a,False,False,False,511880,511880,511880,False,False,False,False,1.0209783017746246,1.0204282434263765,1.0204282434263765,0.0,109,109,-1,1.0220580224046898,,0
2014-06-18,2014-06-17,0,673b793383011830c1624c092f88326bc0bc25aff3be2b92c02116f8f660245e,v12_cca586e367aa3071f32a,False,False,False,511880,511880,511880,False,False,False,False,1.0204282434263765,1.0194581405212844,1.0194581405212844,0.0,110,110,-1,1.0220580224046898,,0
2014-06-19,2014-06-18,0,673b793383011830c1624c092f88326bc0bc25aff3be2b92c02116f8f660245e,v12_cca586e367aa3071f32a,False,False,False,511880,511880,511880,False,False,False,False,1.0194581405212844,1.0218383930100672,1.0218383930100672,0.0,111,111,-1,1.0220580224046898,,0
2014-06-20,2014-06-19,0,673b793383011830c1624c092f88326bc0bc25aff3be2b92c02116f8f660245e,v12_cca586e367aa3071f32a,False,False,False,511880,511880,511880,False,False,False,False,1.0218383930100672,1.0223684492365608,1.0223684492365608,0.0,112,112,-1,1.0220580224046898,,0
2014-06-23,2014-06-20,0,673b793383011830c1624c092f88326bc0bc25aff3be2b92c02116f8f660245e,v12_cca586e367aa3071f32a,False,False,False,511880,511880,511880,False,False,False,False,1.0223684492365608,1.0223284449930516,1.0223284449930516,0.0,113,113,-1,1.0220580224046898,,0
2014-06-24,2014-06-23,0,673b793383011830c1624c092f88326bc0bc25aff3be2b92c02116f8f660245e,v12_cca586e367aa3071f32a,False,False,False,511880,511880,511880,False,False,False,False,1.0223284449930516,1.0228585012195455,1.0228585012195455,0.0,114,114,-1,1.0220580224046898,,0
2014-06-25,2014-06-24,0,673b793383011830c1624c092f88326bc0bc25aff3be2b92c02116f8f660245e,v12_cca586e367aa3071f32a,False,False,False,511880,513100,513100,False,False,True,False,1.0228585012195455,1.0231085277414764,1.0229039060359282,0.0002046217055482953,115,0,-1,1.257773319959882,,0
2014-06-26,2014-06-25,0,673b793383011830c1624c092f88326bc0bc25aff3be2b92c02116f8f660245e,v12_cca586e367aa3071f32a,False,False,False,513100,513100,513100,False,False,False,False,1.0229039060359282,1.0310610344732163,1.0310610344732163,0.0,1,1,-1,1.257773319959882,,0
2014-06-27,2014-06-26,0,673b793383011830c1624c092f88326bc0bc25aff3be2b92c02116f8f660245e,v12_cca586e367aa3071f32a,False,False,False,513100,513100,513100,False,False,False,False,1.0310610344732163,1.0343238858481316,1.0343238858481316,0.0,2,2,-1,1.2678034102306943,,0
2014-06-30,2014-06-27,0,673b793383011830c1624c092f88326bc0bc25aff3be2b92c02116f8f660245e,v12_cca586e367aa3071f32a,False,False,False,513100,513100,513100,False,False,False,False,1.0343238858481316,1.036771024379318,1.036771024379318,0.0,3,3,-1,1.2718154463390192,,0
2014-07-01,2014-06-30,0,673b793383011830c1624c092f88326bc0bc25aff3be2b92c02116f8f660245e,v12_cca586e367aa3071f32a,False,False,False,513100,513100,513100,False,False,False,False,1.036771024379318,1.0384024500667755,1.0384024500667755,0.0,4,4,-1,1.274824473420263,,0
2014-07-02,2014-07-01,0,673b793383011830c1624c092f88326bc0bc25aff3be2b92c02116f8f660245e,v12_cca586e367aa3071f32a,False,False,False,513100,513100,513100,False,False,False,False,1.0384024500667755,1.0490067170352502,1.0490067170352502,0.0,5,5,-1,1.2768304914744253,,0
2014-07-03,2014-07-02,0,673b793383011830c1624c092f88326bc0bc25aff3be2b92c02116f8f660245e,v12_cca586e367aa3071f32a,False,False,False,513100,513100,513100,False,False,False,False,1.0490067170352502,1.0506381427227078,1.0506381427227078,0.0,6,6,-1,1.2898696088264816,,0
2014-07-04,2014-07-03,0,673b793383011830c1624c092f88326bc0bc25aff3be2b92c02116f8f660245e,v12_cca586e367aa3071f32a,False,False,False,513100,513100,513100,False,False,False,False,1.0506381427227078,1.0645052610660977,1.0645052610660977,0.0,7,7,-1,1.2918756268806442,,0
2014-07-07,2014-07-04,0,673b793383011830c1624c092f88326bc0bc25aff3be2b92c02116f8f660245e,v12_cca586e367aa3071f32a,False,False,False,513100,513100,513100,False,False,False,False,1.0645052610660977,1.0669523995972843,1.0669523995972843,0.0,8,8,-1,1.3089267803410254,,0
2014-07-08,2014-07-07,0,673b793383011830c1624c092f88326bc0bc25aff3be2b92c02116f8f660245e,v12_cca586e367aa3071f32a,False,False,False,513100,513100,513100,False,False,False,False,1.0669523995972843,1.0636895482223692,1.0636895482223692,0.0,9,9,-1,1.3119358074222693,,0
2014-07-09,2014-07-08,0,673b793383011830c1624c092f88326bc0bc25aff3be2b92c02116f8f660245e,v12_cca586e367aa3071f32a,False,False,False,513100,513100,513100,False,False,False,False,1.0636895482223692,1.047375291347793,1.047375291347793,0.0,10,10,-1,1.3119358074222693,,0
2014-07-10,2014-07-09,0,673b793383011830c1624c092f88326bc0bc25aff3be2b92c02116f8f660245e,v12_cca586e367aa3071f32a,False,False,False,513100,513100,513100,False,False,False,False,1.047375291347793,1.0530852812538947,1.0530852812538947,0.0,11,11,-1,1.3119358074222693,,0
2014-07-11,2014-07-10,0,673b793383011830c1624c092f88326bc0bc25aff3be2b92c02116f8f660245e,v12_cca586e367aa3071f32a,False,False,False,513100,513100,513100,False,False,False,False,1.0530852812538947,1.0449281528166066,1.0449281528166066,0.0,12,12,-1,1.3119358074222693,,0
2014-07-14,2014-07-11,0,673b793383011830c1624c092f88326bc0bc25aff3be2b92c02116f8f660245e,v12_cca586e367aa3071f32a,False,False,False,513100,513100,513100,False,False,False,False,1.0449281528166066,1.052269568410166,1.052269568410166,0.0,13,13,-1,1.3119358074222693,,0
2014-07-15,2014-07-14,0,673b793383011830c1624c092f88326bc0bc25aff3be2b92c02116f8f660245e,v12_cca586e367aa3071f32a,False,False,False,513100,513100,513100,False,False,False,False,1.052269568410166,1.0612424096911828,1.0612424096911828,0.0,14,14,-1,1.3119358074222693,,0
2014-07-16,2014-07-15,0,673b793383011830c1624c092f88326bc0bc25aff3be2b92c02116f8f660245e,v12_cca586e367aa3071f32a,False,False,False,513100,513100,513100,False,False,False,False,1.0612424096911828,1.057163845472539,1.057163845472539,0.0,15,15,-1,1.3119358074222693,,0
2014-07-17,2014-07-16,0,673b793383011830c1624c092f88326bc0bc25aff3be2b92c02116f8f660245e,v12_cca586e367aa3071f32a,False,False,False,513100,513100,513100,False,False,False,False,1.057163845472539,1.0604266968474543,1.0604266968474543,0.0,16,16,-1,1.3119358074222693,,0
2014-07-18,2014-07-17,0,673b793383011830c1624c092f88326bc0bc25aff3be2b92c02116f8f660245e,v12_cca586e367aa3071f32a,False,False,False,513100,513100,513100,False,False,False,False,1.0604266968474543,1.0522695684101662,1.0522695684101662,0.0,17,17,-1,1.3119358074222693,,0
2014-07-21,2014-07-18,0,673b793383011830c1624c092f88326bc0bc25aff3be2b92c02116f8f660245e,v12_cca586e367aa3071f32a,False,False,False,513100,513100,513100,False,False,False,False,1.0522695684101662,1.062058122534912,1.062058122534912,0.0,18,18,-1,1.3119358074222693,,0
2014-07-22,2014-07-21,0,673b793383011830c1624c092f88326bc0bc25aff3be2b92c02116f8f660245e,v12_cca586e367aa3071f32a,False,False,False,513100,513100,513100,False,False,False,False,1.062058122534912,1.0596109840037256,1.0596109840037256,0.0,19,19,-1,1.3119358074222693,,0
2014-07-23,2014-07-22,0,673b793383011830c1624c092f88326bc0bc25aff3be2b92c02116f8f660245e,v12_cca586e367aa3071f32a,False,False,False,513100,513100,513100,False,False,False,False,1.0596109840037256,1.0636895482223696,1.0636895482223696,0.0,20,20,-1,1.3119358074222693,,0
2014-07-24,2014-07-23,0,673b793383011830c1624c092f88326bc0bc25aff3be2b92c02116f8f660245e,v12_cca586e367aa3071f32a,False,False,False,513100,510500,510500,False,False,True,False,1.0636895482223696,1.0718466766596577,1.071632307324326,0.00021436933533193155,21,0,-1,1.1742268041237152,,0
2014-07-25,2014-07-24,0,673b793383011830c1624c092f88326bc0bc25aff3be2b92c02116f8f660245e,v12_cca586e367aa3071f32a,False,False,False,510500,510500,510500,False,False,False,False,1.071632307324326,1.0810408438241006,1.0810408438241006,0.0,1,1,-1,1.1742268041237152,,0
2014-07-28,2014-07-25,0,673b793383011830c1624c092f88326bc0bc25aff3be2b92c02116f8f660245e,v12_cca586e367aa3071f32a,False,False,False,510500,510500,510500,False,False,False,False,1.0810408438241006,1.0998579168236498,1.0998579168236498,0.0,2,2,-1,1.1845360824742308,,0
2014-07-29,2014-07-28,0,673b793383011830c1624c092f88326bc0bc25aff3be2b92c02116f8f660245e,v12_cca586e367aa3071f32a,False,False,False,510500,510300,510300,False,False,True,False,1.0998579168236498,1.1102073069734015,1.1099852655120068,0.00022204146139468033,3,0,-1,0.9447248935609776,,0
2014-07-30,2014-07-29,0,673b793383011830c1624c092f88326bc0bc25aff3be2b92c02116f8f660245e,v12_cca586e367aa3071f32a,False,False,False,510300,510300,510300,False,False,False,False,1.1099852655120068,1.1062447928396832,1.1062447928396832,0.0,1,1,-1,0.9447248935609776,,0
2014-07-31,2014-07-30,0,673b793383011830c1624c092f88326bc0bc25aff3be2b92c02116f8f660245e,v12_cca586e367aa3071f32a,False,False,False,510300,510300,510300,False,False,False,False,1.1062447928396832,1.1212066835289773,1.1212066835289773,0.0,2,2,-1,0.9447248935609776,,0
2014-08-01,2014-07-31,0,673b793383011830c1624c092f88326bc0bc25aff3be2b92c02116f8f660245e,v12_cca586e367aa3071f32a,False,False,False,510300,510300,510300,False,False,False,False,1.1212066835289773,1.1076474700918046,1.1076474700918046,0.0,3,3,-1,0.9542756085759159,,0
2014-08-04,2014-08-01,0,673b793383011830c1624c092f88326bc0bc25aff3be2b92c02116f8f660245e,v12_cca586e367aa3071f32a,False,False,False,510300,510300,510300,False,False,False,False,1.1076474700918046,1.131492983377867,1.131492983377867,0.0,4,4,-1,0.9542756085759159,,0
2014-08-05,2014-08-04,0,673b793383011830c1624c092f88326bc0bc25aff3be2b92c02116f8f660245e,v12_cca586e367aa3071f32a,False,False,False,510300,510300,510300,False,False,False,False,1.131492983377867,1.128220069789584,1.128220069789584,0.0,5,5,-1,0.9630304306729426,,0
2014-08-06,2014-08-05,0,673b793383011830c1624c092f88326bc0bc25aff3be2b92c02116f8f660245e,v12_cca586e367aa3071f32a,False,False,False,510300,510300,510300,False,False,False,False,1.128220069789584,1.1212066835289773,1.1212066835289773,0.0,6,6,-1,0.9630304306729426,,0
2014-08-07,2014-08-06,0,673b793383011830c1624c092f88326bc0bc25aff3be2b92c02116f8f660245e,v12_cca586e367aa3071f32a,False,False,False,510300,510300,510300,False,False,False,False,1.1212066835289773,1.1090501473439258,1.1090501473439258,0.0,7,7,-1,0.9630304306729426,,0
2014-08-08,2014-08-07,0,673b793383011830c1624c092f88326bc0bc25aff3be2b92c02116f8f660245e,v12_cca586e367aa3071f32a,False,False,False,510300,510300,510300,False,False,False,False,1.1090501473439258,1.1095177064279664,1.1095177064279664,0.0,8,8,-1,0.9630304306729426,,0
2014-08-11,2014-08-08,0,673b793383011830c1624c092f88326bc0bc25aff3be2b92c02116f8f660245e,v12_cca586e367aa3071f32a,False,False,False,510300,510300,510300,False,False,False,False,1.1095177064279664,1.124947156201301,1.124947156201301,0.0,9,9,-1,0.9630304306729426,,0
2014-08-12,2014-08-11,0,673b793383011830c1624c092f88326bc0bc25aff3be2b92c02116f8f660245e,v12_cca586e367aa3071f32a,False,False,False,510300,510300,510300,False,False,False,False,1.124947156201301,1.1202715653608963,1.1202715653608963,0.0,10,10,-1,0.9630304306729426,,0
2014-08-13,2014-08-12,0,673b793383011830c1624c092f88326bc0bc25aff3be2b92c02116f8f660245e,v12_cca586e367aa3071f32a,False,False,False,510300,510300,510300,False,False,False,False,1.1202715653608963,1.1235444789491795,1.1235444789491795,0.0,11,11,-1,0.9630304306729426,,0
2014-08-14,2014-08-13,0,673b793383011830c1624c092f88326bc0bc25aff3be2b92c02116f8f660245e,v12_cca586e367aa3071f32a,False,False,False,510300,510300,510300,False,False,False,False,1.1235444789491795,1.1099852655120068,1.1099852655120068,0.0,12,12,-1,0.9630304306729426,,0
2014-08-15,2014-08-14,0,673b793383011830c1624c092f88326bc0bc25aff3be2b92c02116f8f660245e,v12_cca586e367aa3071f32a,False,False,False,510300,510300,510300,False,False,False,False,1.1099852655120068,1.12401203803322,1.12401203803322,0.0,13,13,-1,0.9630304306729426,,0
2014-08-18,2014-08-15,0,673b793383011830c1624c092f88326bc0bc25aff3be2b92c02116f8f660245e,v12_cca586e367aa3071f32a,False,False,False,510300,510300,510300,False,False,False,False,1.12401203803322,1.1277525107055435,1.1277525107055435,0.0,14,14,-1,0.9630304306729426,,0
2014-08-19,2014-08-18,0,673b793383011830c1624c092f88326bc0bc25aff3be2b92c02116f8f660245e,v12_cca586e367aa3071f32a,False,False,False,510300,510300,510300,False,False,False,False,1.1277525107055435,1.1286876288736245,1.1286876288736245,0.0,15,15,-1,0.9630304306729426,,0
2014-08-20,2014-08-19,0,673b793383011830c1624c092f88326bc0bc25aff3be2b92c02116f8f660245e,v12_cca586e367aa3071f32a,False,False,False,510300,510300,510300,False,False,False,False,1.1286876288736245,1.1244795971172603,1.1244795971172603,0.0,16,16,-1,0.9630304306729426,,0
2014-08-21,2014-08-20,0,673b793383011830c1624c092f88326bc0bc25aff3be2b92c02116f8f660245e,v12_cca586e367aa3071f32a,False,False,False,510300,510500,510500,False,False,True,False,1.1244795971172603,1.1202715653608963,1.120047511047824,0.00022405431307217927,17,0,-1,1.3010309278350558,,0
2014-08-22,2014-08-21,0,673b793383011830c1624c092f88326bc0bc25aff3be2b92c02116f8f660245e,v12_cca586e367aa3071f32a,False,False,False,510500,510500,510500,False,False,False,False,1.120047511047824,1.1271476537486027,1.1271476537486027,0.0,1,1,-1,1.3010309278350558,,0
2014-08-25,2014-08-22,0,673b793383011830c1624c092f88326bc0bc25aff3be2b92c02116f8f660245e,v12_cca586e367aa3071f32a,False,False,False,510500,510500,510500,False,False,False,False,1.1271476537486027,1.1182724753726294,1.1182724753726294,0.0,2,2,-1,1.3092783505154681,,0
2014-08-26,2014-08-25,0,673b793383011830c1624c092f88326bc0bc25aff3be2b92c02116f8f660245e,v12_cca586e367aa3071f32a,False,False,False,510500,510500,510500,False,False,False,False,1.1182724753726294,1.1005221186206828,1.1005221186206828,0.0,3,3,-1,1.3092783505154681,,0
2014-08-27,2014-08-26,0,673b793383011830c1624c092f88326bc0bc25aff3be2b92c02116f8f660245e,v12_cca586e367aa3071f32a,False,False,False,510500,510500,510500,False,False,False,False,1.1005221186206828,1.1014096364582804,1.1014096364582804,0.0,4,4,-1,1.3092783505154681,,0
2014-08-28,2014-08-27,0,673b793383011830c1624c092f88326bc0bc25aff3be2b92c02116f8f660245e,v12_cca586e367aa3071f32a,False,False,False,510500,510500,510500,False,False,False,False,1.1014096364582804,1.0916469402447095,1.0916469402447095,0.0,5,5,-1,1.3092783505154681,,0
2014-08-29,2014-08-28,0,673b793383011830c1624c092f88326bc0bc25aff3be2b92c02116f8f660245e,v12_cca586e367aa3071f32a,False,False,False,510500,510500,510500,False,False,False,False,1.0916469402447095,1.1049597078086695,1.1049597078086695,0.0,6,6,-1,1.3092783505154681,,0
2014-09-01,2014-08-29,0,673b793383011830c1624c092f88326bc0bc25aff3be2b92c02116f8f660245e,v12_cca586e367aa3071f32a,False,False,False,510500,510500,510500,False,False,False,False,1.1049597078086695,1.1235975823982132,1.1235975823982132,0.0,7,7,-1,1.3092783505154681,,0
2014-09-02,2014-09-01,0,673b793383011830c1624c092f88326bc0bc25aff3be2b92c02116f8f660245e,v12_cca586e367aa3071f32a,False,False,False,510500,510500,510500,False,False,False,False,1.1235975823982132,1.1413479391501598,1.1413479391501598,0.0,8,8,-1,1.3092783505154681,,0
2014-09-03,2014-09-02,0,673b793383011830c1624c092f88326bc0bc25aff3be2b92c02116f8f660245e,v12_cca586e367aa3071f32a,False,False,False,510500,510500,510500,False,False,False,False,1.1413479391501598,1.150223117526133,1.150223117526133,0.0,9,9,-1,1.325773195876293,,0
2014-09-04,2014-09-03,0,673b793383011830c1624c092f88326bc0bc25aff3be2b92c02116f8f660245e,v12_cca586e367aa3071f32a,False,False,False,510500,510500,510500,False,False,False,False,1.150223117526133,1.158210778064509,1.158210778064509,0.0,10,10,-1,1.3360824742268085,,0
2014-09-05,2014-09-04,0,673b793383011830c1624c092f88326bc0bc25aff3be2b92c02116f8f660245e,v12_cca586e367aa3071f32a,False,False,False,510500,510500,510500,False,False,False,False,1.158210778064509,1.163535885090093,1.163535885090093,0.0,11,11,-1,1.3453608247422724,,0
2014-09-09,2014-09-05,0,673b793383011830c1624c092f88326bc0bc25aff3be2b92c02116f8f660245e,v12_cca586e367aa3071f32a,False,False,False,510500,510500,510500,False,False,False,False,1.163535885090093,1.1724110634660663,1.1724110634660663,0.0,12,12,-1,1.3515463917525818,,0
2014-09-10,2014-09-09,0,673b793383011830c1624c092f88326bc0bc25aff3be2b92c02116f8f660245e,v12_cca586e367aa3071f32a,False,False,False,510500,510500,510500,False,False,False,False,1.1724110634660663,1.174186099141261,1.174186099141261,0.0,13,13,-1,1.3618556701030973,,0
2014-09-11,2014-09-10,0,673b793383011830c1624c092f88326bc0bc25aff3be2b92c02116f8f660245e,v12_cca586e367aa3071f32a,False,False,False,510500,510500,510500,False,False,False,False,1.174186099141261,1.1724110634660663,1.1724110634660663,0.0,14,14,-1,1.3639175257732004,,0
2014-09-12,2014-09-11,0,673b793383011830c1624c092f88326bc0bc25aff3be2b92c02116f8f660245e,v12_cca586e367aa3071f32a,False,False,False,510500,510500,510500,False,False,False,False,1.1724110634660663,1.1866113488676233,1.1866113488676233,0.0,15,15,-1,1.3639175257732004,,0
2014-09-15,2014-09-12,0,673b793383011830c1624c092f88326bc0bc25aff3be2b92c02116f8f660245e,v12_cca586e367aa3071f32a,False,False,False,510500,510500,510500,False,False,False,False,1.1866113488676233,1.197261562918791,1.197261562918791,0.0,16,16,-1,1.378350515463922,,0
2014-09-16,2014-09-15,0,673b793383011830c1624c092f88326bc0bc25aff3be2b92c02116f8f660245e,v12_cca586e367aa3071f32a,False,False,False,510500,510500,510500,False,False,False,False,1.197261562918791,1.1582107780645088,1.1582107780645088,0.0,17,17,-1,1.3907216494845405,,0
2014-09-17,2014-09-16,0,673b793383011830c1624c092f88326bc0bc25aff3be2b92c02116f8f660245e,v12_cca586e367aa3071f32a,False,False,False,510500,510300,510300,True,False,True,False,1.1582107780645088,1.1679734742780794,1.167739879583224,0.0002335946948556159,18,0,-1,0.9717852527699696,,0
2014-09-18,2014-09-17,0,673b793383011830c1624c092f88326bc0bc25aff3be2b92c02116f8f660245e,v12_cca586e367aa3071f32a,False,False,False,510300,510500,510500,False,False,True,False,1.167739879583224,1.1725217791720168,1.1722872748161826,0.00023450435583440338,1,0,-1,1.3659793814433034,,0
2014-09-19,2014-09-18,0,673b793383011830c1624c092f88326bc0bc25aff3be2b92c02116f8f660245e,v12_cca586e367aa3071f32a,False,False,False,510500,510500,510500,False,False,False,False,1.1722872748161826,1.1829042161730083,1.1829042161730083,0.0,1,1,-1,1.3659793814433034,,0
2014-09-22,2014-09-19,0,673b793383011830c1624c092f88326bc0bc25aff3be2b92c02116f8f660245e,v12_cca586e367aa3071f32a,False,False,False,510500,510500,510500,False,False,False,False,1.1829042161730083,1.1660940590247009,1.1660940590247009,0.0,2,2,-1,1.378350515463922,,0
2014-09-23,2014-09-22,0,673b793383011830c1624c092f88326bc0bc25aff3be2b92c02116f8f660245e,v12_cca586e367aa3071f32a,False,False,False,510500,510500,510500,False,False,False,False,1.1660940590247009,1.1820194710599397,1.1820194710599397,0.0,3,3,-1,1.378350515463922,,0
2014-09-24,2014-09-23,0,673b793383011830c1624c092f88326bc0bc25aff3be2b92c02116f8f660245e,v12_cca586e367aa3071f32a,False,False,False,510500,510500,510500,False,False,False,False,1.1820194710599397,1.1979448830951784,1.1979448830951784,0.0,4,4,-1,1.378350515463922,,0
2014-09-25,2014-09-24,0,673b793383011830c1624c092f88326bc0bc25aff3be2b92c02116f8f660245e,v12_cca586e367aa3071f32a,False,False,False,510500,510500,510500,False,False,False,False,1.1979448830951784,1.1961753928690408,1.1961753928690408,0.0,5,5,-1,1.3958762886597984,,0
2014-09-26,2014-09-25,0,673b793383011830c1624c092f88326bc0bc25aff3be2b92c02116f8f660245e,v12_cca586e367aa3071f32a,False,False,False,510500,510500,510500,False,False,False,False,1.1961753928690408,1.200599118434385,1.200599118434385,0.0,6,6,-1,1.3958762886597984,,0
2014-09-29,2014-09-26,0,673b793383011830c1624c092f88326bc0bc25aff3be2b92c02116f8f660245e,v12_cca586e367aa3071f32a,False,False,False,510500,510500,510500,False,False,False,False,1.200599118434385,1.2138702951304174,1.2138702951304174,0.0,7,7,-1,1.398969072164953,,0
2014-09-30,2014-09-29,0,673b793383011830c1624c092f88326bc0bc25aff3be2b92c02116f8f660245e,v12_cca586e367aa3071f32a,False,False,False,510500,510500,510500,False,False,False,False,1.2138702951304174,1.2218330011480367,1.2218330011480367,0.0,8,8,-1,1.4144329896907266,,0
2014-10-08,2014-09-30,0,673b793383011830c1624c092f88326bc0bc25aff3be2b92c02116f8f660245e,v12_cca586e367aa3071f32a,False,False,False,510500,510500,510500,False,False,False,False,1.2218330011480367,1.2430668838616883,1.2430668838616883,0.0,9,9,-1,1.4237113402061905,,0
2014-10-09,2014-10-08,0,673b793383011830c1624c092f88326bc0bc25aff3be2b92c02116f8f660245e,v12_cca586e367aa3071f32a,False,False,False,510500,510500,510500,False,False,False,False,1.2430668838616883,1.243951628974757,1.243951628974757,0.0,10,10,-1,1.4484536082474277,,0
2014-10-10,2014-10-09,0,673b793383011830c1624c092f88326bc0bc25aff3be2b92c02116f8f660245e,v12_cca586e367aa3071f32a,False,False,False,510500,510500,510500,False,False,False,False,1.243951628974757,1.2377584131832753,1.2377584131832753,0.0,11,11,-1,1.4494845360824793,,0
2014-10-13,2014-10-10,0,673b793383011830c1624c092f88326bc0bc25aff3be2b92c02116f8f660245e,v12_cca586e367aa3071f32a,False,False,False,510500,510500,510500,False,False,False,False,1.2377584131832753,1.238643158296344,1.238643158296344,0.0,12,12,-1,1.4494845360824793,,0
2014-10-14,2014-10-13,0,673b793383011830c1624c092f88326bc0bc25aff3be2b92c02116f8f660245e,v12_cca586e367aa3071f32a,False,False,False,510500,510500,510500,False,False,False,False,1.238643158296344,1.233334687617931,1.233334687617931,0.0,13,13,-1,1.4494845360824793,,0
2014-10-15,2014-10-14,0,673b793383011830c1624c092f88326bc0bc25aff3be2b92c02116f8f660245e,v12_cca586e367aa3071f32a,False,False,False,510500,510500,510500,False,False,False,False,1.233334687617931,1.238643158296344,1.238643158296344,0.0,14,14,-1,1.4494845360824793,,0
2014-10-16,2014-10-15,0,673b793383011830c1624c092f88326bc0bc25aff3be2b92c02116f8f660245e,v12_cca586e367aa3071f32a,False,False,False,510500,510500,510500,False,False,False,False,1.238643158296344,1.220063510921899,1.220063510921899,0.0,15,15,-1,1.4494845360824793,,0
2014-10-17,2014-10-16,0,673b793383011830c1624c092f88326bc0bc25aff3be2b92c02116f8f660245e,v12_cca586e367aa3071f32a,False,False,False,510500,510500,510500,False,False,False,False,1.220063510921899,1.2076770793389355,1.2076770793389355,0.0,16,16,-1,1.4494845360824793,,0
2014-10-20,2014-10-17,0,673b793383011830c1624c092f88326bc0bc25aff3be2b92c02116f8f660245e,v12_cca586e367aa3071f32a,False,False,False,510500,510500,510500,False,False,False,False,1.2076770793389355,1.224487236487243,1.224487236487243,0.0,17,17,-1,1.4494845360824793,,0
2014-10-21,2014-10-20,0,673b793383011830c1624c092f88326bc0bc25aff3be2b92c02116f8f660245e,v12_cca586e367aa3071f32a,False,False,False,510500,510500,510500,False,False,False,False,1.224487236487243,1.2129855500173485,1.2129855500173485,0.0,18,18,-1,1.4494845360824793,,0
2014-10-22,2014-10-21,0,673b793383011830c1624c092f88326bc0bc25aff3be2b92c02116f8f660245e,v12_cca586e367aa3071f32a,False,False,False,510500,510500,510500,False,False,False,False,1.2129855500173485,1.1979448830951787,1.1979448830951787,0.0,19,19,-1,1.4494845360824793,,0
2014-10-23,2014-10-22,0,673b793383011830c1624c092f88326bc0bc25aff3be2b92c02116f8f660245e,v12_cca586e367aa3071f32a,False,False,False,510500,510500,510500,False,False,False,False,1.1979448830951787,1.1829042161730086,1.1829042161730086,0.0,20,20,-1,1.4494845360824793,,0
2014-10-24,2014-10-23,0,673b793383011830c1624c092f88326bc0bc25aff3be2b92c02116f8f660245e,v12_cca586e367aa3071f32a,False,False,False,510500,510500,510500,False,False,False,False,1.1829042161730086,1.1864431966252837,1.1864431966252837,0.0,21,21,-1,1.4494845360824793,,0
2014-10-27,2014-10-24,0,673b793383011830c1624c092f88326bc0bc25aff3be2b92c02116f8f660245e,v12_cca586e367aa3071f32a,False,False,False,510500,510500,510500,False,False,False,False,1.1864431966252837,1.195290647755972,1.195290647755972,0.0,22,22,-1,1.4494845360824793,,0
2014-10-28,2014-10-27,0,673b793383011830c1624c092f88326bc0bc25aff3be2b92c02116f8f660245e,v12_cca586e367aa3071f32a,False,False,False,510500,510500,510500,False,False,False,False,1.195290647755972,1.223602491374174,1.223602491374174,0.0,23,23,-1,1.4494845360824793,,0
2014-10-29,2014-10-28,0,673b793383011830c1624c092f88326bc0bc25aff3be2b92c02116f8f660245e,v12_cca586e367aa3071f32a,False,False,False,510500,510500,510500,False,False,False,False,1.223602491374174,1.2421821387486192,1.2421821387486192,0.0,24,24,-1,1.4494845360824793,,0
2014-10-30,2014-10-29,0,673b793383011830c1624c092f88326bc0bc25aff3be2b92c02116f8f660245e,v12_cca586e367aa3071f32a,False,False,False,510500,510500,510500,False,False,False,False,1.2421821387486192,1.2395279034094129,1.2395279034094129,0.0,25,25,-1,1.4494845360824793,,0
2014-10-31,2014-10-30,0,673b793383011830c1624c092f88326bc0bc25aff3be2b92c02116f8f660245e,v12_cca586e367aa3071f32a,False,False,False,510500,510500,510500,False,False,False,False,1.2395279034094129,1.2404126485224816,1.2404126485224816,0.0,26,26,-1,1.4494845360824793,,0
2014-11-03,2014-10-31,0,673b793383011830c1624c092f88326bc0bc25aff3be2b92c02116f8f660245e,v12_cca586e367aa3071f32a,False,False,False,510500,510500,510500,False,False,False,False,1.2404126485224816,1.2501448447662384,1.2501448447662384,0.0,27,27,-1,1.4494845360824793,,0
2014-11-04,2014-11-03,0,673b793383011830c1624c092f88326bc0bc25aff3be2b92c02116f8f660245e,v12_cca586e367aa3071f32a,False,False,False,510500,510500,510500,False,False,False,False,1.2501448447662384,1.243066883861688,1.243066883861688,0.0,28,28,-1,1.4567010309278399,,0
2014-11-05,2014-11-04,0,673b793383011830c1624c092f88326bc0bc25aff3be2b92c02116f8f660245e,v12_cca586e367aa3071f32a,False,False,False,510500,510500,510500,False,False,False,False,1.243066883861688,1.2412973936355505,1.2412973936355505,0.0,29,29,-1,1.4567010309278399,,0
2014-11-06,2014-11-05,0,673b793383011830c1624c092f88326bc0bc25aff3be2b92c02116f8f660245e,v12_cca586e367aa3071f32a,False,False,False,510500,513100,513100,False,False,True,False,1.2412973936355505,1.2501448447662389,1.2498948157972856,0.0002500289689532478,30,0,-1,1.358074222668008,,0
2014-11-07,2014-11-06,0,673b793383011830c1624c092f88326bc0bc25aff3be2b92c02116f8f660245e,v12_cca586e367aa3071f32a,False,False,False,513100,513100,513100,False,False,False,False,1.2498948157972856,1.2582028315596012,1.2582028315596012,0.0,1,1,-1,1.358074222668008,,0
2014-11-10,2014-11-07,0,673b793383011830c1624c092f88326bc0bc25aff3be2b92c02116f8f660245e,v12_cca586e367aa3071f32a,False,False,False,513100,513100,513100,False,False,False,False,1.2582028315596012,1.2582028315596012,1.2582028315596012,0.0,2,2,-1,1.3671013039117392,,0
2014-11-11,2014-11-10,0,673b793383011830c1624c092f88326bc0bc25aff3be2b92c02116f8f660245e,v12_cca586e367aa3071f32a,False,False,False,513100,513100,513100,False,False,False,False,1.2582028315596012,1.2582028315596012,1.2582028315596012,0.0,3,3,-1,1.3671013039117392,,0
2014-11-12,2014-11-11,0,673b793383011830c1624c092f88326bc0bc25aff3be2b92c02116f8f660245e,v12_cca586e367aa3071f32a,False,False,False,513100,513100,513100,False,False,False,False,1.2582028315596012,1.2572797186971219,1.2572797186971219,0.0,4,4,-1,1.3671013039117392,,0
2014-11-13,2014-11-12,0,673b793383011830c1624c092f88326bc0bc25aff3be2b92c02116f8f660245e,v12_cca586e367aa3071f32a,False,False,False,513100,513100,513100,False,False,False,False,1.2572797186971219,1.259125944422081,1.259125944422081,0.0,5,5,-1,1.3671013039117392,,0
2014-11-14,2014-11-13,0,673b793383011830c1624c092f88326bc0bc25aff3be2b92c02116f8f660245e,v12_cca586e367aa3071f32a,False,False,False,513100,513100,513100,False,False,False,False,1.259125944422081,1.2600490572845606,1.2600490572845606,0.0,6,6,-1,1.3681043129388206,,0
2014-11-17,2014-11-14,0,673b793383011830c1624c092f88326bc0bc25aff3be2b92c02116f8f660245e,v12_cca586e367aa3071f32a,False,False,False,513100,513100,513100,False,False,False,False,1.2600490572845606,1.2628183958719992,1.2628183958719992,0.0,7,7,-1,1.3691073219659018,,0
2014-11-18,2014-11-17,0,673b793383011830c1624c092f88326bc0bc25aff3be2b92c02116f8f660245e,v12_cca586e367aa3071f32a,False,False,False,513100,513100,513100,False,False,False,False,1.2628183958719992,1.2628183958719992,1.2628183958719992,0.0,8,8,-1,1.3721163490471455,,0
2014-11-19,2014-11-18,0,673b793383011830c1624c092f88326bc0bc25aff3be2b92c02116f8f660245e,v12_cca586e367aa3071f32a,False,False,False,513100,513100,513100,False,False,False,False,1.2628183958719992,1.2785113145341511,1.2785113145341511,0.0,9,9,-1,1.3721163490471455,,0
2014-11-20,2014-11-19,0,673b793383011830c1624c092f88326bc0bc25aff3be2b92c02116f8f660245e,v12_cca586e367aa3071f32a,False,False,False,513100,513100,513100,False,False,False,False,1.2785113145341511,1.2665108473219173,1.2665108473219173,0.0,10,10,-1,1.3891675025075265,,0
2014-11-21,2014-11-20,0,673b793383011830c1624c092f88326bc0bc25aff3be2b92c02116f8f660245e,v12_cca586e367aa3071f32a,False,False,False,513100,513100,513100,False,False,False,False,1.2665108473219173,1.2720495244967944,1.2720495244967944,0.0,11,11,-1,1.3891675025075265,,0
2014-11-24,2014-11-21,0,673b793383011830c1624c092f88326bc0bc25aff3be2b92c02116f8f660245e,v12_cca586e367aa3071f32a,False,False,False,513100,513100,513100,False,False,False,False,1.2720495244967944,1.2646646215969584,1.2646646215969584,0.0,12,12,-1,1.3891675025075265,,0
2014-11-25,2014-11-24,0,673b793383011830c1624c092f88326bc0bc25aff3be2b92c02116f8f660245e,v12_cca586e367aa3071f32a,False,False,False,513100,513100,513100,False,False,False,False,1.2646646215969584,1.2766650888091922,1.2766650888091922,0.0,13,13,-1,1.3891675025075265,,0
2014-11-26,2014-11-25,0,673b793383011830c1624c092f88326bc0bc25aff3be2b92c02116f8f660245e,v12_cca586e367aa3071f32a,False,False,False,513100,513100,513100,False,False,False,False,1.2766650888091922,1.2822037659840693,1.2822037659840693,0.0,14,14,-1,1.3891675025075265,,0
2014-11-27,2014-11-26,0,673b793383011830c1624c092f88326bc0bc25aff3be2b92c02116f8f660245e,v12_cca586e367aa3071f32a,False,False,False,513100,510300,510300,False,False,True,False,1.2822037659840693,1.2923580074713439,1.2920995358698497,0.0002584716014942688,15,0,-1,1.1078829417328393,,0
2014-11-28,2014-11-27,0,673b793383011830c1624c092f88326bc0bc25aff3be2b92c02116f8f660245e,v12_cca586e367aa3071f32a,False,False,False,510300,510300,510300,False,False,False,False,1.2920995358698497,1.322731205901247,1.322731205901247,0.0,1,1,-1,1.1078829417328393,,0
2014-12-01,2014-11-28,0,673b793383011830c1624c092f88326bc0bc25aff3be2b92c02116f8f660245e,v12_cca586e367aa3071f32a,False,False,False,510300,510300,510300,False,False,False,False,1.322731205901247,1.324123554539038,1.324123554539038,0.0,2,2,-1,1.1341474080239196,,0
2014-12-02,2014-12-01,0,673b793383011830c1624c092f88326bc0bc25aff3be2b92c02116f8f660245e,v12_cca586e367aa3071f32a,False,False,False,510300,510300,510300,False,False,False,False,1.324123554539038,1.376568686562491,1.376568686562491,0.0,3,3,-1,1.135341247400787,,0
2014-12-03,2014-12-02,0,673b793383011830c1624c092f88326bc0bc25aff3be2b92c02116f8f660245e,v12_cca586e367aa3071f32a,False,False,False,510300,510300,510300,False,False,False,False,1.376568686562491,1.3914204053655927,1.3914204053655927,0.0,4,4,-1,1.180309197262788,,0
2014-12-04,2014-12-03,0,673b793383011830c1624c092f88326bc0bc25aff3be2b92c02116f8f660245e,v12_cca586e367aa3071f32a,False,False,False,510300,510300,510300,False,False,False,False,1.3914204053655927,1.475889556058234,1.475889556058234,0.0,5,5,-1,1.1930434839493722,,0
2014-12-05,2014-12-04,0,673b793383011830c1624c092f88326bc0bc25aff3be2b92c02116f8f660245e,v12_cca586e367aa3071f32a,False,False,False,510300,510300,510300,False,False,False,False,1.475889556058234,1.4670713480188922,1.4670713480188922,0.0,6,6,-1,1.2654697394793208,,0
2014-12-08,2014-12-05,0,673b793383011830c1624c092f88326bc0bc25aff3be2b92c02116f8f660245e,v12_cca586e367aa3071f32a,False,False,False,510300,510300,510300,False,False,False,False,1.4670713480188922,1.5376170123336255,1.5376170123336255,0.0,7,7,-1,1.2654697394793208,,0
2014-12-09,2014-12-08,0,673b793383011830c1624c092f88326bc0bc25aff3be2b92c02116f8f660245e,v12_cca586e367aa3071f32a,False,False,False,510300,510300,510300,False,False,False,False,1.5376170123336255,1.4526837454283874,1.4526837454283874,0.0,8,8,-1,1.3183966185204372,,0
2014-12-10,2014-12-09,0,673b793383011830c1624c092f88326bc0bc25aff3be2b92c02116f8f660245e,v12_cca586e367aa3071f32a,False,False,False,510300,510500,510500,True,False,True,False,1.4526837454283874,1.5051288774518403,1.50482785167635,0.00030102577549036806,9,0,-1,1.5608247422680468,,0
2014-12-11,2014-12-10,0,673b793383011830c1624c092f88326bc0bc25aff3be2b92c02116f8f660245e,v12_cca586e367aa3071f32a,False,False,False,510500,510300,510300,False,False,True,False,1.50482785167635,1.5237127454556436,1.5234080029065524,0.00030474254909112873,1,0,-1,1.2766122403300824,,0
2014-12-12,2014-12-11,0,673b793383011830c1624c092f88326bc0bc25aff3be2b92c02116f8f660245e,v12_cca586e367aa3071f32a,False,False,False,510300,510300,510300,False,False,False,False,1.5234080029065524,1.5281567809704755,1.5281567809704755,0.0,1,1,-1,1.2766122403300824,,0
2014-12-15,2014-12-12,0,673b793383011830c1624c092f88326bc0bc25aff3be2b92c02116f8f660245e,v12_cca586e367aa3071f32a,False,False,False,510300,510300,510300,False,False,False,False,1.5281567809704755,1.5457272598069913,1.5457272598069913,0.0,2,2,-1,1.2805917049196398,,0
2014-12-16,2014-12-15,0,673b793383011830c1624c092f88326bc0bc25aff3be2b92c02116f8f660245e,v12_cca586e367aa3071f32a,False,False,False,510300,510300,510300,False,False,False,False,1.5457272598069913,1.5818179730928075,1.5818179730928075,0.0,3,3,-1,1.295315723901003,,0
2014-12-17,2014-12-16,0,673b793383011830c1624c092f88326bc0bc25aff3be2b92c02116f8f660245e,v12_cca586e367aa3071f32a,False,False,False,510300,510300,510300,False,False,False,False,1.5818179730928075,1.6088860080571696,1.6088860080571696,0.0,4,4,-1,1.3255596547816408,,0
2014-12-18,2014-12-17,0,673b793383011830c1624c092f88326bc0bc25aff3be2b92c02116f8f660245e,v12_cca586e367aa3071f32a,False,False,False,510300,510300,510300,False,False,False,False,1.6088860080571696,1.6069864968316003,1.6069864968316003,0.0,5,5,-1,1.3482426029421193,,0
2014-12-19,2014-12-18,0,673b793383011830c1624c092f88326bc0bc25aff3be2b92c02116f8f660245e,v12_cca586e367aa3071f32a,False,False,False,510300,510300,510300,False,False,False,False,1.6069864968316003,1.6307303871512164,1.6307303871512164,0.0,6,6,-1,1.3482426029421193,,0
2014-12-22,2014-12-19,0,673b793383011830c1624c092f88326bc0bc25aff3be2b92c02116f8f660245e,v12_cca586e367aa3071f32a,False,False,False,510300,510300,510300,False,False,False,False,1.6307303871512164,1.6193333197978008,1.6193333197978008,0.0,7,7,-1,1.3665481400540846,,0
2014-12-23,2014-12-22,0,673b793383011830c1624c092f88326bc0bc25aff3be2b92c02116f8f660245e,v12_cca586e367aa3071f32a,False,False,False,510300,510300,510300,False,False,False,False,1.6193333197978008,1.586566751156731,1.586566751156731,0.0,8,8,-1,1.3665481400540846,,0
2014-12-24,2014-12-23,0,673b793383011830c1624c092f88326bc0bc25aff3be2b92c02116f8f660245e,v12_cca586e367aa3071f32a,False,False,False,510300,510300,510300,False,False,False,False,1.586566751156731,1.5424031151622453,1.5424031151622453,0.0,9,9,-1,1.3665481400540846,,0
2014-12-25,2014-12-24,0,673b793383011830c1624c092f88326bc0bc25aff3be2b92c02116f8f660245e,v12_cca586e367aa3071f32a,False,False,False,510300,510300,510300,False,False,False,False,1.5424031151622453,1.5984386963165385,1.5984386963165385,0.0,10,10,-1,1.3665481400540846,,0
2014-12-26,2014-12-25,0,673b793383011830c1624c092f88326bc0bc25aff3be2b92c02116f8f660245e,v12_cca586e367aa3071f32a,False,False,False,510300,510300,510300,False,False,False,False,1.5984386963165385,1.6606476889539319,1.6606476889539319,0.0,11,11,-1,1.3665481400540846,,0
2014-12-29,2014-12-26,0,673b793383011830c1624c092f88326bc0bc25aff3be2b92c02116f8f660245e,v12_cca586e367aa3071f32a,False,False,False,510300,510300,510300,False,False,False,False,1.6606476889539319,1.6525747662452626,1.6525747662452626,0.0,12,12,-1,1.3916187669682971,,0
2014-12-30,2014-12-29,0,673b793383011830c1624c092f88326bc0bc25aff3be2b92c02116f8f660245e,v12_cca586e367aa3071f32a,False,False,False,510300,510300,510300,False,False,False,False,1.6525747662452626,1.6525747662452626,1.6525747662452626,0.0,13,13,-1,1.3916187669682971,,0
2014-12-31,2014-12-30,0,673b793383011830c1624c092f88326bc0bc25aff3be2b92c02116f8f660245e,v12_cca586e367aa3071f32a,False,False,False,510300,510300,510300,False,False,False,False,1.6525747662452626,1.6972132800461401,1.6972132800461401,0.0,14,14,-1,1.3916187669682971,,0
2015-01-05,2014-12-31,0,673b793383011830c1624c092f88326bc0bc25aff3be2b92c02116f8f660245e,v12_cca586e367aa3071f32a,False,False,False,510300,510300,510300,False,False,False,False,1.6972132800461401,1.7513493499748642,1.7513493499748642,0.0,15,15,-1,1.4222606443078905,,0
2015-01-06,2015-01-05,0,673b793383011830c1624c092f88326bc0bc25aff3be2b92c02116f8f660245e,v12_cca586e367aa3071f32a,False,False,False,510300,510300,510300,False,False,False,False,1.7513493499748642,1.739477404815056,1.739477404815056,0.0,16,16,-1,1.4676265406288473,,0
2015-01-07,2015-01-06,0,673b793383011830c1624c092f88326bc0bc25aff3be2b92c02116f8f660245e,v12_cca586e367aa3071f32a,False,False,False,510300,510300,510300,False,False,False,False,1.739477404815056,1.739002527008664,1.739002527008664,0.0,17,17,-1,1.4676265406288473,,0
2015-01-08,2015-01-07,0,673b793383011830c1624c092f88326bc0bc25aff3be2b92c02116f8f660245e,v12_cca586e367aa3071f32a,False,False,False,510300,510300,510300,False,False,False,False,1.739002527008664,1.7010123024972787,1.7010123024972787,0.0,18,18,-1,1.4676265406288473,,0
2015-01-09,2015-01-08,0,673b793383011830c1624c092f88326bc0bc25aff3be2b92c02116f8f660245e,v12_cca586e367aa3071f32a,False,False,False,510300,510300,510300,False,False,False,False,1.7010123024972787,1.6886654795310785,1.6886654795310785,0.0,19,19,-1,1.4676265406288473,,0
2015-01-12,2015-01-09,0,673b793383011830c1624c092f88326bc0bc25aff3be2b92c02116f8f660245e,v12_cca586e367aa3071f32a,False,False,False,510300,510300,510300,False,False,False,False,1.6886654795310785,1.683441823660763,1.683441823660763,0.0,20,20,-1,1.4676265406288473,,0
2015-01-13,2015-01-12,0,673b793383011830c1624c092f88326bc0bc25aff3be2b92c02116f8f660245e,v12_cca586e367aa3071f32a,False,False,False,510300,510300,510300,False,False,False,False,1.683441823660763,1.6801176790160166,1.6801176790160166,0.0,21,21,-1,1.4676265406288473,,0
2015-01-14,2015-01-13,0,673b793383011830c1624c092f88326bc0bc25aff3be2b92c02116f8f660245e,v12_cca586e367aa3071f32a,False,False,False,510300,510300,510300,False,False,False,False,1.6801176790160166,1.6763186565648778,1.6763186565648778,0.0,22,22,-1,1.4676265406288473,,0
2015-01-15,2015-01-14,0,673b793383011830c1624c092f88326bc0bc25aff3be2b92c02116f8f660245e,v12_cca586e367aa3071f32a,False,False,False,510300,510300,510300,False,False,False,False,1.6763186565648778,1.7238064372041095,1.7238064372041095,0.0,23,23,-1,1.4676265406288473,,0
2015-01-16,2015-01-15,0,673b793383011830c1624c092f88326bc0bc25aff3be2b92c02116f8f660245e,v12_cca586e367aa3071f32a,False,False,False,510300,510300,510300,False,False,False,False,1.7238064372041095,1.7390025270086635,1.7390025270086635,0.0,24,24,-1,1.4676265406288473,,0
2015-01-19,2015-01-16,0,673b793383011830c1624c092f88326bc0bc25aff3be2b92c02116f8f660245e,v12_cca586e367aa3071f32a,False,False,False,510300,510300,510300,False,False,False,False,1.7390025270086635,1.5651972498690758,1.5651972498690758,0.0,25,25,-1,1.4676265406288473,,0
2015-01-20,2015-01-19,0,673b793383011830c1624c092f88326bc0bc25aff3be2b92c02116f8f660245e,v12_cca586e367aa3071f32a,False,False,False,510300,159915,159915,True,False,True,False,1.5651972498690758,1.622657464442546,1.6223329329496574,0.0003245314928885092,26,0,-1,2.079046424090336,,0
2015-01-21,2015-01-20,0,673b793383011830c1624c092f88326bc0bc25aff3be2b92c02116f8f660245e,v12_cca586e367aa3071f32a,False,False,False,159915,159915,159915,False,False,False,False,1.6223329329496574,1.6331027955099748,1.6331027955099748,0.0,1,1,-1,2.079046424090336,,0
2015-01-22,2015-01-21,0,673b793383011830c1624c092f88326bc0bc25aff3be2b92c02116f8f660245e,v12_cca586e367aa3071f32a,False,False,False,159915,159915,159915,False,False,False,False,1.6331027955099748,1.64778897172859,1.64778897172859,0.0,2,2,-1,2.092848180677538,,0
2015-01-23,2015-01-22,0,673b793383011830c1624c092f88326bc0bc25aff3be2b92c02116f8f660245e,v12_cca586e367aa3071f32a,False,False,False,159915,159915,159915,False,False,False,False,1.64778897172859,1.6037304430727455,1.6037304430727455,0.0,3,3,-1,2.1116687578419047,,0
2015-01-26,2015-01-23,0,673b793383011830c1624c092f88326bc0bc25aff3be2b92c02116f8f660245e,v12_cca586e367aa3071f32a,False,False,False,159915,159915,159915,False,False,False,False,1.6037304430727455,1.6507262069723132,1.6507262069723132,0.0,4,4,-1,2.1116687578419047,,0
2015-01-27,2015-01-26,0,673b793383011830c1624c092f88326bc0bc25aff3be2b92c02116f8f660245e,v12_cca586e367aa3071f32a,False,False,False,159915,159915,159915,False,False,False,False,1.6507262069723132,1.652684363801462,1.652684363801462,0.0,5,5,-1,2.115432873274778,,0
2015-01-28,2015-01-27,0,673b793383011830c1624c092f88326bc0bc25aff3be2b92c02116f8f660245e,v12_cca586e367aa3071f32a,False,False,False,159915,159915,159915,False,False,False,False,1.652684363801462,1.6331027955099757,1.6331027955099757,0.0,6,6,-1,2.1179422835633606,,0
2015-01-29,2015-01-28,0,673b793383011830c1624c092f88326bc0bc25aff3be2b92c02116f8f660245e,v12_cca586e367aa3071f32a,False,False,False,159915,159915,159915,False,False,False,False,1.6331027955099757,1.6174375408767865,1.6174375408767865,0.0,7,7,-1,2.1179422835633606,,0
2015-01-30,2015-01-29,0,673b793383011830c1624c092f88326bc0bc25aff3be2b92c02116f8f660245e,v12_cca586e367aa3071f32a,False,False,False,159915,159915,159915,False,False,False,False,1.6174375408767865,1.5890442668541311,1.5890442668541311,0.0,8,8,-1,2.1179422835633606,,0
2015-02-02,2015-01-30,0,673b793383011830c1624c092f88326bc0bc25aff3be2b92c02116f8f660245e,v12_cca586e367aa3071f32a,False,False,False,159915,159915,159915,False,False,False,False,1.5890442668541311,1.6047095214873204,1.6047095214873204,0.0,9,9,-1,2.1179422835633606,,0
2015-02-03,2015-02-02,0,673b793383011830c1624c092f88326bc0bc25aff3be2b92c02116f8f660245e,v12_cca586e367aa3071f32a,False,False,False,159915,159915,159915,False,False,False,False,1.6047095214873204,1.6575797558743341,1.6575797558743341,0.0,10,10,-1,2.1179422835633606,,0
2015-02-04,2015-02-03,0,673b793383011830c1624c092f88326bc0bc25aff3be2b92c02116f8f660245e,v12_cca586e367aa3071f32a,False,False,False,159915,159915,159915,False,False,False,False,1.6575797558743341,1.6624751479472057,1.6624751479472057,0.0,11,11,-1,2.1242158092848165,,0
2015-02-05,2015-02-04,0,673b793383011830c1624c092f88326bc0bc25aff3be2b92c02116f8f660245e,v12_cca586e367aa3071f32a,False,False,False,159915,159915,159915,False,False,False,False,1.6624751479472057,1.6732450105075234,1.6732450105075234,0.0,12,12,-1,2.130489335006272,,0
2015-02-06,2015-02-05,0,673b793383011830c1624c092f88326bc0bc25aff3be2b92c02116f8f660245e,v12_cca586e367aa3071f32a,False,False,False,159915,159915,159915,False,False,False,False,1.6732450105075234,1.6262492466079557,1.6262492466079557,0.0,13,13,-1,2.144291091593474,,0
2015-02-09,2015-02-06,0,673b793383011830c1624c092f88326bc0bc25aff3be2b92c02116f8f660245e,v12_cca586e367aa3071f32a,False,False,False,159915,159915,159915,False,False,False,False,1.6262492466079557,1.6105839919747666,1.6105839919747666,0.0,14,14,-1,2.144291091593474,,0
2015-02-10,2015-02-09,0,673b793383011830c1624c092f88326bc0bc25aff3be2b92c02116f8f660245e,v12_cca586e367aa3071f32a,False,False,False,159915,159915,159915,False,False,False,False,1.6105839919747666,1.6497471285577396,1.6497471285577396,0.0,15,15,-1,2.144291091593474,,0
2015-02-11,2015-02-10,0,673b793383011830c1624c092f88326bc0bc25aff3be2b92c02116f8f660245e,v12_cca586e367aa3071f32a,False,False,False,159915,159915,159915,False,False,False,False,1.6497471285577396,1.669328696849226,1.669328696849226,0.0,16,16,-1,2.144291091593474,,0
2015-02-12,2015-02-11,0,673b793383011830c1624c092f88326bc0bc25aff3be2b92c02116f8f660245e,v12_cca586e367aa3071f32a,False,False,False,159915,159915,159915,False,False,False,False,1.669328696849226,1.6840148730678408,1.6840148730678408,0.0,17,17,-1,2.144291091593474,,0
2015-02-13,2015-02-12,0,673b793383011830c1624c092f88326bc0bc25aff3be2b92c02116f8f660245e,v12_cca586e367aa3071f32a,False,False,False,159915,159915,159915,False,False,False,False,1.6840148730678408,1.7241570880653883,1.7241570880653883,0.0,18,18,-1,2.1580928481806763,,0
2015-02-16,2015-02-13,0,673b793383011830c1624c092f88326bc0bc25aff3be2b92c02116f8f660245e,v12_cca586e367aa3071f32a,False,False,False,159915,159915,159915,False,False,False,False,1.7241570880653883,1.791713498671017,1.791713498671017,0.0,19,19,-1,2.209535759096611,,0
2015-02-17,2015-02-16,0,673b793383011830c1624c092f88326bc0bc25aff3be2b92c02116f8f660245e,v12_cca586e367aa3071f32a,False,False,False,159915,159915,159915,False,False,False,False,1.791713498671017,1.7819227145252738,1.7819227145252738,0.0,20,20,-1,2.2961104140526967,,0
2015-02-25,2015-02-17,0,673b793383011830c1624c092f88326bc0bc25aff3be2b92c02116f8f660245e,v12_cca586e367aa3071f32a,False,False,False,159915,159915,159915,False,False,False,False,1.7819227145252738,1.76527838147751,1.76527838147751,0.0,21,21,-1,2.2961104140526967,,0
2015-02-26,2015-02-25,0,673b793383011830c1624c092f88326bc0bc25aff3be2b92c02116f8f660245e,v12_cca586e367aa3071f32a,False,False,False,159915,159915,159915,False,False,False,False,1.76527838147751,1.7760482440378276,1.7760482440378276,0.0,22,22,-1,2.2961104140526967,,0
2015-02-27,2015-02-26,0,673b793383011830c1624c092f88326bc0bc25aff3be2b92c02116f8f660245e,v12_cca586e367aa3071f32a,False,False,False,159915,159915,159915,False,False,False,False,1.7760482440378276,1.8240230863519693,1.8240230863519693,0.0,23,23,-1,2.2961104140526967,,0
2015-03-02,2015-02-27,0,673b793383011830c1624c092f88326bc0bc25aff3be2b92c02116f8f660245e,v12_cca586e367aa3071f32a,False,False,False,159915,159915,159915,False,False,False,False,1.8240230863519693,1.8739560854952597,1.8739560854952597,0.0,24,24,-1,2.3375156838143023,,0
2015-03-03,2015-03-02,0,673b793383011830c1624c092f88326bc0bc25aff3be2b92c02116f8f660245e,v12_cca586e367aa3071f32a,False,False,False,159915,159915,159915,False,False,False,False,1.8739560854952597,1.843604654643456,1.843604654643456,0.0,25,25,-1,2.4015056461731477,,0
2015-03-04,2015-03-03,0,673b793383011830c1624c092f88326bc0bc25aff3be2b92c02116f8f660245e,v12_cca586e367aa3071f32a,False,False,False,159915,159915,159915,False,False,False,False,1.843604654643456,1.8994121242741924,1.8994121242741924,0.0,26,26,-1,2.4015056461731477,,0
2015-03-05,2015-03-04,0,673b793383011830c1624c092f88326bc0bc25aff3be2b92c02116f8f660245e,v12_cca586e367aa3071f32a,False,False,False,159915,159915,159915,False,False,False,False,1.8994121242741924,1.8974539674450437,1.8974539674450437,0.0,27,27,-1,2.434127979924716,,0
2015-03-06,2015-03-05,0,673b793383011830c1624c092f88326bc0bc25aff3be2b92c02116f8f660245e,v12_cca586e367aa3071f32a,False,False,False,159915,159915,159915,False,False,False,False,1.8974539674450437,1.8406674193997328,1.8406674193997328,0.0,28,28,-1,2.434127979924716,,0
2015-03-09,2015-03-06,0,673b793383011830c1624c092f88326bc0bc25aff3be2b92c02116f8f660245e,v12_cca586e367aa3071f32a,False,False,False,159915,510500,510500,True,False,True,False,1.8406674193997328,1.8866841048847263,1.8863067680637493,0.00037733682097694526,29,0,-1,1.8030927835051629,,0
2015-03-10,2015-03-09,0,673b793383011830c1624c092f88326bc0bc25aff3be2b92c02116f8f660245e,v12_cca586e367aa3071f32a,False,False,False,510500,510500,510500,False,False,False,False,1.8863067680637493,1.8970918267719465,1.8970918267719465,0.0,1,1,-1,1.8030927835051629,,0
2015-03-11,2015-03-10,0,673b793383011830c1624c092f88326bc0bc25aff3be2b92c02116f8f660245e,v12_cca586e367aa3071f32a,False,False,False,510500,510500,510500,False,False,False,False,1.8970918267719465,1.896013320901127,1.896013320901127,0.0,2,2,-1,1.813402061855678,,0
2015-03-12,2015-03-11,0,673b793383011830c1624c092f88326bc0bc25aff3be2b92c02116f8f660245e,v12_cca586e367aa3071f32a,False,False,False,510500,510500,510500,False,False,False,False,1.896013320901127,1.893856309159487,1.893856309159487,0.0,3,3,-1,1.813402061855678,,0
2015-03-13,2015-03-12,0,673b793383011830c1624c092f88326bc0bc25aff3be2b92c02116f8f660245e,v12_cca586e367aa3071f32a,False,False,False,510500,510500,510500,False,False,False,False,1.893856309159487,1.9175834383175219,1.9175834383175219,0.0,4,4,-1,1.813402061855678,,0
2015-03-16,2015-03-13,0,673b793383011830c1624c092f88326bc0bc25aff3be2b92c02116f8f660245e,v12_cca586e367aa3071f32a,False,False,False,510500,510500,510500,False,False,False,False,1.9175834383175219,1.9790582729542479,1.9790582729542479,0.0,5,5,-1,1.8329896907216576,,0
2015-03-17,2015-03-16,0,673b793383011830c1624c092f88326bc0bc25aff3be2b92c02116f8f660245e,v12_cca586e367aa3071f32a,False,False,False,510500,510500,510500,False,False,False,False,1.9790582729542479,2.006020919724742,2.006020919724742,0.0,6,6,-1,1.891752577319596,,0
2015-03-18,2015-03-17,0,673b793383011830c1624c092f88326bc0bc25aff3be2b92c02116f8f660245e,v12_cca586e367aa3071f32a,False,False,False,510500,510500,510500,False,False,False,False,2.006020919724742,2.037297589978515,2.037297589978515,0.0,7,7,-1,1.917525773195885,,0
2015-03-19,2015-03-18,0,673b793383011830c1624c092f88326bc0bc25aff3be2b92c02116f8f660245e,v12_cca586e367aa3071f32a,False,False,False,510500,510500,510500,False,False,False,False,2.037297589978515,2.05778920152409,2.05778920152409,0.0,8,8,-1,1.94742268041238,,0
2015-03-20,2015-03-19,0,673b793383011830c1624c092f88326bc0bc25aff3be2b92c02116f8f660245e,v12_cca586e367aa3071f32a,False,False,False,510500,510500,510500,False,False,False,False,2.05778920152409,2.076123801328026,2.076123801328026,0.0,9,9,-1,1.967010309278359,,0
2015-03-23,2015-03-20,0,673b793383011830c1624c092f88326bc0bc25aff3be2b92c02116f8f660245e,v12_cca586e367aa3071f32a,False,False,False,510500,510500,510500,False,False,False,False,2.076123801328026,2.155933235768688,2.155933235768688,0.0,10,10,-1,1.9845360824742357,,0
2015-03-24,2015-03-23,0,673b793383011830c1624c092f88326bc0bc25aff3be2b92c02116f8f660245e,v12_cca586e367aa3071f32a,False,False,False,510500,510500,510500,False,False,False,False,2.155933235768688,2.1365201300939325,2.1365201300939325,0.0,11,11,-1,2.060824742268051,,0
2015-03-25,2015-03-24,0,673b793383011830c1624c092f88326bc0bc25aff3be2b92c02116f8f660245e,v12_cca586e367aa3071f32a,False,False,False,510500,510500,510500,False,False,False,False,2.1365201300939325,2.1559332357686882,2.1559332357686882,0.0,12,12,-1,2.060824742268051,,0
2015-03-26,2015-03-25,0,673b793383011830c1624c092f88326bc0bc25aff3be2b92c02116f8f660245e,v12_cca586e367aa3071f32a,False,False,False,510500,510500,510500,False,False,False,False,2.1559332357686882,2.138677141835572,2.138677141835572,0.0,13,13,-1,2.060824742268051,,0
2015-03-27,2015-03-26,0,673b793383011830c1624c092f88326bc0bc25aff3be2b92c02116f8f660245e,v12_cca586e367aa3071f32a,False,False,False,510500,510500,510500,False,False,False,False,2.138677141835572,2.173189329701804,2.173189329701804,0.0,14,14,-1,2.060824742268051,,0
2015-03-30,2015-03-27,0,673b793383011830c1624c092f88326bc0bc25aff3be2b92c02116f8f660245e,v12_cca586e367aa3071f32a,False,False,False,510500,510500,510500,False,False,False,False,2.173189329701804,2.210937035180495,2.210937035180495,0.0,15,15,-1,2.0773195876288755,,0
2015-03-31,2015-03-30,0,673b793383011830c1624c092f88326bc0bc25aff3be2b92c02116f8f660245e,v12_cca586e367aa3071f32a,False,False,False,510500,510500,510500,False,False,False,False,2.210937035180495,2.202308988213937,2.202308988213937,0.0,16,16,-1,2.1134020618556795,,0
2015-04-01,2015-03-31,0,673b793383011830c1624c092f88326bc0bc25aff3be2b92c02116f8f660245e,v12_cca586e367aa3071f32a,False,False,False,510500,510500,510500,False,False,False,False,2.202308988213937,2.259469799367384,2.259469799367384,0.0,17,17,-1,2.1134020618556795,,0
2015-04-02,2015-04-01,0,673b793383011830c1624c092f88326bc0bc25aff3be2b92c02116f8f660245e,v12_cca586e367aa3071f32a,False,False,False,510500,510500,510500,False,False,False,False,2.259469799367384,2.299374516587715,2.299374516587715,0.0,18,18,-1,2.159793814433,,0
2015-04-03,2015-04-02,0,673b793383011830c1624c092f88326bc0bc25aff3be2b92c02116f8f660245e,v12_cca586e367aa3071f32a,False,False,False,510500,510500,510500,False,False,False,False,2.299374516587715,2.3338867044539473,2.3338867044539473,0.0,19,19,-1,2.1979381443299073,,0
2015-04-07,2015-04-03,0,673b793383011830c1624c092f88326bc0bc25aff3be2b92c02116f8f660245e,v12_cca586e367aa3071f32a,False,False,False,510500,510500,510500,False,False,False,False,2.3338867044539473,2.3932045273490337,2.3932045273490337,0.0,20,20,-1,2.230927835051557,,0
2015-04-08,2015-04-07,0,673b793383011830c1624c092f88326bc0bc25aff3be2b92c02116f8f660245e,v12_cca586e367aa3071f32a,False,False,False,510500,510500,510500,False,False,False,False,2.3932045273490337,2.3586923394828014,2.3586923394828014,0.0,21,21,-1,2.2876288659793924,,0
2015-04-09,2015-04-08,0,673b793383011830c1624c092f88326bc0bc25aff3be2b92c02116f8f660245e,v12_cca586e367aa3071f32a,False,False,False,510500,510500,510500,False,False,False,False,2.3586923394828014,2.3468287749037846,2.3468287749037846,0.0,22,22,-1,2.2876288659793924,,0
2015-04-10,2015-04-09,0,673b793383011830c1624c092f88326bc0bc25aff3be2b92c02116f8f660245e,v12_cca586e367aa3071f32a,False,False,False,510500,510500,510500,False,False,False,False,2.3468287749037846,2.4190886682487083,2.4190886682487083,0.0,23,23,-1,2.2876288659793924,,0
2015-04-13,2015-04-10,0,673b793383011830c1624c092f88326bc0bc25aff3be2b92c02116f8f660245e,v12_cca586e367aa3071f32a,False,False,False,510500,510500,510500,False,False,False,False,2.4190886682487083,2.4190886682487083,2.4190886682487083,0.0,24,24,-1,2.31237113402063,,0
2015-04-14,2015-04-13,0,673b793383011830c1624c092f88326bc0bc25aff3be2b92c02116f8f660245e,v12_cca586e367aa3071f32a,False,False,False,510500,510300,510500,False,False,False,False,2.4190886682487083,2.4190886682487083,2.4190886682487083,0.0,25,25,-1,2.31237113402063,,0
2015-04-15,2015-04-14,0,673b793383011830c1624c092f88326bc0bc25aff3be2b92c02116f8f660245e,v12_cca586e367aa3071f32a,False,False,False,510500,510300,510300,False,False,True,False,2.4190886682487083,2.3636313797021336,2.363158653426193,0.00047272627594042673,26,0,-1,1.7566209776907948,,0
2015-04-16,2015-04-15,0,673b793383011830c1624c092f88326bc0bc25aff3be2b92c02116f8f660245e,v12_cca586e367aa3071f32a,False,False,False,510300,510500,510500,False,False,True,False,2.363158653426193,2.440506258699698,2.4400181574479585,0.00048810125173993967,1,0,-1,2.279300963103104,,0
2015-04-17,2015-04-16,0,673b793383011830c1624c092f88326bc0bc25aff3be2b92c02116f8f660245e,v12_cca586e367aa3071f32a,False,False,False,510500,510500,510500,False,False,False,False,2.4400181574479585,2.45672425361915,2.45672425361915,0.0,1,1,-1,2.279300963103104,,0
2015-04-20,2015-04-17,0,673b793383011830c1624c092f88326bc0bc25aff3be2b92c02116f8f660245e,v12_cca586e367aa3071f32a,False,False,False,510500,510500,510500,False,False,False,False,2.45672425361915,2.419599595460946,2.419599595460946,0.0,2,2,-1,2.294906675288671,,0
2015-04-21,2015-04-20,0,673b793383011830c1624c092f88326bc0bc25aff3be2b92c02116f8f660245e,v12_cca586e367aa3071f32a,False,False,False,510500,510500,510500,False,False,False,False,2.419599595460946,2.5059144256787707,2.5059144256787707,0.0,3,3,-1,2.294906675288671,,0
2015-04-22,2015-04-21,0,673b793383011830c1624c092f88326bc0bc25aff3be2b92c02116f8f660245e,v12_cca586e367aa3071f32a,False,False,False,510500,510500,510500,False,False,False,False,2.5059144256787707,2.583257463508362,2.583257463508362,0.0,4,4,-1,2.340856827835063,,0
2015-04-23,2015-04-22,0,673b793383011830c1624c092f88326bc0bc25aff3be2b92c02116f8f660245e,v12_cca586e367aa3071f32a,False,False,False,510500,510500,510500,False,False,False,False,2.583257463508362,2.5996541875282357,2.5996541875282357,0.0,5,5,-1,2.4131054953608366,,0
2015-04-24,2015-04-23,0,673b793383011830c1624c092f88326bc0bc25aff3be2b92c02116f8f660245e,v12_cca586e367aa3071f32a,False,False,False,510500,510300,510300,False,False,True,False,2.5996541875282357,2.6086259799164684,2.608104254720485,0.0005217251959832937,6,0,-1,1.8848796391426974,,0
2015-04-27,2015-04-24,0,673b793383011830c1624c092f88326bc0bc25aff3be2b92c02116f8f660245e,v12_cca586e367aa3071f32a,False,False,False,510300,510300,510300,False,False,False,False,2.608104254720485,2.6620688692059558,2.6620688692059558,0.0,1,1,-1,1.8848796391426974,,0
2015-04-28,2015-04-27,0,673b793383011830c1624c092f88326bc0bc25aff3be2b92c02116f8f660245e,v12_cca586e367aa3071f32a,False,False,False,510300,510300,510300,False,False,False,False,2.6620688692059558,2.627576022833799,2.627576022833799,0.0,2,2,-1,1.9238799217785425,,0
2015-04-29,2015-04-28,0,673b793383011830c1624c092f88326bc0bc25aff3be2b92c02116f8f660245e,v12_cca586e367aa3071f32a,False,False,False,510300,510300,510300,False,False,False,False,2.627576022833799,2.6420407648608326,2.6420407648608326,0.0,3,3,-1,1.9238799217785425,,0
2015-04-30,2015-04-29,0,673b793383011830c1624c092f88326bc0bc25aff3be2b92c02116f8f660245e,v12_cca586e367aa3071f32a,False,False,False,510300,510300,510300,False,False,False,False,2.6420407648608326,2.636477402542743,2.636477402542743,0.0,4,4,-1,1.9238799217785425,,0
2015-05-04,2015-04-30,0,673b793383011830c1624c092f88326bc0bc25aff3be2b92c02116f8f660245e,v12_cca586e367aa3071f32a,False,False,False,510300,510300,510300,False,False,False,False,2.636477402542743,2.650942144569776,2.650942144569776,0.0,5,5,-1,1.9238799217785425,,0
2015-05-05,2015-05-04,0,673b793383011830c1624c092f88326bc0bc25aff3be2b92c02116f8f660245e,v12_cca586e367aa3071f32a,False,False,False,510300,510300,510300,False,False,False,False,2.650942144569776,2.550245286612351,2.550245286612351,0.0,6,6,-1,1.9238799217785425,,0
2015-05-06,2015-05-05,0,673b793383011830c1624c092f88326bc0bc25aff3be2b92c02116f8f660245e,v12_cca586e367aa3071f32a,False,False,False,510300,159915,159915,True,False,True,False,2.550245286612351,2.52354114748552,2.523036439256023,0.000504708229497104,7,0,-1,3.435382685069008,,0
2015-05-07,2015-05-06,0,673b793383011830c1624c092f88326bc0bc25aff3be2b92c02116f8f660245e,v12_cca586e367aa3071f32a,False,False,False,159915,159915,159915,False,False,False,False,2.523036439256023,2.475119019664601,2.475119019664601,0.0,1,1,-1,3.435382685069008,,0
2015-05-08,2015-05-07,0,673b793383011830c1624c092f88326bc0bc25aff3be2b92c02116f8f660245e,v12_cca586e367aa3071f32a,False,False,False,159915,159915,159915,False,False,False,False,2.475119019664601,2.6667886980302886,2.6667886980302886,0.0,2,2,-1,3.435382685069008,,0
2015-05-11,2015-05-08,0,673b793383011830c1624c092f88326bc0bc25aff3be2b92c02116f8f660245e,v12_cca586e367aa3071f32a,False,False,False,159915,159915,159915,False,False,False,False,2.6667886980302886,2.810540956804554,2.810540956804554,0.0,3,3,-1,3.631116687578418,,0
2015-05-12,2015-05-11,0,673b793383011830c1624c092f88326bc0bc25aff3be2b92c02116f8f660245e,v12_cca586e367aa3071f32a,False,False,False,159915,159915,159915,False,False,False,False,2.810540956804554,2.8833385750299834,2.8833385750299834,0.0,4,4,-1,3.8268506900878276,,0
2015-05-13,2015-05-12,0,673b793383011830c1624c092f88326bc0bc25aff3be2b92c02116f8f660245e,v12_cca586e367aa3071f32a,False,False,False,159915,159915,159915,False,False,False,False,2.8833385750299834,2.7976401130684017,2.7976401130684017,0.0,5,5,-1,3.925972396486824,,0
2015-05-14,2015-05-13,0,673b793383011830c1624c092f88326bc0bc25aff3be2b92c02116f8f660245e,v12_cca586e367aa3071f32a,False,False,False,159915,159915,159915,False,False,False,False,2.7976401130684017,2.7718384255960977,2.7718384255960977,0.0,6,6,-1,3.925972396486824,,0
2015-05-15,2015-05-14,0,673b793383011830c1624c092f88326bc0bc25aff3be2b92c02116f8f660245e,v12_cca586e367aa3071f32a,False,False,False,159915,159915,159915,False,False,False,False,2.7718384255960977,2.7792103363024703,2.7792103363024703,0.0,7,7,-1,3.925972396486824,,0
2015-05-18,2015-05-15,0,673b793383011830c1624c092f88326bc0bc25aff3be2b92c02116f8f660245e,v12_cca586e367aa3071f32a,False,False,False,159915,159915,159915,False,False,False,False,2.7792103363024703,2.9091402625022873,2.9091402625022873,0.0,8,8,-1,3.925972396486824,,0
2015-05-19,2015-05-18,0,673b793383011830c1624c092f88326bc0bc25aff3be2b92c02116f8f660245e,v12_cca586e367aa3071f32a,False,False,False,159915,159915,159915,False,False,False,False,2.9091402625022873,2.9349419499745912,2.9349419499745912,0.0,9,9,-1,3.961104140526974,,0
2015-05-20,2015-05-19,0,673b793383011830c1624c092f88326bc0bc25aff3be2b92c02116f8f660245e,v12_cca586e367aa3071f32a,False,False,False,159915,159915,159915,False,False,False,False,2.9349419499745912,3.0077395682000208,3.0077395682000208,0.0,10,10,-1,3.996235884567124,,0
2015-05-21,2015-05-20,0,673b793383011830c1624c092f88326bc0bc25aff3be2b92c02116f8f660245e,v12_cca586e367aa3071f32a,False,False,False,159915,159915,159915,False,False,False,False,3.0077395682000208,3.1422769385913214,3.1422769385913214,0.0,11,11,-1,4.09535759096612,,0
2015-05-22,2015-05-21,0,673b793383011830c1624c092f88326bc0bc25aff3be2b92c02116f8f660245e,v12_cca586e367aa3071f32a,False,False,False,159915,159915,159915,False,False,False,False,3.1422769385913214,3.116475251119018,3.116475251119018,0.0,12,12,-1,4.278544542032621,,0
2015-05-25,2015-05-22,0,673b793383011830c1624c092f88326bc0bc25aff3be2b92c02116f8f660245e,v12_cca586e367aa3071f32a,False,False,False,159915,159915,159915,False,False,False,False,3.116475251119018,3.065793365012706,3.065793365012706,0.0,13,13,-1,4.278544542032621,,0
2015-05-26,2015-05-25,0,673b793383011830c1624c092f88326bc0bc25aff3be2b92c02116f8f660245e,v12_cca586e367aa3071f32a,False,False,False,159915,159915,159915,False,False,False,False,3.065793365012706,3.1911158470210403,3.1911158470210403,0.0,14,14,-1,4.278544542032621,,0
2015-05-27,2015-05-26,0,673b793383011830c1624c092f88326bc0bc25aff3be2b92c02116f8f660245e,v12_cca586e367aa3071f32a,False,False,False,159915,159915,159915,False,False,False,False,3.1911158470210403,3.1911158470210403,3.1911158470210403,0.0,15,15,-1,4.345043914680049,,0
2015-05-28,2015-05-27,0,673b793383011830c1624c092f88326bc0bc25aff3be2b92c02116f8f660245e,v12_cca586e367aa3071f32a,False,False,False,159915,159915,159915,False,False,False,False,3.1911158470210403,3.031698277995733,3.031698277995733,0.0,16,16,-1,4.345043914680049,,0
2015-05-29,2015-05-28,0,673b793383011830c1624c092f88326bc0bc25aff3be2b92c02116f8f660245e,v12_cca586e367aa3071f32a,False,False,False,159915,510500,510500,True,False,True,False,3.031698277995733,3.118318228795611,3.117694565149852,0.0006236636457591222,17,0,-1,2.9292499761649635,,0
2015-06-01,2015-05-29,0,673b793383011830c1624c092f88326bc0bc25aff3be2b92c02116f8f660245e,v12_cca586e367aa3071f32a,False,False,False,510500,510500,510500,False,False,False,False,3.117694565149852,3.3151649588777734,3.3151649588777734,0.0,1,1,-1,2.9292499761649635,,0
2015-06-02,2015-06-01,0,673b793383011830c1624c092f88326bc0bc25aff3be2b92c02116f8f660245e,v12_cca586e367aa3071f32a,False,False,False,510500,510500,510500,False,False,False,False,3.3151649588777734,3.403134635834448,3.403134635834448,0.0,2,2,-1,3.1147845543711505,,0
2015-06-03,2015-06-02,0,673b793383011830c1624c092f88326bc0bc25aff3be2b92c02116f8f660245e,v12_cca586e367aa3071f32a,False,False,False,510500,510500,510500,False,False,False,False,3.403134635834448,3.3800656646045506,3.3800656646045506,0.0,3,3,-1,3.197437030020635,,0
2015-06-04,2015-06-03,0,673b793383011830c1624c092f88326bc0bc25aff3be2b92c02116f8f660245e,v12_cca586e367aa3071f32a,False,False,False,510500,510500,510500,False,False,False,False,3.3800656646045506,3.3865249765489214,3.3865249765489214,0.0,4,4,-1,3.197437030020635,,0
2015-06-05,2015-06-04,0,673b793383011830c1624c092f88326bc0bc25aff3be2b92c02116f8f660245e,v12_cca586e367aa3071f32a,False,False,False,510500,510500,510500,False,False,False,False,3.3865249765489214,3.465882237579768,3.465882237579768,0.0,5,5,-1,3.197437030020635,,0
2015-06-08,2015-06-05,0,673b793383011830c1624c092f88326bc0bc25aff3be2b92c02116f8f660245e,v12_cca586e367aa3071f32a,False,False,False,510500,510500,510500,False,False,False,False,3.465882237579768,3.3963677376070107,3.3963677376070107,0.0,6,6,-1,3.2563919427216663,,0
2015-06-09,2015-06-08,0,673b793383011830c1624c092f88326bc0bc25aff3be2b92c02116f8f660245e,v12_cca586e367aa3071f32a,False,False,False,510500,510500,510500,False,False,False,False,3.3963677376070107,3.415745673440125,3.415745673440125,0.0,7,7,-1,3.2563919427216663,,0
2015-06-10,2015-06-09,0,673b793383011830c1624c092f88326bc0bc25aff3be2b92c02116f8f660245e,v12_cca586e367aa3071f32a,False,False,False,510500,510500,510500,False,False,False,False,3.415745673440125,3.4726491358072047,3.4726491358072047,0.0,8,8,-1,3.2563919427216663,,0
2015-06-11,2015-06-10,0,673b793383011830c1624c092f88326bc0bc25aff3be2b92c02116f8f660245e,v12_cca586e367aa3071f32a,False,False,False,510500,510500,510500,False,False,False,False,3.4726491358072047,3.5372422552509173,3.5372422552509173,0.0,9,9,-1,3.2627498254639344,,0
2015-06-12,2015-06-11,0,673b793383011830c1624c092f88326bc0bc25aff3be2b92c02116f8f660245e,v12_cca586e367aa3071f32a,False,False,False,510500,510500,510500,False,False,False,False,3.5372422552509173,3.5987595118639764,3.5987595118639764,0.0,10,10,-1,3.3234387061855846,,0
2015-06-15,2015-06-12,0,673b793383011830c1624c092f88326bc0bc25aff3be2b92c02116f8f660245e,v12_cca586e367aa3071f32a,False,False,False,510500,510500,510500,False,False,False,False,3.5987595118639764,3.516941560568607,3.516941560568607,0.0,11,11,-1,3.381237640206203,,0
2015-06-16,2015-06-15,0,673b793383011830c1624c092f88326bc0bc25aff3be2b92c02116f8f660245e,v12_cca586e367aa3071f32a,False,False,False,510500,510500,510500,False,False,False,False,3.516941560568607,3.378835319472288,3.378835319472288,0.0,12,12,-1,3.381237640206203,,0
2015-06-17,2015-06-16,0,673b793383011830c1624c092f88326bc0bc25aff3be2b92c02116f8f660245e,v12_cca586e367aa3071f32a,False,False,False,510500,510500,510500,False,False,False,False,3.378835319472288,3.4541939588232866,3.4541939588232866,0.0,13,13,-1,3.381237640206203,,0
2015-06-18,2015-06-17,0,673b793383011830c1624c092f88326bc0bc25aff3be2b92c02116f8f660245e,v12_cca586e367aa3071f32a,False,False,False,510500,510500,510500,False,False,False,False,3.4541939588232866,3.3354656535600817,3.3354656535600817,0.0,14,14,-1,3.381237640206203,,0
2015-06-19,2015-06-18,0,673b793383011830c1624c092f88326bc0bc25aff3be2b92c02116f8f660245e,v12_cca586e367aa3071f32a,False,False,False,510500,510500,510500,False,False,False,False,3.3354656535600817,3.119232496565178,3.119232496565178,0.0,15,15,-1,3.381237640206203,,0
2015-06-23,2015-06-19,0,673b793383011830c1624c092f88326bc0bc25aff3be2b92c02116f8f660245e,v12_cca586e367aa3071f32a,False,False,False,510500,513100,513100,True,False,True,False,3.119232496565178,3.118617323999047,3.1179936005342475,0.0006237234647998095,16,0,-1,1.4894684052156517,,0
2015-06-24,2015-06-23,0,673b793383011830c1624c092f88326bc0bc25aff3be2b92c02116f8f660245e,v12_cca586e367aa3071f32a,False,False,False,513100,513100,513100,False,False,False,False,3.1179936005342475,3.1095949645732124,3.1095949645732124,0.0,1,1,-1,1.4894684052156517,,0
2015-06-25,2015-06-24,0,673b793383011830c1624c092f88326bc0bc25aff3be2b92c02116f8f660245e,v12_cca586e367aa3071f32a,False,False,False,513100,513100,513100,False,False,False,False,3.1095949645732124,3.088598374670625,3.088598374670625,0.0,2,2,-1,1.4894684052156517,,0
2015-06-26,2015-06-25,0,673b793383011830c1624c092f88326bc0bc25aff3be2b92c02116f8f660245e,v12_cca586e367aa3071f32a,False,False,False,513100,513100,513100,False,False,False,False,3.088598374670625,3.086498715680366,3.086498715680366,0.0,3,3,-1,1.4894684052156517,,0
2015-06-29,2015-06-26,0,673b793383011830c1624c092f88326bc0bc25aff3be2b92c02116f8f660245e,v12_cca586e367aa3071f32a,False,False,False,513100,513100,513100,False,False,False,False,3.086498715680366,3.0571034898167433,3.0571034898167433,0.0,4,4,-1,1.4894684052156517,,0
2015-06-30,2015-06-29,0,673b793383011830c1624c092f88326bc0bc25aff3be2b92c02116f8f660245e,v12_cca586e367aa3071f32a,False,False,False,513100,513100,513100,False,False,False,False,3.0571034898167433,3.0235089459726034,3.0235089459726034,0.0,5,5,-1,1.4894684052156517,,0
2015-07-01,2015-06-30,0,673b793383011830c1624c092f88326bc0bc25aff3be2b92c02116f8f660245e,v12_cca586e367aa3071f32a,False,False,False,513100,513100,513100,False,False,False,False,3.0235089459726034,3.0235089459726034,3.0235089459726034,0.0,6,6,-1,1.4894684052156517,,0
2015-07-02,2015-07-01,0,673b793383011830c1624c092f88326bc0bc25aff3be2b92c02116f8f660245e,v12_cca586e367aa3071f32a,False,False,False,513100,513100,513100,False,False,False,False,3.0235089459726034,3.038206558904415,3.038206558904415,0.0,7,7,-1,1.4894684052156517,,0
2015-07-03,2015-07-02,0,673b793383011830c1624c092f88326bc0bc25aff3be2b92c02116f8f660245e,v12_cca586e367aa3071f32a,False,False,False,513100,513100,513100,False,False,False,False,3.038206558904415,3.02980792294338,3.02980792294338,0.0,8,8,-1,1.4894684052156517,,0
2015-07-06,2015-07-03,0,673b793383011830c1624c092f88326bc0bc25aff3be2b92c02116f8f660245e,v12_cca586e367aa3071f32a,False,False,False,513100,513100,513100,False,False,False,False,3.02980792294338,2.9689178122258757,2.9689178122258757,0.0,9,9,-1,1.4894684052156517,,0
2015-07-07,2015-07-06,0,673b793383011830c1624c092f88326bc0bc25aff3be2b92c02116f8f660245e,v12_cca586e367aa3071f32a,False,False,False,513100,518880,518880,True,False,True,False,2.9689178122258757,2.97941610717717,2.9788202239557346,0.000595883221435434,10,0,-1,0.8808073115003827,,0
2015-07-08,2015-07-07,0,673b793383011830c1624c092f88326bc0bc25aff3be2b92c02116f8f660245e,v12_cca586e367aa3071f32a,False,False,False,518880,513100,513100,False,False,True,False,2.9788202239557346,2.879655002492444,2.8790790714919456,0.0005759310004984888,1,0,-1,1.3841524573721204,,0
2015-07-09,2015-07-08,0,673b793383011830c1624c092f88326bc0bc25aff3be2b92c02116f8f660245e,v12_cca586e367aa3071f32a,False,False,False,513100,518880,518880,True,False,True,False,2.8790790714919456,2.8832516498564265,2.882674999526455,0.0005766503299712853,1,0,-1,0.8815689261233834,,0
2015-07-10,2015-07-09,0,673b793383011830c1624c092f88326bc0bc25aff3be2b92c02116f8f660245e,v12_cca586e367aa3071f32a,False,False,False,518880,513100,513100,False,False,True,False,2.882674999526455,2.86524197577122,2.8646689273760657,0.000573048395154244,1,0,-1,1.390170511534608,,0
2015-07-13,2015-07-10,0,673b793383011830c1624c092f88326bc0bc25aff3be2b92c02116f8f660245e,v12_cca586e367aa3071f32a,False,False,False,513100,518880,518880,False,False,True,False,2.8646689273760657,2.8936049771475414,2.893026256152112,0.0005787209954295083,1,0,-1,0.8796648895658816,,0
2015-07-14,2015-07-13,0,673b793383011830c1624c092f88326bc0bc25aff3be2b92c02116f8f660245e,v12_cca586e367aa3071f32a,False,False,False,518880,518880,518880,False,False,False,False,2.893026256152112,2.8917738638334316,2.8917738638334316,0.0,1,1,-1,0.8796648895658816,,0
2015-07-15,2015-07-14,0,673b793383011830c1624c092f88326bc0bc25aff3be2b92c02116f8f660245e,v12_cca586e367aa3071f32a,False,False,False,518880,518880,518880,False,False,False,False,2.8917738638334316,2.8892690791960702,2.8892690791960702,0.0,2,2,-1,0.8796648895658816,,0
2015-07-16,2015-07-15,0,673b793383011830c1624c092f88326bc0bc25aff3be2b92c02116f8f660245e,v12_cca586e367aa3071f32a,False,False,False,518880,513100,513100,False,False,True,False,2.8892690791960702,2.8792499406466256,2.8786740906584964,0.0005758499881293251,3,0,-1,1.4433299899699144,,0
2015-07-17,2015-07-16,0,673b793383011830c1624c092f88326bc0bc25aff3be2b92c02116f8f660245e,v12_cca586e367aa3071f32a,False,False,False,513100,518880,518880,False,False,True,False,2.8786740906584964,2.9506909546360545,2.9501008164451274,0.0005901381909272109,1,0,-1,0.8754760091393775,,0
2015-07-20,2015-07-17,0,673b793383011830c1624c092f88326bc0bc25aff3be2b92c02116f8f660245e,v12_cca586e367aa3071f32a,False,False,False,518880,513100,513100,False,False,True,False,2.9501008164451274,2.8782410314425495,2.877665383236261,0.0005756482062885099,1,0,-1,1.5125376128385202,,0
2015-07-21,2015-07-20,0,673b793383011830c1624c092f88326bc0bc25aff3be2b92c02116f8f660245e,v12_cca586e367aa3071f32a,False,False,False,513100,513100,513100,False,False,False,False,2.877665383236261,2.9101059081135925,2.9101059081135925,0.0,1,1,-1,1.5125376128385202,,0
2015-07-22,2015-07-21,0,673b793383011830c1624c092f88326bc0bc25aff3be2b92c02116f8f660245e,v12_cca586e367aa3071f32a,False,False,False,513100,513100,513100,False,False,False,False,2.9101059081135925,2.875757117067006,2.875757117067006,0.0,2,2,-1,1.5295887662989012,,0
2015-07-23,2015-07-22,0,673b793383011830c1624c092f88326bc0bc25aff3be2b92c02116f8f660245e,v12_cca586e367aa3071f32a,False,False,False,513100,513100,513100,False,False,False,False,2.875757117067006,2.881481915574771,2.881481915574771,0.0,3,3,-1,1.5295887662989012,,0
2015-07-24,2015-07-23,0,673b793383011830c1624c092f88326bc0bc25aff3be2b92c02116f8f660245e,v12_cca586e367aa3071f32a,False,False,False,513100,513100,513100,False,False,False,False,2.881481915574771,2.8585827215437134,2.8585827215437134,0.0,4,4,-1,1.5295887662989012,,0
2015-07-27,2015-07-24,0,673b793383011830c1624c092f88326bc0bc25aff3be2b92c02116f8f660245e,v12_cca586e367aa3071f32a,False,False,False,513100,513100,513100,False,False,False,False,2.8585827215437134,2.820417398158617,2.820417398158617,0.0,5,5,-1,1.5295887662989012,,0
2015-07-28,2015-07-27,0,673b793383011830c1624c092f88326bc0bc25aff3be2b92c02116f8f660245e,v12_cca586e367aa3071f32a,False,False,False,513100,513100,513100,False,False,False,False,2.820417398158617,2.8089678011430883,2.8089678011430883,0.0,6,6,-1,1.5295887662989012,,0
2015-07-29,2015-07-28,0,673b793383011830c1624c092f88326bc0bc25aff3be2b92c02116f8f660245e,v12_cca586e367aa3071f32a,False,False,False,513100,513100,513100,False,False,False,False,2.8089678011430883,2.8604909877129687,2.8604909877129687,0.0,7,7,-1,1.5295887662989012,,0
2015-07-30,2015-07-29,0,673b793383011830c1624c092f88326bc0bc25aff3be2b92c02116f8f660245e,v12_cca586e367aa3071f32a,False,False,False,513100,513100,513100,False,False,False,False,2.8604909877129687,2.90056457726732,2.90056457726732,0.0,8,8,-1,1.5295887662989012,,0
2015-07-31,2015-07-30,0,673b793383011830c1624c092f88326bc0bc25aff3be2b92c02116f8f660245e,v12_cca586e367aa3071f32a,False,False,False,513100,513100,513100,False,False,False,False,2.90056457726732,2.912014174282849,2.912014174282849,0.0,9,9,-1,1.5295887662989012,,0
2015-08-03,2015-07-31,0,673b793383011830c1624c092f88326bc0bc25aff3be2b92c02116f8f660245e,v12_cca586e367aa3071f32a,False,False,False,513100,513100,513100,False,False,False,False,2.912014174282849,2.915830706621359,2.915830706621359,0.0,10,10,-1,1.5305917753259832,,0
2015-08-04,2015-08-03,0,673b793383011830c1624c092f88326bc0bc25aff3be2b92c02116f8f660245e,v12_cca586e367aa3071f32a,False,False,False,513100,513100,513100,False,False,False,False,2.915830706621359,2.883390181744027,2.883390181744027,0.0,11,11,-1,1.5325977933801458,,0
2015-08-05,2015-08-04,0,673b793383011830c1624c092f88326bc0bc25aff3be2b92c02116f8f660245e,v12_cca586e367aa3071f32a,False,False,False,513100,513100,513100,False,False,False,False,2.883390181744027,2.866215786220734,2.866215786220734,0.0,12,12,-1,1.5325977933801458,,0
2015-08-06,2015-08-05,0,673b793383011830c1624c092f88326bc0bc25aff3be2b92c02116f8f660245e,v12_cca586e367aa3071f32a,False,False,False,513100,513100,513100,False,False,False,False,2.866215786220734,2.9005645772673203,2.9005645772673203,0.0,13,13,-1,1.5325977933801458,,0
2015-08-07,2015-08-06,0,673b793383011830c1624c092f88326bc0bc25aff3be2b92c02116f8f660245e,v12_cca586e367aa3071f32a,False,False,False,513100,513100,513100,False,False,False,False,2.9005645772673203,2.85667445537446,2.85667445537446,0.0,14,14,-1,1.5325977933801458,,0
2015-08-10,2015-08-07,0,673b793383011830c1624c092f88326bc0bc25aff3be2b92c02116f8f660245e,v12_cca586e367aa3071f32a,False,False,False,513100,513100,513100,False,False,False,False,2.85667445537446,2.843316592189676,2.843316592189676,0.0,15,15,-1,1.5325977933801458,,0
2015-08-11,2015-08-10,0,673b793383011830c1624c092f88326bc0bc25aff3be2b92c02116f8f660245e,v12_cca586e367aa3071f32a,False,False,False,513100,513100,513100,False,False,False,False,2.843316592189676,2.9845282887145324,2.9845282887145324,0.0,16,16,-1,1.5325977933801458,,0
2015-08-12,2015-08-11,0,673b793383011830c1624c092f88326bc0bc25aff3be2b92c02116f8f660245e,v12_cca586e367aa3071f32a,False,False,False,513100,513100,513100,False,False,False,False,2.9845282887145324,2.9177389727906133,2.9177389727906133,0.0,17,17,-1,1.5687061183550706,,0
2015-08-13,2015-08-12,0,673b793383011830c1624c092f88326bc0bc25aff3be2b92c02116f8f660245e,v12_cca586e367aa3071f32a,False,False,False,513100,513100,513100,False,False,False,False,2.9177389727906133,2.946362965329436,2.946362965329436,0.0,18,18,-1,1.5687061183550706,,0
2015-08-14,2015-08-13,0,673b793383011830c1624c092f88326bc0bc25aff3be2b92c02116f8f660245e,v12_cca586e367aa3071f32a,False,False,False,513100,513100,513100,False,False,False,False,2.946362965329436,2.9616290946834747,2.9616290946834747,0.0,19,19,-1,1.5687061183550706,,0
2015-08-17,2015-08-14,0,673b793383011830c1624c092f88326bc0bc25aff3be2b92c02116f8f660245e,v12_cca586e367aa3071f32a,False,False,False,513100,510500,510500,False,False,True,False,2.9616290946834747,2.9711704255297486,2.9705761914446427,0.0005942340851059498,20,0,-1,2.5778324573196016,,0
2015-08-18,2015-08-17,0,673b793383011830c1624c092f88326bc0bc25aff3be2b92c02116f8f660245e,v12_cca586e367aa3071f32a,False,False,False,510500,510500,510500,False,False,False,False,2.9705761914446427,2.717144747309063,2.717144747309063,0.0,1,1,-1,2.5778324573196016,,0
2015-08-19,2015-08-18,0,673b793383011830c1624c092f88326bc0bc25aff3be2b92c02116f8f660245e,v12_cca586e367aa3071f32a,False,False,False,510500,518880,518880,True,False,True,False,2.717144747309063,2.8087264124040487,2.808164667121568,0.0005617452824808098,2,0,-1,0.8796648895658817,,0
2015-08-20,2015-08-19,0,673b793383011830c1624c092f88326bc0bc25aff3be2b92c02116f8f660245e,v12_cca586e367aa3071f32a,False,False,False,518880,518880,518880,False,False,False,False,2.808164667121568,2.8519282723234625,2.8519282723234625,0.0,1,1,-1,0.8796648895658817,,0
2015-08-21,2015-08-20,0,673b793383011830c1624c092f88326bc0bc25aff3be2b92c02116f8f660245e,v12_cca586e367aa3071f32a,False,False,False,518880,518880,518880,False,False,False,False,2.8519282723234625,2.905417123125778,2.905417123125778,0.0,2,2,-1,0.8933739527798955,,0
2015-08-24,2015-08-21,0,673b793383011830c1624c092f88326bc0bc25aff3be2b92c02116f8f660245e,v12_cca586e367aa3071f32a,False,False,False,518880,518880,518880,False,False,False,False,2.905417123125778,2.894476221825304,2.894476221825304,0.0,3,3,-1,0.9101294744859123,,0
2015-08-25,2015-08-24,0,673b793383011830c1624c092f88326bc0bc25aff3be2b92c02116f8f660245e,v12_cca586e367aa3071f32a,False,False,False,518880,518880,518880,False,False,False,False,2.894476221825304,2.8786726977246198,2.8786726977246198,0.0,4,4,-1,0.9101294744859123,,0
2015-08-26,2015-08-25,0,673b793383011830c1624c092f88326bc0bc25aff3be2b92c02116f8f660245e,v12_cca586e367aa3071f32a,False,False,False,518880,518880,518880,False,False,False,False,2.8786726977246198,2.85557523942362,2.85557523942362,0.0,5,5,-1,0.9101294744859123,,0
2015-08-27,2015-08-26,0,673b793383011830c1624c092f88326bc0bc25aff3be2b92c02116f8f660245e,v12_cca586e367aa3071f32a,False,False,False,518880,518880,518880,False,False,False,False,2.85557523942362,2.822752535522199,2.822752535522199,0.0,6,6,-1,0.9101294744859123,,0
2015-08-28,2015-08-27,0,673b793383011830c1624c092f88326bc0bc25aff3be2b92c02116f8f660245e,v12_cca586e367aa3071f32a,False,False,False,518880,518880,518880,False,False,False,False,2.822752535522199,2.836124748222778,2.836124748222778,0.0,7,7,-1,0.9101294744859123,,0
2015-08-31,2015-08-28,0,673b793383011830c1624c092f88326bc0bc25aff3be2b92c02116f8f660245e,v12_cca586e367aa3071f32a,False,False,False,518880,518880,518880,False,False,False,False,2.836124748222778,2.8434186824230934,2.8434186824230934,0.0,8,8,-1,0.9101294744859123,,0
2015-09-01,2015-08-31,0,673b793383011830c1624c092f88326bc0bc25aff3be2b92c02116f8f660245e,v12_cca586e367aa3071f32a,False,False,False,518880,518880,518880,False,False,False,False,2.8434186824230934,2.861653517923883,2.861653517923883,0.0,9,9,-1,0.9101294744859123,,0
2015-09-02,2015-09-01,0,673b793383011830c1624c092f88326bc0bc25aff3be2b92c02116f8f660245e,v12_cca586e367aa3071f32a,False,False,False,518880,518880,518880,False,False,False,False,2.861653517923883,2.858006550823725,2.858006550823725,0.0,10,10,-1,0.9101294744859123,,0
2015-09-07,2015-09-02,0,673b793383011830c1624c092f88326bc0bc25aff3be2b92c02116f8f660245e,v12_cca586e367aa3071f32a,False,False,False,518880,518880,518880,False,False,False,False,2.858006550823725,2.8118116342217254,2.8118116342217254,0.0,11,11,-1,0.9101294744859123,,0
2015-09-08,2015-09-07,0,673b793383011830c1624c092f88326bc0bc25aff3be2b92c02116f8f660245e,v12_cca586e367aa3071f32a,False,False,False,518880,518880,518880,False,False,False,False,2.8118116342217254,2.7996550772211988,2.7996550772211988,0.0,12,12,-1,0.9101294744859123,,0
2015-09-09,2015-09-08,0,673b793383011830c1624c092f88326bc0bc25aff3be2b92c02116f8f660245e,v12_cca586e367aa3071f32a,False,False,False,518880,518880,518880,False,False,False,False,2.7996550772211988,2.8118116342217254,2.8118116342217254,0.0,13,13,-1,0.9101294744859123,,0
2015-09-10,2015-09-09,0,673b793383011830c1624c092f88326bc0bc25aff3be2b92c02116f8f660245e,v12_cca586e367aa3071f32a,False,False,False,518880,518880,518880,False,False,False,False,2.8118116342217254,2.7789889303203044,2.7789889303203044,0.0,14,14,-1,0.9101294744859123,,0
2015-09-11,2015-09-10,0,673b793383011830c1624c092f88326bc0bc25aff3be2b92c02116f8f660245e,v12_cca586e367aa3071f32a,False,False,False,518880,518880,518880,False,False,False,False,2.7789889303203044,2.7802045860203566,2.7802045860203566,0.0,15,15,-1,0.9101294744859123,,0
2015-09-14,2015-09-11,0,673b793383011830c1624c092f88326bc0bc25aff3be2b92c02116f8f660245e,v12_cca586e367aa3071f32a,False,False,False,518880,518880,518880,False,False,False,False,2.7802045860203566,2.7741263075200933,2.7741263075200933,0.0,16,16,-1,0.9101294744859123,,0
2015-09-15,2015-09-14,0,673b793383011830c1624c092f88326bc0bc25aff3be2b92c02116f8f660245e,v12_cca586e367aa3071f32a,False,False,False,518880,513100,513100,False,False,True,False,2.7741263075200933,2.7716949961199875,2.7711406571207635,0.0005543389992239975,17,0,-1,1.4433299899699141,,0
2015-09-16,2015-09-15,0,673b793383011830c1624c092f88326bc0bc25aff3be2b92c02116f8f660245e,v12_cca586e367aa3071f32a,False,False,False,513100,159915,159915,False,True,True,False,2.7711406571207635,2.8423930576165715,2.8418245790050483,0.0005684786115233143,1,0,810,2.253450439146799,,0
2015-09-17,2015-09-16,0,673b793383011830c1624c092f88326bc0bc25aff3be2b92c02116f8f660245e,v12_cca586e367aa3071f32a,False,False,False,159915,159915,159915,False,False,False,False,2.8418245790050483,2.7896084258273386,2.7896084258273386,0.0,1,1,810,2.253450439146799,,0
2015-09-18,2015-09-17,0,673b793383011830c1624c092f88326bc0bc25aff3be2b92c02116f8f660245e,v12_cca586e367aa3071f32a,False,False,False,159915,159915,159915,False,False,False,False,2.7896084258273386,2.8877115014945507,2.8877115014945507,0.0,2,2,810,2.253450439146799,,0
2015-09-21,2015-09-18,0,673b793383011830c1624c092f88326bc0bc25aff3be2b92c02116f8f660245e,v12_cca586e367aa3071f32a,False,False,False,159915,159915,159915,False,False,False,False,2.8877115014945507,3.1092345755818043,3.1092345755818043,0.0,3,3,810,2.2898368883312403,,0
2015-09-22,2015-09-21,0,673b793383011830c1624c092f88326bc0bc25aff3be2b92c02116f8f660245e,v12_cca586e367aa3071f32a,False,False,False,159915,159915,159915,False,False,False,False,3.1092345755818043,3.068094576108457,3.068094576108457,0.0,4,4,810,2.4654956085319935,,0
2015-09-23,2015-09-22,0,673b793383011830c1624c092f88326bc0bc25aff3be2b92c02116f8f660245e,v12_cca586e367aa3071f32a,False,False,False,159915,513100,513100,False,False,True,False,3.068094576108457,3.030119191979213,3.0295131681408174,0.0006060238383958426,5,0,810,1.4503510531594825,,0
2015-09-24,2015-09-23,0,673b793383011830c1624c092f88326bc0bc25aff3be2b92c02116f8f660245e,v12_cca586e367aa3071f32a,False,False,False,513100,513100,513100,False,False,False,False,3.0295131681408174,3.0295131681408174,3.0295131681408174,0.0,1,1,810,1.4503510531594825,,0
2015-09-25,2015-09-24,0,673b793383011830c1624c092f88326bc0bc25aff3be2b92c02116f8f660245e,v12_cca586e367aa3071f32a,False,False,False,513100,513100,513100,False,False,False,False,3.0295131681408174,3.0378935641799343,3.0378935641799343,0.0,2,2,810,1.4503510531594825,,0
2015-09-28,2015-09-25,0,673b793383011830c1624c092f88326bc0bc25aff3be2b92c02116f8f660245e,v12_cca586e367aa3071f32a,False,False,False,513100,513100,513100,False,False,False,False,3.0378935641799343,3.004371980023466,3.004371980023466,0.0,3,3,810,1.4543630892678074,,0
2015-09-29,2015-09-28,0,673b793383011830c1624c092f88326bc0bc25aff3be2b92c02116f8f660245e,v12_cca586e367aa3071f32a,False,False,False,513100,518880,518880,False,False,True,False,3.004371980023466,2.918472920622516,2.9178892260383917,0.0005836945841245033,4,0,810,0.881188118811883,,0
2015-09-30,2015-09-29,0,673b793383011830c1624c092f88326bc0bc25aff3be2b92c02116f8f660245e,v12_cca586e367aa3071f32a,False,False,False,518880,518880,518880,False,False,False,False,2.9178892260383917,2.9178892260383917,2.9178892260383917,0.0,1,1,810,0.881188118811883,,0
2015-10-08,2015-09-30,0,673b793383011830c1624c092f88326bc0bc25aff3be2b92c02116f8f660245e,v12_cca586e367aa3071f32a,False,False,False,518880,518880,518880,False,False,False,False,2.9178892260383917,2.958240330287842,2.958240330287842,0.0,2,2,810,0.881188118811883,,0
2015-10-09,2015-10-08,0,673b793383011830c1624c092f88326bc0bc25aff3be2b92c02116f8f660245e,v12_cca586e367aa3071f32a,False,False,False,518880,518880,518880,False,False,False,False,2.958240330287842,2.963284218319023,2.963284218319023,0.0,3,3,810,0.8933739527798952,,0
2015-10-12,2015-10-09,0,673b793383011830c1624c092f88326bc0bc25aff3be2b92c02116f8f660245e,v12_cca586e367aa3071f32a,False,False,False,518880,518880,518880,False,False,False,False,2.963284218319023,2.9948085185139064,2.9948085185139064,0.0,4,4,810,0.8948971820258966,,0
2015-10-13,2015-10-12,0,673b793383011830c1624c092f88326bc0bc25aff3be2b92c02116f8f660245e,v12_cca586e367aa3071f32a,False,False,False,518880,518880,518880,False,False,False,False,2.9948085185139064,2.9771549104047725,2.9771549104047725,0.0,5,5,810,0.9044173648134063,,0
2015-10-14,2015-10-13,0,673b793383011830c1624c092f88326bc0bc25aff3be2b92c02116f8f660245e,v12_cca586e367aa3071f32a,False,False,False,518880,518880,518880,False,False,False,False,2.9771549104047725,3.022549902685404,3.022549902685404,0.0,6,6,810,0.9044173648134063,,0
2015-10-15,2015-10-14,0,673b793383011830c1624c092f88326bc0bc25aff3be2b92c02116f8f660245e,v12_cca586e367aa3071f32a,False,False,False,518880,518880,518880,False,False,False,False,3.022549902685404,3.0351596227633575,3.0351596227633575,0.0,7,7,810,0.9127951256664146,,0
2015-10-16,2015-10-15,0,673b793383011830c1624c092f88326bc0bc25aff3be2b92c02116f8f660245e,v12_cca586e367aa3071f32a,False,False,False,518880,518880,518880,False,False,False,False,3.0351596227633575,3.028854762724381,3.028854762724381,0.0,8,8,810,0.9166031987814185,,0
2015-10-19,2015-10-16,0,673b793383011830c1624c092f88326bc0bc25aff3be2b92c02116f8f660245e,v12_cca586e367aa3071f32a,False,False,False,518880,518880,518880,False,False,False,False,3.028854762724381,3.0238108746931993,3.0238108746931993,0.0,9,9,810,0.9166031987814185,,0
2015-10-20,2015-10-19,0,673b793383011830c1624c092f88326bc0bc25aff3be2b92c02116f8f660245e,v12_cca586e367aa3071f32a,False,False,False,518880,518880,518880,False,False,False,False,3.0238108746931993,3.0175060146542223,3.0175060146542223,0.0,10,10,810,0.9166031987814185,,0
2015-10-21,2015-10-20,0,673b793383011830c1624c092f88326bc0bc25aff3be2b92c02116f8f660245e,v12_cca586e367aa3071f32a,False,False,False,518880,518880,518880,False,False,False,False,3.0175060146542223,3.0250718467009947,3.0250718467009947,0.0,11,11,810,0.9166031987814185,,0
2015-10-22,2015-10-21,0,673b793383011830c1624c092f88326bc0bc25aff3be2b92c02116f8f660245e,v12_cca586e367aa3071f32a,False,False,False,518880,518880,518880,False,False,False,False,3.0250718467009947,3.012462126623041,3.012462126623041,0.0,12,12,810,0.9166031987814185,,0
2015-10-23,2015-10-22,0,673b793383011830c1624c092f88326bc0bc25aff3be2b92c02116f8f660245e,v12_cca586e367aa3071f32a,False,False,False,518880,518880,518880,False,False,False,False,3.012462126623041,3.0301157347321763,3.0301157347321763,0.0,13,13,810,0.9166031987814185,,0
2015-10-26,2015-10-23,0,673b793383011830c1624c092f88326bc0bc25aff3be2b92c02116f8f660245e,v12_cca586e367aa3071f32a,False,False,False,518880,518880,518880,False,False,False,False,3.0301157347321763,3.0099401826074508,3.0099401826074508,0.0,14,14,810,0.9166031987814185,,0
2015-10-27,2015-10-26,0,673b793383011830c1624c092f88326bc0bc25aff3be2b92c02116f8f660245e,v12_cca586e367aa3071f32a,False,False,False,518880,513100,513100,False,False,True,False,3.0099401826074508,3.018766986662018,3.0181632332646857,0.0006037533973324037,15,0,810,1.5466399197592815,,0
2015-10-28,2015-10-27,0,673b793383011830c1624c092f88326bc0bc25aff3be2b92c02116f8f660245e,v12_cca586e367aa3071f32a,False,False,False,513100,513100,513100,False,False,False,False,3.0181632332646857,3.039693580583694,3.039693580583694,0.0,1,1,810,1.5466399197592815,,0
2015-10-29,2015-10-28,0,673b793383011830c1624c092f88326bc0bc25aff3be2b92c02116f8f660245e,v12_cca586e367aa3071f32a,False,False,False,513100,513100,513100,False,False,False,False,3.039693580583694,3.053394710695791,3.053394710695791,0.0,2,2,810,1.5576730190571753,,0
2015-10-30,2015-10-29,0,673b793383011830c1624c092f88326bc0bc25aff3be2b92c02116f8f660245e,v12_cca586e367aa3071f32a,False,False,False,513100,513100,513100,False,False,False,False,3.053394710695791,3.0710104494113435,3.0710104494113435,0.0,3,3,810,1.5646940822467441,,0
2015-11-02,2015-10-30,0,673b793383011830c1624c092f88326bc0bc25aff3be2b92c02116f8f660245e,v12_cca586e367aa3071f32a,False,False,False,513100,513100,513100,False,False,False,False,3.0710104494113435,3.0377362762819664,3.0377362762819664,0.0,4,4,810,1.5737211634904753,,0
2015-11-03,2015-11-02,0,673b793383011830c1624c092f88326bc0bc25aff3be2b92c02116f8f660245e,v12_cca586e367aa3071f32a,False,False,False,513100,513100,513100,False,False,False,False,3.0377362762819664,3.082754275221712,3.082754275221712,0.0,5,5,810,1.5737211634904753,,0
2015-11-04,2015-11-03,0,673b793383011830c1624c092f88326bc0bc25aff3be2b92c02116f8f660245e,v12_cca586e367aa3071f32a,False,False,False,513100,513100,513100,False,False,False,False,3.082754275221712,3.0925407967303524,3.0925407967303524,0.0,6,6,810,1.579739217652963,,0
2015-11-05,2015-11-04,0,673b793383011830c1624c092f88326bc0bc25aff3be2b92c02116f8f660245e,v12_cca586e367aa3071f32a,False,False,False,513100,513100,513100,False,False,False,False,3.0925407967303524,3.090583492428624,3.090583492428624,0.0,7,7,810,1.5847542627883693,,0
2015-11-06,2015-11-05,0,673b793383011830c1624c092f88326bc0bc25aff3be2b92c02116f8f660245e,v12_cca586e367aa3071f32a,False,False,False,513100,513100,513100,False,False,False,False,3.090583492428624,3.0807969709199843,3.0807969709199843,0.0,8,8,810,1.5847542627883693,,0
2015-11-09,2015-11-06,0,673b793383011830c1624c092f88326bc0bc25aff3be2b92c02116f8f660245e,v12_cca586e367aa3071f32a,False,False,False,513100,513100,513100,False,False,False,False,3.0807969709199843,3.0984127096355363,3.0984127096355363,0.0,9,9,810,1.5847542627883693,,0
2015-11-10,2015-11-09,0,673b793383011830c1624c092f88326bc0bc25aff3be2b92c02116f8f660245e,v12_cca586e367aa3071f32a,False,False,False,513100,513100,513100,False,False,False,False,3.0984127096355363,3.059266623600975,3.059266623600975,0.0,10,10,810,1.5877632898696128,,0
2015-11-11,2015-11-10,0,673b793383011830c1624c092f88326bc0bc25aff3be2b92c02116f8f660245e,v12_cca586e367aa3071f32a,False,False,False,513100,513100,513100,False,False,False,False,3.059266623600975,3.049480102092334,3.049480102092334,0.0,11,11,810,1.5877632898696128,,0
2015-11-12,2015-11-11,0,673b793383011830c1624c092f88326bc0bc25aff3be2b92c02116f8f660245e,v12_cca586e367aa3071f32a,False,False,False,513100,513100,513100,False,False,False,False,3.049480102092334,3.051437406394062,3.051437406394062,0.0,12,12,810,1.5877632898696128,,0
2015-11-13,2015-11-12,0,673b793383011830c1624c092f88326bc0bc25aff3be2b92c02116f8f660245e,v12_cca586e367aa3071f32a,False,False,False,513100,513100,513100,False,False,False,False,3.051437406394062,3.0201205375664126,3.0201205375664126,0.0,13,13,810,1.5877632898696128,,0
2015-11-16,2015-11-13,0,673b793383011830c1624c092f88326bc0bc25aff3be2b92c02116f8f660245e,v12_cca586e367aa3071f32a,False,False,False,513100,513100,513100,False,False,False,False,3.0201205375664126,2.967273321419755,2.967273321419755,0.0,14,14,810,1.5877632898696128,,0
2015-11-17,2015-11-16,0,673b793383011830c1624c092f88326bc0bc25aff3be2b92c02116f8f660245e,v12_cca586e367aa3071f32a,False,False,False,513100,513100,513100,False,False,False,False,2.967273321419755,3.0377362762819655,3.0377362762819655,0.0,15,15,810,1.5877632898696128,,0
2015-11-18,2015-11-17,0,673b793383011830c1624c092f88326bc0bc25aff3be2b92c02116f8f660245e,v12_cca586e367aa3071f32a,False,False,False,513100,513100,513100,False,False,False,False,3.0377362762819655,3.0299070590750534,3.0299070590750534,0.0,16,16,810,1.5877632898696128,,0
2015-11-19,2015-11-18,0,673b793383011830c1624c092f88326bc0bc25aff3be2b92c02116f8f660245e,v12_cca586e367aa3071f32a,False,False,False,513100,513100,513100,False,False,False,False,3.0299070590750534,3.098412709635536,3.098412709635536,0.0,17,17,810,1.5877632898696128,,0
2015-11-20,2015-11-19,0,673b793383011830c1624c092f88326bc0bc25aff3be2b92c02116f8f660245e,v12_cca586e367aa3071f32a,False,False,False,513100,513100,513100,False,False,False,False,3.098412709635536,3.09449810103208,3.09449810103208,0.0,18,18,810,1.5877632898696128,,0
2015-11-23,2015-11-20,0,673b793383011830c1624c092f88326bc0bc25aff3be2b92c02116f8f660245e,v12_cca586e367aa3071f32a,False,False,False,513100,513100,513100,False,False,False,False,3.09449810103208,3.1062419268424484,3.1062419268424484,0.0,19,19,810,1.5877632898696128,,0
2015-11-24,2015-11-23,0,673b793383011830c1624c092f88326bc0bc25aff3be2b92c02116f8f660245e,v12_cca586e367aa3071f32a,False,False,False,513100,513100,513100,False,False,False,False,3.1062419268424484,3.1042846225407206,3.1042846225407206,0.0,20,20,810,1.5917753259779377,,0
2015-11-25,2015-11-24,0,673b793383011830c1624c092f88326bc0bc25aff3be2b92c02116f8f660245e,v12_cca586e367aa3071f32a,False,False,False,513100,513100,513100,False,False,False,False,3.1042846225407206,3.092540796730352,3.092540796730352,0.0,21,21,810,1.5917753259779377,,0
2015-11-26,2015-11-25,0,673b793383011830c1624c092f88326bc0bc25aff3be2b92c02116f8f660245e,v12_cca586e367aa3071f32a,False,False,False,513100,513100,513100,False,False,False,False,3.092540796730352,3.0944981010320802,3.0944981010320802,0.0,22,22,810,1.5917753259779377,,0
2015-11-27,2015-11-26,0,673b793383011830c1624c092f88326bc0bc25aff3be2b92c02116f8f660245e,v12_cca586e367aa3071f32a,False,False,False,513100,513100,513100,False,False,False,False,3.0944981010320802,3.1003700139372645,3.1003700139372645,0.0,23,23,810,1.5917753259779377,,0
2015-11-30,2015-11-27,0,673b793383011830c1624c092f88326bc0bc25aff3be2b92c02116f8f660245e,v12_cca586e367aa3071f32a,False,False,False,513100,513100,513100,False,False,False,False,3.1003700139372645,3.0984127096355367,3.0984127096355367,0.0,24,24,810,1.5917753259779377,,0
2015-12-01,2015-11-30,0,673b793383011830c1624c092f88326bc0bc25aff3be2b92c02116f8f660245e,v12_cca586e367aa3071f32a,False,False,False,513100,513100,513100,False,False,False,False,3.0984127096355367,3.096455405333809,3.096455405333809,0.0,25,25,810,1.5917753259779377,,0
2015-12-02,2015-12-01,0,673b793383011830c1624c092f88326bc0bc25aff3be2b92c02116f8f660245e,v12_cca586e367aa3071f32a,False,False,False,513100,513100,513100,False,False,False,False,3.096455405333809,3.141473404273554,3.141473404273554,0.0,26,26,810,1.5917753259779377,,0
2015-12-03,2015-12-02,0,673b793383011830c1624c092f88326bc0bc25aff3be2b92c02116f8f660245e,v12_cca586e367aa3071f32a,False,False,False,513100,513100,513100,False,False,False,False,3.141473404273554,3.1179857526528174,3.1179857526528174,0.0,27,27,810,1.6098294884654,,0
2015-12-04,2015-12-03,0,673b793383011830c1624c092f88326bc0bc25aff3be2b92c02116f8f660245e,v12_cca586e367aa3071f32a,False,False,False,513100,513100,513100,False,False,False,False,3.1179857526528174,3.0768823623165282,3.0768823623165282,0.0,28,28,810,1.6098294884654,,0
2015-12-07,2015-12-04,0,673b793383011830c1624c092f88326bc0bc25aff3be2b92c02116f8f660245e,v12_cca586e367aa3071f32a,False,False,False,513100,513100,513100,False,False,False,False,3.0768823623165282,3.1395160999718263,3.1395160999718263,0.0,29,29,810,1.6098294884654,,0
2015-12-08,2015-12-07,0,673b793383011830c1624c092f88326bc0bc25aff3be2b92c02116f8f660245e,v12_cca586e367aa3071f32a,False,False,False,513100,513100,513100,False,False,False,False,3.1395160999718263,3.1277722741614578,3.1277722741614578,0.0,30,30,810,1.6098294884654,,0
2015-12-09,2015-12-08,0,673b793383011830c1624c092f88326bc0bc25aff3be2b92c02116f8f660245e,v12_cca586e367aa3071f32a,False,False,False,513100,513100,513100,False,False,False,False,3.1277722741614578,3.1316868827649142,3.1316868827649142,0.0,31,31,810,1.6098294884654,,0
2015-12-10,2015-12-09,0,673b793383011830c1624c092f88326bc0bc25aff3be2b92c02116f8f660245e,v12_cca586e367aa3071f32a,False,False,False,513100,513100,513100,False,False,False,False,3.1316868827649142,3.096455405333809,3.096455405333809,0.0,32,32,810,1.6098294884654,,0
2015-12-11,2015-12-10,0,673b793383011830c1624c092f88326bc0bc25aff3be2b92c02116f8f660245e,v12_cca586e367aa3071f32a,False,False,False,513100,513100,513100,False,False,False,False,3.096455405333809,3.102327318238993,3.102327318238993,0.0,33,33,810,1.6098294884654,,0
2015-12-14,2015-12-11,0,673b793383011830c1624c092f88326bc0bc25aff3be2b92c02116f8f660245e,v12_cca586e367aa3071f32a,False,False,False,513100,513100,513100,False,False,False,False,3.102327318238993,3.053394710695792,3.053394710695792,0.0,34,34,810,1.6098294884654,,0
2015-12-15,2015-12-14,0,673b793383011830c1624c092f88326bc0bc25aff3be2b92c02116f8f660245e,v12_cca586e367aa3071f32a,False,False,False,513100,513100,513100,False,False,False,False,3.053394710695792,3.0768823623165287,3.0768823623165287,0.0,35,35,810,1.6098294884654,,0
2015-12-16,2015-12-15,0,673b793383011830c1624c092f88326bc0bc25aff3be2b92c02116f8f660245e,v12_cca586e367aa3071f32a,False,False,False,513100,513100,513100,False,False,False,False,3.0768823623165287,3.1023273182389937,3.1023273182389937,0.0,36,36,810,1.6098294884654,,0
2015-12-17,2015-12-16,0,673b793383011830c1624c092f88326bc0bc25aff3be2b92c02116f8f660245e,v12_cca586e367aa3071f32a,False,False,False,513100,513100,513100,False,False,False,False,3.1023273182389937,3.153217230083923,3.153217230083923,0.0,37,37,810,1.6098294884654,,0
2015-12-18,2015-12-17,0,673b793383011830c1624c092f88326bc0bc25aff3be2b92c02116f8f660245e,v12_cca586e367aa3071f32a,False,False,False,513100,513100,513100,False,False,False,False,3.153217230083923,3.102327318238993,3.102327318238993,0.0,38,38,810,1.615847542627888,,0
2015-12-21,2015-12-18,0,673b793383011830c1624c092f88326bc0bc25aff3be2b92c02116f8f660245e,v12_cca586e367aa3071f32a,False,False,False,513100,513100,513100,False,False,False,False,3.102327318238993,3.0807969709199847,3.0807969709199847,0.0,39,39,810,1.615847542627888,,0
2015-12-22,2015-12-21,0,673b793383011830c1624c092f88326bc0bc25aff3be2b92c02116f8f660245e,v12_cca586e367aa3071f32a,False,False,False,513100,518880,518880,False,False,True,False,3.0807969709199847,3.0807969709199847,3.0801808115258007,0.000616159394183997,40,0,810,0.8564356435643582,,0
2015-12-23,2015-12-22,0,673b793383011830c1624c092f88326bc0bc25aff3be2b92c02116f8f660245e,v12_cca586e367aa3071f32a,False,False,False,518880,518880,518880,False,False,False,False,3.0801808115258007,3.073332921771408,3.073332921771408,0.0,1,1,810,0.8564356435643582,,0
2015-12-24,2015-12-23,0,673b793383011830c1624c092f88326bc0bc25aff3be2b92c02116f8f660245e,v12_cca586e367aa3071f32a,False,False,False,518880,518880,518880,False,False,False,False,3.073332921771408,3.0747024997222865,3.0747024997222865,0.0,2,2,810,0.8564356435643582,,0
2015-12-25,2015-12-24,0,673b793383011830c1624c092f88326bc0bc25aff3be2b92c02116f8f660245e,v12_cca586e367aa3071f32a,False,False,False,518880,518880,518880,False,False,False,False,3.0747024997222865,3.081550389476679,3.081550389476679,0.0,3,3,810,0.8564356435643582,,0
2015-12-28,2015-12-25,0,673b793383011830c1624c092f88326bc0bc25aff3be2b92c02116f8f660245e,v12_cca586e367aa3071f32a,False,False,False,518880,518880,518880,False,False,False,False,3.081550389476679,3.073332921771408,3.073332921771408,0.0,4,4,810,0.8568164508758584,,0
2015-12-29,2015-12-28,0,673b793383011830c1624c092f88326bc0bc25aff3be2b92c02116f8f660245e,v12_cca586e367aa3071f32a,False,False,False,518880,518880,518880,False,False,False,False,3.073332921771408,3.0788112335749216,3.0788112335749216,0.0,5,5,810,0.8568164508758584,,0
2015-12-30,2015-12-29,0,673b793383011830c1624c092f88326bc0bc25aff3be2b92c02116f8f660245e,v12_cca586e367aa3071f32a,False,False,False,518880,518880,518880,False,False,False,False,3.0788112335749216,3.0747024997222856,3.0747024997222856,0.0,6,6,810,0.8568164508758584,,0
2015-12-31,2015-12-30,0,673b793383011830c1624c092f88326bc0bc25aff3be2b92c02116f8f660245e,v12_cca586e367aa3071f32a,False,False,False,518880,518880,518880,False,False,False,False,3.0747024997222856,3.056897986360865,3.056897986360865,0.0,7,7,810,0.8568164508758584,,0
2016-01-04,2015-12-31,0,673b793383011830c1624c092f88326bc0bc25aff3be2b92c02116f8f660245e,v12_cca586e367aa3071f32a,False,False,False,518880,518880,518880,False,False,False,False,3.056897986360865,3.082919967427557,3.082919967427557,0.0,8,8,810,0.8568164508758584,,0
2016-01-05,2016-01-04,0,673b793383011830c1624c092f88326bc0bc25aff3be2b92c02116f8f660245e,v12_cca586e367aa3071f32a,False,False,False,518880,510300,510300,False,True,True,False,3.082919967427557,3.1089419484942495,3.108320160104551,0.00062178838969885,9,0,883,1.4180824418208802,,0
2016-01-06,2016-01-05,0,673b793383011830c1624c092f88326bc0bc25aff3be2b92c02116f8f660245e,v12_cca586e367aa3071f32a,False,False,False,510300,510300,510300,False,False,False,False,3.108320160104551,3.1567912711920902,3.1567912711920902,0.0,1,1,883,1.4180824418208802,,0
2016-01-07,2016-01-06,0,673b793383011830c1624c092f88326bc0bc25aff3be2b92c02116f8f660245e,v12_cca586e367aa3071f32a,False,False,False,510300,510300,510300,False,False,False,False,3.1567912711920902,3.0704245641633845,3.0704245641633845,0.0,2,2,883,1.4401960041401738,,0
2016-01-08,2016-01-07,0,673b793383011830c1624c092f88326bc0bc25aff3be2b92c02116f8f660245e,v12_cca586e367aa3071f32a,False,False,False,510300,510300,510300,False,False,False,False,3.0704245641633845,3.003446301569694,3.003446301569694,0.0,3,3,883,1.4401960041401738,,0
2016-01-11,2016-01-08,0,673b793383011830c1624c092f88326bc0bc25aff3be2b92c02116f8f660245e,v12_cca586e367aa3071f32a,False,False,False,510300,510300,510300,False,False,False,False,3.003446301569694,2.8492200390184337,2.8492200390184337,0.0,4,4,883,1.4401960041401738,,0
2016-01-12,2016-01-11,0,673b793383011830c1624c092f88326bc0bc25aff3be2b92c02116f8f660245e,v12_cca586e367aa3071f32a,False,False,False,510300,510500,510500,True,True,True,False,2.8492200390184337,2.8694897763823137,2.868915878427037,0.0005738979552764627,5,0,888,1.8232673736804241,,0
2016-01-13,2016-01-12,0,673b793383011830c1624c092f88326bc0bc25aff3be2b92c02116f8f660245e,v12_cca586e367aa3071f32a,False,False,False,510500,510500,510500,False,False,False,False,2.868915878427037,2.779788043243696,2.779788043243696,0.0,1,1,888,1.8232673736804241,,0
2016-01-14,2016-01-13,0,673b793383011830c1624c092f88326bc0bc25aff3be2b92c02116f8f660245e,v12_cca586e367aa3071f32a,False,False,False,510500,510500,510500,False,False,False,False,2.779788043243696,2.8730084831038227,2.8730084831038227,0.0,2,2,888,1.8232673736804241,,0
2016-01-15,2016-01-14,0,673b793383011830c1624c092f88326bc0bc25aff3be2b92c02116f8f660245e,v12_cca586e367aa3071f32a,False,False,False,510500,510500,510500,False,False,False,False,2.8730084831038227,2.762508156830599,2.762508156830599,0.0,3,3,888,1.8258683257113517,,0
2016-01-18,2016-01-15,0,673b793383011830c1624c092f88326bc0bc25aff3be2b92c02116f8f660245e,v12_cca586e367aa3071f32a,False,False,False,510500,510500,510500,False,False,False,False,2.762508156830599,2.802070002039531,2.802070002039531,0.0,4,4,888,1.8258683257113517,,0
2016-01-19,2016-01-18,0,673b793383011830c1624c092f88326bc0bc25aff3be2b92c02116f8f660245e,v12_cca586e367aa3071f32a,False,False,False,510500,518880,518880,False,False,True,False,2.802070002039531,2.891652571075848,2.891074240561633,0.0005783305142151696,5,0,888,0.8800456968773822,,0
2016-01-20,2016-01-19,0,673b793383011830c1624c092f88326bc0bc25aff3be2b92c02116f8f660245e,v12_cca586e367aa3071f32a,False,False,False,518880,518880,518880,False,False,False,False,2.891074240561633,2.9135923436901963,2.9135923436901963,0.0,1,1,888,0.8800456968773822,,0
2016-01-21,2016-01-20,0,673b793383011830c1624c092f88326bc0bc25aff3be2b92c02116f8f660245e,v12_cca586e367aa3071f32a,False,False,False,518880,518880,518880,False,False,False,False,2.9135923436901963,2.9398634640068533,2.9398634640068533,0.0,2,2,888,0.8869002284843891,,0
2016-01-22,2016-01-21,0,673b793383011830c1624c092f88326bc0bc25aff3be2b92c02116f8f660245e,v12_cca586e367aa3071f32a,False,False,False,518880,518880,518880,False,False,False,False,2.9398634640068533,2.9210983780663837,2.9210983780663837,0.0,3,3,888,0.8948971820258971,,0
2016-01-25,2016-01-22,0,673b793383011830c1624c092f88326bc0bc25aff3be2b92c02116f8f660245e,v12_cca586e367aa3071f32a,False,False,False,518880,518880,518880,False,False,False,False,2.9210983780663837,2.9261024009838423,2.9261024009838423,0.0,4,4,888,0.8948971820258971,,0
2016-01-26,2016-01-25,0,673b793383011830c1624c092f88326bc0bc25aff3be2b92c02116f8f660245e,v12_cca586e367aa3071f32a,False,False,False,518880,518880,518880,False,False,False,False,2.9261024009838423,2.976142630158427,2.976142630158427,0.0,5,5,888,0.8948971820258971,,0
2016-01-27,2016-01-26,0,673b793383011830c1624c092f88326bc0bc25aff3be2b92c02116f8f660245e,v12_cca586e367aa3071f32a,False,False,False,518880,159915,159915,False,True,True,False,2.976142630158427,2.9711386072409685,2.97054437951952,0.0005942277214481937,6,0,899,2.3676286072772874,,0
2016-01-28,2016-01-27,0,673b793383011830c1624c092f88326bc0bc25aff3be2b92c02116f8f660245e,v12_cca586e367aa3071f32a,False,False,False,159915,159915,159915,False,False,False,False,2.97054437951952,2.846181366280494,2.846181366280494,0.0,1,1,899,2.3676286072772874,,0
2016-01-29,2016-01-28,0,673b793383011830c1624c092f88326bc0bc25aff3be2b92c02116f8f660245e,v12_cca586e367aa3071f32a,False,False,False,159915,159915,159915,False,False,False,False,2.846181366280494,2.957950656659872,2.957950656659872,0.0,2,2,899,2.3676286072772874,,0
2016-02-01,2016-01-29,0,673b793383011830c1624c092f88326bc0bc25aff3be2b92c02116f8f660245e,v12_cca586e367aa3071f32a,False,False,False,159915,159915,159915,False,False,False,False,2.957950656659872,2.9831381023791685,2.9831381023791685,0.0,3,3,899,2.3676286072772874,,0
2016-02-02,2016-02-01,0,673b793383011830c1624c092f88326bc0bc25aff3be2b92c02116f8f660245e,v12_cca586e367aa3071f32a,False,False,False,159915,159915,159915,False,False,False,False,2.9831381023791685,3.1043526849032825,3.1043526849032825,0.0,4,4,899,2.3776662484316162,,0
2016-02-03,2016-02-02,0,673b793383011830c1624c092f88326bc0bc25aff3be2b92c02116f8f660245e,v12_cca586e367aa3071f32a,False,False,False,159915,518880,518880,False,False,True,False,3.1043526849032825,3.129540130622579,3.1289142225964546,0.0006259080261245159,5,0,899,0.9135567402894157,,0
2016-02-04,2016-02-03,0,673b793383011830c1624c092f88326bc0bc25aff3be2b92c02116f8f660245e,v12_cca586e367aa3071f32a,False,False,False,518880,518880,518880,False,False,False,False,3.1289142225964546,3.157607891999173,3.157607891999173,0.0,1,1,899,0.9135567402894157,,0
2016-02-05,2016-02-04,0,673b793383011830c1624c092f88326bc0bc25aff3be2b92c02116f8f660245e,v12_cca586e367aa3071f32a,False,False,False,518880,518880,518880,False,False,False,False,3.157607891999173,3.1967356230028807,3.1967356230028807,0.0,2,2,899,0.9219345011424239,,0
2016-02-15,2016-02-05,0,673b793383011830c1624c092f88326bc0bc25aff3be2b92c02116f8f660245e,v12_cca586e367aa3071f32a,False,False,False,518880,518880,518880,False,False,False,False,3.1967356230028807,3.3219443622147438,3.3219443622147438,0.0,3,3,899,0.9333587204874355,,0
2016-02-16,2016-02-15,0,673b793383011830c1624c092f88326bc0bc25aff3be2b92c02116f8f660245e,v12_cca586e367aa3071f32a,False,False,False,518880,518880,518880,False,False,False,False,3.3219443622147438,3.2762953427104184,3.2762953427104184,0.0,4,4,899,0.9699162223914721,,0
2016-02-17,2016-02-16,0,673b793383011830c1624c092f88326bc0bc25aff3be2b92c02116f8f660245e,v12_cca586e367aa3071f32a,False,False,False,518880,518880,518880,False,False,False,False,3.2762953427104184,3.303684754413013,3.303684754413013,0.0,5,5,899,0.9699162223914721,,0
2016-02-18,2016-02-17,0,673b793383011830c1624c092f88326bc0bc25aff3be2b92c02116f8f660245e,v12_cca586e367aa3071f32a,False,False,False,518880,518880,518880,False,False,False,False,3.303684754413013,3.308901785213507,3.308901785213507,0.0,6,6,899,0.9699162223914721,,0
2016-02-19,2016-02-18,0,673b793383011830c1624c092f88326bc0bc25aff3be2b92c02116f8f660245e,v12_cca586e367aa3071f32a,False,False,False,518880,518880,518880,False,False,False,False,3.308901785213507,3.3571593201180794,3.3571593201180794,0.0,7,7,899,0.9699162223914721,,0
2016-02-22,2016-02-19,0,673b793383011830c1624c092f88326bc0bc25aff3be2b92c02116f8f660245e,v12_cca586e367aa3071f32a,False,False,False,518880,518880,518880,False,False,False,False,3.3571593201180794,3.332378423815732,3.332378423815732,0.0,8,8,899,0.9801980198019823,,0
2016-02-23,2016-02-22,0,673b793383011830c1624c092f88326bc0bc25aff3be2b92c02116f8f660245e,v12_cca586e367aa3071f32a,False,False,False,518880,518880,518880,False,False,False,False,3.332378423815732,3.334986939215979,3.334986939215979,0.0,9,9,899,0.9801980198019823,,0
2016-02-24,2016-02-23,0,673b793383011830c1624c092f88326bc0bc25aff3be2b92c02116f8f660245e,v12_cca586e367aa3071f32a,False,False,False,518880,518880,518880,False,False,False,False,3.334986939215979,3.3610720932184504,3.3610720932184504,0.0,10,10,899,0.9801980198019823,,0
2016-02-25,2016-02-24,0,673b793383011830c1624c092f88326bc0bc25aff3be2b92c02116f8f660245e,v12_cca586e367aa3071f32a,False,False,False,518880,518880,518880,False,False,False,False,3.3610720932184504,3.4093296281230225,3.4093296281230225,0.0,11,11,899,0.9813404417364835,,0
2016-02-26,2016-02-25,0,673b793383011830c1624c092f88326bc0bc25aff3be2b92c02116f8f660245e,v12_cca586e367aa3071f32a,False,False,False,518880,159915,159915,False,True,True,False,3.4093296281230225,3.4067211127227757,3.4060397685002313,0.0006813442225445551,12,0,916,2.3864491844416538,,0
2016-02-29,2016-02-26,0,673b793383011830c1624c092f88326bc0bc25aff3be2b92c02116f8f660245e,v12_cca586e367aa3071f32a,False,False,False,159915,159915,159915,False,False,False,False,3.4060397685002313,3.1696584596453254,3.1696584596453254,0.0,1,1,916,2.3864491844416538,,0
2016-03-01,2016-02-29,0,673b793383011830c1624c092f88326bc0bc25aff3be2b92c02116f8f660245e,v12_cca586e367aa3071f32a,False,False,False,159915,159915,159915,True,False,False,False,3.1696584596453254,3.266359904176878,3.266359904176878,0.0,2,2,916,2.3864491844416538,,0
2016-03-02,2016-03-01,0,673b793383011830c1624c092f88326bc0bc25aff3be2b92c02116f8f660245e,v12_cca586e367aa3071f32a,False,False,False,159915,159915,159915,False,False,False,False,3.266359904176878,3.423947443413481,3.423947443413481,0.0,3,3,916,2.3864491844416538,,0
2016-03-03,2016-03-02,0,673b793383011830c1624c092f88326bc0bc25aff3be2b92c02116f8f660245e,v12_cca586e367aa3071f32a,False,False,False,159915,159915,159915,False,False,False,False,3.423947443413481,3.4060397685002304,3.4060397685002304,0.0,4,4,916,2.3989962358845642,,0
2016-03-04,2016-03-03,0,673b793383011830c1624c092f88326bc0bc25aff3be2b92c02116f8f660245e,v12_cca586e367aa3071f32a,False,False,False,159915,518880,518880,False,False,True,False,3.4060397685002304,3.241289159298326,3.2406409014664668,0.0006482578318596653,5,0,916,1.0095201827875115,,0
2016-03-07,2016-03-04,0,673b793383011830c1624c092f88326bc0bc25aff3be2b92c02116f8f660245e,v12_cca586e367aa3071f32a,False,False,False,518880,518880,518880,False,False,False,False,3.2406409014664668,3.2381960573310717,3.2381960573310717,0.0,1,1,916,1.0095201827875115,,0
2016-03-08,2016-03-07,0,673b793383011830c1624c092f88326bc0bc25aff3be2b92c02116f8f660245e,v12_cca586e367aa3071f32a,False,False,False,518880,518880,518880,False,False,False,False,3.2381960573310717,3.254087544211141,3.254087544211141,0.0,2,2,916,1.0095201827875115,,0
2016-03-09,2016-03-08,0,673b793383011830c1624c092f88326bc0bc25aff3be2b92c02116f8f660245e,v12_cca586e367aa3071f32a,False,False,False,518880,518880,518880,False,False,False,False,3.254087544211141,3.2198597263156072,3.2198597263156072,0.0,3,3,916,1.0137090632140158,,0
2016-03-10,2016-03-09,0,673b793383011830c1624c092f88326bc0bc25aff3be2b92c02116f8f660245e,v12_cca586e367aa3071f32a,False,False,False,518880,518880,518880,False,False,False,False,3.2198597263156072,3.200300973232445,3.200300973232445,0.0,4,4,916,1.0137090632140158,,0
2016-03-11,2016-03-10,0,673b793383011830c1624c092f88326bc0bc25aff3be2b92c02116f8f660245e,v12_cca586e367aa3071f32a,False,False,False,518880,518880,518880,False,False,False,False,3.200300973232445,3.240640901466467,3.240640901466467,0.0,5,5,916,1.0137090632140158,,0
2016-03-14,2016-03-11,0,673b793383011830c1624c092f88326bc0bc25aff3be2b92c02116f8f660245e,v12_cca586e367aa3071f32a,False,False,False,518880,518880,518880,False,False,False,False,3.240640901466467,3.207635505638631,3.207635505638631,0.0,6,6,916,1.0137090632140158,,0
2016-03-15,2016-03-14,0,673b793383011830c1624c092f88326bc0bc25aff3be2b92c02116f8f660245e,v12_cca586e367aa3071f32a,False,False,False,518880,518880,518880,False,False,False,False,3.207635505638631,3.1440695581183538,3.1440695581183538,0.0,7,7,916,1.0137090632140158,,0
2016-03-16,2016-03-15,0,673b793383011830c1624c092f88326bc0bc25aff3be2b92c02116f8f660245e,v12_cca586e367aa3071f32a,False,False,False,518880,518880,518880,False,False,False,False,3.1440695581183538,3.1672955774046097,3.1672955774046097,0.0,8,8,916,1.0137090632140158,,0
2016-03-17,2016-03-16,0,673b793383011830c1624c092f88326bc0bc25aff3be2b92c02116f8f660245e,v12_cca586e367aa3071f32a,False,False,False,518880,518880,518880,False,False,False,False,3.1672955774046097,3.1990785511647486,3.1990785511647486,0.0,9,9,916,1.0137090632140158,,0
2016-03-18,2016-03-17,0,673b793383011830c1624c092f88326bc0bc25aff3be2b92c02116f8f660245e,v12_cca586e367aa3071f32a,False,False,False,518880,518880,518880,False,False,False,False,3.1990785511647486,3.1990785511647486,3.1990785511647486,0.0,10,10,916,1.0137090632140158,,0
2016-03-21,2016-03-18,0,673b793383011830c1624c092f88326bc0bc25aff3be2b92c02116f8f660245e,v12_cca586e367aa3071f32a,False,False,False,518880,513100,513100,False,False,True,False,3.1990785511647486,3.148959246389145,3.1483294545398675,0.000629791849277829,11,0,916,1.514543630892683,,0
2016-03-22,2016-03-21,0,673b793383011830c1624c092f88326bc0bc25aff3be2b92c02116f8f660245e,v12_cca586e367aa3071f32a,False,False,False,513100,513100,513100,False,False,False,False,3.1483294545398675,3.1504144409336026,3.1504144409336026,0.0,1,1,916,1.514543630892683,,0
2016-03-23,2016-03-22,0,673b793383011830c1624c092f88326bc0bc25aff3be2b92c02116f8f660245e,v12_cca586e367aa3071f32a,False,False,False,513100,513100,513100,False,False,False,False,3.1504144409336026,3.1754342776584226,3.1754342776584226,0.0,2,2,916,1.5155466399197643,,0
2016-03-24,2016-03-23,0,673b793383011830c1624c092f88326bc0bc25aff3be2b92c02116f8f660245e,v12_cca586e367aa3071f32a,False,False,False,513100,513100,513100,False,False,False,False,3.1754342776584226,3.1462444681461323,3.1462444681461323,0.0,3,3,916,1.5275827482447393,,0
2016-03-25,2016-03-24,0,673b793383011830c1624c092f88326bc0bc25aff3be2b92c02116f8f660245e,v12_cca586e367aa3071f32a,False,False,False,513100,513100,513100,False,False,False,False,3.1462444681461323,3.160839372902278,3.160839372902278,0.0,4,4,916,1.5275827482447393,,0
2016-03-28,2016-03-25,0,673b793383011830c1624c092f88326bc0bc25aff3be2b92c02116f8f660245e,v12_cca586e367aa3071f32a,False,False,False,513100,513100,513100,False,False,False,False,3.160839372902278,3.1733492912646883,3.1733492912646883,0.0,5,5,916,1.5275827482447393,,0
2016-03-29,2016-03-28,0,673b793383011830c1624c092f88326bc0bc25aff3be2b92c02116f8f660245e,v12_cca586e367aa3071f32a,False,False,False,513100,513100,513100,False,False,False,False,3.1733492912646883,3.158754386508543,3.158754386508543,0.0,6,6,916,1.5275827482447393,,0
2016-03-30,2016-03-29,0,673b793383011830c1624c092f88326bc0bc25aff3be2b92c02116f8f660245e,v12_cca586e367aa3071f32a,False,False,False,513100,513100,513100,False,False,False,False,3.158754386508543,3.1962841415957732,3.1962841415957732,0.0,7,7,916,1.5275827482447393,,0
2016-03-31,2016-03-30,0,673b793383011830c1624c092f88326bc0bc25aff3be2b92c02116f8f660245e,v12_cca586e367aa3071f32a,False,False,False,513100,513100,513100,False,False,False,False,3.1962841415957732,3.2004541143832435,3.2004541143832435,0.0,8,8,916,1.537612838515552,,0
2016-04-01,2016-03-31,0,673b793383011830c1624c092f88326bc0bc25aff3be2b92c02116f8f660245e,v12_cca586e367aa3071f32a,False,False,False,513100,513100,513100,False,False,False,False,3.2004541143832435,3.1837742232333635,3.1837742232333635,0.0,9,9,916,1.5396188565697146,,0
2016-04-05,2016-04-01,0,673b793383011830c1624c092f88326bc0bc25aff3be2b92c02116f8f660245e,v12_cca586e367aa3071f32a,False,False,False,513100,513100,513100,False,False,False,False,3.1837742232333635,3.202539100776979,3.202539100776979,0.0,10,10,916,1.5396188565697146,,0
2016-04-06,2016-04-05,0,673b793383011830c1624c092f88326bc0bc25aff3be2b92c02116f8f660245e,v12_cca586e367aa3071f32a,False,False,False,513100,513100,513100,False,False,False,False,3.202539100776979,3.202539100776979,3.202539100776979,0.0,11,11,916,1.540621865596796,,0
2016-04-07,2016-04-06,0,673b793383011830c1624c092f88326bc0bc25aff3be2b92c02116f8f660245e,v12_cca586e367aa3071f32a,False,False,False,513100,513100,513100,False,False,False,False,3.202539100776979,3.237983869470474,3.237983869470474,0.0,12,12,916,1.540621865596796,,0
2016-04-08,2016-04-07,0,673b793383011830c1624c092f88326bc0bc25aff3be2b92c02116f8f660245e,v12_cca586e367aa3071f32a,False,False,False,513100,513100,513100,False,False,False,False,3.237983869470474,3.202539100776979,3.202539100776979,0.0,13,13,916,1.557673019057177,,0
2016-04-11,2016-04-08,0,673b793383011830c1624c092f88326bc0bc25aff3be2b92c02116f8f660245e,v12_cca586e367aa3071f32a,False,False,False,513100,513100,513100,False,False,False,False,3.202539100776979,3.1962841415957737,3.1962841415957737,0.0,14,14,916,1.557673019057177,,0
2016-04-12,2016-04-11,0,673b793383011830c1624c092f88326bc0bc25aff3be2b92c02116f8f660245e,v12_cca586e367aa3071f32a,False,False,False,513100,513100,513100,False,False,False,False,3.1962841415957737,3.1733492912646892,3.1733492912646892,0.0,15,15,916,1.557673019057177,,0
2016-04-13,2016-04-12,0,673b793383011830c1624c092f88326bc0bc25aff3be2b92c02116f8f660245e,v12_cca586e367aa3071f32a,False,False,False,513100,513100,513100,False,False,False,False,3.1733492912646892,3.1941991552020395,3.1941991552020395,0.0,16,16,916,1.557673019057177,,0
2016-04-14,2016-04-13,0,673b793383011830c1624c092f88326bc0bc25aff3be2b92c02116f8f660245e,v12_cca586e367aa3071f32a,False,False,False,513100,513100,513100,False,False,False,False,3.1941991552020395,3.2296439238955346,3.2296439238955346,0.0,17,17,916,1.557673019057177,,0
2016-04-15,2016-04-14,0,673b793383011830c1624c092f88326bc0bc25aff3be2b92c02116f8f660245e,v12_cca586e367aa3071f32a,False,False,False,513100,513100,513100,False,False,False,False,3.2296439238955346,3.24006885586421,3.24006885586421,0.0,18,18,916,1.557673019057177,,0
2016-04-18,2016-04-15,0,673b793383011830c1624c092f88326bc0bc25aff3be2b92c02116f8f660245e,v12_cca586e367aa3071f32a,False,False,False,513100,513100,513100,False,False,False,False,3.24006885586421,3.23172891028927,3.23172891028927,0.0,19,19,916,1.5586760280842584,,0
2016-04-19,2016-04-18,0,673b793383011830c1624c092f88326bc0bc25aff3be2b92c02116f8f660245e,v12_cca586e367aa3071f32a,False,False,False,513100,513100,513100,False,False,False,False,3.23172891028927,3.2442388286516803,3.2442388286516803,0.0,20,20,916,1.5586760280842584,,0
2016-04-20,2016-04-19,0,673b793383011830c1624c092f88326bc0bc25aff3be2b92c02116f8f660245e,v12_cca586e367aa3071f32a,False,False,False,513100,513100,513100,False,False,False,False,3.2442388286516803,3.2233889647143297,3.2233889647143297,0.0,21,21,916,1.560682046138421,,0
2016-04-21,2016-04-20,0,673b793383011830c1624c092f88326bc0bc25aff3be2b92c02116f8f660245e,v12_cca586e367aa3071f32a,False,False,False,513100,513100,513100,False,False,False,False,3.2233889647143297,3.2338138966830043,3.2338138966830043,0.0,22,22,916,1.560682046138421,,0
2016-04-22,2016-04-21,0,673b793383011830c1624c092f88326bc0bc25aff3be2b92c02116f8f660245e,v12_cca586e367aa3071f32a,False,False,False,513100,513100,513100,False,False,False,False,3.2338138966830043,3.2254739511080643,3.2254739511080643,0.0,23,23,916,1.560682046138421,,0
2016-04-25,2016-04-22,0,673b793383011830c1624c092f88326bc0bc25aff3be2b92c02116f8f660245e,v12_cca586e367aa3071f32a,False,False,False,513100,513100,513100,False,False,False,False,3.2254739511080643,3.1983691279895092,3.1983691279895092,0.0,24,24,916,1.560682046138421,,0
2016-04-26,2016-04-25,0,673b793383011830c1624c092f88326bc0bc25aff3be2b92c02116f8f660245e,v12_cca586e367aa3071f32a,False,False,False,513100,513100,513100,False,False,False,False,3.1983691279895092,3.196284141595774,3.196284141595774,0.0,25,25,916,1.560682046138421,,0
2016-04-27,2016-04-26,0,673b793383011830c1624c092f88326bc0bc25aff3be2b92c02116f8f660245e,v12_cca586e367aa3071f32a,False,False,False,513100,513100,513100,False,False,False,False,3.196284141595774,3.1733492912646897,3.1733492912646897,0.0,26,26,916,1.560682046138421,,0
2016-04-28,2016-04-27,0,673b793383011830c1624c092f88326bc0bc25aff3be2b92c02116f8f660245e,v12_cca586e367aa3071f32a,False,False,False,513100,513100,513100,False,False,False,False,3.1733492912646897,3.1670943320834843,3.1670943320834843,0.0,27,27,916,1.560682046138421,,0
2016-04-29,2016-04-28,0,673b793383011830c1624c092f88326bc0bc25aff3be2b92c02116f8f660245e,v12_cca586e367aa3071f32a,False,False,False,513100,518880,518880,False,False,True,False,3.1670943320834843,3.137904522571194,3.13727694166668,0.0006275809045142389,28,0,916,1.0129474485910153,,0
2016-05-03,2016-04-29,0,673b793383011830c1624c092f88326bc0bc25aff3be2b92c02116f8f660245e,v12_cca586e367aa3071f32a,False,False,False,518880,518880,518880,False,False,False,False,3.13727694166668,3.186812893377206,3.186812893377206,0.0,1,1,916,1.0129474485910153,,0
2016-05-04,2016-05-03,0,673b793383011830c1624c092f88326bc0bc25aff3be2b92c02116f8f660245e,v12_cca586e367aa3071f32a,False,False,False,518880,518880,518880,False,False,False,False,3.186812893377206,3.1573272078352264,3.1573272078352264,0.0,2,2,916,1.0289413556740312,,0
2016-05-05,2016-05-04,0,673b793383011830c1624c092f88326bc0bc25aff3be2b92c02116f8f660245e,v12_cca586e367aa3071f32a,False,False,False,518880,518880,518880,False,False,False,False,3.1573272078352264,3.154968352991867,3.154968352991867,0.0,3,3,916,1.0289413556740312,,0
2016-05-06,2016-05-05,0,673b793383011830c1624c092f88326bc0bc25aff3be2b92c02116f8f660245e,v12_cca586e367aa3071f32a,False,False,False,518880,518880,518880,False,False,False,False,3.154968352991867,3.1608654901002633,3.1608654901002633,0.0,4,4,916,1.0289413556740312,,0
2016-05-09,2016-05-06,0,673b793383011830c1624c092f88326bc0bc25aff3be2b92c02116f8f660245e,v12_cca586e367aa3071f32a,False,False,False,518880,518880,518880,False,False,False,False,3.1608654901002633,3.1490712158834713,3.1490712158834713,0.0,5,5,916,1.0289413556740312,,0
2016-05-10,2016-05-09,0,673b793383011830c1624c092f88326bc0bc25aff3be2b92c02116f8f660245e,v12_cca586e367aa3071f32a,False,False,False,518880,518880,518880,False,False,False,False,3.1490712158834713,3.133738659401642,3.133738659401642,0.0,6,6,916,1.0289413556740312,,0
2016-05-11,2016-05-10,0,673b793383011830c1624c092f88326bc0bc25aff3be2b92c02116f8f660245e,v12_cca586e367aa3071f32a,False,False,False,518880,518880,518880,False,False,False,False,3.133738659401642,3.1478917884617923,3.1478917884617923,0.0,7,7,916,1.0289413556740312,,0
2016-05-12,2016-05-11,0,673b793383011830c1624c092f88326bc0bc25aff3be2b92c02116f8f660245e,v12_cca586e367aa3071f32a,False,False,False,518880,518880,518880,False,False,False,False,3.1478917884617923,3.13727694166668,3.13727694166668,0.0,8,8,916,1.0289413556740312,,0
2016-05-13,2016-05-12,0,673b793383011830c1624c092f88326bc0bc25aff3be2b92c02116f8f660245e,v12_cca586e367aa3071f32a,False,False,False,518880,518880,518880,False,False,False,False,3.13727694166668,3.1632243449436226,3.1632243449436226,0.0,9,9,916,1.0289413556740312,,0
2016-05-16,2016-05-13,0,673b793383011830c1624c092f88326bc0bc25aff3be2b92c02116f8f660245e,v12_cca586e367aa3071f32a,False,False,False,518880,518880,518880,False,False,False,False,3.1632243449436226,3.1785569014254524,3.1785569014254524,0.0,10,10,916,1.0289413556740312,,0
2016-05-17,2016-05-16,0,673b793383011830c1624c092f88326bc0bc25aff3be2b92c02116f8f660245e,v12_cca586e367aa3071f32a,False,False,False,518880,518880,518880,False,False,False,False,3.1785569014254524,3.1632243449436226,3.1632243449436226,0.0,11,11,916,1.0289413556740312,,0
2016-05-18,2016-05-17,0,673b793383011830c1624c092f88326bc0bc25aff3be2b92c02116f8f660245e,v12_cca586e367aa3071f32a,False,False,False,518880,518880,518880,False,False,False,False,3.1632243449436226,3.1620449175219436,3.1620449175219436,0.0,12,12,916,1.0289413556740312,,0
2016-05-19,2016-05-18,0,673b793383011830c1624c092f88326bc0bc25aff3be2b92c02116f8f660245e,v12_cca586e367aa3071f32a,False,False,False,518880,518880,518880,False,False,False,False,3.1620449175219436,3.1136883932330965,3.1136883932330965,0.0,13,13,916,1.0289413556740312,,0
2016-05-20,2016-05-19,0,673b793383011830c1624c092f88326bc0bc25aff3be2b92c02116f8f660245e,v12_cca586e367aa3071f32a,False,False,False,518880,518880,518880,False,False,False,False,3.1136883932330965,3.1113295383897377,3.1113295383897377,0.0,14,14,916,1.0289413556740312,,0
2016-05-23,2016-05-20,0,673b793383011830c1624c092f88326bc0bc25aff3be2b92c02116f8f660245e,v12_cca586e367aa3071f32a,False,False,False,518880,518880,518880,False,False,False,False,3.1113295383897377,3.1077912561247003,3.1077912561247003,0.0,15,15,916,1.0289413556740312,,0
2016-05-24,2016-05-23,0,673b793383011830c1624c092f88326bc0bc25aff3be2b92c02116f8f660245e,v12_cca586e367aa3071f32a,False,False,False,518880,518880,518880,False,False,False,False,3.1077912561247003,3.0936381270645503,3.0936381270645503,0.0,16,16,916,1.0289413556740312,,0
2016-05-25,2016-05-24,0,673b793383011830c1624c092f88326bc0bc25aff3be2b92c02116f8f660245e,v12_cca586e367aa3071f32a,False,False,False,518880,518880,518880,False,False,False,False,3.0936381270645503,3.044102175354024,3.044102175354024,0.0,17,17,916,1.0289413556740312,,0
2016-05-26,2016-05-25,0,673b793383011830c1624c092f88326bc0bc25aff3be2b92c02116f8f660245e,v12_cca586e367aa3071f32a,False,False,False,518880,518880,518880,False,False,False,False,3.044102175354024,3.0558964495708163,3.0558964495708163,0.0,18,18,916,1.0289413556740312,,0
2016-05-27,2016-05-26,0,673b793383011830c1624c092f88326bc0bc25aff3be2b92c02116f8f660245e,v12_cca586e367aa3071f32a,False,False,False,518880,513100,513100,False,False,True,False,3.0558964495708163,3.042922747932345,3.0423141633827586,0.000608584549586469,19,0,916,1.5576730190571764,,0
2016-05-30,2016-05-27,0,673b793383011830c1624c092f88326bc0bc25aff3be2b92c02116f8f660245e,v12_cca586e367aa3071f32a,False,False,False,513100,513100,513100,False,False,False,False,3.0423141633827586,3.071699039397403,3.071699039397403,0.0,1,1,916,1.5576730190571764,,0
2016-05-31,2016-05-30,0,673b793383011830c1624c092f88326bc0bc25aff3be2b92c02116f8f660245e,v12_cca586e367aa3071f32a,False,False,False,513100,513100,513100,False,False,False,False,3.071699039397403,3.087370973271879,3.087370973271879,0.0,2,2,916,1.5727181544633952,,0
2016-06-01,2016-05-31,0,673b793383011830c1624c092f88326bc0bc25aff3be2b92c02116f8f660245e,v12_cca586e367aa3071f32a,False,False,False,513100,513100,513100,False,False,False,False,3.087370973271879,3.0893299650061885,3.0893299650061885,0.0,3,3,916,1.580742226680045,,0
2016-06-02,2016-06-01,0,673b793383011830c1624c092f88326bc0bc25aff3be2b92c02116f8f660245e,v12_cca586e367aa3071f32a,False,False,False,513100,513100,513100,False,False,False,False,3.0893299650061885,3.0775760146003313,3.0775760146003313,0.0,4,4,916,1.5817452357071262,,0
2016-06-03,2016-06-02,0,673b793383011830c1624c092f88326bc0bc25aff3be2b92c02116f8f660245e,v12_cca586e367aa3071f32a,False,False,False,513100,513100,513100,False,False,False,False,3.0775760146003313,3.0775760146003313,3.0775760146003313,0.0,5,5,916,1.5817452357071262,,0
2016-06-06,2016-06-03,0,673b793383011830c1624c092f88326bc0bc25aff3be2b92c02116f8f660245e,v12_cca586e367aa3071f32a,False,False,False,513100,513100,513100,False,False,False,False,3.0775760146003313,3.0560271055229262,3.0560271055229262,0.0,6,6,916,1.5817452357071262,,0
2016-06-07,2016-06-06,0,673b793383011830c1624c092f88326bc0bc25aff3be2b92c02116f8f660245e,v12_cca586e367aa3071f32a,False,False,False,513100,513100,513100,False,False,False,False,3.0560271055229262,3.0677810559287835,3.0677810559287835,0.0,7,7,916,1.5817452357071262,,0
2016-06-08,2016-06-07,0,673b793383011830c1624c092f88326bc0bc25aff3be2b92c02116f8f660245e,v12_cca586e367aa3071f32a,False,False,False,513100,513100,513100,False,False,False,False,3.0677810559287835,3.056027105522926,3.056027105522926,0.0,8,8,916,1.5817452357071262,,0
2016-06-13,2016-06-08,0,673b793383011830c1624c092f88326bc0bc25aff3be2b92c02116f8f660245e,v12_cca586e367aa3071f32a,False,False,False,513100,513100,513100,False,False,False,False,3.056027105522926,3.0168472708367347,3.0168472708367347,0.0,9,9,916,1.5817452357071262,,0
2016-06-14,2016-06-13,0,673b793383011830c1624c092f88326bc0bc25aff3be2b92c02116f8f660245e,v12_cca586e367aa3071f32a,False,False,False,513100,513100,513100,False,False,False,False,3.0168472708367347,3.0148882791024247,3.0148882791024247,0.0,10,10,916,1.5817452357071262,,0
2016-06-15,2016-06-14,0,673b793383011830c1624c092f88326bc0bc25aff3be2b92c02116f8f660245e,v12_cca586e367aa3071f32a,False,False,False,513100,513100,513100,False,False,False,False,3.0148882791024247,3.03643718817983,3.03643718817983,0.0,11,11,916,1.5817452357071262,,0
2016-06-16,2016-06-15,0,673b793383011830c1624c092f88326bc0bc25aff3be2b92c02116f8f660245e,v12_cca586e367aa3071f32a,False,False,False,513100,513100,513100,False,False,False,False,3.03643718817983,3.032519204711211,3.032519204711211,0.0,12,12,916,1.5817452357071262,,0
2016-06-17,2016-06-16,0,673b793383011830c1624c092f88326bc0bc25aff3be2b92c02116f8f660245e,v12_cca586e367aa3071f32a,False,False,False,513100,513100,513100,False,False,False,False,3.032519204711211,3.0364371881798298,3.0364371881798298,0.0,13,13,916,1.5817452357071262,,0
2016-06-20,2016-06-17,0,673b793383011830c1624c092f88326bc0bc25aff3be2b92c02116f8f660245e,v12_cca586e367aa3071f32a,False,False,False,513100,513100,513100,False,False,False,False,3.0364371881798298,3.0442731551170685,3.0442731551170685,0.0,14,14,916,1.5817452357071262,,0
2016-06-21,2016-06-20,0,673b793383011830c1624c092f88326bc0bc25aff3be2b92c02116f8f660245e,v12_cca586e367aa3071f32a,False,False,False,513100,513100,513100,False,False,False,False,3.0442731551170685,3.028601221242592,3.028601221242592,0.0,15,15,916,1.5817452357071262,,0
2016-06-22,2016-06-21,0,673b793383011830c1624c092f88326bc0bc25aff3be2b92c02116f8f660245e,v12_cca586e367aa3071f32a,False,False,False,513100,513100,513100,False,False,False,False,3.028601221242592,3.018806262571044,3.018806262571044,0.0,16,16,916,1.5817452357071262,,0
2016-06-23,2016-06-22,0,673b793383011830c1624c092f88326bc0bc25aff3be2b92c02116f8f660245e,v12_cca586e367aa3071f32a,False,False,False,513100,513100,513100,False,False,False,False,3.018806262571044,3.024683237773973,3.024683237773973,0.0,17,17,916,1.5817452357071262,,0
2016-06-24,2016-06-23,0,673b793383011830c1624c092f88326bc0bc25aff3be2b92c02116f8f660245e,v12_cca586e367aa3071f32a,False,False,False,513100,513100,513100,False,False,False,False,3.024683237773973,2.997257353493639,2.997257353493639,0.0,18,18,916,1.5817452357071262,,0
2016-06-27,2016-06-24,0,673b793383011830c1624c092f88326bc0bc25aff3be2b92c02116f8f660245e,v12_cca586e367aa3071f32a,False,False,False,513100,518880,518880,False,False,True,False,2.997257353493639,2.9874623948220913,2.986864902343127,0.0005974924789644183,19,0,916,1.076923076923079,,0
2016-06-28,2016-06-27,0,673b793383011830c1624c092f88326bc0bc25aff3be2b92c02116f8f660245e,v12_cca586e367aa3071f32a,False,False,False,518880,518880,518880,False,False,False,False,2.986864902343127,2.9752469695546635,2.9752469695546635,0.0,1,1,916,1.076923076923079,,0
2016-06-29,2016-06-28,0,673b793383011830c1624c092f88326bc0bc25aff3be2b92c02116f8f660245e,v12_cca586e367aa3071f32a,False,False,False,518880,518880,518880,False,False,False,False,2.9752469695546635,2.988977253759211,2.988977253759211,0.0,2,2,916,1.076923076923079,,0
2016-06-30,2016-06-29,0,673b793383011830c1624c092f88326bc0bc25aff3be2b92c02116f8f660245e,v12_cca586e367aa3071f32a,False,False,False,518880,518880,518880,False,False,False,False,2.988977253759211,2.9763031452627056,2.9763031452627056,0.0,3,3,916,1.0776846915460798,,0
2016-07-01,2016-06-30,0,673b793383011830c1624c092f88326bc0bc25aff3be2b92c02116f8f660245e,v12_cca586e367aa3071f32a,False,False,False,518880,518880,518880,False,False,False,False,2.9763031452627056,3.0185501735843903,3.0185501735843903,0.0,4,4,916,1.0776846915460798,,0
2016-07-04,2016-07-01,0,673b793383011830c1624c092f88326bc0bc25aff3be2b92c02116f8f660245e,v12_cca586e367aa3071f32a,False,False,False,518880,518880,518880,False,False,False,False,3.0185501735843903,3.061853377614117,3.061853377614117,0.0,5,5,916,1.0883472962680905,,0
2016-07-05,2016-07-04,0,673b793383011830c1624c092f88326bc0bc25aff3be2b92c02116f8f660245e,v12_cca586e367aa3071f32a,False,False,False,518880,518880,518880,False,False,False,False,3.061853377614117,3.0523477962417376,3.0523477962417376,0.0,6,6,916,1.103960396039606,,0
2016-07-06,2016-07-05,0,673b793383011830c1624c092f88326bc0bc25aff3be2b92c02116f8f660245e,v12_cca586e367aa3071f32a,False,False,False,518880,518880,518880,False,False,False,False,3.0523477962417376,3.1125498116001387,3.1125498116001387,0.0,7,7,916,1.103960396039606,,0
2016-07-07,2016-07-06,0,673b793383011830c1624c092f88326bc0bc25aff3be2b92c02116f8f660245e,v12_cca586e367aa3071f32a,False,False,False,518880,518880,518880,False,False,False,False,3.1125498116001387,3.100931878811675,3.100931878811675,0.0,8,8,916,1.1222391469916242,,0
2016-07-08,2016-07-07,0,673b793383011830c1624c092f88326bc0bc25aff3be2b92c02116f8f660245e,v12_cca586e367aa3071f32a,False,False,False,518880,518880,518880,False,False,False,False,3.100931878811675,3.0798083646508325,3.0798083646508325,0.0,9,9,916,1.1222391469916242,,0
2016-07-11,2016-07-08,0,673b793383011830c1624c092f88326bc0bc25aff3be2b92c02116f8f660245e,v12_cca586e367aa3071f32a,False,False,False,518880,518880,518880,False,False,False,False,3.0798083646508325,3.1072689330599284,3.1072689330599284,0.0,10,10,916,1.1222391469916242,,0
2016-07-12,2016-07-11,0,673b793383011830c1624c092f88326bc0bc25aff3be2b92c02116f8f660245e,v12_cca586e367aa3071f32a,False,False,False,518880,518880,518880,False,False,False,False,3.1072689330599284,3.082976891774959,3.082976891774959,0.0,11,11,916,1.1222391469916242,,0
2016-07-13,2016-07-12,0,673b793383011830c1624c092f88326bc0bc25aff3be2b92c02116f8f660245e,v12_cca586e367aa3071f32a,False,False,False,518880,518880,518880,False,False,False,False,3.082976891774959,3.054460147657822,3.054460147657822,0.0,12,12,916,1.1222391469916242,,0
2016-07-14,2016-07-13,0,673b793383011830c1624c092f88326bc0bc25aff3be2b92c02116f8f660245e,v12_cca586e367aa3071f32a,False,False,False,518880,518880,518880,False,False,False,False,3.054460147657822,3.03333663349698,3.03333663349698,0.0,13,13,916,1.1222391469916242,,0
2016-07-15,2016-07-14,0,673b793383011830c1624c092f88326bc0bc25aff3be2b92c02116f8f660245e,v12_cca586e367aa3071f32a,False,False,False,518880,510300,510300,False,False,True,False,3.03333663349698,3.0365051606211066,3.0358978595889825,0.0006073010321242213,14,0,916,1.3575630031279147,,0
2016-07-18,2016-07-15,0,673b793383011830c1624c092f88326bc0bc25aff3be2b92c02116f8f660245e,v12_cca586e367aa3071f32a,False,False,False,510300,510300,510300,False,False,False,False,3.0358978595889825,3.0249346413178215,3.0249346413178215,0.0,1,1,916,1.3575630031279147,,0
2016-07-19,2016-07-18,0,673b793383011830c1624c092f88326bc0bc25aff3be2b92c02116f8f660245e,v12_cca586e367aa3071f32a,False,False,False,510300,510300,510300,False,False,False,False,3.0249346413178215,3.009403415433677,3.009403415433677,0.0,2,2,916,1.3575630031279147,,0
2016-07-20,2016-07-19,0,673b793383011830c1624c092f88326bc0bc25aff3be2b92c02116f8f660245e,v12_cca586e367aa3071f32a,False,False,False,510300,510300,510300,False,False,False,False,3.009403415433677,3.0030082047754996,3.0030082047754996,0.0,3,3,916,1.3575630031279147,,0
2016-07-21,2016-07-20,0,673b793383011830c1624c092f88326bc0bc25aff3be2b92c02116f8f660245e,v12_cca586e367aa3071f32a,False,False,False,510300,510300,510300,False,False,False,False,3.0030082047754996,3.0194530321822413,3.0194530321822413,0.0,4,4,916,1.3575630031279147,,0
2016-07-22,2016-07-21,0,673b793383011830c1624c092f88326bc0bc25aff3be2b92c02116f8f660245e,v12_cca586e367aa3071f32a,False,False,False,510300,510300,510300,False,False,False,False,3.0194530321822413,2.9929585880269354,2.9929585880269354,0.0,5,5,916,1.3575630031279147,,0
2016-07-25,2016-07-22,0,673b793383011830c1624c092f88326bc0bc25aff3be2b92c02116f8f660245e,v12_cca586e367aa3071f32a,False,False,False,510300,513100,513100,False,False,True,False,2.9929585880269354,2.9920449865043386,2.9914465775070376,0.0005984089973008678,6,0,916,1.6479438314944879,,0
2016-07-26,2016-07-25,0,673b793383011830c1624c092f88326bc0bc25aff3be2b92c02116f8f660245e,v12_cca586e367aa3071f32a,False,False,False,513100,513100,513100,False,False,False,False,2.9914465775070376,2.998729466314115,2.998729466314115,0.0,1,1,916,1.6479438314944879,,0
2016-07-27,2016-07-26,0,673b793383011830c1624c092f88326bc0bc25aff3be2b92c02116f8f660245e,v12_cca586e367aa3071f32a,False,False,False,513100,513100,513100,False,False,False,False,2.998729466314115,3.0023709107176537,3.0023709107176537,0.0,2,2,916,1.6519558676028128,,0
2016-07-28,2016-07-27,0,673b793383011830c1624c092f88326bc0bc25aff3be2b92c02116f8f660245e,v12_cca586e367aa3071f32a,False,False,False,513100,513100,513100,False,False,False,False,3.0023709107176537,3.0151159661300393,3.0151159661300393,0.0,3,3,916,1.6539618856569753,,0
2016-07-29,2016-07-28,0,673b793383011830c1624c092f88326bc0bc25aff3be2b92c02116f8f660245e,v12_cca586e367aa3071f32a,False,False,False,513100,513100,513100,False,False,False,False,3.0151159661300393,3.0315024659459637,3.0315024659459637,0.0,4,4,916,1.660982948846544,,0
2016-08-01,2016-07-29,0,673b793383011830c1624c092f88326bc0bc25aff3be2b92c02116f8f660245e,v12_cca586e367aa3071f32a,False,False,False,513100,513100,513100,False,False,False,False,3.0315024659459637,3.0406060769548104,3.0406060769548104,0.0,5,5,916,1.6700100300902754,,0
2016-08-02,2016-08-01,0,673b793383011830c1624c092f88326bc0bc25aff3be2b92c02116f8f660245e,v12_cca586e367aa3071f32a,False,False,False,513100,513100,513100,False,False,False,False,3.0406060769548104,3.055171854568965,3.055171854568965,0.0,6,6,916,1.6750250752256817,,0
2016-08-03,2016-08-02,0,673b793383011830c1624c092f88326bc0bc25aff3be2b92c02116f8f660245e,v12_cca586e367aa3071f32a,False,False,False,513100,513100,513100,False,False,False,False,3.055171854568965,3.011474521726501,3.011474521726501,0.0,7,7,916,1.6830491474423315,,0
2016-08-04,2016-08-03,0,673b793383011830c1624c092f88326bc0bc25aff3be2b92c02116f8f660245e,v12_cca586e367aa3071f32a,False,False,False,513100,513100,513100,False,False,False,False,3.011474521726501,3.0151159661300393,3.0151159661300393,0.0,8,8,916,1.6830491474423315,,0
2016-08-05,2016-08-04,0,673b793383011830c1624c092f88326bc0bc25aff3be2b92c02116f8f660245e,v12_cca586e367aa3071f32a,False,False,False,513100,513100,513100,False,False,False,False,3.0151159661300393,3.0369646325512716,3.0369646325512716,0.0,9,9,916,1.6830491474423315,,0
2016-08-08,2016-08-05,0,673b793383011830c1624c092f88326bc0bc25aff3be2b92c02116f8f660245e,v12_cca586e367aa3071f32a,False,False,False,513100,513100,513100,False,False,False,False,3.0369646325512716,3.0733790765866584,3.0733790765866584,0.0,10,10,916,1.6830491474423315,,0
2016-08-09,2016-08-08,0,673b793383011830c1624c092f88326bc0bc25aff3be2b92c02116f8f660245e,v12_cca586e367aa3071f32a,False,False,False,513100,513100,513100,False,False,False,False,3.0733790765866584,3.0861241319990445,3.0861241319990445,0.0,11,11,916,1.6930792377131436,,0
2016-08-10,2016-08-09,0,673b793383011830c1624c092f88326bc0bc25aff3be2b92c02116f8f660245e,v12_cca586e367aa3071f32a,False,False,False,513100,513100,513100,False,False,False,False,3.0861241319990445,3.095227743007891,3.095227743007891,0.0,12,12,916,1.7001003009027125,,0
2016-08-11,2016-08-10,0,673b793383011830c1624c092f88326bc0bc25aff3be2b92c02116f8f660245e,v12_cca586e367aa3071f32a,False,False,False,513100,513100,513100,False,False,False,False,3.095227743007891,3.082482687595506,3.082482687595506,0.0,13,13,916,1.7051153460381185,,0
2016-08-12,2016-08-11,0,673b793383011830c1624c092f88326bc0bc25aff3be2b92c02116f8f660245e,v12_cca586e367aa3071f32a,False,False,False,513100,513100,513100,False,False,False,False,3.082482687595506,3.09886918741143,3.09886918741143,0.0,14,14,916,1.7051153460381185,,0
2016-08-15,2016-08-12,0,673b793383011830c1624c092f88326bc0bc25aff3be2b92c02116f8f660245e,v12_cca586e367aa3071f32a,False,False,False,513100,513100,513100,False,False,False,False,3.09886918741143,3.0915862986043523,3.0915862986043523,0.0,15,15,916,1.707121364092281,,0
2016-08-16,2016-08-15,0,673b793383011830c1624c092f88326bc0bc25aff3be2b92c02116f8f660245e,v12_cca586e367aa3071f32a,False,False,False,513100,513100,513100,False,False,False,False,3.0915862986043523,3.0988691874114296,3.0988691874114296,0.0,16,16,916,1.707121364092281,,0
2016-08-17,2016-08-16,0,673b793383011830c1624c092f88326bc0bc25aff3be2b92c02116f8f660245e,v12_cca586e367aa3071f32a,False,False,False,513100,513100,513100,False,False,False,False,3.0988691874114296,3.073379076586659,3.073379076586659,0.0,17,17,916,1.707121364092281,,0
2016-08-18,2016-08-17,0,673b793383011830c1624c092f88326bc0bc25aff3be2b92c02116f8f660245e,v12_cca586e367aa3071f32a,False,False,False,513100,513100,513100,False,False,False,False,3.073379076586659,3.0806619653937366,3.0806619653937366,0.0,18,18,916,1.707121364092281,,0
2016-08-19,2016-08-18,0,673b793383011830c1624c092f88326bc0bc25aff3be2b92c02116f8f660245e,v12_cca586e367aa3071f32a,False,False,False,513100,513100,513100,False,False,False,False,3.0806619653937366,3.0788412431919676,3.0788412431919676,0.0,19,19,916,1.707121364092281,,0
2016-08-22,2016-08-19,0,673b793383011830c1624c092f88326bc0bc25aff3be2b92c02116f8f660245e,v12_cca586e367aa3071f32a,False,False,False,513100,513100,513100,False,False,False,False,3.0788412431919676,3.0788412431919676,3.0788412431919676,0.0,20,20,916,1.707121364092281,,0
2016-08-23,2016-08-22,0,673b793383011830c1624c092f88326bc0bc25aff3be2b92c02116f8f660245e,v12_cca586e367aa3071f32a,False,False,False,513100,513100,513100,False,False,False,False,3.0788412431919676,3.1006899096131995,3.1006899096131995,0.0,21,21,916,1.707121364092281,,0
2016-08-24,2016-08-23,0,673b793383011830c1624c092f88326bc0bc25aff3be2b92c02116f8f660245e,v12_cca586e367aa3071f32a,False,False,False,513100,513100,513100,False,False,False,False,3.1006899096131995,3.1079727984202767,3.1079727984202767,0.0,22,22,916,1.7081243731193625,,0
2016-08-25,2016-08-24,0,673b793383011830c1624c092f88326bc0bc25aff3be2b92c02116f8f660245e,v12_cca586e367aa3071f32a,False,False,False,513100,513100,513100,False,False,False,False,3.1079727984202767,3.0861241319990445,3.0861241319990445,0.0,23,23,916,1.7121364092276874,,0
2016-08-26,2016-08-25,0,673b793383011830c1624c092f88326bc0bc25aff3be2b92c02116f8f660245e,v12_cca586e367aa3071f32a,False,False,False,513100,513100,513100,False,False,False,False,3.0861241319990445,3.0934070208061217,3.0934070208061217,0.0,24,24,916,1.7121364092276874,,0
2016-08-29,2016-08-26,0,673b793383011830c1624c092f88326bc0bc25aff3be2b92c02116f8f660245e,v12_cca586e367aa3071f32a,False,False,False,513100,513100,513100,False,False,False,False,3.0934070208061217,3.0843034097972746,3.0843034097972746,0.0,25,25,916,1.7121364092276874,,0
2016-08-30,2016-08-29,0,673b793383011830c1624c092f88326bc0bc25aff3be2b92c02116f8f660245e,v12_cca586e367aa3071f32a,False,False,False,513100,510300,510300,False,False,True,False,3.0843034097972746,3.1006899096131986,3.100069771631276,0.0006201379819226398,26,0,916,1.3788068418768313,,0
2016-08-31,2016-08-30,0,673b793383011830c1624c092f88326bc0bc25aff3be2b92c02116f8f660245e,v12_cca586e367aa3071f32a,False,False,False,510300,510300,510300,False,False,False,False,3.100069771631276,3.112929320313598,3.112929320313598,0.0,1,1,916,1.3788068418768313,,0
2016-09-01,2016-08-31,0,673b793383011830c1624c092f88326bc0bc25aff3be2b92c02116f8f660245e,v12_cca586e367aa3071f32a,False,False,False,510300,510300,510300,False,False,False,False,3.112929320313598,3.0798619094161985,3.0798619094161985,0.0,2,2,916,1.3845263369246166,,0
2016-09-02,2016-09-01,0,673b793383011830c1624c092f88326bc0bc25aff3be2b92c02116f8f660245e,v12_cca586e367aa3071f32a,False,False,False,510300,510300,510300,False,False,False,False,3.0798619094161985,3.0936399972901145,3.0936399972901145,0.0,3,3,916,1.3845263369246166,,0
2016-09-05,2016-09-02,0,673b793383011830c1624c092f88326bc0bc25aff3be2b92c02116f8f660245e,v12_cca586e367aa3071f32a,False,False,False,510300,510300,510300,False,False,False,False,3.0936399972901145,3.100069771631276,3.100069771631276,0.0,4,4,916,1.3845263369246166,,0
2016-09-06,2016-09-05,0,673b793383011830c1624c092f88326bc0bc25aff3be2b92c02116f8f660245e,v12_cca586e367aa3071f32a,False,False,False,510300,510300,510300,False,False,False,False,3.100069771631276,3.126707408187515,3.126707408187515,0.0,5,5,916,1.3845263369246166,,0
2016-09-07,2016-09-06,0,673b793383011830c1624c092f88326bc0bc25aff3be2b92c02116f8f660245e,v12_cca586e367aa3071f32a,False,False,False,510300,510300,510300,False,False,False,False,3.126707408187515,3.128544486570704,3.128544486570704,0.0,6,6,916,1.390654367332958,,0
2016-09-08,2016-09-07,0,673b793383011830c1624c092f88326bc0bc25aff3be2b92c02116f8f660245e,v12_cca586e367aa3071f32a,False,False,False,510300,510300,510300,False,False,False,False,3.128544486570704,3.123951790612731,3.123951790612731,0.0,7,7,916,1.3914714380540703,,0
2016-09-09,2016-09-08,0,673b793383011830c1624c092f88326bc0bc25aff3be2b92c02116f8f660245e,v12_cca586e367aa3071f32a,False,False,False,510300,510300,510300,False,False,False,False,3.123951790612731,3.1083366243556254,3.1083366243556254,0.0,8,8,916,1.3914714380540703,,0
2016-09-12,2016-09-09,0,673b793383011830c1624c092f88326bc0bc25aff3be2b92c02116f8f660245e,v12_cca586e367aa3071f32a,False,False,False,510300,510300,510300,False,False,False,False,3.1083366243556254,3.0467944985187976,3.0467944985187976,0.0,9,9,916,1.3914714380540703,,0
2016-09-13,2016-09-12,0,673b793383011830c1624c092f88326bc0bc25aff3be2b92c02116f8f660245e,v12_cca586e367aa3071f32a,False,False,False,510300,513100,513100,False,False,True,False,3.0467944985187976,3.0467944985187976,3.046185139619094,0.0006093588997037596,10,0,916,1.6900702106318999,,0
2016-09-14,2016-09-13,0,673b793383011830c1624c092f88326bc0bc25aff3be2b92c02116f8f660245e,v12_cca586e367aa3071f32a,False,False,False,513100,518880,518880,False,False,True,False,3.046185139619094,3.0226834145063055,3.0220788778234042,0.0006045366829012612,1,0,916,1.0826351865955846,,0
2016-09-19,2016-09-14,0,673b793383011830c1624c092f88326bc0bc25aff3be2b92c02116f8f660245e,v12_cca586e367aa3071f32a,False,False,False,518880,518880,518880,False,False,False,False,3.0220788778234042,3.004008057941942,3.004008057941942,0.0,1,1,916,1.0826351865955846,,0
2016-09-20,2016-09-19,0,673b793383011830c1624c092f88326bc0bc25aff3be2b92c02116f8f660245e,v12_cca586e367aa3071f32a,False,False,False,518880,513100,513100,False,False,True,False,3.004008057941942,3.0093230049659017,3.0087211403649086,0.0006018646009931804,2,0,916,1.7061183550651997,,0
2016-09-21,2016-09-20,0,673b793383011830c1624c092f88326bc0bc25aff3be2b92c02116f8f660245e,v12_cca586e367aa3071f32a,False,False,False,513100,513100,513100,False,False,False,False,3.0087211403649086,3.0087211403649086,3.0087211403649086,0.0,1,1,916,1.7061183550651997,,0
2016-09-22,2016-09-21,0,673b793383011830c1624c092f88326bc0bc25aff3be2b92c02116f8f660245e,v12_cca586e367aa3071f32a,False,False,False,513100,513100,513100,False,False,False,False,3.0087211403649086,3.056478618783399,3.056478618783399,0.0,2,2,916,1.7061183550651997,,0
2016-09-23,2016-09-22,0,673b793383011830c1624c092f88326bc0bc25aff3be2b92c02116f8f660245e,v12_cca586e367aa3071f32a,False,False,False,513100,513100,513100,False,False,False,False,3.056478618783399,3.1360744161475496,3.1360744161475496,0.0,3,3,916,1.7331995987963933,,0
2016-09-26,2016-09-23,0,673b793383011830c1624c092f88326bc0bc25aff3be2b92c02116f8f660245e,v12_cca586e367aa3071f32a,False,False,False,513100,513100,513100,False,False,False,False,3.1360744161475496,3.086548142232078,3.086548142232078,0.0,4,4,916,1.778335005015049,,0
2016-09-27,2016-09-26,0,673b793383011830c1624c092f88326bc0bc25aff3be2b92c02116f8f660245e,v12_cca586e367aa3071f32a,False,False,False,513100,513100,513100,False,False,False,False,3.086548142232078,3.0458658458015115,3.0458658458015115,0.0,5,5,916,1.778335005015049,,0
2016-09-28,2016-09-27,0,673b793383011830c1624c092f88326bc0bc25aff3be2b92c02116f8f660245e,v12_cca586e367aa3071f32a,False,False,False,513100,513100,513100,False,False,False,False,3.0458658458015115,3.049403436795474,3.049403436795474,0.0,6,6,916,1.778335005015049,,0
2016-09-29,2016-09-28,0,673b793383011830c1624c092f88326bc0bc25aff3be2b92c02116f8f660245e,v12_cca586e367aa3071f32a,False,False,False,513100,513100,513100,False,False,False,False,3.049403436795474,3.049403436795474,3.049403436795474,0.0,7,7,916,1.778335005015049,,0
2016-09-30,2016-09-29,0,673b793383011830c1624c092f88326bc0bc25aff3be2b92c02116f8f660245e,v12_cca586e367aa3071f32a,False,False,False,513100,513100,513100,False,False,False,False,3.049403436795474,3.0193339133467947,3.0193339133467947,0.0,8,8,916,1.778335005015049,,0
2016-10-10,2016-09-30,0,673b793383011830c1624c092f88326bc0bc25aff3be2b92c02116f8f660245e,v12_cca586e367aa3071f32a,False,False,False,513100,513100,513100,False,False,False,False,3.0193339133467947,3.0440970503045306,3.0440970503045306,0.0,9,9,916,1.778335005015049,,0
2016-10-11,2016-10-10,0,673b793383011830c1624c092f88326bc0bc25aff3be2b92c02116f8f660245e,v12_cca586e367aa3071f32a,False,False,False,513100,513100,513100,False,False,False,False,3.0440970503045306,3.083010551238116,3.083010551238116,0.0,10,10,916,1.778335005015049,,0
2016-10-12,2016-10-11,0,673b793383011830c1624c092f88326bc0bc25aff3be2b92c02116f8f660245e,v12_cca586e367aa3071f32a,False,False,False,513100,513100,513100,False,False,False,False,3.083010551238116,3.077704164747172,3.077704164747172,0.0,11,11,916,1.778335005015049,,0
2016-10-13,2016-10-12,0,673b793383011830c1624c092f88326bc0bc25aff3be2b92c02116f8f660245e,v12_cca586e367aa3071f32a,False,False,False,513100,513100,513100,False,False,False,False,3.077704164747172,3.0688601872622665,3.0688601872622665,0.0,12,12,916,1.778335005015049,,0
2016-10-14,2016-10-13,0,673b793383011830c1624c092f88326bc0bc25aff3be2b92c02116f8f660245e,v12_cca586e367aa3071f32a,False,False,False,513100,513100,513100,False,False,False,False,3.0688601872622665,3.0670913917652856,3.0670913917652856,0.0,13,13,916,1.778335005015049,,0
2016-10-17,2016-10-14,0,673b793383011830c1624c092f88326bc0bc25aff3be2b92c02116f8f660245e,v12_cca586e367aa3071f32a,False,False,False,513100,513100,513100,False,False,False,False,3.0670913917652856,3.037021868316606,3.037021868316606,0.0,14,14,916,1.778335005015049,,0
2016-10-18,2016-10-17,0,673b793383011830c1624c092f88326bc0bc25aff3be2b92c02116f8f660245e,v12_cca586e367aa3071f32a,False,False,False,513100,513100,513100,False,False,False,False,3.037021868316606,3.037021868316606,3.037021868316606,0.0,15,15,916,1.778335005015049,,0
2016-10-19,2016-10-18,0,673b793383011830c1624c092f88326bc0bc25aff3be2b92c02116f8f660245e,v12_cca586e367aa3071f32a,False,False,False,513100,513100,513100,False,False,False,False,3.037021868316606,3.0511722322924553,3.0511722322924553,0.0,16,16,916,1.778335005015049,,0
2016-10-20,2016-10-19,0,673b793383011830c1624c092f88326bc0bc25aff3be2b92c02116f8f660245e,v12_cca586e367aa3071f32a,False,False,False,513100,513100,513100,False,False,False,False,3.0511722322924553,3.065322596268304,3.065322596268304,0.0,17,17,916,1.778335005015049,,0
2016-10-21,2016-10-20,0,673b793383011830c1624c092f88326bc0bc25aff3be2b92c02116f8f660245e,v12_cca586e367aa3071f32a,False,False,False,513100,513100,513100,False,False,False,False,3.065322596268304,3.0564786187833985,3.0564786187833985,0.0,18,18,916,1.778335005015049,,0
2016-10-24,2016-10-21,0,673b793383011830c1624c092f88326bc0bc25aff3be2b92c02116f8f660245e,v12_cca586e367aa3071f32a,False,False,False,513100,513100,513100,False,False,False,False,3.0564786187833985,3.0759353692501916,3.0759353692501916,0.0,19,19,916,1.778335005015049,,0
2016-10-25,2016-10-24,0,673b793383011830c1624c092f88326bc0bc25aff3be2b92c02116f8f660245e,v12_cca586e367aa3071f32a,False,False,False,513100,513100,513100,False,False,False,False,3.0759353692501916,3.116617665680758,3.116617665680758,0.0,20,20,916,1.778335005015049,,0
2016-10-26,2016-10-25,0,673b793383011830c1624c092f88326bc0bc25aff3be2b92c02116f8f660245e,v12_cca586e367aa3071f32a,False,False,False,513100,513100,513100,False,False,False,False,3.116617665680758,3.097160915213965,3.097160915213965,0.0,21,21,916,1.778335005015049,,0
2016-10-27,2016-10-26,0,673b793383011830c1624c092f88326bc0bc25aff3be2b92c02116f8f660245e,v12_cca586e367aa3071f32a,False,False,False,513100,513100,513100,False,False,False,False,3.097160915213965,3.0741665737532107,3.0741665737532107,0.0,22,22,916,1.778335005015049,,0
2016-10-28,2016-10-27,0,673b793383011830c1624c092f88326bc0bc25aff3be2b92c02116f8f660245e,v12_cca586e367aa3071f32a,False,False,False,513100,513100,513100,False,False,False,False,3.0741665737532107,3.0723977782562297,3.0723977782562297,0.0,23,23,916,1.778335005015049,,0
2016-10-31,2016-10-28,0,673b793383011830c1624c092f88326bc0bc25aff3be2b92c02116f8f660245e,v12_cca586e367aa3071f32a,False,False,False,513100,510300,510300,False,False,True,False,3.0723977782562297,3.067091391765286,3.066477973486933,0.0006134182783530572,24,0,916,1.3873860844485093,,0
2016-11-01,2016-10-31,0,673b793383011830c1624c092f88326bc0bc25aff3be2b92c02116f8f660245e,v12_cca586e367aa3071f32a,False,False,False,510300,510300,510300,False,False,False,False,3.066477973486933,3.085440293110969,3.085440293110969,0.0,1,1,916,1.3873860844485093,,0
2016-11-02,2016-11-01,0,673b793383011830c1624c092f88326bc0bc25aff3be2b92c02116f8f660245e,v12_cca586e367aa3071f32a,False,False,False,510300,510300,510300,False,False,False,False,3.085440293110969,3.0646720382846446,3.0646720382846446,0.0,2,2,916,1.3959653270201875,,0
2016-11-03,2016-11-02,0,673b793383011830c1624c092f88326bc0bc25aff3be2b92c02116f8f660245e,v12_cca586e367aa3071f32a,False,False,False,510300,510300,510300,False,False,False,False,3.0646720382846446,3.088149195914403,3.088149195914403,0.0,3,3,916,1.3959653270201875,,0
2016-11-04,2016-11-03,0,673b793383011830c1624c092f88326bc0bc25aff3be2b92c02116f8f660245e,v12_cca586e367aa3071f32a,False,False,False,510300,510300,510300,False,False,False,False,3.088149195914403,3.078216552301812,3.078216552301812,0.0,4,4,916,1.397190933101856,,0
2016-11-07,2016-11-04,0,673b793383011830c1624c092f88326bc0bc25aff3be2b92c02116f8f660245e,v12_cca586e367aa3071f32a,False,False,False,510300,510300,510300,False,False,False,False,3.078216552301812,3.080925455105246,3.080925455105246,0.0,5,5,916,1.397190933101856,,0
2016-11-08,2016-11-07,0,673b793383011830c1624c092f88326bc0bc25aff3be2b92c02116f8f660245e,v12_cca586e367aa3071f32a,False,False,False,510300,510300,510300,False,False,False,False,3.080925455105246,3.0971788719258484,3.0971788719258484,0.0,6,6,916,1.397190933101856,,0
2016-11-09,2016-11-08,0,673b793383011830c1624c092f88326bc0bc25aff3be2b92c02116f8f660245e,v12_cca586e367aa3071f32a,False,False,False,510300,510300,510300,False,False,False,False,3.0971788719258484,3.085440293110969,3.085440293110969,0.0,7,7,916,1.4012762867074169,,0
2016-11-10,2016-11-09,0,673b793383011830c1624c092f88326bc0bc25aff3be2b92c02116f8f660245e,v12_cca586e367aa3071f32a,False,False,False,510300,510300,510300,False,False,False,False,3.085440293110969,3.1170441591510283,3.1170441591510283,0.0,8,8,916,1.4012762867074169,,0
2016-11-11,2016-11-10,0,673b793383011830c1624c092f88326bc0bc25aff3be2b92c02116f8f660245e,v12_cca586e367aa3071f32a,False,False,False,510300,510300,510300,False,False,False,False,3.1170441591510283,3.1441331871853655,3.1441331871853655,0.0,9,9,916,1.410264064639651,,0
2016-11-14,2016-11-11,0,673b793383011830c1624c092f88326bc0bc25aff3be2b92c02116f8f660245e,v12_cca586e367aa3071f32a,False,False,False,510300,510300,510300,False,False,False,False,3.1441331871853655,3.1486480251910884,3.1486480251910884,0.0,10,10,916,1.422520125456334,,0
2016-11-15,2016-11-14,0,673b793383011830c1624c092f88326bc0bc25aff3be2b92c02116f8f660245e,v12_cca586e367aa3071f32a,False,False,False,510300,510300,510300,False,False,False,False,3.1486480251910884,3.1450361547865096,3.1450361547865096,0.0,11,11,916,1.4245628022591146,,0
2016-11-16,2016-11-15,0,673b793383011830c1624c092f88326bc0bc25aff3be2b92c02116f8f660245e,v12_cca586e367aa3071f32a,False,False,False,510300,510300,510300,False,False,False,False,3.1450361547865096,3.1459391223876545,3.1459391223876545,0.0,12,12,916,1.4245628022591146,,0
2016-11-17,2016-11-16,0,673b793383011830c1624c092f88326bc0bc25aff3be2b92c02116f8f660245e,v12_cca586e367aa3071f32a,False,False,False,510300,510300,510300,False,False,False,False,3.1459391223876545,3.153162863196811,3.153162863196811,0.0,13,13,916,1.4245628022591146,,0
2016-11-18,2016-11-17,0,673b793383011830c1624c092f88326bc0bc25aff3be2b92c02116f8f660245e,v12_cca586e367aa3071f32a,False,False,False,510300,510300,510300,False,False,False,False,3.153162863196811,3.142327251983076,3.142327251983076,0.0,14,14,916,1.426605479061895,,0
2016-11-21,2016-11-18,0,673b793383011830c1624c092f88326bc0bc25aff3be2b92c02116f8f660245e,v12_cca586e367aa3071f32a,False,False,False,510300,510300,510300,False,False,False,False,3.142327251983076,3.1567747336013894,3.1567747336013894,0.0,15,15,916,1.426605479061895,,0
2016-11-22,2016-11-21,0,673b793383011830c1624c092f88326bc0bc25aff3be2b92c02116f8f660245e,v12_cca586e367aa3071f32a,False,False,False,510300,510300,510300,False,False,False,False,3.1567747336013894,3.1883785996414495,3.1883785996414495,0.0,16,16,916,1.4282396205041195,,0
2016-11-23,2016-11-22,0,673b793383011830c1624c092f88326bc0bc25aff3be2b92c02116f8f660245e,v12_cca586e367aa3071f32a,False,False,False,510300,510300,510300,False,False,False,False,3.1883785996414495,3.1937964052483165,3.1937964052483165,0.0,17,17,916,1.442538358123583,,0
2016-11-24,2016-11-23,0,673b793383011830c1624c092f88326bc0bc25aff3be2b92c02116f8f660245e,v12_cca586e367aa3071f32a,False,False,False,510300,510300,510300,False,False,False,False,3.1937964052483165,3.2028260812597624,3.2028260812597624,0.0,18,18,916,1.4449895702869195,,0
2016-11-25,2016-11-24,0,673b793383011830c1624c092f88326bc0bc25aff3be2b92c02116f8f660245e,v12_cca586e367aa3071f32a,False,False,False,510300,510300,510300,False,False,False,False,3.2028260812597624,3.2380418177044,3.2380418177044,0.0,19,19,916,1.4490749238924807,,0
2016-11-28,2016-11-25,0,673b793383011830c1624c092f88326bc0bc25aff3be2b92c02116f8f660245e,v12_cca586e367aa3071f32a,False,False,False,510300,510300,510300,False,False,False,False,3.2380418177044,3.252489299322713,3.252489299322713,0.0,20,20,916,1.4650078029541684,,0
2016-11-29,2016-11-28,0,673b793383011830c1624c092f88326bc0bc25aff3be2b92c02116f8f660245e,v12_cca586e367aa3071f32a,False,False,False,510300,510300,510300,False,False,False,False,3.252489299322713,3.277772392154761,3.277772392154761,0.0,21,21,916,1.471544368723066,,0
2016-11-30,2016-11-29,0,673b793383011830c1624c092f88326bc0bc25aff3be2b92c02116f8f660245e,v12_cca586e367aa3071f32a,False,False,False,510300,510300,510300,False,False,False,False,3.277772392154761,3.247974461316991,3.247974461316991,0.0,22,22,916,1.4829833588186367,,0
2016-12-01,2016-11-30,0,673b793383011830c1624c092f88326bc0bc25aff3be2b92c02116f8f660245e,v12_cca586e367aa3071f32a,False,False,False,510300,510300,510300,False,False,False,False,3.247974461316991,3.2786753597559057,3.2786753597559057,0.0,23,23,916,1.4829833588186367,,0
2016-12-02,2016-12-01,0,673b793383011830c1624c092f88326bc0bc25aff3be2b92c02116f8f660245e,v12_cca586e367aa3071f32a,False,False,False,510300,510300,510300,False,False,False,False,3.2786753597559057,3.2425566557101235,3.2425566557101235,0.0,24,24,916,1.483391894179193,,0
2016-12-05,2016-12-02,0,673b793383011830c1624c092f88326bc0bc25aff3be2b92c02116f8f660245e,v12_cca586e367aa3071f32a,False,False,False,510300,510300,510300,False,False,False,False,3.2425566557101235,3.177542988427715,3.177542988427715,0.0,25,25,916,1.483391894179193,,0
2016-12-06,2016-12-05,0,673b793383011830c1624c092f88326bc0bc25aff3be2b92c02116f8f660245e,v12_cca586e367aa3071f32a,False,False,False,510300,513100,513100,True,False,True,False,3.177542988427715,3.1721251828208477,3.1714907577842837,0.0006344250365641695,26,0,916,1.7743229689067233,,0
2016-12-07,2016-12-06,0,673b793383011830c1624c092f88326bc0bc25aff3be2b92c02116f8f660245e,v12_cca586e367aa3071f32a,False,False,False,513100,513100,513100,False,False,False,False,3.1714907577842837,3.167905126627942,3.167905126627942,0.0,1,1,916,1.7743229689067233,,0
2016-12-08,2016-12-07,0,673b793383011830c1624c092f88326bc0bc25aff3be2b92c02116f8f660245e,v12_cca586e367aa3071f32a,False,False,False,513100,513100,513100,False,False,False,False,3.167905126627942,3.2288608562857517,3.2288608562857517,0.0,2,2,916,1.7743229689067233,,0
2016-12-09,2016-12-08,0,673b793383011830c1624c092f88326bc0bc25aff3be2b92c02116f8f660245e,v12_cca586e367aa3071f32a,False,False,False,513100,513100,513100,False,False,False,False,3.2288608562857517,3.198382991456847,3.198382991456847,0.0,3,3,916,1.8064192577733231,,0
2016-12-12,2016-12-09,0,673b793383011830c1624c092f88326bc0bc25aff3be2b92c02116f8f660245e,v12_cca586e367aa3071f32a,False,False,False,513100,513100,513100,False,False,False,False,3.198382991456847,3.2163111472385557,3.2163111472385557,0.0,4,4,916,1.8064192577733231,,0
2016-12-13,2016-12-12,0,673b793383011830c1624c092f88326bc0bc25aff3be2b92c02116f8f660245e,v12_cca586e367aa3071f32a,False,False,False,513100,513100,513100,False,False,False,False,3.2163111472385557,3.2163111472385557,3.2163111472385557,0.0,5,5,916,1.8064192577733231,,0
2016-12-14,2016-12-13,0,673b793383011830c1624c092f88326bc0bc25aff3be2b92c02116f8f660245e,v12_cca586e367aa3071f32a,False,False,False,513100,513100,513100,False,False,False,False,3.2163111472385557,3.241410565332948,3.241410565332948,0.0,6,6,916,1.8064192577733231,,0
2016-12-15,2016-12-14,0,673b793383011830c1624c092f88326bc0bc25aff3be2b92c02116f8f660245e,v12_cca586e367aa3071f32a,False,False,False,513100,513100,513100,False,False,False,False,3.241410565332948,3.24499619648929,3.24499619648929,0.0,7,7,916,1.813440320962892,,0
2016-12-16,2016-12-15,0,673b793383011830c1624c092f88326bc0bc25aff3be2b92c02116f8f660245e,v12_cca586e367aa3071f32a,False,False,False,513100,513100,513100,False,False,False,False,3.24499619648929,3.2593387211146574,3.2593387211146574,0.0,8,8,916,1.8154463390170545,,0
2016-12-19,2016-12-16,0,673b793383011830c1624c092f88326bc0bc25aff3be2b92c02116f8f660245e,v12_cca586e367aa3071f32a,False,False,False,513100,513100,513100,False,False,False,False,3.2593387211146574,3.250374643223803,3.250374643223803,0.0,9,9,916,1.8234704112337046,,0
2016-12-20,2016-12-19,0,673b793383011830c1624c092f88326bc0bc25aff3be2b92c02116f8f660245e,v12_cca586e367aa3071f32a,False,False,False,513100,513100,513100,False,False,False,False,3.250374643223803,3.255753089958316,3.255753089958316,0.0,10,10,916,1.8234704112337046,,0
2016-12-21,2016-12-20,0,673b793383011830c1624c092f88326bc0bc25aff3be2b92c02116f8f660245e,v12_cca586e367aa3071f32a,False,False,False,513100,513100,513100,False,False,False,False,3.255753089958316,3.3095375573034422,3.3095375573034422,0.0,11,11,916,1.8234704112337046,,0
2016-12-22,2016-12-21,0,673b793383011830c1624c092f88326bc0bc25aff3be2b92c02116f8f660245e,v12_cca586e367aa3071f32a,False,False,False,513100,513100,513100,False,False,False,False,3.3095375573034422,3.295195032678075,3.295195032678075,0.0,12,12,916,1.8515546639919795,,0
2016-12-23,2016-12-22,0,673b793383011830c1624c092f88326bc0bc25aff3be2b92c02116f8f660245e,v12_cca586e367aa3071f32a,False,False,False,513100,513100,513100,False,False,False,False,3.295195032678075,3.291609401521734,3.291609401521734,0.0,13,13,916,1.8515546639919795,,0
2016-12-26,2016-12-23,0,673b793383011830c1624c092f88326bc0bc25aff3be2b92c02116f8f660245e,v12_cca586e367aa3071f32a,False,False,False,513100,513100,513100,False,False,False,False,3.291609401521734,3.3436010532886895,3.3436010532886895,0.0,14,14,916,1.8515546639919795,,0
2016-12-27,2016-12-26,0,673b793383011830c1624c092f88326bc0bc25aff3be2b92c02116f8f660245e,v12_cca586e367aa3071f32a,False,False,False,513100,513100,513100,False,False,False,False,3.3436010532886895,3.288023770365392,3.288023770365392,0.0,15,15,916,1.8706118355065233,,0
2016-12-28,2016-12-27,0,673b793383011830c1624c092f88326bc0bc25aff3be2b92c02116f8f660245e,v12_cca586e367aa3071f32a,False,False,False,513100,513100,513100,False,False,False,False,3.288023770365392,3.3041591105689294,3.3041591105689294,0.0,16,16,916,1.8706118355065233,,0
2016-12-29,2016-12-28,0,673b793383011830c1624c092f88326bc0bc25aff3be2b92c02116f8f660245e,v12_cca586e367aa3071f32a,False,False,False,513100,513100,513100,False,False,False,False,3.3041591105689294,3.2718884301618534,3.2718884301618534,0.0,17,17,916,1.8706118355065233,,0
2016-12-30,2016-12-29,0,673b793383011830c1624c092f88326bc0bc25aff3be2b92c02116f8f660245e,v12_cca586e367aa3071f32a,False,False,False,513100,513100,513100,False,False,False,False,3.2718884301618534,3.2575459055364866,3.2575459055364866,0.0,18,18,916,1.8706118355065233,,0
2017-01-03,2016-12-30,0,673b793383011830c1624c092f88326bc0bc25aff3be2b92c02116f8f660245e,v12_cca586e367aa3071f32a,False,False,False,513100,513100,513100,False,False,False,False,3.2575459055364866,3.2288608562857526,3.2288608562857526,0.0,19,19,916,1.8706118355065233,,0
2017-01-04,2017-01-03,0,673b793383011830c1624c092f88326bc0bc25aff3be2b92c02116f8f660245e,v12_cca586e367aa3071f32a,False,False,False,513100,513100,513100,False,False,False,False,3.2288608562857526,3.248581827645632,3.248581827645632,0.0,20,20,916,1.8706118355065233,,0
2017-01-05,2017-01-04,0,673b793383011830c1624c092f88326bc0bc25aff3be2b92c02116f8f660245e,v12_cca586e367aa3071f32a,False,False,False,513100,513100,513100,False,False,False,False,3.248581827645632,3.246789012067461,3.246789012067461,0.0,21,21,916,1.8706118355065233,,0
2017-01-06,2017-01-05,0,673b793383011830c1624c092f88326bc0bc25aff3be2b92c02116f8f660245e,v12_cca586e367aa3071f32a,False,False,False,513100,513100,513100,False,False,False,False,3.246789012067461,3.2485818276456317,3.2485818276456317,0.0,22,22,916,1.8706118355065233,,0
2017-01-09,2017-01-06,0,673b793383011830c1624c092f88326bc0bc25aff3be2b92c02116f8f660245e,v12_cca586e367aa3071f32a,False,False,False,513100,513100,513100,False,False,False,False,3.2485818276456317,3.2683027990055113,3.2683027990055113,0.0,23,23,916,1.8706118355065233,,0
2017-01-10,2017-01-09,0,673b793383011830c1624c092f88326bc0bc25aff3be2b92c02116f8f660245e,v12_cca586e367aa3071f32a,False,False,False,513100,513100,513100,False,False,False,False,3.2683027990055113,3.2844381392090494,3.2844381392090494,0.0,24,24,916,1.8706118355065233,,0
2017-01-11,2017-01-10,0,673b793383011830c1624c092f88326bc0bc25aff3be2b92c02116f8f660245e,v12_cca586e367aa3071f32a,False,False,False,513100,513100,513100,False,False,False,False,3.2844381392090494,3.3023662949907586,3.3023662949907586,0.0,25,25,916,1.8706118355065233,,0
2017-01-12,2017-01-11,0,673b793383011830c1624c092f88326bc0bc25aff3be2b92c02116f8f660245e,v12_cca586e367aa3071f32a,False,False,False,513100,513100,513100,False,False,False,False,3.3023662949907586,3.298780663834417,3.298780663834417,0.0,26,26,916,1.8706118355065233,,0
2017-01-13,2017-01-12,0,673b793383011830c1624c092f88326bc0bc25aff3be2b92c02116f8f660245e,v12_cca586e367aa3071f32a,False,False,False,513100,513100,513100,False,False,False,False,3.298780663834417,3.293402217099904,3.293402217099904,0.0,27,27,916,1.8706118355065233,,0
2017-01-16,2017-01-13,0,673b793383011830c1624c092f88326bc0bc25aff3be2b92c02116f8f660245e,v12_cca586e367aa3071f32a,False,False,False,513100,513100,513100,False,False,False,False,3.293402217099904,3.307744741725271,3.307744741725271,0.0,28,28,916,1.8706118355065233,,0
2017-01-17,2017-01-16,0,673b793383011830c1624c092f88326bc0bc25aff3be2b92c02116f8f660245e,v12_cca586e367aa3071f32a,False,False,False,513100,159915,159915,False,True,True,False,3.307744741725271,3.2916094015217334,3.290951079641429,0.0006583218803043467,29,0,1136,2.242158092848175,,0
2017-01-18,2017-01-17,0,673b793383011830c1624c092f88326bc0bc25aff3be2b92c02116f8f660245e,v12_cca586e367aa3071f32a,False,False,False,159915,159915,159915,False,False,False,False,3.290951079641429,3.254118946685174,3.254118946685174,0.0,1,1,1136,2.242158092848175,,0
2017-01-19,2017-01-18,0,673b793383011830c1624c092f88326bc0bc25aff3be2b92c02116f8f660245e,v12_cca586e367aa3071f32a,False,False,False,159915,159915,159915,False,False,False,False,3.254118946685174,3.255960553332987,3.255960553332987,0.0,2,2,1136,2.242158092848175,,0
2017-01-20,2017-01-19,0,673b793383011830c1624c092f88326bc0bc25aff3be2b92c02116f8f660245e,v12_cca586e367aa3071f32a,False,False,False,159915,159915,159915,False,False,False,False,3.255960553332987,3.3167335727108083,3.3167335727108083,0.0,3,3,1136,2.242158092848175,,0
2017-01-23,2017-01-20,0,673b793383011830c1624c092f88326bc0bc25aff3be2b92c02116f8f660245e,v12_cca586e367aa3071f32a,False,False,False,159915,159915,159915,False,False,False,False,3.3167335727108083,3.327783212597685,3.327783212597685,0.0,4,4,1136,2.25972396486825,,0
2017-01-24,2017-01-23,0,673b793383011830c1624c092f88326bc0bc25aff3be2b92c02116f8f660245e,v12_cca586e367aa3071f32a,False,False,False,159915,510300,510300,False,False,True,False,3.327783212597685,3.289109472993617,3.2884516510990185,0.0006578218945987234,5,0,1136,1.3963872330709148,,0
2017-01-25,2017-01-24,0,673b793383011830c1624c092f88326bc0bc25aff3be2b92c02116f8f660245e,v12_cca586e367aa3071f32a,False,False,False,510300,510300,510300,False,False,False,False,3.2884516510990185,3.2982299789345793,3.2982299789345793,0.0,1,1,1136,1.3963872330709148,,0
2017-01-26,2017-01-25,0,673b793383011830c1624c092f88326bc0bc25aff3be2b92c02116f8f660245e,v12_cca586e367aa3071f32a,False,False,False,510300,510300,510300,False,False,False,False,3.2982299789345793,3.311919637904364,3.311919637904364,0.0,2,2,1136,1.4005394401273257,,0
2017-02-03,2017-01-26,0,673b793383011830c1624c092f88326bc0bc25aff3be2b92c02116f8f660245e,v12_cca586e367aa3071f32a,False,False,False,510300,510300,510300,False,False,False,False,3.311919637904364,3.2923629822332434,3.2923629822332434,0.0,3,3,1136,1.4063525300063007,,0
2017-02-06,2017-02-03,0,673b793383011830c1624c092f88326bc0bc25aff3be2b92c02116f8f660245e,v12_cca586e367aa3071f32a,False,False,False,510300,510300,510300,False,False,False,False,3.2923629822332434,3.2913851494496873,3.2913851494496873,0.0,4,4,1136,1.4063525300063007,,0
2017-02-07,2017-02-06,0,673b793383011830c1624c092f88326bc0bc25aff3be2b92c02116f8f660245e,v12_cca586e367aa3071f32a,False,False,False,510300,510300,510300,False,False,False,False,3.2913851494496873,3.285518152748351,3.285518152748351,0.0,5,5,1136,1.4063525300063007,,0
2017-02-08,2017-02-07,0,673b793383011830c1624c092f88326bc0bc25aff3be2b92c02116f8f660245e,v12_cca586e367aa3071f32a,False,False,False,510300,513100,513100,False,False,True,False,3.285518152748351,3.3080083067701405,3.3073467051087864,0.0006616016613540281,6,0,1136,1.8946840521564732,,0
2017-02-09,2017-02-08,0,673b793383011830c1624c092f88326bc0bc25aff3be2b92c02116f8f660245e,v12_cca586e367aa3071f32a,False,False,False,513100,513100,513100,False,False,False,False,3.3073467051087864,3.3161009314325254,3.3161009314325254,0.0,1,1,1136,1.8946840521564732,,0
2017-02-10,2017-02-09,0,673b793383011830c1624c092f88326bc0bc25aff3be2b92c02116f8f660245e,v12_cca586e367aa3071f32a,False,False,False,513100,513100,513100,False,False,False,False,3.3161009314325254,3.3493669914627353,3.3493669914627353,0.0,2,2,1136,1.8996990972918792,,0
2017-02-13,2017-02-10,0,673b793383011830c1624c092f88326bc0bc25aff3be2b92c02116f8f660245e,v12_cca586e367aa3071f32a,False,False,False,513100,513100,513100,False,False,False,False,3.3493669914627353,3.354619527256979,3.354619527256979,0.0,3,3,1136,1.918756268806423,,0
2017-02-14,2017-02-13,0,673b793383011830c1624c092f88326bc0bc25aff3be2b92c02116f8f660245e,v12_cca586e367aa3071f32a,False,False,False,513100,513100,513100,False,False,False,False,3.354619527256979,3.352868681992231,3.352868681992231,0.0,4,4,1136,1.9217652958876668,,0
2017-02-15,2017-02-14,0,673b793383011830c1624c092f88326bc0bc25aff3be2b92c02116f8f660245e,v12_cca586e367aa3071f32a,False,False,False,513100,513100,513100,False,False,False,False,3.352868681992231,3.3773805156987016,3.3773805156987016,0.0,5,5,1136,1.9217652958876668,,0
2017-02-16,2017-02-15,0,673b793383011830c1624c092f88326bc0bc25aff3be2b92c02116f8f660245e,v12_cca586e367aa3071f32a,False,False,False,513100,513100,513100,False,False,False,False,3.3773805156987016,3.393138123081432,3.393138123081432,0.0,6,6,1136,1.9348044132397229,,0
2017-02-17,2017-02-16,0,673b793383011830c1624c092f88326bc0bc25aff3be2b92c02116f8f660245e,v12_cca586e367aa3071f32a,False,False,False,513100,513100,513100,False,False,False,False,3.393138123081432,3.3808822062281974,3.3808822062281974,0.0,7,7,1136,1.9438314944834538,,0
2017-02-20,2017-02-17,0,673b793383011830c1624c092f88326bc0bc25aff3be2b92c02116f8f660245e,v12_cca586e367aa3071f32a,False,False,False,513100,513100,513100,False,False,False,False,3.3808822062281974,3.3913872778166843,3.3913872778166843,0.0,8,8,1136,1.9438314944834538,,0
2017-02-21,2017-02-20,0,673b793383011830c1624c092f88326bc0bc25aff3be2b92c02116f8f660245e,v12_cca586e367aa3071f32a,False,False,False,513100,513100,513100,False,False,False,False,3.3913872778166843,3.39488896834618,3.39488896834618,0.0,9,9,1136,1.9438314944834538,,0
2017-02-22,2017-02-21,0,673b793383011830c1624c092f88326bc0bc25aff3be2b92c02116f8f660245e,v12_cca586e367aa3071f32a,False,False,False,513100,513100,513100,False,False,False,False,3.39488896834618,3.440410945229625,3.440410945229625,0.0,10,10,1136,1.9448345035105352,,0
2017-02-23,2017-02-22,0,673b793383011830c1624c092f88326bc0bc25aff3be2b92c02116f8f660245e,v12_cca586e367aa3071f32a,False,False,False,513100,513100,513100,False,False,False,False,3.440410945229625,3.4369092547001294,3.4369092547001294,0.0,11,11,1136,1.9709127382146474,,0
2017-02-24,2017-02-23,0,673b793383011830c1624c092f88326bc0bc25aff3be2b92c02116f8f660245e,v12_cca586e367aa3071f32a,False,False,False,513100,513100,513100,False,False,False,False,3.4369092547001294,3.426404183111642,3.426404183111642,0.0,12,12,1136,1.9709127382146474,,0
2017-02-27,2017-02-24,0,673b793383011830c1624c092f88326bc0bc25aff3be2b92c02116f8f660245e,v12_cca586e367aa3071f32a,False,False,False,513100,513100,513100,False,False,False,False,3.426404183111642,3.4088957304641636,3.4088957304641636,0.0,13,13,1136,1.9709127382146474,,0
2017-02-28,2017-02-27,0,673b793383011830c1624c092f88326bc0bc25aff3be2b92c02116f8f660245e,v12_cca586e367aa3071f32a,False,False,False,513100,513100,513100,False,False,False,False,3.4088957304641636,3.4229024925821467,3.4229024925821467,0.0,14,14,1136,1.9709127382146474,,0
2017-03-01,2017-02-28,0,673b793383011830c1624c092f88326bc0bc25aff3be2b92c02116f8f660245e,v12_cca586e367aa3071f32a,False,False,False,513100,513100,513100,False,False,False,False,3.4229024925821467,3.408895730464163,3.408895730464163,0.0,15,15,1136,1.9709127382146474,,0
2017-03-02,2017-03-01,0,673b793383011830c1624c092f88326bc0bc25aff3be2b92c02116f8f660245e,v12_cca586e367aa3071f32a,False,False,False,513100,513100,513100,False,False,False,False,3.408895730464163,3.482431231583575,3.482431231583575,0.0,16,16,1136,1.9709127382146474,,0
2017-03-03,2017-03-02,0,673b793383011830c1624c092f88326bc0bc25aff3be2b92c02116f8f660245e,v12_cca586e367aa3071f32a,False,False,False,513100,513100,513100,False,False,False,False,3.482431231583575,3.463171933671348,3.463171933671348,0.0,17,17,1136,1.9949849548645975,,0
2017-03-06,2017-03-03,0,673b793383011830c1624c092f88326bc0bc25aff3be2b92c02116f8f660245e,v12_cca586e367aa3071f32a,False,False,False,513100,513100,513100,False,False,False,False,3.463171933671348,3.53670743479076,3.53670743479076,0.0,18,18,1136,1.9949849548645975,,0
2017-03-07,2017-03-06,0,673b793383011830c1624c092f88326bc0bc25aff3be2b92c02116f8f660245e,v12_cca586e367aa3071f32a,False,False,False,513100,513100,513100,False,False,False,False,3.53670743479076,3.4894346126425666,3.4894346126425666,0.0,19,19,1136,2.026078234704116,,0
2017-03-08,2017-03-07,0,673b793383011830c1624c092f88326bc0bc25aff3be2b92c02116f8f660245e,v12_cca586e367aa3071f32a,False,False,False,513100,513100,513100,False,False,False,False,3.4894346126425666,3.463171933671348,3.463171933671348,0.0,20,20,1136,2.026078234704116,,0
2017-03-09,2017-03-08,0,673b793383011830c1624c092f88326bc0bc25aff3be2b92c02116f8f660245e,v12_cca586e367aa3071f32a,False,False,False,513100,513100,513100,False,False,False,False,3.463171933671348,3.4649227789360957,3.4649227789360957,0.0,21,21,1136,2.026078234704116,,0
2017-03-10,2017-03-09,0,673b793383011830c1624c092f88326bc0bc25aff3be2b92c02116f8f660245e,v12_cca586e367aa3071f32a,False,False,False,513100,513100,513100,False,False,False,False,3.4649227789360957,3.492936303172062,3.492936303172062,0.0,22,22,1136,2.026078234704116,,0
2017-03-13,2017-03-10,0,673b793383011830c1624c092f88326bc0bc25aff3be2b92c02116f8f660245e,v12_cca586e367aa3071f32a,False,False,False,513100,513100,513100,False,False,False,False,3.492936303172062,3.51919898214328,3.51919898214328,0.0,23,23,1136,2.026078234704116,,0
2017-03-14,2017-03-13,0,673b793383011830c1624c092f88326bc0bc25aff3be2b92c02116f8f660245e,v12_cca586e367aa3071f32a,False,False,False,513100,513100,513100,False,False,False,False,3.51919898214328,3.5454616611144987,3.5454616611144987,0.0,24,24,1136,2.026078234704116,,0
2017-03-15,2017-03-14,0,673b793383011830c1624c092f88326bc0bc25aff3be2b92c02116f8f660245e,v12_cca586e367aa3071f32a,False,False,False,513100,513100,513100,False,False,False,False,3.5454616611144987,3.534956589526012,3.534956589526012,0.0,25,25,1136,2.031093279839522,,0
2017-03-16,2017-03-15,0,673b793383011830c1624c092f88326bc0bc25aff3be2b92c02116f8f660245e,v12_cca586e367aa3071f32a,False,False,False,513100,513100,513100,False,False,False,False,3.534956589526012,3.571724340085718,3.571724340085718,0.0,26,26,1136,2.031093279839522,,0
2017-03-17,2017-03-16,0,673b793383011830c1624c092f88326bc0bc25aff3be2b92c02116f8f660245e,v12_cca586e367aa3071f32a,False,False,False,513100,513100,513100,False,False,False,False,3.571724340085718,3.5612192684972306,3.5612192684972306,0.0,27,27,1136,2.046138415245741,,0
2017-03-20,2017-03-17,0,673b793383011830c1624c092f88326bc0bc25aff3be2b92c02116f8f660245e,v12_cca586e367aa3071f32a,False,False,False,513100,513100,513100,False,False,False,False,3.5612192684972306,3.5507141969087432,3.5507141969087432,0.0,28,28,1136,2.046138415245741,,0
2017-03-21,2017-03-20,0,673b793383011830c1624c092f88326bc0bc25aff3be2b92c02116f8f660245e,v12_cca586e367aa3071f32a,False,False,False,513100,513100,513100,False,False,False,False,3.5507141969087432,3.5717243400857184,3.5717243400857184,0.0,29,29,1136,2.046138415245741,,0
2017-03-22,2017-03-21,0,673b793383011830c1624c092f88326bc0bc25aff3be2b92c02116f8f660245e,v12_cca586e367aa3071f32a,False,False,False,513100,513100,513100,False,False,False,False,3.5717243400857184,3.461421088406601,3.461421088406601,0.0,30,30,1136,2.046138415245741,,0
2017-03-23,2017-03-22,0,673b793383011830c1624c092f88326bc0bc25aff3be2b92c02116f8f660245e,v12_cca586e367aa3071f32a,False,False,False,513100,159915,159915,True,False,True,False,3.461421088406601,3.47017531473034,3.4694812796673937,0.000694035062946068,31,0,1136,2.3400250941028786,,0
2017-03-24,2017-03-23,0,673b793383011830c1624c092f88326bc0bc25aff3be2b92c02116f8f660245e,v12_cca586e367aa3071f32a,False,False,False,159915,159915,159915,False,False,False,False,3.4694812796673937,3.501106578195193,3.501106578195193,0.0,1,1,1136,2.3400250941028786,,0
2017-03-27,2017-03-24,0,673b793383011830c1624c092f88326bc0bc25aff3be2b92c02116f8f660245e,v12_cca586e367aa3071f32a,False,False,False,159915,159915,159915,False,False,False,False,3.501106578195193,3.4676209679892884,3.4676209679892884,0.0,2,2,1136,2.361355081555827,,0
2017-03-28,2017-03-27,0,673b793383011830c1624c092f88326bc0bc25aff3be2b92c02116f8f660245e,v12_cca586e367aa3071f32a,False,False,False,159915,159915,159915,False,False,False,False,3.4676209679892884,3.4657606563111822,3.4657606563111822,0.0,3,3,1136,2.361355081555827,,0
2017-03-29,2017-03-28,0,673b793383011830c1624c092f88326bc0bc25aff3be2b92c02116f8f660245e,v12_cca586e367aa3071f32a,False,False,False,159915,159915,159915,False,False,False,False,3.4657606563111822,3.432275046105277,3.432275046105277,0.0,4,4,1136,2.361355081555827,,0
2017-03-30,2017-03-29,0,673b793383011830c1624c092f88326bc0bc25aff3be2b92c02116f8f660245e,v12_cca586e367aa3071f32a,False,False,False,159915,510300,510300,False,False,True,False,3.432275046105277,3.3727450724058903,3.3720705233914092,0.0006745490144811781,5,0,1136,1.423791799643225,,0
2017-03-31,2017-03-30,0,673b793383011830c1624c092f88326bc0bc25aff3be2b92c02116f8f660245e,v12_cca586e367aa3071f32a,False,False,False,510300,513100,513100,False,False,True,False,3.3720705233914092,3.396655464506832,3.3959761334139307,0.0006793310929013664,1,0,1136,2.0130391173520596,,0
2017-04-05,2017-03-31,0,673b793383011830c1624c092f88326bc0bc25aff3be2b92c02116f8f660245e,v12_cca586e367aa3071f32a,False,False,False,513100,513100,513100,False,False,False,False,3.3959761334139307,3.3672110141971707,3.3672110141971707,0.0,1,1,1136,2.0130391173520596,,0
2017-04-06,2017-04-05,0,673b793383011830c1624c092f88326bc0bc25aff3be2b92c02116f8f660245e,v12_cca586e367aa3071f32a,False,False,False,513100,510300,510300,False,False,True,False,3.3672110141971707,3.331677631635291,3.331011296108964,0.0006663355263270583,2,0,1136,1.4561790146832285,,0
2017-04-07,2017-04-06,0,673b793383011830c1624c092f88326bc0bc25aff3be2b92c02116f8f660245e,v12_cca586e367aa3071f32a,False,False,False,510300,510300,510300,False,False,False,False,3.331011296108964,3.3376600212508976,3.3376600212508976,0.0,1,1,1136,1.4561790146832285,,0
2017-04-10,2017-04-07,0,673b793383011830c1624c092f88326bc0bc25aff3be2b92c02116f8f660245e,v12_cca586e367aa3071f32a,False,False,False,510300,510300,510300,False,False,False,False,3.3376600212508976,3.3291116603541253,3.3291116603541253,0.0,2,2,1136,1.4590855596227157,,0
2017-04-11,2017-04-10,0,673b793383011830c1624c092f88326bc0bc25aff3be2b92c02116f8f660245e,v12_cca586e367aa3071f32a,False,False,False,510300,510300,510300,False,False,False,False,3.3291116603541253,3.337660021250897,3.337660021250897,0.0,3,3,1136,1.4590855596227157,,0
2017-04-12,2017-04-11,0,673b793383011830c1624c092f88326bc0bc25aff3be2b92c02116f8f660245e,v12_cca586e367aa3071f32a,False,False,False,510300,510300,510300,False,False,False,False,3.337660021250897,3.3253123888444485,3.3253123888444485,0.0,4,4,1136,1.4590855596227157,,0
2017-04-13,2017-04-12,0,673b793383011830c1624c092f88326bc0bc25aff3be2b92c02116f8f660245e,v12_cca586e367aa3071f32a,False,False,False,510300,510300,510300,False,False,False,False,3.3253123888444485,3.3376600212508976,3.3376600212508976,0.0,5,5,1136,1.4590855596227157,,0
2017-04-14,2017-04-13,0,673b793383011830c1624c092f88326bc0bc25aff3be2b92c02116f8f660245e,v12_cca586e367aa3071f32a,False,False,False,510300,510300,510300,False,False,False,False,3.3376600212508976,3.3101153028057424,3.3101153028057424,0.0,6,6,1136,1.459085559622716,,0
2017-04-17,2017-04-14,0,673b793383011830c1624c092f88326bc0bc25aff3be2b92c02116f8f660245e,v12_cca586e367aa3071f32a,False,False,False,510300,510300,510300,False,False,False,False,3.3101153028057424,3.298717488276713,3.298717488276713,0.0,7,7,1136,1.459085559622716,,0
2017-04-18,2017-04-17,0,673b793383011830c1624c092f88326bc0bc25aff3be2b92c02116f8f660245e,v12_cca586e367aa3071f32a,False,False,False,510300,518880,518880,False,False,True,False,3.298717488276713,3.29111894525736,3.2904607214683086,0.000658223789051472,8,0,1136,1.0826351865955852,,0
2017-04-19,2017-04-18,0,673b793383011830c1624c092f88326bc0bc25aff3be2b92c02116f8f660245e,v12_cca586e367aa3071f32a,False,False,False,518880,518880,518880,False,False,False,False,3.2904607214683086,3.2881459407989677,3.2881459407989677,0.0,1,1,1136,1.0826351865955852,,0
2017-04-20,2017-04-19,0,673b793383011830c1624c092f88326bc0bc25aff3be2b92c02116f8f660245e,v12_cca586e367aa3071f32a,False,False,False,518880,518880,518880,False,False,False,False,3.2881459407989677,3.2823589891256146,3.2823589891256146,0.0,2,2,1136,1.0826351865955852,,0
2017-04-21,2017-04-20,0,673b793383011830c1624c092f88326bc0bc25aff3be2b92c02116f8f660245e,v12_cca586e367aa3071f32a,False,False,False,518880,518880,518880,False,False,False,False,3.2823589891256146,3.2719424761135802,3.2719424761135802,0.0,3,3,1136,1.0826351865955852,,0
2017-04-24,2017-04-21,0,673b793383011830c1624c092f88326bc0bc25aff3be2b92c02116f8f660245e,v12_cca586e367aa3071f32a,False,False,False,518880,518880,518880,False,False,False,False,3.2719424761135802,3.2464798887508284,3.2464798887508284,0.0,4,4,1136,1.0826351865955852,,0
2017-04-25,2017-04-24,0,673b793383011830c1624c092f88326bc0bc25aff3be2b92c02116f8f660245e,v12_cca586e367aa3071f32a,False,False,False,518880,518880,518880,False,False,False,False,3.2464798887508284,3.2487946694201697,3.2487946694201697,0.0,5,5,1136,1.0826351865955852,,0
2017-04-26,2017-04-25,0,673b793383011830c1624c092f88326bc0bc25aff3be2b92c02116f8f660245e,v12_cca586e367aa3071f32a,False,False,False,518880,518880,518880,False,False,False,False,3.2487946694201697,3.2337485950694527,3.2337485950694527,0.0,6,6,1136,1.0826351865955852,,0
2017-04-27,2017-04-26,0,673b793383011830c1624c092f88326bc0bc25aff3be2b92c02116f8f660245e,v12_cca586e367aa3071f32a,False,False,False,518880,513100,513100,False,False,True,False,3.2337485950694527,3.2430077177468166,3.2423591162032674,0.0006486015435493633,7,0,1136,2.012036108324978,,0
2017-04-28,2017-04-27,0,673b793383011830c1624c092f88326bc0bc25aff3be2b92c02116f8f660245e,v12_cca586e367aa3071f32a,False,False,False,513100,513100,513100,False,False,False,False,3.2423591162032674,3.2633714135664995,3.2633714135664995,0.0,1,1,1136,2.012036108324978,,0
2017-05-02,2017-04-28,0,673b793383011830c1624c092f88326bc0bc25aff3be2b92c02116f8f660245e,v12_cca586e367aa3071f32a,False,False,False,513100,513100,513100,False,False,False,False,3.2633714135664995,3.3005470165937543,3.3005470165937543,0.0,2,2,1136,2.0250752256770346,,0
2017-05-03,2017-05-02,0,673b793383011830c1624c092f88326bc0bc25aff3be2b92c02116f8f660245e,v12_cca586e367aa3071f32a,False,False,False,513100,513100,513100,False,False,False,False,3.3005470165937543,3.295698024894547,3.295698024894547,0.0,3,3,1136,2.048144433299903,,0
2017-05-04,2017-05-03,0,673b793383011830c1624c092f88326bc0bc25aff3be2b92c02116f8f660245e,v12_cca586e367aa3071f32a,False,False,False,513100,513100,513100,False,False,False,False,3.295698024894547,3.286000041496132,3.286000041496132,0.0,4,4,1136,2.048144433299903,,0
2017-05-05,2017-05-04,0,673b793383011830c1624c092f88326bc0bc25aff3be2b92c02116f8f660245e,v12_cca586e367aa3071f32a,False,False,False,513100,513100,513100,False,False,False,False,3.286000041496132,3.276302058097717,3.276302058097717,0.0,5,5,1136,2.048144433299903,,0
2017-05-08,2017-05-05,0,673b793383011830c1624c092f88326bc0bc25aff3be2b92c02116f8f660245e,v12_cca586e367aa3071f32a,False,False,False,513100,513100,513100,False,False,False,False,3.276302058097717,3.3344899584882044,3.3344899584882044,0.0,6,6,1136,2.048144433299903,,0
2017-05-09,2017-05-08,0,673b793383011830c1624c092f88326bc0bc25aff3be2b92c02116f8f660245e,v12_cca586e367aa3071f32a,False,False,False,513100,513100,513100,False,False,False,False,3.3344899584882044,3.3490369335858263,3.3490369335858263,0.0,7,7,1136,2.0692076228686087,,0
2017-05-10,2017-05-09,0,673b793383011830c1624c092f88326bc0bc25aff3be2b92c02116f8f660245e,v12_cca586e367aa3071f32a,False,False,False,513100,513100,513100,False,False,False,False,3.3490369335858263,3.347420603019424,3.347420603019424,0.0,8,8,1136,2.07823470411234,,0
2017-05-11,2017-05-10,0,673b793383011830c1624c092f88326bc0bc25aff3be2b92c02116f8f660245e,v12_cca586e367aa3071f32a,False,False,False,513100,513100,513100,False,False,False,False,3.347420603019424,3.345804272453021,3.345804272453021,0.0,9,9,1136,2.07823470411234,,0
2017-05-12,2017-05-11,0,673b793383011830c1624c092f88326bc0bc25aff3be2b92c02116f8f660245e,v12_cca586e367aa3071f32a,False,False,False,513100,159915,159915,False,True,True,False,3.345804272453021,3.315093991691375,3.3144309728930366,0.000663018798338275,10,0,1211,2.1304893350062666,,0
2017-05-15,2017-05-12,0,673b793383011830c1624c092f88326bc0bc25aff3be2b92c02116f8f660245e,v12_cca586e367aa3071f32a,False,False,False,159915,159915,159915,False,False,False,False,3.3144309728930366,3.3261427431152737,3.3261427431152737,0.0,1,1,1211,2.1304893350062666,,0
2017-05-16,2017-05-15,0,673b793383011830c1624c092f88326bc0bc25aff3be2b92c02116f8f660245e,v12_cca586e367aa3071f32a,False,False,False,159915,159915,159915,False,False,False,False,3.3261427431152737,3.398365326152401,3.398365326152401,0.0,2,2,1211,2.1380175658720133,,0
2017-05-17,2017-05-16,0,673b793383011830c1624c092f88326bc0bc25aff3be2b92c02116f8f660245e,v12_cca586e367aa3071f32a,False,False,False,159915,159915,159915,False,False,False,False,3.398365326152401,3.4022692495598137,3.4022692495598137,0.0,3,3,1211,2.1844416562107836,,0
2017-05-18,2017-05-17,0,673b793383011830c1624c092f88326bc0bc25aff3be2b92c02116f8f660245e,v12_cca586e367aa3071f32a,False,False,False,159915,159915,159915,False,False,False,False,3.4022692495598137,3.392509441041283,3.392509441041283,0.0,4,4,1211,2.1869510664993657,,0
2017-05-19,2017-05-18,0,673b793383011830c1624c092f88326bc0bc25aff3be2b92c02116f8f660245e,v12_cca586e367aa3071f32a,False,False,False,159915,513100,513100,False,False,True,False,3.392509441041283,3.3671339388931028,3.3664605121053244,0.0006734267877786206,5,0,1211,2.039117352056171,,0
2017-05-22,2017-05-19,0,673b793383011830c1624c092f88326bc0bc25aff3be2b92c02116f8f660245e,v12_cca586e367aa3071f32a,False,False,False,513100,513100,513100,False,False,False,False,3.3664605121053244,3.394610944326569,3.394610944326569,0.0,1,1,1211,2.039117352056171,,0
2017-05-23,2017-05-22,0,673b793383011830c1624c092f88326bc0bc25aff3be2b92c02116f8f660245e,v12_cca586e367aa3071f32a,False,False,False,513100,513100,513100,False,False,False,False,3.394610944326569,3.427729099880975,3.427729099880975,0.0,2,2,1211,2.056168505516552,,0
2017-05-24,2017-05-23,0,673b793383011830c1624c092f88326bc0bc25aff3be2b92c02116f8f660245e,v12_cca586e367aa3071f32a,False,False,False,513100,513100,513100,False,False,False,False,3.427729099880975,3.426073192103255,3.426073192103255,0.0,3,3,1211,2.076228686058177,,0
2017-05-25,2017-05-24,0,673b793383011830c1624c092f88326bc0bc25aff3be2b92c02116f8f660245e,v12_cca586e367aa3071f32a,False,False,False,513100,513100,513100,False,False,False,False,3.426073192103255,3.4475999932136183,3.4475999932136183,0.0,4,4,1211,2.076228686058177,,0
2017-05-26,2017-05-25,0,673b793383011830c1624c092f88326bc0bc25aff3be2b92c02116f8f660245e,v12_cca586e367aa3071f32a,False,False,False,513100,513100,513100,False,False,False,False,3.4475999932136183,3.490653595434346,3.490653595434346,0.0,5,5,1211,2.088264794383152,,0
2017-05-31,2017-05-26,0,673b793383011830c1624c092f88326bc0bc25aff3be2b92c02116f8f660245e,v12_cca586e367aa3071f32a,False,False,False,513100,513100,513100,False,False,False,False,3.490653595434346,3.4889976876566253,3.4889976876566253,0.0,6,6,1211,2.1143430290872645,,0
2017-06-01,2017-05-31,0,673b793383011830c1624c092f88326bc0bc25aff3be2b92c02116f8f660245e,v12_cca586e367aa3071f32a,False,False,False,513100,513100,513100,False,False,False,False,3.4889976876566253,3.455879532102219,3.455879532102219,0.0,7,7,1211,2.1143430290872645,,0
2017-06-02,2017-06-01,0,673b793383011830c1624c092f88326bc0bc25aff3be2b92c02116f8f660245e,v12_cca586e367aa3071f32a,False,False,False,513100,513100,513100,False,False,False,False,3.455879532102219,3.505556765433827,3.505556765433827,0.0,8,8,1211,2.1143430290872645,,0
2017-06-05,2017-06-02,0,673b793383011830c1624c092f88326bc0bc25aff3be2b92c02116f8f660245e,v12_cca586e367aa3071f32a,False,False,False,513100,513100,513100,False,False,False,False,3.505556765433827,3.5353631054327916,3.5353631054327916,0.0,9,9,1211,2.1233701103309954,,0
2017-06-06,2017-06-05,0,673b793383011830c1624c092f88326bc0bc25aff3be2b92c02116f8f660245e,v12_cca586e367aa3071f32a,False,False,False,513100,513100,513100,False,False,False,False,3.5353631054327916,3.515492212100149,3.515492212100149,0.0,10,10,1211,2.141424272818458,,0
2017-06-07,2017-06-06,0,673b793383011830c1624c092f88326bc0bc25aff3be2b92c02116f8f660245e,v12_cca586e367aa3071f32a,False,False,False,513100,513100,513100,False,False,False,False,3.515492212100149,3.497277226545226,3.497277226545226,0.0,11,11,1211,2.141424272818458,,0
2017-06-08,2017-06-07,0,673b793383011830c1624c092f88326bc0bc25aff3be2b92c02116f8f660245e,v12_cca586e367aa3071f32a,False,False,False,513100,510300,510300,False,False,True,False,3.497277226545226,3.5088685809892683,3.5081668072730707,0.0007017737161978537,12,0,1211,1.4802618156104104,,0
2017-06-09,2017-06-08,0,673b793383011830c1624c092f88326bc0bc25aff3be2b92c02116f8f660245e,v12_cca586e367aa3071f32a,False,False,False,510300,510300,510300,False,False,False,False,3.5081668072730707,3.5298160835030874,3.5298160835030874,0.0,1,1,1211,1.4802618156104104,,0
2017-06-12,2017-06-09,0,673b793383011830c1624c092f88326bc0bc25aff3be2b92c02116f8f660245e,v12_cca586e367aa3071f32a,False,False,False,510300,510300,510300,False,False,False,False,3.5298160835030874,3.5229276774299003,3.5229276774299003,0.0,2,2,1211,1.4893966711345141,,0
2017-06-13,2017-06-12,0,673b793383011830c1624c092f88326bc0bc25aff3be2b92c02116f8f660245e,v12_cca586e367aa3071f32a,False,False,False,510300,510300,510300,False,False,False,False,3.5229276774299003,3.529816083503087,3.529816083503087,0.0,3,3,1211,1.4893966711345141,,0
2017-06-14,2017-06-13,0,673b793383011830c1624c092f88326bc0bc25aff3be2b92c02116f8f660245e,v12_cca586e367aa3071f32a,False,False,False,510300,510300,510300,False,False,False,False,3.529816083503087,3.4943899951266966,3.4943899951266966,0.0,4,4,1211,1.4893966711345141,,0
2017-06-15,2017-06-14,0,673b793383011830c1624c092f88326bc0bc25aff3be2b92c02116f8f660245e,v12_cca586e367aa3071f32a,False,False,False,510300,510300,510300,False,False,False,False,3.4943899951266966,3.4825812990012333,3.4825812990012333,0.0,5,5,1211,1.4893966711345141,,0
2017-06-16,2017-06-15,0,673b793383011830c1624c092f88326bc0bc25aff3be2b92c02116f8f660245e,v12_cca586e367aa3071f32a,False,False,False,510300,510300,510300,False,False,False,False,3.4825812990012333,3.4766769509385007,3.4766769509385007,0.0,6,6,1211,1.4893966711345141,,0
2017-06-19,2017-06-16,0,673b793383011830c1624c092f88326bc0bc25aff3be2b92c02116f8f660245e,v12_cca586e367aa3071f32a,False,False,False,510300,510300,510300,False,False,False,False,3.4766769509385007,3.5160392713567123,3.5160392713567123,0.0,7,7,1211,1.4893966711345141,,0
2017-06-20,2017-06-19,0,673b793383011830c1624c092f88326bc0bc25aff3be2b92c02116f8f660245e,v12_cca586e367aa3071f32a,False,False,False,510300,510300,510300,False,False,False,False,3.5160392713567123,3.5052146332417045,3.5052146332417045,0.0,8,8,1211,1.4893966711345141,,0
2017-06-21,2017-06-20,0,673b793383011830c1624c092f88326bc0bc25aff3be2b92c02116f8f660245e,v12_cca586e367aa3071f32a,False,False,False,510300,510300,510300,False,False,False,False,3.5052146332417045,3.5494972437121928,3.5494972437121928,0.0,9,9,1211,1.4893966711345141,,0
2017-06-22,2017-06-21,0,673b793383011830c1624c092f88326bc0bc25aff3be2b92c02116f8f660245e,v12_cca586e367aa3071f32a,False,False,False,510300,510300,510300,False,False,False,False,3.5494972437121928,3.553433475754014,3.553433475754014,0.0,10,10,1211,1.4977010852473358,,0
2017-06-23,2017-06-22,0,673b793383011830c1624c092f88326bc0bc25aff3be2b92c02116f8f660245e,v12_cca586e367aa3071f32a,False,False,False,510300,510300,510300,False,False,False,False,3.553433475754014,3.587875506119948,3.587875506119948,0.0,11,11,1211,1.4993619680699002,,0
2017-06-26,2017-06-23,0,673b793383011830c1624c092f88326bc0bc25aff3be2b92c02116f8f660245e,v12_cca586e367aa3071f32a,False,False,False,510300,510300,510300,False,False,False,False,3.587875506119948,3.6321581165904355,3.6321581165904355,0.0,12,12,1211,1.5138946927673373,,0
2017-06-27,2017-06-26,0,673b793383011830c1624c092f88326bc0bc25aff3be2b92c02116f8f660245e,v12_cca586e367aa3071f32a,False,False,False,510300,510300,510300,False,False,False,False,3.6321581165904355,3.634126232611346,3.634126232611346,0.0,13,13,1211,1.5325796245211853,,0
2017-06-28,2017-06-27,0,673b793383011830c1624c092f88326bc0bc25aff3be2b92c02116f8f660245e,v12_cca586e367aa3071f32a,False,False,False,510300,510300,510300,False,False,False,False,3.634126232611346,3.609524782349964,3.609524782349964,0.0,14,14,1211,1.5334100659324674,,0
2017-06-29,2017-06-28,0,673b793383011830c1624c092f88326bc0bc25aff3be2b92c02116f8f660245e,v12_cca586e367aa3071f32a,False,False,False,510300,510300,510300,False,False,False,False,3.609524782349964,3.6311740585799797,3.6311740585799797,0.0,15,15,1211,1.5334100659324674,,0
2017-06-30,2017-06-29,0,673b793383011830c1624c092f88326bc0bc25aff3be2b92c02116f8f660245e,v12_cca586e367aa3071f32a,False,False,False,510300,510300,510300,False,False,False,False,3.6311740585799797,3.6252697105172476,3.6252697105172476,0.0,16,16,1211,1.5334100659324674,,0
2017-07-03,2017-06-30,0,673b793383011830c1624c092f88326bc0bc25aff3be2b92c02116f8f660245e,v12_cca586e367aa3071f32a,False,False,False,510300,510300,510300,False,False,False,False,3.6252697105172476,3.609524782349963,3.609524782349963,0.0,17,17,1211,1.5334100659324674,,0
2017-07-04,2017-07-03,0,673b793383011830c1624c092f88326bc0bc25aff3be2b92c02116f8f660245e,v12_cca586e367aa3071f32a,False,False,False,510300,510300,510300,False,False,False,False,3.609524782349963,3.5800030420363043,3.5800030420363043,0.0,18,18,1211,1.5334100659324674,,0
2017-07-05,2017-07-04,0,673b793383011830c1624c092f88326bc0bc25aff3be2b92c02116f8f660245e,v12_cca586e367aa3071f32a,False,False,False,510300,510300,510300,False,False,False,False,3.5800030420363043,3.6262537685277025,3.6262537685277025,0.0,19,19,1211,1.5334100659324674,,0
2017-07-06,2017-07-05,0,673b793383011830c1624c092f88326bc0bc25aff3be2b92c02116f8f660245e,v12_cca586e367aa3071f32a,False,False,False,510300,510300,510300,False,False,False,False,3.6262537685277025,3.6233015944963367,3.6233015944963367,0.0,20,20,1211,1.5334100659324674,,0
2017-07-07,2017-07-06,0,673b793383011830c1624c092f88326bc0bc25aff3be2b92c02116f8f660245e,v12_cca586e367aa3071f32a,False,False,False,510300,510300,510300,False,False,False,False,3.6233015944963367,3.6213334784754263,3.6213334784754263,0.0,21,21,1211,1.5334100659324674,,0
2017-07-10,2017-07-07,0,673b793383011830c1624c092f88326bc0bc25aff3be2b92c02116f8f660245e,v12_cca586e367aa3071f32a,False,False,False,510300,510300,510300,False,False,False,False,3.6213334784754263,3.625269710517247,3.625269710517247,0.0,22,22,1211,1.5334100659324674,,0
2017-07-11,2017-07-10,0,673b793383011830c1624c092f88326bc0bc25aff3be2b92c02116f8f660245e,v12_cca586e367aa3071f32a,False,False,False,510300,510500,510500,False,False,True,False,3.625269710517247,3.6547914508309054,3.654060492540739,0.0007309582901661811,23,0,1211,1.864593611505166,,0
2017-07-12,2017-07-11,0,673b793383011830c1624c092f88326bc0bc25aff3be2b92c02116f8f660245e,v12_cca586e367aa3071f32a,False,False,False,510500,510500,510500,False,False,False,False,3.654060492540739,3.648963383980158,3.648963383980158,0.0,1,1,1211,1.864593611505166,,0
2017-07-13,2017-07-12,0,673b793383011830c1624c092f88326bc0bc25aff3be2b92c02116f8f660245e,v12_cca586e367aa3071f32a,False,False,False,510500,510500,510500,False,False,False,False,3.648963383980158,3.6529278017494984,3.6529278017494984,0.0,2,2,1211,1.864593611505166,,0
2017-07-14,2017-07-13,0,673b793383011830c1624c092f88326bc0bc25aff3be2b92c02116f8f660245e,v12_cca586e367aa3071f32a,False,False,False,510500,510300,510300,False,False,True,False,3.6529278017494984,3.643299930023957,3.6425712700379522,0.0007286599860047914,3,0,1211,1.559153749682213,,0
2017-07-17,2017-07-14,0,673b793383011830c1624c092f88326bc0bc25aff3be2b92c02116f8f660245e,v12_cca586e367aa3071f32a,False,False,False,510300,510300,510300,False,False,False,False,3.6425712700379522,3.593098264772457,3.593098264772457,0.0,1,1,1211,1.559153749682213,,0
2017-07-18,2017-07-17,0,673b793383011830c1624c092f88326bc0bc25aff3be2b92c02116f8f660245e,v12_cca586e367aa3071f32a,False,False,False,510300,159915,159915,False,True,True,False,3.593098264772457,3.5950383826260057,3.5943193749494804,0.0007190076765252012,2,0,1256,1.9811794228356268,,0
2017-07-19,2017-07-18,0,673b793383011830c1624c092f88326bc0bc25aff3be2b92c02116f8f660245e,v12_cca586e367aa3071f32a,False,False,False,159915,159915,159915,False,False,False,False,3.5943193749494804,3.626187944455049,3.626187944455049,0.0,1,1,1256,1.9811794228356268,,0
2017-07-20,2017-07-19,0,673b793383011830c1624c092f88326bc0bc25aff3be2b92c02116f8f660245e,v12_cca586e367aa3071f32a,False,False,False,159915,159915,159915,False,False,False,False,3.626187944455049,3.6193589652752847,3.6193589652752847,0.0,2,2,1256,1.998745294855702,,0
2017-07-21,2017-07-20,0,673b793383011830c1624c092f88326bc0bc25aff3be2b92c02116f8f660245e,v12_cca586e367aa3071f32a,False,False,False,159915,159915,159915,False,False,False,False,3.6193589652752847,3.621635291668539,3.621635291668539,0.0,3,3,1256,1.998745294855702,,0
2017-07-24,2017-07-21,0,673b793383011830c1624c092f88326bc0bc25aff3be2b92c02116f8f660245e,v12_cca586e367aa3071f32a,False,False,False,159915,159915,159915,False,False,False,False,3.621635291668539,3.6398459028145784,3.6398459028145784,0.0,4,4,1256,1.998745294855702,,0
2017-07-25,2017-07-24,0,673b793383011830c1624c092f88326bc0bc25aff3be2b92c02116f8f660245e,v12_cca586e367aa3071f32a,False,False,False,159915,513100,513100,False,False,True,False,3.6398459028145784,3.6398459028145784,3.6391179336340156,0.0007279691805629157,5,0,1256,2.104312938816453,,0
2017-07-26,2017-07-25,0,673b793383011830c1624c092f88326bc0bc25aff3be2b92c02116f8f660245e,v12_cca586e367aa3071f32a,False,False,False,513100,513100,513100,False,False,False,False,3.6391179336340156,3.6391179336340156,3.6391179336340156,0.0,1,1,1256,2.104312938816453,,0
2017-07-27,2017-07-26,0,673b793383011830c1624c092f88326bc0bc25aff3be2b92c02116f8f660245e,v12_cca586e367aa3071f32a,False,False,False,513100,513100,513100,False,False,False,False,3.6391179336340156,3.6703401084697704,3.6703401084697704,0.0,2,2,1256,2.104312938816453,,0
2017-07-28,2017-07-27,0,673b793383011830c1624c092f88326bc0bc25aff3be2b92c02116f8f660245e,v12_cca586e367aa3071f32a,False,False,False,513100,513100,513100,False,False,False,False,3.6703401084697704,3.6061611935296094,3.6061611935296094,0.0,3,3,1256,2.122367101303916,,0
2017-07-31,2017-07-28,0,673b793383011830c1624c092f88326bc0bc25aff3be2b92c02116f8f660245e,v12_cca586e367aa3071f32a,False,False,False,513100,513100,513100,False,False,False,False,3.6061611935296094,3.602692062992303,3.602692062992303,0.0,4,4,1256,2.122367101303916,,0
2017-08-01,2017-07-31,0,673b793383011830c1624c092f88326bc0bc25aff3be2b92c02116f8f660245e,v12_cca586e367aa3071f32a,False,False,False,513100,513100,513100,False,False,False,False,3.602692062992303,3.609630324066915,3.609630324066915,0.0,5,5,1256,2.122367101303916,,0
2017-08-02,2017-08-01,0,673b793383011830c1624c092f88326bc0bc25aff3be2b92c02116f8f660245e,v12_cca586e367aa3071f32a,False,False,False,513100,513100,513100,False,False,False,False,3.609630324066915,3.639117933634016,3.639117933634016,0.0,6,6,1256,2.122367101303916,,0
2017-08-03,2017-08-02,0,673b793383011830c1624c092f88326bc0bc25aff3be2b92c02116f8f660245e,v12_cca586e367aa3071f32a,False,False,False,513100,513100,513100,False,False,False,False,3.639117933634016,3.6130994546042214,3.6130994546042214,0.0,7,7,1256,2.122367101303916,,0
2017-08-04,2017-08-03,0,673b793383011830c1624c092f88326bc0bc25aff3be2b92c02116f8f660245e,v12_cca586e367aa3071f32a,False,False,False,513100,513100,513100,False,False,False,False,3.6130994546042214,3.599222932454998,3.599222932454998,0.0,8,8,1256,2.122367101303916,,0
2017-08-07,2017-08-04,0,673b793383011830c1624c092f88326bc0bc25aff3be2b92c02116f8f660245e,v12_cca586e367aa3071f32a,False,False,False,513100,513100,513100,False,False,False,False,3.599222932454998,3.620037715678834,3.620037715678834,0.0,9,9,1256,2.122367101303916,,0
2017-08-08,2017-08-07,0,673b793383011830c1624c092f88326bc0bc25aff3be2b92c02116f8f660245e,v12_cca586e367aa3071f32a,False,False,False,513100,513100,513100,False,False,False,False,3.620037715678834,3.628710542022099,3.628710542022099,0.0,10,10,1256,2.122367101303916,,0
2017-08-09,2017-08-08,0,673b793383011830c1624c092f88326bc0bc25aff3be2b92c02116f8f660245e,v12_cca586e367aa3071f32a,False,False,False,513100,513100,513100,False,False,False,False,3.628710542022099,3.599222932454998,3.599222932454998,0.0,11,11,1256,2.122367101303916,,0
2017-08-10,2017-08-09,0,673b793383011830c1624c092f88326bc0bc25aff3be2b92c02116f8f660245e,v12_cca586e367aa3071f32a,False,False,False,513100,513100,513100,False,False,False,False,3.599222932454998,3.5836118450371206,3.5836118450371206,0.0,12,12,1256,2.122367101303916,,0
2017-08-11,2017-08-10,0,673b793383011830c1624c092f88326bc0bc25aff3be2b92c02116f8f660245e,v12_cca586e367aa3071f32a,False,False,False,513100,510500,510500,False,False,True,False,3.5836118450371206,3.5229020606342663,3.5221974802221396,0.0007045804121268533,13,0,1256,1.878754350340217,,0
2017-08-14,2017-08-11,0,673b793383011830c1624c092f88326bc0bc25aff3be2b92c02116f8f660245e,v12_cca586e367aa3071f32a,False,False,False,510500,510500,510500,False,False,False,False,3.5221974802221396,3.5937141803281722,3.5937141803281722,0.0,1,1,1256,1.878754350340217,,0
2017-08-15,2017-08-14,0,673b793383011830c1624c092f88326bc0bc25aff3be2b92c02116f8f660245e,v12_cca586e367aa3071f32a,False,False,False,510500,510500,510500,False,False,False,False,3.5937141803281722,3.595881353058658,3.595881353058658,0.0,2,2,1256,1.9169016467938254,,0
2017-08-16,2017-08-15,0,673b793383011830c1624c092f88326bc0bc25aff3be2b92c02116f8f660245e,v12_cca586e367aa3071f32a,False,False,False,510500,510500,510500,False,False,False,False,3.595881353058658,3.6002156985196296,3.6002156985196296,0.0,3,3,1256,1.9180576254742376,,0
2017-08-17,2017-08-16,0,673b793383011830c1624c092f88326bc0bc25aff3be2b92c02116f8f660245e,v12_cca586e367aa3071f32a,False,False,False,510500,159915,159915,False,False,True,False,3.6002156985196296,3.6359740485726464,3.635246853762932,0.0007271948097145293,4,0,1256,2.1907151819322372,,0
2017-08-18,2017-08-17,0,673b793383011830c1624c092f88326bc0bc25aff3be2b92c02116f8f660245e,v12_cca586e367aa3071f32a,False,False,False,159915,159915,159915,False,False,False,False,3.635246853762932,3.6081802964325087,3.6081802964325087,0.0,1,1,1256,2.1907151819322372,,0
2017-08-21,2017-08-18,0,673b793383011830c1624c092f88326bc0bc25aff3be2b92c02116f8f660245e,v12_cca586e367aa3071f32a,False,False,False,159915,159915,159915,False,False,False,False,3.6081802964325087,3.616508467918792,3.616508467918792,0.0,2,2,1256,2.1907151819322372,,0
2017-08-22,2017-08-21,0,673b793383011830c1624c092f88326bc0bc25aff3be2b92c02116f8f660245e,v12_cca586e367aa3071f32a,False,False,False,159915,159915,159915,False,False,False,False,3.616508467918792,3.5936059963315112,3.5936059963315112,0.0,3,3,1256,2.1907151819322372,,0
2017-08-23,2017-08-22,0,673b793383011830c1624c092f88326bc0bc25aff3be2b92c02116f8f660245e,v12_cca586e367aa3071f32a,False,False,False,159915,159915,159915,False,False,False,False,3.5936059963315112,3.5748676104873724,3.5748676104873724,0.0,4,4,1256,2.1907151819322372,,0
2017-08-24,2017-08-23,0,673b793383011830c1624c092f88326bc0bc25aff3be2b92c02116f8f660245e,v12_cca586e367aa3071f32a,False,False,False,159915,159915,159915,False,False,False,False,3.5748676104873724,3.5498830960285206,3.5498830960285206,0.0,5,5,1256,2.1907151819322372,,0
2017-08-25,2017-08-24,0,673b793383011830c1624c092f88326bc0bc25aff3be2b92c02116f8f660245e,v12_cca586e367aa3071f32a,False,False,False,159915,159915,159915,False,False,False,False,3.5498830960285206,3.587359867716798,3.587359867716798,0.0,6,6,1256,2.1907151819322372,,0
2017-08-28,2017-08-25,0,673b793383011830c1624c092f88326bc0bc25aff3be2b92c02116f8f660245e,v12_cca586e367aa3071f32a,False,False,False,159915,159915,159915,False,False,False,False,3.587359867716798,3.653985239607069,3.653985239607069,0.0,7,7,1256,2.1907151819322372,,0
2017-08-29,2017-08-28,0,673b793383011830c1624c092f88326bc0bc25aff3be2b92c02116f8f660245e,v12_cca586e367aa3071f32a,False,False,False,159915,159915,159915,False,False,False,False,3.653985239607069,3.629000725148218,3.629000725148218,0.0,8,8,1256,2.202007528230856,,0
2017-08-30,2017-08-29,0,673b793383011830c1624c092f88326bc0bc25aff3be2b92c02116f8f660245e,v12_cca586e367aa3071f32a,False,False,False,159915,159915,159915,False,False,False,False,3.629000725148218,3.6560672824786407,3.6560672824786407,0.0,9,9,1256,2.202007528230856,,0
2017-08-31,2017-08-30,0,673b793383011830c1624c092f88326bc0bc25aff3be2b92c02116f8f660245e,v12_cca586e367aa3071f32a,False,False,False,159915,159915,159915,False,False,False,False,3.6560672824786407,3.6748056683227794,3.6748056683227794,0.0,10,10,1256,2.2032622333751477,,0
2017-09-01,2017-08-31,0,673b793383011830c1624c092f88326bc0bc25aff3be2b92c02116f8f660245e,v12_cca586e367aa3071f32a,False,False,False,159915,159915,159915,False,False,False,False,3.6748056683227794,3.697708139910061,3.697708139910061,0.0,11,11,1256,2.2145545796737673,,0
2017-09-04,2017-09-01,0,673b793383011830c1624c092f88326bc0bc25aff3be2b92c02116f8f660245e,v12_cca586e367aa3071f32a,False,False,False,159915,159915,159915,False,False,False,False,3.697708139910061,3.7393489973414806,3.7393489973414806,0.0,12,12,1256,2.2283563362609695,,0
2017-09-05,2017-09-04,0,673b793383011830c1624c092f88326bc0bc25aff3be2b92c02116f8f660245e,v12_cca586e367aa3071f32a,False,False,False,159915,159915,159915,False,False,False,False,3.7393489973414806,3.7393489973414806,3.7393489973414806,0.0,13,13,1256,2.2534504391467913,,0
2017-09-06,2017-09-05,0,673b793383011830c1624c092f88326bc0bc25aff3be2b92c02116f8f660245e,v12_cca586e367aa3071f32a,False,False,False,159915,159915,159915,False,False,False,False,3.7393489973414806,3.7747437261581873,3.7747437261581873,0.0,14,14,1256,2.2534504391467913,,0
2017-09-07,2017-09-06,0,673b793383011830c1624c092f88326bc0bc25aff3be2b92c02116f8f660245e,v12_cca586e367aa3071f32a,False,False,False,159915,159915,159915,False,False,False,False,3.7747437261581873,3.747677168827765,3.747677168827765,0.0,15,15,1256,2.27478042659974,,0
2017-09-08,2017-09-07,0,673b793383011830c1624c092f88326bc0bc25aff3be2b92c02116f8f660245e,v12_cca586e367aa3071f32a,False,False,False,159915,159915,159915,False,False,False,False,3.747677168827765,3.728938782983626,3.728938782983626,0.0,16,16,1256,2.27478042659974,,0
2017-09-11,2017-09-08,0,673b793383011830c1624c092f88326bc0bc25aff3be2b92c02116f8f660245e,v12_cca586e367aa3071f32a,False,False,False,159915,159915,159915,False,False,False,False,3.728938782983626,3.7622514689287616,3.7622514689287616,0.0,17,17,1256,2.27478042659974,,0
2017-09-12,2017-09-11,0,673b793383011830c1624c092f88326bc0bc25aff3be2b92c02116f8f660245e,v12_cca586e367aa3071f32a,False,False,False,159915,159915,159915,False,False,False,False,3.7622514689287616,3.7331028687267684,3.7331028687267684,0.0,18,18,1256,2.27478042659974,,0
2017-09-13,2017-09-12,0,673b793383011830c1624c092f88326bc0bc25aff3be2b92c02116f8f660245e,v12_cca586e367aa3071f32a,False,False,False,159915,159915,159915,False,False,False,False,3.7331028687267684,3.7414310402130524,3.7414310402130524,0.0,19,19,1256,2.27478042659974,,0
2017-09-14,2017-09-13,0,673b793383011830c1624c092f88326bc0bc25aff3be2b92c02116f8f660245e,v12_cca586e367aa3071f32a,False,False,False,159915,510500,510500,False,False,True,False,3.7414310402130524,3.7206106114973423,3.719866489375043,0.0007441221222994685,20,0,1256,2.029898562804135,,0
2017-09-15,2017-09-14,0,673b793383011830c1624c092f88326bc0bc25aff3be2b92c02116f8f660245e,v12_cca586e367aa3071f32a,False,False,False,510500,510500,510500,False,False,False,False,3.719866489375043,3.6912684269567264,3.6912684269567264,0.0,1,1,1256,2.029898562804135,,0
2017-09-18,2017-09-15,0,673b793383011830c1624c092f88326bc0bc25aff3be2b92c02116f8f660245e,v12_cca586e367aa3071f32a,False,False,False,510500,510500,510500,False,False,False,False,3.6912684269567264,3.726221614356891,3.726221614356891,0.0,2,2,1256,2.029898562804135,,0
2017-09-19,2017-09-18,0,673b793383011830c1624c092f88326bc0bc25aff3be2b92c02116f8f660245e,v12_cca586e367aa3071f32a,False,False,False,510500,510500,510500,False,False,False,False,3.726221614356891,3.6944459894476505,3.6944459894476505,0.0,3,3,1256,2.033366498845372,,0
2017-09-20,2017-09-19,0,673b793383011830c1624c092f88326bc0bc25aff3be2b92c02116f8f660245e,v12_cca586e367aa3071f32a,False,False,False,510500,510500,510500,False,False,False,False,3.6944459894476505,3.732576739338738,3.732576739338738,0.0,4,4,1256,2.033366498845372,,0
2017-09-21,2017-09-20,0,673b793383011830c1624c092f88326bc0bc25aff3be2b92c02116f8f660245e,v12_cca586e367aa3071f32a,False,False,False,510500,510500,510500,False,False,False,False,3.732576739338738,3.6891500519627773,3.6891500519627773,0.0,5,5,1256,2.0368344348866088,,0
2017-09-22,2017-09-21,0,673b793383011830c1624c092f88326bc0bc25aff3be2b92c02116f8f660245e,v12_cca586e367aa3071f32a,False,False,False,510500,510500,510500,False,False,False,False,3.6891500519627773,3.6616111770414355,3.6616111770414355,0.0,6,6,1256,2.0368344348866088,,0
2017-09-25,2017-09-22,0,673b793383011830c1624c092f88326bc0bc25aff3be2b92c02116f8f660245e,v12_cca586e367aa3071f32a,False,False,False,510500,510500,510500,False,False,False,False,3.6616111770414355,3.6171253021684997,3.6171253021684997,0.0,7,7,1256,2.0368344348866088,,0
2017-09-26,2017-09-25,0,673b793383011830c1624c092f88326bc0bc25aff3be2b92c02116f8f660245e,v12_cca586e367aa3071f32a,False,False,False,510500,510500,510500,False,False,False,False,3.6171253021684997,3.6330131146231195,3.6330131146231195,0.0,8,8,1256,2.0368344348866088,,0
2017-09-27,2017-09-26,0,673b793383011830c1624c092f88326bc0bc25aff3be2b92c02116f8f660245e,v12_cca586e367aa3071f32a,False,False,False,510500,510500,510500,False,False,False,False,3.6330131146231195,3.665847927029334,3.665847927029334,0.0,9,9,1256,2.0368344348866088,,0
2017-09-28,2017-09-27,0,673b793383011830c1624c092f88326bc0bc25aff3be2b92c02116f8f660245e,v12_cca586e367aa3071f32a,False,False,False,510500,510500,510500,False,False,False,False,3.665847927029334,3.666907114526309,3.666907114526309,0.0,10,10,1256,2.0368344348866088,,0
2017-09-29,2017-09-28,0,673b793383011830c1624c092f88326bc0bc25aff3be2b92c02116f8f660245e,v12_cca586e367aa3071f32a,False,False,False,510500,510500,510500,False,False,False,False,3.666907114526309,3.689150051962777,3.689150051962777,0.0,11,11,1256,2.0368344348866088,,0
2017-10-09,2017-09-29,0,673b793383011830c1624c092f88326bc0bc25aff3be2b92c02116f8f660245e,v12_cca586e367aa3071f32a,False,False,False,510500,510500,510500,False,False,False,False,3.689150051962777,3.7278103956023525,3.7278103956023525,0.0,12,12,1256,2.0368344348866088,,0
2017-10-10,2017-10-09,0,673b793383011830c1624c092f88326bc0bc25aff3be2b92c02116f8f660245e,v12_cca586e367aa3071f32a,False,False,False,510500,510500,510500,False,False,False,False,3.7278103956023525,3.739991051817561,3.739991051817561,0.0,13,13,1256,2.0368344348866088,,0
2017-10-11,2017-10-10,0,673b793383011830c1624c092f88326bc0bc25aff3be2b92c02116f8f660245e,v12_cca586e367aa3071f32a,False,False,False,510500,510500,510500,False,False,False,False,3.739991051817561,3.7193368956265553,3.7193368956265553,0.0,14,14,1256,2.0408803602680523,,0
2017-10-12,2017-10-11,0,673b793383011830c1624c092f88326bc0bc25aff3be2b92c02116f8f660245e,v12_cca586e367aa3071f32a,False,False,False,510500,510500,510500,False,False,False,False,3.7193368956265553,3.71245217689622,3.71245217689622,0.0,15,15,1256,2.0408803602680523,,0
2017-10-13,2017-10-12,0,673b793383011830c1624c092f88326bc0bc25aff3be2b92c02116f8f660245e,v12_cca586e367aa3071f32a,False,False,False,510500,510500,510500,False,False,False,False,3.71245217689622,3.7415798330630237,3.7415798330630237,0.0,16,16,1256,2.0408803602680523,,0
2017-10-16,2017-10-13,0,673b793383011830c1624c092f88326bc0bc25aff3be2b92c02116f8f660245e,v12_cca586e367aa3071f32a,False,False,False,510500,510500,510500,False,False,False,False,3.7415798330630237,3.6875612707173153,3.6875612707173153,0.0,17,17,1256,2.041747344278362,,0
2017-10-17,2017-10-16,0,673b793383011830c1624c092f88326bc0bc25aff3be2b92c02116f8f660245e,v12_cca586e367aa3071f32a,False,False,False,510500,513100,513100,False,False,True,False,3.6875612707173153,3.6817357394839543,3.6809993923360578,0.0007363471478967909,18,0,1256,2.1283851554664017,,0
2017-10-18,2017-10-17,0,673b793383011830c1624c092f88326bc0bc25aff3be2b92c02116f8f660245e,v12_cca586e367aa3071f32a,False,False,False,513100,513100,513100,False,False,False,False,3.6809993923360578,3.6757953404147536,3.6757953404147536,0.0,1,1,1256,2.1283851554664017,,0
2017-10-19,2017-10-18,0,673b793383011830c1624c092f88326bc0bc25aff3be2b92c02116f8f660245e,v12_cca586e367aa3071f32a,False,False,False,513100,513100,513100,False,False,False,False,3.6757953404147536,3.6827340763098264,3.6827340763098264,0.0,2,2,1256,2.1283851554664017,,0
2017-10-20,2017-10-19,0,673b793383011830c1624c092f88326bc0bc25aff3be2b92c02116f8f660245e,v12_cca586e367aa3071f32a,False,False,False,513100,513100,513100,False,False,False,False,3.6827340763098264,3.6827340763098264,3.6827340763098264,0.0,3,3,1256,2.1293881644934833,,0
2017-10-23,2017-10-20,0,673b793383011830c1624c092f88326bc0bc25aff3be2b92c02116f8f660245e,v12_cca586e367aa3071f32a,False,False,False,513100,513100,513100,False,False,False,False,3.6827340763098264,3.691407496178667,3.691407496178667,0.0,4,4,1256,2.1293881644934833,,0
2017-10-24,2017-10-23,0,673b793383011830c1624c092f88326bc0bc25aff3be2b92c02116f8f660245e,v12_cca586e367aa3071f32a,False,False,False,513100,513100,513100,False,False,False,False,3.691407496178667,3.675795340414754,3.675795340414754,0.0,5,5,1256,2.1344032096288896,,0
2017-10-25,2017-10-24,0,673b793383011830c1624c092f88326bc0bc25aff3be2b92c02116f8f660245e,v12_cca586e367aa3071f32a,False,False,False,513100,513100,513100,False,False,False,False,3.675795340414754,3.682734076309827,3.682734076309827,0.0,6,6,1256,2.1344032096288896,,0
2017-10-26,2017-10-25,0,673b793383011830c1624c092f88326bc0bc25aff3be2b92c02116f8f660245e,v12_cca586e367aa3071f32a,False,False,False,513100,513100,513100,False,False,False,False,3.682734076309827,3.665387236572145,3.665387236572145,0.0,7,7,1256,2.1344032096288896,,0
2017-10-27,2017-10-26,0,673b793383011830c1624c092f88326bc0bc25aff3be2b92c02116f8f660245e,v12_cca586e367aa3071f32a,False,False,False,513100,513100,513100,False,False,False,False,3.665387236572145,3.686203444257363,3.686203444257363,0.0,8,8,1256,2.1344032096288896,,0
2017-10-30,2017-10-27,0,673b793383011830c1624c092f88326bc0bc25aff3be2b92c02116f8f660245e,v12_cca586e367aa3071f32a,False,False,False,513100,513100,513100,False,False,False,False,3.686203444257363,3.7607948551293946,3.7607948551293946,0.0,9,9,1256,2.1344032096288896,,0
2017-10-31,2017-10-30,0,673b793383011830c1624c092f88326bc0bc25aff3be2b92c02116f8f660245e,v12_cca586e367aa3071f32a,False,False,False,513100,513100,513100,False,False,False,False,3.7607948551293946,3.767733591024468,3.767733591024468,0.0,10,10,1256,2.17452357071214,,0
2017-11-01,2017-10-31,0,673b793383011830c1624c092f88326bc0bc25aff3be2b92c02116f8f660245e,v12_cca586e367aa3071f32a,False,False,False,513100,513100,513100,False,False,False,False,3.767733591024468,3.786815114735917,3.786815114735917,0.0,11,11,1256,2.178535606820465,,0
2017-11-02,2017-11-01,0,673b793383011830c1624c092f88326bc0bc25aff3be2b92c02116f8f660245e,v12_cca586e367aa3071f32a,False,False,False,513100,513100,513100,False,False,False,False,3.786815114735917,3.7746723269195406,3.7746723269195406,0.0,12,12,1256,2.1895687061183584,,0
2017-11-03,2017-11-02,0,673b793383011830c1624c092f88326bc0bc25aff3be2b92c02116f8f660245e,v12_cca586e367aa3071f32a,False,False,False,513100,513100,513100,False,False,False,False,3.7746723269195406,3.7798763788408447,3.7798763788408447,0.0,13,13,1256,2.1895687061183584,,0
2017-11-06,2017-11-03,0,673b793383011830c1624c092f88326bc0bc25aff3be2b92c02116f8f660245e,v12_cca586e367aa3071f32a,False,False,False,513100,513100,513100,False,False,False,False,3.7798763788408447,3.7920191666572225,3.7920191666572225,0.0,14,14,1256,2.1895687061183584,,0
2017-11-07,2017-11-06,0,673b793383011830c1624c092f88326bc0bc25aff3be2b92c02116f8f660245e,v12_cca586e367aa3071f32a,False,False,False,513100,513100,513100,False,False,False,False,3.7920191666572225,3.800692586526063,3.800692586526063,0.0,15,15,1256,2.192577733199603,,0
2017-11-08,2017-11-07,0,673b793383011830c1624c092f88326bc0bc25aff3be2b92c02116f8f660245e,v12_cca586e367aa3071f32a,False,False,False,513100,513100,513100,False,False,False,False,3.800692586526063,3.807631322421136,3.807631322421136,0.0,16,16,1256,2.1975927783350087,,0
2017-11-09,2017-11-08,0,673b793383011830c1624c092f88326bc0bc25aff3be2b92c02116f8f660245e,v12_cca586e367aa3071f32a,False,False,False,513100,513100,513100,False,False,False,False,3.807631322421136,3.8197741102375136,3.8197741102375136,0.0,17,17,1256,2.201604814443334,,0
2017-11-10,2017-11-09,0,673b793383011830c1624c092f88326bc0bc25aff3be2b92c02116f8f660245e,v12_cca586e367aa3071f32a,False,False,False,513100,513100,513100,False,False,False,False,3.8197741102375136,3.8093660063949044,3.8093660063949044,0.0,18,18,1256,2.2086258776329024,,0
2017-11-13,2017-11-10,0,673b793383011830c1624c092f88326bc0bc25aff3be2b92c02116f8f660245e,v12_cca586e367aa3071f32a,False,False,False,513100,513100,513100,False,False,False,False,3.8093660063949044,3.811100690368672,3.811100690368672,0.0,19,19,1256,2.2086258776329024,,0
2017-11-14,2017-11-13,0,673b793383011830c1624c092f88326bc0bc25aff3be2b92c02116f8f660245e,v12_cca586e367aa3071f32a,False,False,False,513100,513100,513100,False,False,False,False,3.811100690368672,3.816304742289977,3.816304742289977,0.0,20,20,1256,2.2086258776329024,,0
2017-11-15,2017-11-14,0,673b793383011830c1624c092f88326bc0bc25aff3be2b92c02116f8f660245e,v12_cca586e367aa3071f32a,False,False,False,513100,513100,513100,False,False,False,False,3.816304742289977,3.7902844826834543,3.7902844826834543,0.0,21,21,1256,2.2086258776329024,,0
2017-11-16,2017-11-15,0,673b793383011830c1624c092f88326bc0bc25aff3be2b92c02116f8f660245e,v12_cca586e367aa3071f32a,False,False,False,513100,513100,513100,False,False,False,False,3.7902844826834543,3.7764070108933083,3.7764070108933083,0.0,22,22,1256,2.2086258776329024,,0
2017-11-17,2017-11-16,0,673b793383011830c1624c092f88326bc0bc25aff3be2b92c02116f8f660245e,v12_cca586e367aa3071f32a,False,False,False,513100,513100,513100,False,False,False,False,3.7764070108933083,3.821508794211281,3.821508794211281,0.0,23,23,1256,2.2086258776329024,,0
2017-11-20,2017-11-17,0,673b793383011830c1624c092f88326bc0bc25aff3be2b92c02116f8f660245e,v12_cca586e367aa3071f32a,False,False,False,513100,513100,513100,False,False,False,False,3.821508794211281,3.8058966384473667,3.8058966384473667,0.0,24,24,1256,2.209628886659983,,0
2017-11-21,2017-11-20,0,673b793383011830c1624c092f88326bc0bc25aff3be2b92c02116f8f660245e,v12_cca586e367aa3071f32a,False,False,False,513100,510300,510300,False,False,True,False,3.8058966384473667,3.812835374342439,3.8120728072675707,0.0007625670748684878,25,0,1256,1.7796359443776202,,0
2017-11-22,2017-11-21,0,673b793383011830c1624c092f88326bc0bc25aff3be2b92c02116f8f660245e,v12_cca586e367aa3071f32a,False,False,False,510300,510300,510300,False,False,False,False,3.8120728072675707,3.8111833829074993,3.8111833829074993,0.0,1,1,1256,1.7796359443776202,,0
2017-11-23,2017-11-22,0,673b793383011830c1624c092f88326bc0bc25aff3be2b92c02116f8f660245e,v12_cca586e367aa3071f32a,False,False,False,510300,510300,510300,False,False,False,False,3.8111833829074993,3.6902216699377397,3.6902216699377397,0.0,2,2,1256,1.7796359443776202,,0
2017-11-24,2017-11-23,0,673b793383011830c1624c092f88326bc0bc25aff3be2b92c02116f8f660245e,v12_cca586e367aa3071f32a,False,False,False,510300,513100,513100,True,False,True,False,3.6902216699377397,3.693779367378026,3.6930406115045504,0.0007387558734756052,3,0,1256,2.2146439317953894,,0
2017-11-27,2017-11-24,0,673b793383011830c1624c092f88326bc0bc25aff3be2b92c02116f8f660245e,v12_cca586e367aa3071f32a,False,False,False,513100,513100,513100,False,False,False,False,3.6930406115045504,3.7114389116524444,3.7114389116524444,0.0,1,1,1256,2.2146439317953894,,0
2017-11-28,2017-11-27,0,673b793383011830c1624c092f88326bc0bc25aff3be2b92c02116f8f660245e,v12_cca586e367aa3071f32a,False,False,False,513100,513100,513100,False,False,False,False,3.7114389116524444,3.7198017753560326,3.7198017753560326,0.0,2,2,1256,2.225677031093283,,0
2017-11-29,2017-11-28,0,673b793383011830c1624c092f88326bc0bc25aff3be2b92c02116f8f660245e,v12_cca586e367aa3071f32a,False,False,False,513100,513100,513100,False,False,False,False,3.7198017753560326,3.75659837565182,3.75659837565182,0.0,3,3,1256,2.2306920762286895,,0
2017-11-30,2017-11-29,0,673b793383011830c1624c092f88326bc0bc25aff3be2b92c02116f8f660245e,v12_cca586e367aa3071f32a,False,False,False,513100,513100,513100,False,False,False,False,3.75659837565182,3.7030760479488554,3.7030760479488554,0.0,4,4,1256,2.2527582748244765,,0
2017-12-01,2017-11-30,0,673b793383011830c1624c092f88326bc0bc25aff3be2b92c02116f8f660245e,v12_cca586e367aa3071f32a,False,False,False,513100,513100,513100,False,False,False,False,3.7030760479488554,3.7482355119482316,3.7482355119482316,0.0,5,5,1256,2.2527582748244765,,0
2017-12-04,2017-12-01,0,673b793383011830c1624c092f88326bc0bc25aff3be2b92c02116f8f660245e,v12_cca586e367aa3071f32a,False,False,False,513100,513100,513100,False,False,False,False,3.7482355119482316,3.7833595395033015,3.7833595395033015,0.0,6,6,1256,2.2527582748244765,,0
2017-12-05,2017-12-04,0,673b793383011830c1624c092f88326bc0bc25aff3be2b92c02116f8f660245e,v12_cca586e367aa3071f32a,False,False,False,513100,513100,513100,False,False,False,False,3.7833595395033015,3.679660029578808,3.679660029578808,0.0,7,7,1256,2.268806419257776,,0
2017-12-06,2017-12-05,0,673b793383011830c1624c092f88326bc0bc25aff3be2b92c02116f8f660245e,v12_cca586e367aa3071f32a,False,False,False,513100,518880,518880,True,False,True,False,3.679660029578808,3.6378457110608666,3.6371181419186547,0.0007275691422121733,8,0,1256,1.0228484386900252,,0
2017-12-07,2017-12-06,0,673b793383011830c1624c092f88326bc0bc25aff3be2b92c02116f8f660245e,v12_cca586e367aa3071f32a,False,False,False,518880,513100,513100,False,False,True,False,3.6371181419186547,3.6127443047799597,3.6120217559190038,0.000722548860955992,1,0,1256,2.1965897693079266,,0
2017-12-08,2017-12-07,0,673b793383011830c1624c092f88326bc0bc25aff3be2b92c02116f8f660245e,v12_cca586e367aa3071f32a,False,False,False,513100,513100,513100,False,False,False,False,3.6120217559190038,3.645008255973059,3.645008255973059,0.0,1,1,1256,2.1965897693079266,,0
2017-12-11,2017-12-08,0,673b793383011830c1624c092f88326bc0bc25aff3be2b92c02116f8f660245e,v12_cca586e367aa3071f32a,False,False,False,513100,513100,513100,False,False,False,False,3.645008255973059,3.661501506000087,3.661501506000087,0.0,2,2,1256,2.2166499498495518,,0
2017-12-12,2017-12-11,0,673b793383011830c1624c092f88326bc0bc25aff3be2b92c02116f8f660245e,v12_cca586e367aa3071f32a,False,False,False,513100,513100,513100,False,False,False,False,3.661501506000087,3.6862413810406274,3.6862413810406274,0.0,3,3,1256,2.226680040120365,,0
2017-12-13,2017-12-12,0,673b793383011830c1624c092f88326bc0bc25aff3be2b92c02116f8f660245e,v12_cca586e367aa3071f32a,False,False,False,513100,513100,513100,False,False,False,False,3.6862413810406274,3.689540031046033,3.689540031046033,0.0,4,4,1256,2.2417251755265832,,0
2017-12-14,2017-12-13,0,673b793383011830c1624c092f88326bc0bc25aff3be2b92c02116f8f660245e,v12_cca586e367aa3071f32a,False,False,False,513100,513100,513100,False,False,False,False,3.689540031046033,3.699435981062249,3.699435981062249,0.0,5,5,1256,2.243731193580746,,0
2017-12-15,2017-12-14,0,673b793383011830c1624c092f88326bc0bc25aff3be2b92c02116f8f660245e,v12_cca586e367aa3071f32a,False,False,False,513100,513100,513100,False,False,False,False,3.699435981062249,3.6812934060325198,3.6812934060325198,0.0,6,6,1256,2.2497492477432335,,0
2017-12-18,2017-12-15,0,673b793383011830c1624c092f88326bc0bc25aff3be2b92c02116f8f660245e,v12_cca586e367aa3071f32a,False,False,False,513100,513100,513100,False,False,False,False,3.6812934060325198,3.7373704561244123,3.7373704561244123,0.0,7,7,1256,2.2497492477432335,,0
2017-12-19,2017-12-18,0,673b793383011830c1624c092f88326bc0bc25aff3be2b92c02116f8f660245e,v12_cca586e367aa3071f32a,False,False,False,513100,513100,513100,False,False,False,False,3.7373704561244123,3.76046100616225,3.76046100616225,0.0,8,8,1256,2.272818455366102,,0
2017-12-20,2017-12-19,0,673b793383011830c1624c092f88326bc0bc25aff3be2b92c02116f8f660245e,v12_cca586e367aa3071f32a,False,False,False,513100,513100,513100,False,False,False,False,3.76046100616225,3.7538637061514386,3.7538637061514386,0.0,9,9,1256,2.286860581745239,,0
2017-12-21,2017-12-20,0,673b793383011830c1624c092f88326bc0bc25aff3be2b92c02116f8f660245e,v12_cca586e367aa3071f32a,False,False,False,513100,513100,513100,False,False,False,False,3.7538637061514386,3.7307731561136004,3.7307731561136004,0.0,10,10,1256,2.286860581745239,,0
2017-12-22,2017-12-21,0,673b793383011830c1624c092f88326bc0bc25aff3be2b92c02116f8f660245e,v12_cca586e367aa3071f32a,False,False,False,513100,513100,513100,False,False,False,False,3.7307731561136004,3.74231843113252,3.74231843113252,0.0,11,11,1256,2.286860581745239,,0
2017-12-25,2017-12-22,0,673b793383011830c1624c092f88326bc0bc25aff3be2b92c02116f8f660245e,v12_cca586e367aa3071f32a,False,False,False,513100,513100,513100,False,False,False,False,3.74231843113252,3.7307731561136,3.7307731561136,0.0,12,12,1256,2.286860581745239,,0
2017-12-26,2017-12-25,0,673b793383011830c1624c092f88326bc0bc25aff3be2b92c02116f8f660245e,v12_cca586e367aa3071f32a,False,False,False,513100,513100,513100,False,False,False,False,3.7307731561136,3.7291238311108974,3.7291238311108974,0.0,13,13,1256,2.286860581745239,,0
2017-12-27,2017-12-26,0,673b793383011830c1624c092f88326bc0bc25aff3be2b92c02116f8f660245e,v12_cca586e367aa3071f32a,False,False,False,513100,513100,513100,False,False,False,False,3.7291238311108974,3.684592056037923,3.684592056037923,0.0,14,14,1256,2.286860581745239,,0
2017-12-28,2017-12-27,0,673b793383011830c1624c092f88326bc0bc25aff3be2b92c02116f8f660245e,v12_cca586e367aa3071f32a,False,False,False,513100,513100,513100,False,False,False,False,3.684592056037923,3.6730467810190044,3.6730467810190044,0.0,15,15,1256,2.286860581745239,,0
2017-12-29,2017-12-28,0,673b793383011830c1624c092f88326bc0bc25aff3be2b92c02116f8f660245e,v12_cca586e367aa3071f32a,False,False,False,513100,513100,513100,False,False,False,False,3.6730467810190044,3.6763454310244104,3.6763454310244104,0.0,16,16,1256,2.286860581745239,,0
2018-01-02,2017-12-29,1,85ecd063ce81537029ac0bbe8d085f78269178948445f6292f3e29c02655ce38,v12_9ec6fd95111a8f36f8c6,True,True,True,513100,510300,510300,False,False,True,False,3.6763454310244104,3.65820285599468,3.6574712154234814,0.0007316405711989361,17,0,1256,1.7173528385314598,,0
2018-01-03,2018-01-02,1,85ecd063ce81537029ac0bbe8d085f78269178948445f6292f3e29c02655ce38,v12_9ec6fd95111a8f36f8c6,False,False,False,510300,510300,510300,False,False,False,False,3.6574712154234814,3.6769258495480748,3.6769258495480748,0.0,1,1,1256,1.7173528385314598,,0
2018-01-04,2018-01-03,1,85ecd063ce81537029ac0bbe8d085f78269178948445f6292f3e29c02655ce38,v12_9ec6fd95111a8f36f8c6,False,False,False,510300,510300,510300,False,False,False,False,3.6769258495480748,3.688421769712607,3.688421769712607,0.0,2,2,1256,1.7264876940555636,,0
2018-01-05,2018-01-04,1,85ecd063ce81537029ac0bbe8d085f78269178948445f6292f3e29c02655ce38,v12_9ec6fd95111a8f36f8c6,False,False,False,510300,510300,510300,False,False,False,False,3.688421769712607,3.7025705945304925,3.7025705945304925,0.0,3,3,1256,1.7318855632288974,,0
2018-01-08,2018-01-05,1,85ecd063ce81537029ac0bbe8d085f78269178948445f6292f3e29c02655ce38,v12_9ec6fd95111a8f36f8c6,False,False,False,510300,510300,510300,False,False,False,False,3.7025705945304925,3.7176037208994956,3.7176037208994956,0.0,4,4,1256,1.7385290945191545,,0
2018-01-09,2018-01-08,1,85ecd063ce81537029ac0bbe8d085f78269178948445f6292f3e29c02655ce38,v12_9ec6fd95111a8f36f8c6,False,False,False,510300,510300,510300,False,False,False,False,3.7176037208994956,3.747669973637504,3.747669973637504,0.0,5,5,1256,1.7455878465150523,,0
2018-01-10,2018-01-09,1,85ecd063ce81537029ac0bbe8d085f78269178948445f6292f3e29c02655ce38,v12_9ec6fd95111a8f36f8c6,False,False,False,510300,510300,510300,False,False,False,False,3.747669973637504,3.7635874015576256,3.7635874015576256,0.0,6,6,1256,1.7597053505068492,,0
2018-01-11,2018-01-10,1,85ecd063ce81537029ac0bbe8d085f78269178948445f6292f3e29c02655ce38,v12_9ec6fd95111a8f36f8c6,False,False,False,510300,510300,510300,False,False,False,False,3.7635874015576256,3.7582815922509183,3.7582815922509183,0.0,7,7,1256,1.7671793232083883,,0
2018-01-12,2018-01-11,1,85ecd063ce81537029ac0bbe8d085f78269178948445f6292f3e29c02655ce38,v12_9ec6fd95111a8f36f8c6,False,False,False,510300,510300,510300,False,False,False,False,3.7582815922509183,3.7786205279266287,3.7786205279266287,0.0,8,8,1256,1.7671793232083883,,0
2018-01-15,2018-01-12,1,85ecd063ce81537029ac0bbe8d085f78269178948445f6292f3e29c02655ce38,v12_9ec6fd95111a8f36f8c6,False,False,False,510300,510300,510300,False,False,False,False,3.7786205279266287,3.7715461155176855,3.7715461155176855,0.0,9,9,1256,1.7742380752042863,,0
2018-01-16,2018-01-15,1,85ecd063ce81537029ac0bbe8d085f78269178948445f6292f3e29c02655ce38,v12_9ec6fd95111a8f36f8c6,False,False,False,510300,510300,510300,False,False,False,False,3.7715461155176855,3.8095710822157534,3.8095710822157534,0.0,10,10,1256,1.7742380752042863,,0
2018-01-17,2018-01-16,1,85ecd063ce81537029ac0bbe8d085f78269178948445f6292f3e29c02655ce38,v12_9ec6fd95111a8f36f8c6,False,False,False,510300,510300,510300,False,False,False,False,3.8095710822157534,3.798075162051221,3.798075162051221,0.0,11,11,1256,1.7887707999017237,,0
2018-01-18,2018-01-17,1,85ecd063ce81537029ac0bbe8d085f78269178948445f6292f3e29c02655ce38,v12_9ec6fd95111a8f36f8c6,False,False,False,510300,510300,510300,False,False,False,False,3.798075162051221,3.822835605482522,3.822835605482522,0.0,12,12,1256,1.7887707999017237,,0
2018-01-19,2018-01-18,1,85ecd063ce81537029ac0bbe8d085f78269178948445f6292f3e29c02655ce38,v12_9ec6fd95111a8f36f8c6,False,False,False,510300,510300,510300,False,False,False,False,3.822835605482522,3.8334472240959356,3.8334472240959356,0.0,13,13,1256,1.79499911048634,,0
2018-01-22,2018-01-19,1,85ecd063ce81537029ac0bbe8d085f78269178948445f6292f3e29c02655ce38,v12_9ec6fd95111a8f36f8c6,False,False,False,510300,510300,510300,False,False,False,False,3.8334472240959356,3.8820838094074173,3.8820838094074173,0.0,14,14,1256,1.7999817589540326,,0
2018-01-23,2018-01-22,1,85ecd063ce81537029ac0bbe8d085f78269178948445f6292f3e29c02655ce38,v12_9ec6fd95111a8f36f8c6,False,False,False,510300,510300,510300,False,False,False,False,3.8820838094074173,3.9209930776566027,3.9209930776566027,0.0,15,15,1256,1.822818897764291,,0
2018-01-24,2018-01-23,1,85ecd063ce81537029ac0bbe8d085f78269178948445f6292f3e29c02655ce38,v12_9ec6fd95111a8f36f8c6,False,False,False,510300,510300,510300,False,False,False,False,3.9209930776566027,3.9236737930697685,3.9236737930697685,0.0,16,16,1256,1.8410886088124978,,0
2018-01-25,2018-01-24,1,85ecd063ce81537029ac0bbe8d085f78269178948445f6292f3e29c02655ce38,v12_9ec6fd95111a8f36f8c6,False,False,False,510300,510300,510300,False,False,False,False,3.9236737930697685,3.8986537825468917,3.8986537825468917,0.0,17,17,1256,1.842347329374585,,0
2018-01-26,2018-01-25,1,85ecd063ce81537029ac0bbe8d085f78269178948445f6292f3e29c02655ce38,v12_9ec6fd95111a8f36f8c6,False,False,False,510300,510300,510300,False,False,False,False,3.8986537825468917,3.9183123622434373,3.9183123622434373,0.0,18,18,1256,1.842347329374585,,0
2018-01-29,2018-01-26,1,85ecd063ce81537029ac0bbe8d085f78269178948445f6292f3e29c02655ce38,v12_9ec6fd95111a8f36f8c6,False,False,False,510300,510300,510300,False,False,False,False,3.9183123622434373,3.844145902479194,3.844145902479194,0.0,19,19,1256,1.842347329374585,,0
2018-01-30,2018-01-29,1,85ecd063ce81537029ac0bbe8d085f78269178948445f6292f3e29c02655ce38,v12_9ec6fd95111a8f36f8c6,False,False,False,510300,510300,510300,False,False,False,False,3.844145902479194,3.804828743086102,3.804828743086102,0.0,20,20,1256,1.842347329374585,,0
2018-01-31,2018-01-30,1,85ecd063ce81537029ac0bbe8d085f78269178948445f6292f3e29c02655ce38,v12_9ec6fd95111a8f36f8c6,False,False,False,510300,510300,510300,False,False,False,False,3.804828743086102,3.816445176543152,3.816445176543152,0.0,21,21,1256,1.842347329374585,,0
2018-02-01,2018-01-31,1,85ecd063ce81537029ac0bbe8d085f78269178948445f6292f3e29c02655ce38,v12_9ec6fd95111a8f36f8c6,False,False,False,510300,510300,510300,False,False,False,False,3.816445176543152,3.7896380224114976,3.7896380224114976,0.0,22,22,1256,1.842347329374585,,0
2018-02-02,2018-02-01,1,85ecd063ce81537029ac0bbe8d085f78269178948445f6292f3e29c02655ce38,v12_9ec6fd95111a8f36f8c6,False,False,False,510300,510300,510300,False,False,False,False,3.7896380224114976,3.8128708893255987,3.8128708893255987,0.0,23,23,1256,1.842347329374585,,0
2018-02-05,2018-02-02,1,85ecd063ce81537029ac0bbe8d085f78269178948445f6292f3e29c02655ce38,v12_9ec6fd95111a8f36f8c6,False,False,False,510300,510300,510300,False,False,False,False,3.8128708893255987,3.809296602108044,3.809296602108044,0.0,24,24,1256,1.842347329374585,,0
2018-02-06,2018-02-05,1,85ecd063ce81537029ac0bbe8d085f78269178948445f6292f3e29c02655ce38,v12_9ec6fd95111a8f36f8c6,False,False,False,510300,510300,510300,False,False,False,False,3.809296602108044,3.702067985581428,3.702067985581428,0.0,25,25,1256,1.842347329374585,,0
2018-02-07,2018-02-06,1,85ecd063ce81537029ac0bbe8d085f78269178948445f6292f3e29c02655ce38,v12_9ec6fd95111a8f36f8c6,False,False,False,510300,518880,518880,True,False,True,False,3.702067985581428,3.614497948751358,3.6137750491616076,0.0007228995897502717,26,0,1256,1.0239908606245265,,0
2018-02-08,2018-02-07,1,85ecd063ce81537029ac0bbe8d085f78269178948445f6292f3e29c02655ce38,v12_9ec6fd95111a8f36f8c6,False,False,False,518880,518880,518880,False,False,False,False,3.6137750491616076,3.6016798556166263,3.6016798556166263,0.0,1,1,1256,1.0239908606245265,,0
2018-02-09,2018-02-08,1,85ecd063ce81537029ac0bbe8d085f78269178948445f6292f3e29c02655ce38,v12_9ec6fd95111a8f36f8c6,False,False,False,518880,518880,518880,False,False,False,False,3.6016798556166263,3.617806780343268,3.617806780343268,0.0,2,2,1256,1.0239908606245265,,0
2018-02-12,2018-02-09,1,85ecd063ce81537029ac0bbe8d085f78269178948445f6292f3e29c02655ce38,v12_9ec6fd95111a8f36f8c6,False,False,False,518880,510500,510500,False,True,True,False,3.617806780343268,3.6204946011310417,3.6197705022108155,0.0007240989202262083,3,0,1399,1.7322340525979476,,0
2018-02-13,2018-02-12,1,85ecd063ce81537029ac0bbe8d085f78269178948445f6292f3e29c02655ce38,v12_9ec6fd95111a8f36f8c6,False,False,False,510500,510500,510500,False,False,False,False,3.6197705022108155,3.6421147645701417,3.6421147645701417,0.0,1,1,1399,1.7322340525979476,,0
2018-02-14,2018-02-13,1,85ecd063ce81537029ac0bbe8d085f78269178948445f6292f3e29c02655ce38,v12_9ec6fd95111a8f36f8c6,False,False,False,510500,510500,510500,False,False,False,False,3.6421147645701417,3.6541927442238316,3.6541927442238316,0.0,2,2,1399,1.742926855391762,,0
2018-02-22,2018-02-14,1,85ecd063ce81537029ac0bbe8d085f78269178948445f6292f3e29c02655ce38,v12_9ec6fd95111a8f36f8c6,False,False,False,510500,510500,510500,False,False,False,False,3.6541927442238316,3.7302840160420767,3.7302840160420767,0.0,3,3,1399,1.748706748793824,,0
2018-02-23,2018-02-22,1,85ecd063ce81537029ac0bbe8d085f78269178948445f6292f3e29c02655ce38,v12_9ec6fd95111a8f36f8c6,False,False,False,510500,510500,510500,False,False,False,False,3.7302840160420767,3.735719106886237,3.735719106886237,0.0,4,4,1399,1.7851200772268137,,0
2018-02-26,2018-02-23,1,85ecd063ce81537029ac0bbe8d085f78269178948445f6292f3e29c02655ce38,v12_9ec6fd95111a8f36f8c6,False,False,False,510500,513100,513100,False,False,True,False,3.735719106886237,3.8365702369945462,3.8358029229471473,0.0007673140473989093,5,0,1399,2.2988966900702152,,0
2018-02-27,2018-02-26,1,85ecd063ce81537029ac0bbe8d085f78269178948445f6292f3e29c02655ce38,v12_9ec6fd95111a8f36f8c6,False,False,False,513100,513100,513100,False,False,False,False,3.8358029229471473,3.882662644518928,3.882662644518928,0.0,1,1,1399,2.2988966900702152,,0
2018-02-28,2018-02-27,1,85ecd063ce81537029ac0bbe8d085f78269178948445f6292f3e29c02655ce38,v12_9ec6fd95111a8f36f8c6,False,False,False,513100,513100,513100,False,False,False,False,3.882662644518928,3.8257615540389094,3.8257615540389094,0.0,2,2,1399,2.32698094282849,,0
2018-03-01,2018-02-28,1,85ecd063ce81537029ac0bbe8d085f78269178948445f6292f3e29c02655ce38,v12_9ec6fd95111a8f36f8c6,False,False,False,513100,513100,513100,False,False,False,False,3.8257615540389094,3.8291086770083216,3.8291086770083216,0.0,3,3,1399,2.32698094282849,,0
2018-03-02,2018-03-01,1,85ecd063ce81537029ac0bbe8d085f78269178948445f6292f3e29c02655ce38,v12_9ec6fd95111a8f36f8c6,False,False,False,513100,513100,513100,False,False,False,False,3.8291086770083216,3.770534025043597,3.770534025043597,0.0,4,4,1399,2.32698094282849,,0
2018-03-05,2018-03-02,1,85ecd063ce81537029ac0bbe8d085f78269178948445f6292f3e29c02655ce38,v12_9ec6fd95111a8f36f8c6,False,False,False,513100,513100,513100,False,False,False,False,3.770534025043597,3.795637447314193,3.795637447314193,0.0,5,5,1399,2.32698094282849,,0
2018-03-06,2018-03-05,1,85ecd063ce81537029ac0bbe8d085f78269178948445f6292f3e29c02655ce38,v12_9ec6fd95111a8f36f8c6,False,False,False,513100,513100,513100,False,False,False,False,3.795637447314193,3.845844291855386,3.845844291855386,0.0,6,6,1399,2.32698094282849,,0
2018-03-07,2018-03-06,1,85ecd063ce81537029ac0bbe8d085f78269178948445f6292f3e29c02655ce38,v12_9ec6fd95111a8f36f8c6,False,False,False,513100,159915,159915,False,False,True,False,3.845844291855386,3.822414431069496,3.821649948183282,0.0007644828862138992,7,0,1399,2.1066499372647307,,0
2018-03-08,2018-03-07,1,85ecd063ce81537029ac0bbe8d085f78269178948445f6292f3e29c02655ce38,v12_9ec6fd95111a8f36f8c6,False,False,False,159915,159915,159915,False,False,False,False,3.821649948183282,3.8375829735777325,3.8375829735777325,0.0,1,1,1399,2.1066499372647307,,0
2018-03-09,2018-03-08,1,85ecd063ce81537029ac0bbe8d085f78269178948445f6292f3e29c02655ce38,v12_9ec6fd95111a8f36f8c6,False,False,False,159915,159915,159915,False,False,False,False,3.8375829735777325,3.9946370810373195,3.9946370810373195,0.0,2,2,1399,2.1154328732747683,,0
2018-03-12,2018-03-09,1,85ecd063ce81537029ac0bbe8d085f78269178948445f6292f3e29c02655ce38,v12_9ec6fd95111a8f36f8c6,False,False,False,159915,159915,159915,False,False,False,False,3.9946370810373195,4.044712303705594,4.044712303705594,0.0,3,3,1399,2.2020075282308533,,0
2018-03-13,2018-03-12,1,85ecd063ce81537029ac0bbe8d085f78269178948445f6292f3e29c02655ce38,v12_9ec6fd95111a8f36f8c6,False,False,False,159915,159915,159915,False,False,False,False,4.044712303705594,4.0219508388563785,4.0219508388563785,0.0,4,4,1399,2.2296110414052572,,0
2018-03-14,2018-03-13,1,85ecd063ce81537029ac0bbe8d085f78269178948445f6292f3e29c02655ce38,v12_9ec6fd95111a8f36f8c6,False,False,False,159915,159915,159915,False,False,False,False,4.0219508388563785,3.9627710302484185,3.9627710302484185,0.0,5,5,1399,2.2296110414052572,,0
2018-03-15,2018-03-14,1,85ecd063ce81537029ac0bbe8d085f78269178948445f6292f3e29c02655ce38,v12_9ec6fd95111a8f36f8c6,False,False,False,159915,159915,159915,False,False,False,False,3.9627710302484185,3.9650471767333397,3.9650471767333397,0.0,6,6,1399,2.2296110414052572,,0
2018-03-16,2018-03-15,1,85ecd063ce81537029ac0bbe8d085f78269178948445f6292f3e29c02655ce38,v12_9ec6fd95111a8f36f8c6,False,False,False,159915,159915,159915,False,False,False,False,3.9650471767333397,3.9058673681253797,3.9058673681253797,0.0,7,7,1399,2.2296110414052572,,0
2018-03-19,2018-03-16,1,85ecd063ce81537029ac0bbe8d085f78269178948445f6292f3e29c02655ce38,v12_9ec6fd95111a8f36f8c6,False,False,False,159915,159915,159915,False,False,False,False,3.9058673681253797,3.9513902978238105,3.9513902978238105,0.0,8,8,1399,2.2296110414052572,,0
2018-03-20,2018-03-19,1,85ecd063ce81537029ac0bbe8d085f78269178948445f6292f3e29c02655ce38,v12_9ec6fd95111a8f36f8c6,False,False,False,159915,159915,159915,False,False,False,False,3.9513902978238105,4.006017813461928,4.006017813461928,0.0,9,9,1399,2.2296110414052572,,0
2018-03-21,2018-03-20,1,85ecd063ce81537029ac0bbe8d085f78269178948445f6292f3e29c02655ce38,v12_9ec6fd95111a8f36f8c6,False,False,False,159915,159915,159915,False,False,False,False,4.006017813461928,3.9149719540650665,3.9149719540650665,0.0,10,10,1399,2.2296110414052572,,0
2018-03-22,2018-03-21,1,85ecd063ce81537029ac0bbe8d085f78269178948445f6292f3e29c02655ce38,v12_9ec6fd95111a8f36f8c6,False,False,False,159915,159915,159915,False,False,False,False,3.9149719540650665,3.8944866357007726,3.8944866357007726,0.0,11,11,1399,2.2296110414052572,,0
2018-03-23,2018-03-22,1,85ecd063ce81537029ac0bbe8d085f78269178948445f6292f3e29c02655ce38,v12_9ec6fd95111a8f36f8c6,False,False,False,159915,159915,159915,False,False,False,False,3.8944866357007726,3.691909598542755,3.691909598542755,0.0,12,12,1399,2.2296110414052572,,0
2018-03-26,2018-03-23,1,85ecd063ce81537029ac0bbe8d085f78269178948445f6292f3e29c02655ce38,v12_9ec6fd95111a8f36f8c6,False,False,False,159915,518880,518880,True,False,True,False,3.691909598542755,3.8079930692737536,3.807231470659899,0.0007615986138547507,13,0,1399,1.0426504188880443,,0
2018-03-27,2018-03-26,1,85ecd063ce81537029ac0bbe8d085f78269178948445f6292f3e29c02655ce38,v12_9ec6fd95111a8f36f8c6,False,False,False,518880,518880,518880,False,False,False,False,3.807231470659899,3.804450439636773,3.804450439636773,0.0,1,1,1399,1.0426504188880443,,0
2018-03-28,2018-03-27,1,85ecd063ce81537029ac0bbe8d085f78269178948445f6292f3e29c02655ce38,v12_9ec6fd95111a8f36f8c6,False,False,False,518880,518880,518880,False,False,False,False,3.804450439636773,3.7835927069633257,3.7835927069633257,0.0,2,2,1399,1.0426504188880443,,0
2018-03-29,2018-03-28,1,85ecd063ce81537029ac0bbe8d085f78269178948445f6292f3e29c02655ce38,v12_9ec6fd95111a8f36f8c6,False,False,False,518880,518880,518880,False,False,False,False,3.7835927069633257,3.737705695081742,3.737705695081742,0.0,3,3,1399,1.0426504188880443,,0
2018-03-30,2018-03-29,1,85ecd063ce81537029ac0bbe8d085f78269178948445f6292f3e29c02655ce38,v12_9ec6fd95111a8f36f8c6,False,False,False,518880,518880,518880,False,False,False,False,3.737705695081742,3.743267757127995,3.743267757127995,0.0,4,4,1399,1.0426504188880443,,0
2018-04-02,2018-03-30,1,85ecd063ce81537029ac0bbe8d085f78269178948445f6292f3e29c02655ce38,v12_9ec6fd95111a8f36f8c6,False,False,False,518880,518880,518880,False,False,False,False,3.743267757127995,3.7488298191742473,3.7488298191742473,0.0,5,5,1399,1.0426504188880443,,0
2018-04-03,2018-04-02,1,85ecd063ce81537029ac0bbe8d085f78269178948445f6292f3e29c02655ce38,v12_9ec6fd95111a8f36f8c6,False,False,False,518880,518880,518880,False,False,False,False,3.7488298191742473,3.7766401294055107,3.7766401294055107,0.0,6,6,1399,1.0426504188880443,,0
2018-04-04,2018-04-03,1,85ecd063ce81537029ac0bbe8d085f78269178948445f6292f3e29c02655ce38,v12_9ec6fd95111a8f36f8c6,False,False,False,518880,518880,518880,False,False,False,False,3.7766401294055107,3.7710780673592588,3.7710780673592588,0.0,7,7,1399,1.0426504188880443,,0
2018-04-09,2018-04-04,1,85ecd063ce81537029ac0bbe8d085f78269178948445f6292f3e29c02655ce38,v12_9ec6fd95111a8f36f8c6,False,False,False,518880,518880,518880,False,False,False,False,3.7710780673592588,3.7641254898014425,3.7641254898014425,0.0,8,8,1399,1.0426504188880443,,0
2018-04-10,2018-04-09,1,85ecd063ce81537029ac0bbe8d085f78269178948445f6292f3e29c02655ce38,v12_9ec6fd95111a8f36f8c6,False,False,False,518880,518880,518880,False,False,False,False,3.7641254898014425,3.768297036336132,3.768297036336132,0.0,9,9,1399,1.0426504188880443,,0
2018-04-11,2018-04-10,1,85ecd063ce81537029ac0bbe8d085f78269178948445f6292f3e29c02655ce38,v12_9ec6fd95111a8f36f8c6,False,False,False,518880,518880,518880,False,False,False,False,3.768297036336132,3.790545284521142,3.790545284521142,0.0,10,10,1399,1.0426504188880443,,0
2018-04-12,2018-04-11,1,85ecd063ce81537029ac0bbe8d085f78269178948445f6292f3e29c02655ce38,v12_9ec6fd95111a8f36f8c6,False,False,False,518880,518880,518880,False,False,False,False,3.790545284521142,3.8030599241252103,3.8030599241252103,0.0,11,11,1399,1.0426504188880443,,0
2018-04-13,2018-04-12,1,85ecd063ce81537029ac0bbe8d085f78269178948445f6292f3e29c02655ce38,v12_9ec6fd95111a8f36f8c6,False,False,False,518880,518880,518880,False,False,False,False,3.8030599241252103,3.7738590983823848,3.7738590983823848,0.0,12,12,1399,1.0426504188880443,,0
2018-04-16,2018-04-13,1,85ecd063ce81537029ac0bbe8d085f78269178948445f6292f3e29c02655ce38,v12_9ec6fd95111a8f36f8c6,False,False,False,518880,518880,518880,False,False,False,False,3.7738590983823848,3.78915476900958,3.78915476900958,0.0,13,13,1399,1.0426504188880443,,0
2018-04-17,2018-04-16,1,85ecd063ce81537029ac0bbe8d085f78269178948445f6292f3e29c02655ce38,v12_9ec6fd95111a8f36f8c6,False,False,False,518880,518880,518880,False,False,False,False,3.78915476900958,3.794716831055833,3.794716831055833,0.0,14,14,1399,1.0426504188880443,,0
2018-04-18,2018-04-17,1,85ecd063ce81537029ac0bbe8d085f78269178948445f6292f3e29c02655ce38,v12_9ec6fd95111a8f36f8c6,False,False,False,518880,518880,518880,False,False,False,False,3.794716831055833,3.7919358000327055,3.7919358000327055,0.0,15,15,1399,1.0426504188880443,,0
2018-04-19,2018-04-18,1,85ecd063ce81537029ac0bbe8d085f78269178948445f6292f3e29c02655ce38,v12_9ec6fd95111a8f36f8c6,False,False,False,518880,518880,518880,False,False,False,False,3.7919358000327055,3.8016694086136478,3.8016694086136478,0.0,16,16,1399,1.0426504188880443,,0
2018-04-20,2018-04-19,1,85ecd063ce81537029ac0bbe8d085f78269178948445f6292f3e29c02655ce38,v12_9ec6fd95111a8f36f8c6,False,False,False,518880,518880,518880,False,False,False,False,3.8016694086136478,3.78498322247489,3.78498322247489,0.0,17,17,1399,1.0426504188880443,,0
2018-04-23,2018-04-20,1,85ecd063ce81537029ac0bbe8d085f78269178948445f6292f3e29c02655ce38,v12_9ec6fd95111a8f36f8c6,False,False,False,518880,518880,518880,False,False,False,False,3.78498322247489,3.765516005313006,3.765516005313006,0.0,18,18,1399,1.0426504188880443,,0
2018-04-24,2018-04-23,1,85ecd063ce81537029ac0bbe8d085f78269178948445f6292f3e29c02655ce38,v12_9ec6fd95111a8f36f8c6,False,False,False,518880,513100,513100,False,False,True,False,3.765516005313006,3.7543918812205,3.753641002844256,0.0007508783762441001,19,0,1399,2.221664994984957,,0
2018-04-25,2018-04-24,1,85ecd063ce81537029ac0bbe8d085f78269178948445f6292f3e29c02655ce38,v12_9ec6fd95111a8f36f8c6,False,False,False,513100,513100,513100,False,False,False,False,3.753641002844256,3.6790765766026543,3.6790765766026543,0.0,1,1,1399,2.221664994984957,,0
2018-04-26,2018-04-25,1,85ecd063ce81537029ac0bbe8d085f78269178948445f6292f3e29c02655ce38,v12_9ec6fd95111a8f36f8c6,False,False,False,513100,513100,513100,False,False,False,False,3.6790765766026543,3.6790765766026543,3.6790765766026543,0.0,2,2,1399,2.221664994984957,,0
2018-04-27,2018-04-26,1,85ecd063ce81537029ac0bbe8d085f78269178948445f6292f3e29c02655ce38,v12_9ec6fd95111a8f36f8c6,False,False,False,513100,513100,513100,False,False,False,False,3.6790765766026543,3.784144631761275,3.784144631761275,0.0,3,3,1399,2.221664994984957,,0
2018-05-02,2018-04-27,1,85ecd063ce81537029ac0bbe8d085f78269178948445f6292f3e29c02655ce38,v12_9ec6fd95111a8f36f8c6,False,False,False,513100,513100,513100,False,False,False,False,3.784144631761275,3.7807553396593834,3.7807553396593834,0.0,4,4,1399,2.2397191574724196,,0
2018-05-03,2018-05-02,1,85ecd063ce81537029ac0bbe8d085f78269178948445f6292f3e29c02655ce38,v12_9ec6fd95111a8f36f8c6,False,False,False,513100,513100,513100,False,False,False,False,3.7807553396593834,3.763808879149929,3.763808879149929,0.0,5,5,1399,2.2397191574724196,,0
2018-05-04,2018-05-03,1,85ecd063ce81537029ac0bbe8d085f78269178948445f6292f3e29c02655ce38,v12_9ec6fd95111a8f36f8c6,False,False,False,513100,513100,513100,False,False,False,False,3.763808879149929,3.7756714015065476,3.7756714015065476,0.0,6,6,1399,2.2397191574724196,,0
2018-05-07,2018-05-04,1,85ecd063ce81537029ac0bbe8d085f78269178948445f6292f3e29c02655ce38,v12_9ec6fd95111a8f36f8c6,False,False,False,513100,513100,513100,False,False,False,False,3.7756714015065476,3.846846535646258,3.846846535646258,0.0,7,7,1399,2.2397191574724196,,0
2018-05-08,2018-05-07,1,85ecd063ce81537029ac0bbe8d085f78269178948445f6292f3e29c02655ce38,v12_9ec6fd95111a8f36f8c6,False,False,False,513100,513100,513100,False,False,False,False,3.846846535646258,3.8536251198500397,3.8536251198500397,0.0,8,8,1399,2.276830491474426,,0
2018-05-09,2018-05-08,1,85ecd063ce81537029ac0bbe8d085f78269178948445f6292f3e29c02655ce38,v12_9ec6fd95111a8f36f8c6,False,False,False,513100,513100,513100,False,False,False,False,3.8536251198500397,3.8502358277481483,3.8502358277481483,0.0,9,9,1399,2.280842527582751,,0
2018-05-10,2018-05-09,1,85ecd063ce81537029ac0bbe8d085f78269178948445f6292f3e29c02655ce38,v12_9ec6fd95111a8f36f8c6,False,False,False,513100,513100,513100,False,False,False,False,3.8502358277481483,3.904464501378404,3.904464501378404,0.0,10,10,1399,2.280842527582751,,0
2018-05-11,2018-05-10,1,85ecd063ce81537029ac0bbe8d085f78269178948445f6292f3e29c02655ce38,v12_9ec6fd95111a8f36f8c6,False,False,False,513100,513100,513100,False,False,False,False,3.904464501378404,3.9264949000406957,3.9264949000406957,0.0,11,11,1399,2.310932798395188,,0
2018-05-14,2018-05-11,1,85ecd063ce81537029ac0bbe8d085f78269178948445f6292f3e29c02655ce38,v12_9ec6fd95111a8f36f8c6,False,False,False,513100,513100,513100,False,False,False,False,3.9264949000406957,3.9231056079388043,3.9231056079388043,0.0,12,12,1399,2.323971915747244,,0
2018-05-15,2018-05-14,1,85ecd063ce81537029ac0bbe8d085f78269178948445f6292f3e29c02655ce38,v12_9ec6fd95111a8f36f8c6,False,False,False,513100,513100,513100,False,False,False,False,3.9231056079388043,3.9163270237350223,3.9163270237350223,0.0,13,13,1399,2.323971915747244,,0
2018-05-16,2018-05-15,1,85ecd063ce81537029ac0bbe8d085f78269178948445f6292f3e29c02655ce38,v12_9ec6fd95111a8f36f8c6,False,False,False,513100,513100,513100,False,False,False,False,3.9163270237350223,3.879044810614222,3.879044810614222,0.0,14,14,1399,2.323971915747244,,0
2018-05-17,2018-05-16,1,85ecd063ce81537029ac0bbe8d085f78269178948445f6292f3e29c02655ce38,v12_9ec6fd95111a8f36f8c6,False,False,False,513100,513100,513100,False,False,False,False,3.879044810614222,3.912937731633132,3.912937731633132,0.0,15,15,1399,2.323971915747244,,0
2018-05-18,2018-05-17,1,85ecd063ce81537029ac0bbe8d085f78269178948445f6292f3e29c02655ce38,v12_9ec6fd95111a8f36f8c6,False,False,False,513100,513100,513100,False,False,False,False,3.912937731633132,3.911243085582186,3.911243085582186,0.0,16,16,1399,2.323971915747244,,0
2018-05-21,2018-05-18,1,85ecd063ce81537029ac0bbe8d085f78269178948445f6292f3e29c02655ce38,v12_9ec6fd95111a8f36f8c6,False,False,False,513100,513100,513100,False,False,False,False,3.911243085582186,3.9383574223973135,3.9383574223973135,0.0,17,17,1399,2.323971915747244,,0
2018-05-22,2018-05-21,1,85ecd063ce81537029ac0bbe8d085f78269178948445f6292f3e29c02655ce38,v12_9ec6fd95111a8f36f8c6,False,False,False,513100,513100,513100,False,False,False,False,3.9383574223973135,3.924800253989749,3.924800253989749,0.0,18,18,1399,2.3309929789368122,,0
2018-05-23,2018-05-22,1,85ecd063ce81537029ac0bbe8d085f78269178948445f6292f3e29c02655ce38,v12_9ec6fd95111a8f36f8c6,False,False,False,513100,513100,513100,False,False,False,False,3.924800253989749,3.8942966250727302,3.8942966250727302,0.0,19,19,1399,2.3309929789368122,,0
2018-05-24,2018-05-23,1,85ecd063ce81537029ac0bbe8d085f78269178948445f6292f3e29c02655ce38,v12_9ec6fd95111a8f36f8c6,False,False,False,513100,513100,513100,False,False,False,False,3.8942966250727302,3.9366627763463673,3.9366627763463673,0.0,20,20,1399,2.3309929789368122,,0
2018-05-25,2018-05-24,1,85ecd063ce81537029ac0bbe8d085f78269178948445f6292f3e29c02655ce38,v12_9ec6fd95111a8f36f8c6,False,False,False,513100,513100,513100,False,False,False,False,3.9366627763463673,3.9434413605501493,3.9434413605501493,0.0,21,21,1399,2.3309929789368122,,0
2018-05-28,2018-05-25,1,85ecd063ce81537029ac0bbe8d085f78269178948445f6292f3e29c02655ce38,v12_9ec6fd95111a8f36f8c6,False,False,False,513100,513100,513100,False,False,False,False,3.9434413605501493,3.960387821059605,3.960387821059605,0.0,22,22,1399,2.3340020060180557,,0
2018-05-29,2018-05-28,1,85ecd063ce81537029ac0bbe8d085f78269178948445f6292f3e29c02655ce38,v12_9ec6fd95111a8f36f8c6,False,False,False,513100,513100,513100,False,False,False,False,3.960387821059605,3.9569985289577136,3.9569985289577136,0.0,23,23,1399,2.3440320962888688,,0
2018-05-30,2018-05-29,1,85ecd063ce81537029ac0bbe8d085f78269178948445f6292f3e29c02655ce38,v12_9ec6fd95111a8f36f8c6,False,False,False,513100,513100,513100,False,False,False,False,3.9569985289577136,3.9298841921425858,3.9298841921425858,0.0,24,24,1399,2.3440320962888688,,0
2018-05-31,2018-05-30,1,85ecd063ce81537029ac0bbe8d085f78269178948445f6292f3e29c02655ce38,v12_9ec6fd95111a8f36f8c6,False,False,False,513100,513100,513100,False,False,False,False,3.9298841921425858,3.982418219721896,3.982418219721896,0.0,25,25,1399,2.3440320962888688,,0
2018-06-01,2018-05-31,1,85ecd063ce81537029ac0bbe8d085f78269178948445f6292f3e29c02655ce38,v12_9ec6fd95111a8f36f8c6,False,False,False,513100,513100,513100,False,False,False,False,3.982418219721896,3.9671664052633866,3.9671664052633866,0.0,26,26,1399,2.3570712136409244,,0
2018-06-04,2018-06-01,1,85ecd063ce81537029ac0bbe8d085f78269178948445f6292f3e29c02655ce38,v12_9ec6fd95111a8f36f8c6,False,False,False,513100,513100,513100,False,False,False,False,3.9671664052633866,4.040036185454042,4.040036185454042,0.0,27,27,1399,2.3570712136409244,,0
2018-06-05,2018-06-04,1,85ecd063ce81537029ac0bbe8d085f78269178948445f6292f3e29c02655ce38,v12_9ec6fd95111a8f36f8c6,False,False,False,513100,513100,513100,False,False,False,False,4.040036185454042,4.090875566982407,4.090875566982407,0.0,28,28,1399,2.391173520561687,,0
2018-06-06,2018-06-05,1,85ecd063ce81537029ac0bbe8d085f78269178948445f6292f3e29c02655ce38,v12_9ec6fd95111a8f36f8c6,False,False,False,513100,513100,513100,False,False,False,False,4.090875566982407,4.10104344328808,4.10104344328808,0.0,29,29,1399,2.421263791374124,,0
2018-06-07,2018-06-06,1,85ecd063ce81537029ac0bbe8d085f78269178948445f6292f3e29c02655ce38,v12_9ec6fd95111a8f36f8c6,False,False,False,513100,513100,513100,False,False,False,False,4.10104344328808,4.133241718256044,4.133241718256044,0.0,30,30,1399,2.427281845536611,,0
2018-06-08,2018-06-07,1,85ecd063ce81537029ac0bbe8d085f78269178948445f6292f3e29c02655ce38,v12_9ec6fd95111a8f36f8c6,False,False,False,513100,513100,513100,False,False,False,False,4.133241718256044,4.075623752523898,4.075623752523898,0.0,31,31,1399,2.4463390170511548,,0
2018-06-11,2018-06-08,1,85ecd063ce81537029ac0bbe8d085f78269178948445f6292f3e29c02655ce38,v12_9ec6fd95111a8f36f8c6,False,False,False,513100,513100,513100,False,False,False,False,4.075623752523898,4.119684549848481,4.119684549848481,0.0,32,32,1399,2.4463390170511548,,0
2018-06-12,2018-06-11,1,85ecd063ce81537029ac0bbe8d085f78269178948445f6292f3e29c02655ce38,v12_9ec6fd95111a8f36f8c6,False,False,False,513100,513100,513100,False,False,False,False,4.119684549848481,4.1315470722051,4.1315470722051,0.0,33,33,1399,2.4463390170511548,,0
2018-06-13,2018-06-12,1,85ecd063ce81537029ac0bbe8d085f78269178948445f6292f3e29c02655ce38,v12_9ec6fd95111a8f36f8c6,False,False,False,513100,513100,513100,False,False,False,False,4.1315470722051,4.153577470867392,4.153577470867392,0.0,34,34,1399,2.4463390170511548,,0
2018-06-14,2018-06-13,1,85ecd063ce81537029ac0bbe8d085f78269178948445f6292f3e29c02655ce38,v12_9ec6fd95111a8f36f8c6,False,False,False,513100,513100,513100,False,False,False,False,4.153577470867392,4.1281577801032086,4.1281577801032086,0.0,35,35,1399,2.45837512537613,,0
2018-06-15,2018-06-14,1,85ecd063ce81537029ac0bbe8d085f78269178948445f6292f3e29c02655ce38,v12_9ec6fd95111a8f36f8c6,False,False,False,513100,513100,513100,False,False,False,False,4.1281577801032086,4.189165037937246,4.189165037937246,0.0,36,36,1399,2.45837512537613,,0
2018-06-19,2018-06-15,1,85ecd063ce81537029ac0bbe8d085f78269178948445f6292f3e29c02655ce38,v12_9ec6fd95111a8f36f8c6,False,False,False,513100,513100,513100,False,False,False,False,4.189165037937246,4.138325656408883,4.138325656408883,0.0,37,37,1399,2.4794383149448365,,0
2018-06-20,2018-06-19,1,85ecd063ce81537029ac0bbe8d085f78269178948445f6292f3e29c02655ce38,v12_9ec6fd95111a8f36f8c6,False,False,False,513100,510500,510500,False,True,True,False,4.138325656408883,4.165439993224011,4.164606905225366,0.0008330879986448022,38,0,1481,1.5857137548556777,,0
2018-06-21,2018-06-20,1,85ecd063ce81537029ac0bbe8d085f78269178948445f6292f3e29c02655ce38,v12_9ec6fd95111a8f36f8c6,False,False,False,510500,510500,510500,False,False,False,False,4.164606905225366,4.090984366532663,4.090984366532663,0.0,1,1,1481,1.5857137548556777,,0
2018-06-22,2018-06-21,1,85ecd063ce81537029ac0bbe8d085f78269178948445f6292f3e29c02655ce38,v12_9ec6fd95111a8f36f8c6,False,False,False,510500,510500,510500,False,False,False,False,4.090984366532663,4.14411403363049,4.14411403363049,0.0,2,2,1481,1.5857137548556777,,0
2018-06-25,2018-06-22,1,85ecd063ce81537029ac0bbe8d085f78269178948445f6292f3e29c02655ce38,v12_9ec6fd95111a8f36f8c6,False,False,False,510500,510500,510500,False,False,False,False,4.14411403363049,4.106164271417756,4.106164271417756,0.0,3,3,1481,1.5857137548556777,,0
2018-06-26,2018-06-25,1,85ecd063ce81537029ac0bbe8d085f78269178948445f6292f3e29c02655ce38,v12_9ec6fd95111a8f36f8c6,False,False,False,510500,510500,510500,False,False,False,False,4.106164271417756,4.1418370478977256,4.1418370478977256,0.0,4,4,1481,1.5857137548556777,,0
2018-06-27,2018-06-26,1,85ecd063ce81537029ac0bbe8d085f78269178948445f6292f3e29c02655ce38,v12_9ec6fd95111a8f36f8c6,False,False,False,510500,513100,513100,False,False,True,False,4.1418370478977256,4.08567139982288,4.084854265542916,0.0008171342799645761,5,0,1481,2.420260782347043,,0
2018-06-28,2018-06-27,1,85ecd063ce81537029ac0bbe8d085f78269178948445f6292f3e29c02655ce38,v12_9ec6fd95111a8f36f8c6,False,False,False,513100,513100,513100,False,False,False,False,4.084854265542916,4.056075764708175,4.056075764708175,0.0,1,1,1481,2.420260782347043,,0
2018-06-29,2018-06-28,1,85ecd063ce81537029ac0bbe8d085f78269178948445f6292f3e29c02655ce38,v12_9ec6fd95111a8f36f8c6,False,False,False,513100,513100,513100,False,False,False,False,4.056075764708175,4.145796973192955,4.145796973192955,0.0,2,2,1481,2.420260782347043,,0
2018-07-02,2018-06-29,1,85ecd063ce81537029ac0bbe8d085f78269178948445f6292f3e29c02655ce38,v12_9ec6fd95111a8f36f8c6,False,False,False,513100,513100,513100,False,False,False,False,4.145796973192955,4.125482737309609,4.125482737309609,0.0,3,3,1481,2.456369107321968,,0
2018-07-03,2018-07-02,1,85ecd063ce81537029ac0bbe8d085f78269178948445f6292f3e29c02655ce38,v12_9ec6fd95111a8f36f8c6,False,False,False,513100,513100,513100,False,False,False,False,4.125482737309609,4.2372110346680145,4.2372110346680145,0.0,4,4,1481,2.456369107321968,,0
2018-07-04,2018-07-03,1,85ecd063ce81537029ac0bbe8d085f78269178948445f6292f3e29c02655ce38,v12_9ec6fd95111a8f36f8c6,False,False,False,513100,513100,513100,False,False,False,False,4.2372110346680145,4.162725503095744,4.162725503095744,0.0,5,5,1481,2.5105315947843554,,0
2018-07-05,2018-07-04,1,85ecd063ce81537029ac0bbe8d085f78269178948445f6292f3e29c02655ce38,v12_9ec6fd95111a8f36f8c6,False,False,False,513100,513100,513100,False,False,False,False,4.162725503095744,4.164418356086022,4.164418356086022,0.0,6,6,1481,2.5105315947843554,,0
2018-07-06,2018-07-05,1,85ecd063ce81537029ac0bbe8d085f78269178948445f6292f3e29c02655ce38,v12_9ec6fd95111a8f36f8c6,False,False,False,513100,513100,513100,False,False,False,False,4.164418356086022,4.22705391672634,4.22705391672634,0.0,7,7,1481,2.5105315947843554,,0
2018-07-09,2018-07-06,1,85ecd063ce81537029ac0bbe8d085f78269178948445f6292f3e29c02655ce38,v12_9ec6fd95111a8f36f8c6,False,False,False,513100,513100,513100,False,False,False,False,4.22705391672634,4.357403596977813,4.357403596977813,0.0,8,8,1481,2.5105315947843554,,0
2018-07-10,2018-07-09,1,85ecd063ce81537029ac0bbe8d085f78269178948445f6292f3e29c02655ce38,v12_9ec6fd95111a8f36f8c6,False,False,False,513100,513100,513100,False,False,False,False,4.357403596977813,4.4081891866861795,4.4081891866861795,0.0,9,9,1481,2.581745235707123,,0
2018-07-11,2018-07-10,1,85ecd063ce81537029ac0bbe8d085f78269178948445f6292f3e29c02655ce38,v12_9ec6fd95111a8f36f8c6,False,False,False,513100,513100,513100,False,False,False,False,4.4081891866861795,4.323546537172236,4.323546537172236,0.0,10,10,1481,2.6118355065195606,,0
2018-07-12,2018-07-11,1,85ecd063ce81537029ac0bbe8d085f78269178948445f6292f3e29c02655ce38,v12_9ec6fd95111a8f36f8c6,False,False,False,513100,513100,513100,False,False,False,False,4.323546537172236,4.364175008938929,4.364175008938929,0.0,11,11,1481,2.6118355065195606,,0
2018-07-13,2018-07-12,1,85ecd063ce81537029ac0bbe8d085f78269178948445f6292f3e29c02655ce38,v12_9ec6fd95111a8f36f8c6,False,False,False,513100,513100,513100,False,False,False,False,4.364175008938929,4.406496333695902,4.406496333695902,0.0,12,12,1481,2.6118355065195606,,0
2018-07-16,2018-07-13,1,85ecd063ce81537029ac0bbe8d085f78269178948445f6292f3e29c02655ce38,v12_9ec6fd95111a8f36f8c6,False,False,False,513100,513100,513100,False,False,False,False,4.406496333695902,4.374332126880603,4.374332126880603,0.0,13,13,1481,2.6118355065195606,,0
2018-07-17,2018-07-16,1,85ecd063ce81537029ac0bbe8d085f78269178948445f6292f3e29c02655ce38,v12_9ec6fd95111a8f36f8c6,False,False,False,513100,513100,513100,False,False,False,False,4.374332126880603,4.332010802123631,4.332010802123631,0.0,14,14,1481,2.6118355065195606,,0
2018-07-18,2018-07-17,1,85ecd063ce81537029ac0bbe8d085f78269178948445f6292f3e29c02655ce38,v12_9ec6fd95111a8f36f8c6,False,False,False,513100,513100,513100,False,False,False,False,4.332010802123631,4.39295350977367,4.39295350977367,0.0,15,15,1481,2.6118355065195606,,0
2018-07-19,2018-07-18,1,85ecd063ce81537029ac0bbe8d085f78269178948445f6292f3e29c02655ce38,v12_9ec6fd95111a8f36f8c6,False,False,False,513100,513100,513100,False,False,False,False,4.39295350977367,4.413267745657016,4.413267745657016,0.0,16,16,1481,2.6118355065195606,,0
2018-07-20,2018-07-19,1,85ecd063ce81537029ac0bbe8d085f78269178948445f6292f3e29c02655ce38,v12_9ec6fd95111a8f36f8c6,False,False,False,513100,513100,513100,False,False,False,False,4.413267745657016,4.418346304627852,4.418346304627852,0.0,17,17,1481,2.614844533600804,,0
2018-07-23,2018-07-20,1,85ecd063ce81537029ac0bbe8d085f78269178948445f6292f3e29c02655ce38,v12_9ec6fd95111a8f36f8c6,False,False,False,513100,513100,513100,False,False,False,False,4.418346304627852,4.404803480705621,4.404803480705621,0.0,18,18,1481,2.6178535606820477,,0
2018-07-24,2018-07-23,1,85ecd063ce81537029ac0bbe8d085f78269178948445f6292f3e29c02655ce38,v12_9ec6fd95111a8f36f8c6,False,False,False,513100,513100,513100,False,False,False,False,4.404803480705621,4.470824747326498,4.470824747326498,0.0,19,19,1481,2.6178535606820477,,0
2018-07-25,2018-07-24,1,85ecd063ce81537029ac0bbe8d085f78269178948445f6292f3e29c02655ce38,v12_9ec6fd95111a8f36f8c6,False,False,False,513100,513100,513100,False,False,False,False,4.470824747326498,4.486060424239008,4.486060424239008,0.0,20,20,1481,2.6489468405215666,,0
2018-07-26,2018-07-25,1,85ecd063ce81537029ac0bbe8d085f78269178948445f6292f3e29c02655ce38,v12_9ec6fd95111a8f36f8c6,False,False,False,513100,513100,513100,False,False,False,False,4.486060424239008,4.496217542180681,4.496217542180681,0.0,21,21,1481,2.657973921765298,,0
2018-07-27,2018-07-26,1,85ecd063ce81537029ac0bbe8d085f78269178948445f6292f3e29c02655ce38,v12_9ec6fd95111a8f36f8c6,False,False,False,513100,513100,513100,False,False,False,False,4.496217542180681,4.499603248161239,4.499603248161239,0.0,22,22,1481,2.6639919759277855,,0
2018-07-30,2018-07-27,1,85ecd063ce81537029ac0bbe8d085f78269178948445f6292f3e29c02655ce38,v12_9ec6fd95111a8f36f8c6,False,False,False,513100,513100,513100,False,False,False,False,4.499603248161239,4.479289012277892,4.479289012277892,0.0,23,23,1481,2.665997993981948,,0
2018-07-31,2018-07-30,1,85ecd063ce81537029ac0bbe8d085f78269178948445f6292f3e29c02655ce38,v12_9ec6fd95111a8f36f8c6,False,False,False,513100,513100,513100,False,False,False,False,4.479289012277892,4.374332126880603,4.374332126880603,0.0,24,24,1481,2.665997993981948,,0
2018-08-01,2018-07-31,1,85ecd063ce81537029ac0bbe8d085f78269178948445f6292f3e29c02655ce38,v12_9ec6fd95111a8f36f8c6,False,False,False,513100,518880,518880,True,False,True,False,4.374332126880603,4.430196275559806,4.429310236304694,0.0008860392551119612,25,0,1481,1.0175171363290179,,0
2018-08-02,2018-08-01,1,85ecd063ce81537029ac0bbe8d085f78269178948445f6292f3e29c02655ce38,v12_9ec6fd95111a8f36f8c6,False,False,False,518880,513100,513100,False,False,True,False,4.429310236304694,4.416048828411567,4.415165618645885,0.0008832097656823134,1,0,1481,2.630892678034105,,0
2018-08-03,2018-08-02,1,85ecd063ce81537029ac0bbe8d085f78269178948445f6292f3e29c02655ce38,v12_9ec6fd95111a8f36f8c6,False,False,False,513100,513100,513100,False,False,False,False,4.415165618645885,4.548142394807922,4.548142394807922,0.0,1,1,1481,2.630892678034105,,0
2018-08-06,2018-08-03,1,85ecd063ce81537029ac0bbe8d085f78269178948445f6292f3e29c02655ce38,v12_9ec6fd95111a8f36f8c6,False,False,False,513100,513100,513100,False,False,False,False,4.548142394807922,4.659236916664813,4.659236916664813,0.0,2,2,1481,2.710130391173523,,0
2018-08-07,2018-08-06,1,85ecd063ce81537029ac0bbe8d085f78269178948445f6292f3e29c02655ce38,v12_9ec6fd95111a8f36f8c6,False,False,False,513100,159915,159915,False,True,True,False,4.659236916664813,4.635671412028503,4.634744277746098,0.0009271342824057006,3,0,1515,1.7716436637390085,,0
2018-08-08,2018-08-07,1,85ecd063ce81537029ac0bbe8d085f78269178948445f6292f3e29c02655ce38,v12_9ec6fd95111a8f36f8c6,False,False,False,159915,159915,159915,False,False,False,False,4.634744277746098,4.532989977030709,4.532989977030709,0.0,1,1,1515,1.7716436637390085,,0
2018-08-09,2018-08-08,1,85ecd063ce81537029ac0bbe8d085f78269178948445f6292f3e29c02655ce38,v12_9ec6fd95111a8f36f8c6,False,False,False,159915,159915,159915,False,False,False,False,4.532989977030709,4.680697832907887,4.680697832907887,0.0,2,2,1515,1.7716436637390085,,0
2018-08-10,2018-08-09,1,85ecd063ce81537029ac0bbe8d085f78269178948445f6292f3e29c02655ce38,v12_9ec6fd95111a8f36f8c6,False,False,False,159915,159915,159915,False,False,False,False,4.680697832907887,4.716804197677864,4.716804197677864,0.0,3,3,1515,1.7892095357590838,,0
2018-08-13,2018-08-10,1,85ecd063ce81537029ac0bbe8d085f78269178948445f6292f3e29c02655ce38,v12_9ec6fd95111a8f36f8c6,False,False,False,159915,159915,159915,False,False,False,False,4.716804197677864,4.785734530420546,4.785734530420546,0.0,4,4,1515,1.8030112923462858,,0
2018-08-14,2018-08-13,1,85ecd063ce81537029ac0bbe8d085f78269178948445f6292f3e29c02655ce38,v12_9ec6fd95111a8f36f8c6,False,False,False,159915,513100,513100,False,False,True,False,4.785734530420546,4.746345768853299,4.745396499699528,0.0009492691537706598,5,0,1515,2.6870611835506546,,0
2018-08-15,2018-08-14,1,85ecd063ce81537029ac0bbe8d085f78269178948445f6292f3e29c02655ce38,v12_9ec6fd95111a8f36f8c6,False,False,False,513100,513100,513100,False,False,False,False,4.745396499699528,4.800307769386235,4.800307769386235,0.0,1,1,1515,2.6870611835506546,,0
2018-08-16,2018-08-15,1,85ecd063ce81537029ac0bbe8d085f78269178948445f6292f3e29c02655ce38,v12_9ec6fd95111a8f36f8c6,False,False,False,513100,513100,513100,False,False,False,False,4.800307769386235,4.7152838679358515,4.7152838679358515,0.0,2,2,1515,2.7181544633901735,,0
2018-08-17,2018-08-16,1,85ecd063ce81537029ac0bbe8d085f78269178948445f6292f3e29c02655ce38,v12_9ec6fd95111a8f36f8c6,False,False,False,513100,513100,513100,False,False,False,False,4.7152838679358515,4.7259118556171495,4.7259118556171495,0.0,3,3,1515,2.7181544633901735,,0
2018-08-20,2018-08-17,1,85ecd063ce81537029ac0bbe8d085f78269178948445f6292f3e29c02655ce38,v12_9ec6fd95111a8f36f8c6,False,False,False,513100,513100,513100,False,False,False,False,4.7259118556171495,4.702884548974337,4.702884548974337,0.0,4,4,1515,2.7181544633901735,,0
2018-08-21,2018-08-20,1,85ecd063ce81537029ac0bbe8d085f78269178948445f6292f3e29c02655ce38,v12_9ec6fd95111a8f36f8c6,False,False,False,513100,513100,513100,False,False,False,False,4.702884548974337,4.67277191721066,4.67277191721066,0.0,5,5,1515,2.7181544633901735,,0
2018-08-22,2018-08-21,1,85ecd063ce81537029ac0bbe8d085f78269178948445f6292f3e29c02655ce38,v12_9ec6fd95111a8f36f8c6,False,False,False,513100,513100,513100,False,False,False,False,4.67277191721066,4.669229254650228,4.669229254650228,0.0,6,6,1515,2.7181544633901735,,0
2018-08-23,2018-08-22,1,85ecd063ce81537029ac0bbe8d085f78269178948445f6292f3e29c02655ce38,v12_9ec6fd95111a8f36f8c6,False,False,False,513100,513100,513100,False,False,False,False,4.669229254650228,4.7205978617765005,4.7205978617765005,0.0,7,7,1515,2.7181544633901735,,0
2018-08-24,2018-08-23,1,85ecd063ce81537029ac0bbe8d085f78269178948445f6292f3e29c02655ce38,v12_9ec6fd95111a8f36f8c6,False,False,False,513100,513100,513100,False,False,False,False,4.7205978617765005,4.722369193056717,4.722369193056717,0.0,8,8,1515,2.7181544633901735,,0
2018-08-27,2018-08-24,1,85ecd063ce81537029ac0bbe8d085f78269178948445f6292f3e29c02655ce38,v12_9ec6fd95111a8f36f8c6,False,False,False,513100,513100,513100,False,False,False,False,4.722369193056717,4.743625168419313,4.743625168419313,0.0,9,9,1515,2.7181544633901735,,0
2018-08-28,2018-08-27,1,85ecd063ce81537029ac0bbe8d085f78269178948445f6292f3e29c02655ce38,v12_9ec6fd95111a8f36f8c6,False,False,False,513100,513100,513100,False,False,False,False,4.743625168419313,4.791451112985154,4.791451112985154,0.0,10,10,1515,2.7181544633901735,,0
2018-08-29,2018-08-28,1,85ecd063ce81537029ac0bbe8d085f78269178948445f6292f3e29c02655ce38,v12_9ec6fd95111a8f36f8c6,False,False,False,513100,513100,513100,False,False,False,False,4.791451112985154,4.796765106825803,4.796765106825803,0.0,11,11,1515,2.7181544633901735,,0
2018-08-30,2018-08-29,1,85ecd063ce81537029ac0bbe8d085f78269178948445f6292f3e29c02655ce38,v12_9ec6fd95111a8f36f8c6,False,False,False,513100,513100,513100,False,False,False,False,4.796765106825803,4.867618358034456,4.867618358034456,0.0,12,12,1515,2.7181544633901735,,0
2018-08-31,2018-08-30,1,85ecd063ce81537029ac0bbe8d085f78269178948445f6292f3e29c02655ce38,v12_9ec6fd95111a8f36f8c6,False,False,False,513100,513100,513100,False,False,False,False,4.867618358034456,4.853447707792725,4.853447707792725,0.0,13,13,1515,2.756268806419261,,0
2018-09-03,2018-08-31,1,85ecd063ce81537029ac0bbe8d085f78269178948445f6292f3e29c02655ce38,v12_9ec6fd95111a8f36f8c6,False,False,False,513100,513100,513100,False,False,False,False,4.853447707792725,4.856990370353157,4.856990370353157,0.0,14,14,1515,2.756268806419261,,0
2018-09-04,2018-09-03,1,85ecd063ce81537029ac0bbe8d085f78269178948445f6292f3e29c02655ce38,v12_9ec6fd95111a8f36f8c6,False,False,False,513100,513100,513100,False,False,False,False,4.856990370353157,4.878246345715752,4.878246345715752,0.0,15,15,1515,2.756268806419261,,0
2018-09-05,2018-09-04,1,85ecd063ce81537029ac0bbe8d085f78269178948445f6292f3e29c02655ce38,v12_9ec6fd95111a8f36f8c6,False,False,False,513100,513100,513100,False,False,False,False,4.878246345715752,4.832191732430128,4.832191732430128,0.0,16,16,1515,2.762286860581748,,0
2018-09-06,2018-09-05,1,85ecd063ce81537029ac0bbe8d085f78269178948445f6292f3e29c02655ce38,v12_9ec6fd95111a8f36f8c6,False,False,False,513100,513100,513100,False,False,False,False,4.832191732430128,4.75425315610061,4.75425315610061,0.0,17,17,1515,2.762286860581748,,0
2018-09-07,2018-09-06,1,85ecd063ce81537029ac0bbe8d085f78269178948445f6292f3e29c02655ce38,v12_9ec6fd95111a8f36f8c6,False,False,False,513100,513100,513100,False,False,False,False,4.75425315610061,4.715283867935851,4.715283867935851,0.0,18,18,1515,2.762286860581748,,0
2018-09-10,2018-09-07,1,85ecd063ce81537029ac0bbe8d085f78269178948445f6292f3e29c02655ce38,v12_9ec6fd95111a8f36f8c6,False,False,False,513100,513100,513100,False,False,False,False,4.715283867935851,4.747167830979745,4.747167830979745,0.0,19,19,1515,2.762286860581748,,0
2018-09-11,2018-09-10,1,85ecd063ce81537029ac0bbe8d085f78269178948445f6292f3e29c02655ce38,v12_9ec6fd95111a8f36f8c6,False,False,False,513100,513100,513100,False,False,False,False,4.747167830979745,4.770195137622557,4.770195137622557,0.0,20,20,1515,2.762286860581748,,0
2018-09-12,2018-09-11,1,85ecd063ce81537029ac0bbe8d085f78269178948445f6292f3e29c02655ce38,v12_9ec6fd95111a8f36f8c6,False,False,False,513100,513100,513100,False,False,False,False,4.770195137622557,4.82156374474883,4.82156374474883,0.0,21,21,1515,2.762286860581748,,0
2018-09-13,2018-09-12,1,85ecd063ce81537029ac0bbe8d085f78269178948445f6292f3e29c02655ce38,v12_9ec6fd95111a8f36f8c6,False,False,False,513100,513100,513100,False,False,False,False,4.82156374474883,4.773737800182989,4.773737800182989,0.0,22,22,1515,2.762286860581748,,0
2018-09-14,2018-09-13,1,85ecd063ce81537029ac0bbe8d085f78269178948445f6292f3e29c02655ce38,v12_9ec6fd95111a8f36f8c6,False,False,False,513100,513100,513100,False,False,False,False,4.773737800182989,4.82156374474883,4.82156374474883,0.0,23,23,1515,2.762286860581748,,0
2018-09-17,2018-09-14,1,85ecd063ce81537029ac0bbe8d085f78269178948445f6292f3e29c02655ce38,v12_9ec6fd95111a8f36f8c6,False,False,False,513100,513100,513100,False,False,False,False,4.82156374474883,4.798536438106018,4.798536438106018,0.0,24,24,1515,2.762286860581748,,0
2018-09-18,2018-09-17,1,85ecd063ce81537029ac0bbe8d085f78269178948445f6292f3e29c02655ce38,v12_9ec6fd95111a8f36f8c6,False,False,False,513100,513100,513100,False,False,False,False,4.798536438106018,4.73476851201823,4.73476851201823,0.0,25,25,1515,2.762286860581748,,0
2018-09-19,2018-09-18,1,85ecd063ce81537029ac0bbe8d085f78269178948445f6292f3e29c02655ce38,v12_9ec6fd95111a8f36f8c6,False,False,False,513100,513100,513100,False,False,False,False,4.73476851201823,4.775509131463206,4.775509131463206,0.0,26,26,1515,2.762286860581748,,0
2018-09-20,2018-09-19,1,85ecd063ce81537029ac0bbe8d085f78269178948445f6292f3e29c02655ce38,v12_9ec6fd95111a8f36f8c6,False,False,False,513100,513100,513100,False,False,False,False,4.775509131463206,4.7666524750621235,4.7666524750621235,0.0,27,27,1515,2.762286860581748,,0
2018-09-21,2018-09-20,1,85ecd063ce81537029ac0bbe8d085f78269178948445f6292f3e29c02655ce38,v12_9ec6fd95111a8f36f8c6,False,False,False,513100,513100,513100,False,False,False,False,4.7666524750621235,4.818021082188397,4.818021082188397,0.0,28,28,1515,2.762286860581748,,0
2018-09-25,2018-09-21,1,85ecd063ce81537029ac0bbe8d085f78269178948445f6292f3e29c02655ce38,v12_9ec6fd95111a8f36f8c6,False,False,False,513100,513100,513100,False,False,False,False,4.818021082188397,4.798536438106018,4.798536438106018,0.0,29,29,1515,2.762286860581748,,0
2018-09-26,2018-09-25,1,85ecd063ce81537029ac0bbe8d085f78269178948445f6292f3e29c02655ce38,v12_9ec6fd95111a8f36f8c6,False,False,False,513100,513100,513100,False,False,False,False,4.798536438106018,4.828649069869694,4.828649069869694,0.0,30,30,1515,2.762286860581748,,0
2018-09-27,2018-09-26,1,85ecd063ce81537029ac0bbe8d085f78269178948445f6292f3e29c02655ce38,v12_9ec6fd95111a8f36f8c6,False,False,False,513100,513100,513100,False,False,False,False,4.828649069869694,4.819792413468613,4.819792413468613,0.0,31,31,1515,2.762286860581748,,0
2018-09-28,2018-09-27,1,85ecd063ce81537029ac0bbe8d085f78269178948445f6292f3e29c02655ce38,v12_9ec6fd95111a8f36f8c6,False,False,False,513100,513100,513100,False,False,False,False,4.819792413468613,4.878246345715752,4.878246345715752,0.0,32,32,1515,2.762286860581748,,0
2018-10-08,2018-09-28,1,85ecd063ce81537029ac0bbe8d085f78269178948445f6292f3e29c02655ce38,v12_9ec6fd95111a8f36f8c6,False,False,False,513100,513100,513100,False,False,False,False,4.878246345715752,4.741853837139095,4.741853837139095,0.0,33,33,1515,2.762286860581748,,0
2018-10-09,2018-10-08,1,85ecd063ce81537029ac0bbe8d085f78269178948445f6292f3e29c02655ce38,v12_9ec6fd95111a8f36f8c6,False,False,False,513100,518880,518880,True,False,True,False,4.741853837139095,4.738311174578661,4.737363512343745,0.0009476622349157323,34,0,1515,1.009900990099011,,0
2018-10-10,2018-10-09,1,85ecd063ce81537029ac0bbe8d085f78269178948445f6292f3e29c02655ce38,v12_9ec6fd95111a8f36f8c6,False,False,False,518880,518880,518880,False,False,False,False,4.737363512343745,4.737363512343745,4.737363512343745,0.0,1,1,1515,1.009900990099011,,0
2018-10-11,2018-10-10,1,85ecd063ce81537029ac0bbe8d085f78269178948445f6292f3e29c02655ce38,v12_9ec6fd95111a8f36f8c6,False,False,False,518880,518880,518880,False,False,False,False,4.737363512343745,4.760585882502293,4.760585882502293,0.0,2,2,1515,1.009900990099011,,0
2018-10-12,2018-10-11,1,85ecd063ce81537029ac0bbe8d085f78269178948445f6292f3e29c02655ce38,v12_9ec6fd95111a8f36f8c6,False,False,False,518880,510300,510300,False,True,True,False,4.760585882502293,4.826680320645853,4.825714984581723,0.0009653360641291705,3,0,1557,1.3564811924090259,,0
2018-10-15,2018-10-12,1,85ecd063ce81537029ac0bbe8d085f78269178948445f6292f3e29c02655ce38,v12_9ec6fd95111a8f36f8c6,False,False,False,510300,510300,510300,False,False,False,False,4.825714984581723,4.755560761174565,4.755560761174565,0.0,1,1,1557,1.3564811924090259,,0
2018-10-16,2018-10-15,1,85ecd063ce81537029ac0bbe8d085f78269178948445f6292f3e29c02655ce38,v12_9ec6fd95111a8f36f8c6,False,False,False,510300,510300,510300,False,False,False,False,4.755560761174565,4.724215257099027,4.724215257099027,0.0,2,2,1557,1.3564811924090259,,0
2018-10-17,2018-10-16,1,85ecd063ce81537029ac0bbe8d085f78269178948445f6292f3e29c02655ce38,v12_9ec6fd95111a8f36f8c6,False,False,False,510300,510300,510300,False,False,False,False,4.724215257099027,4.740634330662404,4.740634330662404,0.0,3,3,1557,1.3564811924090259,,0
2018-10-18,2018-10-17,1,85ecd063ce81537029ac0bbe8d085f78269178948445f6292f3e29c02655ce38,v12_9ec6fd95111a8f36f8c6,False,False,False,510300,510300,510300,False,False,False,False,4.740634330662404,4.636149317077276,4.636149317077276,0.0,4,4,1557,1.3564811924090259,,0
2018-10-19,2018-10-18,1,85ecd063ce81537029ac0bbe8d085f78269178948445f6292f3e29c02655ce38,v12_9ec6fd95111a8f36f8c6,False,False,False,510300,518880,518880,False,False,True,False,4.636149317077276,4.7540681181233495,4.753117304499725,0.0009508136236246699,5,0,1557,1.0411271896420422,,0
2018-10-22,2018-10-19,1,85ecd063ce81537029ac0bbe8d085f78269178948445f6292f3e29c02655ce38,v12_9ec6fd95111a8f36f8c6,False,False,False,518880,518880,518880,False,False,False,False,4.753117304499725,4.746163219196872,4.746163219196872,0.0,1,1,1557,1.0411271896420422,,0
2018-10-23,2018-10-22,1,85ecd063ce81537029ac0bbe8d085f78269178948445f6292f3e29c02655ce38,v12_9ec6fd95111a8f36f8c6,False,False,False,518880,518880,518880,False,False,False,False,4.746163219196872,4.7705025177568565,4.7705025177568565,0.0,2,2,1557,1.0411271896420422,,0
2018-10-24,2018-10-23,1,85ecd063ce81537029ac0bbe8d085f78269178948445f6292f3e29c02655ce38,v12_9ec6fd95111a8f36f8c6,False,False,False,518880,518880,518880,False,False,False,False,4.7705025177568565,4.772241039082569,4.772241039082569,0.0,3,3,1557,1.044935262757046,,0
2018-10-25,2018-10-24,1,85ecd063ce81537029ac0bbe8d085f78269178948445f6292f3e29c02655ce38,v12_9ec6fd95111a8f36f8c6,False,False,False,518880,518880,518880,False,False,False,False,4.772241039082569,4.796580337642553,4.796580337642553,0.0,4,4,1557,1.0453160700685464,,0
2018-10-26,2018-10-25,1,85ecd063ce81537029ac0bbe8d085f78269178948445f6292f3e29c02655ce38,v12_9ec6fd95111a8f36f8c6,False,False,False,518880,518880,518880,False,False,False,False,4.796580337642553,4.793103294991127,4.793103294991127,0.0,5,5,1557,1.0506473724295518,,0
2018-10-29,2018-10-26,1,85ecd063ce81537029ac0bbe8d085f78269178948445f6292f3e29c02655ce38,v12_9ec6fd95111a8f36f8c6,False,False,False,518880,518880,518880,False,False,False,False,4.793103294991127,4.786149209688274,4.786149209688274,0.0,6,6,1557,1.0506473724295518,,0
2018-10-30,2018-10-29,1,85ecd063ce81537029ac0bbe8d085f78269178948445f6292f3e29c02655ce38,v12_9ec6fd95111a8f36f8c6,False,False,False,518880,518880,518880,False,False,False,False,4.786149209688274,4.775718081733995,4.775718081733995,0.0,7,7,1557,1.0506473724295518,,0
2018-10-31,2018-10-30,1,85ecd063ce81537029ac0bbe8d085f78269178948445f6292f3e29c02655ce38,v12_9ec6fd95111a8f36f8c6,False,False,False,518880,518880,518880,False,False,False,False,4.775718081733995,4.7357320912425935,4.7357320912425935,0.0,8,8,1557,1.0506473724295518,,0
2018-11-01,2018-10-31,1,85ecd063ce81537029ac0bbe8d085f78269178948445f6292f3e29c02655ce38,v12_9ec6fd95111a8f36f8c6,False,False,False,518880,518880,518880,False,False,False,False,4.7357320912425935,4.746163219196872,4.746163219196872,0.0,9,9,1557,1.0506473724295518,,0
2018-11-02,2018-11-01,1,85ecd063ce81537029ac0bbe8d085f78269178948445f6292f3e29c02655ce38,v12_9ec6fd95111a8f36f8c6,False,False,False,518880,518880,518880,False,False,False,False,4.746163219196872,4.747901740522585,4.747901740522585,0.0,10,10,1557,1.0506473724295518,,0
2018-11-05,2018-11-02,1,85ecd063ce81537029ac0bbe8d085f78269178948445f6292f3e29c02655ce38,v12_9ec6fd95111a8f36f8c6,False,False,False,518880,518880,518880,False,False,False,False,4.747901740522585,4.7496402618483,4.7496402618483,0.0,11,11,1557,1.0506473724295518,,0
2018-11-06,2018-11-05,1,85ecd063ce81537029ac0bbe8d085f78269178948445f6292f3e29c02655ce38,v12_9ec6fd95111a8f36f8c6,False,False,False,518880,518880,518880,False,False,False,False,4.7496402618483,4.7531173044997255,4.7531173044997255,0.0,12,12,1557,1.0506473724295518,,0
2018-11-07,2018-11-06,1,85ecd063ce81537029ac0bbe8d085f78269178948445f6292f3e29c02655ce38,v12_9ec6fd95111a8f36f8c6,False,False,False,518880,518880,518880,False,False,False,False,4.7531173044997255,4.754855825825438,4.754855825825438,0.0,13,13,1557,1.0506473724295518,,0
2018-11-08,2018-11-07,1,85ecd063ce81537029ac0bbe8d085f78269178948445f6292f3e29c02655ce38,v12_9ec6fd95111a8f36f8c6,False,False,False,518880,518880,518880,False,False,False,False,4.754855825825438,4.735732091242594,4.735732091242594,0.0,14,14,1557,1.0506473724295518,,0
2018-11-09,2018-11-08,1,85ecd063ce81537029ac0bbe8d085f78269178948445f6292f3e29c02655ce38,v12_9ec6fd95111a8f36f8c6,False,False,False,518880,518880,518880,False,False,False,False,4.735732091242594,4.725300963288315,4.725300963288315,0.0,15,15,1557,1.0506473724295518,,0
2018-11-12,2018-11-09,1,85ecd063ce81537029ac0bbe8d085f78269178948445f6292f3e29c02655ce38,v12_9ec6fd95111a8f36f8c6,False,False,False,518880,518880,518880,False,False,False,False,4.725300963288315,4.690530536774053,4.690530536774053,0.0,16,16,1557,1.0506473724295518,,0
2018-11-13,2018-11-12,1,85ecd063ce81537029ac0bbe8d085f78269178948445f6292f3e29c02655ce38,v12_9ec6fd95111a8f36f8c6,False,False,False,518880,513100,513100,False,False,True,False,4.690530536774053,4.6748838448426335,4.673948868073665,0.0009349767689685268,17,0,1557,2.4984954864593814,,0
2018-11-14,2018-11-13,1,85ecd063ce81537029ac0bbe8d085f78269178948445f6292f3e29c02655ce38,v12_9ec6fd95111a8f36f8c6,False,False,False,513100,518880,518880,True,False,True,False,4.673948868073665,4.658938193266523,4.658006405627869,0.0009317876386533046,1,0,1557,1.0236100533130246,,0
2018-11-15,2018-11-14,1,85ecd063ce81537029ac0bbe8d085f78269178948445f6292f3e29c02655ce38,v12_9ec6fd95111a8f36f8c6,False,False,False,518880,513100,513100,False,False,True,False,4.658006405627869,4.683999744944988,4.683062944995999,0.0009367999489889977,1,0,1557,2.4714142427281875,,0
2018-11-16,2018-11-15,1,85ecd063ce81537029ac0bbe8d085f78269178948445f6292f3e29c02655ce38,v12_9ec6fd95111a8f36f8c6,False,False,False,513100,513100,513100,False,False,False,False,4.683062944995999,4.702068882272769,4.702068882272769,0.0,1,1,1557,2.4714142427281875,,0
2018-11-19,2018-11-16,1,85ecd063ce81537029ac0bbe8d085f78269178948445f6292f3e29c02655ce38,v12_9ec6fd95111a8f36f8c6,False,False,False,513100,513100,513100,False,False,False,False,4.702068882272769,4.721074819549538,4.721074819549538,0.0,2,2,1557,2.4814443329990006,,0
2018-11-20,2018-11-19,1,85ecd063ce81537029ac0bbe8d085f78269178948445f6292f3e29c02655ce38,v12_9ec6fd95111a8f36f8c6,False,False,False,513100,518880,518880,False,False,True,False,4.721074819549538,4.553822571513966,4.5529118069996635,0.0009107645143027933,3,0,1557,1.0373191165270383,,0
2018-11-21,2018-11-20,1,85ecd063ce81537029ac0bbe8d085f78269178948445f6292f3e29c02655ce38,v12_9ec6fd95111a8f36f8c6,False,False,False,518880,518880,518880,False,False,False,False,4.5529118069996635,4.551240400315742,4.551240400315742,0.0,1,1,1557,1.0373191165270383,,0
2018-11-22,2018-11-21,1,85ecd063ce81537029ac0bbe8d085f78269178948445f6292f3e29c02655ce38,v12_9ec6fd95111a8f36f8c6,False,False,False,518880,518880,518880,False,False,False,False,4.551240400315742,4.5595974337353455,4.5595974337353455,0.0,2,2,1557,1.0373191165270383,,0
2018-11-23,2018-11-22,1,85ecd063ce81537029ac0bbe8d085f78269178948445f6292f3e29c02655ce38,v12_9ec6fd95111a8f36f8c6,False,False,False,518880,518880,518880,False,False,False,False,4.5595974337353455,4.564611653787106,4.564611653787106,0.0,3,3,1557,1.0388423457730398,,0
2018-11-26,2018-11-23,1,85ecd063ce81537029ac0bbe8d085f78269178948445f6292f3e29c02655ce38,v12_9ec6fd95111a8f36f8c6,False,False,False,518880,512400,512400,False,True,True,False,4.564611653787106,4.557926027051424,4.557014441846015,0.0009115852054102849,4,0,1588,0.5569498069498062,,0
2018-11-27,2018-11-26,1,85ecd063ce81537029ac0bbe8d085f78269178948445f6292f3e29c02655ce38,v12_9ec6fd95111a8f36f8c6,False,False,False,512400,512400,512400,False,False,False,False,4.557014441846015,4.596503301827349,4.596503301827349,0.0,1,1,1588,0.5569498069498062,,0
2018-11-28,2018-11-27,1,85ecd063ce81537029ac0bbe8d085f78269178948445f6292f3e29c02655ce38,v12_9ec6fd95111a8f36f8c6,False,False,False,512400,512400,512400,False,False,False,False,4.596503301827349,4.635992161808684,4.635992161808684,0.0,2,2,1588,0.561776061776061,,0
2018-11-29,2018-11-28,1,85ecd063ce81537029ac0bbe8d085f78269178948445f6292f3e29c02655ce38,v12_9ec6fd95111a8f36f8c6,False,False,False,512400,512400,512400,False,False,False,False,4.635992161808684,4.62019661781615,4.62019661781615,0.0,3,3,1588,0.5666023166023157,,0
2018-11-30,2018-11-29,1,85ecd063ce81537029ac0bbe8d085f78269178948445f6292f3e29c02655ce38,v12_9ec6fd95111a8f36f8c6,False,False,False,512400,512400,512400,False,False,False,False,4.62019661781615,4.6675832497937515,4.6675832497937515,0.0,4,4,1588,0.5666023166023157,,0
2018-12-03,2018-11-30,1,85ecd063ce81537029ac0bbe8d085f78269178948445f6292f3e29c02655ce38,v12_9ec6fd95111a8f36f8c6,False,False,False,512400,518880,518880,False,False,True,False,4.6675832497937515,4.786049829737755,4.785092619771808,0.0009572099659475511,5,0,1588,1.035795887281037,,0
2018-12-04,2018-12-03,1,85ecd063ce81537029ac0bbe8d085f78269178948445f6292f3e29c02655ce38,v12_9ec6fd95111a8f36f8c6,False,False,False,518880,513100,513100,False,False,True,False,4.785092619771808,4.785092619771808,4.784135601247853,0.0009570185239543616,1,0,1588,2.5205616850551684,,0
2018-12-05,2018-12-04,1,85ecd063ce81537029ac0bbe8d085f78269178948445f6292f3e29c02655ce38,v12_9ec6fd95111a8f36f8c6,False,False,False,513100,513100,513100,False,False,False,False,4.784135601247853,4.652776525845504,4.652776525845504,0.0,1,1,1588,2.5205616850551684,,0
2018-12-06,2018-12-05,1,85ecd063ce81537029ac0bbe8d085f78269178948445f6292f3e29c02655ce38,v12_9ec6fd95111a8f36f8c6,False,False,False,513100,518880,518880,True,False,True,False,4.652776525845504,4.576626337206462,4.5757110119390205,0.0009153252674412925,2,0,1588,1.0415079969535426,,0
2018-12-07,2018-12-06,1,85ecd063ce81537029ac0bbe8d085f78269178948445f6292f3e29c02655ce38,v12_9ec6fd95111a8f36f8c6,False,False,False,518880,518880,518880,False,False,False,False,4.5757110119390205,4.580730073378077,4.580730073378077,0.0,1,1,1588,1.0415079969535426,,0
2018-12-10,2018-12-07,1,85ecd063ce81537029ac0bbe8d085f78269178948445f6292f3e29c02655ce38,v12_9ec6fd95111a8f36f8c6,False,False,False,518880,518880,518880,False,False,False,False,4.580730073378077,4.629247667288948,4.629247667288948,0.0,2,2,1588,1.0426504188880439,,0
2018-12-11,2018-12-10,1,85ecd063ce81537029ac0bbe8d085f78269178948445f6292f3e29c02655ce38,v12_9ec6fd95111a8f36f8c6,False,False,False,518880,518880,518880,False,False,False,False,4.629247667288948,4.622555585370208,4.622555585370208,0.0,3,3,1588,1.0536938309215549,,0
2018-12-12,2018-12-11,1,85ecd063ce81537029ac0bbe8d085f78269178948445f6292f3e29c02655ce38,v12_9ec6fd95111a8f36f8c6,False,False,False,518880,518880,518880,False,False,False,False,4.622555585370208,4.6008063191343,4.6008063191343,0.0,4,4,1588,1.0536938309215549,,0
2018-12-13,2018-12-12,1,85ecd063ce81537029ac0bbe8d085f78269178948445f6292f3e29c02655ce38,v12_9ec6fd95111a8f36f8c6,False,False,False,518880,518880,518880,False,False,False,False,4.6008063191343,4.597460278174929,4.597460278174929,0.0,5,5,1588,1.0536938309215549,,0
2018-12-14,2018-12-13,1,85ecd063ce81537029ac0bbe8d085f78269178948445f6292f3e29c02655ce38,v12_9ec6fd95111a8f36f8c6,False,False,False,518880,518880,518880,False,False,False,False,4.597460278174929,4.592441216735873,4.592441216735873,0.0,6,6,1588,1.0536938309215549,,0
2018-12-17,2018-12-14,1,85ecd063ce81537029ac0bbe8d085f78269178948445f6292f3e29c02655ce38,v12_9ec6fd95111a8f36f8c6,False,False,False,518880,518880,518880,False,False,False,False,4.592441216735873,4.594114237215558,4.594114237215558,0.0,7,7,1588,1.0536938309215549,,0
2018-12-18,2018-12-17,1,85ecd063ce81537029ac0bbe8d085f78269178948445f6292f3e29c02655ce38,v12_9ec6fd95111a8f36f8c6,False,False,False,518880,518880,518880,False,False,False,False,4.594114237215558,4.619209544410835,4.619209544410835,0.0,8,8,1588,1.0536938309215549,,0
2018-12-19,2018-12-18,1,85ecd063ce81537029ac0bbe8d085f78269178948445f6292f3e29c02655ce38,v12_9ec6fd95111a8f36f8c6,False,False,False,518880,518880,518880,False,False,False,False,4.619209544410835,4.634266728728002,4.634266728728002,0.0,9,9,1588,1.0536938309215549,,0
2018-12-20,2018-12-19,1,85ecd063ce81537029ac0bbe8d085f78269178948445f6292f3e29c02655ce38,v12_9ec6fd95111a8f36f8c6,False,False,False,518880,518880,518880,False,False,False,False,4.634266728728002,4.634266728728002,4.634266728728002,0.0,10,10,1588,1.054836252856056,,0
2018-12-21,2018-12-20,1,85ecd063ce81537029ac0bbe8d085f78269178948445f6292f3e29c02655ce38,v12_9ec6fd95111a8f36f8c6,False,False,False,518880,518880,518880,False,False,False,False,4.634266728728002,4.664381097362335,4.664381097362335,0.0,11,11,1588,1.054836252856056,,0
2018-12-24,2018-12-21,1,85ecd063ce81537029ac0bbe8d085f78269178948445f6292f3e29c02655ce38,v12_9ec6fd95111a8f36f8c6,False,False,False,518880,518880,518880,False,False,False,False,4.664381097362335,4.681111302159187,4.681111302159187,0.0,12,12,1588,1.0616907844630628,,0
2018-12-25,2018-12-24,1,85ecd063ce81537029ac0bbe8d085f78269178948445f6292f3e29c02655ce38,v12_9ec6fd95111a8f36f8c6,False,False,False,518880,518880,518880,False,False,False,False,4.681111302159187,4.717917752712261,4.717917752712261,0.0,13,13,1588,1.0654988575780666,,0
2018-12-26,2018-12-25,1,85ecd063ce81537029ac0bbe8d085f78269178948445f6292f3e29c02655ce38,v12_9ec6fd95111a8f36f8c6,False,False,False,518880,518880,518880,False,False,False,False,4.717917752712261,4.7162447322325765,4.7162447322325765,0.0,14,14,1588,1.073876618431075,,0
2018-12-27,2018-12-26,1,85ecd063ce81537029ac0bbe8d085f78269178948445f6292f3e29c02655ce38,v12_9ec6fd95111a8f36f8c6,False,False,False,518880,518880,518880,False,False,False,False,4.7162447322325765,4.699514527435724,4.699514527435724,0.0,15,15,1588,1.073876618431075,,0
2018-12-28,2018-12-27,1,85ecd063ce81537029ac0bbe8d085f78269178948445f6292f3e29c02655ce38,v12_9ec6fd95111a8f36f8c6,False,False,False,518880,518880,518880,False,False,False,False,4.699514527435724,4.727955875590372,4.727955875590372,0.0,16,16,1588,1.073876618431075,,0
2019-01-02,2018-12-28,1,85ecd063ce81537029ac0bbe8d085f78269178948445f6292f3e29c02655ce38,v12_9ec6fd95111a8f36f8c6,False,False,False,518880,518880,518880,False,False,False,False,4.727955875590372,4.7463591008669095,4.7463591008669095,0.0,17,17,1588,1.0761614623000773,,0
2019-01-03,2019-01-02,1,85ecd063ce81537029ac0bbe8d085f78269178948445f6292f3e29c02655ce38,v12_9ec6fd95111a8f36f8c6,False,False,False,518880,518880,518880,False,False,False,False,4.7463591008669095,4.79822273573715,4.79822273573715,0.0,18,18,1588,1.0803503427265815,,0
2019-01-04,2019-01-03,1,85ecd063ce81537029ac0bbe8d085f78269178948445f6292f3e29c02655ce38,v12_9ec6fd95111a8f36f8c6,False,False,False,518880,518880,518880,False,False,False,False,4.79822273573715,4.773127428541874,4.773127428541874,0.0,19,19,1588,1.0921553693830932,,0
2019-01-07,2019-01-04,1,85ecd063ce81537029ac0bbe8d085f78269178948445f6292f3e29c02655ce38,v12_9ec6fd95111a8f36f8c6,False,False,False,518880,518880,518880,False,False,False,False,4.773127428541874,4.753051182785652,4.753051182785652,0.0,20,20,1588,1.0921553693830932,,0
2019-01-08,2019-01-07,1,85ecd063ce81537029ac0bbe8d085f78269178948445f6292f3e29c02655ce38,v12_9ec6fd95111a8f36f8c6,False,False,False,518880,518880,518880,False,False,False,False,4.753051182785652,4.731301916549744,4.731301916549744,0.0,21,21,1588,1.0921553693830932,,0
2019-01-09,2019-01-08,1,85ecd063ce81537029ac0bbe8d085f78269178948445f6292f3e29c02655ce38,v12_9ec6fd95111a8f36f8c6,False,False,False,518880,518880,518880,False,False,False,False,4.731301916549744,4.712898691273207,4.712898691273207,0.0,22,22,1588,1.0921553693830932,,0
2019-01-10,2019-01-09,1,85ecd063ce81537029ac0bbe8d085f78269178948445f6292f3e29c02655ce38,v12_9ec6fd95111a8f36f8c6,False,False,False,518880,518880,518880,False,False,False,False,4.712898691273207,4.722936814151318,4.722936814151318,0.0,23,23,1588,1.0921553693830932,,0
2019-01-11,2019-01-10,1,85ecd063ce81537029ac0bbe8d085f78269178948445f6292f3e29c02655ce38,v12_9ec6fd95111a8f36f8c6,False,False,False,518880,518880,518880,False,False,False,False,4.722936814151318,4.692822445516985,4.692822445516985,0.0,24,24,1588,1.0921553693830932,,0
2019-01-14,2019-01-11,1,85ecd063ce81537029ac0bbe8d085f78269178948445f6292f3e29c02655ce38,v12_9ec6fd95111a8f36f8c6,False,False,False,518880,518880,518880,False,False,False,False,4.692822445516985,4.696168486476355,4.696168486476355,0.0,25,25,1588,1.0921553693830932,,0
2019-01-15,2019-01-14,1,85ecd063ce81537029ac0bbe8d085f78269178948445f6292f3e29c02655ce38,v12_9ec6fd95111a8f36f8c6,False,False,False,518880,518880,518880,False,False,False,False,4.696168486476355,4.686130363598244,4.686130363598244,0.0,26,26,1588,1.0921553693830932,,0
2019-01-16,2019-01-15,1,85ecd063ce81537029ac0bbe8d085f78269178948445f6292f3e29c02655ce38,v12_9ec6fd95111a8f36f8c6,False,False,False,518880,518880,518880,False,False,False,False,4.686130363598244,4.689476404557615,4.689476404557615,0.0,27,27,1588,1.0921553693830932,,0
2019-01-17,2019-01-16,1,85ecd063ce81537029ac0bbe8d085f78269178948445f6292f3e29c02655ce38,v12_9ec6fd95111a8f36f8c6,False,False,False,518880,518880,518880,False,False,False,False,4.689476404557615,4.701187547915412,4.701187547915412,0.0,28,28,1588,1.0921553693830932,,0
2019-01-18,2019-01-17,1,85ecd063ce81537029ac0bbe8d085f78269178948445f6292f3e29c02655ce38,v12_9ec6fd95111a8f36f8c6,False,False,False,518880,518880,518880,False,False,False,False,4.701187547915412,4.702860568395097,4.702860568395097,0.0,29,29,1588,1.0921553693830932,,0
2019-01-21,2019-01-18,1,85ecd063ce81537029ac0bbe8d085f78269178948445f6292f3e29c02655ce38,v12_9ec6fd95111a8f36f8c6,False,False,False,518880,518880,518880,False,False,False,False,4.702860568395097,4.684457343118559,4.684457343118559,0.0,30,30,1588,1.0921553693830932,,0
2019-01-22,2019-01-21,1,85ecd063ce81537029ac0bbe8d085f78269178948445f6292f3e29c02655ce38,v12_9ec6fd95111a8f36f8c6,False,False,False,518880,513100,513100,False,False,True,False,4.684457343118559,4.682784322638875,4.6818477657743465,0.000936556864527775,31,0,1588,2.386158475426282,,0
2019-01-23,2019-01-22,1,85ecd063ce81537029ac0bbe8d085f78269178948445f6292f3e29c02655ce38,v12_9ec6fd95111a8f36f8c6,False,False,False,513100,513100,513100,False,False,False,False,4.6818477657743465,4.630680030629272,4.630680030629272,0.0,1,1,1588,2.386158475426282,,0
2019-01-24,2019-01-23,1,85ecd063ce81537029ac0bbe8d085f78269178948445f6292f3e29c02655ce38,v12_9ec6fd95111a8f36f8c6,False,False,False,513100,513100,513100,False,False,False,False,4.630680030629272,4.634616010255816,4.634616010255816,0.0,2,2,1588,2.386158475426282,,0
2019-01-25,2019-01-24,1,85ecd063ce81537029ac0bbe8d085f78269178948445f6292f3e29c02655ce38,v12_9ec6fd95111a8f36f8c6,False,False,False,513100,513100,513100,False,False,False,False,4.634616010255816,4.66610384726817,4.66610384726817,0.0,3,3,1588,2.386158475426282,,0
2019-01-28,2019-01-25,1,85ecd063ce81537029ac0bbe8d085f78269178948445f6292f3e29c02655ce38,v12_9ec6fd95111a8f36f8c6,False,False,False,513100,513100,513100,False,False,False,False,4.66610384726817,4.664135857454898,4.664135857454898,0.0,4,4,1588,2.386158475426282,,0
2019-01-29,2019-01-28,1,85ecd063ce81537029ac0bbe8d085f78269178948445f6292f3e29c02655ce38,v12_9ec6fd95111a8f36f8c6,False,False,False,513100,513100,513100,False,False,False,False,4.664135857454898,4.614936112123096,4.614936112123096,0.0,5,5,1588,2.386158475426282,,0
2019-01-30,2019-01-29,1,85ecd063ce81537029ac0bbe8d085f78269178948445f6292f3e29c02655ce38,v12_9ec6fd95111a8f36f8c6,False,False,False,513100,513100,513100,False,False,False,False,4.614936112123096,4.603128173243463,4.603128173243463,0.0,6,6,1588,2.386158475426282,,0
2019-01-31,2019-01-30,1,85ecd063ce81537029ac0bbe8d085f78269178948445f6292f3e29c02655ce38,v12_9ec6fd95111a8f36f8c6,False,False,False,513100,513100,513100,False,False,False,False,4.603128173243463,4.713335602786702,4.713335602786702,0.0,7,7,1588,2.386158475426282,,0
2019-02-01,2019-01-31,1,85ecd063ce81537029ac0bbe8d085f78269178948445f6292f3e29c02655ce38,v12_9ec6fd95111a8f36f8c6,False,False,False,513100,513100,513100,False,False,False,False,4.713335602786702,4.77631127681141,4.77631127681141,0.0,8,8,1588,2.4022066198595824,,0
2019-02-11,2019-02-01,1,85ecd063ce81537029ac0bbe8d085f78269178948445f6292f3e29c02655ce38,v12_9ec6fd95111a8f36f8c6,False,False,False,513100,513100,513100,False,False,False,False,4.77631127681141,4.799927154570675,4.799927154570675,0.0,9,9,1588,2.4343029087261825,,0
2019-02-12,2019-02-11,1,85ecd063ce81537029ac0bbe8d085f78269178948445f6292f3e29c02655ce38,v12_9ec6fd95111a8f36f8c6,False,False,False,513100,513100,513100,False,False,False,False,4.799927154570675,4.839286950836118,4.839286950836118,0.0,10,10,1588,2.4463390170511574,,0
2019-02-13,2019-02-12,1,85ecd063ce81537029ac0bbe8d085f78269178948445f6292f3e29c02655ce38,v12_9ec6fd95111a8f36f8c6,False,False,False,513100,510300,510300,False,False,True,False,4.839286950836118,4.896358655421008,4.895379383689924,0.0009792717310842017,11,0,1588,1.4504564087045095,,0
2019-02-14,2019-02-13,1,85ecd063ce81537029ac0bbe8d085f78269178948445f6292f3e29c02655ce38,v12_9ec6fd95111a8f36f8c6,False,False,False,510300,510300,510300,False,False,False,False,4.895379383689924,4.90115053533589,4.90115053533589,0.0,1,1,1588,1.4504564087045095,,0
2019-02-15,2019-02-14,1,85ecd063ce81537029ac0bbe8d085f78269178948445f6292f3e29c02655ce38,v12_9ec6fd95111a8f36f8c6,False,False,False,510300,510300,510300,False,False,False,False,4.90115053533589,4.820354412292379,4.820354412292379,0.0,2,2,1588,1.4521663484730973,,0
2019-02-18,2019-02-15,1,85ecd063ce81537029ac0bbe8d085f78269178948445f6292f3e29c02655ce38,v12_9ec6fd95111a8f36f8c6,False,False,False,510300,510300,510300,False,False,False,False,4.820354412292379,4.960304839707033,4.960304839707033,0.0,3,3,1588,1.4521663484730973,,0
2019-02-19,2019-02-18,1,85ecd063ce81537029ac0bbe8d085f78269178948445f6292f3e29c02655ce38,v12_9ec6fd95111a8f36f8c6,False,False,False,510300,510300,510300,False,False,False,False,4.960304839707033,4.9473197485036104,4.9473197485036104,0.0,4,4,1588,1.4696932311011213,,0
2019-02-20,2019-02-19,1,85ecd063ce81537029ac0bbe8d085f78269178948445f6292f3e29c02655ce38,v12_9ec6fd95111a8f36f8c6,False,False,False,510300,510300,510300,False,False,False,False,4.9473197485036104,4.960304839707033,4.960304839707033,0.0,5,5,1588,1.4696932311011213,,0
2019-02-21,2019-02-20,1,85ecd063ce81537029ac0bbe8d085f78269178948445f6292f3e29c02655ce38,v12_9ec6fd95111a8f36f8c6,False,False,False,510300,510300,510300,False,False,False,False,4.960304839707033,4.954533688061068,4.954533688061068,0.0,6,6,1588,1.4696932311011213,,0
2019-02-22,2019-02-21,1,85ecd063ce81537029ac0bbe8d085f78269178948445f6292f3e29c02655ce38,v12_9ec6fd95111a8f36f8c6,False,False,False,510300,510300,510300,False,False,False,False,4.954533688061068,5.087270175918265,5.087270175918265,0.0,7,7,1588,1.4696932311011213,,0
2019-02-25,2019-02-22,1,85ecd063ce81537029ac0bbe8d085f78269178948445f6292f3e29c02655ce38,v12_9ec6fd95111a8f36f8c6,False,False,False,510300,510300,510300,False,False,False,False,5.087270175918265,5.446524365879595,5.446524365879595,0.0,8,8,1588,1.5073119060100504,,0
2019-02-26,2019-02-25,1,85ecd063ce81537029ac0bbe8d085f78269178948445f6292f3e29c02655ce38,v12_9ec6fd95111a8f36f8c6,False,False,False,510300,159915,159915,False,False,True,False,5.446524365879595,5.323887393402837,5.3228226159241565,0.0010647774786805674,9,0,1588,1.855708908406513,,0
2019-02-27,2019-02-26,1,85ecd063ce81537029ac0bbe8d085f78269178948445f6292f3e29c02655ce38,v12_9ec6fd95111a8f36f8c6,False,False,False,159915,159915,159915,False,False,False,False,5.3228226159241565,5.247245012858296,5.247245012858296,0.0,1,1,1588,1.855708908406513,,0
2019-02-28,2019-02-27,1,85ecd063ce81537029ac0bbe8d085f78269178948445f6292f3e29c02655ce38,v12_9ec6fd95111a8f36f8c6,False,False,False,159915,159915,159915,False,False,False,False,5.247245012858296,5.290432214610216,5.290432214610216,0.0,2,2,1588,1.855708908406513,,0
2019-03-01,2019-02-28,1,85ecd063ce81537029ac0bbe8d085f78269178948445f6292f3e29c02655ce38,v12_9ec6fd95111a8f36f8c6,False,False,False,159915,159915,159915,False,False,False,False,5.290432214610216,5.398400218990016,5.398400218990016,0.0,3,3,1588,1.855708908406513,,0
2019-03-04,2019-03-01,1,85ecd063ce81537029ac0bbe8d085f78269178948445f6292f3e29c02655ce38,v12_9ec6fd95111a8f36f8c6,False,False,False,159915,159915,159915,False,False,False,False,5.398400218990016,5.59994049383231,5.59994049383231,0.0,4,4,1588,1.8820577164366257,,0
2019-03-05,2019-03-04,1,85ecd063ce81537029ac0bbe8d085f78269178948445f6292f3e29c02655ce38,v12_9ec6fd95111a8f36f8c6,False,False,False,159915,159915,159915,False,False,False,False,5.59994049383231,5.812277569112584,5.812277569112584,0.0,5,5,1588,1.9523212045169265,,0
2019-03-06,2019-03-05,1,85ecd063ce81537029ac0bbe8d085f78269178948445f6292f3e29c02655ce38,v12_9ec6fd95111a8f36f8c6,False,False,False,159915,159915,159915,False,False,False,False,5.812277569112584,5.884256238699117,5.884256238699117,0.0,6,6,1588,2.0263488080301,,0
2019-03-07,2019-03-06,1,85ecd063ce81537029ac0bbe8d085f78269178948445f6292f3e29c02655ce38,v12_9ec6fd95111a8f36f8c6,False,False,False,159915,159915,159915,False,False,False,False,5.884256238699117,5.8338711699885435,5.8338711699885435,0.0,7,7,1588,2.0514429109159216,,0
2019-03-08,2019-03-07,1,85ecd063ce81537029ac0bbe8d085f78269178948445f6292f3e29c02655ce38,v12_9ec6fd95111a8f36f8c6,False,False,False,159915,159915,159915,False,False,False,False,5.8338711699885435,5.700710631253457,5.700710631253457,0.0,8,8,1588,2.0514429109159216,,0
2019-03-11,2019-03-08,1,85ecd063ce81537029ac0bbe8d085f78269178948445f6292f3e29c02655ce38,v12_9ec6fd95111a8f36f8c6,False,False,False,159915,159915,159915,False,False,False,False,5.700710631253457,5.96703170872363,5.96703170872363,0.0,9,9,1588,2.0514429109159216,,0
2019-03-12,2019-03-11,1,85ecd063ce81537029ac0bbe8d085f78269178948445f6292f3e29c02655ce38,v12_9ec6fd95111a8f36f8c6,False,False,False,159915,159915,159915,False,False,False,False,5.96703170872363,6.103791180938044,6.103791180938044,0.0,10,10,1588,2.0803011292346167,,0
2019-03-13,2019-03-12,1,85ecd063ce81537029ac0bbe8d085f78269178948445f6292f3e29c02655ce38,v12_9ec6fd95111a8f36f8c6,False,False,False,159915,159915,159915,False,False,False,False,6.103791180938044,5.823074369550564,5.823074369550564,0.0,11,11,1588,2.127979924717678,,0
2019-03-14,2019-03-13,1,85ecd063ce81537029ac0bbe8d085f78269178948445f6292f3e29c02655ce38,v12_9ec6fd95111a8f36f8c6,False,False,False,159915,510500,510500,True,False,True,False,5.823074369550564,5.69711169777413,5.695972275434575,0.001139422339554826,12,0,1588,1.6351318434433058,,0
2019-03-15,2019-03-14,1,85ecd063ce81537029ac0bbe8d085f78269178948445f6292f3e29c02655ce38,v12_9ec6fd95111a8f36f8c6,False,False,False,510500,510500,510500,False,False,False,False,5.695972275434575,5.758388373185889,5.758388373185889,0.0,1,1,1588,1.6351318434433058,,0
2019-03-18,2019-03-15,1,85ecd063ce81537029ac0bbe8d085f78269178948445f6292f3e29c02655ce38,v12_9ec6fd95111a8f36f8c6,False,False,False,510500,510500,510500,False,False,False,False,5.758388373185889,5.942616532677675,5.942616532677675,0.0,2,2,1588,1.6530495129896972,,0
2019-03-19,2019-03-18,1,85ecd063ce81537029ac0bbe8d085f78269178948445f6292f3e29c02655ce38,v12_9ec6fd95111a8f36f8c6,False,False,False,510500,510500,510500,False,False,False,False,5.942616532677675,5.9315427088830885,5.9315427088830885,0.0,3,3,1588,1.7059355376185634,,0
2019-03-20,2019-03-19,1,85ecd063ce81537029ac0bbe8d085f78269178948445f6292f3e29c02655ce38,v12_9ec6fd95111a8f36f8c6,False,False,False,510500,510500,510500,False,False,False,False,5.9315427088830885,5.932549420137142,5.932549420137142,0.0,4,4,1588,1.7059355376185634,,0
2019-03-21,2019-03-20,1,85ecd063ce81537029ac0bbe8d085f78269178948445f6292f3e29c02655ce38,v12_9ec6fd95111a8f36f8c6,False,False,False,510500,510500,510500,False,False,False,False,5.932549420137142,5.997985651650618,5.997985651650618,0.0,5,5,1588,1.7059355376185634,,0
2019-03-22,2019-03-21,1,85ecd063ce81537029ac0bbe8d085f78269178948445f6292f3e29c02655ce38,v12_9ec6fd95111a8f36f8c6,False,False,False,510500,510500,510500,False,False,False,False,5.997985651650618,6.0624151719100405,6.0624151719100405,0.0,6,6,1588,1.7218302444742337,,0
2019-03-25,2019-03-22,1,85ecd063ce81537029ac0bbe8d085f78269178948445f6292f3e29c02655ce38,v12_9ec6fd95111a8f36f8c6,False,False,False,510500,510500,510500,False,False,False,False,6.0624151719100405,5.974831292807387,5.974831292807387,0.0,7,7,1588,1.7403259033608318,,0
2019-03-26,2019-03-25,1,85ecd063ce81537029ac0bbe8d085f78269178948445f6292f3e29c02655ce38,v12_9ec6fd95111a8f36f8c6,False,False,False,510500,510500,510500,False,False,False,False,5.974831292807387,5.795636689585868,5.795636689585868,0.0,8,8,1588,1.7403259033608318,,0
2019-03-27,2019-03-26,1,85ecd063ce81537029ac0bbe8d085f78269178948445f6292f3e29c02655ce38,v12_9ec6fd95111a8f36f8c6,False,False,False,510500,513100,513100,True,False,True,False,5.795636689585868,5.867113188623665,5.8659397659859405,0.001173422637724733,9,0,1588,2.58375125376129,,0
2019-03-28,2019-03-27,1,85ecd063ce81537029ac0bbe8d085f78269178948445f6292f3e29c02655ce38,v12_9ec6fd95111a8f36f8c6,False,False,False,513100,513100,513100,False,False,False,False,5.8659397659859405,5.802179551138267,5.802179551138267,0.0,1,1,1588,2.58375125376129,,0
2019-03-29,2019-03-28,1,85ecd063ce81537029ac0bbe8d085f78269178948445f6292f3e29c02655ce38,v12_9ec6fd95111a8f36f8c6,False,False,False,513100,513100,513100,False,False,False,False,5.802179551138267,5.849999712274022,5.849999712274022,0.0,2,2,1588,2.58375125376129,,0
2019-04-01,2019-03-29,1,85ecd063ce81537029ac0bbe8d085f78269178948445f6292f3e29c02655ce38,v12_9ec6fd95111a8f36f8c6,False,False,False,513100,513100,513100,False,False,False,False,5.849999712274022,5.929699980833615,5.929699980833615,0.0,3,3,1588,2.58375125376129,,0
2019-04-02,2019-04-01,1,85ecd063ce81537029ac0bbe8d085f78269178948445f6292f3e29c02655ce38,v12_9ec6fd95111a8f36f8c6,False,False,False,513100,513100,513100,False,False,False,False,5.929699980833615,5.9501943356060805,5.9501943356060805,0.0,4,4,1588,2.611835506519565,,0
2019-04-03,2019-04-02,1,85ecd063ce81537029ac0bbe8d085f78269178948445f6292f3e29c02655ce38,v12_9ec6fd95111a8f36f8c6,False,False,False,513100,513100,513100,False,False,False,False,5.9501943356060805,5.995737346211562,5.995737346211562,0.0,5,5,1588,2.620862587763296,,0
2019-04-04,2019-04-03,1,85ecd063ce81537029ac0bbe8d085f78269178948445f6292f3e29c02655ce38,v12_9ec6fd95111a8f36f8c6,False,False,False,513100,513100,513100,False,False,False,False,5.995737346211562,6.002568797802385,6.002568797802385,0.0,6,6,1588,2.640922768304921,,0
2019-04-08,2019-04-04,1,85ecd063ce81537029ac0bbe8d085f78269178948445f6292f3e29c02655ce38,v12_9ec6fd95111a8f36f8c6,False,False,False,513100,513100,513100,False,False,False,False,6.002568797802385,6.023063152574851,6.023063152574851,0.0,7,7,1588,2.6439317953861647,,0
2019-04-09,2019-04-08,1,85ecd063ce81537029ac0bbe8d085f78269178948445f6292f3e29c02655ce38,v12_9ec6fd95111a8f36f8c6,False,False,False,513100,513100,513100,False,False,False,False,6.023063152574851,6.029894604165674,6.029894604165674,0.0,8,8,1588,2.6529588766298957,,0
2019-04-10,2019-04-09,1,85ecd063ce81537029ac0bbe8d085f78269178948445f6292f3e29c02655ce38,v12_9ec6fd95111a8f36f8c6,False,False,False,513100,513100,513100,False,False,False,False,6.029894604165674,6.023063152574851,6.023063152574851,0.0,9,9,1588,2.6559679037111397,,0
2019-04-11,2019-04-10,1,85ecd063ce81537029ac0bbe8d085f78269178948445f6292f3e29c02655ce38,v12_9ec6fd95111a8f36f8c6,False,False,False,513100,510300,510300,False,False,True,False,6.023063152574851,6.054943259998687,6.0537322713466875,0.0012109886519997375,10,0,1588,1.7082298288191036,,0
2019-04-12,2019-04-11,1,85ecd063ce81537029ac0bbe8d085f78269178948445f6292f3e29c02655ce38,v12_9ec6fd95111a8f36f8c6,False,False,False,510300,510300,510300,False,False,False,False,6.0537322713466875,6.032522999124752,6.032522999124752,0.0,1,1,1588,1.7082298288191036,,0
2019-04-15,2019-04-12,1,85ecd063ce81537029ac0bbe8d085f78269178948445f6292f3e29c02655ce38,v12_9ec6fd95111a8f36f8c6,False,False,False,510300,510300,510300,False,False,False,False,6.032522999124752,5.994649298728437,5.994649298728437,0.0,2,2,1588,1.7082298288191036,,0
2019-04-16,2019-04-15,1,85ecd063ce81537029ac0bbe8d085f78269178948445f6292f3e29c02655ce38,v12_9ec6fd95111a8f36f8c6,False,False,False,510300,510300,510300,False,False,False,False,5.994649298728437,6.17644306063074,6.17644306063074,0.0,3,3,1588,1.7082298288191036,,0
2019-04-17,2019-04-16,1,85ecd063ce81537029ac0bbe8d085f78269178948445f6292f3e29c02655ce38,v12_9ec6fd95111a8f36f8c6,False,False,False,510300,510300,510300,False,False,False,False,6.17644306063074,6.161293580472216,6.161293580472216,0.0,4,4,1588,1.742856109133004,,0
2019-04-18,2019-04-17,1,85ecd063ce81537029ac0bbe8d085f78269178948445f6292f3e29c02655ce38,v12_9ec6fd95111a8f36f8c6,False,False,False,510300,510300,510300,False,False,False,False,6.161293580472216,6.150688944361248,6.150688944361248,0.0,5,5,1588,1.742856109133004,,0
2019-04-19,2019-04-18,1,85ecd063ce81537029ac0bbe8d085f78269178948445f6292f3e29c02655ce38,v12_9ec6fd95111a8f36f8c6,False,False,False,510300,510300,510300,False,False,False,False,6.150688944361248,6.2415858253123995,6.2415858253123995,0.0,6,6,1588,1.742856109133004,,0
2019-04-22,2019-04-19,1,85ecd063ce81537029ac0bbe8d085f78269178948445f6292f3e29c02655ce38,v12_9ec6fd95111a8f36f8c6,False,False,False,510300,510300,510300,False,False,False,False,6.2415858253123995,6.08554617967959,6.08554617967959,0.0,7,7,1588,1.7612379616453218,,0
2019-04-23,2019-04-22,1,85ecd063ce81537029ac0bbe8d085f78269178948445f6292f3e29c02655ce38,v12_9ec6fd95111a8f36f8c6,False,False,False,510300,513100,513100,True,False,True,False,6.08554617967959,6.074941543568622,6.073726555259908,0.0012149883087137245,8,0,1588,2.707121364092283,,0
2019-04-24,2019-04-23,1,85ecd063ce81537029ac0bbe8d085f78269178948445f6292f3e29c02655ce38,v12_9ec6fd95111a8f36f8c6,False,False,False,513100,513100,513100,False,False,False,False,6.073726555259908,6.1682417517478365,6.1682417517478365,0.0,1,1,1588,2.707121364092283,,0
2019-04-25,2019-04-24,1,85ecd063ce81537029ac0bbe8d085f78269178948445f6292f3e29c02655ce38,v12_9ec6fd95111a8f36f8c6,False,False,False,513100,513100,513100,False,False,False,False,6.1682417517478365,6.210998626349517,6.210998626349517,0.0,2,2,1588,2.7492477432296956,,0
2019-04-26,2019-04-25,1,85ecd063ce81537029ac0bbe8d085f78269178948445f6292f3e29c02655ce38,v12_9ec6fd95111a8f36f8c6,False,False,False,513100,513100,513100,False,False,False,False,6.210998626349517,6.251505139130058,6.251505139130058,0.0,3,3,1588,2.7683049147442387,,0
2019-04-29,2019-04-26,1,85ecd063ce81537029ac0bbe8d085f78269178948445f6292f3e29c02655ce38,v12_9ec6fd95111a8f36f8c6,False,False,False,513100,513100,513100,False,False,False,False,6.251505139130058,6.332518164691138,6.332518164691138,0.0,4,4,1588,2.7863590772317015,,0
2019-04-30,2019-04-29,1,85ecd063ce81537029ac0bbe8d085f78269178948445f6292f3e29c02655ce38,v12_9ec6fd95111a8f36f8c6,False,False,False,513100,513100,513100,False,False,False,False,6.332518164691138,6.316765631943151,6.316765631943151,0.0,5,5,1588,2.8224674022066267,,0
2019-05-06,2019-04-30,1,85ecd063ce81537029ac0bbe8d085f78269178948445f6292f3e29c02655ce38,v12_9ec6fd95111a8f36f8c6,False,False,False,513100,513100,513100,False,False,False,False,6.316765631943151,6.136736686251861,6.136736686251861,0.0,6,6,1588,2.8224674022066267,,0
2019-05-07,2019-05-06,1,85ecd063ce81537029ac0bbe8d085f78269178948445f6292f3e29c02655ce38,v12_9ec6fd95111a8f36f8c6,False,False,False,513100,518880,518880,True,False,True,False,6.136736686251861,6.204247540886095,6.203006691377918,0.001240849508177219,7,0,1588,1.0613099771515628,,0
2019-05-08,2019-05-07,1,85ecd063ce81537029ac0bbe8d085f78269178948445f6292f3e29c02655ce38,v12_9ec6fd95111a8f36f8c6,False,False,False,518880,513100,513100,False,False,True,False,6.203006691377918,6.240843474210147,6.239595305515305,0.0012481686948420294,1,0,1588,2.7121364092276896,,0
2019-05-09,2019-05-08,1,85ecd063ce81537029ac0bbe8d085f78269178948445f6292f3e29c02655ce38,v12_9ec6fd95111a8f36f8c6,False,False,False,513100,513100,513100,False,False,False,False,6.239595305515305,6.198059537949005,6.198059537949005,0.0,1,1,1588,2.7121364092276896,,0
2019-05-10,2019-05-09,1,85ecd063ce81537029ac0bbe8d085f78269178948445f6292f3e29c02655ce38,v12_9ec6fd95111a8f36f8c6,False,False,False,513100,513100,513100,False,False,False,False,6.198059537949005,6.204982165876722,6.204982165876722,0.0,2,2,1588,2.7121364092276896,,0
2019-05-13,2019-05-10,1,85ecd063ce81537029ac0bbe8d085f78269178948445f6292f3e29c02655ce38,v12_9ec6fd95111a8f36f8c6,False,False,False,513100,513100,513100,False,False,False,False,6.204982165876722,6.181906739451,6.181906739451,0.0,3,3,1588,2.7121364092276896,,0
2019-05-14,2019-05-13,1,85ecd063ce81537029ac0bbe8d085f78269178948445f6292f3e29c02655ce38,v12_9ec6fd95111a8f36f8c6,False,False,False,513100,513100,513100,False,False,False,False,6.181906739451,6.054991894109528,6.054991894109528,0.0,4,4,1588,2.7121364092276896,,0
2019-05-15,2019-05-14,1,85ecd063ce81537029ac0bbe8d085f78269178948445f6292f3e29c02655ce38,v12_9ec6fd95111a8f36f8c6,False,False,False,513100,518880,518880,True,False,True,False,6.054991894109528,6.133448343956983,6.132221654288192,0.0012266896687913968,5,0,1588,1.0830159939070845,,0
2019-05-16,2019-05-15,1,85ecd063ce81537029ac0bbe8d085f78269178948445f6292f3e29c02655ce38,v12_9ec6fd95111a8f36f8c6,False,False,False,518880,518880,518880,False,False,False,False,6.132221654288192,6.162408399421818,6.162408399421818,0.0,1,1,1588,1.0830159939070845,,0
2019-05-17,2019-05-16,1,85ecd063ce81537029ac0bbe8d085f78269178948445f6292f3e29c02655ce38,v12_9ec6fd95111a8f36f8c6,False,False,False,518880,518880,518880,False,False,False,False,6.162408399421818,6.153783615097925,6.153783615097925,0.0,2,2,1588,1.0883472962680898,,0
2019-05-20,2019-05-17,1,85ecd063ce81537029ac0bbe8d085f78269178948445f6292f3e29c02655ce38,v12_9ec6fd95111a8f36f8c6,False,False,False,518880,518880,518880,False,False,False,False,6.153783615097925,6.112815889559431,6.112815889559431,0.0,3,3,1588,1.0883472962680898,,0
2019-05-21,2019-05-20,1,85ecd063ce81537029ac0bbe8d085f78269178948445f6292f3e29c02655ce38,v12_9ec6fd95111a8f36f8c6,False,False,False,518880,518880,518880,False,False,False,False,6.112815889559431,6.110659693478458,6.110659693478458,0.0,4,4,1588,1.0883472962680898,,0
2019-05-22,2019-05-21,1,85ecd063ce81537029ac0bbe8d085f78269178948445f6292f3e29c02655ce38,v12_9ec6fd95111a8f36f8c6,False,False,False,518880,518880,518880,False,False,False,False,6.110659693478458,6.110659693478458,6.110659693478458,0.0,5,5,1588,1.0883472962680898,,0
2019-05-23,2019-05-22,1,85ecd063ce81537029ac0bbe8d085f78269178948445f6292f3e29c02655ce38,v12_9ec6fd95111a8f36f8c6,False,False,False,518880,518880,518880,False,False,False,False,6.110659693478458,6.125753066045271,6.125753066045271,0.0,6,6,1588,1.0883472962680898,,0
2019-05-24,2019-05-23,1,85ecd063ce81537029ac0bbe8d085f78269178948445f6292f3e29c02655ce38,v12_9ec6fd95111a8f36f8c6,False,False,False,518880,518880,518880,False,False,False,False,6.125753066045271,6.158096007259871,6.158096007259871,0.0,7,7,1588,1.0883472962680898,,0
2019-05-27,2019-05-24,1,85ecd063ce81537029ac0bbe8d085f78269178948445f6292f3e29c02655ce38,v12_9ec6fd95111a8f36f8c6,False,False,False,518880,518880,518880,False,False,False,False,6.158096007259871,6.162408399421818,6.162408399421818,0.0,8,8,1588,1.0883472962680898,,0
2019-05-28,2019-05-27,1,85ecd063ce81537029ac0bbe8d085f78269178948445f6292f3e29c02655ce38,v12_9ec6fd95111a8f36f8c6,False,False,False,518880,518880,518880,False,False,False,False,6.162408399421818,6.153783615097925,6.153783615097925,0.0,9,9,1588,1.0883472962680898,,0
2019-05-29,2019-05-28,1,85ecd063ce81537029ac0bbe8d085f78269178948445f6292f3e29c02655ce38,v12_9ec6fd95111a8f36f8c6,False,False,False,518880,518880,518880,False,False,False,False,6.153783615097925,6.168876987664739,6.168876987664739,0.0,10,10,1588,1.0883472962680898,,0
2019-05-30,2019-05-29,1,85ecd063ce81537029ac0bbe8d085f78269178948445f6292f3e29c02655ce38,v12_9ec6fd95111a8f36f8c6,False,False,False,518880,518880,518880,False,False,False,False,6.168876987664739,6.138690242531111,6.138690242531111,0.0,11,11,1588,1.089489718202591,,0
2019-05-31,2019-05-30,1,85ecd063ce81537029ac0bbe8d085f78269178948445f6292f3e29c02655ce38,v12_9ec6fd95111a8f36f8c6,False,False,False,518880,518880,518880,False,False,False,False,6.138690242531111,6.205532321041286,6.205532321041286,0.0,12,12,1588,1.089489718202591,,0
2019-06-03,2019-05-31,1,85ecd063ce81537029ac0bbe8d085f78269178948445f6292f3e29c02655ce38,v12_9ec6fd95111a8f36f8c6,False,False,False,518880,518880,518880,False,False,False,False,6.205532321041286,6.283155379956327,6.283155379956327,0.0,13,13,1588,1.0959634424980975,,0
2019-06-04,2019-06-03,1,85ecd063ce81537029ac0bbe8d085f78269178948445f6292f3e29c02655ce38,v12_9ec6fd95111a8f36f8c6,False,False,False,518880,512400,512400,False,False,True,False,6.283155379956327,6.3478412623855265,6.34657169413305,0.0012695682524771054,14,0,1588,0.6061776061776063,,0
2019-06-05,2019-06-04,1,85ecd063ce81537029ac0bbe8d085f78269178948445f6292f3e29c02655ce38,v12_9ec6fd95111a8f36f8c6,False,False,False,512400,512400,512400,False,False,False,False,6.34657169413305,6.4072077294273155,6.4072077294273155,0.0,1,1,1588,0.6061776061776063,,0
2019-06-06,2019-06-05,1,85ecd063ce81537029ac0bbe8d085f78269178948445f6292f3e29c02655ce38,v12_9ec6fd95111a8f36f8c6,False,False,False,512400,512400,512400,False,False,False,False,6.4072077294273155,6.366783705897806,6.366783705897806,0.0,2,2,1588,0.6119691119691122,,0
2019-06-10,2019-06-06,1,85ecd063ce81537029ac0bbe8d085f78269178948445f6292f3e29c02655ce38,v12_9ec6fd95111a8f36f8c6,False,False,False,512400,512400,512400,False,False,False,False,6.366783705897806,6.427419741192071,6.427419741192071,0.0,3,3,1588,0.6119691119691122,,0
2019-06-11,2019-06-10,1,85ecd063ce81537029ac0bbe8d085f78269178948445f6292f3e29c02655ce38,v12_9ec6fd95111a8f36f8c6,False,False,False,512400,512400,512400,False,False,False,False,6.427419741192071,6.599221841192487,6.599221841192487,0.0,4,4,1588,0.6138996138996141,,0
2019-06-12,2019-06-11,1,85ecd063ce81537029ac0bbe8d085f78269178948445f6292f3e29c02655ce38,v12_9ec6fd95111a8f36f8c6,False,False,False,512400,512400,512400,False,False,False,False,6.599221841192487,6.6800698882515075,6.6800698882515075,0.0,5,5,1588,0.6303088803088805,,0
2019-06-13,2019-06-12,1,85ecd063ce81537029ac0bbe8d085f78269178948445f6292f3e29c02655ce38,v12_9ec6fd95111a8f36f8c6,False,False,False,512400,512400,512400,False,False,False,False,6.6800698882515075,6.669963882369129,6.669963882369129,0.0,6,6,1588,0.6380308880308884,,0
2019-06-14,2019-06-13,1,85ecd063ce81537029ac0bbe8d085f78269178948445f6292f3e29c02655ce38,v12_9ec6fd95111a8f36f8c6,False,False,False,512400,512400,512400,False,False,False,False,6.669963882369129,6.619433852957241,6.619433852957241,0.0,7,7,1588,0.6380308880308884,,0
2019-06-17,2019-06-14,1,85ecd063ce81537029ac0bbe8d085f78269178948445f6292f3e29c02655ce38,v12_9ec6fd95111a8f36f8c6,False,False,False,512400,512400,512400,False,False,False,False,6.619433852957241,6.690175894133883,6.690175894133883,0.0,8,8,1588,0.6380308880308884,,0
2019-06-18,2019-06-17,1,85ecd063ce81537029ac0bbe8d085f78269178948445f6292f3e29c02655ce38,v12_9ec6fd95111a8f36f8c6,False,False,False,512400,512400,512400,False,False,False,False,6.690175894133883,6.579009829427731,6.579009829427731,0.0,9,9,1588,0.6389961389961393,,0
2019-06-19,2019-06-18,1,85ecd063ce81537029ac0bbe8d085f78269178948445f6292f3e29c02655ce38,v12_9ec6fd95111a8f36f8c6,False,False,False,512400,512400,512400,False,False,False,False,6.579009829427731,6.589115835310109,6.589115835310109,0.0,10,10,1588,0.6389961389961393,,0
2019-06-20,2019-06-19,1,85ecd063ce81537029ac0bbe8d085f78269178948445f6292f3e29c02655ce38,v12_9ec6fd95111a8f36f8c6,False,False,False,512400,512400,512400,False,False,False,False,6.589115835310109,6.710387905898639,6.710387905898639,0.0,11,11,1588,0.6389961389961393,,0
2019-06-21,2019-06-20,1,85ecd063ce81537029ac0bbe8d085f78269178948445f6292f3e29c02655ce38,v12_9ec6fd95111a8f36f8c6,False,False,False,512400,512400,512400,False,False,False,False,6.710387905898639,6.821553970604791,6.821553970604791,0.0,12,12,1588,0.6409266409266413,,0
2019-06-24,2019-06-21,1,85ecd063ce81537029ac0bbe8d085f78269178948445f6292f3e29c02655ce38,v12_9ec6fd95111a8f36f8c6,False,False,False,512400,512400,512400,False,False,False,False,6.821553970604791,6.861977994134301,6.861977994134301,0.0,13,13,1588,0.651544401544402,,0
2019-06-25,2019-06-24,1,85ecd063ce81537029ac0bbe8d085f78269178948445f6292f3e29c02655ce38,v12_9ec6fd95111a8f36f8c6,False,False,False,512400,512400,512400,False,False,False,False,6.861977994134301,6.892296011781433,6.892296011781433,0.0,14,14,1588,0.6554054054054058,,0
2019-06-26,2019-06-25,1,85ecd063ce81537029ac0bbe8d085f78269178948445f6292f3e29c02655ce38,v12_9ec6fd95111a8f36f8c6,False,False,False,512400,512400,512400,False,False,False,False,6.892296011781433,6.720493911781016,6.720493911781016,0.0,15,15,1588,0.6583011583011587,,0
2019-06-27,2019-06-26,1,85ecd063ce81537029ac0bbe8d085f78269178948445f6292f3e29c02655ce38,v12_9ec6fd95111a8f36f8c6,False,False,False,512400,512400,512400,False,False,False,False,6.720493911781016,6.750811929428149,6.750811929428149,0.0,16,16,1588,0.6583011583011587,,0
2019-06-28,2019-06-27,1,85ecd063ce81537029ac0bbe8d085f78269178948445f6292f3e29c02655ce38,v12_9ec6fd95111a8f36f8c6,False,False,False,512400,512400,512400,False,False,False,False,6.750811929428149,6.700281900016262,6.700281900016262,0.0,17,17,1588,0.6583011583011587,,0
2019-07-01,2019-06-28,1,85ecd063ce81537029ac0bbe8d085f78269178948445f6292f3e29c02655ce38,v12_9ec6fd95111a8f36f8c6,False,False,False,512400,510300,510300,False,False,True,False,6.700281900016262,6.801341958840037,6.799981690448269,0.0013602683917680073,18,0,1588,1.6902754612489321,,0
2019-07-02,2019-07-01,1,85ecd063ce81537029ac0bbe8d085f78269178948445f6292f3e29c02655ce38,v12_9ec6fd95111a8f36f8c6,False,False,False,510300,510300,510300,False,False,False,False,6.799981690448269,6.810300327307826,6.810300327307826,0.0,1,1,1588,1.6902754612489321,,0
2019-07-03,2019-07-02,1,85ecd063ce81537029ac0bbe8d085f78269178948445f6292f3e29c02655ce38,v12_9ec6fd95111a8f36f8c6,False,False,False,510300,510300,510300,False,False,False,False,6.810300327307826,6.753547824580261,6.753547824580261,0.0,2,2,1588,1.6928403709018136,,0
2019-07-04,2019-07-03,1,85ecd063ce81537029ac0bbe8d085f78269178948445f6292f3e29c02655ce38,v12_9ec6fd95111a8f36f8c6,False,False,False,510300,510300,510300,False,False,False,False,6.753547824580261,6.708833731522179,6.708833731522179,0.0,3,3,1588,1.6928403709018136,,0
2019-07-05,2019-07-04,1,85ecd063ce81537029ac0bbe8d085f78269178948445f6292f3e29c02655ce38,v12_9ec6fd95111a8f36f8c6,False,False,False,510300,510300,510300,False,False,False,False,6.708833731522179,6.743229187720703,6.743229187720703,0.0,4,4,1588,1.6928403709018136,,0
2019-07-08,2019-07-05,1,85ecd063ce81537029ac0bbe8d085f78269178948445f6292f3e29c02655ce38,v12_9ec6fd95111a8f36f8c6,False,False,False,510300,510300,510300,False,False,False,False,6.743229187720703,6.588449634827344,6.588449634827344,0.0,5,5,1588,1.6928403709018136,,0
2019-07-09,2019-07-08,1,85ecd063ce81537029ac0bbe8d085f78269178948445f6292f3e29c02655ce38,v12_9ec6fd95111a8f36f8c6,False,False,False,510300,513100,513100,True,False,True,False,6.588449634827344,6.572971679538009,6.5716570852021015,0.0013145943359076017,6,0,1588,2.764292878635915,,0
2019-07-10,2019-07-09,1,85ecd063ce81537029ac0bbe8d085f78269178948445f6292f3e29c02655ce38,v12_9ec6fd95111a8f36f8c6,False,False,False,513100,513100,513100,False,False,False,False,6.5716570852021015,6.645576304955826,6.645576304955826,0.0,1,1,1588,2.764292878635915,,0
2019-07-11,2019-07-10,1,85ecd063ce81537029ac0bbe8d085f78269178948445f6292f3e29c02655ce38,v12_9ec6fd95111a8f36f8c6,False,False,False,513100,513100,513100,False,False,False,False,6.645576304955826,6.729033488548742,6.729033488548742,0.0,2,2,1588,2.7953861584754334,,0
2019-07-12,2019-07-11,1,85ecd063ce81537029ac0bbe8d085f78269178948445f6292f3e29c02655ce38,v12_9ec6fd95111a8f36f8c6,False,False,False,513100,513100,513100,False,False,False,False,6.729033488548742,6.717111033749754,6.717111033749754,0.0,3,3,1588,2.8304914744232774,,0
2019-07-15,2019-07-12,1,85ecd063ce81537029ac0bbe8d085f78269178948445f6292f3e29c02655ce38,v12_9ec6fd95111a8f36f8c6,False,False,False,513100,513100,513100,False,False,False,False,6.717111033749754,6.771954325825098,6.771954325825098,0.0,4,4,1588,2.8304914744232774,,0
2019-07-16,2019-07-15,1,85ecd063ce81537029ac0bbe8d085f78269178948445f6292f3e29c02655ce38,v12_9ec6fd95111a8f36f8c6,False,False,False,513100,513100,513100,False,False,False,False,6.771954325825098,6.793414744463276,6.793414744463276,0.0,5,5,1588,2.8485456369107394,,0
2019-07-17,2019-07-16,1,85ecd063ce81537029ac0bbe8d085f78269178948445f6292f3e29c02655ce38,v12_9ec6fd95111a8f36f8c6,False,False,False,513100,513100,513100,False,False,False,False,6.793414744463276,6.757647380066312,6.757647380066312,0.0,6,6,1588,2.857572718154471,,0
2019-07-18,2019-07-17,1,85ecd063ce81537029ac0bbe8d085f78269178948445f6292f3e29c02655ce38,v12_9ec6fd95111a8f36f8c6,False,False,False,513100,513100,513100,False,False,False,False,6.757647380066312,6.681343669352789,6.681343669352789,0.0,7,7,1588,2.857572718154471,,0
2019-07-19,2019-07-18,1,85ecd063ce81537029ac0bbe8d085f78269178948445f6292f3e29c02655ce38,v12_9ec6fd95111a8f36f8c6,False,False,False,513100,513100,513100,False,False,False,False,6.681343669352789,6.760031871026108,6.760031871026108,0.0,8,8,1588,2.857572718154471,,0
2019-07-22,2019-07-19,1,85ecd063ce81537029ac0bbe8d085f78269178948445f6292f3e29c02655ce38,v12_9ec6fd95111a8f36f8c6,False,False,False,513100,513100,513100,False,False,False,False,6.760031871026108,6.686112651272384,6.686112651272384,0.0,9,9,1588,2.857572718154471,,0
2019-07-23,2019-07-22,1,85ecd063ce81537029ac0bbe8d085f78269178948445f6292f3e29c02655ce38,v12_9ec6fd95111a8f36f8c6,False,False,False,513100,513100,513100,False,False,False,False,6.686112651272384,6.760031871026109,6.760031871026109,0.0,10,10,1588,2.857572718154471,,0
2019-07-24,2019-07-23,1,85ecd063ce81537029ac0bbe8d085f78269178948445f6292f3e29c02655ce38,v12_9ec6fd95111a8f36f8c6,False,False,False,513100,513100,513100,False,False,False,False,6.760031871026109,6.788645762543679,6.788645762543679,0.0,11,11,1588,2.857572718154471,,0
2019-07-25,2019-07-24,1,85ecd063ce81537029ac0bbe8d085f78269178948445f6292f3e29c02655ce38,v12_9ec6fd95111a8f36f8c6,False,False,False,513100,513100,513100,False,False,False,False,6.788645762543679,6.843489054619024,6.843489054619024,0.0,12,12,1588,2.857572718154471,,0
2019-07-26,2019-07-25,1,85ecd063ce81537029ac0bbe8d085f78269178948445f6292f3e29c02655ce38,v12_9ec6fd95111a8f36f8c6,False,False,False,513100,513100,513100,False,False,False,False,6.843489054619024,6.805337199262262,6.805337199262262,0.0,13,13,1588,2.8786359077231767,,0
2019-07-29,2019-07-26,1,85ecd063ce81537029ac0bbe8d085f78269178948445f6292f3e29c02655ce38,v12_9ec6fd95111a8f36f8c6,False,False,False,513100,513100,513100,False,False,False,False,6.805337199262262,6.833951090779834,6.833951090779834,0.0,14,14,1588,2.8786359077231767,,0
2019-07-30,2019-07-29,1,85ecd063ce81537029ac0bbe8d085f78269178948445f6292f3e29c02655ce38,v12_9ec6fd95111a8f36f8c6,False,False,False,513100,513100,513100,False,False,False,False,6.833951090779834,6.822028635980846,6.822028635980846,0.0,15,15,1588,2.8786359077231767,,0
2019-07-31,2019-07-30,1,85ecd063ce81537029ac0bbe8d085f78269178948445f6292f3e29c02655ce38,v12_9ec6fd95111a8f36f8c6,False,False,False,513100,513100,513100,False,False,False,False,6.822028635980846,6.805337199262262,6.805337199262262,0.0,16,16,1588,2.8786359077231767,,0
2019-08-01,2019-07-31,1,85ecd063ce81537029ac0bbe8d085f78269178948445f6292f3e29c02655ce38,v12_9ec6fd95111a8f36f8c6,False,False,False,513100,513100,513100,False,False,False,False,6.805337199262262,6.707573069910563,6.707573069910563,0.0,17,17,1588,2.8786359077231767,,0
2019-08-02,2019-08-01,1,85ecd063ce81537029ac0bbe8d085f78269178948445f6292f3e29c02655ce38,v12_9ec6fd95111a8f36f8c6,False,False,False,513100,513100,513100,False,False,False,False,6.707573069910563,6.719495524709551,6.719495524709551,0.0,18,18,1588,2.8786359077231767,,0
2019-08-05,2019-08-02,1,85ecd063ce81537029ac0bbe8d085f78269178948445f6292f3e29c02655ce38,v12_9ec6fd95111a8f36f8c6,False,False,False,513100,513100,513100,False,False,False,False,6.719495524709551,6.650345286875421,6.650345286875421,0.0,19,19,1588,2.8786359077231767,,0
2019-08-06,2019-08-05,1,85ecd063ce81537029ac0bbe8d085f78269178948445f6292f3e29c02655ce38,v12_9ec6fd95111a8f36f8c6,False,False,False,513100,513100,513100,False,False,False,False,6.650345286875421,6.519198284086554,6.519198284086554,0.0,20,20,1588,2.8786359077231767,,0
2019-08-07,2019-08-06,1,85ecd063ce81537029ac0bbe8d085f78269178948445f6292f3e29c02655ce38,v12_9ec6fd95111a8f36f8c6,False,False,False,513100,518880,518880,False,False,True,False,6.519198284086554,6.566888103282505,6.565574725661849,0.001313377620656501,21,0,1588,1.2806549885757834,,0
2019-08-08,2019-08-07,1,85ecd063ce81537029ac0bbe8d085f78269178948445f6292f3e29c02655ce38,v12_9ec6fd95111a8f36f8c6,False,False,False,518880,518880,518880,False,False,False,False,6.565574725661849,6.61047755607821,6.61047755607821,0.0,1,1,1588,1.2806549885757834,,0
2019-08-09,2019-08-08,1,85ecd063ce81537029ac0bbe8d085f78269178948445f6292f3e29c02655ce38,v12_9ec6fd95111a8f36f8c6,False,False,False,518880,518880,518880,False,False,False,False,6.61047755607821,6.643666604646824,6.643666604646824,0.0,2,2,1588,1.2894135567402922,,0
2019-08-12,2019-08-09,1,85ecd063ce81537029ac0bbe8d085f78269178948445f6292f3e29c02655ce38,v12_9ec6fd95111a8f36f8c6,False,False,False,518880,518880,518880,False,False,False,False,6.643666604646824,6.602668368179712,6.602668368179712,0.0,3,3,1588,1.2958872810357986,,0
2019-08-13,2019-08-12,1,85ecd063ce81537029ac0bbe8d085f78269178948445f6292f3e29c02655ce38,v12_9ec6fd95111a8f36f8c6,False,False,False,518880,518880,518880,False,False,False,False,6.602668368179712,6.764709017073537,6.764709017073537,0.0,4,4,1588,1.2958872810357986,,0
2019-08-14,2019-08-13,1,85ecd063ce81537029ac0bbe8d085f78269178948445f6292f3e29c02655ce38,v12_9ec6fd95111a8f36f8c6,False,False,False,518880,518880,518880,False,False,False,False,6.764709017073537,6.590954586331966,6.590954586331966,0.0,5,5,1588,1.3194973343488223,,0
2019-08-15,2019-08-14,1,85ecd063ce81537029ac0bbe8d085f78269178948445f6292f3e29c02655ce38,v12_9ec6fd95111a8f36f8c6,False,False,False,518880,512400,512400,True,False,True,False,6.590954586331966,6.665141871367695,6.663808842993421,0.001333028374273539,6,0,1588,0.6312741312741313,,0
2019-08-16,2019-08-15,1,85ecd063ce81537029ac0bbe8d085f78269178948445f6292f3e29c02655ce38,v12_9ec6fd95111a8f36f8c6,False,False,False,512400,512400,512400,False,False,False,False,6.663808842993421,6.694376773465868,6.694376773465868,0.0,1,1,1588,0.6312741312741313,,0
2019-08-19,2019-08-16,1,85ecd063ce81537029ac0bbe8d085f78269178948445f6292f3e29c02655ce38,v12_9ec6fd95111a8f36f8c6,False,False,False,512400,512400,512400,False,False,False,False,6.694376773465868,6.765701944568244,6.765701944568244,0.0,2,2,1588,0.6341698841698843,,0
2019-08-20,2019-08-19,1,85ecd063ce81537029ac0bbe8d085f78269178948445f6292f3e29c02655ce38,v12_9ec6fd95111a8f36f8c6,False,False,False,512400,159915,159915,False,False,True,False,6.765701944568244,6.83702711567062,6.835659710247485,0.001367405423134124,3,0,1588,1.9485570890840525,,0
2019-08-21,2019-08-20,1,85ecd063ce81537029ac0bbe8d085f78269178948445f6292f3e29c02655ce38,v12_9ec6fd95111a8f36f8c6,False,False,False,159915,159915,159915,False,False,False,False,6.835659710247485,6.818053374870157,6.818053374870157,0.0,1,1,1588,1.9485570890840525,,0
2019-08-22,2019-08-21,1,85ecd063ce81537029ac0bbe8d085f78269178948445f6292f3e29c02655ce38,v12_9ec6fd95111a8f36f8c6,False,False,False,159915,159915,159915,False,False,False,False,6.818053374870157,6.840061294091817,6.840061294091817,0.0,2,2,1588,1.9485570890840525,,0
2019-08-23,2019-08-22,1,85ecd063ce81537029ac0bbe8d085f78269178948445f6292f3e29c02655ce38,v12_9ec6fd95111a8f36f8c6,False,False,False,159915,159915,159915,False,False,False,False,6.840061294091817,6.844462877936149,6.844462877936149,0.0,3,3,1588,1.9498117942283437,,0
2019-08-26,2019-08-23,1,85ecd063ce81537029ac0bbe8d085f78269178948445f6292f3e29c02655ce38,v12_9ec6fd95111a8f36f8c6,False,False,False,159915,159915,159915,False,False,False,False,6.844462877936149,6.7784391202711705,6.7784391202711705,0.0,4,4,1588,1.9510664993726348,,0
2019-08-27,2019-08-26,1,85ecd063ce81537029ac0bbe8d085f78269178948445f6292f3e29c02655ce38,v12_9ec6fd95111a8f36f8c6,False,False,False,159915,159915,159915,False,False,False,False,6.7784391202711705,6.897281884068132,6.897281884068132,0.0,5,5,1588,1.9510664993726348,,0
2019-08-28,2019-08-27,1,85ecd063ce81537029ac0bbe8d085f78269178948445f6292f3e29c02655ce38,v12_9ec6fd95111a8f36f8c6,False,False,False,159915,159915,159915,False,False,False,False,6.897281884068132,6.888478716379468,6.888478716379468,0.0,6,6,1588,1.9661229611041278,,0
2019-08-29,2019-08-28,1,85ecd063ce81537029ac0bbe8d085f78269178948445f6292f3e29c02655ce38,v12_9ec6fd95111a8f36f8c6,False,False,False,159915,159915,159915,False,False,False,False,6.888478716379468,6.8576676294691445,6.8576676294691445,0.0,7,7,1588,1.9661229611041278,,0
2019-08-30,2019-08-29,1,85ecd063ce81537029ac0bbe8d085f78269178948445f6292f3e29c02655ce38,v12_9ec6fd95111a8f36f8c6,False,False,False,159915,159915,159915,False,False,False,False,6.8576676294691445,6.818053374870157,6.818053374870157,0.0,8,8,1588,1.9661229611041278,,0
2019-09-02,2019-08-30,1,85ecd063ce81537029ac0bbe8d085f78269178948445f6292f3e29c02655ce38,v12_9ec6fd95111a8f36f8c6,False,False,False,159915,159915,159915,False,False,False,False,6.818053374870157,7.00732148017643,7.00732148017643,0.0,9,9,1588,1.9661229611041278,,0
2019-09-03,2019-09-02,1,85ecd063ce81537029ac0bbe8d085f78269178948445f6292f3e29c02655ce38,v12_9ec6fd95111a8f36f8c6,False,False,False,159915,159915,159915,False,False,False,False,7.00732148017643,7.020526231709426,7.020526231709426,0.0,10,10,1588,1.9974905897114046,,0
2019-09-04,2019-09-03,1,85ecd063ce81537029ac0bbe8d085f78269178948445f6292f3e29c02655ce38,v12_9ec6fd95111a8f36f8c6,False,False,False,159915,159915,159915,False,False,False,False,7.020526231709426,7.0733452378414094,7.0733452378414094,0.0,11,11,1588,2.001254705144278,,0
2019-09-05,2019-09-04,1,85ecd063ce81537029ac0bbe8d085f78269178948445f6292f3e29c02655ce38,v12_9ec6fd95111a8f36f8c6,False,False,False,159915,159915,159915,False,False,False,False,7.0733452378414094,7.161376914728048,7.161376914728048,0.0,12,12,1588,2.016311166875771,,0
2019-09-06,2019-09-05,1,85ecd063ce81537029ac0bbe8d085f78269178948445f6292f3e29c02655ce38,v12_9ec6fd95111a8f36f8c6,False,False,False,159915,159915,159915,False,False,False,False,7.161376914728048,7.178983250105375,7.178983250105375,0.0,13,13,1588,2.0414052697615928,,0
2019-09-09,2019-09-06,1,85ecd063ce81537029ac0bbe8d085f78269178948445f6292f3e29c02655ce38,v12_9ec6fd95111a8f36f8c6,False,False,False,159915,159915,159915,False,False,False,False,7.178983250105375,7.35064502003432,7.35064502003432,0.0,14,14,1588,2.046424090338757,,0
2019-09-10,2019-09-09,1,85ecd063ce81537029ac0bbe8d085f78269178948445f6292f3e29c02655ce38,v12_9ec6fd95111a8f36f8c6,False,False,False,159915,159915,159915,False,False,False,False,7.35064502003432,7.3110307654353335,7.3110307654353335,0.0,15,15,1588,2.095357590966109,,0
2019-09-11,2019-09-10,1,85ecd063ce81537029ac0bbe8d085f78269178948445f6292f3e29c02655ce38,v12_9ec6fd95111a8f36f8c6,False,False,False,159915,159915,159915,False,False,False,False,7.3110307654353335,7.2097943370156985,7.2097943370156985,0.0,16,16,1588,2.095357590966109,,0
2019-09-12,2019-09-11,1,85ecd063ce81537029ac0bbe8d085f78269178948445f6292f3e29c02655ce38,v12_9ec6fd95111a8f36f8c6,False,False,False,159915,159915,159915,False,False,False,False,7.2097943370156985,7.2450070077703534,7.2450070077703534,0.0,17,17,1588,2.095357590966109,,0
2019-09-16,2019-09-12,1,85ecd063ce81537029ac0bbe8d085f78269178948445f6292f3e29c02655ce38,v12_9ec6fd95111a8f36f8c6,False,False,False,159915,159915,159915,False,False,False,False,7.2450070077703534,7.262613343147681,7.262613343147681,0.0,18,18,1588,2.095357590966109,,0
2019-09-17,2019-09-16,1,85ecd063ce81537029ac0bbe8d085f78269178948445f6292f3e29c02655ce38,v12_9ec6fd95111a8f36f8c6,False,False,False,159915,510500,510500,False,False,True,False,7.262613343147681,7.12176266012906,7.120338307597034,0.0014243525320258121,19,0,1588,1.6030534350618613,,0
2019-09-18,2019-09-17,1,85ecd063ce81537029ac0bbe8d085f78269178948445f6292f3e29c02655ce38,v12_9ec6fd95111a8f36f8c6,False,False,False,510500,159915,159915,True,False,True,False,7.120338307597034,7.125472858386722,7.124047763815045,0.0014250945716773444,1,0,1588,2.0288582183186814,,0
2019-09-19,2019-09-18,1,85ecd063ce81537029ac0bbe8d085f78269178948445f6292f3e29c02655ce38,v12_9ec6fd95111a8f36f8c6,False,False,False,159915,159915,159915,False,False,False,False,7.124047763815045,7.2341907409921475,7.2341907409921475,0.0,1,1,1588,2.0288582183186814,,0
2019-09-20,2019-09-19,1,85ecd063ce81537029ac0bbe8d085f78269178948445f6292f3e29c02655ce38,v12_9ec6fd95111a8f36f8c6,False,False,False,159915,159915,159915,False,False,False,False,7.2341907409921475,7.216567864643811,7.216567864643811,0.0,2,2,1588,2.0602258469259582,,0
2019-09-23,2019-09-20,1,85ecd063ce81537029ac0bbe8d085f78269178948445f6292f3e29c02655ce38,v12_9ec6fd95111a8f36f8c6,False,False,False,159915,159915,159915,False,False,False,False,7.216567864643811,7.137264921076298,7.137264921076298,0.0,3,3,1588,2.0602258469259582,,0
2019-09-24,2019-09-23,1,85ecd063ce81537029ac0bbe8d085f78269178948445f6292f3e29c02655ce38,v12_9ec6fd95111a8f36f8c6,False,False,False,159915,159915,159915,False,False,False,False,7.137264921076298,7.176916392860055,7.176916392860055,0.0,4,4,1588,2.0602258469259582,,0
2019-09-25,2019-09-24,1,85ecd063ce81537029ac0bbe8d085f78269178948445f6292f3e29c02655ce38,v12_9ec6fd95111a8f36f8c6,False,False,False,159915,159915,159915,False,False,False,False,7.176916392860055,7.097613449292542,7.097613449292542,0.0,5,5,1588,2.0602258469259582,,0
2019-09-26,2019-09-25,1,85ecd063ce81537029ac0bbe8d085f78269178948445f6292f3e29c02655ce38,v12_9ec6fd95111a8f36f8c6,False,False,False,159915,159915,159915,False,False,False,False,7.097613449292542,6.877327494938334,6.877327494938334,0.0,6,6,1588,2.0602258469259582,,0
2019-09-27,2019-09-26,1,85ecd063ce81537029ac0bbe8d085f78269178948445f6292f3e29c02655ce38,v12_9ec6fd95111a8f36f8c6,False,False,False,159915,513100,513100,True,False,True,False,6.877327494938334,6.991876191202522,6.990477815964281,0.0013983752382405045,7,0,1588,2.863590772316957,,0
2019-09-30,2019-09-27,1,85ecd063ce81537029ac0bbe8d085f78269178948445f6292f3e29c02655ce38,v12_9ec6fd95111a8f36f8c6,False,False,False,513100,513100,513100,False,False,False,False,6.990477815964281,6.939059240085035,6.939059240085035,0.0,1,1,1588,2.863590772316957,,0
2019-10-08,2019-09-30,1,85ecd063ce81537029ac0bbe8d085f78269178948445f6292f3e29c02655ce38,v12_9ec6fd95111a8f36f8c6,False,False,False,513100,159915,159915,False,False,True,False,6.939059240085035,6.970889787057901,6.969495609100489,0.0013941779574115803,2,0,1588,1.9523212045169256,,0
2019-10-09,2019-10-08,1,85ecd063ce81537029ac0bbe8d085f78269178948445f6292f3e29c02655ce38,v12_9ec6fd95111a8f36f8c6,False,False,False,159915,513100,513100,False,False,True,False,6.969495609100489,6.991891160543615,6.990492782311506,0.001398378232108723,1,0,1588,2.8144433299899756,,0
2019-10-10,2019-10-09,1,85ecd063ce81537029ac0bbe8d085f78269178948445f6292f3e29c02655ce38,v12_9ec6fd95111a8f36f8c6,False,False,False,513100,518880,518880,False,False,True,False,6.990492782311506,7.0228792421012605,7.02147466625284,0.0014045758484202522,1,0,1588,1.3031226199543062,,0
2019-10-11,2019-10-10,1,85ecd063ce81537029ac0bbe8d085f78269178948445f6292f3e29c02655ce38,v12_9ec6fd95111a8f36f8c6,False,False,False,518880,518880,518880,False,False,False,False,7.02147466625284,6.986592997834868,6.986592997834868,0.0,1,1,1588,1.3031226199543062,,0
2019-10-14,2019-10-11,1,85ecd063ce81537029ac0bbe8d085f78269178948445f6292f3e29c02655ce38,v12_9ec6fd95111a8f36f8c6,False,False,False,518880,518880,518880,False,False,False,False,6.986592997834868,6.886051718277185,6.886051718277185,0.0,2,2,1588,1.3031226199543062,,0
2019-10-15,2019-10-14,1,85ecd063ce81537029ac0bbe8d085f78269178948445f6292f3e29c02655ce38,v12_9ec6fd95111a8f36f8c6,False,False,False,518880,513100,513100,False,False,True,False,6.886051718277185,6.900414758213997,6.899034675262354,0.0013800829516427994,3,0,1588,2.8876629889669077,,0
2019-10-16,2019-10-15,1,85ecd063ce81537029ac0bbe8d085f78269178948445f6292f3e29c02655ce38,v12_9ec6fd95111a8f36f8c6,False,False,False,513100,513100,513100,False,False,False,False,6.899034675262354,6.958942930518193,6.958942930518193,0.0,1,1,1588,2.8876629889669077,,0
2019-10-17,2019-10-16,1,85ecd063ce81537029ac0bbe8d085f78269178948445f6292f3e29c02655ce38,v12_9ec6fd95111a8f36f8c6,False,False,False,513100,513100,513100,False,False,False,False,6.958942930518193,6.956546600307959,6.956546600307959,0.0,2,2,1588,2.9127382146439387,,0
2019-10-18,2019-10-17,1,85ecd063ce81537029ac0bbe8d085f78269178948445f6292f3e29c02655ce38,v12_9ec6fd95111a8f36f8c6,False,False,False,513100,513100,513100,False,False,False,False,6.956546600307959,6.9469612794670255,6.9469612794670255,0.0,3,3,1588,2.9127382146439387,,0
2019-10-21,2019-10-18,1,85ecd063ce81537029ac0bbe8d085f78269178948445f6292f3e29c02655ce38,v12_9ec6fd95111a8f36f8c6,False,False,False,513100,513100,513100,False,False,False,False,6.9469612794670255,6.906223665893056,6.906223665893056,0.0,4,4,1588,2.9127382146439387,,0
2019-10-22,2019-10-21,1,85ecd063ce81537029ac0bbe8d085f78269178948445f6292f3e29c02655ce38,v12_9ec6fd95111a8f36f8c6,False,False,False,513100,513100,513100,False,False,False,False,6.906223665893056,6.966131921148895,6.966131921148895,0.0,5,5,1588,2.9127382146439387,,0
2019-10-23,2019-10-22,1,85ecd063ce81537029ac0bbe8d085f78269178948445f6292f3e29c02655ce38,v12_9ec6fd95111a8f36f8c6,False,False,False,513100,513100,513100,False,False,False,False,6.966131921148895,6.882260363790721,6.882260363790721,0.0,6,6,1588,2.9157472417251826,,0
2019-10-24,2019-10-23,1,85ecd063ce81537029ac0bbe8d085f78269178948445f6292f3e29c02655ce38,v12_9ec6fd95111a8f36f8c6,False,False,False,513100,513100,513100,False,False,False,False,6.882260363790721,6.920601647154457,6.920601647154457,0.0,7,7,1588,2.9157472417251826,,0
2019-10-25,2019-10-24,1,85ecd063ce81537029ac0bbe8d085f78269178948445f6292f3e29c02655ce38,v12_9ec6fd95111a8f36f8c6,False,False,False,513100,513100,513100,False,False,False,False,6.920601647154457,6.939772288836325,6.939772288836325,0.0,8,8,1588,2.9157472417251826,,0
2019-10-28,2019-10-25,1,85ecd063ce81537029ac0bbe8d085f78269178948445f6292f3e29c02655ce38,v12_9ec6fd95111a8f36f8c6,False,False,False,513100,513100,513100,False,False,False,False,6.939772288836325,7.026040176404733,7.026040176404733,0.0,9,9,1588,2.9157472417251826,,0
2019-10-29,2019-10-28,1,85ecd063ce81537029ac0bbe8d085f78269178948445f6292f3e29c02655ce38,v12_9ec6fd95111a8f36f8c6,False,False,False,513100,513100,513100,False,False,False,False,7.026040176404733,7.076363110819637,7.076363110819637,0.0,10,10,1588,2.9408224674022136,,0
2019-10-30,2019-10-29,1,85ecd063ce81537029ac0bbe8d085f78269178948445f6292f3e29c02655ce38,v12_9ec6fd95111a8f36f8c6,False,False,False,513100,513100,513100,False,False,False,False,7.076363110819637,7.030832836825201,7.030832836825201,0.0,11,11,1588,2.9618856569709195,,0
2019-10-31,2019-10-30,1,85ecd063ce81537029ac0bbe8d085f78269178948445f6292f3e29c02655ce38,v12_9ec6fd95111a8f36f8c6,False,False,False,513100,513100,513100,False,False,False,False,7.030832836825201,7.069174120188937,7.069174120188937,0.0,12,12,1588,2.9618856569709195,,0
2019-11-01,2019-10-31,1,85ecd063ce81537029ac0bbe8d085f78269178948445f6292f3e29c02655ce38,v12_9ec6fd95111a8f36f8c6,False,False,False,513100,513100,513100,False,False,False,False,7.069174120188937,7.083552101450338,7.083552101450338,0.0,13,13,1588,2.9618856569709195,,0
2019-11-04,2019-11-01,1,85ecd063ce81537029ac0bbe8d085f78269178948445f6292f3e29c02655ce38,v12_9ec6fd95111a8f36f8c6,False,False,False,513100,513100,513100,False,False,False,False,7.083552101450338,7.133875035865242,7.133875035865242,0.0,14,14,1588,2.9648946840521635,,0
2019-11-05,2019-11-04,1,85ecd063ce81537029ac0bbe8d085f78269178948445f6292f3e29c02655ce38,v12_9ec6fd95111a8f36f8c6,False,False,False,513100,513100,513100,False,False,False,False,7.133875035865242,7.1698199890187455,7.1698199890187455,0.0,15,15,1588,2.9859578736208694,,0
2019-11-06,2019-11-05,1,85ecd063ce81537029ac0bbe8d085f78269178948445f6292f3e29c02655ce38,v12_9ec6fd95111a8f36f8c6,False,False,False,513100,513100,513100,False,False,False,False,7.1698199890187455,7.126686045234542,7.126686045234542,0.0,16,16,1588,3.0010030090270883,,0
2019-11-07,2019-11-06,1,85ecd063ce81537029ac0bbe8d085f78269178948445f6292f3e29c02655ce38,v12_9ec6fd95111a8f36f8c6,False,False,False,513100,513100,513100,False,False,False,False,7.126686045234542,7.117100724393607,7.117100724393607,0.0,17,17,1588,3.0010030090270883,,0
2019-11-08,2019-11-07,1,85ecd063ce81537029ac0bbe8d085f78269178948445f6292f3e29c02655ce38,v12_9ec6fd95111a8f36f8c6,False,False,False,513100,513100,513100,False,False,False,False,7.117100724393607,7.095533752501505,7.095533752501505,0.0,18,18,1588,3.0010030090270883,,0
2019-11-11,2019-11-08,1,85ecd063ce81537029ac0bbe8d085f78269178948445f6292f3e29c02655ce38,v12_9ec6fd95111a8f36f8c6,False,False,False,513100,513100,513100,False,False,False,False,7.095533752501505,7.136271366075476,7.136271366075476,0.0,19,19,1588,3.0010030090270883,,0
2019-11-12,2019-11-11,1,85ecd063ce81537029ac0bbe8d085f78269178948445f6292f3e29c02655ce38,v12_9ec6fd95111a8f36f8c6,False,False,False,513100,513100,513100,False,False,False,False,7.136271366075476,7.172216319228978,7.172216319228978,0.0,20,20,1588,3.0010030090270883,,0
2019-11-13,2019-11-12,1,85ecd063ce81537029ac0bbe8d085f78269178948445f6292f3e29c02655ce38,v12_9ec6fd95111a8f36f8c6,False,False,False,513100,513100,513100,False,False,False,False,7.172216319228978,7.174612649439213,7.174612649439213,0.0,21,21,1588,3.002006018054169,,0
2019-11-14,2019-11-13,1,85ecd063ce81537029ac0bbe8d085f78269178948445f6292f3e29c02655ce38,v12_9ec6fd95111a8f36f8c6,False,False,False,513100,513100,513100,False,False,False,False,7.174612649439213,7.191386960910847,7.191386960910847,0.0,22,22,1588,3.003009027081251,,0
2019-11-15,2019-11-14,1,85ecd063ce81537029ac0bbe8d085f78269178948445f6292f3e29c02655ce38,v12_9ec6fd95111a8f36f8c6,False,False,False,513100,513100,513100,False,False,False,False,7.191386960910847,7.222539253643884,7.222539253643884,0.0,23,23,1588,3.0100300902708197,,0
2019-11-18,2019-11-15,1,85ecd063ce81537029ac0bbe8d085f78269178948445f6292f3e29c02655ce38,v12_9ec6fd95111a8f36f8c6,False,False,False,513100,513100,513100,False,False,False,False,7.222539253643884,7.256087876587155,7.256087876587155,0.0,24,24,1588,3.0230692076228762,,0
2019-11-19,2019-11-18,1,85ecd063ce81537029ac0bbe8d085f78269178948445f6292f3e29c02655ce38,v12_9ec6fd95111a8f36f8c6,False,False,False,513100,513100,513100,False,False,False,False,7.256087876587155,7.294429159950891,7.294429159950891,0.0,25,25,1588,3.037111334002014,,0
2019-11-20,2019-11-19,1,85ecd063ce81537029ac0bbe8d085f78269178948445f6292f3e29c02655ce38,v12_9ec6fd95111a8f36f8c6,False,False,False,513100,513100,513100,False,False,False,False,7.294429159950891,7.260880537007621,7.260880537007621,0.0,26,26,1588,3.053159478435314,,0
2019-11-21,2019-11-20,1,85ecd063ce81537029ac0bbe8d085f78269178948445f6292f3e29c02655ce38,v12_9ec6fd95111a8f36f8c6,False,False,False,513100,513100,513100,False,False,False,False,7.260880537007621,7.229728244274585,7.229728244274585,0.0,27,27,1588,3.053159478435314,,0
2019-11-22,2019-11-21,1,85ecd063ce81537029ac0bbe8d085f78269178948445f6292f3e29c02655ce38,v12_9ec6fd95111a8f36f8c6,False,False,False,513100,513100,513100,False,False,False,False,7.229728244274585,7.244106225535987,7.244106225535987,0.0,28,28,1588,3.053159478435314,,0
2019-11-25,2019-11-22,1,85ecd063ce81537029ac0bbe8d085f78269178948445f6292f3e29c02655ce38,v12_9ec6fd95111a8f36f8c6,False,False,False,513100,513100,513100,False,False,False,False,7.244106225535987,7.289636499530423,7.289636499530423,0.0,29,29,1588,3.053159478435314,,0
2019-11-26,2019-11-25,1,85ecd063ce81537029ac0bbe8d085f78269178948445f6292f3e29c02655ce38,v12_9ec6fd95111a8f36f8c6,False,False,False,513100,513100,513100,False,False,False,False,7.289636499530423,7.404660349621634,7.404660349621634,0.0,30,30,1588,3.053159478435314,,0
2019-11-27,2019-11-26,1,85ecd063ce81537029ac0bbe8d085f78269178948445f6292f3e29c02655ce38,v12_9ec6fd95111a8f36f8c6,False,False,False,513100,513100,513100,False,False,False,False,7.404660349621634,7.383093377729532,7.383093377729532,0.0,31,31,1588,3.099297893681051,,0
2019-11-28,2019-11-27,1,85ecd063ce81537029ac0bbe8d085f78269178948445f6292f3e29c02655ce38,v12_9ec6fd95111a8f36f8c6,False,False,False,513100,513100,513100,False,False,False,False,7.383093377729532,7.426227321513736,7.426227321513736,0.0,32,32,1588,3.099297893681051,,0
2019-11-29,2019-11-28,1,85ecd063ce81537029ac0bbe8d085f78269178948445f6292f3e29c02655ce38,v12_9ec6fd95111a8f36f8c6,False,False,False,513100,513100,513100,False,False,False,False,7.426227321513736,7.416642000672803,7.416642000672803,0.0,33,33,1588,3.1083249749247823,,0
2019-12-02,2019-11-29,1,85ecd063ce81537029ac0bbe8d085f78269178948445f6292f3e29c02655ce38,v12_9ec6fd95111a8f36f8c6,False,False,False,513100,513100,513100,False,False,False,False,7.416642000672803,7.4765502559286405,7.4765502559286405,0.0,34,34,1588,3.1083249749247823,,0
2019-12-03,2019-12-02,1,85ecd063ce81537029ac0bbe8d085f78269178948445f6292f3e29c02655ce38,v12_9ec6fd95111a8f36f8c6,False,False,False,513100,513100,513100,False,False,False,False,7.4765502559286405,7.390282368360234,7.390282368360234,0.0,35,35,1588,3.129388164493488,,0
2019-12-04,2019-12-03,1,85ecd063ce81537029ac0bbe8d085f78269178948445f6292f3e29c02655ce38,v12_9ec6fd95111a8f36f8c6,False,False,False,513100,513100,513100,False,False,False,False,7.390282368360234,7.301618150581593,7.301618150581593,0.0,36,36,1588,3.129388164493488,,0
2019-12-05,2019-12-04,1,85ecd063ce81537029ac0bbe8d085f78269178948445f6292f3e29c02655ce38,v12_9ec6fd95111a8f36f8c6,False,False,False,513100,513100,513100,False,False,False,False,7.301618150581593,7.335166773524863,7.335166773524863,0.0,37,37,1588,3.129388164493488,,0
2019-12-06,2019-12-05,1,85ecd063ce81537029ac0bbe8d085f78269178948445f6292f3e29c02655ce38,v12_9ec6fd95111a8f36f8c6,False,False,False,513100,513100,513100,False,False,False,False,7.335166773524863,7.3279777828941635,7.3279777828941635,0.0,38,38,1588,3.129388164493488,,0
2019-12-09,2019-12-06,1,85ecd063ce81537029ac0bbe8d085f78269178948445f6292f3e29c02655ce38,v12_9ec6fd95111a8f36f8c6,False,False,False,513100,513100,513100,False,False,False,False,7.3279777828941635,7.3950750287807026,7.3950750287807026,0.0,39,39,1588,3.129388164493488,,0
2019-12-10,2019-12-09,1,85ecd063ce81537029ac0bbe8d085f78269178948445f6292f3e29c02655ce38,v12_9ec6fd95111a8f36f8c6,False,False,False,513100,512400,512400,False,False,True,False,7.3950750287807026,7.354337415206734,7.352866547723693,0.0014708674830413468,40,0,1588,0.627413127413128,,0
2019-12-11,2019-12-10,1,85ecd063ce81537029ac0bbe8d085f78269178948445f6292f3e29c02655ce38,v12_9ec6fd95111a8f36f8c6,False,False,False,512400,512400,512400,False,False,False,False,7.352866547723693,7.307618138199239,7.307618138199239,0.0,1,1,1588,0.627413127413128,,0
2019-12-12,2019-12-11,1,85ecd063ce81537029ac0bbe8d085f78269178948445f6292f3e29c02655ce38,v12_9ec6fd95111a8f36f8c6,False,False,False,512400,512400,512400,False,False,False,False,7.307618138199239,7.296306035818125,7.296306035818125,0.0,2,2,1588,0.627413127413128,,0
2019-12-13,2019-12-12,1,85ecd063ce81537029ac0bbe8d085f78269178948445f6292f3e29c02655ce38,v12_9ec6fd95111a8f36f8c6,False,False,False,512400,512400,512400,False,False,False,False,7.296306035818125,7.398114957248146,7.398114957248146,0.0,3,3,1588,0.627413127413128,,0
2019-12-16,2019-12-13,1,85ecd063ce81537029ac0bbe8d085f78269178948445f6292f3e29c02655ce38,v12_9ec6fd95111a8f36f8c6,False,False,False,512400,512400,512400,False,False,False,False,7.398114957248146,7.420739162010372,7.420739162010372,0.0,4,4,1588,0.6312741312741319,,0
2019-12-17,2019-12-16,1,85ecd063ce81537029ac0bbe8d085f78269178948445f6292f3e29c02655ce38,v12_9ec6fd95111a8f36f8c6,False,False,False,512400,512400,512400,False,False,False,False,7.420739162010372,7.6130449024893,7.6130449024893,0.0,5,5,1588,0.6332046332046338,,0
2019-12-18,2019-12-17,1,85ecd063ce81537029ac0bbe8d085f78269178948445f6292f3e29c02655ce38,v12_9ec6fd95111a8f36f8c6,False,False,False,512400,512400,512400,False,False,False,False,7.6130449024893,7.6130449024893,7.6130449024893,0.0,6,6,1588,0.6496138996139003,,0
2019-12-19,2019-12-18,1,85ecd063ce81537029ac0bbe8d085f78269178948445f6292f3e29c02655ce38,v12_9ec6fd95111a8f36f8c6,False,False,False,512400,512400,512400,False,False,False,False,7.6130449024893,7.635669107251526,7.635669107251526,0.0,7,7,1588,0.6496138996139003,,0
2019-12-20,2019-12-19,1,85ecd063ce81537029ac0bbe8d085f78269178948445f6292f3e29c02655ce38,v12_9ec6fd95111a8f36f8c6,False,False,False,512400,512400,512400,False,False,False,False,7.635669107251526,7.533860185821505,7.533860185821505,0.0,8,8,1588,0.6515444015444022,,0
2019-12-23,2019-12-20,1,85ecd063ce81537029ac0bbe8d085f78269178948445f6292f3e29c02655ce38,v12_9ec6fd95111a8f36f8c6,False,False,False,512400,512400,512400,False,False,False,False,7.533860185821505,7.477299673915937,7.477299673915937,0.0,9,9,1588,0.6515444015444022,,0
2019-12-24,2019-12-23,1,85ecd063ce81537029ac0bbe8d085f78269178948445f6292f3e29c02655ce38,v12_9ec6fd95111a8f36f8c6,False,False,False,512400,512400,512400,False,False,False,False,7.477299673915937,7.82797484773045,7.82797484773045,0.0,10,10,1588,0.6515444015444022,,0
2019-12-25,2019-12-24,1,85ecd063ce81537029ac0bbe8d085f78269178948445f6292f3e29c02655ce38,v12_9ec6fd95111a8f36f8c6,False,False,False,512400,512400,512400,False,False,False,False,7.82797484773045,7.816662745349337,7.816662745349337,0.0,11,11,1588,0.6679536679536684,,0
2019-12-26,2019-12-25,1,85ecd063ce81537029ac0bbe8d085f78269178948445f6292f3e29c02655ce38,v12_9ec6fd95111a8f36f8c6,False,False,False,512400,512400,512400,False,False,False,False,7.816662745349337,7.895847462017131,7.895847462017131,0.0,12,12,1588,0.6679536679536684,,0
2019-12-27,2019-12-26,1,85ecd063ce81537029ac0bbe8d085f78269178948445f6292f3e29c02655ce38,v12_9ec6fd95111a8f36f8c6,False,False,False,512400,512400,512400,False,False,False,False,7.895847462017131,8.133401612020512,8.133401612020512,0.0,13,13,1588,0.6737451737451743,,0
2019-12-30,2019-12-27,1,85ecd063ce81537029ac0bbe8d085f78269178948445f6292f3e29c02655ce38,v12_9ec6fd95111a8f36f8c6,False,False,False,512400,512400,512400,False,False,False,False,8.133401612020512,8.212586328688305,8.212586328688305,0.0,14,14,1588,0.6940154440154446,,0
2019-12-31,2019-12-30,1,85ecd063ce81537029ac0bbe8d085f78269178948445f6292f3e29c02655ce38,v12_9ec6fd95111a8f36f8c6,False,False,False,512400,512400,512400,False,False,False,False,8.212586328688305,8.212586328688305,8.212586328688305,0.0,15,15,1588,0.7007722007722013,,0
2020-01-02,2019-12-31,2,3c6deecefb3c71f778e8339b71fdc6641ae550ef257b45aec993b5b47b57161d,v12_ff84c284e6bb115138cd,True,True,True,512400,512400,512400,False,False,False,False,8.212586328688305,8.325707352499439,8.325707352499439,0.0,16,16,1588,0.7007722007722013,,0
2020-01-03,2020-01-02,2,3c6deecefb3c71f778e8339b71fdc6641ae550ef257b45aec993b5b47b57161d,v12_ff84c284e6bb115138cd,False,False,False,512400,512400,512400,False,False,False,False,8.325707352499439,8.461452581072798,8.461452581072798,0.0,17,17,1588,0.7104247104247109,,0
2020-01-06,2020-01-03,2,3c6deecefb3c71f778e8339b71fdc6641ae550ef257b45aec993b5b47b57161d,v12_ff84c284e6bb115138cd,False,False,False,512400,512400,512400,False,False,False,False,8.461452581072798,8.76687934536286,8.76687934536286,0.0,18,18,1588,0.7220077220077225,,0
2020-01-07,2020-01-06,2,3c6deecefb3c71f778e8339b71fdc6641ae550ef257b45aec993b5b47b57161d,v12_ff84c284e6bb115138cd,False,False,False,512400,512400,512400,False,False,False,False,8.76687934536286,8.653758321551727,8.653758321551727,0.0,19,19,1588,0.7480694980694985,,0
2020-01-08,2020-01-07,2,3c6deecefb3c71f778e8339b71fdc6641ae550ef257b45aec993b5b47b57161d,v12_ff84c284e6bb115138cd,False,False,False,512400,512400,512400,False,False,False,False,8.653758321551727,8.653758321551727,8.653758321551727,0.0,20,20,1588,0.7480694980694985,,0
2020-01-09,2020-01-08,2,3c6deecefb3c71f778e8339b71fdc6641ae550ef257b45aec993b5b47b57161d,v12_ff84c284e6bb115138cd,False,False,False,512400,512400,512400,False,False,False,False,8.653758321551727,8.551949400121709,8.551949400121709,0.0,21,21,1588,0.7480694980694985,,0
2020-01-10,2020-01-09,2,3c6deecefb3c71f778e8339b71fdc6641ae550ef257b45aec993b5b47b57161d,v12_ff84c284e6bb115138cd,False,False,False,512400,512400,512400,False,False,False,False,8.551949400121709,8.506700990597256,8.506700990597256,0.0,22,22,1588,0.7480694980694985,,0
2020-01-13,2020-01-10,2,3c6deecefb3c71f778e8339b71fdc6641ae550ef257b45aec993b5b47b57161d,v12_ff84c284e6bb115138cd,False,False,False,512400,512400,512400,False,False,False,False,8.506700990597256,8.574573604883938,8.574573604883938,0.0,23,23,1588,0.7480694980694985,,0
2020-01-14,2020-01-13,2,3c6deecefb3c71f778e8339b71fdc6641ae550ef257b45aec993b5b47b57161d,v12_ff84c284e6bb115138cd,False,False,False,512400,512400,512400,False,False,False,False,8.574573604883938,8.778191447743978,8.778191447743978,0.0,24,24,1588,0.7480694980694985,,0
2020-01-15,2020-01-14,2,3c6deecefb3c71f778e8339b71fdc6641ae550ef257b45aec993b5b47b57161d,v12_ff84c284e6bb115138cd,False,False,False,512400,512400,512400,False,False,False,False,8.778191447743978,8.585885707265051,8.585885707265051,0.0,25,25,1588,0.7490347490347496,,0
2020-01-16,2020-01-15,2,3c6deecefb3c71f778e8339b71fdc6641ae550ef257b45aec993b5b47b57161d,v12_ff84c284e6bb115138cd,False,False,False,512400,512400,512400,False,False,False,False,8.585885707265051,8.540637297740599,8.540637297740599,0.0,26,26,1588,0.7490347490347496,,0
2020-01-17,2020-01-16,2,3c6deecefb3c71f778e8339b71fdc6641ae550ef257b45aec993b5b47b57161d,v12_ff84c284e6bb115138cd,False,False,False,512400,512400,512400,False,False,False,False,8.540637297740599,8.518013092978372,8.518013092978372,0.0,27,27,1588,0.7490347490347496,,0
2020-01-20,2020-01-17,2,3c6deecefb3c71f778e8339b71fdc6641ae550ef257b45aec993b5b47b57161d,v12_ff84c284e6bb115138cd,False,False,False,512400,512400,512400,False,False,False,False,8.518013092978372,8.563261502502826,8.563261502502826,0.0,28,28,1588,0.7490347490347496,,0
2020-01-21,2020-01-20,2,3c6deecefb3c71f778e8339b71fdc6641ae550ef257b45aec993b5b47b57161d,v12_ff84c284e6bb115138cd,False,False,False,512400,512400,512400,False,False,False,False,8.563261502502826,8.359643659642785,8.359643659642785,0.0,29,29,1588,0.7490347490347496,,0
2020-01-22,2020-01-21,2,3c6deecefb3c71f778e8339b71fdc6641ae550ef257b45aec993b5b47b57161d,v12_ff84c284e6bb115138cd,False,False,False,512400,512400,512400,False,False,False,False,8.359643659642785,8.416204171548351,8.416204171548351,0.0,30,30,1588,0.7490347490347496,,0
2020-01-23,2020-01-22,2,3c6deecefb3c71f778e8339b71fdc6641ae550ef257b45aec993b5b47b57161d,v12_ff84c284e6bb115138cd,False,False,False,512400,159915,159915,False,False,True,False,8.416204171548351,8.167337919163858,8.165704451580025,0.0016334675838327716,31,0,1588,2.324968632371379,,0
2020-02-03,2020-01-23,2,3c6deecefb3c71f778e8339b71fdc6641ae550ef257b45aec993b5b47b57161d,v12_ff84c284e6bb115138cd,False,False,False,159915,513100,513100,True,False,True,False,8.165704451580025,7.526725959686283,7.525220614494346,0.0015053451919372566,1,0,1588,3.3129388164493556,,0
2020-02-04,2020-02-03,2,3c6deecefb3c71f778e8339b71fdc6641ae550ef257b45aec993b5b47b57161d,v12_ff84c284e6bb115138cd,False,False,False,513100,518880,518880,True,False,True,False,7.525220614494346,7.796338160096777,7.794778892464758,0.0015592676320193555,1,0,1588,1.3297791317593322,,0
2020-02-05,2020-02-04,2,3c6deecefb3c71f778e8339b71fdc6641ae550ef257b45aec993b5b47b57161d,v12_ff84c284e6bb115138cd,False,False,False,518880,518880,518880,False,False,False,False,7.794778892464758,7.743438710756084,7.743438710756084,0.0,1,1,1588,1.3297791317593322,,0
2020-02-06,2020-02-05,2,3c6deecefb3c71f778e8339b71fdc6641ae550ef257b45aec993b5b47b57161d,v12_ff84c284e6bb115138cd,False,False,False,518880,518880,518880,False,False,False,False,7.743438710756084,7.705491619927934,7.705491619927934,0.0,2,2,1588,1.3297791317593322,,0
2020-02-07,2020-02-06,2,3c6deecefb3c71f778e8339b71fdc6641ae550ef257b45aec993b5b47b57161d,v12_ff84c284e6bb115138cd,False,False,False,518880,513100,513100,False,False,True,False,7.705491619927934,7.741206528942665,7.7396582876368765,0.001548241305788533,3,0,1588,3.720160481444342,,0
2020-02-10,2020-02-07,2,3c6deecefb3c71f778e8339b71fdc6641ae550ef257b45aec993b5b47b57161d,v12_ff84c284e6bb115138cd,False,False,False,513100,513100,513100,False,False,False,False,7.7396582876368765,7.787652933259861,7.787652933259861,0.0,1,1,1588,3.720160481444342,,0
2020-02-11,2020-02-10,2,3c6deecefb3c71f778e8339b71fdc6641ae550ef257b45aec993b5b47b57161d,v12_ff84c284e6bb115138cd,False,False,False,513100,513100,513100,False,False,False,False,7.787652933259861,8.077707530720502,8.077707530720502,0.0,2,2,1588,3.7432296890672108,,0
2020-02-12,2020-02-11,2,3c6deecefb3c71f778e8339b71fdc6641ae550ef257b45aec993b5b47b57161d,v12_ff84c284e6bb115138cd,False,False,False,513100,513100,513100,False,False,False,False,8.077707530720502,8.286379902994346,8.286379902994346,0.0,3,3,1588,3.8826479438315036,,0
2020-02-13,2020-02-12,2,3c6deecefb3c71f778e8339b71fdc6641ae550ef257b45aec993b5b47b57161d,v12_ff84c284e6bb115138cd,False,False,False,513100,513100,513100,False,False,False,False,8.286379902994346,8.757979464333234,8.757979464333234,0.0,4,4,1588,3.982948846539628,,0
2020-02-14,2020-02-13,2,3c6deecefb3c71f778e8339b71fdc6641ae550ef257b45aec993b5b47b57161d,v12_ff84c284e6bb115138cd,False,False,False,513100,513100,513100,False,False,False,False,8.757979464333234,8.367762128181145,8.367762128181145,0.0,5,5,1588,4.209628886659989,,0
2020-02-17,2020-02-14,2,3c6deecefb3c71f778e8339b71fdc6641ae550ef257b45aec993b5b47b57161d,v12_ff84c284e6bb115138cd,False,False,False,513100,159915,159915,True,False,True,False,8.367762128181145,8.296813521608039,8.295154158903717,0.001659362704321608,6,0,1588,2.5984943538268355,,0
2020-02-18,2020-02-17,2,3c6deecefb3c71f778e8339b71fdc6641ae550ef257b45aec993b5b47b57161d,v12_ff84c284e6bb115138cd,False,False,False,159915,159915,159915,False,False,False,False,8.295154158903717,8.371256490636778,8.371256490636778,0.0,1,1,1588,2.5984943538268355,,0
2020-02-19,2020-02-18,2,3c6deecefb3c71f778e8339b71fdc6641ae550ef257b45aec993b5b47b57161d,v12_ff84c284e6bb115138cd,False,False,False,159915,159915,159915,False,False,False,False,8.371256490636778,8.22706259893203,8.22706259893203,0.0,2,2,1588,2.622333751568366,,0
2020-02-20,2020-02-19,2,3c6deecefb3c71f778e8339b71fdc6641ae550ef257b45aec993b5b47b57161d,v12_ff84c284e6bb115138cd,False,False,False,159915,159915,159915,False,False,False,False,8.22706259893203,8.43133727884709,8.43133727884709,0.0,3,3,1588,2.622333751568366,,0
2020-02-21,2020-02-20,2,3c6deecefb3c71f778e8339b71fdc6641ae550ef257b45aec993b5b47b57161d,v12_ff84c284e6bb115138cd,False,False,False,159915,159915,159915,False,False,False,False,8.43133727884709,8.59155271407459,8.59155271407459,0.0,4,4,1588,2.6411543287327324,,0
2020-02-24,2020-02-21,2,3c6deecefb3c71f778e8339b71fdc6641ae550ef257b45aec993b5b47b57161d,v12_ff84c284e6bb115138cd,False,False,False,159915,159915,159915,False,False,False,False,8.59155271407459,8.723730448137275,8.723730448137275,0.0,5,5,1588,2.691342534504376,,0
2020-02-25,2020-02-24,2,3c6deecefb3c71f778e8339b71fdc6641ae550ef257b45aec993b5b47b57161d,v12_ff84c284e6bb115138cd,False,False,False,159915,159915,159915,False,False,False,False,8.723730448137275,8.791822008108962,8.791822008108962,0.0,6,6,1588,2.7327478042659816,,0
2020-02-26,2020-02-25,2,3c6deecefb3c71f778e8339b71fdc6641ae550ef257b45aec993b5b47b57161d,v12_ff84c284e6bb115138cd,False,False,False,159915,159915,159915,False,False,False,False,8.791822008108962,8.41932112120503,8.41932112120503,0.0,7,7,1588,2.75407779171893,,0
2020-02-27,2020-02-26,2,3c6deecefb3c71f778e8339b71fdc6641ae550ef257b45aec993b5b47b57161d,v12_ff84c284e6bb115138cd,False,False,False,159915,159915,159915,False,False,False,False,8.41932112120503,8.45536959413122,8.45536959413122,0.0,8,8,1588,2.75407779171893,,0
2020-02-28,2020-02-27,2,3c6deecefb3c71f778e8339b71fdc6641ae550ef257b45aec993b5b47b57161d,v12_ff84c284e6bb115138cd,False,False,False,159915,159915,159915,False,False,False,False,8.45536959413122,7.990744831971473,7.990744831971473,0.0,9,9,1588,2.75407779171893,,0
2020-03-02,2020-02-28,2,3c6deecefb3c71f778e8339b71fdc6641ae550ef257b45aec993b5b47b57161d,v12_ff84c284e6bb115138cd,False,False,False,159915,510500,510500,True,False,True,False,7.990744831971473,8.227062598932033,8.225417186412248,0.0016454125197864066,10,0,1588,1.7692253703711398,,0
2020-03-03,2020-03-02,2,3c6deecefb3c71f778e8339b71fdc6641ae550ef257b45aec993b5b47b57161d,v12_ff84c284e6bb115138cd,False,False,False,510500,510500,510500,False,False,False,False,8.225417186412248,8.281847686547712,8.281847686547712,0.0,1,1,1588,1.7692253703711398,,0
2020-03-04,2020-03-03,2,3c6deecefb3c71f778e8339b71fdc6641ae550ef257b45aec993b5b47b57161d,v12_ff84c284e6bb115138cd,False,False,False,510500,510500,510500,False,False,False,False,8.281847686547712,8.308719353278887,8.308719353278887,0.0,2,2,1588,1.7813631465154698,,0
2020-03-05,2020-03-04,2,3c6deecefb3c71f778e8339b71fdc6641ae550ef257b45aec993b5b47b57161d,v12_ff84c284e6bb115138cd,False,False,False,510500,510500,510500,False,False,False,False,8.308719353278887,8.414862436867024,8.414862436867024,0.0,3,3,1588,1.7871430399175319,,0
2020-03-06,2020-03-05,2,3c6deecefb3c71f778e8339b71fdc6641ae550ef257b45aec993b5b47b57161d,v12_ff84c284e6bb115138cd,False,False,False,510500,510500,510500,False,False,False,False,8.414862436867024,8.366493436750911,8.366493436750911,0.0,4,4,1588,1.8099736188556763,,0
2020-03-09,2020-03-06,2,3c6deecefb3c71f778e8339b71fdc6641ae550ef257b45aec993b5b47b57161d,v12_ff84c284e6bb115138cd,False,False,False,510500,510500,510500,False,False,False,False,8.366493436750911,8.057469269342413,8.057469269342413,0.0,5,5,1588,1.8099736188556763,,0
2020-03-10,2020-03-09,2,3c6deecefb3c71f778e8339b71fdc6641ae550ef257b45aec993b5b47b57161d,v12_ff84c284e6bb115138cd,False,False,False,510500,512890,512890,True,False,True,False,8.057469269342413,8.236165853104717,8.234518619934097,0.0016472331706209435,6,0,1588,1.1515453639082767,,0
2020-03-11,2020-03-10,2,3c6deecefb3c71f778e8339b71fdc6641ae550ef257b45aec993b5b47b57161d,v12_ff84c284e6bb115138cd,False,False,False,512890,512890,512890,False,False,False,False,8.234518619934097,8.163224086428173,8.163224086428173,0.0,1,1,1588,1.1515453639082767,,0
2020-03-12,2020-03-11,2,3c6deecefb3c71f778e8339b71fdc6641ae550ef257b45aec993b5b47b57161d,v12_ff84c284e6bb115138cd,False,False,False,512890,512890,512890,False,False,False,False,8.163224086428173,8.049152832818695,8.049152832818695,0.0,2,2,1588,1.1515453639082767,,0
2020-03-13,2020-03-12,2,3c6deecefb3c71f778e8339b71fdc6641ae550ef257b45aec993b5b47b57161d,v12_ff84c284e6bb115138cd,False,False,False,512890,512890,512890,False,False,False,False,8.049152832818695,7.906563765806849,7.906563765806849,0.0,3,3,1588,1.1515453639082767,,0
2020-03-16,2020-03-13,2,3c6deecefb3c71f778e8339b71fdc6641ae550ef257b45aec993b5b47b57161d,v12_ff84c284e6bb115138cd,False,False,False,512890,518880,518880,False,False,True,False,7.906563765806849,7.714068525340859,7.712525711635791,0.001542813705068172,4,0,1588,1.3000761614623026,,0
2020-03-17,2020-03-16,2,3c6deecefb3c71f778e8339b71fdc6641ae550ef257b45aec993b5b47b57161d,v12_ff84c284e6bb115138cd,False,False,False,518880,513100,513100,True,False,True,False,7.712525711635791,7.353330753185266,7.351860087034629,0.0014706661506370532,1,0,1588,3.0902708124373173,,0
2020-03-18,2020-03-17,2,3c6deecefb3c71f778e8339b71fdc6641ae550ef257b45aec993b5b47b57161d,v12_ff84c284e6bb115138cd,False,False,False,513100,518880,518880,False,False,True,False,7.351860087034629,7.153806082742558,7.1523753215260095,0.0014307612165485118,1,0,1588,1.266565118050269,,0
2020-03-19,2020-03-18,2,3c6deecefb3c71f778e8339b71fdc6641ae550ef257b45aec993b5b47b57161d,v12_ff84c284e6bb115138cd,False,False,False,518880,513100,513100,False,False,True,False,7.1523753215260095,7.122269111513572,7.120844657691269,0.0014244538223027144,1,0,1588,3.0702106318956925,,0
2020-03-20,2020-03-19,2,3c6deecefb3c71f778e8339b71fdc6641ae550ef257b45aec993b5b47b57161d,v12_ff84c284e6bb115138cd,False,False,False,513100,513100,513100,False,False,False,False,7.120844657691269,7.353475976139204,7.353475976139204,0.0,1,1,1588,3.0702106318956925,,0
2020-03-23,2020-03-20,2,3c6deecefb3c71f778e8339b71fdc6641ae550ef257b45aec993b5b47b57161d,v12_ff84c284e6bb115138cd,False,False,False,513100,513100,513100,False,False,False,False,7.353475976139204,7.0231395039431375,7.0231395039431375,0.0,2,2,1588,3.170511534603817,,0
2020-03-24,2020-03-23,2,3c6deecefb3c71f778e8339b71fdc6641ae550ef257b45aec993b5b47b57161d,v12_ff84c284e6bb115138cd,False,False,False,513100,513100,513100,False,False,False,False,7.0231395039431375,7.40000223982879,7.40000223982879,0.0,3,3,1588,3.170511534603817,,0
2020-03-25,2020-03-24,2,3c6deecefb3c71f778e8339b71fdc6641ae550ef257b45aec993b5b47b57161d,v12_ff84c284e6bb115138cd,False,False,False,513100,518880,518880,False,False,True,False,7.40000223982879,7.6814861351507915,7.679949837923761,0.0015362972270301584,4,0,1588,1.3636709824828661,,0
2020-03-26,2020-03-25,2,3c6deecefb3c71f778e8339b71fdc6641ae550ef257b45aec993b5b47b57161d,v12_ff84c284e6bb115138cd,False,False,False,518880,518880,518880,False,False,False,False,7.679949837923761,7.660648093008567,7.660648093008567,0.0,1,1,1588,1.3636709824828661,,0
2020-03-27,2020-03-26,2,3c6deecefb3c71f778e8339b71fdc6641ae550ef257b45aec993b5b47b57161d,v12_ff84c284e6bb115138cd,False,False,False,518880,518880,518880,False,False,False,False,7.660648093008567,7.746433625964991,7.746433625964991,0.0,2,2,1588,1.3636709824828661,,0
2020-03-30,2020-03-27,2,3c6deecefb3c71f778e8339b71fdc6641ae550ef257b45aec993b5b47b57161d,v12_ff84c284e6bb115138cd,False,False,False,518880,518880,518880,False,False,False,False,7.746433625964991,7.684239114571584,7.684239114571584,0.0,3,3,1588,1.375476009139378,,0
2020-03-31,2020-03-30,2,3c6deecefb3c71f778e8339b71fdc6641ae550ef257b45aec993b5b47b57161d,v12_ff84c284e6bb115138cd,False,False,False,518880,518880,518880,False,False,False,False,7.684239114571584,7.690673029543316,7.690673029543316,0.0,4,4,1588,1.375476009139378,,0
2020-04-01,2020-03-31,2,3c6deecefb3c71f778e8339b71fdc6641ae550ef257b45aec993b5b47b57161d,v12_ff84c284e6bb115138cd,False,False,False,518880,518880,518880,False,False,False,False,7.690673029543316,7.566284006756503,7.566284006756503,0.0,5,5,1588,1.375476009139378,,0
2020-04-02,2020-04-01,2,3c6deecefb3c71f778e8339b71fdc6641ae550ef257b45aec993b5b47b57161d,v12_ff84c284e6bb115138cd,False,False,False,518880,518880,518880,False,False,False,False,7.566284006756503,7.598453581615163,7.598453581615163,0.0,6,6,1588,1.375476009139378,,0
2020-04-03,2020-04-02,2,3c6deecefb3c71f778e8339b71fdc6641ae550ef257b45aec993b5b47b57161d,v12_ff84c284e6bb115138cd,False,False,False,518880,518880,518880,False,False,False,False,7.598453581615163,7.6670820079803015,7.6670820079803015,0.0,7,7,1588,1.375476009139378,,0
2020-04-07,2020-04-03,2,3c6deecefb3c71f778e8339b71fdc6641ae550ef257b45aec993b5b47b57161d,v12_ff84c284e6bb115138cd,False,False,False,518880,518880,518880,False,False,False,False,7.6670820079803015,7.883690478695269,7.883690478695269,0.0,8,8,1588,1.375476009139378,,0
2020-04-08,2020-04-07,2,3c6deecefb3c71f778e8339b71fdc6641ae550ef257b45aec993b5b47b57161d,v12_ff84c284e6bb115138cd,False,False,False,518880,518880,518880,False,False,False,False,7.883690478695269,7.808628137358399,7.808628137358399,0.0,9,9,1588,1.3998476770754025,,0
2020-04-09,2020-04-08,2,3c6deecefb3c71f778e8339b71fdc6641ae550ef257b45aec993b5b47b57161d,v12_ff84c284e6bb115138cd,False,False,False,518880,518880,518880,False,False,False,False,7.808628137358399,7.827929882273595,7.827929882273595,0.0,10,10,1588,1.3998476770754025,,0
2020-04-10,2020-04-09,2,3c6deecefb3c71f778e8339b71fdc6641ae550ef257b45aec993b5b47b57161d,v12_ff84c284e6bb115138cd,False,False,False,518880,518880,518880,False,False,False,False,7.827929882273595,7.872967287075716,7.872967287075716,0.0,11,11,1588,1.3998476770754025,,0
2020-04-13,2020-04-10,2,3c6deecefb3c71f778e8339b71fdc6641ae550ef257b45aec993b5b47b57161d,v12_ff84c284e6bb115138cd,False,False,False,518880,518880,518880,False,False,False,False,7.872967287075716,7.870822648751806,7.870822648751806,0.0,12,12,1588,1.3998476770754025,,0
2020-04-14,2020-04-13,2,3c6deecefb3c71f778e8339b71fdc6641ae550ef257b45aec993b5b47b57161d,v12_ff84c284e6bb115138cd,False,False,False,518880,518880,518880,False,False,False,False,7.870822648751806,7.96089745835605,7.96089745835605,0.0,13,13,1588,1.3998476770754025,,0
2020-04-15,2020-04-14,2,3c6deecefb3c71f778e8339b71fdc6641ae550ef257b45aec993b5b47b57161d,v12_ff84c284e6bb115138cd,False,False,False,518880,518880,518880,False,False,False,False,7.96089745835605,7.939451075116944,7.939451075116944,0.0,14,14,1588,1.4135567402894162,,0
2020-04-16,2020-04-15,2,3c6deecefb3c71f778e8339b71fdc6641ae550ef257b45aec993b5b47b57161d,v12_ff84c284e6bb115138cd,False,False,False,518880,518880,518880,False,False,False,False,7.939451075116944,7.99950094818644,7.99950094818644,0.0,15,15,1588,1.4135567402894162,,0
2020-04-17,2020-04-16,2,3c6deecefb3c71f778e8339b71fdc6641ae550ef257b45aec993b5b47b57161d,v12_ff84c284e6bb115138cd,False,False,False,518880,518880,518880,False,False,False,False,7.99950094818644,7.868678010427896,7.868678010427896,0.0,16,16,1588,1.420411271896423,,0
2020-04-20,2020-04-17,2,3c6deecefb3c71f778e8339b71fdc6641ae550ef257b45aec993b5b47b57161d,v12_ff84c284e6bb115138cd,False,False,False,518880,518880,518880,False,False,False,False,7.868678010427896,7.830074520597505,7.830074520597505,0.0,17,17,1588,1.420411271896423,,0
2020-04-21,2020-04-20,2,3c6deecefb3c71f778e8339b71fdc6641ae550ef257b45aec993b5b47b57161d,v12_ff84c284e6bb115138cd,False,False,False,518880,518880,518880,False,False,False,False,7.830074520597505,7.900847585286556,7.900847585286556,0.0,18,18,1588,1.420411271896423,,0
2020-04-22,2020-04-21,2,3c6deecefb3c71f778e8339b71fdc6641ae550ef257b45aec993b5b47b57161d,v12_ff84c284e6bb115138cd,False,False,False,518880,518880,518880,False,False,False,False,7.900847585286556,7.87940120204745,7.87940120204745,0.0,19,19,1588,1.420411271896423,,0
2020-04-23,2020-04-22,2,3c6deecefb3c71f778e8339b71fdc6641ae550ef257b45aec993b5b47b57161d,v12_ff84c284e6bb115138cd,False,False,False,518880,513100,513100,False,False,True,False,7.87940120204745,8.018802693101637,8.017198932563018,0.0016037605386203275,20,0,1588,3.475426278836516,,0
2020-04-24,2020-04-23,2,3c6deecefb3c71f778e8339b71fdc6641ae550ef257b45aec993b5b47b57161d,v12_ff84c284e6bb115138cd,False,False,False,513100,513100,513100,False,False,False,False,8.017198932563018,7.973237379974649,7.973237379974649,0.0,1,1,1588,3.475426278836516,,0
2020-04-27,2020-04-24,2,3c6deecefb3c71f778e8339b71fdc6641ae550ef257b45aec993b5b47b57161d,v12_ff84c284e6bb115138cd,False,False,False,513100,513100,513100,False,False,False,False,7.973237379974649,8.253203056984786,8.253203056984786,0.0,2,2,1588,3.475426278836516,,0
2020-04-28,2020-04-27,2,3c6deecefb3c71f778e8339b71fdc6641ae550ef257b45aec993b5b47b57161d,v12_ff84c284e6bb115138cd,False,False,False,513100,513100,513100,False,False,False,False,8.253203056984786,8.459128224372408,8.459128224372408,0.0,3,3,1588,3.5777331995988026,,0
2020-04-29,2020-04-28,2,3c6deecefb3c71f778e8339b71fdc6641ae550ef257b45aec993b5b47b57161d,v12_ff84c284e6bb115138cd,False,False,False,513100,513100,513100,False,False,False,False,8.459128224372408,8.611836775468847,8.611836775468847,0.0,4,4,1588,3.667001003009034,,0
2020-04-30,2020-04-29,2,3c6deecefb3c71f778e8339b71fdc6641ae550ef257b45aec993b5b47b57161d,v12_ff84c284e6bb115138cd,False,False,False,513100,513100,513100,False,False,False,False,8.611836775468847,8.646543264354401,8.646543264354401,0.0,5,5,1588,3.733199598796396,,0
2020-05-06,2020-04-30,2,3c6deecefb3c71f778e8339b71fdc6641ae550ef257b45aec993b5b47b57161d,v12_ff84c284e6bb115138cd,False,False,False,513100,513100,513100,False,False,False,False,8.646543264354401,8.671994689537142,8.671994689537142,0.0,6,6,1588,3.7482447342026144,,0
2020-05-07,2020-05-06,2,3c6deecefb3c71f778e8339b71fdc6641ae550ef257b45aec993b5b47b57161d,v12_ff84c284e6bb115138cd,False,False,False,513100,513100,513100,False,False,False,False,8.671994689537142,8.709014944348398,8.709014944348398,0.0,7,7,1588,3.7592778335005086,,0
2020-05-08,2020-05-07,2,3c6deecefb3c71f778e8339b71fdc6641ae550ef257b45aec993b5b47b57161d,v12_ff84c284e6bb115138cd,False,False,False,513100,513100,513100,False,False,False,False,8.709014944348398,8.76685909249099,8.76685909249099,0.0,8,8,1588,3.7753259779338078,,0
2020-05-11,2020-05-08,2,3c6deecefb3c71f778e8339b71fdc6641ae550ef257b45aec993b5b47b57161d,v12_ff84c284e6bb115138cd,False,False,False,513100,513100,513100,False,False,False,False,8.76685909249099,8.621091839171662,8.621091839171662,0.0,9,9,1588,3.8004012036108388,,0
2020-05-12,2020-05-11,2,3c6deecefb3c71f778e8339b71fdc6641ae550ef257b45aec993b5b47b57161d,v12_ff84c284e6bb115138cd,False,False,False,513100,513100,513100,False,False,False,False,8.621091839171662,8.459128224372408,8.459128224372408,0.0,10,10,1588,3.8004012036108388,,0
2020-05-13,2020-05-12,2,3c6deecefb3c71f778e8339b71fdc6641ae550ef257b45aec993b5b47b57161d,v12_ff84c284e6bb115138cd,False,False,False,513100,513100,513100,False,False,False,False,8.459128224372408,8.431363033263965,8.431363033263965,0.0,11,11,1588,3.8004012036108388,,0
2020-05-14,2020-05-13,2,3c6deecefb3c71f778e8339b71fdc6641ae550ef257b45aec993b5b47b57161d,v12_ff84c284e6bb115138cd,False,False,False,513100,513100,513100,False,False,False,False,8.431363033263965,8.297164609573155,8.297164609573155,0.0,12,12,1588,3.8004012036108388,,0
2020-05-15,2020-05-14,2,3c6deecefb3c71f778e8339b71fdc6641ae550ef257b45aec993b5b47b57161d,v12_ff84c284e6bb115138cd,False,False,False,513100,513100,513100,False,False,False,False,8.297164609573155,8.352694991790042,8.352694991790042,0.0,13,13,1588,3.8004012036108388,,0
2020-05-18,2020-05-15,2,3c6deecefb3c71f778e8339b71fdc6641ae550ef257b45aec993b5b47b57161d,v12_ff84c284e6bb115138cd,False,False,False,513100,513100,513100,False,False,False,False,8.352694991790042,8.447559394743891,8.447559394743891,0.0,14,14,1588,3.8004012036108388,,0
2020-05-19,2020-05-18,2,3c6deecefb3c71f778e8339b71fdc6641ae550ef257b45aec993b5b47b57161d,v12_ff84c284e6bb115138cd,False,False,False,513100,513100,513100,False,False,False,False,8.447559394743891,8.671994689537142,8.671994689537142,0.0,15,15,1588,3.8004012036108388,,0
2020-05-20,2020-05-19,2,3c6deecefb3c71f778e8339b71fdc6641ae550ef257b45aec993b5b47b57161d,v12_ff84c284e6bb115138cd,False,False,False,513100,513100,513100,False,False,False,False,8.671994689537142,8.609523009543144,8.609523009543144,0.0,16,16,1588,3.8004012036108388,,0
2020-05-21,2020-05-20,2,3c6deecefb3c71f778e8339b71fdc6641ae550ef257b45aec993b5b47b57161d,v12_ff84c284e6bb115138cd,False,False,False,513100,513100,513100,False,False,False,False,8.609523009543144,8.607209243617442,8.607209243617442,0.0,17,17,1588,3.8004012036108388,,0
2020-05-22,2020-05-21,2,3c6deecefb3c71f778e8339b71fdc6641ae550ef257b45aec993b5b47b57161d,v12_ff84c284e6bb115138cd,False,False,False,513100,513100,513100,False,False,False,False,8.607209243617442,8.320302268830194,8.320302268830194,0.0,18,18,1588,3.8004012036108388,,0
2020-05-25,2020-05-22,2,3c6deecefb3c71f778e8339b71fdc6641ae550ef257b45aec993b5b47b57161d,v12_ff84c284e6bb115138cd,False,False,False,513100,518880,518880,True,False,True,False,8.320302268830194,8.591012882137516,8.589294679561089,0.0017182025764275032,19,0,1588,1.4691546077684723,,0
2020-05-26,2020-05-25,2,3c6deecefb3c71f778e8339b71fdc6641ae550ef257b45aec993b5b47b57161d,v12_ff84c284e6bb115138cd,False,False,False,518880,518880,518880,False,False,False,False,8.589294679561089,8.629369149294654,8.629369149294654,0.0,1,1,1588,1.4691546077684723,,0
2020-05-27,2020-05-26,2,3c6deecefb3c71f778e8339b71fdc6641ae550ef257b45aec993b5b47b57161d,v12_ff84c284e6bb115138cd,False,False,False,518880,518880,518880,False,False,False,False,8.629369149294654,8.538088412679308,8.538088412679308,0.0,2,2,1588,1.4760091393754788,,0
2020-05-28,2020-05-27,2,3c6deecefb3c71f778e8339b71fdc6641ae550ef257b45aec993b5b47b57161d,v12_ff84c284e6bb115138cd,False,False,False,518880,513100,513100,False,False,True,False,8.538088412679308,8.6004264767093,8.598706391413959,0.00172008529534186,3,0,1588,3.7683049147442387,,0
2020-05-29,2020-05-28,2,3c6deecefb3c71f778e8339b71fdc6641ae550ef257b45aec993b5b47b57161d,v12_ff84c284e6bb115138cd,False,False,False,513100,513100,513100,False,False,False,False,8.598706391413959,8.536911056687268,8.536911056687268,0.0,1,1,1588,3.7683049147442387,,0
2020-06-01,2020-05-29,2,3c6deecefb3c71f778e8339b71fdc6641ae550ef257b45aec993b5b47b57161d,v12_ff84c284e6bb115138cd,False,False,False,513100,513100,513100,False,False,False,False,8.536911056687268,8.568953082101107,8.568953082101107,0.0,2,2,1588,3.7683049147442387,,0
2020-06-02,2020-06-01,2,3c6deecefb3c71f778e8339b71fdc6641ae550ef257b45aec993b5b47b57161d,v12_ff84c284e6bb115138cd,False,False,False,513100,513100,513100,False,False,False,False,8.568953082101107,8.555220785495175,8.555220785495175,0.0,3,3,1588,3.7683049147442387,,0
2020-06-03,2020-06-02,2,3c6deecefb3c71f778e8339b71fdc6641ae550ef257b45aec993b5b47b57161d,v12_ff84c284e6bb115138cd,False,False,False,513100,510500,510500,False,False,True,False,8.555220785495175,8.630748416827796,8.62902226714443,0.0017261496833655592,4,0,1588,1.746972780773202,,0
2020-06-04,2020-06-03,2,3c6deecefb3c71f778e8339b71fdc6641ae550ef257b45aec993b5b47b57161d,v12_ff84c284e6bb115138cd,False,False,False,510500,510500,510500,False,False,False,False,8.62902226714443,8.644724375488282,8.644724375488282,0.0,1,1,1588,1.746972780773202,,0
2020-06-05,2020-06-04,2,3c6deecefb3c71f778e8339b71fdc6641ae550ef257b45aec993b5b47b57161d,v12_ff84c284e6bb115138cd,False,False,False,510500,510500,510500,False,False,False,False,8.644724375488282,8.664708877016823,8.664708877016823,0.0,2,2,1588,1.750151722144336,,0
2020-06-08,2020-06-05,2,3c6deecefb3c71f778e8339b71fdc6641ae550ef257b45aec993b5b47b57161d,v12_ff84c284e6bb115138cd,False,False,False,510500,510500,510500,False,False,False,False,8.664708877016823,8.64615183988318,8.64615183988318,0.0,3,3,1588,1.7541976475257792,,0
2020-06-09,2020-06-08,2,3c6deecefb3c71f778e8339b71fdc6641ae550ef257b45aec993b5b47b57161d,v12_ff84c284e6bb115138cd,False,False,False,510500,510500,510500,False,False,False,False,8.64615183988318,8.697540558099425,8.697540558099425,0.0,4,4,1588,1.7541976475257792,,0
2020-06-10,2020-06-09,2,3c6deecefb3c71f778e8339b71fdc6641ae550ef257b45aec993b5b47b57161d,v12_ff84c284e6bb115138cd,False,False,False,510500,510500,510500,False,False,False,False,8.697540558099425,8.70896027325859,8.70896027325859,0.0,5,5,1588,1.7608445249381506,,0
2020-06-11,2020-06-10,2,3c6deecefb3c71f778e8339b71fdc6641ae550ef257b45aec993b5b47b57161d,v12_ff84c284e6bb115138cd,False,False,False,510500,510500,510500,False,False,False,False,8.70896027325859,8.693258164914738,8.693258164914738,0.0,6,6,1588,1.7631564822989754,,0
2020-06-12,2020-06-11,2,3c6deecefb3c71f778e8339b71fdc6641ae550ef257b45aec993b5b47b57161d,v12_ff84c284e6bb115138cd,False,False,False,510500,510500,510500,False,False,False,False,8.693258164914738,8.694685629309635,8.694685629309635,0.0,7,7,1588,1.7631564822989754,,0
2020-06-15,2020-06-12,2,3c6deecefb3c71f778e8339b71fdc6641ae550ef257b45aec993b5b47b57161d,v12_ff84c284e6bb115138cd,False,False,False,510500,159915,159915,False,False,True,False,8.694685629309635,8.684693378545365,8.682956439869656,0.001736938675709073,8,0,1588,2.686323713927213,,0
2020-06-16,2020-06-15,2,3c6deecefb3c71f778e8339b71fdc6641ae550ef257b45aec993b5b47b57161d,v12_ff84c284e6bb115138cd,False,False,False,159915,159915,159915,False,False,False,False,8.682956439869656,8.853290008517261,8.853290008517261,0.0,1,1,1588,2.686323713927213,,0
2020-06-17,2020-06-16,2,3c6deecefb3c71f778e8339b71fdc6641ae550ef257b45aec993b5b47b57161d,v12_ff84c284e6bb115138cd,False,False,False,159915,159915,159915,False,False,False,False,8.853290008517261,8.873567814308645,8.873567814308645,0.0,2,2,1588,2.7390213299874384,,0
2020-06-18,2020-06-17,2,3c6deecefb3c71f778e8339b71fdc6641ae550ef257b45aec993b5b47b57161d,v12_ff84c284e6bb115138cd,False,False,False,159915,159915,159915,False,False,False,False,8.873567814308645,8.897901181258302,8.897901181258302,0.0,3,3,1588,2.7452948557088943,,0
2020-06-19,2020-06-18,2,3c6deecefb3c71f778e8339b71fdc6641ae550ef257b45aec993b5b47b57161d,v12_ff84c284e6bb115138cd,False,False,False,159915,159915,159915,False,False,False,False,8.897901181258302,9.076345872222461,9.076345872222461,0.0,4,4,1588,2.75282308657464,,0
2020-06-22,2020-06-19,2,3c6deecefb3c71f778e8339b71fdc6641ae550ef257b45aec993b5b47b57161d,v12_ff84c284e6bb115138cd,False,False,False,159915,159915,159915,False,False,False,False,9.076345872222461,9.17773490117937,9.17773490117937,0.0,5,5,1588,2.808030112923448,,0
2020-06-23,2020-06-22,2,3c6deecefb3c71f778e8339b71fdc6641ae550ef257b45aec993b5b47b57161d,v12_ff84c284e6bb115138cd,False,False,False,159915,159915,159915,False,False,False,False,9.17773490117937,9.35617959214353,9.35617959214353,0.0,6,6,1588,2.8393977415307248,,0
2020-06-24,2020-06-23,2,3c6deecefb3c71f778e8339b71fdc6641ae550ef257b45aec993b5b47b57161d,v12_ff84c284e6bb115138cd,False,False,False,159915,159915,159915,False,False,False,False,9.35617959214353,9.35617959214353,9.35617959214353,0.0,7,7,1588,2.894604767879533,,0
2020-06-29,2020-06-24,2,3c6deecefb3c71f778e8339b71fdc6641ae550ef257b45aec993b5b47b57161d,v12_ff84c284e6bb115138cd,False,False,False,159915,159915,159915,False,False,False,False,9.35617959214353,9.307512858244213,9.307512858244213,0.0,8,8,1588,2.894604767879533,,0
2020-06-30,2020-06-29,2,3c6deecefb3c71f778e8339b71fdc6641ae550ef257b45aec993b5b47b57161d,v12_ff84c284e6bb115138cd,False,False,False,159915,159915,159915,False,False,False,False,9.307512858244213,9.567068772373899,9.567068772373899,0.0,9,9,1588,2.894604767879533,,0
2020-07-01,2020-06-30,2,3c6deecefb3c71f778e8339b71fdc6641ae550ef257b45aec993b5b47b57161d,v12_ff84c284e6bb115138cd,False,False,False,159915,159915,159915,False,False,False,False,9.567068772373899,9.498124232683203,9.498124232683203,0.0,10,10,1588,2.959849435382669,,0
2020-07-02,2020-07-01,2,3c6deecefb3c71f778e8339b71fdc6641ae550ef257b45aec993b5b47b57161d,v12_ff84c284e6bb115138cd,False,False,False,159915,159915,159915,False,False,False,False,9.498124232683203,9.530568721949413,9.530568721949413,0.0,11,11,1588,2.959849435382669,,0
2020-07-03,2020-07-02,2,3c6deecefb3c71f778e8339b71fdc6641ae550ef257b45aec993b5b47b57161d,v12_ff84c284e6bb115138cd,False,False,False,159915,159915,159915,False,False,False,False,9.530568721949413,9.652235556697702,9.652235556697702,0.0,12,12,1588,2.959849435382669,,0
2020-07-06,2020-07-03,2,3c6deecefb3c71f778e8339b71fdc6641ae550ef257b45aec993b5b47b57161d,v12_ff84c284e6bb115138cd,False,False,False,159915,159915,159915,False,False,False,False,9.652235556697702,9.936124837777047,9.936124837777047,0.0,13,13,1588,2.9861982434127823,,0
2020-07-07,2020-07-06,2,3c6deecefb3c71f778e8339b71fdc6641ae550ef257b45aec993b5b47b57161d,v12_ff84c284e6bb115138cd,False,False,False,159915,159915,159915,False,False,False,False,9.936124837777047,10.151069579165695,10.151069579165695,0.0,14,14,1588,3.0740276035131586,,0
2020-07-08,2020-07-07,2,3c6deecefb3c71f778e8339b71fdc6641ae550ef257b45aec993b5b47b57161d,v12_ff84c284e6bb115138cd,False,False,False,159915,159915,159915,False,False,False,False,10.151069579165695,10.439014421403314,10.439014421403314,0.0,15,15,1588,3.140526976160586,,0
2020-07-09,2020-07-08,2,3c6deecefb3c71f778e8339b71fdc6641ae550ef257b45aec993b5b47b57161d,v12_ff84c284e6bb115138cd,False,False,False,159915,159915,159915,False,False,False,False,10.439014421403314,10.844570537230949,10.844570537230949,0.0,16,16,1588,3.229611041405253,,0
2020-07-10,2020-07-09,2,3c6deecefb3c71f778e8339b71fdc6641ae550ef257b45aec993b5b47b57161d,v12_ff84c284e6bb115138cd,False,False,False,159915,159915,159915,False,False,False,False,10.844570537230949,10.88918170997199,10.88918170997199,0.0,17,17,1588,3.355081555834361,,0
2020-07-13,2020-07-10,2,3c6deecefb3c71f778e8339b71fdc6641ae550ef257b45aec993b5b47b57161d,v12_ff84c284e6bb115138cd,False,False,False,159915,159915,159915,False,False,False,False,10.88918170997199,11.363682365490321,11.363682365490321,0.0,18,18,1588,3.368883312421563,,0
2020-07-14,2020-07-13,2,3c6deecefb3c71f778e8339b71fdc6641ae550ef257b45aec993b5b47b57161d,v12_ff84c284e6bb115138cd,False,False,False,159915,159915,159915,False,False,False,False,11.363682365490321,11.22173772495065,11.22173772495065,0.0,19,19,1588,3.5156838143036198,,0
2020-07-15,2020-07-14,2,3c6deecefb3c71f778e8339b71fdc6641ae550ef257b45aec993b5b47b57161d,v12_ff84c284e6bb115138cd,False,False,False,159915,159915,159915,False,False,False,False,11.22173772495065,11.039237472828214,11.039237472828214,0.0,20,20,1588,3.5156838143036198,,0
2020-07-16,2020-07-15,2,3c6deecefb3c71f778e8339b71fdc6641ae550ef257b45aec993b5b47b57161d,v12_ff84c284e6bb115138cd,False,False,False,159915,159915,159915,False,False,False,False,11.039237472828214,10.374125442870893,10.374125442870893,0.0,21,21,1588,3.5156838143036198,,0
2020-07-17,2020-07-16,2,3c6deecefb3c71f778e8339b71fdc6641ae550ef257b45aec993b5b47b57161d,v12_ff84c284e6bb115138cd,False,False,False,159915,510500,510500,True,False,True,False,10.374125442870893,10.475514471827802,10.473419368933437,0.0020951028943655605,22,0,1588,2.007645973206193,,0
2020-07-20,2020-07-17,2,3c6deecefb3c71f778e8339b71fdc6641ae550ef257b45aec993b5b47b57161d,v12_ff84c284e6bb115138cd,False,False,False,510500,510500,510500,False,False,False,False,10.473419368933437,10.78097335644782,10.78097335644782,0.0,1,1,1588,2.007645973206193,,0
2020-07-21,2020-07-20,2,3c6deecefb3c71f778e8339b71fdc6641ae550ef257b45aec993b5b47b57161d,v12_ff84c284e6bb115138cd,False,False,False,510500,510500,510500,False,False,False,False,10.78097335644782,10.841278059882013,10.841278059882013,0.0,2,2,1588,2.0666008859072242,,0
2020-07-22,2020-07-21,2,3c6deecefb3c71f778e8339b71fdc6641ae550ef257b45aec993b5b47b57161d,v12_ff84c284e6bb115138cd,False,False,False,510500,510500,510500,False,False,False,False,10.841278059882013,10.94681129089185,10.94681129089185,0.0,3,3,1588,2.078160672711348,,0
2020-07-23,2020-07-22,2,3c6deecefb3c71f778e8339b71fdc6641ae550ef257b45aec993b5b47b57161d,v12_ff84c284e6bb115138cd,False,False,False,510500,510500,510500,False,False,False,False,10.94681129089185,10.93475035020501,10.93475035020501,0.0,4,4,1588,2.0983902996185644,,0
2020-07-24,2020-07-23,2,3c6deecefb3c71f778e8339b71fdc6641ae550ef257b45aec993b5b47b57161d,v12_ff84c284e6bb115138cd,False,False,False,510500,510500,510500,False,False,False,False,10.93475035020501,10.416129900670951,10.416129900670951,0.0,5,5,1588,2.0983902996185644,,0
2020-07-27,2020-07-24,2,3c6deecefb3c71f778e8339b71fdc6641ae550ef257b45aec993b5b47b57161d,v12_ff84c284e6bb115138cd,False,False,False,510500,512890,512890,True,False,True,False,10.416129900670951,10.410099430327532,10.408017410441467,0.0020820198860655066,6,0,1588,1.2612163509471608,,0
2020-07-28,2020-07-27,2,3c6deecefb3c71f778e8339b71fdc6641ae550ef257b45aec993b5b47b57161d,v12_ff84c284e6bb115138cd,False,False,False,512890,512890,512890,False,False,False,False,10.408017410441467,10.473838864420543,10.473838864420543,0.0,1,1,1588,1.2612163509471608,,0
2020-07-29,2020-07-28,2,3c6deecefb3c71f778e8339b71fdc6641ae550ef257b45aec993b5b47b57161d,v12_ff84c284e6bb115138cd,False,False,False,512890,512890,512890,False,False,False,False,10.473838864420543,10.61370945412608,10.61370945412608,0.0,2,2,1588,1.2691924227318068,,0
2020-07-30,2020-07-29,2,3c6deecefb3c71f778e8339b71fdc6641ae550ef257b45aec993b5b47b57161d,v12_ff84c284e6bb115138cd,False,False,False,512890,512400,512400,False,False,True,False,10.61370945412608,10.70421395334731,10.70207311055664,0.002140842790669462,3,0,1588,0.8214285714285726,,0
2020-07-31,2020-07-30,2,3c6deecefb3c71f778e8339b71fdc6641ae550ef257b45aec993b5b47b57161d,v12_ff84c284e6bb115138cd,False,False,False,512400,512400,512400,False,False,False,False,10.70207311055664,10.80268014332333,10.80268014332333,0.0,1,1,1588,0.8214285714285726,,0
2020-08-03,2020-07-31,2,3c6deecefb3c71f778e8339b71fdc6641ae550ef257b45aec993b5b47b57161d,v12_ff84c284e6bb115138cd,False,False,False,512400,512400,512400,False,False,False,False,10.80268014332333,11.00389420885671,11.00389420885671,0.0,2,2,1588,0.8291505791505804,,0
2020-08-04,2020-08-03,2,3c6deecefb3c71f778e8339b71fdc6641ae550ef257b45aec993b5b47b57161d,v12_ff84c284e6bb115138cd,False,False,False,512400,512400,512400,False,False,False,False,11.00389420885671,10.978742450665038,10.978742450665038,0.0,3,3,1588,0.844594594594596,,0
2020-08-05,2020-08-04,2,3c6deecefb3c71f778e8339b71fdc6641ae550ef257b45aec993b5b47b57161d,v12_ff84c284e6bb115138cd,False,False,False,512400,512400,512400,False,False,False,False,10.978742450665038,11.305715307156781,11.305715307156781,0.0,4,4,1588,0.844594594594596,,0
2020-08-06,2020-08-05,2,3c6deecefb3c71f778e8339b71fdc6641ae550ef257b45aec993b5b47b57161d,v12_ff84c284e6bb115138cd,False,False,False,512400,512400,512400,False,False,False,False,11.305715307156781,11.620112284552688,11.620112284552688,0.0,5,5,1588,0.8677606177606193,,0
2020-08-07,2020-08-06,2,3c6deecefb3c71f778e8339b71fdc6641ae550ef257b45aec993b5b47b57161d,v12_ff84c284e6bb115138cd,False,False,False,512400,512400,512400,False,False,False,False,11.620112284552688,11.469201735402653,11.469201735402653,0.0,6,6,1588,0.8918918918918934,,0
2020-08-10,2020-08-07,2,3c6deecefb3c71f778e8339b71fdc6641ae550ef257b45aec993b5b47b57161d,v12_ff84c284e6bb115138cd,False,False,False,512400,512400,512400,False,False,False,False,11.469201735402653,11.192532395294254,11.192532395294254,0.0,7,7,1588,0.8918918918918934,,0
2020-08-11,2020-08-10,2,3c6deecefb3c71f778e8339b71fdc6641ae550ef257b45aec993b5b47b57161d,v12_ff84c284e6bb115138cd,False,False,False,512400,512890,512890,False,False,True,False,11.192532395294254,10.815256022419167,10.813092971214683,0.0021630512044838335,8,0,1588,1.3439680957128632,,0
2020-08-12,2020-08-11,2,3c6deecefb3c71f778e8339b71fdc6641ae550ef257b45aec993b5b47b57161d,v12_ff84c284e6bb115138cd,False,False,False,512890,512890,512890,False,False,False,False,10.813092971214683,10.748920312631807,10.748920312631807,0.0,1,1,1588,1.3439680957128632,,0
2020-08-13,2020-08-12,2,3c6deecefb3c71f778e8339b71fdc6641ae550ef257b45aec993b5b47b57161d,v12_ff84c284e6bb115138cd,False,False,False,512890,512890,512890,False,False,False,False,10.748920312631807,10.845179300506121,10.845179300506121,0.0,2,2,1588,1.3439680957128632,,0
2020-08-14,2020-08-13,2,3c6deecefb3c71f778e8339b71fdc6641ae550ef257b45aec993b5b47b57161d,v12_ff84c284e6bb115138cd,False,False,False,512890,512890,512890,False,False,False,False,10.845179300506121,10.909351959088998,10.909351959088998,0.0,3,3,1588,1.3479561316051862,,0
2020-08-17,2020-08-14,2,3c6deecefb3c71f778e8339b71fdc6641ae550ef257b45aec993b5b47b57161d,v12_ff84c284e6bb115138cd,False,False,False,512890,512890,512890,False,False,False,False,10.909351959088998,11.2061505050348,11.2061505050348,0.0,4,4,1588,1.3559322033898324,,0
2020-08-18,2020-08-17,2,3c6deecefb3c71f778e8339b71fdc6641ae550ef257b45aec993b5b47b57161d,v12_ff84c284e6bb115138cd,False,False,False,512890,512890,512890,False,False,False,False,11.2061505050348,11.21417208735766,11.21417208735766,0.0,5,5,1588,1.3928215353938205,,0
2020-08-19,2020-08-18,2,3c6deecefb3c71f778e8339b71fdc6641ae550ef257b45aec993b5b47b57161d,v12_ff84c284e6bb115138cd,False,False,False,512890,512890,512890,False,False,False,False,11.21417208735766,11.158021011097643,11.158021011097643,0.0,6,6,1588,1.3938185443669011,,0
2020-08-20,2020-08-19,2,3c6deecefb3c71f778e8339b71fdc6641ae550ef257b45aec993b5b47b57161d,v12_ff84c284e6bb115138cd,False,False,False,512890,512890,512890,False,False,False,False,11.158021011097643,11.02967569393189,11.02967569393189,0.0,7,7,1588,1.3938185443669011,,0
2020-08-21,2020-08-20,2,3c6deecefb3c71f778e8339b71fdc6641ae550ef257b45aec993b5b47b57161d,v12_ff84c284e6bb115138cd,False,False,False,512890,512890,512890,False,False,False,False,11.02967569393189,11.013632529286172,11.013632529286172,0.0,8,8,1588,1.3938185443669011,,0
2020-08-24,2020-08-21,2,3c6deecefb3c71f778e8339b71fdc6641ae550ef257b45aec993b5b47b57161d,v12_ff84c284e6bb115138cd,False,False,False,512890,512890,512890,False,False,False,False,11.013632529286172,11.085826770191906,11.085826770191906,0.0,9,9,1588,1.3938185443669011,,0
2020-08-25,2020-08-24,2,3c6deecefb3c71f778e8339b71fdc6641ae550ef257b45aec993b5b47b57161d,v12_ff84c284e6bb115138cd,False,False,False,512890,513100,513100,False,False,True,False,11.085826770191906,11.03769727625475,11.0354897367995,0.0022075394552509503,10,0,1588,4.604814443329995,,0
2020-08-26,2020-08-25,2,3c6deecefb3c71f778e8339b71fdc6641ae550ef257b45aec993b5b47b57161d,v12_ff84c284e6bb115138cd,False,False,False,513100,513100,513100,False,False,False,False,11.0354897367995,10.823962161796592,10.823962161796592,0.0,1,1,1588,4.604814443329995,,0
2020-08-27,2020-08-26,2,3c6deecefb3c71f778e8339b71fdc6641ae550ef257b45aec993b5b47b57161d,v12_ff84c284e6bb115138cd,False,False,False,513100,513100,513100,False,False,False,False,10.823962161796592,11.290284315780276,11.290284315780276,0.0,2,2,1588,4.604814443329995,,0
2020-08-28,2020-08-27,2,3c6deecefb3c71f778e8339b71fdc6641ae550ef257b45aec993b5b47b57161d,v12_ff84c284e6bb115138cd,False,False,False,513100,513100,513100,False,False,False,False,11.290284315780276,11.530656560101765,11.530656560101765,0.0,3,3,1588,4.711133400200607,,0
2020-08-31,2020-08-28,2,3c6deecefb3c71f778e8339b71fdc6641ae550ef257b45aec993b5b47b57161d,v12_ff84c284e6bb115138cd,False,False,False,513100,513100,513100,False,False,False,False,11.530656560101765,12.158028117780848,12.158028117780848,0.0,4,4,1588,4.811434302908731,,0
2020-09-01,2020-08-31,2,3c6deecefb3c71f778e8339b71fdc6641ae550ef257b45aec993b5b47b57161d,v12_ff84c284e6bb115138cd,False,False,False,513100,513100,513100,False,False,False,False,12.158028117780848,11.994574991642239,11.994574991642239,0.0,5,5,1588,5.073219658976936,,0
2020-09-02,2020-09-01,2,3c6deecefb3c71f778e8339b71fdc6641ae550ef257b45aec993b5b47b57161d,v12_ff84c284e6bb115138cd,False,False,False,513100,513100,513100,False,False,False,False,11.994574991642239,12.482530647614857,12.482530647614857,0.0,6,6,1588,5.073219658976936,,0
2020-09-03,2020-09-02,2,3c6deecefb3c71f778e8339b71fdc6641ae550ef257b45aec993b5b47b57161d,v12_ff84c284e6bb115138cd,False,False,False,513100,513100,513100,False,False,False,False,12.482530647614857,12.751747561254923,12.751747561254923,0.0,7,7,1588,5.208625877632904,,0
2020-09-04,2020-09-03,2,3c6deecefb3c71f778e8339b71fdc6641ae550ef257b45aec993b5b47b57161d,v12_ff84c284e6bb115138cd,False,False,False,513100,513100,513100,False,False,False,False,12.751747561254923,11.648438959819297,11.648438959819297,0.0,8,8,1588,5.320962888666003,,0
2020-09-07,2020-09-04,2,3c6deecefb3c71f778e8339b71fdc6641ae550ef257b45aec993b5b47b57161d,v12_ff84c284e6bb115138cd,False,False,False,513100,510300,510300,True,False,True,False,11.648438959819297,10.778291435375511,10.776135777088436,0.0021556582870751024,9,0,1588,2.0550170134871415,,0
2020-09-08,2020-09-07,2,3c6deecefb3c71f778e8339b71fdc6641ae550ef257b45aec993b5b47b57161d,v12_ff84c284e6bb115138cd,False,False,False,510300,513100,513100,True,False,True,False,10.776135777088436,10.830790734537743,10.828624576390835,0.0021661581469075487,1,0,1588,4.7382146439318005,,0
2020-09-09,2020-09-08,2,3c6deecefb3c71f778e8339b71fdc6641ae550ef257b45aec993b5b47b57161d,v12_ff84c284e6bb115138cd,False,False,False,513100,513100,513100,False,False,False,False,10.828624576390835,10.27389825389156,10.27389825389156,0.0,1,1,1588,4.7382146439318005,,0
2020-09-10,2020-09-09,2,3c6deecefb3c71f778e8339b71fdc6641ae550ef257b45aec993b5b47b57161d,v12_ff84c284e6bb115138cd,False,False,False,513100,513100,513100,False,False,False,False,10.27389825389156,10.565014960327131,10.565014960327131,0.0,2,2,1588,4.7382146439318005,,0
2020-09-11,2020-09-10,2,3c6deecefb3c71f778e8339b71fdc6641ae550ef257b45aec993b5b47b57161d,v12_ff84c284e6bb115138cd,False,False,False,513100,513100,513100,False,False,False,False,10.565014960327131,10.381634357848032,10.381634357848032,0.0,3,3,1588,4.7382146439318005,,0
2020-09-14,2020-09-11,2,3c6deecefb3c71f778e8339b71fdc6641ae550ef257b45aec993b5b47b57161d,v12_ff84c284e6bb115138cd,False,False,False,513100,513100,513100,False,False,False,False,10.381634357848032,10.668166549221624,10.668166549221624,0.0,4,4,1588,4.7382146439318005,,0
2020-09-15,2020-09-14,2,3c6deecefb3c71f778e8339b71fdc6641ae550ef257b45aec993b5b47b57161d,v12_ff84c284e6bb115138cd,False,False,False,513100,513100,513100,False,False,False,False,10.668166549221624,11.028050981586857,11.028050981586857,0.0,5,5,1588,4.7382146439318005,,0
2020-09-16,2020-09-15,2,3c6deecefb3c71f778e8339b71fdc6641ae550ef257b45aec993b5b47b57161d,v12_ff84c284e6bb115138cd,False,False,False,513100,513100,513100,False,False,False,False,11.028050981586857,11.007420663807958,11.007420663807958,0.0,6,6,1588,4.8254764292878685,,0
2020-09-17,2020-09-16,2,3c6deecefb3c71f778e8339b71fdc6641ae550ef257b45aec993b5b47b57161d,v12_ff84c284e6bb115138cd,False,False,False,513100,513100,513100,False,False,False,False,11.007420663807958,10.553553672672187,10.553553672672187,0.0,7,7,1588,4.8254764292878685,,0
2020-09-18,2020-09-17,2,3c6deecefb3c71f778e8339b71fdc6641ae550ef257b45aec993b5b47b57161d,v12_ff84c284e6bb115138cd,False,False,False,513100,513100,513100,False,False,False,False,10.553553672672187,10.91343810503742,10.91343810503742,0.0,8,8,1588,4.8254764292878685,,0
2020-09-21,2020-09-18,2,3c6deecefb3c71f778e8339b71fdc6641ae550ef257b45aec993b5b47b57161d,v12_ff84c284e6bb115138cd,False,False,False,513100,513100,513100,False,False,False,False,10.91343810503742,10.697965897124478,10.697965897124478,0.0,9,9,1588,4.8254764292878685,,0
2020-09-22,2020-09-21,2,3c6deecefb3c71f778e8339b71fdc6641ae550ef257b45aec993b5b47b57161d,v12_ff84c284e6bb115138cd,False,False,False,513100,513100,513100,False,False,False,False,10.697965897124478,10.52833883983131,10.52833883983131,0.0,10,10,1588,4.8254764292878685,,0
2020-09-23,2020-09-22,2,3c6deecefb3c71f778e8339b71fdc6641ae550ef257b45aec993b5b47b57161d,v12_ff84c284e6bb115138cd,False,False,False,513100,513100,513100,False,False,False,False,10.52833883983131,10.670458806752613,10.670458806752613,0.0,11,11,1588,4.8254764292878685,,0
2020-09-24,2020-09-23,2,3c6deecefb3c71f778e8339b71fdc6641ae550ef257b45aec993b5b47b57161d,v12_ff84c284e6bb115138cd,False,False,False,513100,513100,513100,False,False,False,False,10.670458806752613,10.27160599636057,10.27160599636057,0.0,12,12,1588,4.8254764292878685,,0
2020-09-25,2020-09-24,2,3c6deecefb3c71f778e8339b71fdc6641ae550ef257b45aec993b5b47b57161d,v12_ff84c284e6bb115138cd,False,False,False,513100,513100,513100,False,False,False,False,10.27160599636057,10.189084725244975,10.189084725244975,0.0,13,13,1588,4.8254764292878685,,0
2020-09-28,2020-09-25,2,3c6deecefb3c71f778e8339b71fdc6641ae550ef257b45aec993b5b47b57161d,v12_ff84c284e6bb115138cd,False,False,False,513100,513100,513100,False,False,False,False,10.189084725244975,10.36100404006913,10.36100404006913,0.0,14,14,1588,4.8254764292878685,,0
2020-09-29,2020-09-28,2,3c6deecefb3c71f778e8339b71fdc6641ae550ef257b45aec993b5b47b57161d,v12_ff84c284e6bb115138cd,False,False,False,513100,513100,513100,False,False,False,False,10.36100404006913,10.420602735874839,10.420602735874839,0.0,15,15,1588,4.8254764292878685,,0
2020-09-30,2020-09-29,2,3c6deecefb3c71f778e8339b71fdc6641ae550ef257b45aec993b5b47b57161d,v12_ff84c284e6bb115138cd,False,False,False,513100,513100,513100,False,False,False,False,10.420602735874839,10.441233053653736,10.441233053653736,0.0,16,16,1588,4.8254764292878685,,0
2020-10-09,2020-09-30,2,3c6deecefb3c71f778e8339b71fdc6641ae550ef257b45aec993b5b47b57161d,v12_ff84c284e6bb115138cd,False,False,False,513100,513100,513100,False,False,False,False,10.441233053653736,10.645243973911734,10.645243973911734,0.0,17,17,1588,4.8254764292878685,,0
2020-10-12,2020-10-09,2,3c6deecefb3c71f778e8339b71fdc6641ae550ef257b45aec993b5b47b57161d,v12_ff84c284e6bb115138cd,False,False,False,513100,513100,513100,False,False,False,False,10.645243973911734,10.711719442310407,10.711719442310407,0.0,18,18,1588,4.8254764292878685,,0
2020-10-13,2020-10-12,2,3c6deecefb3c71f778e8339b71fdc6641ae550ef257b45aec993b5b47b57161d,v12_ff84c284e6bb115138cd,False,False,False,513100,159915,159915,False,False,True,False,10.711719442310407,10.824040061328855,10.82187525331659,0.002164808012265771,19,0,1588,3.3726474278544374,,0
2020-10-14,2020-10-13,2,3c6deecefb3c71f778e8339b71fdc6641ae550ef257b45aec993b5b47b57161d,v12_ff84c284e6bb115138cd,False,False,False,159915,159915,159915,False,False,False,False,10.82187525331659,10.741355348157983,10.741355348157983,0.0,1,1,1588,3.3726474278544374,,0
2020-10-15,2020-10-14,2,3c6deecefb3c71f778e8339b71fdc6641ae550ef257b45aec993b5b47b57161d,v12_ff84c284e6bb115138cd,False,False,False,159915,159915,159915,False,False,False,False,10.741355348157983,10.668887433515238,10.668887433515238,0.0,2,2,1588,3.3726474278544374,,0
2020-10-16,2020-10-15,2,3c6deecefb3c71f778e8339b71fdc6641ae550ef257b45aec993b5b47b57161d,v12_ff84c284e6bb115138cd,False,False,False,159915,159915,159915,False,False,False,False,10.668887433515238,10.604471509388352,10.604471509388352,0.0,3,3,1588,3.3726474278544374,,0
2020-10-19,2020-10-16,2,3c6deecefb3c71f778e8339b71fdc6641ae550ef257b45aec993b5b47b57161d,v12_ff84c284e6bb115138cd,False,False,False,159915,159915,159915,False,False,False,False,10.604471509388352,10.467587670618723,10.467587670618723,0.0,4,4,1588,3.3726474278544374,,0
2020-10-20,2020-10-19,2,3c6deecefb3c71f778e8339b71fdc6641ae550ef257b45aec993b5b47b57161d,v12_ff84c284e6bb115138cd,False,False,False,159915,159915,159915,False,False,False,False,10.467587670618723,10.648757457225585,10.648757457225585,0.0,5,5,1588,3.3726474278544374,,0
2020-10-21,2020-10-20,2,3c6deecefb3c71f778e8339b71fdc6641ae550ef257b45aec993b5b47b57161d,v12_ff84c284e6bb115138cd,False,False,False,159915,159915,159915,False,False,False,False,10.648757457225585,10.515899613713886,10.515899613713886,0.0,6,6,1588,3.3726474278544374,,0
2020-10-22,2020-10-21,2,3c6deecefb3c71f778e8339b71fdc6641ae550ef257b45aec993b5b47b57161d,v12_ff84c284e6bb115138cd,False,False,False,159915,159915,159915,False,False,False,False,10.515899613713886,10.395119755975978,10.395119755975978,0.0,7,7,1588,3.3726474278544374,,0
2020-10-23,2020-10-22,2,3c6deecefb3c71f778e8339b71fdc6641ae550ef257b45aec993b5b47b57161d,v12_ff84c284e6bb115138cd,False,False,False,159915,159915,159915,False,False,False,False,10.395119755975978,10.129404068952581,10.129404068952581,0.0,8,8,1588,3.3726474278544374,,0
2020-10-26,2020-10-23,2,3c6deecefb3c71f778e8339b71fdc6641ae550ef257b45aec993b5b47b57161d,v12_ff84c284e6bb115138cd,False,False,False,159915,159915,159915,False,False,False,False,10.129404068952581,10.197845988337397,10.197845988337397,0.0,9,9,1588,3.3726474278544374,,0
2020-10-27,2020-10-26,2,3c6deecefb3c71f778e8339b71fdc6641ae550ef257b45aec993b5b47b57161d,v12_ff84c284e6bb115138cd,False,False,False,159915,159915,159915,False,False,False,False,10.197845988337397,10.306547860301514,10.306547860301514,0.0,10,10,1588,3.3726474278544374,,0
2020-10-28,2020-10-27,2,3c6deecefb3c71f778e8339b71fdc6641ae550ef257b45aec993b5b47b57161d,v12_ff84c284e6bb115138cd,False,False,False,159915,159915,159915,False,False,False,False,10.306547860301514,10.374989779686327,10.374989779686327,0.0,11,11,1588,3.3726474278544374,,0
2020-10-29,2020-10-28,2,3c6deecefb3c71f778e8339b71fdc6641ae550ef257b45aec993b5b47b57161d,v12_ff84c284e6bb115138cd,False,False,False,159915,159915,159915,False,False,False,False,10.374989779686327,10.495769637424235,10.495769637424235,0.0,12,12,1588,3.3726474278544374,,0
2020-10-30,2020-10-29,2,3c6deecefb3c71f778e8339b71fdc6641ae550ef257b45aec993b5b47b57161d,v12_ff84c284e6bb115138cd,False,False,False,159915,159915,159915,False,False,False,False,10.495769637424235,10.318625846075303,10.318625846075303,0.0,13,13,1588,3.3726474278544374,,0
2020-11-02,2020-10-30,2,3c6deecefb3c71f778e8339b71fdc6641ae550ef257b45aec993b5b47b57161d,v12_ff84c284e6bb115138cd,False,False,False,159915,159915,159915,False,False,False,False,10.318625846075303,10.536029590003537,10.536029590003537,0.0,14,14,1588,3.3726474278544374,,0
2020-11-03,2020-11-02,2,3c6deecefb3c71f778e8339b71fdc6641ae550ef257b45aec993b5b47b57161d,v12_ff84c284e6bb115138cd,False,False,False,159915,159915,159915,False,False,False,False,10.536029590003537,10.664861438257306,10.664861438257306,0.0,15,15,1588,3.3726474278544374,,0
2020-11-04,2020-11-03,2,3c6deecefb3c71f778e8339b71fdc6641ae550ef257b45aec993b5b47b57161d,v12_ff84c284e6bb115138cd,False,False,False,159915,159915,159915,False,False,False,False,10.664861438257306,10.701095395578678,10.701095395578678,0.0,16,16,1588,3.3726474278544374,,0
2020-11-05,2020-11-04,2,3c6deecefb3c71f778e8339b71fdc6641ae550ef257b45aec993b5b47b57161d,v12_ff84c284e6bb115138cd,False,False,False,159915,159915,159915,False,False,False,False,10.701095395578678,10.829927243832447,10.829927243832447,0.0,17,17,1588,3.3726474278544374,,0
2020-11-06,2020-11-05,2,3c6deecefb3c71f778e8339b71fdc6641ae550ef257b45aec993b5b47b57161d,v12_ff84c284e6bb115138cd,False,False,False,159915,512400,512400,False,False,True,False,10.829927243832447,10.616549495162143,10.614426185263111,0.0021233098990324287,18,0,1588,0.8339768339768358,,0
2020-11-09,2020-11-06,2,3c6deecefb3c71f778e8339b71fdc6641ae550ef257b45aec993b5b47b57161d,v12_ff84c284e6bb115138cd,False,False,False,512400,512400,512400,False,False,False,False,10.614426185263111,11.0198382965058,11.0198382965058,0.0,1,1,1588,0.8339768339768358,,0
2020-11-10,2020-11-09,2,3c6deecefb3c71f778e8339b71fdc6641ae550ef257b45aec993b5b47b57161d,v12_ff84c284e6bb115138cd,False,False,False,512400,512400,512400,False,False,False,False,11.0198382965058,10.74956355567734,10.74956355567734,0.0,2,2,1588,0.8658301158301176,,0
2020-11-11,2020-11-10,2,3c6deecefb3c71f778e8339b71fdc6641ae550ef257b45aec993b5b47b57161d,v12_ff84c284e6bb115138cd,False,False,False,512400,512400,512400,False,False,False,False,10.74956355567734,10.638996616247516,10.638996616247516,0.0,3,3,1588,0.8658301158301176,,0
2020-11-12,2020-11-11,2,3c6deecefb3c71f778e8339b71fdc6641ae550ef257b45aec993b5b47b57161d,v12_ff84c284e6bb115138cd,False,False,False,512400,512400,512400,False,False,False,False,10.638996616247516,10.675852262724124,10.675852262724124,0.0,4,4,1588,0.8658301158301176,,0
2020-11-13,2020-11-12,2,3c6deecefb3c71f778e8339b71fdc6641ae550ef257b45aec993b5b47b57161d,v12_ff84c284e6bb115138cd,False,False,False,512400,512400,512400,False,False,False,False,10.675852262724124,10.823274848630556,10.823274848630556,0.0,5,5,1588,0.8658301158301176,,0
2020-11-16,2020-11-13,2,3c6deecefb3c71f778e8339b71fdc6641ae550ef257b45aec993b5b47b57161d,v12_ff84c284e6bb115138cd,False,False,False,512400,512400,512400,False,False,False,False,10.823274848630556,11.339253899303069,11.339253899303069,0.0,6,6,1588,0.8658301158301176,,0
2020-11-17,2020-11-16,2,3c6deecefb3c71f778e8339b71fdc6641ae550ef257b45aec993b5b47b57161d,v12_ff84c284e6bb115138cd,False,False,False,512400,512400,512400,False,False,False,False,11.339253899303069,11.154975666920029,11.154975666920029,0.0,7,7,1588,0.8909266409266429,,0
2020-11-18,2020-11-17,2,3c6deecefb3c71f778e8339b71fdc6641ae550ef257b45aec993b5b47b57161d,v12_ff84c284e6bb115138cd,False,False,False,512400,512400,512400,False,False,False,False,11.154975666920029,11.216401744381042,11.216401744381042,0.0,8,8,1588,0.8909266409266429,,0
2020-11-19,2020-11-18,2,3c6deecefb3c71f778e8339b71fdc6641ae550ef257b45aec993b5b47b57161d,v12_ff84c284e6bb115138cd,False,False,False,512400,512400,512400,False,False,False,False,11.216401744381042,11.056693942982406,11.056693942982406,0.0,9,9,1588,0.8909266409266429,,0
2020-11-20,2020-11-19,2,3c6deecefb3c71f778e8339b71fdc6641ae550ef257b45aec993b5b47b57161d,v12_ff84c284e6bb115138cd,False,False,False,512400,512400,512400,False,False,False,False,11.056693942982406,11.474391269717298,11.474391269717298,0.0,10,10,1588,0.8909266409266429,,0
2020-11-23,2020-11-20,2,3c6deecefb3c71f778e8339b71fdc6641ae550ef257b45aec993b5b47b57161d,v12_ff84c284e6bb115138cd,False,False,False,512400,512400,512400,False,False,False,False,11.474391269717298,11.842947734483376,11.842947734483376,0.0,11,11,1588,0.9015444015444036,,0
2020-11-24,2020-11-23,2,3c6deecefb3c71f778e8339b71fdc6641ae550ef257b45aec993b5b47b57161d,v12_ff84c284e6bb115138cd,False,False,False,512400,512400,512400,False,False,False,False,11.842947734483376,11.990370320389808,11.990370320389808,0.0,12,12,1588,0.9305019305019324,,0
2020-11-25,2020-11-24,2,3c6deecefb3c71f778e8339b71fdc6641ae550ef257b45aec993b5b47b57161d,v12_ff84c284e6bb115138cd,False,False,False,512400,512400,512400,False,False,False,False,11.990370320389808,11.658669502100336,11.658669502100336,0.0,13,13,1588,0.942084942084944,,0
2020-11-26,2020-11-25,2,3c6deecefb3c71f778e8339b71fdc6641ae550ef257b45aec993b5b47b57161d,v12_ff84c284e6bb115138cd,False,False,False,512400,512400,512400,False,False,False,False,11.658669502100336,11.658669502100336,11.658669502100336,0.0,14,14,1588,0.942084942084944,,0
2020-11-27,2020-11-26,2,3c6deecefb3c71f778e8339b71fdc6641ae550ef257b45aec993b5b47b57161d,v12_ff84c284e6bb115138cd,False,False,False,512400,512400,512400,False,False,False,False,11.658669502100336,11.609528640131526,11.609528640131526,0.0,15,15,1588,0.942084942084944,,0
2020-11-30,2020-11-27,2,3c6deecefb3c71f778e8339b71fdc6641ae550ef257b45aec993b5b47b57161d,v12_ff84c284e6bb115138cd,False,False,False,512400,512400,512400,False,False,False,False,11.609528640131526,11.769236441530161,11.769236441530161,0.0,16,16,1588,0.942084942084944,,0
2020-12-01,2020-11-30,2,3c6deecefb3c71f778e8339b71fdc6641ae550ef257b45aec993b5b47b57161d,v12_ff84c284e6bb115138cd,False,False,False,512400,512400,512400,False,False,False,False,11.769236441530161,11.867518165467782,11.867518165467782,0.0,17,17,1588,0.942084942084944,,0
2020-12-02,2020-12-01,2,3c6deecefb3c71f778e8339b71fdc6641ae550ef257b45aec993b5b47b57161d,v12_ff84c284e6bb115138cd,False,False,False,512400,512400,512400,False,False,False,False,11.867518165467782,11.793806872514565,11.793806872514565,0.0,18,18,1588,0.942084942084944,,0
2020-12-03,2020-12-02,2,3c6deecefb3c71f778e8339b71fdc6641ae550ef257b45aec993b5b47b57161d,v12_ff84c284e6bb115138cd,False,False,False,512400,512400,512400,False,False,False,False,11.793806872514565,11.425250407748486,11.425250407748486,0.0,19,19,1588,0.942084942084944,,0
2020-12-04,2020-12-03,2,3c6deecefb3c71f778e8339b71fdc6641ae550ef257b45aec993b5b47b57161d,v12_ff84c284e6bb115138cd,False,False,False,512400,512400,512400,False,False,False,False,11.425250407748486,11.707810364069147,11.707810364069147,0.0,20,20,1588,0.942084942084944,,0
2020-12-07,2020-12-04,2,3c6deecefb3c71f778e8339b71fdc6641ae550ef257b45aec993b5b47b57161d,v12_ff84c284e6bb115138cd,False,False,False,512400,512400,512400,False,False,False,False,11.707810364069147,11.597243424639322,11.597243424639322,0.0,21,21,1588,0.942084942084944,,0
2020-12-08,2020-12-07,2,3c6deecefb3c71f778e8339b71fdc6641ae550ef257b45aec993b5b47b57161d,v12_ff84c284e6bb115138cd,False,False,False,512400,512400,512400,False,False,False,False,11.597243424639322,11.634099071115928,11.634099071115928,0.0,22,22,1588,0.942084942084944,,0
2020-12-09,2020-12-08,2,3c6deecefb3c71f778e8339b71fdc6641ae550ef257b45aec993b5b47b57161d,v12_ff84c284e6bb115138cd,False,False,False,512400,512400,512400,False,False,False,False,11.634099071115928,11.486676485209498,11.486676485209498,0.0,23,23,1588,0.942084942084944,,0
2020-12-10,2020-12-09,2,3c6deecefb3c71f778e8339b71fdc6641ae550ef257b45aec993b5b47b57161d,v12_ff84c284e6bb115138cd,False,False,False,512400,512400,512400,False,False,False,False,11.486676485209498,11.326968683810863,11.326968683810863,0.0,24,24,1588,0.942084942084944,,0
2020-12-11,2020-12-10,2,3c6deecefb3c71f778e8339b71fdc6641ae550ef257b45aec993b5b47b57161d,v12_ff84c284e6bb115138cd,False,False,False,512400,512400,512400,False,False,False,False,11.326968683810863,11.204116528888836,11.204116528888836,0.0,25,25,1588,0.942084942084944,,0
2020-12-14,2020-12-11,2,3c6deecefb3c71f778e8339b71fdc6641ae550ef257b45aec993b5b47b57161d,v12_ff84c284e6bb115138cd,False,False,False,512400,512400,512400,False,False,False,False,11.204116528888836,11.290113037334255,11.290113037334255,0.0,26,26,1588,0.942084942084944,,0
2020-12-15,2020-12-14,2,3c6deecefb3c71f778e8339b71fdc6641ae550ef257b45aec993b5b47b57161d,v12_ff84c284e6bb115138cd,False,False,False,512400,159915,159915,False,False,True,False,11.290113037334255,11.26554260634985,11.26328949782858,0.00225310852126997,27,0,1588,3.3462986198243234,,0
2020-12-16,2020-12-15,2,3c6deecefb3c71f778e8339b71fdc6641ae550ef257b45aec993b5b47b57161d,v12_ff84c284e6bb115138cd,False,False,False,159915,159915,159915,False,False,False,False,11.26328949782858,11.26328949782858,11.26328949782858,0.0,1,1,1588,3.3462986198243234,,0
2020-12-17,2020-12-16,2,3c6deecefb3c71f778e8339b71fdc6641ae550ef257b45aec993b5b47b57161d,v12_ff84c284e6bb115138cd,False,False,False,159915,159915,159915,False,False,False,False,11.26328949782858,11.37731605067499,11.37731605067499,0.0,2,2,1588,3.3462986198243234,,0
2020-12-18,2020-12-17,2,3c6deecefb3c71f778e8339b71fdc6641ae550ef257b45aec993b5b47b57161d,v12_ff84c284e6bb115138cd,False,False,False,159915,159915,159915,False,False,False,False,11.37731605067499,11.351976816709122,11.351976816709122,0.0,3,3,1588,3.380175658720183,,0
2020-12-21,2020-12-18,2,3c6deecefb3c71f778e8339b71fdc6641ae550ef257b45aec993b5b47b57161d,v12_ff84c284e6bb115138cd,False,False,False,159915,159915,159915,False,False,False,False,11.351976816709122,11.73206532619715,11.73206532619715,0.0,4,4,1588,3.380175658720183,,0
2020-12-22,2020-12-21,2,3c6deecefb3c71f778e8339b71fdc6641ae550ef257b45aec993b5b47b57161d,v12_ff84c284e6bb115138cd,False,False,False,159915,159915,159915,False,False,False,False,11.73206532619715,11.478672986538463,11.478672986538463,0.0,5,5,1588,3.485570890840634,,0
2020-12-23,2020-12-22,2,3c6deecefb3c71f778e8339b71fdc6641ae550ef257b45aec993b5b47b57161d,v12_ff84c284e6bb115138cd,False,False,False,159915,513100,513100,True,False,True,False,11.478672986538463,11.59269953938487,11.590380999476993,0.0023185399078769742,6,0,1588,4.327983951855569,,0
2020-12-24,2020-12-23,2,3c6deecefb3c71f778e8339b71fdc6641ae550ef257b45aec993b5b47b57161d,v12_ff84c284e6bb115138cd,False,False,False,513100,513100,513100,False,False,False,False,11.590380999476993,11.544717853013235,11.544717853013235,0.0,1,1,1588,4.327983951855569,,0
2020-12-25,2020-12-24,2,3c6deecefb3c71f778e8339b71fdc6641ae550ef257b45aec993b5b47b57161d,v12_ff84c284e6bb115138cd,False,False,False,513100,159915,159915,False,False,True,False,11.544717853013235,11.606497404111257,11.604176104630435,0.0023212994808222516,2,0,1588,3.4491844416561923,,0
2020-12-28,2020-12-25,2,3c6deecefb3c71f778e8339b71fdc6641ae550ef257b45aec993b5b47b57161d,v12_ff84c284e6bb115138cd,False,False,False,159915,159915,159915,False,False,False,False,11.604176104630435,11.587291163044942,11.587291163044942,0.0,1,1,1588,3.4491844416561923,,0
2020-12-29,2020-12-28,2,3c6deecefb3c71f778e8339b71fdc6641ae550ef257b45aec993b5b47b57161d,v12_ff84c284e6bb115138cd,False,False,False,159915,159915,159915,False,False,False,False,11.587291163044942,11.469096571946487,11.469096571946487,0.0,2,2,1588,3.4491844416561923,,0
2020-12-30,2020-12-29,2,3c6deecefb3c71f778e8339b71fdc6641ae550ef257b45aec993b5b47b57161d,v12_ff84c284e6bb115138cd,False,False,False,159915,159915,159915,False,False,False,False,11.469096571946487,11.815237874449103,11.815237874449103,0.0,3,3,1588,3.4491844416561923,,0
2020-12-31,2020-12-30,2,3c6deecefb3c71f778e8339b71fdc6641ae550ef257b45aec993b5b47b57161d,v12_ff84c284e6bb115138cd,False,False,False,159915,159915,159915,False,False,False,False,11.815237874449103,12.098060646006122,12.098060646006122,0.0,4,4,1588,3.511919698870746,,0
2021-01-04,2020-12-31,2,3c6deecefb3c71f778e8339b71fdc6641ae550ef257b45aec993b5b47b57161d,v12_ff84c284e6bb115138cd,False,False,False,159915,159915,159915,False,False,False,False,12.098060646006122,12.562396539607192,12.562396539607192,0.0,5,5,1588,3.5959849435382494,,0
2021-01-05,2021-01-04,2,3c6deecefb3c71f778e8339b71fdc6641ae550ef257b45aec993b5b47b57161d,v12_ff84c284e6bb115138cd,False,False,False,159915,159915,159915,False,False,False,False,12.562396539607192,12.613051364363674,12.613051364363674,0.0,6,6,1588,3.7340025094102685,,0
2021-01-06,2021-01-05,2,3c6deecefb3c71f778e8339b71fdc6641ae550ef257b45aec993b5b47b57161d,v12_ff84c284e6bb115138cd,False,False,False,159915,159915,159915,False,False,False,False,12.613051364363674,12.676369895309275,12.676369895309275,0.0,7,7,1588,3.749058971141762,,0
2021-01-07,2021-01-06,2,3c6deecefb3c71f778e8339b71fdc6641ae550ef257b45aec993b5b47b57161d,v12_ff84c284e6bb115138cd,False,False,False,159915,159915,159915,False,False,False,False,12.676369895309275,12.900095371317065,12.900095371317065,0.0,8,8,1588,3.7678795483061283,,0
2021-01-08,2021-01-07,2,3c6deecefb3c71f778e8339b71fdc6641ae550ef257b45aec993b5b47b57161d,v12_ff84c284e6bb115138cd,False,False,False,159915,159915,159915,False,False,False,False,12.900095371317065,12.815670663389596,12.815670663389596,0.0,9,9,1588,3.8343789209535557,,0
2021-01-11,2021-01-08,2,3c6deecefb3c71f778e8339b71fdc6641ae550ef257b45aec993b5b47b57161d,v12_ff84c284e6bb115138cd,False,False,False,159915,159915,159915,False,False,False,False,12.815670663389596,12.617272599760046,12.617272599760046,0.0,10,10,1588,3.8343789209535557,,0
2021-01-12,2021-01-11,2,3c6deecefb3c71f778e8339b71fdc6641ae550ef257b45aec993b5b47b57161d,v12_ff84c284e6bb115138cd,False,False,False,159915,159915,159915,False,False,False,False,12.617272599760046,12.98452007924453,12.98452007924453,0.0,11,11,1588,3.8343789209535557,,0
2021-01-13,2021-01-12,2,3c6deecefb3c71f778e8339b71fdc6641ae550ef257b45aec993b5b47b57161d,v12_ff84c284e6bb115138cd,False,False,False,159915,159915,159915,False,False,False,False,12.98452007924453,12.769237074029489,12.769237074029489,0.0,12,12,1588,3.859473023839377,,0
2021-01-14,2021-01-13,2,3c6deecefb3c71f778e8339b71fdc6641ae550ef257b45aec993b5b47b57161d,v12_ff84c284e6bb115138cd,False,False,False,159915,159915,159915,False,False,False,False,12.769237074029489,12.608830128967302,12.608830128967302,0.0,13,13,1588,3.859473023839377,,0
2021-01-15,2021-01-14,2,3c6deecefb3c71f778e8339b71fdc6641ae550ef257b45aec993b5b47b57161d,v12_ff84c284e6bb115138cd,False,False,False,159915,159915,159915,False,False,False,False,12.608830128967302,12.621493835156421,12.621493835156421,0.0,14,14,1588,3.859473023839377,,0
2021-01-18,2021-01-15,2,3c6deecefb3c71f778e8339b71fdc6641ae550ef257b45aec993b5b47b57161d,v12_ff84c284e6bb115138cd,False,False,False,159915,159915,159915,False,False,False,False,12.621493835156421,12.85788301735333,12.85788301735333,0.0,15,15,1588,3.859473023839377,,0
2021-01-19,2021-01-18,2,3c6deecefb3c71f778e8339b71fdc6641ae550ef257b45aec993b5b47b57161d,v12_ff84c284e6bb115138cd,False,False,False,159915,159915,159915,False,False,False,False,12.85788301735333,12.562396539607194,12.562396539607194,0.0,16,16,1588,3.859473023839377,,0
2021-01-20,2021-01-19,2,3c6deecefb3c71f778e8339b71fdc6641ae550ef257b45aec993b5b47b57161d,v12_ff84c284e6bb115138cd,False,False,False,159915,159915,159915,False,False,False,False,12.562396539607194,13.068944787172,13.068944787172,0.0,17,17,1588,3.859473023839377,,0
2021-01-21,2021-01-20,2,3c6deecefb3c71f778e8339b71fdc6641ae550ef257b45aec993b5b47b57161d,v12_ff84c284e6bb115138cd,False,False,False,159915,159915,159915,False,False,False,False,13.068944787172,13.406643618881873,13.406643618881873,0.0,18,18,1588,3.884567126725198,,0
2021-01-22,2021-01-21,2,3c6deecefb3c71f778e8339b71fdc6641ae550ef257b45aec993b5b47b57161d,v12_ff84c284e6bb115138cd,False,False,False,159915,159915,159915,False,False,False,False,13.406643618881873,13.681023919646142,13.681023919646142,0.0,19,19,1588,3.9849435382684852,,0
2021-01-25,2021-01-22,2,3c6deecefb3c71f778e8339b71fdc6641ae550ef257b45aec993b5b47b57161d,v12_ff84c284e6bb115138cd,False,False,False,159915,159915,159915,False,False,False,False,13.681023919646142,13.685245155042516,13.685245155042516,0.0,20,20,1588,4.066499372647406,,0
2021-01-26,2021-01-25,2,3c6deecefb3c71f778e8339b71fdc6641ae550ef257b45aec993b5b47b57161d,v12_ff84c284e6bb115138cd,False,False,False,159915,159915,159915,False,False,False,False,13.685245155042516,13.305333969368911,13.305333969368911,0.0,21,21,1588,4.0677540777916965,,0
2021-01-27,2021-01-26,2,3c6deecefb3c71f778e8339b71fdc6641ae550ef257b45aec993b5b47b57161d,v12_ff84c284e6bb115138cd,False,False,False,159915,159915,159915,False,False,False,False,13.305333969368911,13.364431264918137,13.364431264918137,0.0,22,22,1588,4.0677540777916965,,0
2021-01-28,2021-01-27,2,3c6deecefb3c71f778e8339b71fdc6641ae550ef257b45aec993b5b47b57161d,v12_ff84c284e6bb115138cd,False,False,False,159915,159915,159915,False,False,False,False,13.364431264918137,12.904316606713438,12.904316606713438,0.0,23,23,1588,4.0677540777916965,,0
2021-01-29,2021-01-28,2,3c6deecefb3c71f778e8339b71fdc6641ae550ef257b45aec993b5b47b57161d,v12_ff84c284e6bb115138cd,False,False,False,159915,512400,512400,True,False,True,False,12.904316606713438,12.786122015614984,12.78356479121186,0.0025572244031229967,24,0,1588,1.0222007722007755,,0
2021-02-01,2021-01-29,2,3c6deecefb3c71f778e8339b71fdc6641ae550ef257b45aec993b5b47b57161d,v12_ff84c284e6bb115138cd,False,False,False,512400,512400,512400,False,False,False,False,12.78356479121186,12.928421049469218,12.928421049469218,0.0,1,1,1588,1.0222007722007755,,0
2021-02-02,2021-02-01,2,3c6deecefb3c71f778e8339b71fdc6641ae550ef257b45aec993b5b47b57161d,v12_ff84c284e6bb115138cd,False,False,False,512400,159915,159915,False,False,True,False,12.928421049469218,13.302633049967396,13.299972523357402,0.002660526609993479,2,0,1588,3.9121706398996006,,0
2021-02-03,2021-02-02,2,3c6deecefb3c71f778e8339b71fdc6641ae550ef257b45aec993b5b47b57161d,v12_ff84c284e6bb115138cd,False,False,False,159915,159915,159915,False,False,False,False,13.299972523357402,13.248785970990408,13.248785970990408,0.0,1,1,1588,3.9121706398996006,,0
2021-02-04,2021-02-03,2,3c6deecefb3c71f778e8339b71fdc6641ae550ef257b45aec993b5b47b57161d,v12_ff84c284e6bb115138cd,False,False,False,159915,159915,159915,False,False,False,False,13.248785970990408,13.214661602745744,13.214661602745744,0.0,2,2,1588,3.9121706398996006,,0
2021-02-05,2021-02-04,2,3c6deecefb3c71f778e8339b71fdc6641ae550ef257b45aec993b5b47b57161d,v12_ff84c284e6bb115138cd,False,False,False,159915,513100,513100,False,False,True,False,13.214661602745744,13.154943958317585,13.152312969525921,0.002630988791663517,3,0,1588,4.52156469408225,,0
2021-02-08,2021-02-05,2,3c6deecefb3c71f778e8339b71fdc6641ae550ef257b45aec993b5b47b57161d,v12_ff84c284e6bb115138cd,False,False,False,513100,513100,513100,False,False,False,False,13.152312969525921,13.236921903890662,13.236921903890662,0.0,1,1,1588,4.52156469408225,,0
2021-02-09,2021-02-08,2,3c6deecefb3c71f778e8339b71fdc6641ae550ef257b45aec993b5b47b57161d,v12_ff84c284e6bb115138cd,False,False,False,513100,513100,513100,False,False,False,False,13.236921903890662,13.23400435442981,13.23400435442981,0.0,2,2,1588,4.550651955867607,,0
2021-02-10,2021-02-09,2,3c6deecefb3c71f778e8339b71fdc6641ae550ef257b45aec993b5b47b57161d,v12_ff84c284e6bb115138cd,False,False,False,513100,513100,513100,False,False,False,False,13.23400435442981,13.283602695264316,13.283602695264316,0.0,3,3,1588,4.550651955867607,,0
2021-02-18,2021-02-10,2,3c6deecefb3c71f778e8339b71fdc6641ae550ef257b45aec993b5b47b57161d,v12_ff84c284e6bb115138cd,False,False,False,513100,513100,513100,False,False,False,False,13.283602695264316,13.222334156586399,13.222334156586399,0.0,4,4,1588,4.566700100300907,,0
2021-02-19,2021-02-18,2,3c6deecefb3c71f778e8339b71fdc6641ae550ef257b45aec993b5b47b57161d,v12_ff84c284e6bb115138cd,False,False,False,513100,513100,513100,False,False,False,False,13.222334156586399,13.207746409282134,13.207746409282134,0.0,5,5,1588,4.566700100300907,,0
2021-02-22,2021-02-19,2,3c6deecefb3c71f778e8339b71fdc6641ae550ef257b45aec993b5b47b57161d,v12_ff84c284e6bb115138cd,False,False,False,513100,513100,513100,False,False,False,False,13.207746409282134,13.091044430848006,13.091044430848006,0.0,6,6,1588,4.566700100300907,,0
2021-02-23,2021-02-22,2,3c6deecefb3c71f778e8339b71fdc6641ae550ef257b45aec993b5b47b57161d,v12_ff84c284e6bb115138cd,False,False,False,513100,513100,513100,False,False,False,False,13.091044430848006,12.883898419127433,12.883898419127433,0.0,7,7,1588,4.566700100300907,,0
2021-02-24,2021-02-23,2,3c6deecefb3c71f778e8339b71fdc6641ae550ef257b45aec993b5b47b57161d,v12_ff84c284e6bb115138cd,False,False,False,513100,513100,513100,False,False,False,False,12.883898419127433,12.65924711064174,12.65924711064174,0.0,8,8,1588,4.566700100300907,,0
2021-02-25,2021-02-24,2,3c6deecefb3c71f778e8339b71fdc6641ae550ef257b45aec993b5b47b57161d,v12_ff84c284e6bb115138cd,False,False,False,513100,513100,513100,False,False,False,False,12.65924711064174,12.901403715892547,12.901403715892547,0.0,9,9,1588,4.566700100300907,,0
2021-02-26,2021-02-25,2,3c6deecefb3c71f778e8339b71fdc6641ae550ef257b45aec993b5b47b57161d,v12_ff84c284e6bb115138cd,False,False,False,513100,512890,512890,False,False,True,False,12.901403715892547,12.387915010782399,12.385437427780243,0.0024775830021564796,10,0,1588,1.3659022931206404,,0
2021-03-01,2021-02-26,2,3c6deecefb3c71f778e8339b71fdc6641ae550ef257b45aec993b5b47b57161d,v12_ff84c284e6bb115138cd,False,False,False,512890,512890,512890,False,False,False,False,12.385437427780243,12.530084872192274,12.530084872192274,0.0,1,1,1588,1.3659022931206404,,0
2021-03-02,2021-03-01,2,3c6deecefb3c71f778e8339b71fdc6641ae550ef257b45aec993b5b47b57161d,v12_ff84c284e6bb115138cd,False,False,False,512890,512890,512890,False,False,False,False,12.530084872192274,12.466801615262012,12.466801615262012,0.0,2,2,1588,1.3818544366899324,,0
2021-03-03,2021-03-02,2,3c6deecefb3c71f778e8339b71fdc6641ae550ef257b45aec993b5b47b57161d,v12_ff84c284e6bb115138cd,False,False,False,512890,512890,512890,False,False,False,False,12.466801615262012,12.747056038810323,12.747056038810323,0.0,3,3,1588,1.3818544366899324,,0
2021-03-04,2021-03-03,2,3c6deecefb3c71f778e8339b71fdc6641ae550ef257b45aec993b5b47b57161d,v12_ff84c284e6bb115138cd,False,False,False,512890,512890,512890,False,False,False,False,12.747056038810323,12.756096504086077,12.756096504086077,0.0,4,4,1588,1.4057826520438708,,0
2021-03-05,2021-03-04,2,3c6deecefb3c71f778e8339b71fdc6641ae550ef257b45aec993b5b47b57161d,v12_ff84c284e6bb115138cd,False,False,False,512890,512890,512890,False,False,False,False,12.756096504086077,12.566246733295284,12.566246733295284,0.0,5,5,1588,1.4067796610169518,,0
2021-03-08,2021-03-05,2,3c6deecefb3c71f778e8339b71fdc6641ae550ef257b45aec993b5b47b57161d,v12_ff84c284e6bb115138cd,False,False,False,512890,512890,512890,False,False,False,False,12.566246733295284,12.493923011089267,12.493923011089267,0.0,6,6,1588,1.4067796610169518,,0
2021-03-09,2021-03-08,2,3c6deecefb3c71f778e8339b71fdc6641ae550ef257b45aec993b5b47b57161d,v12_ff84c284e6bb115138cd,False,False,False,512890,512890,512890,False,False,False,False,12.493923011089267,12.394477893055997,12.394477893055997,0.0,7,7,1588,1.4067796610169518,,0
2021-03-10,2021-03-09,2,3c6deecefb3c71f778e8339b71fdc6641ae550ef257b45aec993b5b47b57161d,v12_ff84c284e6bb115138cd,False,False,False,512890,512890,512890,False,False,False,False,12.394477893055997,12.295032775022724,12.295032775022724,0.0,8,8,1588,1.4067796610169518,,0
2021-03-11,2021-03-10,2,3c6deecefb3c71f778e8339b71fdc6641ae550ef257b45aec993b5b47b57161d,v12_ff84c284e6bb115138cd,False,False,False,512890,512890,512890,False,False,False,False,12.295032775022724,12.55720626801953,12.55720626801953,0.0,9,9,1588,1.4067796610169518,,0
2021-03-12,2021-03-11,2,3c6deecefb3c71f778e8339b71fdc6641ae550ef257b45aec993b5b47b57161d,v12_ff84c284e6bb115138cd,False,False,False,512890,512890,512890,False,False,False,False,12.55720626801953,12.837460691567841,12.837460691567841,0.0,10,10,1588,1.4067796610169518,,0
2021-03-15,2021-03-12,2,3c6deecefb3c71f778e8339b71fdc6641ae550ef257b45aec993b5b47b57161d,v12_ff84c284e6bb115138cd,False,False,False,512890,512890,512890,False,False,False,False,12.837460691567841,12.900743948498107,12.900743948498107,0.0,11,11,1588,1.4157527417746782,,0
2021-03-16,2021-03-15,2,3c6deecefb3c71f778e8339b71fdc6641ae550ef257b45aec993b5b47b57161d,v12_ff84c284e6bb115138cd,False,False,False,512890,512890,512890,False,False,False,False,12.900743948498107,12.96402720542837,12.96402720542837,0.0,12,12,1588,1.4227318045862438,,0
2021-03-17,2021-03-16,2,3c6deecefb3c71f778e8339b71fdc6641ae550ef257b45aec993b5b47b57161d,v12_ff84c284e6bb115138cd,False,False,False,512890,512890,512890,False,False,False,False,12.96402720542837,12.8826630179466,12.8826630179466,0.0,13,13,1588,1.429710867397809,,0
2021-03-18,2021-03-17,2,3c6deecefb3c71f778e8339b71fdc6641ae550ef257b45aec993b5b47b57161d,v12_ff84c284e6bb115138cd,False,False,False,512890,512890,512890,False,False,False,False,12.8826630179466,12.909784413773854,12.909784413773854,0.0,14,14,1588,1.429710867397809,,0
2021-03-19,2021-03-18,2,3c6deecefb3c71f778e8339b71fdc6641ae550ef257b45aec993b5b47b57161d,v12_ff84c284e6bb115138cd,False,False,False,512890,512890,512890,False,False,False,False,12.909784413773854,12.756096504086072,12.756096504086072,0.0,15,15,1588,1.429710867397809,,0
2021-03-22,2021-03-19,2,3c6deecefb3c71f778e8339b71fdc6641ae550ef257b45aec993b5b47b57161d,v12_ff84c284e6bb115138cd,False,False,False,512890,512890,512890,False,False,False,False,12.756096504086072,12.900743948498105,12.900743948498105,0.0,16,16,1588,1.429710867397809,,0
2021-03-23,2021-03-22,2,3c6deecefb3c71f778e8339b71fdc6641ae550ef257b45aec993b5b47b57161d,v12_ff84c284e6bb115138cd,False,False,False,512890,512890,512890,False,False,False,False,12.900743948498105,12.719934642983066,12.719934642983066,0.0,17,17,1588,1.429710867397809,,0
2021-03-24,2021-03-23,2,3c6deecefb3c71f778e8339b71fdc6641ae550ef257b45aec993b5b47b57161d,v12_ff84c284e6bb115138cd,False,False,False,512890,512890,512890,False,False,False,False,12.719934642983066,12.59336812912254,12.59336812912254,0.0,18,18,1588,1.429710867397809,,0
2021-03-25,2021-03-24,2,3c6deecefb3c71f778e8339b71fdc6641ae550ef257b45aec993b5b47b57161d,v12_ff84c284e6bb115138cd,False,False,False,512890,518880,518880,False,False,True,False,12.59336812912254,12.575287198571036,12.572772141131322,0.0025150574397142075,19,0,1588,1.3667174409748686,,0
2021-03-26,2021-03-25,2,3c6deecefb3c71f778e8339b71fdc6641ae550ef257b45aec993b5b47b57161d,v12_ff84c284e6bb115138cd,False,False,False,518880,518880,518880,False,False,False,False,12.572772141131322,12.537740733660907,12.537740733660907,0.0,1,1,1588,1.3667174409748686,,0
2021-03-29,2021-03-26,2,3c6deecefb3c71f778e8339b71fdc6641ae550ef257b45aec993b5b47b57161d,v12_ff84c284e6bb115138cd,False,False,False,518880,512890,512890,False,False,True,False,12.537740733660907,12.537740733660907,12.535233185514176,0.0025075481467321816,2,0,1588,1.4207377866400825,,0
2021-03-30,2021-03-29,2,3c6deecefb3c71f778e8339b71fdc6641ae550ef257b45aec993b5b47b57161d,v12_ff84c284e6bb115138cd,False,False,False,512890,512890,512890,False,False,False,False,12.535233185514176,12.500046566046064,12.500046566046064,0.0,1,1,1588,1.4207377866400825,,0
2021-03-31,2021-03-30,2,3c6deecefb3c71f778e8339b71fdc6641ae550ef257b45aec993b5b47b57161d,v12_ff84c284e6bb115138cd,False,False,False,512890,512890,512890,False,False,False,False,12.500046566046064,12.48245325631201,12.48245325631201,0.0,2,2,1588,1.4207377866400825,,0
2021-04-01,2021-03-31,2,3c6deecefb3c71f778e8339b71fdc6641ae550ef257b45aec993b5b47b57161d,v12_ff84c284e6bb115138cd,False,False,False,512890,512890,512890,False,False,False,False,12.48245325631201,12.561623150115254,12.561623150115254,0.0,3,3,1588,1.4207377866400825,,0
2021-04-02,2021-04-01,2,3c6deecefb3c71f778e8339b71fdc6641ae550ef257b45aec993b5b47b57161d,v12_ff84c284e6bb115138cd,False,False,False,512890,512890,512890,False,False,False,False,12.561623150115254,12.456063291710926,12.456063291710926,0.0,4,4,1588,1.4237288135593245,,0
2021-04-06,2021-04-02,2,3c6deecefb3c71f778e8339b71fdc6641ae550ef257b45aec993b5b47b57161d,v12_ff84c284e6bb115138cd,False,False,False,512890,513100,513100,False,False,True,False,12.456063291710926,12.456063291710926,12.453572079052584,0.0024912126583421855,5,0,1588,4.562688064192582,,0
2021-04-07,2021-04-06,2,3c6deecefb3c71f778e8339b71fdc6641ae550ef257b45aec993b5b47b57161d,v12_ff84c284e6bb115138cd,False,False,False,513100,513100,513100,False,False,False,False,12.453572079052584,12.442621477092544,12.442621477092544,0.0,1,1,1588,4.562688064192582,,0
2021-04-08,2021-04-07,2,3c6deecefb3c71f778e8339b71fdc6641ae550ef257b45aec993b5b47b57161d,v12_ff84c284e6bb115138cd,False,False,False,513100,513100,513100,False,False,False,False,12.442621477092544,12.571291050122984,12.571291050122984,0.0,2,2,1588,4.562688064192582,,0
2021-04-09,2021-04-08,2,3c6deecefb3c71f778e8339b71fdc6641ae550ef257b45aec993b5b47b57161d,v12_ff84c284e6bb115138cd,False,False,False,513100,513100,513100,False,False,False,False,12.571291050122984,12.606880506493107,12.606880506493107,0.0,3,3,1588,4.605817452357075,,0
2021-04-12,2021-04-09,2,3c6deecefb3c71f778e8339b71fdc6641ae550ef257b45aec993b5b47b57161d,v12_ff84c284e6bb115138cd,False,False,False,513100,513100,513100,False,False,False,False,12.606880506493107,12.689010021193385,12.689010021193385,0.0,4,4,1588,4.618856569709132,,0
2021-04-13,2021-04-12,2,3c6deecefb3c71f778e8339b71fdc6641ae550ef257b45aec993b5b47b57161d,v12_ff84c284e6bb115138cd,False,False,False,513100,513100,513100,False,False,False,False,12.689010021193385,12.661633516293291,12.661633516293291,0.0,5,5,1588,4.648946840521568,,0
2021-04-14,2021-04-13,2,3c6deecefb3c71f778e8339b71fdc6641ae550ef257b45aec993b5b47b57161d,v12_ff84c284e6bb115138cd,False,False,False,513100,513100,513100,False,False,False,False,12.661633516293291,12.82589254569385,12.82589254569385,0.0,6,6,1588,4.648946840521568,,0
2021-04-15,2021-04-14,2,3c6deecefb3c71f778e8339b71fdc6641ae550ef257b45aec993b5b47b57161d,v12_ff84c284e6bb115138cd,False,False,False,513100,513100,513100,False,False,False,False,12.82589254569385,12.697222972663411,12.697222972663411,0.0,7,7,1588,4.6990972918756295,,0
2021-04-16,2021-04-15,2,3c6deecefb3c71f778e8339b71fdc6641ae550ef257b45aec993b5b47b57161d,v12_ff84c284e6bb115138cd,False,False,False,513100,513100,513100,False,False,False,False,12.697222972663411,12.814941943733814,12.814941943733814,0.0,8,8,1588,4.6990972918756295,,0
2021-04-19,2021-04-16,2,3c6deecefb3c71f778e8339b71fdc6641ae550ef257b45aec993b5b47b57161d,v12_ff84c284e6bb115138cd,False,False,False,513100,513100,513100,False,False,False,False,12.814941943733814,12.839580798143901,12.839580798143901,0.0,9,9,1588,4.6990972918756295,,0
2021-04-20,2021-04-19,2,3c6deecefb3c71f778e8339b71fdc6641ae550ef257b45aec993b5b47b57161d,v12_ff84c284e6bb115138cd,False,False,False,513100,513100,513100,False,False,False,False,12.839580798143901,12.647945263843246,12.647945263843246,0.0,10,10,1588,4.704112337011037,,0
2021-04-21,2021-04-20,2,3c6deecefb3c71f778e8339b71fdc6641ae550ef257b45aec993b5b47b57161d,v12_ff84c284e6bb115138cd,False,False,False,513100,513100,513100,False,False,False,False,12.647945263843246,12.552127496692918,12.552127496692918,0.0,11,11,1588,4.704112337011037,,0
2021-04-22,2021-04-21,2,3c6deecefb3c71f778e8339b71fdc6641ae550ef257b45aec993b5b47b57161d,v12_ff84c284e6bb115138cd,False,False,False,513100,513100,513100,False,False,False,False,12.552127496692918,12.667108817273311,12.667108817273311,0.0,12,12,1588,4.704112337011037,,0
2021-04-23,2021-04-22,2,3c6deecefb3c71f778e8339b71fdc6641ae550ef257b45aec993b5b47b57161d,v12_ff84c284e6bb115138cd,False,False,False,513100,513100,513100,False,False,False,False,12.667108817273311,12.516538040322798,12.516538040322798,0.0,13,13,1588,4.704112337011037,,0
2021-04-26,2021-04-23,2,3c6deecefb3c71f778e8339b71fdc6641ae550ef257b45aec993b5b47b57161d,v12_ff84c284e6bb115138cd,False,False,False,513100,513100,513100,False,False,False,False,12.516538040322798,12.645207613353236,12.645207613353236,0.0,14,14,1588,4.704112337011037,,0
2021-04-27,2021-04-26,2,3c6deecefb3c71f778e8339b71fdc6641ae550ef257b45aec993b5b47b57161d,v12_ff84c284e6bb115138cd,False,False,False,513100,513100,513100,False,False,False,False,12.645207613353236,12.746500681483582,12.746500681483582,0.0,15,15,1588,4.704112337011037,,0
2021-04-28,2021-04-27,2,3c6deecefb3c71f778e8339b71fdc6641ae550ef257b45aec993b5b47b57161d,v12_ff84c284e6bb115138cd,False,False,False,513100,513100,513100,False,False,False,False,12.746500681483582,12.702698273643431,12.702698273643431,0.0,16,16,1588,4.704112337011037,,0
2021-04-29,2021-04-28,2,3c6deecefb3c71f778e8339b71fdc6641ae550ef257b45aec993b5b47b57161d,v12_ff84c284e6bb115138cd,False,False,False,513100,159915,159915,False,False,True,False,12.702698273643431,12.738287730013553,12.73574007246755,0.002547657546002711,17,0,1588,3.7038895859472816,,0
2021-04-30,2021-04-29,2,3c6deecefb3c71f778e8339b71fdc6641ae550ef257b45aec993b5b47b57161d,v12_ff84c284e6bb115138cd,False,False,False,159915,159915,159915,False,False,False,False,12.73574007246755,12.895368250882624,12.895368250882624,0.0,1,1,1588,3.7038895859472816,,0
2021-05-06,2021-04-30,2,3c6deecefb3c71f778e8339b71fdc6641ae550ef257b45aec993b5b47b57161d,v12_ff84c284e6bb115138cd,False,False,False,159915,159915,159915,False,False,False,False,12.895368250882624,12.528654868037183,12.528654868037183,0.0,2,2,1588,3.750313676286052,,0
2021-05-07,2021-05-06,2,3c6deecefb3c71f778e8339b71fdc6641ae550ef257b45aec993b5b47b57161d,v12_ff84c284e6bb115138cd,False,False,False,159915,512400,512400,True,False,True,False,12.528654868037183,12.161941485191742,12.159509096894704,0.0024323882970383485,3,0,1588,1.11583011583012,,0
2021-05-10,2021-05-07,2,3c6deecefb3c71f778e8339b71fdc6641ae550ef257b45aec993b5b47b57161d,v12_ff84c284e6bb115138cd,False,False,False,512400,518880,518880,False,False,True,False,12.159509096894704,12.80114409249209,12.798583863673592,0.002560228818498418,1,0,1588,1.4204112718964212,,0
2021-05-11,2021-05-10,2,3c6deecefb3c71f778e8339b71fdc6641ae550ef257b45aec993b5b47b57161d,v12_ff84c284e6bb115138cd,False,False,False,518880,518880,518880,False,False,False,False,12.798583863673592,12.781427585035962,12.781427585035962,0.0,1,1,1588,1.4204112718964212,,0
2021-05-12,2021-05-11,2,3c6deecefb3c71f778e8339b71fdc6641ae550ef257b45aec993b5b47b57161d,v12_ff84c284e6bb115138cd,False,False,False,518880,518880,518880,False,False,False,False,12.781427585035962,12.805446375128646,12.805446375128646,0.0,2,2,1588,1.4204112718964212,,0
2021-05-13,2021-05-12,2,3c6deecefb3c71f778e8339b71fdc6641ae550ef257b45aec993b5b47b57161d,v12_ff84c284e6bb115138cd,False,False,False,518880,518880,518880,False,False,False,False,12.805446375128646,12.75397753921575,12.75397753921575,0.0,3,3,1588,1.4211728865194222,,0
2021-05-14,2021-05-13,2,3c6deecefb3c71f778e8339b71fdc6641ae550ef257b45aec993b5b47b57161d,v12_ff84c284e6bb115138cd,False,False,False,518880,518880,518880,False,False,False,False,12.75397753921575,12.829465165221329,12.829465165221329,0.0,4,4,1588,1.4211728865194222,,0
2021-05-17,2021-05-14,2,3c6deecefb3c71f778e8339b71fdc6641ae550ef257b45aec993b5b47b57161d,v12_ff84c284e6bb115138cd,False,False,False,518880,518880,518880,False,False,False,False,12.829465165221329,12.959852882867333,12.959852882867333,0.0,5,5,1588,1.4238385376999247,,0
2021-05-18,2021-05-17,2,3c6deecefb3c71f778e8339b71fdc6641ae550ef257b45aec993b5b47b57161d,v12_ff84c284e6bb115138cd,False,False,False,518880,518880,518880,False,False,False,False,12.959852882867333,13.045634276055493,13.045634276055493,0.0,6,6,1588,1.4383092155369392,,0
2021-05-19,2021-05-18,2,3c6deecefb3c71f778e8339b71fdc6641ae550ef257b45aec993b5b47b57161d,v12_ff84c284e6bb115138cd,False,False,False,518880,518880,518880,False,False,False,False,13.045634276055493,13.079946833330757,13.079946833330757,0.0,7,7,1588,1.4478293983244488,,0
2021-05-20,2021-05-19,2,3c6deecefb3c71f778e8339b71fdc6641ae550ef257b45aec993b5b47b57161d,v12_ff84c284e6bb115138cd,False,False,False,518880,518880,518880,False,False,False,False,13.079946833330757,13.076515577603232,13.076515577603232,0.0,8,8,1588,1.4516374714394527,,0
2021-05-21,2021-05-20,2,3c6deecefb3c71f778e8339b71fdc6641ae550ef257b45aec993b5b47b57161d,v12_ff84c284e6bb115138cd,False,False,False,518880,159915,159915,False,False,True,False,13.076515577603232,13.093671856240864,13.091053121869615,0.002618734371248173,9,0,1588,3.7791718946047466,,0
2021-05-24,2021-05-21,2,3c6deecefb3c71f778e8339b71fdc6641ae550ef257b45aec993b5b47b57161d,v12_ff84c284e6bb115138cd,False,False,False,159915,159915,159915,False,False,False,False,13.091053121869615,13.195364302123556,13.195364302123556,0.0,1,1,1588,3.7791718946047466,,0
2021-05-25,2021-05-24,2,3c6deecefb3c71f778e8339b71fdc6641ae550ef257b45aec993b5b47b57161d,v12_ff84c284e6bb115138cd,False,False,False,159915,159915,159915,False,False,False,False,13.195364302123556,13.556107133835104,13.556107133835104,0.0,2,2,1588,3.8092848180677326,,0
2021-05-26,2021-05-25,2,3c6deecefb3c71f778e8339b71fdc6641ae550ef257b45aec993b5b47b57161d,v12_ff84c284e6bb115138cd,False,False,False,159915,159915,159915,False,False,False,False,13.556107133835104,13.451795953581163,13.451795953581163,0.0,3,3,1588,3.913425345043893,,0
2021-05-27,2021-05-26,2,3c6deecefb3c71f778e8339b71fdc6641ae550ef257b45aec993b5b47b57161d,v12_ff84c284e6bb115138cd,False,False,False,159915,159915,159915,False,False,False,False,13.451795953581163,13.551760834657856,13.551760834657856,0.0,4,4,1588,3.913425345043893,,0
2021-05-28,2021-05-27,2,3c6deecefb3c71f778e8339b71fdc6641ae550ef257b45aec993b5b47b57161d,v12_ff84c284e6bb115138cd,False,False,False,159915,159915,159915,False,False,False,False,13.551760834657856,13.564799732189599,13.564799732189599,0.0,5,5,1588,3.913425345043893,,0
2021-05-31,2021-05-28,2,3c6deecefb3c71f778e8339b71fdc6641ae550ef257b45aec993b5b47b57161d,v12_ff84c284e6bb115138cd,False,False,False,159915,159915,159915,False,False,False,False,13.564799732189599,13.886425871305915,13.886425871305915,0.0,6,6,1588,3.9159347553324753,,0
2021-06-01,2021-05-31,2,3c6deecefb3c71f778e8339b71fdc6641ae550ef257b45aec993b5b47b57161d,v12_ff84c284e6bb115138cd,False,False,False,159915,159915,159915,False,False,False,False,13.886425871305915,13.856001777065185,13.856001777065185,0.0,7,7,1588,4.008782936010015,,0
2021-06-02,2021-06-01,2,3c6deecefb3c71f778e8339b71fdc6641ae550ef257b45aec993b5b47b57161d,v12_ff84c284e6bb115138cd,False,False,False,159915,159915,159915,False,False,False,False,13.856001777065185,13.616955322316569,13.616955322316569,0.0,8,8,1588,4.008782936010015,,0
2021-06-03,2021-06-02,2,3c6deecefb3c71f778e8339b71fdc6641ae550ef257b45aec993b5b47b57161d,v12_ff84c284e6bb115138cd,False,False,False,159915,512890,512890,False,False,True,False,13.616955322316569,13.469181150290153,13.466487314060094,0.0026938362300580306,9,0,1588,1.5314057826520469,,0
2021-06-04,2021-06-03,2,3c6deecefb3c71f778e8339b71fdc6641ae550ef257b45aec993b5b47b57161d,v12_ff84c284e6bb115138cd,False,False,False,512890,512890,512890,False,False,False,False,13.466487314060094,13.44018558102482,13.44018558102482,0.0,1,1,1588,1.5314057826520469,,0
2021-06-07,2021-06-04,2,3c6deecefb3c71f778e8339b71fdc6641ae550ef257b45aec993b5b47b57161d,v12_ff84c284e6bb115138cd,False,False,False,512890,512890,512890,False,False,False,False,13.44018558102482,13.299909671503361,13.299909671503361,0.0,2,2,1588,1.5314057826520469,,0
2021-06-08,2021-06-07,2,3c6deecefb3c71f778e8339b71fdc6641ae550ef257b45aec993b5b47b57161d,v12_ff84c284e6bb115138cd,False,False,False,512890,512890,512890,False,False,False,False,13.299909671503361,13.343745893228819,13.343745893228819,0.0,3,3,1588,1.5314057826520469,,0
2021-06-09,2021-06-08,2,3c6deecefb3c71f778e8339b71fdc6641ae550ef257b45aec993b5b47b57161d,v12_ff84c284e6bb115138cd,False,False,False,512890,512890,512890,False,False,False,False,13.343745893228819,13.361280381919,13.361280381919,0.0,4,4,1588,1.5314057826520469,,0
2021-06-10,2021-06-09,2,3c6deecefb3c71f778e8339b71fdc6641ae550ef257b45aec993b5b47b57161d,v12_ff84c284e6bb115138cd,False,False,False,512890,512890,512890,False,False,False,False,13.361280381919,13.361280381919,13.361280381919,0.0,5,5,1588,1.5314057826520469,,0
2021-06-11,2021-06-10,2,3c6deecefb3c71f778e8339b71fdc6641ae550ef257b45aec993b5b47b57161d,v12_ff84c284e6bb115138cd,False,False,False,512890,510500,510500,False,False,True,False,13.361280381919,13.326211404538636,13.32354616225773,0.002665242280907727,6,0,1588,2.170060977804129,,0
2021-06-15,2021-06-11,2,3c6deecefb3c71f778e8339b71fdc6641ae550ef257b45aec993b5b47b57161d,v12_ff84c284e6bb115138cd,False,False,False,510500,510500,510500,False,False,False,False,13.32354616225773,13.162080893811138,13.162080893811138,0.0,1,1,1588,2.170060977804129,,0
2021-06-16,2021-06-15,2,3c6deecefb3c71f778e8339b71fdc6641ae550ef257b45aec993b5b47b57161d,v12_ff84c284e6bb115138cd,False,False,False,510500,510500,510500,False,False,False,False,13.162080893811138,13.002389968973851,13.002389968973851,0.0,2,2,1588,2.170060977804129,,0
2021-06-17,2021-06-16,2,3c6deecefb3c71f778e8339b71fdc6641ae550ef257b45aec993b5b47b57161d,v12_ff84c284e6bb115138cd,False,False,False,510500,513100,513100,False,False,True,False,13.002389968973851,13.082235431392494,13.079618984306215,0.0026164470862784987,3,0,1588,4.601805416248751,,0
2021-06-18,2021-06-17,2,3c6deecefb3c71f778e8339b71fdc6641ae550ef257b45aec993b5b47b57161d,v12_ff84c284e6bb115138cd,False,False,False,513100,513100,513100,False,False,False,False,13.079618984306215,13.35329889330652,13.35329889330652,0.0,1,1,1588,4.601805416248751,,0
2021-06-21,2021-06-18,2,3c6deecefb3c71f778e8339b71fdc6641ae550ef257b45aec993b5b47b57161d,v12_ff84c284e6bb115138cd,False,False,False,513100,513100,513100,False,False,False,False,13.35329889330652,13.230713100733466,13.230713100733466,0.0,2,2,1588,4.698094282848551,,0
2021-06-22,2021-06-21,2,3c6deecefb3c71f778e8339b71fdc6641ae550ef257b45aec993b5b47b57161d,v12_ff84c284e6bb115138cd,False,False,False,513100,513100,513100,False,False,False,False,13.230713100733466,13.316238072296061,13.316238072296061,0.0,3,3,1588,4.698094282848551,,0
2021-06-23,2021-06-22,2,3c6deecefb3c71f778e8339b71fdc6641ae550ef257b45aec993b5b47b57161d,v12_ff84c284e6bb115138cd,False,False,False,513100,513100,513100,False,False,False,False,13.316238072296061,13.521498004046288,13.521498004046288,0.0,4,4,1588,4.698094282848551,,0
2021-06-24,2021-06-23,2,3c6deecefb3c71f778e8339b71fdc6641ae550ef257b45aec993b5b47b57161d,v12_ff84c284e6bb115138cd,False,False,False,513100,513100,513100,False,False,False,False,13.521498004046288,13.518647171660868,13.518647171660868,0.0,5,5,1588,4.757271815446344,,0
2021-06-25,2021-06-24,2,3c6deecefb3c71f778e8339b71fdc6641ae550ef257b45aec993b5b47b57161d,v12_ff84c284e6bb115138cd,False,False,False,513100,513100,513100,False,False,False,False,13.518647171660868,13.558558825056746,13.558558825056746,0.0,6,6,1588,4.757271815446344,,0
2021-06-28,2021-06-25,2,3c6deecefb3c71f778e8339b71fdc6641ae550ef257b45aec993b5b47b57161d,v12_ff84c284e6bb115138cd,False,False,False,513100,513100,513100,False,False,False,False,13.558558825056746,13.589917981296365,13.589917981296365,0.0,7,7,1588,4.7703109327984,,0
2021-06-29,2021-06-28,2,3c6deecefb3c71f778e8339b71fdc6641ae550ef257b45aec993b5b47b57161d,v12_ff84c284e6bb115138cd,False,False,False,513100,513100,513100,False,False,False,False,13.589917981296365,13.692547947171477,13.692547947171477,0.0,8,8,1588,4.781344032096293,,0
2021-06-30,2021-06-29,2,3c6deecefb3c71f778e8339b71fdc6641ae550ef257b45aec993b5b47b57161d,v12_ff84c284e6bb115138cd,False,False,False,513100,513100,513100,False,False,False,False,13.692547947171477,13.78947624827575,13.78947624827575,0.0,9,9,1588,4.817452357071217,,0
2021-07-01,2021-06-30,2,3c6deecefb3c71f778e8339b71fdc6641ae550ef257b45aec993b5b47b57161d,v12_ff84c284e6bb115138cd,False,False,False,513100,513100,513100,False,False,False,False,13.78947624827575,13.760967924421552,13.760967924421552,0.0,10,10,1588,4.85155466399198,,0
2021-07-02,2021-07-01,2,3c6deecefb3c71f778e8339b71fdc6641ae550ef257b45aec993b5b47b57161d,v12_ff84c284e6bb115138cd,False,False,False,513100,513100,513100,False,False,False,False,13.760967924421552,13.763818756806973,13.763818756806973,0.0,11,11,1588,4.85155466399198,,0
2021-07-05,2021-07-02,2,3c6deecefb3c71f778e8339b71fdc6641ae550ef257b45aec993b5b47b57161d,v12_ff84c284e6bb115138cd,False,False,False,513100,513100,513100,False,False,False,False,13.763818756806973,13.920614538005063,13.920614538005063,0.0,12,12,1588,4.85155466399198,,0
2021-07-06,2021-07-05,2,3c6deecefb3c71f778e8339b71fdc6641ae550ef257b45aec993b5b47b57161d,v12_ff84c284e6bb115138cd,False,False,False,513100,513100,513100,False,False,False,False,13.920614538005063,13.932017867546742,13.932017867546742,0.0,13,13,1588,4.897693079237718,,0
2021-07-07,2021-07-06,2,3c6deecefb3c71f778e8339b71fdc6641ae550ef257b45aec993b5b47b57161d,v12_ff84c284e6bb115138cd,False,False,False,513100,513100,513100,False,False,False,False,13.932017867546742,14.023244503880179,14.023244503880179,0.0,14,14,1588,4.901705115346043,,0
2021-07-08,2021-07-07,2,3c6deecefb3c71f778e8339b71fdc6641ae550ef257b45aec993b5b47b57161d,v12_ff84c284e6bb115138cd,False,False,False,513100,513100,513100,False,False,False,False,14.023244503880179,13.997587012411403,13.997587012411403,0.0,15,15,1588,4.933801404212643,,0
2021-07-09,2021-07-08,2,3c6deecefb3c71f778e8339b71fdc6641ae550ef257b45aec993b5b47b57161d,v12_ff84c284e6bb115138cd,False,False,False,513100,513100,513100,False,False,False,False,13.997587012411403,13.977631185713463,13.977631185713463,0.0,16,16,1588,4.933801404212643,,0
2021-07-12,2021-07-09,2,3c6deecefb3c71f778e8339b71fdc6641ae550ef257b45aec993b5b47b57161d,v12_ff84c284e6bb115138cd,False,False,False,513100,513100,513100,False,False,False,False,13.977631185713463,14.066006989661478,14.066006989661478,0.0,17,17,1588,4.933801404212643,,0
2021-07-13,2021-07-12,2,3c6deecefb3c71f778e8339b71fdc6641ae550ef257b45aec993b5b47b57161d,v12_ff84c284e6bb115138cd,False,False,False,513100,512400,512400,False,False,True,False,14.066006989661478,14.083111983973998,14.080295361577203,0.0028166223967947997,18,0,1588,1.3001930501930554,,0
2021-07-14,2021-07-13,2,3c6deecefb3c71f778e8339b71fdc6641ae550ef257b45aec993b5b47b57161d,v12_ff84c284e6bb115138cd,False,False,False,512400,512400,512400,False,False,False,False,14.080295361577203,13.589000720156175,13.589000720156175,0.0,1,1,1588,1.3001930501930554,,0
2021-07-15,2021-07-14,2,3c6deecefb3c71f778e8339b71fdc6641ae550ef257b45aec993b5b47b57161d,v12_ff84c284e6bb115138cd,False,False,False,512400,513100,513100,False,False,True,False,13.589000720156175,14.007123819237906,14.004322394474059,0.0028014247638475814,2,0,1588,4.962888665997999,,0
2021-07-16,2021-07-15,2,3c6deecefb3c71f778e8339b71fdc6641ae550ef257b45aec993b5b47b57161d,v12_ff84c284e6bb115138cd,False,False,False,513100,513100,513100,False,False,False,False,14.004322394474059,13.876958912713478,13.876958912713478,0.0,1,1,1588,4.962888665997999,,0
2021-07-19,2021-07-16,2,3c6deecefb3c71f778e8339b71fdc6641ae550ef257b45aec993b5b47b57161d,v12_ff84c284e6bb115138cd,False,False,False,513100,513100,513100,False,False,False,False,13.876958912713478,13.794880224467775,13.794880224467775,0.0,2,2,1588,4.962888665997999,,0
2021-07-20,2021-07-19,2,3c6deecefb3c71f778e8339b71fdc6641ae550ef257b45aec993b5b47b57161d,v12_ff84c284e6bb115138cd,False,False,False,513100,512400,512400,False,False,True,False,13.794880224467775,13.763746928926304,13.76099417954052,0.002752749385785261,3,0,1588,1.2876447876447934,,0
2021-07-21,2021-07-20,2,3c6deecefb3c71f778e8339b71fdc6641ae550ef257b45aec993b5b47b57161d,v12_ff84c284e6bb115138cd,False,False,False,512400,512400,512400,False,False,False,False,13.76099417954052,14.452138564869767,14.452138564869767,0.0,1,1,1588,1.2876447876447934,,0
2021-07-22,2021-07-21,2,3c6deecefb3c71f778e8339b71fdc6641ae550ef257b45aec993b5b47b57161d,v12_ff84c284e6bb115138cd,False,False,False,512400,512400,512400,False,False,False,False,14.452138564869767,14.751290612251083,14.751290612251083,0.0,2,2,1588,1.3523166023166084,,0
2021-07-23,2021-07-22,2,3c6deecefb3c71f778e8339b71fdc6641ae550ef257b45aec993b5b47b57161d,v12_ff84c284e6bb115138cd,False,False,False,512400,512400,512400,False,False,False,False,14.751290612251083,14.751290612251083,14.751290612251083,0.0,3,3,1588,1.3803088803088865,,0
2021-07-26,2021-07-23,2,3c6deecefb3c71f778e8339b71fdc6641ae550ef257b45aec993b5b47b57161d,v12_ff84c284e6bb115138cd,False,False,False,512400,513100,513100,False,False,True,False,14.751290612251083,14.936971193384313,14.933983799145636,0.0029873942386768625,4,0,1588,5.056168505516554,,0
2021-07-27,2021-07-26,2,3c6deecefb3c71f778e8339b71fdc6641ae550ef257b45aec993b5b47b57161d,v12_ff84c284e6bb115138cd,False,False,False,513100,513100,513100,False,False,False,False,14.933983799145636,14.901396252668627,14.901396252668627,0.0,1,1,1588,5.056168505516554,,0
2021-07-28,2021-07-27,2,3c6deecefb3c71f778e8339b71fdc6641ae550ef257b45aec993b5b47b57161d,v12_ff84c284e6bb115138cd,False,False,False,513100,513100,513100,False,False,False,False,14.901396252668627,14.753271041409496,14.753271041409496,0.0,2,2,1588,5.056168505516554,,0
2021-07-29,2021-07-28,2,3c6deecefb3c71f778e8339b71fdc6641ae550ef257b45aec993b5b47b57161d,v12_ff84c284e6bb115138cd,False,False,False,513100,513100,513100,False,False,False,False,14.753271041409496,14.800671109012418,14.800671109012418,0.0,3,3,1588,5.056168505516554,,0
2021-07-30,2021-07-29,2,3c6deecefb3c71f778e8339b71fdc6641ae550ef257b45aec993b5b47b57161d,v12_ff84c284e6bb115138cd,False,False,False,513100,513100,513100,False,False,False,False,14.800671109012418,14.551820754097074,14.551820754097074,0.0,4,4,1588,5.056168505516554,,0
2021-08-02,2021-07-30,2,3c6deecefb3c71f778e8339b71fdc6641ae550ef257b45aec993b5b47b57161d,v12_ff84c284e6bb115138cd,False,False,False,513100,513100,513100,False,False,False,False,14.551820754097074,14.753271041409494,14.753271041409494,0.0,5,5,1588,5.056168505516554,,0
2021-08-03,2021-08-02,2,3c6deecefb3c71f778e8339b71fdc6641ae550ef257b45aec993b5b47b57161d,v12_ff84c284e6bb115138cd,False,False,False,513100,513100,513100,False,False,False,False,14.753271041409494,14.717720990707303,14.717720990707303,0.0,6,6,1588,5.056168505516554,,0
2021-08-04,2021-08-03,2,3c6deecefb3c71f778e8339b71fdc6641ae550ef257b45aec993b5b47b57161d,v12_ff84c284e6bb115138cd,False,False,False,513100,513100,513100,False,False,False,False,14.717720990707303,14.815483630138331,14.815483630138331,0.0,7,7,1588,5.056168505516554,,0
2021-08-05,2021-08-04,2,3c6deecefb3c71f778e8339b71fdc6641ae550ef257b45aec993b5b47b57161d,v12_ff84c284e6bb115138cd,False,False,False,513100,513100,513100,False,False,False,False,14.815483630138331,14.80067110901242,14.80067110901242,0.0,8,8,1588,5.056168505516554,,0
2021-08-06,2021-08-05,2,3c6deecefb3c71f778e8339b71fdc6641ae550ef257b45aec993b5b47b57161d,v12_ff84c284e6bb115138cd,False,False,False,513100,513100,513100,False,False,False,False,14.80067110901242,14.910283765344175,14.910283765344175,0.0,9,9,1588,5.056168505516554,,0
2021-08-09,2021-08-06,2,3c6deecefb3c71f778e8339b71fdc6641ae550ef257b45aec993b5b47b57161d,v12_ff84c284e6bb115138cd,False,False,False,513100,513100,513100,False,False,False,False,14.910283765344175,14.83622115971461,14.83622115971461,0.0,10,10,1588,5.056168505516554,,0
2021-08-10,2021-08-09,2,3c6deecefb3c71f778e8339b71fdc6641ae550ef257b45aec993b5b47b57161d,v12_ff84c284e6bb115138cd,False,False,False,513100,513100,513100,False,False,False,False,14.83622115971461,14.904358756893808,14.904358756893808,0.0,11,11,1588,5.056168505516554,,0
2021-08-11,2021-08-10,2,3c6deecefb3c71f778e8339b71fdc6641ae550ef257b45aec993b5b47b57161d,v12_ff84c284e6bb115138cd,False,False,False,513100,513100,513100,False,False,False,False,14.904358756893808,14.830296151264243,14.830296151264243,0.0,12,12,1588,5.056168505516554,,0
2021-08-12,2021-08-11,2,3c6deecefb3c71f778e8339b71fdc6641ae550ef257b45aec993b5b47b57161d,v12_ff84c284e6bb115138cd,False,False,False,513100,513100,513100,False,False,False,False,14.830296151264243,14.788821092111686,14.788821092111686,0.0,13,13,1588,5.056168505516554,,0
2021-08-13,2021-08-12,2,3c6deecefb3c71f778e8339b71fdc6641ae550ef257b45aec993b5b47b57161d,v12_ff84c284e6bb115138cd,False,False,False,513100,513100,513100,False,False,False,False,14.788821092111686,14.842146168164971,14.842146168164971,0.0,14,14,1588,5.056168505516554,,0
2021-08-16,2021-08-13,2,3c6deecefb3c71f778e8339b71fdc6641ae550ef257b45aec993b5b47b57161d,v12_ff84c284e6bb115138cd,False,False,False,513100,513100,513100,False,False,False,False,14.842146168164971,14.877696218867165,14.877696218867165,0.0,15,15,1588,5.056168505516554,,0
2021-08-17,2021-08-16,2,3c6deecefb3c71f778e8339b71fdc6641ae550ef257b45aec993b5b47b57161d,v12_ff84c284e6bb115138cd,False,False,False,513100,513100,513100,False,False,False,False,14.877696218867165,14.928058790695268,14.928058790695268,0.0,16,16,1588,5.056168505516554,,0
2021-08-18,2021-08-17,2,3c6deecefb3c71f778e8339b71fdc6641ae550ef257b45aec993b5b47b57161d,v12_ff84c284e6bb115138cd,False,False,False,513100,513100,513100,False,False,False,False,14.928058790695268,14.839183663939789,14.839183663939789,0.0,17,17,1588,5.056168505516554,,0
2021-08-19,2021-08-18,2,3c6deecefb3c71f778e8339b71fdc6641ae550ef257b45aec993b5b47b57161d,v12_ff84c284e6bb115138cd,False,False,False,513100,513100,513100,False,False,False,False,14.839183663939789,14.581445796348898,14.581445796348898,0.0,18,18,1588,5.056168505516554,,0
2021-08-20,2021-08-19,2,3c6deecefb3c71f778e8339b71fdc6641ae550ef257b45aec993b5b47b57161d,v12_ff84c284e6bb115138cd,False,False,False,513100,518880,518880,False,False,True,False,14.581445796348898,14.717720990707301,14.71477744650916,0.0029435441981414605,19,0,1588,1.3933739527798947,,0
2021-08-23,2021-08-20,2,3c6deecefb3c71f778e8339b71fdc6641ae550ef257b45aec993b5b47b57161d,v12_ff84c284e6bb115138cd,False,False,False,518880,518880,518880,False,False,False,False,14.71477744650916,14.686626738084575,14.686626738084575,0.0,1,1,1588,1.3933739527798947,,0
2021-08-24,2021-08-23,2,3c6deecefb3c71f778e8339b71fdc6641ae550ef257b45aec993b5b47b57161d,v12_ff84c284e6bb115138cd,False,False,False,518880,518880,518880,False,False,False,False,14.686626738084575,14.795208042007982,14.795208042007982,0.0,2,2,1588,1.3933739527798947,,0
2021-08-25,2021-08-24,2,3c6deecefb3c71f778e8339b71fdc6641ae550ef257b45aec993b5b47b57161d,v12_ff84c284e6bb115138cd,False,False,False,518880,518880,518880,False,False,False,False,14.795208042007982,14.71075591673422,14.71075591673422,0.0,3,3,1588,1.4009900990099025,,0
2021-08-26,2021-08-25,2,3c6deecefb3c71f778e8339b71fdc6641ae550ef257b45aec993b5b47b57161d,v12_ff84c284e6bb115138cd,False,False,False,518880,513100,513100,False,False,True,False,14.71075591673422,14.658476029659987,14.655544334454055,0.0029316952059319974,4,0,1588,5.126379137412241,,0
2021-08-27,2021-08-26,2,3c6deecefb3c71f778e8339b71fdc6641ae550ef257b45aec993b5b47b57161d,v12_ff84c284e6bb115138cd,False,False,False,513100,513100,513100,False,False,False,False,14.655544334454055,14.66701414023332,14.66701414023332,0.0,1,1,1588,5.126379137412241,,0
2021-08-30,2021-08-27,2,3c6deecefb3c71f778e8339b71fdc6641ae550ef257b45aec993b5b47b57161d,v12_ff84c284e6bb115138cd,False,False,False,513100,513100,513100,False,False,False,False,14.66701414023332,14.77884474658114,14.77884474658114,0.0,2,2,1588,5.130391173520566,,0
2021-08-31,2021-08-30,2,3c6deecefb3c71f778e8339b71fdc6641ae550ef257b45aec993b5b47b57161d,v12_ff84c284e6bb115138cd,False,False,False,513100,513100,513100,False,False,False,False,14.77884474658114,14.979566347718254,14.979566347718254,0.0,3,3,1588,5.169508525576735,,0
2021-09-01,2021-08-31,2,3c6deecefb3c71f778e8339b71fdc6641ae550ef257b45aec993b5b47b57161d,v12_ff84c284e6bb115138cd,False,False,False,513100,513100,513100,False,False,False,False,14.979566347718254,14.910747513042672,14.910747513042672,0.0,4,4,1588,5.239719157472423,,0
2021-09-02,2021-09-01,2,3c6deecefb3c71f778e8339b71fdc6641ae550ef257b45aec993b5b47b57161d,v12_ff84c284e6bb115138cd,False,False,False,513100,513100,513100,False,False,False,False,14.910747513042672,14.89067535292896,14.89067535292896,0.0,5,5,1588,5.239719157472423,,0
2021-09-03,2021-09-02,2,3c6deecefb3c71f778e8339b71fdc6641ae550ef257b45aec993b5b47b57161d,v12_ff84c284e6bb115138cd,False,False,False,513100,513100,513100,False,False,False,False,14.89067535292896,14.859133387035987,14.859133387035987,0.0,6,6,1588,5.239719157472423,,0
2021-09-06,2021-09-03,2,3c6deecefb3c71f778e8339b71fdc6641ae550ef257b45aec993b5b47b57161d,v12_ff84c284e6bb115138cd,False,False,False,513100,513100,513100,False,False,False,False,14.859133387035987,14.896410255818594,14.896410255818594,0.0,7,7,1588,5.239719157472423,,0
2021-09-07,2021-09-06,2,3c6deecefb3c71f778e8339b71fdc6641ae550ef257b45aec993b5b47b57161d,v12_ff84c284e6bb115138cd,False,False,False,513100,513100,513100,False,False,False,False,14.896410255818594,14.910747513042672,14.910747513042672,0.0,8,8,1588,5.239719157472423,,0
2021-09-08,2021-09-07,2,3c6deecefb3c71f778e8339b71fdc6641ae550ef257b45aec993b5b47b57161d,v12_ff84c284e6bb115138cd,False,False,False,513100,513100,513100,False,False,False,False,14.910747513042672,14.89067535292896,14.89067535292896,0.0,9,9,1588,5.239719157472423,,0
2021-09-09,2021-09-08,2,3c6deecefb3c71f778e8339b71fdc6641ae550ef257b45aec993b5b47b57161d,v12_ff84c284e6bb115138cd,False,False,False,513100,513100,513100,False,False,False,False,14.89067535292896,14.810386712474116,14.810386712474116,0.0,10,10,1588,5.239719157472423,,0
2021-09-10,2021-09-09,2,3c6deecefb3c71f778e8339b71fdc6641ae550ef257b45aec993b5b47b57161d,v12_ff84c284e6bb115138cd,False,False,False,513100,513100,513100,False,False,False,False,14.810386712474116,14.761640037912246,14.761640037912246,0.0,11,11,1588,5.239719157472423,,0
2021-09-13,2021-09-10,2,3c6deecefb3c71f778e8339b71fdc6641ae550ef257b45aec993b5b47b57161d,v12_ff84c284e6bb115138cd,False,False,False,513100,513100,513100,False,False,False,False,14.761640037912246,14.687086300347033,14.687086300347033,0.0,12,12,1588,5.239719157472423,,0
2021-09-14,2021-09-13,2,3c6deecefb3c71f778e8339b71fdc6641ae550ef257b45aec993b5b47b57161d,v12_ff84c284e6bb115138cd,False,False,False,513100,513100,513100,False,False,False,False,14.687086300347033,14.601062757002556,14.601062757002556,0.0,13,13,1588,5.239719157472423,,0
2021-09-15,2021-09-14,2,3c6deecefb3c71f778e8339b71fdc6641ae550ef257b45aec993b5b47b57161d,v12_ff84c284e6bb115138cd,False,False,False,513100,513100,513100,False,False,False,False,14.601062757002556,14.569520791109584,14.569520791109584,0.0,14,14,1588,5.239719157472423,,0
2021-09-16,2021-09-15,2,3c6deecefb3c71f778e8339b71fdc6641ae550ef257b45aec993b5b47b57161d,v12_ff84c284e6bb115138cd,False,False,False,513100,513100,513100,False,False,False,False,14.569520791109584,14.64120707722998,14.64120707722998,0.0,15,15,1588,5.239719157472423,,0
2021-09-17,2021-09-16,2,3c6deecefb3c71f778e8339b71fdc6641ae550ef257b45aec993b5b47b57161d,v12_ff84c284e6bb115138cd,False,False,False,513100,513100,513100,False,False,False,False,14.64120707722998,14.724363169129642,14.724363169129642,0.0,16,16,1588,5.239719157472423,,0
2021-09-22,2021-09-17,2,3c6deecefb3c71f778e8339b71fdc6641ae550ef257b45aec993b5b47b57161d,v12_ff84c284e6bb115138cd,False,False,False,513100,513100,513100,False,False,False,False,14.724363169129642,14.36306428708284,14.36306428708284,0.0,17,17,1588,5.239719157472423,,0
2021-09-23,2021-09-22,2,3c6deecefb3c71f778e8339b71fdc6641ae550ef257b45aec993b5b47b57161d,v12_ff84c284e6bb115138cd,False,False,False,513100,518880,518880,True,False,True,False,14.36306428708284,14.494967053544372,14.492068060133663,0.0028989934107088743,18,0,1588,1.372810357958874,,0
2021-09-24,2021-09-23,2,3c6deecefb3c71f778e8339b71fdc6641ae550ef257b45aec993b5b47b57161d,v12_ff84c284e6bb115138cd,False,False,False,518880,518880,518880,False,False,False,False,14.492068060133663,14.415688228471376,14.415688228471376,0.0,1,1,1588,1.372810357958874,,0
2021-09-27,2021-09-24,2,3c6deecefb3c71f778e8339b71fdc6641ae550ef257b45aec993b5b47b57161d,v12_ff84c284e6bb115138cd,False,False,False,518880,513100,513100,False,False,True,False,14.415688228471376,14.431768193031857,14.42888183939325,0.0028863536386063717,2,0,1588,5.111334002006025,,0
2021-09-28,2021-09-27,2,3c6deecefb3c71f778e8339b71fdc6641ae550ef257b45aec993b5b47b57161d,v12_ff84c284e6bb115138cd,False,False,False,513100,513100,513100,False,False,False,False,14.42888183939325,14.17122323511837,14.17122323511837,0.0,1,1,1588,5.111334002006025,,0
2021-09-29,2021-09-28,2,3c6deecefb3c71f778e8339b71fdc6641ae550ef257b45aec993b5b47b57161d,v12_ff84c284e6bb115138cd,False,False,False,513100,513100,513100,False,False,False,False,14.17122323511837,13.970192895519288,13.970192895519288,0.0,2,2,1588,5.111334002006025,,0
2021-09-30,2021-09-29,2,3c6deecefb3c71f778e8339b71fdc6641ae550ef257b45aec993b5b47b57161d,v12_ff84c284e6bb115138cd,False,False,False,513100,513100,513100,False,False,False,False,13.970192895519288,13.998507027857185,13.998507027857185,0.0,3,3,1588,5.111334002006025,,0
2021-10-08,2021-09-30,2,3c6deecefb3c71f778e8339b71fdc6641ae550ef257b45aec993b5b47b57161d,v12_ff84c284e6bb115138cd,False,False,False,513100,513100,513100,False,False,False,False,13.998507027857185,13.978687135220657,13.978687135220657,0.0,4,4,1588,5.111334002006025,,0
2021-10-11,2021-10-08,2,3c6deecefb3c71f778e8339b71fdc6641ae550ef257b45aec993b5b47b57161d,v12_ff84c284e6bb115138cd,False,False,False,513100,518880,518880,False,False,True,False,13.978687135220657,13.820127994128422,13.817363968529596,0.0027640255988256846,5,0,1588,1.3606245239908616,,0
2021-10-12,2021-10-11,2,3c6deecefb3c71f778e8339b71fdc6641ae550ef257b45aec993b5b47b57161d,v12_ff84c284e6bb115138cd,False,False,False,518880,518880,518880,False,False,False,False,13.817363968529596,13.886972855020932,13.886972855020932,0.0,1,1,1588,1.3606245239908616,,0
2021-10-13,2021-10-12,2,3c6deecefb3c71f778e8339b71fdc6641ae550ef257b45aec993b5b47b57161d,v12_ff84c284e6bb115138cd,False,False,False,518880,518880,518880,False,False,False,False,13.886972855020932,13.883105694660303,13.883105694660303,0.0,2,2,1588,1.3674790555978686,,0
2021-10-14,2021-10-13,2,3c6deecefb3c71f778e8339b71fdc6641ae550ef257b45aec993b5b47b57161d,v12_ff84c284e6bb115138cd,False,False,False,518880,518880,518880,False,False,False,False,13.883105694660303,14.060995071249264,14.060995071249264,0.0,3,3,1588,1.3674790555978686,,0
2021-10-15,2021-10-14,2,3c6deecefb3c71f778e8339b71fdc6641ae550ef257b45aec993b5b47b57161d,v12_ff84c284e6bb115138cd,False,False,False,518880,518880,518880,False,False,False,False,14.060995071249264,14.033924948724856,14.033924948724856,0.0,4,4,1588,1.3846153846153857,,0
2021-10-18,2021-10-15,2,3c6deecefb3c71f778e8339b71fdc6641ae550ef257b45aec993b5b47b57161d,v12_ff84c284e6bb115138cd,False,False,False,518880,518880,518880,False,False,False,False,14.033924948724856,13.844434091054003,13.844434091054003,0.0,5,5,1588,1.3846153846153857,,0
2021-10-19,2021-10-18,2,3c6deecefb3c71f778e8339b71fdc6641ae550ef257b45aec993b5b47b57161d,v12_ff84c284e6bb115138cd,False,False,False,518880,518880,518880,False,False,False,False,13.844434091054003,13.898574336102815,13.898574336102815,0.0,6,6,1588,1.3846153846153857,,0
2021-10-20,2021-10-19,2,3c6deecefb3c71f778e8339b71fdc6641ae550ef257b45aec993b5b47b57161d,v12_ff84c284e6bb115138cd,False,False,False,518880,513100,513100,False,False,True,False,13.898574336102815,13.85990273249652,13.857130751950022,0.002771980546499304,7,0,1588,5.063189568706125,,0
2021-10-21,2021-10-20,2,3c6deecefb3c71f778e8339b71fdc6641ae550ef257b45aec993b5b47b57161d,v12_ff84c284e6bb115138cd,False,False,False,513100,513100,513100,False,False,False,False,13.857130751950022,13.854385678504705,13.854385678504705,0.0,1,1,1588,5.063189568706125,,0
2021-10-22,2021-10-21,2,3c6deecefb3c71f778e8339b71fdc6641ae550ef257b45aec993b5b47b57161d,v12_ff84c284e6bb115138cd,False,False,False,513100,513100,513100,False,False,False,False,13.854385678504705,13.903797000520377,13.903797000520377,0.0,2,2,1588,5.063189568706125,,0
2021-10-25,2021-10-22,2,3c6deecefb3c71f778e8339b71fdc6641ae550ef257b45aec993b5b47b57161d,v12_ff84c284e6bb115138cd,False,False,False,513100,513100,513100,False,False,False,False,13.903797000520377,13.8351701643875,13.8351701643875,0.0,3,3,1588,5.080240722166506,,0
2021-10-26,2021-10-25,2,3c6deecefb3c71f778e8339b71fdc6641ae550ef257b45aec993b5b47b57161d,v12_ff84c284e6bb115138cd,False,False,False,513100,513100,513100,False,False,False,False,13.8351701643875,14.008109791442344,14.008109791442344,0.0,4,4,1588,5.080240722166506,,0
2021-10-27,2021-10-26,2,3c6deecefb3c71f778e8339b71fdc6641ae550ef257b45aec993b5b47b57161d,v12_ff84c284e6bb115138cd,False,False,False,513100,513100,513100,False,False,False,False,14.008109791442344,13.986149203879826,13.986149203879826,0.0,5,5,1588,5.118355065195592,,0
2021-10-28,2021-10-27,2,3c6deecefb3c71f778e8339b71fdc6641ae550ef257b45aec993b5b47b57161d,v12_ff84c284e6bb115138cd,False,False,False,513100,513100,513100,False,False,False,False,13.986149203879826,14.04379574623144,14.04379574623144,0.0,6,6,1588,5.118355065195592,,0
2021-10-29,2021-10-28,2,3c6deecefb3c71f778e8339b71fdc6641ae550ef257b45aec993b5b47b57161d,v12_ff84c284e6bb115138cd,False,False,False,513100,513100,513100,False,False,False,False,14.04379574623144,14.06026618690333,14.06026618690333,0.0,7,7,1588,5.131394182547648,,0
2021-11-01,2021-10-29,2,3c6deecefb3c71f778e8339b71fdc6641ae550ef257b45aec993b5b47b57161d,v12_ff84c284e6bb115138cd,False,False,False,513100,513100,513100,False,False,False,False,14.06026618690333,14.29634250320042,14.29634250320042,0.0,8,8,1588,5.137412236710136,,0
2021-11-02,2021-11-01,2,3c6deecefb3c71f778e8339b71fdc6641ae550ef257b45aec993b5b47b57161d,v12_ff84c284e6bb115138cd,False,False,False,513100,513100,513100,False,False,False,False,14.29634250320042,14.323793237653566,14.323793237653566,0.0,9,9,1588,5.223671013039124,,0
2021-11-03,2021-11-02,2,3c6deecefb3c71f778e8339b71fdc6641ae550ef257b45aec993b5b47b57161d,v12_ff84c284e6bb115138cd,False,False,False,513100,513100,513100,False,False,False,False,14.323793237653566,14.392420073786441,14.392420073786441,0.0,10,10,1588,5.233701103309936,,0
2021-11-04,2021-11-03,2,3c6deecefb3c71f778e8339b71fdc6641ae550ef257b45aec993b5b47b57161d,v12_ff84c284e6bb115138cd,False,False,False,513100,513100,513100,False,False,False,False,14.392420073786441,14.590065361849119,14.590065361849119,0.0,11,11,1588,5.258776328986967,,0
2021-11-05,2021-11-04,2,3c6deecefb3c71f778e8339b71fdc6641ae550ef257b45aec993b5b47b57161d,v12_ff84c284e6bb115138cd,False,False,False,513100,513100,513100,False,False,False,False,14.590065361849119,14.768495135794591,14.768495135794591,0.0,12,12,1588,5.330992978936816,,0
2021-11-08,2021-11-05,2,3c6deecefb3c71f778e8339b71fdc6641ae550ef257b45aec993b5b47b57161d,v12_ff84c284e6bb115138cd,False,False,False,513100,513100,513100,False,False,False,False,14.768495135794591,14.71908381377892,14.71908381377892,0.0,13,13,1588,5.396188565697097,,0
2021-11-09,2021-11-08,2,3c6deecefb3c71f778e8339b71fdc6641ae550ef257b45aec993b5b47b57161d,v12_ff84c284e6bb115138cd,False,False,False,513100,513100,513100,False,False,False,False,14.71908381377892,14.735554254450811,14.735554254450811,0.0,14,14,1588,5.396188565697097,,0
2021-11-10,2021-11-09,2,3c6deecefb3c71f778e8339b71fdc6641ae550ef257b45aec993b5b47b57161d,v12_ff84c284e6bb115138cd,False,False,False,513100,513100,513100,False,False,False,False,14.735554254450811,14.592810435294432,14.592810435294432,0.0,15,15,1588,5.396188565697097,,0
2021-11-11,2021-11-10,2,3c6deecefb3c71f778e8339b71fdc6641ae550ef257b45aec993b5b47b57161d,v12_ff84c284e6bb115138cd,False,False,False,513100,513100,513100,False,False,False,False,14.592810435294432,14.472027203700573,14.472027203700573,0.0,16,16,1588,5.396188565697097,,0
2021-11-12,2021-11-11,2,3c6deecefb3c71f778e8339b71fdc6641ae550ef257b45aec993b5b47b57161d,v12_ff84c284e6bb115138cd,False,False,False,513100,513100,513100,False,False,False,False,14.472027203700573,14.46653705680994,14.46653705680994,0.0,17,17,1588,5.396188565697097,,0
2021-11-15,2021-11-12,2,3c6deecefb3c71f778e8339b71fdc6641ae550ef257b45aec993b5b47b57161d,v12_ff84c284e6bb115138cd,False,False,False,513100,513100,513100,False,False,False,False,14.46653705680994,14.647711904200731,14.647711904200731,0.0,18,18,1588,5.396188565697097,,0
2021-11-16,2021-11-15,2,3c6deecefb3c71f778e8339b71fdc6641ae550ef257b45aec993b5b47b57161d,v12_ff84c284e6bb115138cd,False,False,False,513100,513100,513100,False,False,False,False,14.647711904200731,14.559869553950652,14.559869553950652,0.0,19,19,1588,5.396188565697097,,0
2021-11-17,2021-11-16,2,3c6deecefb3c71f778e8339b71fdc6641ae550ef257b45aec993b5b47b57161d,v12_ff84c284e6bb115138cd,False,False,False,513100,513100,513100,False,False,False,False,14.559869553950652,14.677907712099195,14.677907712099195,0.0,20,20,1588,5.396188565697097,,0
2021-11-18,2021-11-17,2,3c6deecefb3c71f778e8339b71fdc6641ae550ef257b45aec993b5b47b57161d,v12_ff84c284e6bb115138cd,False,False,False,513100,513100,513100,False,False,False,False,14.677907712099195,14.710848593442972,14.710848593442972,0.0,21,21,1588,5.396188565697097,,0
2021-11-19,2021-11-18,2,3c6deecefb3c71f778e8339b71fdc6641ae550ef257b45aec993b5b47b57161d,v12_ff84c284e6bb115138cd,False,False,False,513100,513100,513100,False,False,False,False,14.710848593442972,14.91398402839628,14.91398402839628,0.0,22,22,1588,5.396188565697097,,0
2021-11-22,2021-11-19,2,3c6deecefb3c71f778e8339b71fdc6641ae550ef257b45aec993b5b47b57161d,v12_ff84c284e6bb115138cd,False,False,False,513100,513100,513100,False,False,False,False,14.91398402839628,14.955160130076008,14.955160130076008,0.0,23,23,1588,5.4493480441324005,,0
2021-11-23,2021-11-22,2,3c6deecefb3c71f778e8339b71fdc6641ae550ef257b45aec993b5b47b57161d,v12_ff84c284e6bb115138cd,False,False,False,513100,513100,513100,False,False,False,False,14.955160130076008,14.710848593442973,14.710848593442973,0.0,24,24,1588,5.46439317953862,,0
2021-11-24,2021-11-23,2,3c6deecefb3c71f778e8339b71fdc6641ae550ef257b45aec993b5b47b57161d,v12_ff84c284e6bb115138cd,False,False,False,513100,513100,513100,False,False,False,False,14.710848593442973,14.735554254450808,14.735554254450808,0.0,25,25,1588,5.46439317953862,,0
2021-11-25,2021-11-24,2,3c6deecefb3c71f778e8339b71fdc6641ae550ef257b45aec993b5b47b57161d,v12_ff84c284e6bb115138cd,False,False,False,513100,513100,513100,False,False,False,False,14.735554254450808,14.80967123747431,14.80967123747431,0.0,26,26,1588,5.46439317953862,,0
2021-11-26,2021-11-25,2,3c6deecefb3c71f778e8339b71fdc6641ae550ef257b45aec993b5b47b57161d,v12_ff84c284e6bb115138cd,False,False,False,513100,513100,513100,False,False,False,False,14.80967123747431,14.658692197981987,14.658692197981987,0.0,27,27,1588,5.46439317953862,,0
2021-11-29,2021-11-26,2,3c6deecefb3c71f778e8339b71fdc6641ae550ef257b45aec993b5b47b57161d,v12_ff84c284e6bb115138cd,False,False,False,513100,513100,513100,False,False,False,False,14.658692197981987,14.609280875966318,14.609280875966318,0.0,28,28,1588,5.46439317953862,,0
2021-11-30,2021-11-29,2,3c6deecefb3c71f778e8339b71fdc6641ae550ef257b45aec993b5b47b57161d,v12_ff84c284e6bb115138cd,False,False,False,513100,513100,513100,False,False,False,False,14.609280875966318,14.675162638653877,14.675162638653877,0.0,29,29,1588,5.46439317953862,,0
2021-12-01,2021-11-30,2,3c6deecefb3c71f778e8339b71fdc6641ae550ef257b45aec993b5b47b57161d,v12_ff84c284e6bb115138cd,False,False,False,513100,513100,513100,False,False,False,False,14.675162638653877,14.686142932435137,14.686142932435137,0.0,30,30,1588,5.46439317953862,,0
2021-12-02,2021-12-01,2,3c6deecefb3c71f778e8339b71fdc6641ae550ef257b45aec993b5b47b57161d,v12_ff84c284e6bb115138cd,False,False,False,513100,513100,513100,False,False,False,False,14.686142932435137,14.356734118997343,14.356734118997343,0.0,31,31,1588,5.46439317953862,,0
2021-12-03,2021-12-02,2,3c6deecefb3c71f778e8339b71fdc6641ae550ef257b45aec993b5b47b57161d,v12_ff84c284e6bb115138cd,False,False,False,513100,518880,518880,True,False,True,False,14.356734118997343,14.34575382521608,14.342884674451037,0.0028691507650432163,32,0,1588,1.3579588728103587,,0
2021-12-06,2021-12-03,2,3c6deecefb3c71f778e8339b71fdc6641ae550ef257b45aec993b5b47b57161d,v12_ff84c284e6bb115138cd,False,False,False,518880,513100,513100,False,False,True,False,14.342884674451037,14.447459829116132,14.44457033715031,0.0028894919658232266,1,0,1588,5.168505516549653,,0
2021-12-07,2021-12-06,2,3c6deecefb3c71f778e8339b71fdc6641ae550ef257b45aec993b5b47b57161d,v12_ff84c284e6bb115138cd,False,False,False,513100,513100,513100,False,False,False,False,14.44457033715031,14.63238058605174,14.63238058605174,0.0,1,1,1588,5.168505516549653,,0
2021-12-08,2021-12-07,2,3c6deecefb3c71f778e8339b71fdc6641ae550ef257b45aec993b5b47b57161d,v12_ff84c284e6bb115138cd,False,False,False,513100,513100,513100,False,False,False,False,14.63238058605174,14.99678853168138,14.99678853168138,0.0,2,2,1588,5.235707121364096,,0
2021-12-09,2021-12-08,2,3c6deecefb3c71f778e8339b71fdc6641ae550ef257b45aec993b5b47b57161d,v12_ff84c284e6bb115138cd,False,False,False,513100,512890,512890,False,False,True,False,14.99678853168138,14.93792263277198,14.934935048245425,0.002987584526554396,3,0,1588,1.569292123629117,,0
2021-12-10,2021-12-09,2,3c6deecefb3c71f778e8339b71fdc6641ae550ef257b45aec993b5b47b57161d,v12_ff84c284e6bb115138cd,False,False,False,512890,512890,512890,False,False,False,False,14.934935048245425,14.878003910831529,14.878003910831529,0.0,1,1,1588,1.569292123629117,,0
2021-12-13,2021-12-10,2,3c6deecefb3c71f778e8339b71fdc6641ae550ef257b45aec993b5b47b57161d,v12_ff84c284e6bb115138cd,False,False,False,512890,512890,512890,False,False,False,False,14.878003910831529,14.78311868180837,14.78311868180837,0.0,2,2,1588,1.569292123629117,,0
2021-12-14,2021-12-13,2,3c6deecefb3c71f778e8339b71fdc6641ae550ef257b45aec993b5b47b57161d,v12_ff84c284e6bb115138cd,False,False,False,512890,512890,512890,False,False,False,False,14.78311868180837,14.59334822376205,14.59334822376205,0.0,3,3,1588,1.569292123629117,,0
2021-12-15,2021-12-14,2,3c6deecefb3c71f778e8339b71fdc6641ae550ef257b45aec993b5b47b57161d,v12_ff84c284e6bb115138cd,False,False,False,512890,512890,512890,False,False,False,False,14.59334822376205,14.726187544394474,14.726187544394474,0.0,4,4,1588,1.569292123629117,,0
2021-12-16,2021-12-15,2,3c6deecefb3c71f778e8339b71fdc6641ae550ef257b45aec993b5b47b57161d,v12_ff84c284e6bb115138cd,False,False,False,512890,512890,512890,False,False,False,False,14.726187544394474,14.934935048245425,14.934935048245425,0.0,5,5,1588,1.569292123629117,,0
2021-12-17,2021-12-16,2,3c6deecefb3c71f778e8339b71fdc6641ae550ef257b45aec993b5b47b57161d,v12_ff84c284e6bb115138cd,False,False,False,512890,512890,512890,False,False,False,False,14.934935048245425,14.953912094050057,14.953912094050057,0.0,6,6,1588,1.569292123629117,,0
2021-12-20,2021-12-17,2,3c6deecefb3c71f778e8339b71fdc6641ae550ef257b45aec993b5b47b57161d,v12_ff84c284e6bb115138cd,False,False,False,512890,518880,518880,False,False,True,False,14.953912094050057,14.878003910831527,14.87502831004936,0.0029756007821663054,7,0,1588,1.380045696877381,,0
2021-12-21,2021-12-20,2,3c6deecefb3c71f778e8339b71fdc6641ae550ef257b45aec993b5b47b57161d,v12_ff84c284e6bb115138cd,False,False,False,518880,518880,518880,False,False,False,False,14.87502831004936,14.77241360040498,14.77241360040498,0.0,1,1,1588,1.380045696877381,,0
2021-12-22,2021-12-21,2,3c6deecefb3c71f778e8339b71fdc6641ae550ef257b45aec993b5b47b57161d,v12_ff84c284e6bb115138cd,False,False,False,518880,518880,518880,False,False,False,False,14.77241360040498,14.73957689331878,14.73957689331878,0.0,2,2,1588,1.380045696877381,,0
2021-12-23,2021-12-22,2,3c6deecefb3c71f778e8339b71fdc6641ae550ef257b45aec993b5b47b57161d,v12_ff84c284e6bb115138cd,False,False,False,518880,518880,518880,False,False,False,False,14.73957689331878,14.887342075206684,14.887342075206684,0.0,3,3,1588,1.380045696877381,,0
2021-12-24,2021-12-23,2,3c6deecefb3c71f778e8339b71fdc6641ae550ef257b45aec993b5b47b57161d,v12_ff84c284e6bb115138cd,False,False,False,518880,518880,518880,False,False,False,False,14.887342075206684,14.911969605521335,14.911969605521335,0.0,4,4,1588,1.381188118811882,,0
2021-12-27,2021-12-24,2,3c6deecefb3c71f778e8339b71fdc6641ae550ef257b45aec993b5b47b57161d,v12_ff84c284e6bb115138cd,False,False,False,518880,518880,518880,False,False,False,False,14.911969605521335,14.89965584036401,14.89965584036401,0.0,5,5,1588,1.3834729626808844,,0
2021-12-28,2021-12-27,2,3c6deecefb3c71f778e8339b71fdc6641ae550ef257b45aec993b5b47b57161d,v12_ff84c284e6bb115138cd,False,False,False,518880,518880,518880,False,False,False,False,14.89965584036401,14.948910900993312,14.948910900993312,0.0,6,6,1588,1.3834729626808844,,0
2021-12-29,2021-12-28,2,3c6deecefb3c71f778e8339b71fdc6641ae550ef257b45aec993b5b47b57161d,v12_ff84c284e6bb115138cd,False,False,False,518880,518880,518880,False,False,False,False,14.948910900993312,14.879132898435133,14.879132898435133,0.0,7,7,1588,1.3869002284843877,,0
2021-12-30,2021-12-29,2,3c6deecefb3c71f778e8339b71fdc6641ae550ef257b45aec993b5b47b57161d,v12_ff84c284e6bb115138cd,False,False,False,518880,518880,518880,False,False,False,False,14.879132898435133,14.801145719105401,14.801145719105401,0.0,8,8,1588,1.3869002284843877,,0
2021-12-31,2021-12-30,2,3c6deecefb3c71f778e8339b71fdc6641ae550ef257b45aec993b5b47b57161d,v12_ff84c284e6bb115138cd,False,False,False,518880,518880,518880,False,False,False,False,14.801145719105401,14.953015489379084,14.953015489379084,0.0,9,9,1588,1.3869002284843877,,0
2022-01-04,2021-12-31,3,3d203d9898abc350ca1b9e27e24630fa1a7638a2bba977f860df233d26540a19,v12_c448e8aa44eb860cd6a7,True,True,True,518880,518880,518880,False,False,False,False,14.953015489379084,14.858609956506255,14.858609956506255,0.0,10,10,1588,1.387281035795888,,0
2022-01-05,2022-01-04,3,3d203d9898abc350ca1b9e27e24630fa1a7638a2bba977f860df233d26540a19,v12_c448e8aa44eb860cd6a7,False,False,False,518880,513100,513100,False,False,True,False,14.858609956506255,14.920178782292883,14.917194746536424,0.0029840357564585767,11,0,1588,5.312938816449353,,0
2022-01-06,2022-01-05,3,3d203d9898abc350ca1b9e27e24630fa1a7638a2bba977f860df233d26540a19,v12_c448e8aa44eb860cd6a7,False,False,False,513100,513100,513100,False,False,False,False,14.917194746536424,14.50603551810631,14.50603551810631,0.0,1,1,1588,5.312938816449353,,0
2022-01-07,2022-01-06,3,3d203d9898abc350ca1b9e27e24630fa1a7638a2bba977f860df233d26540a19,v12_c448e8aa44eb860cd6a7,False,False,False,513100,518880,518880,True,False,True,False,14.50603551810631,14.610233404763257,14.607311358082304,0.0029220466809526517,2,0,1588,1.367859862909369,,0
2022-01-10,2022-01-07,3,3d203d9898abc350ca1b9e27e24630fa1a7638a2bba977f860df233d26540a19,v12_c448e8aa44eb860cd6a7,False,False,False,518880,518880,518880,False,False,False,False,14.607311358082304,14.635777722087475,14.635777722087475,0.0,1,1,1588,1.367859862909369,,0
2022-01-11,2022-01-10,3,3d203d9898abc350ca1b9e27e24630fa1a7638a2bba977f860df233d26540a19,v12_c448e8aa44eb860cd6a7,False,False,False,518880,518880,518880,False,False,False,False,14.635777722087475,14.757776424966782,14.757776424966782,0.0,2,2,1588,1.3705255140898716,,0
2022-01-12,2022-01-11,3,3d203d9898abc350ca1b9e27e24630fa1a7638a2bba977f860df233d26540a19,v12_c448e8aa44eb860cd6a7,False,False,False,518880,518880,518880,False,False,False,False,14.757776424966782,14.826909023265054,14.826909023265054,0.0,3,3,1588,1.381949733434883,,0
2022-01-13,2022-01-12,3,3d203d9898abc350ca1b9e27e24630fa1a7638a2bba977f860df233d26540a19,v12_c448e8aa44eb860cd6a7,False,False,False,518880,518880,518880,False,False,False,False,14.826909023265054,14.859442010699537,14.859442010699537,0.0,4,4,1588,1.3884234577303893,,0
2022-01-14,2022-01-13,3,3d203d9898abc350ca1b9e27e24630fa1a7638a2bba977f860df233d26540a19,v12_c448e8aa44eb860cd6a7,False,False,False,518880,518880,518880,False,False,False,False,14.859442010699537,14.843175516982297,14.843175516982297,0.0,5,5,1588,1.3914699162223925,,0
2022-01-17,2022-01-14,3,3d203d9898abc350ca1b9e27e24630fa1a7638a2bba977f860df233d26540a19,v12_c448e8aa44eb860cd6a7,False,False,False,518880,518880,518880,False,False,False,False,14.843175516982297,14.782176165542646,14.782176165542646,0.0,6,6,1588,1.3914699162223925,,0
2022-01-18,2022-01-17,3,3d203d9898abc350ca1b9e27e24630fa1a7638a2bba977f860df233d26540a19,v12_c448e8aa44eb860cd6a7,False,False,False,518880,518880,518880,False,False,False,False,14.782176165542646,14.757776424966785,14.757776424966785,0.0,7,7,1588,1.3914699162223925,,0
2022-01-19,2022-01-18,3,3d203d9898abc350ca1b9e27e24630fa1a7638a2bba977f860df233d26540a19,v12_c448e8aa44eb860cd6a7,False,False,False,518880,518880,518880,False,False,False,False,14.757776424966785,14.741509931249544,14.741509931249544,0.0,8,8,1588,1.3914699162223925,,0
2022-01-20,2022-01-19,3,3d203d9898abc350ca1b9e27e24630fa1a7638a2bba977f860df233d26540a19,v12_c448e8aa44eb860cd6a7,False,False,False,518880,518880,518880,False,False,False,False,14.741509931249544,14.940774479285745,14.940774479285745,0.0,9,9,1588,1.3914699162223925,,0
2022-01-21,2022-01-20,3,3d203d9898abc350ca1b9e27e24630fa1a7638a2bba977f860df233d26540a19,v12_c448e8aa44eb860cd6a7,False,False,False,518880,518880,518880,False,False,False,False,14.940774479285745,14.932641232427125,14.932641232427125,0.0,10,10,1588,1.3990860624524004,,0
2022-01-24,2022-01-21,3,3d203d9898abc350ca1b9e27e24630fa1a7638a2bba977f860df233d26540a19,v12_c448e8aa44eb860cd6a7,False,False,False,518880,518880,518880,False,False,False,False,14.932641232427125,14.891974998134021,14.891974998134021,0.0,11,11,1588,1.3990860624524004,,0
2022-01-25,2022-01-24,3,3d203d9898abc350ca1b9e27e24630fa1a7638a2bba977f860df233d26540a19,v12_c448e8aa44eb860cd6a7,False,False,False,518880,518880,518880,False,False,False,False,14.891974998134021,14.928574608997813,14.928574608997813,0.0,12,12,1588,1.3990860624524004,,0
2022-01-26,2022-01-25,3,3d203d9898abc350ca1b9e27e24630fa1a7638a2bba977f860df233d26540a19,v12_c448e8aa44eb860cd6a7,False,False,False,518880,518880,518880,False,False,False,False,14.928574608997813,14.940774479285745,14.940774479285745,0.0,13,13,1588,1.3990860624524004,,0
2022-01-27,2022-01-26,3,3d203d9898abc350ca1b9e27e24630fa1a7638a2bba977f860df233d26540a19,v12_c448e8aa44eb860cd6a7,False,False,False,518880,518880,518880,False,False,False,False,14.940774479285745,14.664244086092651,14.664244086092651,0.0,14,14,1588,1.3990860624524006,,0
2022-01-28,2022-01-27,3,3d203d9898abc350ca1b9e27e24630fa1a7638a2bba977f860df233d26540a19,v12_c448e8aa44eb860cd6a7,False,False,False,518880,518880,518880,False,False,False,False,14.664244086092651,14.61544460494093,14.61544460494093,0.0,15,15,1588,1.3990860624524006,,0
2022-02-07,2022-01-28,3,3d203d9898abc350ca1b9e27e24630fa1a7638a2bba977f860df233d26540a19,v12_c448e8aa44eb860cd6a7,False,False,False,518880,518880,518880,False,False,False,False,14.61544460494093,14.721176814102996,14.721176814102996,0.0,16,16,1588,1.3990860624524006,,0
2022-02-08,2022-02-07,3,3d203d9898abc350ca1b9e27e24630fa1a7638a2bba977f860df233d26540a19,v12_c448e8aa44eb860cd6a7,False,False,False,518880,518880,518880,False,False,False,False,14.721176814102996,14.80657590611851,14.80657590611851,0.0,17,17,1588,1.3990860624524006,,0
2022-02-09,2022-02-08,3,3d203d9898abc350ca1b9e27e24630fa1a7638a2bba977f860df233d26540a19,v12_c448e8aa44eb860cd6a7,False,False,False,518880,518880,518880,False,False,False,False,14.80657590611851,14.875708504416783,14.875708504416783,0.0,18,18,1588,1.3990860624524006,,0
2022-02-10,2022-02-09,3,3d203d9898abc350ca1b9e27e24630fa1a7638a2bba977f860df233d26540a19,v12_c448e8aa44eb860cd6a7,False,False,False,518880,518880,518880,False,False,False,False,14.875708504416783,14.904174868421954,14.904174868421954,0.0,19,19,1588,1.3990860624524006,,0
2022-02-11,2022-02-10,3,3d203d9898abc350ca1b9e27e24630fa1a7638a2bba977f860df233d26540a19,v12_c448e8aa44eb860cd6a7,False,False,False,518880,518880,518880,False,False,False,False,14.904174868421954,14.82284239983575,14.82284239983575,0.0,20,20,1588,1.3990860624524006,,0
2022-02-14,2022-02-11,3,3d203d9898abc350ca1b9e27e24630fa1a7638a2bba977f860df233d26540a19,v12_c448e8aa44eb860cd6a7,False,False,False,518880,518880,518880,False,False,False,False,14.82284239983575,15.066839805594363,15.066839805594363,0.0,21,21,1588,1.3990860624524006,,0
2022-02-15,2022-02-14,3,3d203d9898abc350ca1b9e27e24630fa1a7638a2bba977f860df233d26540a19,v12_c448e8aa44eb860cd6a7,False,False,False,518880,518880,518880,False,False,False,False,15.066839805594363,15.21730487247884,15.21730487247884,0.0,22,22,1588,1.4108910891089121,,0
2022-02-16,2022-02-15,3,3d203d9898abc350ca1b9e27e24630fa1a7638a2bba977f860df233d26540a19,v12_c448e8aa44eb860cd6a7,False,False,False,518880,518880,518880,False,False,False,False,15.21730487247884,15.013973701013331,15.013973701013331,0.0,23,23,1588,1.424980959634426,,0
2022-02-17,2022-02-16,3,3d203d9898abc350ca1b9e27e24630fa1a7638a2bba977f860df233d26540a19,v12_c448e8aa44eb860cd6a7,False,False,False,518880,518880,518880,False,False,False,False,15.013973701013331,15.152238897609879,15.152238897609879,0.0,24,24,1588,1.424980959634426,,0
2022-02-18,2022-02-17,3,3d203d9898abc350ca1b9e27e24630fa1a7638a2bba977f860df233d26540a19,v12_c448e8aa44eb860cd6a7,False,False,False,518880,518880,518880,False,False,False,False,15.152238897609879,15.290504094206426,15.290504094206426,0.0,25,25,1588,1.424980959634426,,0
2022-02-21,2022-02-18,3,3d203d9898abc350ca1b9e27e24630fa1a7638a2bba977f860df233d26540a19,v12_c448e8aa44eb860cd6a7,False,False,False,518880,518880,518880,False,False,False,False,15.290504094206426,15.266104353630565,15.266104353630565,0.0,26,26,1588,1.4318354912414333,,0
2022-02-22,2022-02-21,3,3d203d9898abc350ca1b9e27e24630fa1a7638a2bba977f860df233d26540a19,v12_c448e8aa44eb860cd6a7,False,False,False,518880,518880,518880,False,False,False,False,15.266104353630565,15.457235654808144,15.457235654808144,0.0,27,27,1588,1.4318354912414333,,0
2022-02-23,2022-02-22,3,3d203d9898abc350ca1b9e27e24630fa1a7638a2bba977f860df233d26540a19,v12_c448e8aa44eb860cd6a7,False,False,False,518880,518880,518880,False,False,False,False,15.457235654808144,15.339303575358146,15.339303575358146,0.0,28,28,1588,1.4474485910129489,,0
2022-02-24,2022-02-23,3,3d203d9898abc350ca1b9e27e24630fa1a7638a2bba977f860df233d26540a19,v12_c448e8aa44eb860cd6a7,False,False,False,518880,518880,518880,False,False,False,False,15.339303575358146,15.668700073132277,15.668700073132277,0.0,29,29,1588,1.4474485910129489,,0
2022-02-25,2022-02-24,3,3d203d9898abc350ca1b9e27e24630fa1a7638a2bba977f860df233d26540a19,v12_c448e8aa44eb860cd6a7,False,False,False,518880,513100,513100,False,True,True,False,15.668700073132277,15.481635395384005,15.47853906830493,0.0030963270790768014,30,0,2376,4.483450351053164,,0
2022-02-28,2022-02-25,3,3d203d9898abc350ca1b9e27e24630fa1a7638a2bba977f860df233d26540a19,v12_c448e8aa44eb860cd6a7,False,False,False,513100,513100,513100,False,False,False,False,15.47853906830493,15.513166672484584,15.513166672484584,0.0,1,1,2376,4.483450351053164,,0
2022-03-01,2022-02-28,3,3d203d9898abc350ca1b9e27e24630fa1a7638a2bba977f860df233d26540a19,v12_c448e8aa44eb860cd6a7,False,False,False,513100,513100,513100,False,False,False,False,15.513166672484584,15.911384120550593,15.911384120550593,0.0,2,2,2376,4.493480441323976,,0
2022-03-02,2022-03-01,3,3d203d9898abc350ca1b9e27e24630fa1a7638a2bba977f860df233d26540a19,v12_c448e8aa44eb860cd6a7,False,False,False,513100,513100,513100,False,False,False,False,15.911384120550593,15.668990891293022,15.668990891293022,0.0,3,3,2376,4.608826479438319,,0
2022-03-03,2022-03-02,3,3d203d9898abc350ca1b9e27e24630fa1a7638a2bba977f860df233d26540a19,v12_c448e8aa44eb860cd6a7,False,False,False,513100,513100,513100,False,False,False,False,15.668990891293022,15.928697922640422,15.928697922640422,0.0,4,4,2376,4.608826479438319,,0
2022-03-04,2022-03-03,3,3d203d9898abc350ca1b9e27e24630fa1a7638a2bba977f860df233d26540a19,v12_c448e8aa44eb860cd6a7,False,False,False,513100,518880,518880,False,False,True,False,15.928697922640422,15.617049485023543,15.613926075126539,0.0031234098970047085,5,0,2376,1.462680883472964,,0
2022-03-07,2022-03-04,3,3d203d9898abc350ca1b9e27e24630fa1a7638a2bba977f860df233d26540a19,v12_c448e8aa44eb860cd6a7,False,False,False,518880,518880,518880,False,False,False,False,15.613926075126539,15.959456852628689,15.959456852628689,0.0,1,1,2376,1.462680883472964,,0
2022-03-08,2022-03-07,3,3d203d9898abc350ca1b9e27e24630fa1a7638a2bba977f860df233d26540a19,v12_c448e8aa44eb860cd6a7,False,False,False,518880,518880,518880,False,False,False,False,15.959456852628689,16.32124790201329,16.32124790201329,0.0,2,2,2376,1.4950495049504966,,0
2022-03-09,2022-03-08,3,3d203d9898abc350ca1b9e27e24630fa1a7638a2bba977f860df233d26540a19,v12_c448e8aa44eb860cd6a7,False,False,False,518880,159915,159915,False,True,True,False,16.32124790201329,16.508241028661516,16.504939380455784,0.0033016482057323035,3,0,2384,3.1154328732747625,,0
2022-03-10,2022-03-09,3,3d203d9898abc350ca1b9e27e24630fa1a7638a2bba977f860df233d26540a19,v12_c448e8aa44eb860cd6a7,False,False,False,159915,159915,159915,False,False,False,False,16.504939380455784,16.930358679831205,16.930358679831205,0.0,1,1,2384,3.1154328732747625,,0
2022-03-11,2022-03-10,3,3d203d9898abc350ca1b9e27e24630fa1a7638a2bba977f860df233d26540a19,v12_c448e8aa44eb860cd6a7,False,False,False,159915,159915,159915,False,False,False,False,16.930358679831205,17.16965703572988,17.16965703572988,0.0,2,2,2384,3.1957340025093917,,0
2022-03-14,2022-03-11,3,3d203d9898abc350ca1b9e27e24630fa1a7638a2bba977f860df233d26540a19,v12_c448e8aa44eb860cd6a7,False,False,False,159915,159915,159915,False,False,False,False,17.16965703572988,16.551469616324972,16.551469616324972,0.0,3,3,2384,3.240903387703871,,0
2022-03-15,2022-03-14,3,3d203d9898abc350ca1b9e27e24630fa1a7638a2bba977f860df233d26540a19,v12_c448e8aa44eb860cd6a7,False,False,False,159915,159915,159915,True,False,False,False,16.551469616324972,16.092814434185843,16.092814434185843,0.0,4,4,2384,3.240903387703871,,0
2022-03-16,2022-03-15,3,3d203d9898abc350ca1b9e27e24630fa1a7638a2bba977f860df233d26540a19,v12_c448e8aa44eb860cd6a7,False,False,False,159915,510500,510500,False,True,True,False,16.092814434185843,16.96359456259491,16.96020184368239,0.003392718912518982,5,0,2389,1.9995541224433058,,0
2022-03-17,2022-03-16,3,3d203d9898abc350ca1b9e27e24630fa1a7638a2bba977f860df233d26540a19,v12_c448e8aa44eb860cd6a7,False,False,False,510500,510500,510500,False,False,False,False,16.96020184368239,17.237193144207918,17.237193144207918,0.0,1,1,2389,1.9995541224433058,,0
2022-03-18,2022-03-17,3,3d203d9898abc350ca1b9e27e24630fa1a7638a2bba977f860df233d26540a19,v12_c448e8aa44eb860cd6a7,False,False,False,510500,510500,510500,False,False,False,False,17.237193144207918,17.41368317640117,17.41368317640117,0.0,2,2,2389,2.0322105201649556,,0
2022-03-21,2022-03-18,3,3d203d9898abc350ca1b9e27e24630fa1a7638a2bba977f860df233d26540a19,v12_c448e8aa44eb860cd6a7,False,False,False,510500,510500,510500,False,False,False,False,17.41368317640117,17.47986693847364,17.47986693847364,0.0,3,3,2389,2.053018136412378,,0
2022-03-22,2022-03-21,3,3d203d9898abc350ca1b9e27e24630fa1a7638a2bba977f860df233d26540a19,v12_c448e8aa44eb860cd6a7,False,False,False,510500,510500,510500,False,False,False,False,17.47986693847364,17.4847694393679,17.4847694393679,0.0,4,4,2389,2.0608209925051617,,0
2022-03-23,2022-03-22,3,3d203d9898abc350ca1b9e27e24630fa1a7638a2bba977f860df233d26540a19,v12_c448e8aa44eb860cd6a7,False,False,False,510500,513100,513100,False,False,True,False,17.4847694393679,17.60242946083007,17.598908974937903,0.003520485892166014,5,0,2389,4.789368104312943,,0
2022-03-24,2022-03-23,3,3d203d9898abc350ca1b9e27e24630fa1a7638a2bba977f860df233d26540a19,v12_c448e8aa44eb860cd6a7,False,False,False,513100,513100,513100,False,False,False,False,17.598908974937903,17.433055382503934,17.433055382503934,0.0,1,1,2389,4.789368104312943,,0
2022-03-25,2022-03-24,3,3d203d9898abc350ca1b9e27e24630fa1a7638a2bba977f860df233d26540a19,v12_c448e8aa44eb860cd6a7,False,False,False,513100,513100,513100,False,False,False,False,17.433055382503934,17.746334390434768,17.746334390434768,0.0,2,2,2389,4.789368104312943,,0
2022-03-28,2022-03-25,3,3d203d9898abc350ca1b9e27e24630fa1a7638a2bba977f860df233d26540a19,v12_c448e8aa44eb860cd6a7,False,False,False,513100,513100,513100,False,False,False,False,17.746334390434768,17.65419350574923,17.65419350574923,0.0,3,3,2389,4.829488465396193,,0
2022-03-29,2022-03-28,3,3d203d9898abc350ca1b9e27e24630fa1a7638a2bba977f860df233d26540a19,v12_c448e8aa44eb860cd6a7,False,False,False,513100,513100,513100,False,False,False,False,17.65419350574923,18.022757044491385,18.022757044491385,0.0,4,4,2389,4.829488465396193,,0
2022-03-30,2022-03-29,3,3d203d9898abc350ca1b9e27e24630fa1a7638a2bba977f860df233d26540a19,v12_c448e8aa44eb860cd6a7,False,False,False,513100,513100,513100,False,False,False,False,18.022757044491385,18.243895167736678,18.243895167736678,0.0,5,5,2389,4.904714142427287,,0
2022-03-31,2022-03-30,3,3d203d9898abc350ca1b9e27e24630fa1a7638a2bba977f860df233d26540a19,v12_c448e8aa44eb860cd6a7,False,False,False,513100,513100,513100,False,False,False,False,18.243895167736678,18.114897929176923,18.114897929176923,0.0,6,6,2389,4.964894684052162,,0
2022-04-01,2022-03-31,3,3d203d9898abc350ca1b9e27e24630fa1a7638a2bba977f860df233d26540a19,v12_c448e8aa44eb860cd6a7,False,False,False,513100,513100,513100,False,False,False,False,18.114897929176923,17.930616159805844,17.930616159805844,0.0,7,7,2389,4.964894684052162,,0
2022-04-06,2022-04-01,3,3d203d9898abc350ca1b9e27e24630fa1a7638a2bba977f860df233d26540a19,v12_c448e8aa44eb860cd6a7,False,False,False,513100,513100,513100,False,False,False,False,17.930616159805844,17.820047098183196,17.820047098183196,0.0,8,8,2389,4.964894684052162,,0
2022-04-07,2022-04-06,3,3d203d9898abc350ca1b9e27e24630fa1a7638a2bba977f860df233d26540a19,v12_c448e8aa44eb860cd6a7,False,False,False,513100,513100,513100,False,False,False,False,17.820047098183196,17.451483559441037,17.451483559441037,0.0,9,9,2389,4.964894684052162,,0
2022-04-08,2022-04-07,3,3d203d9898abc350ca1b9e27e24630fa1a7638a2bba977f860df233d26540a19,v12_c448e8aa44eb860cd6a7,False,False,False,513100,513100,513100,False,False,False,False,17.451483559441037,17.562052621063685,17.562052621063685,0.0,10,10,2389,4.964894684052162,,0
2022-04-11,2022-04-08,3,3d203d9898abc350ca1b9e27e24630fa1a7638a2bba977f860df233d26540a19,v12_c448e8aa44eb860cd6a7,False,False,False,513100,513100,513100,False,False,False,False,17.562052621063685,17.1197763745731,17.1197763745731,0.0,11,11,2389,4.964894684052162,,0
2022-04-12,2022-04-11,3,3d203d9898abc350ca1b9e27e24630fa1a7638a2bba977f860df233d26540a19,v12_c448e8aa44eb860cd6a7,False,False,False,513100,588080,588080,False,True,True,False,17.1197763745731,16.78806918970516,16.784711575867217,0.003357613837941032,12,0,2406,0.7080745341614905,,0
2022-04-13,2022-04-12,3,3d203d9898abc350ca1b9e27e24630fa1a7638a2bba977f860df233d26540a19,v12_c448e8aa44eb860cd6a7,False,False,False,588080,588080,588080,False,False,False,False,16.784711575867217,16.244852431614177,16.244852431614177,0.0,1,1,2406,0.7080745341614905,,0
2022-04-14,2022-04-13,3,3d203d9898abc350ca1b9e27e24630fa1a7638a2bba977f860df233d26540a19,v12_c448e8aa44eb860cd6a7,False,False,False,588080,588080,588080,True,False,False,False,16.244852431614177,16.424805479698524,16.424805479698524,0.0,2,2,2406,0.7080745341614905,,0
2022-04-15,2022-04-14,3,3d203d9898abc350ca1b9e27e24630fa1a7638a2bba977f860df233d26540a19,v12_c448e8aa44eb860cd6a7,False,False,False,588080,588080,588080,False,False,False,False,16.424805479698524,16.408446111690854,16.408446111690854,0.0,3,3,2406,0.7080745341614905,,0
2022-04-18,2022-04-15,3,3d203d9898abc350ca1b9e27e24630fa1a7638a2bba977f860df233d26540a19,v12_c448e8aa44eb860cd6a7,False,False,False,588080,588080,588080,False,False,False,False,16.408446111690854,16.89922715192089,16.89922715192089,0.0,4,4,2406,0.7080745341614905,,0
2022-04-19,2022-04-18,3,3d203d9898abc350ca1b9e27e24630fa1a7638a2bba977f860df233d26540a19,v12_c448e8aa44eb860cd6a7,False,False,False,588080,518880,518880,False,False,True,False,16.89922715192089,16.653836631805873,16.650505864479513,0.0033307673263611747,5,0,2406,1.4988575780654998,,0
2022-04-20,2022-04-19,3,3d203d9898abc350ca1b9e27e24630fa1a7638a2bba977f860df233d26540a19,v12_c448e8aa44eb860cd6a7,False,False,False,518880,518880,518880,False,False,False,False,16.650505864479513,16.438990292014072,16.438990292014072,0.0,1,1,2406,1.4988575780654998,,0
2022-04-21,2022-04-20,3,3d203d9898abc350ca1b9e27e24630fa1a7638a2bba977f860df233d26540a19,v12_c448e8aa44eb860cd6a7,False,False,False,518880,518880,518880,False,False,False,False,16.438990292014072,16.65473617592882,16.65473617592882,0.0,2,2,2406,1.4988575780654998,,0
2022-04-22,2022-04-21,3,3d203d9898abc350ca1b9e27e24630fa1a7638a2bba977f860df233d26540a19,v12_c448e8aa44eb860cd6a7,False,False,False,518880,510300,510300,False,True,True,False,16.65473617592882,16.713960536219144,16.7106177441119,0.003342792107243829,3,0,2414,1.7901035480714242,,0
2022-04-25,2022-04-22,3,3d203d9898abc350ca1b9e27e24630fa1a7638a2bba977f860df233d26540a19,v12_c448e8aa44eb860cd6a7,False,False,False,510300,510300,510300,False,False,False,False,16.7106177441119,15.905538057488435,15.905538057488435,0.0,1,1,2414,1.7901035480714242,,0
2022-04-26,2022-04-25,3,3d203d9898abc350ca1b9e27e24630fa1a7638a2bba977f860df233d26540a19,v12_c448e8aa44eb860cd6a7,False,False,False,510300,510300,510300,True,False,False,False,15.905538057488435,15.780396137287896,15.780396137287896,0.0,2,2,2414,1.7901035480714242,,0
2022-04-27,2022-04-26,3,3d203d9898abc350ca1b9e27e24630fa1a7638a2bba977f860df233d26540a19,v12_c448e8aa44eb860cd6a7,False,False,False,510300,510300,510300,False,False,False,False,15.780396137287896,16.222564255329797,16.222564255329797,0.0,3,3,2414,1.7901035480714242,,0
2022-04-28,2022-04-27,3,3d203d9898abc350ca1b9e27e24630fa1a7638a2bba977f860df233d26540a19,v12_c448e8aa44eb860cd6a7,False,False,False,510300,510300,510300,False,False,False,False,16.222564255329797,16.33102058617026,16.33102058617026,0.0,4,4,2414,1.7901035480714242,,0
2022-04-29,2022-04-28,3,3d203d9898abc350ca1b9e27e24630fa1a7638a2bba977f860df233d26540a19,v12_c448e8aa44eb860cd6a7,False,False,False,510300,518880,518880,False,False,True,False,16.33102058617026,16.748160320172055,16.74481068810802,0.003349632064034411,5,0,2414,1.5011424219345022,,0
2022-05-05,2022-04-29,3,3d203d9898abc350ca1b9e27e24630fa1a7638a2bba977f860df233d26540a19,v12_c448e8aa44eb860cd6a7,False,False,False,518880,518880,518880,False,False,False,False,16.74481068810802,16.689589343880368,16.689589343880368,0.0,1,1,2414,1.5011424219345022,,0
2022-05-06,2022-05-05,3,3d203d9898abc350ca1b9e27e24630fa1a7638a2bba977f860df233d26540a19,v12_c448e8aa44eb860cd6a7,False,False,False,518880,518880,518880,False,False,False,False,16.689589343880368,16.659854773911633,16.659854773911633,0.0,2,2,2414,1.5011424219345022,,0
2022-05-09,2022-05-06,3,3d203d9898abc350ca1b9e27e24630fa1a7638a2bba977f860df233d26540a19,v12_c448e8aa44eb860cd6a7,False,False,False,518880,518880,518880,False,False,False,False,16.659854773911633,16.73206730097856,16.73206730097856,0.0,3,3,2414,1.5011424219345022,,0
2022-05-10,2022-05-09,3,3d203d9898abc350ca1b9e27e24630fa1a7638a2bba977f860df233d26540a19,v12_c448e8aa44eb860cd6a7,False,False,False,518880,518880,518880,False,False,False,False,16.73206730097856,16.608881225393798,16.608881225393798,0.0,4,4,2414,1.5011424219345022,,0
2022-05-11,2022-05-10,3,3d203d9898abc350ca1b9e27e24630fa1a7638a2bba977f860df233d26540a19,v12_c448e8aa44eb860cd6a7,False,False,False,518880,518880,518880,False,False,False,False,16.608881225393798,16.523925311197413,16.523925311197413,0.0,5,5,2414,1.5011424219345022,,0
2022-05-12,2022-05-11,3,3d203d9898abc350ca1b9e27e24630fa1a7638a2bba977f860df233d26540a19,v12_c448e8aa44eb860cd6a7,False,False,False,518880,518880,518880,False,False,False,False,16.523925311197413,16.68534154817055,16.68534154817055,0.0,6,6,2414,1.5011424219345022,,0
2022-05-13,2022-05-12,3,3d203d9898abc350ca1b9e27e24630fa1a7638a2bba977f860df233d26540a19,v12_c448e8aa44eb860cd6a7,False,False,False,518880,518880,518880,False,False,False,False,16.68534154817055,16.515429719777774,16.515429719777774,0.0,7,7,2414,1.5011424219345022,,0
2022-05-16,2022-05-13,3,3d203d9898abc350ca1b9e27e24630fa1a7638a2bba977f860df233d26540a19,v12_c448e8aa44eb860cd6a7,False,False,False,518880,518880,518880,False,False,False,False,16.515429719777774,16.35826127851446,16.35826127851446,0.0,8,8,2414,1.5011424219345022,,0
2022-05-17,2022-05-16,3,3d203d9898abc350ca1b9e27e24630fa1a7638a2bba977f860df233d26540a19,v12_c448e8aa44eb860cd6a7,False,False,False,518880,518880,518880,False,False,False,False,16.35826127851446,16.468703966969763,16.468703966969763,0.0,9,9,2414,1.5011424219345022,,0
2022-05-18,2022-05-17,3,3d203d9898abc350ca1b9e27e24630fa1a7638a2bba977f860df233d26540a19,v12_c448e8aa44eb860cd6a7,False,False,False,518880,518880,518880,False,False,False,False,16.468703966969763,16.294544342867166,16.294544342867166,0.0,10,10,2414,1.5011424219345022,,0
2022-05-19,2022-05-18,3,3d203d9898abc350ca1b9e27e24630fa1a7638a2bba977f860df233d26540a19,v12_c448e8aa44eb860cd6a7,False,False,False,518880,518880,518880,False,False,False,False,16.294544342867166,16.35401348280464,16.35401348280464,0.0,11,11,2414,1.5011424219345022,,0
2022-05-20,2022-05-19,3,3d203d9898abc350ca1b9e27e24630fa1a7638a2bba977f860df233d26540a19,v12_c448e8aa44eb860cd6a7,False,False,False,518880,518880,518880,False,False,False,False,16.35401348280464,16.447464988420663,16.447464988420663,0.0,12,12,2414,1.5011424219345022,,0
2022-05-23,2022-05-20,3,3d203d9898abc350ca1b9e27e24630fa1a7638a2bba977f860df233d26540a19,v12_c448e8aa44eb860cd6a7,False,False,False,518880,518880,518880,False,False,False,False,16.447464988420663,16.46020837555012,16.46020837555012,0.0,13,13,2414,1.5011424219345022,,0
2022-05-24,2022-05-23,3,3d203d9898abc350ca1b9e27e24630fa1a7638a2bba977f860df233d26540a19,v12_c448e8aa44eb860cd6a7,False,False,False,518880,518880,518880,False,False,False,False,16.46020837555012,16.489942945518855,16.489942945518855,0.0,14,14,2414,1.5011424219345022,,0
2022-05-25,2022-05-24,3,3d203d9898abc350ca1b9e27e24630fa1a7638a2bba977f860df233d26540a19,v12_c448e8aa44eb860cd6a7,False,False,False,518880,518880,518880,False,False,False,False,16.489942945518855,16.51118192406795,16.51118192406795,0.0,15,15,2414,1.5011424219345022,,0
2022-05-26,2022-05-25,3,3d203d9898abc350ca1b9e27e24630fa1a7638a2bba977f860df233d26540a19,v12_c448e8aa44eb860cd6a7,False,False,False,518880,518880,518880,False,False,False,False,16.51118192406795,16.57065106400542,16.57065106400542,0.0,16,16,2414,1.5011424219345022,,0
2022-05-27,2022-05-26,3,3d203d9898abc350ca1b9e27e24630fa1a7638a2bba977f860df233d26540a19,v12_c448e8aa44eb860cd6a7,False,False,False,518880,518880,518880,False,False,False,False,16.57065106400542,16.63861579536253,16.63861579536253,0.0,17,17,2414,1.5011424219345022,,0
2022-05-30,2022-05-27,3,3d203d9898abc350ca1b9e27e24630fa1a7638a2bba977f860df233d26540a19,v12_c448e8aa44eb860cd6a7,False,False,False,518880,518880,518880,False,False,False,False,16.63861579536253,16.50268633264831,16.50268633264831,0.0,18,18,2414,1.5011424219345022,,0
2022-05-31,2022-05-30,3,3d203d9898abc350ca1b9e27e24630fa1a7638a2bba977f860df233d26540a19,v12_c448e8aa44eb860cd6a7,False,False,False,518880,518880,518880,False,False,False,False,16.50268633264831,16.468703966969755,16.468703966969755,0.0,19,19,2414,1.5011424219345022,,0
2022-06-01,2022-05-31,3,3d203d9898abc350ca1b9e27e24630fa1a7638a2bba977f860df233d26540a19,v12_c448e8aa44eb860cd6a7,False,False,False,518880,513100,513100,False,False,True,False,16.468703966969755,16.36250907422427,16.359236572409426,0.003272501814844854,20,0,2414,4.3530591775326,,0
2022-06-02,2022-06-01,3,3d203d9898abc350ca1b9e27e24630fa1a7638a2bba977f860df233d26540a19,v12_c448e8aa44eb860cd6a7,False,False,False,513100,513100,513100,False,False,False,False,16.359236572409426,16.20846019847017,16.20846019847017,0.0,1,1,2414,4.3530591775326,,0
2022-06-06,2022-06-02,3,3d203d9898abc350ca1b9e27e24630fa1a7638a2bba977f860df233d26540a19,v12_c448e8aa44eb860cd6a7,False,False,False,513100,513100,513100,False,False,False,False,16.20846019847017,16.227307245212575,16.227307245212575,0.0,2,2,2414,4.3530591775326,,0
2022-06-07,2022-06-06,3,3d203d9898abc350ca1b9e27e24630fa1a7638a2bba977f860df233d26540a19,v12_c448e8aa44eb860cd6a7,False,False,False,513100,513100,513100,False,False,False,False,16.227307245212575,16.095377918015725,16.095377918015725,0.0,3,3,2414,4.3530591775326,,0
2022-06-08,2022-06-07,3,3d203d9898abc350ca1b9e27e24630fa1a7638a2bba977f860df233d26540a19,v12_c448e8aa44eb860cd6a7,False,False,False,513100,513100,513100,False,False,False,False,16.095377918015725,16.321542478924613,16.321542478924613,0.0,4,4,2414,4.3530591775326,,0
2022-06-09,2022-06-08,3,3d203d9898abc350ca1b9e27e24630fa1a7638a2bba977f860df233d26540a19,v12_c448e8aa44eb860cd6a7,False,False,False,513100,513100,513100,False,False,False,False,16.321542478924613,16.22730724521258,16.22730724521258,0.0,5,5,2414,4.3530591775326,,0
2022-06-10,2022-06-09,3,3d203d9898abc350ca1b9e27e24630fa1a7638a2bba977f860df233d26540a19,v12_c448e8aa44eb860cd6a7,False,False,False,513100,513100,513100,False,False,False,False,16.22730724521258,15.963448590818878,15.963448590818878,0.0,6,6,2414,4.3530591775326,,0
2022-06-13,2022-06-10,3,3d203d9898abc350ca1b9e27e24630fa1a7638a2bba977f860df233d26540a19,v12_c448e8aa44eb860cd6a7,False,False,False,513100,513100,513100,False,False,False,False,15.963448590818878,15.153025580895369,15.153025580895369,0.0,7,7,2414,4.3530591775326,,0
2022-06-14,2022-06-13,3,3d203d9898abc350ca1b9e27e24630fa1a7638a2bba977f860df233d26540a19,v12_c448e8aa44eb860cd6a7,False,False,False,513100,518880,518880,True,False,True,False,15.153025580895369,15.058790347183333,15.055778589113897,0.0030117580694366667,8,0,2414,1.4680121858339688,,0
2022-06-15,2022-06-14,3,3d203d9898abc350ca1b9e27e24630fa1a7638a2bba977f860df233d26540a19,v12_c448e8aa44eb860cd6a7,False,False,False,518880,518880,518880,False,False,False,False,15.055778589113897,14.973762674620671,14.973762674620671,0.0,1,1,2414,1.4680121858339688,,0
2022-06-16,2022-06-15,3,3d203d9898abc350ca1b9e27e24630fa1a7638a2bba977f860df233d26540a19,v12_c448e8aa44eb860cd6a7,False,False,False,518880,518880,518880,False,False,False,False,14.973762674620671,15.020628911473944,15.020628911473944,0.0,2,2,2414,1.4680121858339688,,0
2022-06-17,2022-06-16,3,3d203d9898abc350ca1b9e27e24630fa1a7638a2bba977f860df233d26540a19,v12_c448e8aa44eb860cd6a7,False,False,False,518880,518880,518880,False,False,False,False,15.020628911473944,15.12998346413158,15.12998346413158,0.0,3,3,2414,1.4680121858339688,,0
2022-06-20,2022-06-17,3,3d203d9898abc350ca1b9e27e24630fa1a7638a2bba977f860df233d26540a19,v12_c448e8aa44eb860cd6a7,False,False,False,518880,518880,518880,False,False,False,False,15.12998346413158,15.067495148327218,15.067495148327218,0.0,4,4,2414,1.4752475247524763,,0
2022-06-21,2022-06-20,3,3d203d9898abc350ca1b9e27e24630fa1a7638a2bba977f860df233d26540a19,v12_c448e8aa44eb860cd6a7,False,False,False,518880,518880,518880,False,False,False,False,15.067495148327218,15.04406202990058,15.04406202990058,0.0,5,5,2414,1.4752475247524763,,0
2022-06-22,2022-06-21,3,3d203d9898abc350ca1b9e27e24630fa1a7638a2bba977f860df233d26540a19,v12_c448e8aa44eb860cd6a7,False,False,False,518880,518880,518880,False,False,False,False,15.04406202990058,15.032345470687265,15.032345470687265,0.0,6,6,2414,1.4752475247524763,,0
2022-06-23,2022-06-22,3,3d203d9898abc350ca1b9e27e24630fa1a7638a2bba977f860df233d26540a19,v12_c448e8aa44eb860cd6a7,False,False,False,518880,518880,518880,False,False,False,False,15.032345470687265,15.051873069376128,15.051873069376128,0.0,7,7,2414,1.4752475247524763,,0
2022-06-24,2022-06-23,3,3d203d9898abc350ca1b9e27e24630fa1a7638a2bba977f860df233d26540a19,v12_c448e8aa44eb860cd6a7,False,False,False,518880,518880,518880,False,False,False,False,15.051873069376128,14.946424036456266,14.946424036456266,0.0,8,8,2414,1.4752475247524763,,0
2022-06-27,2022-06-24,3,3d203d9898abc350ca1b9e27e24630fa1a7638a2bba977f860df233d26540a19,v12_c448e8aa44eb860cd6a7,False,False,False,518880,513100,513100,False,False,True,False,14.946424036456266,15.047967549638358,15.04495795612843,0.0030095935099276718,9,0,2414,4.1975927783350055,,0
2022-06-28,2022-06-27,3,3d203d9898abc350ca1b9e27e24630fa1a7638a2bba977f860df233d26540a19,v12_c448e8aa44eb860cd6a7,False,False,False,513100,513100,513100,False,False,False,False,15.04495795612843,14.883184214664682,14.883184214664682,0.0,1,1,2414,4.1975927783350055,,0
2022-06-29,2022-06-28,3,3d203d9898abc350ca1b9e27e24630fa1a7638a2bba977f860df233d26540a19,v12_c448e8aa44eb860cd6a7,False,False,False,513100,513100,513100,False,False,False,False,14.883184214664682,14.487737291086635,14.487737291086635,0.0,2,2,2414,4.1975927783350055,,0
2022-06-30,2022-06-29,3,3d203d9898abc350ca1b9e27e24630fa1a7638a2bba977f860df233d26540a19,v12_c448e8aa44eb860cd6a7,False,False,False,513100,518880,518880,True,False,True,False,14.487737291086635,14.397862990273442,14.394983417675387,0.0028795725980546886,3,0,2414,1.4539223153084557,,0
2022-07-01,2022-06-30,3,3d203d9898abc350ca1b9e27e24630fa1a7638a2bba977f860df233d26540a19,v12_c448e8aa44eb860cd6a7,False,False,False,518880,513100,513100,False,False,True,False,14.394983417675387,14.266793413432074,14.263940054749389,0.002853358682686415,1,0,2414,4.007021063189569,,0
2022-07-04,2022-07-01,3,3d203d9898abc350ca1b9e27e24630fa1a7638a2bba977f860df233d26540a19,v12_c448e8aa44eb860cd6a7,False,False,False,513100,513100,513100,False,False,False,False,14.263940054749389,14.317496775856082,14.317496775856082,0.0,1,1,2414,4.007021063189569,,0
2022-07-05,2022-07-04,3,3d203d9898abc350ca1b9e27e24630fa1a7638a2bba977f860df233d26540a19,v12_c448e8aa44eb860cd6a7,False,False,False,513100,513100,513100,False,False,False,False,14.317496775856082,14.531723660282855,14.531723660282855,0.0,2,2,2414,4.0220661985957875,,0
2022-07-06,2022-07-05,3,3d203d9898abc350ca1b9e27e24630fa1a7638a2bba977f860df233d26540a19,v12_c448e8aa44eb860cd6a7,False,False,False,513100,513100,513100,False,False,False,False,14.531723660282855,14.620984862127345,14.620984862127345,0.0,3,3,2414,4.082246740220662,,0
2022-07-07,2022-07-06,3,3d203d9898abc350ca1b9e27e24630fa1a7638a2bba977f860df233d26540a19,v12_c448e8aa44eb860cd6a7,False,False,False,513100,513100,513100,False,False,False,False,14.620984862127345,14.799507265816324,14.799507265816324,0.0,4,4,2414,4.107321965897693,,0
2022-07-08,2022-07-07,3,3d203d9898abc350ca1b9e27e24630fa1a7638a2bba977f860df233d26540a19,v12_c448e8aa44eb860cd6a7,False,False,False,513100,513100,513100,False,False,False,False,14.799507265816324,14.906620708029713,14.906620708029713,0.0,5,5,2414,4.157472417251755,,0
2022-07-11,2022-07-08,3,3d203d9898abc350ca1b9e27e24630fa1a7638a2bba977f860df233d26540a19,v12_c448e8aa44eb860cd6a7,False,False,False,513100,513100,513100,False,False,False,False,14.906620708029713,14.781655025447428,14.781655025447428,0.0,6,6,2414,4.187562688064193,,0
2022-07-12,2022-07-11,3,3d203d9898abc350ca1b9e27e24630fa1a7638a2bba977f860df233d26540a19,v12_c448e8aa44eb860cd6a7,False,False,False,513100,513100,513100,False,False,False,False,14.781655025447428,14.567428141020654,14.567428141020654,0.0,7,7,2414,4.187562688064193,,0
2022-07-13,2022-07-12,3,3d203d9898abc350ca1b9e27e24630fa1a7638a2bba977f860df233d26540a19,v12_c448e8aa44eb860cd6a7,False,False,False,513100,513100,513100,False,False,False,False,14.567428141020654,14.656689342865143,14.656689342865143,0.0,8,8,2414,4.187562688064193,,0
2022-07-14,2022-07-13,3,3d203d9898abc350ca1b9e27e24630fa1a7638a2bba977f860df233d26540a19,v12_c448e8aa44eb860cd6a7,False,False,False,513100,513100,513100,False,False,False,False,14.656689342865143,14.496019179545064,14.496019179545064,0.0,9,9,2414,4.187562688064193,,0
2022-07-15,2022-07-14,3,3d203d9898abc350ca1b9e27e24630fa1a7638a2bba977f860df233d26540a19,v12_c448e8aa44eb860cd6a7,False,False,False,513100,513100,513100,False,False,False,False,14.496019179545064,14.65668934286514,14.65668934286514,0.0,10,10,2414,4.187562688064193,,0
2022-07-18,2022-07-15,3,3d203d9898abc350ca1b9e27e24630fa1a7638a2bba977f860df233d26540a19,v12_c448e8aa44eb860cd6a7,False,False,False,513100,513100,513100,False,False,False,False,14.65668934286514,15.013734150243097,15.013734150243097,0.0,11,11,2414,4.187562688064193,,0
2022-07-19,2022-07-18,3,3d203d9898abc350ca1b9e27e24630fa1a7638a2bba977f860df233d26540a19,v12_c448e8aa44eb860cd6a7,False,False,False,513100,513100,513100,False,False,False,False,15.013734150243097,14.799507265816322,14.799507265816322,0.0,12,12,2414,4.21765295887663,,0
2022-07-20,2022-07-19,3,3d203d9898abc350ca1b9e27e24630fa1a7638a2bba977f860df233d26540a19,v12_c448e8aa44eb860cd6a7,False,False,False,513100,513100,513100,False,False,False,False,14.799507265816322,15.281517755776564,15.281517755776564,0.0,13,13,2414,4.21765295887663,,0
2022-07-21,2022-07-20,3,3d203d9898abc350ca1b9e27e24630fa1a7638a2bba977f860df233d26540a19,v12_c448e8aa44eb860cd6a7,False,False,False,513100,513100,513100,False,False,False,False,15.281517755776564,15.370778957621054,15.370778957621054,0.0,14,14,2414,4.292878635907723,,0
2022-07-22,2022-07-21,3,3d203d9898abc350ca1b9e27e24630fa1a7638a2bba977f860df233d26540a19,v12_c448e8aa44eb860cd6a7,False,False,False,513100,513100,513100,False,False,False,False,15.370778957621054,15.47789239983444,15.47789239983444,0.0,15,15,2414,4.317953861584754,,0
2022-07-25,2022-07-22,3,3d203d9898abc350ca1b9e27e24630fa1a7638a2bba977f860df233d26540a19,v12_c448e8aa44eb860cd6a7,False,False,False,513100,513100,513100,False,False,False,False,15.47789239983444,15.245813275038765,15.245813275038765,0.0,16,16,2414,4.348044132397191,,0
2022-07-26,2022-07-25,3,3d203d9898abc350ca1b9e27e24630fa1a7638a2bba977f860df233d26540a19,v12_c448e8aa44eb860cd6a7,False,False,False,513100,513100,513100,False,False,False,False,15.245813275038765,15.156552073194275,15.156552073194275,0.0,17,17,2414,4.348044132397191,,0
2022-07-27,2022-07-26,3,3d203d9898abc350ca1b9e27e24630fa1a7638a2bba977f860df233d26540a19,v12_c448e8aa44eb860cd6a7,False,False,False,513100,513100,513100,False,False,False,False,15.156552073194275,15.156552073194275,15.156552073194275,0.0,18,18,2414,4.348044132397191,,0
2022-07-28,2022-07-27,3,3d203d9898abc350ca1b9e27e24630fa1a7638a2bba977f860df233d26540a19,v12_c448e8aa44eb860cd6a7,False,False,False,513100,513100,513100,False,False,False,False,15.156552073194275,15.424335678727745,15.424335678727745,0.0,19,19,2414,4.348044132397191,,0
2022-07-29,2022-07-28,3,3d203d9898abc350ca1b9e27e24630fa1a7638a2bba977f860df233d26540a19,v12_c448e8aa44eb860cd6a7,False,False,False,513100,513100,513100,False,False,False,False,15.424335678727745,15.852789447581296,15.852789447581296,0.0,20,20,2414,4.348044132397191,,0
2022-08-01,2022-07-29,3,3d203d9898abc350ca1b9e27e24630fa1a7638a2bba977f860df233d26540a19,v12_c448e8aa44eb860cd6a7,False,False,False,513100,513100,513100,False,False,False,False,15.852789447581296,15.817084966843499,15.817084966843499,0.0,21,21,2414,4.4533600802407225,,0
2022-08-02,2022-08-01,3,3d203d9898abc350ca1b9e27e24630fa1a7638a2bba977f860df233d26540a19,v12_c448e8aa44eb860cd6a7,False,False,False,513100,513100,513100,False,False,False,False,15.817084966843499,15.817084966843499,15.817084966843499,0.0,22,22,2414,4.4533600802407225,,0
2022-08-03,2022-08-02,3,3d203d9898abc350ca1b9e27e24630fa1a7638a2bba977f860df233d26540a19,v12_c448e8aa44eb860cd6a7,False,False,False,513100,513100,513100,False,False,False,False,15.817084966843499,15.817084966843499,15.817084966843499,0.0,23,23,2414,4.4533600802407225,,0
2022-08-04,2022-08-03,3,3d203d9898abc350ca1b9e27e24630fa1a7638a2bba977f860df233d26540a19,v12_c448e8aa44eb860cd6a7,False,False,False,513100,513100,513100,False,False,False,False,15.817084966843499,16.26339097606595,16.26339097606595,0.0,24,24,2414,4.4533600802407225,,0
2022-08-05,2022-08-04,3,3d203d9898abc350ca1b9e27e24630fa1a7638a2bba977f860df233d26540a19,v12_c448e8aa44eb860cd6a7,False,False,False,513100,513100,513100,False,False,False,False,16.26339097606595,16.334799937541543,16.334799937541543,0.0,25,25,2414,4.568706118355066,,0
2022-08-08,2022-08-05,3,3d203d9898abc350ca1b9e27e24630fa1a7638a2bba977f860df233d26540a19,v12_c448e8aa44eb860cd6a7,False,False,False,513100,513100,513100,False,False,False,False,16.334799937541543,16.281243216434852,16.281243216434852,0.0,26,26,2414,4.588766298896691,,0
2022-08-09,2022-08-08,3,3d203d9898abc350ca1b9e27e24630fa1a7638a2bba977f860df233d26540a19,v12_c448e8aa44eb860cd6a7,False,False,False,513100,513100,513100,False,False,False,False,16.281243216434852,16.156277533852567,16.156277533852567,0.0,27,27,2414,4.588766298896691,,0
2022-08-10,2022-08-09,3,3d203d9898abc350ca1b9e27e24630fa1a7638a2bba977f860df233d26540a19,v12_c448e8aa44eb860cd6a7,False,False,False,513100,513100,513100,False,False,False,False,16.156277533852567,15.924198409056892,15.924198409056892,0.0,28,28,2414,4.588766298896691,,0
2022-08-11,2022-08-10,3,3d203d9898abc350ca1b9e27e24630fa1a7638a2bba977f860df233d26540a19,v12_c448e8aa44eb860cd6a7,False,False,False,513100,513100,513100,False,False,False,False,15.924198409056892,16.477617860492728,16.477617860492728,0.0,29,29,2414,4.588766298896691,,0
2022-08-12,2022-08-11,3,3d203d9898abc350ca1b9e27e24630fa1a7638a2bba977f860df233d26540a19,v12_c448e8aa44eb860cd6a7,False,False,False,513100,513100,513100,False,False,False,False,16.477617860492728,16.316947697172647,16.316947697172647,0.0,30,30,2414,4.6288866599799405,,0
2022-08-15,2022-08-12,3,3d203d9898abc350ca1b9e27e24630fa1a7638a2bba977f860df233d26540a19,v12_c448e8aa44eb860cd6a7,False,False,False,513100,513100,513100,False,False,False,False,16.316947697172647,16.62043578344391,16.62043578344391,0.0,31,31,2414,4.6288866599799405,,0
2022-08-16,2022-08-15,3,3d203d9898abc350ca1b9e27e24630fa1a7638a2bba977f860df233d26540a19,v12_c448e8aa44eb860cd6a7,False,False,False,513100,513100,513100,False,False,False,False,16.62043578344391,16.816810427501785,16.816810427501785,0.0,32,32,2414,4.66900702106319,,0
2022-08-17,2022-08-16,3,3d203d9898abc350ca1b9e27e24630fa1a7638a2bba977f860df233d26540a19,v12_c448e8aa44eb860cd6a7,False,False,False,513100,513100,513100,False,False,False,False,16.816810427501785,16.76325370639509,16.76325370639509,0.0,33,33,2414,4.724172517552658,,0
2022-08-18,2022-08-17,3,3d203d9898abc350ca1b9e27e24630fa1a7638a2bba977f860df233d26540a19,v12_c448e8aa44eb860cd6a7,False,False,False,513100,513100,513100,False,False,False,False,16.76325370639509,16.53117458159942,16.53117458159942,0.0,34,34,2414,4.724172517552658,,0
2022-08-19,2022-08-18,3,3d203d9898abc350ca1b9e27e24630fa1a7638a2bba977f860df233d26540a19,v12_c448e8aa44eb860cd6a7,False,False,False,513100,513100,513100,False,False,False,False,16.53117458159942,16.566879062337215,16.566879062337215,0.0,35,35,2414,4.724172517552658,,0
2022-08-22,2022-08-19,3,3d203d9898abc350ca1b9e27e24630fa1a7638a2bba977f860df233d26540a19,v12_c448e8aa44eb860cd6a7,False,False,False,513100,513100,513100,False,False,False,False,16.566879062337215,16.28124321643485,16.28124321643485,0.0,36,36,2414,4.724172517552658,,0
2022-08-23,2022-08-22,3,3d203d9898abc350ca1b9e27e24630fa1a7638a2bba977f860df233d26540a19,v12_c448e8aa44eb860cd6a7,False,False,False,513100,513100,513100,False,False,False,False,16.28124321643485,15.977755130163585,15.977755130163585,0.0,37,37,2414,4.724172517552658,,0
2022-08-24,2022-08-23,3,3d203d9898abc350ca1b9e27e24630fa1a7638a2bba977f860df233d26540a19,v12_c448e8aa44eb860cd6a7,False,False,False,513100,513100,513100,False,False,False,False,15.977755130163585,16.031311851270278,16.031311851270278,0.0,38,38,2414,4.724172517552658,,0
2022-08-25,2022-08-24,3,3d203d9898abc350ca1b9e27e24630fa1a7638a2bba977f860df233d26540a19,v12_c448e8aa44eb860cd6a7,False,False,False,513100,513100,513100,False,False,False,False,16.031311851270278,16.245538735697053,16.245538735697053,0.0,39,39,2414,4.724172517552658,,0
2022-08-26,2022-08-25,3,3d203d9898abc350ca1b9e27e24630fa1a7638a2bba977f860df233d26540a19,v12_c448e8aa44eb860cd6a7,False,False,False,513100,513100,513100,False,False,False,False,16.245538735697053,16.334799937541543,16.334799937541543,0.0,40,40,2414,4.724172517552658,,0
2022-08-29,2022-08-26,3,3d203d9898abc350ca1b9e27e24630fa1a7638a2bba977f860df233d26540a19,v12_c448e8aa44eb860cd6a7,False,False,False,513100,513100,513100,False,False,False,False,16.334799937541543,15.69211928426122,15.69211928426122,0.0,41,41,2414,4.724172517552658,,0
2022-08-30,2022-08-29,3,3d203d9898abc350ca1b9e27e24630fa1a7638a2bba977f860df233d26540a19,v12_c448e8aa44eb860cd6a7,False,False,False,513100,518880,518880,True,False,True,False,15.69211928426122,15.763528245736811,15.760375540087665,0.0031527056491473626,42,0,2414,1.4405940594059428,,0
2022-08-31,2022-08-30,3,3d203d9898abc350ca1b9e27e24630fa1a7638a2bba977f860df233d26540a19,v12_c448e8aa44eb860cd6a7,False,False,False,518880,518880,518880,False,False,False,False,15.760375540087665,15.65622291293932,15.65622291293932,0.0,1,1,2414,1.4405940594059428,,0
2022-09-01,2022-08-31,3,3d203d9898abc350ca1b9e27e24630fa1a7638a2bba977f860df233d26540a19,v12_c448e8aa44eb860cd6a7,False,False,False,518880,518880,518880,False,False,False,False,15.65622291293932,15.53957197053317,15.53957197053317,0.0,2,2,2414,1.4405940594059428,,0
2022-09-02,2022-09-01,3,3d203d9898abc350ca1b9e27e24630fa1a7638a2bba977f860df233d26540a19,v12_c448e8aa44eb860cd6a7,False,False,False,518880,518880,518880,False,False,False,False,15.53957197053317,15.522907550189435,15.522907550189435,0.0,3,3,2414,1.4405940594059428,,0
2022-09-05,2022-09-02,3,3d203d9898abc350ca1b9e27e24630fa1a7638a2bba977f860df233d26540a19,v12_c448e8aa44eb860cd6a7,False,False,False,518880,518880,518880,False,False,False,False,15.522907550189435,15.685385648540855,15.685385648540855,0.0,4,4,2414,1.4405940594059428,,0
2022-09-06,2022-09-05,3,3d203d9898abc350ca1b9e27e24630fa1a7638a2bba977f860df233d26540a19,v12_c448e8aa44eb860cd6a7,False,False,False,518880,518880,518880,False,False,False,False,15.685385648540855,15.764541645173598,15.764541645173598,0.0,5,5,2414,1.4405940594059428,,0
2022-09-07,2022-09-06,3,3d203d9898abc350ca1b9e27e24630fa1a7638a2bba977f860df233d26540a19,v12_c448e8aa44eb860cd6a7,False,False,False,518880,518880,518880,False,False,False,False,15.764541645173598,15.660389018025253,15.660389018025253,0.0,6,6,2414,1.440974866717443,,0
2022-09-08,2022-09-07,3,3d203d9898abc350ca1b9e27e24630fa1a7638a2bba977f860df233d26540a19,v12_c448e8aa44eb860cd6a7,False,False,False,518880,518880,518880,False,False,False,False,15.660389018025253,15.789538275689202,15.789538275689202,0.0,7,7,2414,1.440974866717443,,0
2022-09-09,2022-09-08,3,3d203d9898abc350ca1b9e27e24630fa1a7638a2bba977f860df233d26540a19,v12_c448e8aa44eb860cd6a7,False,False,False,518880,518880,518880,False,False,False,False,15.789538275689202,15.768707750259534,15.768707750259534,0.0,8,8,2414,1.443259710586445,,0
2022-09-13,2022-09-09,3,3d203d9898abc350ca1b9e27e24630fa1a7638a2bba977f860df233d26540a19,v12_c448e8aa44eb860cd6a7,False,False,False,518880,518880,518880,False,False,False,False,15.768707750259534,15.7770399604314,15.7770399604314,0.0,9,9,2414,1.443259710586445,,0
2022-09-14,2022-09-13,3,3d203d9898abc350ca1b9e27e24630fa1a7638a2bba977f860df233d26540a19,v12_c448e8aa44eb860cd6a7,False,False,False,518880,518880,518880,False,False,False,False,15.7770399604314,15.664555123111187,15.664555123111187,0.0,10,10,2414,1.443259710586445,,0
2022-09-15,2022-09-14,3,3d203d9898abc350ca1b9e27e24630fa1a7638a2bba977f860df233d26540a19,v12_c448e8aa44eb860cd6a7,False,False,False,518880,518880,518880,False,False,False,False,15.664555123111187,15.597897441736245,15.597897441736245,0.0,11,11,2414,1.443259710586445,,0
2022-09-16,2022-09-15,3,3d203d9898abc350ca1b9e27e24630fa1a7638a2bba977f860df233d26540a19,v12_c448e8aa44eb860cd6a7,False,False,False,518880,518880,518880,False,False,False,False,15.597897441736245,15.531239760361304,15.531239760361304,0.0,12,12,2414,1.443259710586445,,0
2022-09-19,2022-09-16,3,3d203d9898abc350ca1b9e27e24630fa1a7638a2bba977f860df233d26540a19,v12_c448e8aa44eb860cd6a7,False,False,False,518880,518880,518880,False,False,False,False,15.531239760361304,15.585399126478443,15.585399126478443,0.0,13,13,2414,1.443259710586445,,0
2022-09-20,2022-09-19,3,3d203d9898abc350ca1b9e27e24630fa1a7638a2bba977f860df233d26540a19,v12_c448e8aa44eb860cd6a7,False,False,False,518880,518880,518880,False,False,False,False,15.585399126478443,15.639558492595583,15.639558492595583,0.0,14,14,2414,1.443259710586445,,0
2022-09-21,2022-09-20,3,3d203d9898abc350ca1b9e27e24630fa1a7638a2bba977f860df233d26540a19,v12_c448e8aa44eb860cd6a7,False,False,False,518880,518880,518880,False,False,False,False,15.639558492595583,15.660389018025251,15.660389018025251,0.0,15,15,2414,1.443259710586445,,0
2022-09-22,2022-09-21,3,3d203d9898abc350ca1b9e27e24630fa1a7638a2bba977f860df233d26540a19,v12_c448e8aa44eb860cd6a7,False,False,False,518880,518880,518880,False,False,False,False,15.660389018025251,15.635392387509649,15.635392387509649,0.0,16,16,2414,1.443259710586445,,0
2022-09-23,2022-09-22,3,3d203d9898abc350ca1b9e27e24630fa1a7638a2bba977f860df233d26540a19,v12_c448e8aa44eb860cd6a7,False,False,False,518880,518880,518880,False,False,False,False,15.635392387509649,15.706216173970521,15.706216173970521,0.0,17,17,2414,1.443259710586445,,0
2022-09-26,2022-09-23,3,3d203d9898abc350ca1b9e27e24630fa1a7638a2bba977f860df233d26540a19,v12_c448e8aa44eb860cd6a7,False,False,False,518880,518880,518880,False,False,False,False,15.706216173970521,15.564568601048771,15.564568601048771,0.0,18,18,2414,1.443259710586445,,0
2022-09-27,2022-09-26,3,3d203d9898abc350ca1b9e27e24630fa1a7638a2bba977f860df233d26540a19,v12_c448e8aa44eb860cd6a7,False,False,False,518880,518880,518880,False,False,False,False,15.564568601048771,15.606229651908109,15.606229651908109,0.0,19,19,2414,1.443259710586445,,0
2022-09-28,2022-09-27,3,3d203d9898abc350ca1b9e27e24630fa1a7638a2bba977f860df233d26540a19,v12_c448e8aa44eb860cd6a7,False,False,False,518880,518880,518880,False,False,False,False,15.606229651908109,15.627060177337777,15.627060177337777,0.0,20,20,2414,1.443259710586445,,0
2022-09-29,2022-09-28,3,3d203d9898abc350ca1b9e27e24630fa1a7638a2bba977f860df233d26540a19,v12_c448e8aa44eb860cd6a7,False,False,False,518880,518880,518880,False,False,False,False,15.627060177337777,15.747877224829857,15.747877224829857,0.0,21,21,2414,1.443259710586445,,0
2022-09-30,2022-09-29,3,3d203d9898abc350ca1b9e27e24630fa1a7638a2bba977f860df233d26540a19,v12_c448e8aa44eb860cd6a7,False,False,False,518880,518880,518880,False,False,False,False,15.747877224829857,15.760375540087658,15.760375540087658,0.0,22,22,2414,1.443259710586445,,0
2022-10-10,2022-09-30,3,3d203d9898abc350ca1b9e27e24630fa1a7638a2bba977f860df233d26540a19,v12_c448e8aa44eb860cd6a7,False,False,False,518880,518880,518880,False,False,False,False,15.760375540087658,15.872860377407871,15.872860377407871,0.0,23,23,2414,1.443259710586445,,0
2022-10-11,2022-10-10,3,3d203d9898abc350ca1b9e27e24630fa1a7638a2bba977f860df233d26540a19,v12_c448e8aa44eb860cd6a7,False,False,False,518880,518880,518880,False,False,False,False,15.872860377407871,15.8395315367204,15.8395315367204,0.0,24,24,2414,1.4508758568164526,,0
2022-10-12,2022-10-11,3,3d203d9898abc350ca1b9e27e24630fa1a7638a2bba977f860df233d26540a19,v12_c448e8aa44eb860cd6a7,False,False,False,518880,588080,588080,False,True,True,False,15.8395315367204,15.881192587579738,15.878016349062223,0.0031762385175159477,25,0,2527,0.6576949620427887,,0
2022-10-13,2022-10-12,3,3d203d9898abc350ca1b9e27e24630fa1a7638a2bba977f860df233d26540a19,v12_c448e8aa44eb860cd6a7,False,False,False,588080,588080,588080,False,False,False,False,15.878016349062223,15.911338523981557,15.911338523981557,0.0,1,1,2527,0.6576949620427887,,0
2022-10-14,2022-10-13,3,3d203d9898abc350ca1b9e27e24630fa1a7638a2bba977f860df233d26540a19,v12_c448e8aa44eb860cd6a7,False,False,False,588080,588080,588080,False,False,False,False,15.911338523981557,16.411171147771555,16.411171147771555,0.0,2,2,2527,0.6590752242926161,,0
2022-10-17,2022-10-14,3,3d203d9898abc350ca1b9e27e24630fa1a7638a2bba977f860df233d26540a19,v12_c448e8aa44eb860cd6a7,False,False,False,588080,588080,588080,False,False,False,False,16.411171147771555,16.494476585069886,16.494476585069886,0.0,3,3,2527,0.6797791580400281,,0
2022-10-18,2022-10-17,3,3d203d9898abc350ca1b9e27e24630fa1a7638a2bba977f860df233d26540a19,v12_c448e8aa44eb860cd6a7,False,False,False,588080,588080,588080,False,False,False,False,16.494476585069886,16.461154410150552,16.461154410150552,0.0,4,4,2527,0.6832298136645967,,0
2022-10-19,2022-10-18,3,3d203d9898abc350ca1b9e27e24630fa1a7638a2bba977f860df233d26540a19,v12_c448e8aa44eb860cd6a7,False,False,False,588080,518880,518880,False,False,True,False,16.461154410150552,16.27788244809422,16.274626871604603,0.003255576489618844,5,0,2527,1.4444021325209464,,0
2022-10-20,2022-10-19,3,3d203d9898abc350ca1b9e27e24630fa1a7638a2bba977f860df233d26540a19,v12_c448e8aa44eb860cd6a7,False,False,False,518880,518880,518880,False,False,False,False,16.274626871604603,16.197394263197303,16.197394263197303,0.0,1,1,2527,1.4444021325209464,,0
2022-10-21,2022-10-20,3,3d203d9898abc350ca1b9e27e24630fa1a7638a2bba977f860df233d26540a19,v12_c448e8aa44eb860cd6a7,False,False,False,518880,518880,518880,False,False,False,False,16.197394263197303,16.180231461329015,16.180231461329015,0.0,2,2,2527,1.4444021325209464,,0
2022-10-24,2022-10-21,3,3d203d9898abc350ca1b9e27e24630fa1a7638a2bba977f860df233d26540a19,v12_c448e8aa44eb860cd6a7,False,False,False,518880,518880,518880,False,False,False,False,16.180231461329015,16.39047578421555,16.39047578421555,0.0,3,3,2527,1.4444021325209464,,0
2022-10-25,2022-10-24,3,3d203d9898abc350ca1b9e27e24630fa1a7638a2bba977f860df233d26540a19,v12_c448e8aa44eb860cd6a7,False,False,False,518880,518880,518880,False,False,False,False,16.39047578421555,16.420510687485056,16.420510687485056,0.0,4,4,2527,1.4546839299314567,,0
2022-10-26,2022-10-25,3,3d203d9898abc350ca1b9e27e24630fa1a7638a2bba977f860df233d26540a19,v12_c448e8aa44eb860cd6a7,False,False,False,518880,518880,518880,False,False,False,False,16.420510687485056,16.407638586083838,16.407638586083838,0.0,5,5,2527,1.4573495811119592,,0
2022-10-27,2022-10-26,3,3d203d9898abc350ca1b9e27e24630fa1a7638a2bba977f860df233d26540a19,v12_c448e8aa44eb860cd6a7,False,False,False,518880,518880,518880,False,False,False,False,16.407638586083838,16.377603682814335,16.377603682814335,0.0,6,6,2527,1.4573495811119592,,0
2022-10-28,2022-10-27,3,3d203d9898abc350ca1b9e27e24630fa1a7638a2bba977f860df233d26540a19,v12_c448e8aa44eb860cd6a7,False,False,False,518880,518880,518880,False,False,False,False,16.377603682814335,16.39047578421555,16.39047578421555,0.0,7,7,2527,1.4573495811119592,,0
2022-10-31,2022-10-28,3,3d203d9898abc350ca1b9e27e24630fa1a7638a2bba977f860df233d26540a19,v12_c448e8aa44eb860cd6a7,False,False,False,518880,518880,518880,False,False,False,False,16.39047578421555,16.33469667814361,16.33469667814361,0.0,8,8,2527,1.4573495811119592,,0
2022-11-01,2022-10-31,3,3d203d9898abc350ca1b9e27e24630fa1a7638a2bba977f860df233d26540a19,v12_c448e8aa44eb860cd6a7,False,False,False,518880,518880,518880,False,False,False,False,16.33469667814361,16.34756877954483,16.34756877954483,0.0,9,9,2527,1.4573495811119592,,0
2022-11-02,2022-11-01,3,3d203d9898abc350ca1b9e27e24630fa1a7638a2bba977f860df233d26540a19,v12_c448e8aa44eb860cd6a7,False,False,False,518880,518880,518880,False,False,False,False,16.34756877954483,16.377603682814332,16.377603682814332,0.0,10,10,2527,1.4573495811119592,,0
2022-11-03,2022-11-02,3,3d203d9898abc350ca1b9e27e24630fa1a7638a2bba977f860df233d26540a19,v12_c448e8aa44eb860cd6a7,False,False,False,518880,518880,518880,False,False,False,False,16.377603682814332,16.326115277209464,16.326115277209464,0.0,11,11,2527,1.4573495811119592,,0
2022-11-04,2022-11-03,3,3d203d9898abc350ca1b9e27e24630fa1a7638a2bba977f860df233d26540a19,v12_c448e8aa44eb860cd6a7,False,False,False,518880,518880,518880,False,False,False,False,16.326115277209464,16.32182457674239,16.32182457674239,0.0,12,12,2527,1.4573495811119592,,0
2022-11-07,2022-11-04,3,3d203d9898abc350ca1b9e27e24630fa1a7638a2bba977f860df233d26540a19,v12_c448e8aa44eb860cd6a7,False,False,False,518880,518880,518880,False,False,False,False,16.32182457674239,16.44196418982041,16.44196418982041,0.0,13,13,2527,1.4573495811119592,,0
2022-11-08,2022-11-07,3,3d203d9898abc350ca1b9e27e24630fa1a7638a2bba977f860df233d26540a19,v12_c448e8aa44eb860cd6a7,False,False,False,518880,518880,518880,False,False,False,False,16.44196418982041,16.471999093089916,16.471999093089916,0.0,14,14,2527,1.459253617669461,,0
2022-11-09,2022-11-08,3,3d203d9898abc350ca1b9e27e24630fa1a7638a2bba977f860df233d26540a19,v12_c448e8aa44eb860cd6a7,False,False,False,518880,518880,518880,False,False,False,False,16.471999093089916,16.926813342599562,16.926813342599562,0.0,15,15,2527,1.4619192688499638,,0
2022-11-10,2022-11-09,3,3d203d9898abc350ca1b9e27e24630fa1a7638a2bba977f860df233d26540a19,v12_c448e8aa44eb860cd6a7,False,False,False,518880,518880,518880,False,False,False,False,16.926813342599562,16.84099933325812,16.84099933325812,0.0,16,16,2527,1.5022848438690042,,0
2022-11-11,2022-11-10,3,3d203d9898abc350ca1b9e27e24630fa1a7638a2bba977f860df233d26540a19,v12_c448e8aa44eb860cd6a7,False,False,False,518880,518880,518880,False,False,False,False,16.84099933325812,16.956848245869068,16.956848245869068,0.0,17,17,2527,1.5022848438690042,,0
2022-11-14,2022-11-11,3,3d203d9898abc350ca1b9e27e24630fa1a7638a2bba977f860df233d26540a19,v12_c448e8aa44eb860cd6a7,False,False,False,518880,518880,518880,False,False,False,False,16.956848245869068,16.789510927653257,16.789510927653257,0.0,18,18,2527,1.504950495049507,,0
2022-11-15,2022-11-14,3,3d203d9898abc350ca1b9e27e24630fa1a7638a2bba977f860df233d26540a19,v12_c448e8aa44eb860cd6a7,False,False,False,518880,518880,518880,False,False,False,False,16.789510927653257,16.8753249369947,16.8753249369947,0.0,19,19,2527,1.504950495049507,,0
2022-11-16,2022-11-15,3,3d203d9898abc350ca1b9e27e24630fa1a7638a2bba977f860df233d26540a19,v12_c448e8aa44eb860cd6a7,False,False,False,518880,518880,518880,False,False,False,False,16.8753249369947,16.96542964680322,16.96542964680322,0.0,20,20,2527,1.504950495049507,,0
2022-11-17,2022-11-16,3,3d203d9898abc350ca1b9e27e24630fa1a7638a2bba977f860df233d26540a19,v12_c448e8aa44eb860cd6a7,False,False,False,518880,518880,518880,False,False,False,False,16.96542964680322,16.982592448671507,16.982592448671507,0.0,21,21,2527,1.505712109672508,,0
2022-11-18,2022-11-17,3,3d203d9898abc350ca1b9e27e24630fa1a7638a2bba977f860df233d26540a19,v12_c448e8aa44eb860cd6a7,False,False,False,518880,518880,518880,False,False,False,False,16.982592448671507,16.95684824586907,16.95684824586907,0.0,22,22,2527,1.5072353389185096,,0
2022-11-21,2022-11-18,3,3d203d9898abc350ca1b9e27e24630fa1a7638a2bba977f860df233d26540a19,v12_c448e8aa44eb860cd6a7,False,False,False,518880,518880,518880,False,False,False,False,16.95684824586907,16.888197038395916,16.888197038395916,0.0,23,23,2527,1.5072353389185096,,0
2022-11-22,2022-11-21,3,3d203d9898abc350ca1b9e27e24630fa1a7638a2bba977f860df233d26540a19,v12_c448e8aa44eb860cd6a7,False,False,False,518880,518880,518880,False,False,False,False,16.888197038395916,16.871034236527628,16.871034236527628,0.0,24,24,2527,1.5072353389185096,,0
2022-11-23,2022-11-22,3,3d203d9898abc350ca1b9e27e24630fa1a7638a2bba977f860df233d26540a19,v12_c448e8aa44eb860cd6a7,False,False,False,518880,518880,518880,False,False,False,False,16.871034236527628,16.871034236527628,16.871034236527628,0.0,25,25,2527,1.5072353389185096,,0
2022-11-24,2022-11-23,3,3d203d9898abc350ca1b9e27e24630fa1a7638a2bba977f860df233d26540a19,v12_c448e8aa44eb860cd6a7,False,False,False,518880,518880,518880,False,False,False,False,16.871034236527628,16.93539474353371,16.93539474353371,0.0,26,26,2527,1.5072353389185096,,0
2022-11-25,2022-11-24,3,3d203d9898abc350ca1b9e27e24630fa1a7638a2bba977f860df233d26540a19,v12_c448e8aa44eb860cd6a7,False,False,False,518880,518880,518880,False,False,False,False,16.93539474353371,16.986883149138574,16.986883149138574,0.0,27,27,2527,1.5072353389185096,,0
2022-11-28,2022-11-25,3,3d203d9898abc350ca1b9e27e24630fa1a7638a2bba977f860df233d26540a19,v12_c448e8aa44eb860cd6a7,False,False,False,518880,518880,518880,False,False,False,False,16.986883149138574,16.999755250539792,16.999755250539792,0.0,28,28,2527,1.5076161462300097,,0
2022-11-29,2022-11-28,3,3d203d9898abc350ca1b9e27e24630fa1a7638a2bba977f860df233d26540a19,v12_c448e8aa44eb860cd6a7,False,False,False,518880,518880,518880,False,False,False,False,16.999755250539792,16.952557545401998,16.952557545401998,0.0,29,29,2527,1.5087585681645108,,0
2022-11-30,2022-11-29,3,3d203d9898abc350ca1b9e27e24630fa1a7638a2bba977f860df233d26540a19,v12_c448e8aa44eb860cd6a7,False,False,False,518880,518880,518880,False,False,False,False,16.952557545401998,16.922522642132492,16.922522642132492,0.0,30,30,2527,1.5087585681645108,,0
2022-12-01,2022-11-30,3,3d203d9898abc350ca1b9e27e24630fa1a7638a2bba977f860df233d26540a19,v12_c448e8aa44eb860cd6a7,False,False,False,518880,518880,518880,False,False,False,False,16.922522642132492,16.97401104773736,16.97401104773736,0.0,31,31,2527,1.5087585681645108,,0
2022-12-02,2022-12-01,3,3d203d9898abc350ca1b9e27e24630fa1a7638a2bba977f860df233d26540a19,v12_c448e8aa44eb860cd6a7,False,False,False,518880,518880,518880,False,False,False,False,16.97401104773736,17.07269715848002,17.07269715848002,0.0,32,32,2527,1.5087585681645108,,0
2022-12-05,2022-12-02,3,3d203d9898abc350ca1b9e27e24630fa1a7638a2bba977f860df233d26540a19,v12_c448e8aa44eb860cd6a7,False,False,False,518880,518880,518880,False,False,False,False,17.07269715848002,16.905359840264204,16.905359840264204,0.0,33,33,2527,1.5152322924600174,,0
2022-12-06,2022-12-05,3,3d203d9898abc350ca1b9e27e24630fa1a7638a2bba977f860df233d26540a19,v12_c448e8aa44eb860cd6a7,False,False,False,518880,518880,518880,False,False,False,False,16.905359840264204,16.725150420647175,16.725150420647175,0.0,34,34,2527,1.5152322924600174,,0
2022-12-07,2022-12-06,3,3d203d9898abc350ca1b9e27e24630fa1a7638a2bba977f860df233d26540a19,v12_c448e8aa44eb860cd6a7,False,False,False,518880,518880,518880,False,False,False,False,16.725150420647175,16.725150420647175,16.725150420647175,0.0,35,35,2527,1.5152322924600174,,0
2022-12-08,2022-12-07,3,3d203d9898abc350ca1b9e27e24630fa1a7638a2bba977f860df233d26540a19,v12_c448e8aa44eb860cd6a7,False,False,False,518880,513100,513100,False,False,True,False,16.725150420647175,16.77663882625204,16.77328349848679,0.003355327765250408,36,0,2527,4.17251755265797,,0
2022-12-09,2022-12-08,3,3d203d9898abc350ca1b9e27e24630fa1a7638a2bba977f860df233d26540a19,v12_c448e8aa44eb860cd6a7,False,False,False,513100,513100,513100,False,False,False,False,16.77328349848679,16.793443694999397,16.793443694999397,0.0,1,1,2527,4.17251755265797,,0
2022-12-12,2022-12-09,3,3d203d9898abc350ca1b9e27e24630fa1a7638a2bba977f860df233d26540a19,v12_c448e8aa44eb860cd6a7,False,False,False,513100,518880,518880,False,False,True,False,16.793443694999397,16.632162122898563,16.628835690473984,0.003326432424579713,2,0,2527,1.493145468392995,,0
2022-12-13,2022-12-12,3,3d203d9898abc350ca1b9e27e24630fa1a7638a2bba977f860df233d26540a19,v12_c448e8aa44eb860cd6a7,False,False,False,518880,518880,518880,False,False,False,False,16.628835690473984,16.641558594598294,16.641558594598294,0.0,1,1,2527,1.493145468392995,,0
2022-12-14,2022-12-13,3,3d203d9898abc350ca1b9e27e24630fa1a7638a2bba977f860df233d26540a19,v12_c448e8aa44eb860cd6a7,False,False,False,518880,518880,518880,False,False,False,False,16.641558594598294,16.806956348214335,16.806956348214335,0.0,2,2,2527,1.494287890327496,,0
2022-12-15,2022-12-14,3,3d203d9898abc350ca1b9e27e24630fa1a7638a2bba977f860df233d26540a19,v12_c448e8aa44eb860cd6a7,False,False,False,518880,518880,518880,False,False,False,False,16.806956348214335,16.679727306971227,16.679727306971227,0.0,3,3,2527,1.5091393754760112,,0
2022-12-16,2022-12-15,3,3d203d9898abc350ca1b9e27e24630fa1a7638a2bba977f860df233d26540a19,v12_c448e8aa44eb860cd6a7,False,False,False,518880,518880,518880,False,False,False,False,16.679727306971227,16.603389882225365,16.603389882225365,0.0,4,4,2527,1.5091393754760112,,0
2022-12-19,2022-12-16,3,3d203d9898abc350ca1b9e27e24630fa1a7638a2bba977f860df233d26540a19,v12_c448e8aa44eb860cd6a7,False,False,False,518880,518880,518880,False,False,False,False,16.603389882225365,16.71789601934416,16.71789601934416,0.0,5,5,2527,1.5091393754760112,,0
2022-12-20,2022-12-19,3,3d203d9898abc350ca1b9e27e24630fa1a7638a2bba977f860df233d26540a19,v12_c448e8aa44eb860cd6a7,False,False,False,518880,518880,518880,False,False,False,False,16.71789601934416,16.722136987385593,16.722136987385593,0.0,6,6,2527,1.5091393754760112,,0
2022-12-21,2022-12-20,3,3d203d9898abc350ca1b9e27e24630fa1a7638a2bba977f860df233d26540a19,v12_c448e8aa44eb860cd6a7,False,False,False,518880,518880,518880,False,False,False,False,16.722136987385593,16.883293772960194,16.883293772960194,0.0,7,7,2527,1.5091393754760112,,0
2022-12-22,2022-12-21,3,3d203d9898abc350ca1b9e27e24630fa1a7638a2bba977f860df233d26540a19,v12_c448e8aa44eb860cd6a7,False,False,False,518880,518880,518880,False,False,False,False,16.883293772960194,16.883293772960194,16.883293772960194,0.0,8,8,2527,1.5159939070830175,,0
2022-12-23,2022-12-22,3,3d203d9898abc350ca1b9e27e24630fa1a7638a2bba977f860df233d26540a19,v12_c448e8aa44eb860cd6a7,False,False,False,518880,518880,518880,False,False,False,False,16.883293772960194,16.74334182759278,16.74334182759278,0.0,9,9,2527,1.5159939070830175,,0
2022-12-26,2022-12-23,3,3d203d9898abc350ca1b9e27e24630fa1a7638a2bba977f860df233d26540a19,v12_c448e8aa44eb860cd6a7,False,False,False,518880,518880,518880,False,False,False,False,16.74334182759278,16.764546667799962,16.764546667799962,0.0,10,10,2527,1.5159939070830175,,0
2022-12-27,2022-12-26,3,3d203d9898abc350ca1b9e27e24630fa1a7638a2bba977f860df233d26540a19,v12_c448e8aa44eb860cd6a7,False,False,False,518880,518880,518880,False,False,False,False,16.764546667799962,16.80695634821433,16.80695634821433,0.0,11,11,2527,1.5159939070830175,,0
2022-12-28,2022-12-27,3,3d203d9898abc350ca1b9e27e24630fa1a7638a2bba977f860df233d26540a19,v12_c448e8aa44eb860cd6a7,False,False,False,518880,518880,518880,False,False,False,False,16.80695634821433,16.81967925233864,16.81967925233864,0.0,12,12,2527,1.5159939070830175,,0
2022-12-29,2022-12-28,3,3d203d9898abc350ca1b9e27e24630fa1a7638a2bba977f860df233d26540a19,v12_c448e8aa44eb860cd6a7,False,False,False,518880,518880,518880,False,False,False,False,16.81967925233864,16.79423344409002,16.79423344409002,0.0,13,13,2527,1.5159939070830175,,0
2022-12-30,2022-12-29,3,3d203d9898abc350ca1b9e27e24630fa1a7638a2bba977f860df233d26540a19,v12_c448e8aa44eb860cd6a7,False,False,False,518880,518880,518880,False,False,False,False,16.79423344409002,16.90449861316738,16.90449861316738,0.0,14,14,2527,1.5159939070830175,,0
2023-01-03,2022-12-30,3,3d203d9898abc350ca1b9e27e24630fa1a7638a2bba977f860df233d26540a19,v12_c448e8aa44eb860cd6a7,False,False,False,518880,518880,518880,False,False,False,False,16.90449861316738,16.908739581208817,16.908739581208817,0.0,15,15,2527,1.5178979436405196,,0
2023-01-04,2023-01-03,3,3d203d9898abc350ca1b9e27e24630fa1a7638a2bba977f860df233d26540a19,v12_c448e8aa44eb860cd6a7,False,False,False,518880,518880,518880,False,False,False,False,16.908739581208817,16.97235410183037,16.97235410183037,0.0,16,16,2527,1.51827875095202,,0
2023-01-05,2023-01-04,3,3d203d9898abc350ca1b9e27e24630fa1a7638a2bba977f860df233d26540a19,v12_c448e8aa44eb860cd6a7,False,False,False,518880,518880,518880,False,False,False,False,16.97235410183037,16.968113133788933,16.968113133788933,0.0,17,17,2527,1.5239908606245256,,0
2023-01-06,2023-01-05,3,3d203d9898abc350ca1b9e27e24630fa1a7638a2bba977f860df233d26540a19,v12_c448e8aa44eb860cd6a7,False,False,False,518880,518880,518880,False,False,False,False,16.968113133788933,16.84512506058726,16.84512506058726,0.0,18,18,2527,1.5239908606245256,,0
2023-01-09,2023-01-06,3,3d203d9898abc350ca1b9e27e24630fa1a7638a2bba977f860df233d26540a19,v12_c448e8aa44eb860cd6a7,False,False,False,518880,518880,518880,False,False,False,False,16.84512506058726,17.027486686369045,17.027486686369045,0.0,19,19,2527,1.5239908606245256,,0
2023-01-10,2023-01-09,3,3d203d9898abc350ca1b9e27e24630fa1a7638a2bba977f860df233d26540a19,v12_c448e8aa44eb860cd6a7,False,False,False,518880,518880,518880,False,False,False,False,17.027486686369045,17.01900475028617,17.01900475028617,0.0,20,20,2527,1.5289413556740303,,0
2023-01-11,2023-01-10,3,3d203d9898abc350ca1b9e27e24630fa1a7638a2bba977f860df233d26540a19,v12_c448e8aa44eb860cd6a7,False,False,False,518880,518880,518880,False,False,False,False,17.01900475028617,17.069896366783414,17.069896366783414,0.0,21,21,2527,1.5289413556740303,,0
2023-01-12,2023-01-11,3,3d203d9898abc350ca1b9e27e24630fa1a7638a2bba977f860df233d26540a19,v12_c448e8aa44eb860cd6a7,False,False,False,518880,518880,518880,False,False,False,False,17.069896366783414,17.04445055853479,17.04445055853479,0.0,22,22,2527,1.5327494287890342,,0
2023-01-13,2023-01-12,3,3d203d9898abc350ca1b9e27e24630fa1a7638a2bba977f860df233d26540a19,v12_c448e8aa44eb860cd6a7,False,False,False,518880,518880,518880,False,False,False,False,17.04445055853479,17.078378302866284,17.078378302866284,0.0,23,23,2527,1.5327494287890342,,0
2023-01-16,2023-01-13,3,3d203d9898abc350ca1b9e27e24630fa1a7638a2bba977f860df233d26540a19,v12_c448e8aa44eb860cd6a7,False,False,False,518880,518880,518880,False,False,False,False,17.078378302866284,17.175920567819333,17.175920567819333,0.0,24,24,2527,1.5335110434120347,,0
2023-01-17,2023-01-16,3,3d203d9898abc350ca1b9e27e24630fa1a7638a2bba977f860df233d26540a19,v12_c448e8aa44eb860cd6a7,False,False,False,518880,518880,518880,False,False,False,False,17.175920567819333,17.24377605648232,17.24377605648232,0.0,25,25,2527,1.5422696115765433,,0
2023-01-18,2023-01-17,3,3d203d9898abc350ca1b9e27e24630fa1a7638a2bba977f860df233d26540a19,v12_c448e8aa44eb860cd6a7,False,False,False,518880,510300,510300,False,False,True,False,17.24377605648232,17.201366376067952,17.19792610279274,0.0034402732752135904,26,0,2527,1.8740226637127138,,0
2023-01-19,2023-01-18,3,3d203d9898abc350ca1b9e27e24630fa1a7638a2bba977f860df233d26540a19,v12_c448e8aa44eb860cd6a7,False,False,False,510300,510300,510300,False,False,False,False,17.19792610279274,17.314522211964217,17.314522211964217,0.0,1,1,2527,1.8740226637127138,,0
2023-01-20,2023-01-19,3,3d203d9898abc350ca1b9e27e24630fa1a7638a2bba977f860df233d26540a19,v12_c448e8aa44eb860cd6a7,False,False,False,510300,510300,510300,False,False,False,False,17.314522211964217,17.41029758735507,17.41029758735507,0.0,2,2,2527,1.8867279021107664,,0
2023-01-30,2023-01-20,3,3d203d9898abc350ca1b9e27e24630fa1a7638a2bba977f860df233d26540a19,v12_c448e8aa44eb860cd6a7,False,False,False,510300,510300,510300,False,False,False,False,17.41029758735507,17.51023710950205,17.51023710950205,0.0,3,3,2527,1.8971643479377378,,0
2023-01-31,2023-01-30,3,3d203d9898abc350ca1b9e27e24630fa1a7638a2bba977f860df233d26540a19,v12_c448e8aa44eb860cd6a7,False,False,False,510300,510300,510300,False,False,False,False,17.51023710950205,17.31868635872034,17.31868635872034,0.0,4,4,2527,1.9080545522789254,,0
2023-02-01,2023-01-31,3,3d203d9898abc350ca1b9e27e24630fa1a7638a2bba977f860df233d26540a19,v12_c448e8aa44eb860cd6a7,False,False,False,510300,510300,510300,False,False,False,False,17.31868635872034,17.44777490816019,17.44777490816019,0.0,5,5,2527,1.9080545522789254,,0
2023-02-02,2023-02-01,3,3d203d9898abc350ca1b9e27e24630fa1a7638a2bba977f860df233d26540a19,v12_c448e8aa44eb860cd6a7,False,False,False,510300,510300,510300,False,False,False,False,17.44777490816019,17.406133440598946,17.406133440598946,0.0,6,6,2527,1.9080545522789254,,0
2023-02-03,2023-02-02,3,3d203d9898abc350ca1b9e27e24630fa1a7638a2bba977f860df233d26540a19,v12_c448e8aa44eb860cd6a7,False,False,False,510300,510300,510300,False,False,False,False,17.406133440598946,17.22707513008561,17.22707513008561,0.0,7,7,2527,1.9080545522789254,,0
2023-02-06,2023-02-03,3,3d203d9898abc350ca1b9e27e24630fa1a7638a2bba977f860df233d26540a19,v12_c448e8aa44eb860cd6a7,False,False,False,510300,510300,510300,False,False,False,False,17.22707513008561,16.989718764986534,16.989718764986534,0.0,8,8,2527,1.9080545522789254,,0
2023-02-07,2023-02-06,3,3d203d9898abc350ca1b9e27e24630fa1a7638a2bba977f860df233d26540a19,v12_c448e8aa44eb860cd6a7,False,False,False,510300,510500,510500,False,False,True,False,16.989718764986534,17.031360232547776,17.027953960501268,0.0034062720465095554,9,0,2527,2.0956344724539853,,0
2023-02-08,2023-02-07,3,3d203d9898abc350ca1b9e27e24630fa1a7638a2bba977f860df233d26540a19,v12_c448e8aa44eb860cd6a7,False,False,False,510500,510500,510500,False,False,False,False,17.027953960501268,16.904231660361788,16.904231660361788,0.0,1,1,2527,2.0956344724539853,,0
2023-02-09,2023-02-08,3,3d203d9898abc350ca1b9e27e24630fa1a7638a2bba977f860df233d26540a19,v12_c448e8aa44eb860cd6a7,False,False,False,510500,510500,510500,False,False,False,False,16.904231660361788,17.148986645420326,17.148986645420326,0.0,2,2,2527,2.0956344724539853,,0
2023-02-10,2023-02-09,3,3d203d9898abc350ca1b9e27e24630fa1a7638a2bba977f860df233d26540a19,v12_c448e8aa44eb860cd6a7,False,False,False,510500,510500,510500,False,False,False,False,17.148986645420326,17.09519434101185,17.09519434101185,0.0,3,3,2527,2.110529994687507,,0
2023-02-13,2023-02-10,3,3d203d9898abc350ca1b9e27e24630fa1a7638a2bba977f860df233d26540a19,v12_c448e8aa44eb860cd6a7,False,False,False,510500,510500,510500,False,False,False,False,17.09519434101185,17.197399719387946,17.197399719387946,0.0,4,4,2527,2.110529994687507,,0
2023-02-14,2023-02-13,3,3d203d9898abc350ca1b9e27e24630fa1a7638a2bba977f860df233d26540a19,v12_c448e8aa44eb860cd6a7,False,False,False,510500,510500,510500,False,False,False,False,17.197399719387946,17.243123178135143,17.243123178135143,0.0,5,5,2527,2.1164882035809156,,0
2023-02-15,2023-02-14,3,3d203d9898abc350ca1b9e27e24630fa1a7638a2bba977f860df233d26540a19,v12_c448e8aa44eb860cd6a7,False,False,False,510500,510500,510500,False,False,False,False,17.243123178135143,17.21084779549006,17.21084779549006,0.0,6,6,2527,2.1221154008691347,,0
2023-02-16,2023-02-15,3,3d203d9898abc350ca1b9e27e24630fa1a7638a2bba977f860df233d26540a19,v12_c448e8aa44eb860cd6a7,False,False,False,510500,510500,510500,False,False,False,False,17.21084779549006,16.982230501754064,16.982230501754064,0.0,7,7,2527,2.1221154008691347,,0
2023-02-17,2023-02-16,3,3d203d9898abc350ca1b9e27e24630fa1a7638a2bba977f860df233d26540a19,v12_c448e8aa44eb860cd6a7,False,False,False,510500,510500,510500,False,False,False,False,16.982230501754064,16.836991279851194,16.836991279851194,0.0,8,8,2527,2.1221154008691347,,0
2023-02-20,2023-02-17,3,3d203d9898abc350ca1b9e27e24630fa1a7638a2bba977f860df233d26540a19,v12_c448e8aa44eb860cd6a7,False,False,False,510500,510500,510500,False,False,False,False,16.836991279851194,17.1005735714527,17.1005735714527,0.0,9,9,2527,2.1221154008691347,,0
2023-02-21,2023-02-20,3,3d203d9898abc350ca1b9e27e24630fa1a7638a2bba977f860df233d26540a19,v12_c448e8aa44eb860cd6a7,False,False,False,510500,510500,510500,False,False,False,False,17.1005735714527,17.200089334608368,17.200089334608368,0.0,10,10,2527,2.1221154008691347,,0
2023-02-22,2023-02-21,3,3d203d9898abc350ca1b9e27e24630fa1a7638a2bba977f860df233d26540a19,v12_c448e8aa44eb860cd6a7,False,False,False,510500,510500,510500,False,False,False,False,17.200089334608368,17.183951643285827,17.183951643285827,0.0,11,11,2527,2.1221154008691347,,0
2023-02-23,2023-02-22,3,3d203d9898abc350ca1b9e27e24630fa1a7638a2bba977f860df233d26540a19,v12_c448e8aa44eb860cd6a7,False,False,False,510500,510500,510500,False,False,False,False,17.183951643285827,17.15436587586117,17.15436587586117,0.0,12,12,2527,2.1221154008691347,,0
2023-02-24,2023-02-23,3,3d203d9898abc350ca1b9e27e24630fa1a7638a2bba977f860df233d26540a19,v12_c448e8aa44eb860cd6a7,False,False,False,510500,512890,512890,False,False,True,False,17.15436587586117,17.11671126277524,17.113287920522687,0.0034233422525550483,13,0,2527,1.7447657028913288,,0
2023-02-27,2023-02-24,3,3d203d9898abc350ca1b9e27e24630fa1a7638a2bba977f860df233d26540a19,v12_c448e8aa44eb860cd6a7,False,False,False,512890,512890,512890,False,False,False,False,17.113287920522687,17.035055747171725,17.035055747171725,0.0,1,1,2527,1.7447657028913288,,0
2023-02-28,2023-02-27,3,3d203d9898abc350ca1b9e27e24630fa1a7638a2bba977f860df233d26540a19,v12_c448e8aa44eb860cd6a7,False,False,False,512890,512890,512890,False,False,False,False,17.035055747171725,17.113287920522684,17.113287920522684,0.0,2,2,2527,1.7447657028913288,,0
2023-03-01,2023-02-28,3,3d203d9898abc350ca1b9e27e24630fa1a7638a2bba977f860df233d26540a19,v12_c448e8aa44eb860cd6a7,False,False,False,512890,512890,512890,False,False,False,False,17.113287920522684,17.211078137211384,17.211078137211384,0.0,3,3,2527,1.7447657028913288,,0
2023-03-02,2023-03-01,3,3d203d9898abc350ca1b9e27e24630fa1a7638a2bba977f860df233d26540a19,v12_c448e8aa44eb860cd6a7,False,False,False,512890,512890,512890,False,False,False,False,17.211078137211384,17.367542483913304,17.367542483913304,0.0,4,4,2527,1.7547357926221365,,0
2023-03-03,2023-03-02,3,3d203d9898abc350ca1b9e27e24630fa1a7638a2bba977f860df233d26540a19,v12_c448e8aa44eb860cd6a7,False,False,False,512890,512890,512890,False,False,False,False,17.367542483913304,17.504448787277486,17.504448787277486,0.0,5,5,2527,1.7706879361914285,,0
2023-03-06,2023-03-03,3,3d203d9898abc350ca1b9e27e24630fa1a7638a2bba977f860df233d26540a19,v12_c448e8aa44eb860cd6a7,False,False,False,512890,512890,512890,False,False,False,False,17.504448787277486,17.504448787277486,17.504448787277486,0.0,6,6,2527,1.7846460618145592,,0
2023-03-07,2023-03-06,3,3d203d9898abc350ca1b9e27e24630fa1a7638a2bba977f860df233d26540a19,v12_c448e8aa44eb860cd6a7,False,False,False,512890,512890,512890,False,False,False,False,17.504448787277486,17.445774657264263,17.445774657264263,0.0,7,7,2527,1.7846460618145592,,0
2023-03-08,2023-03-07,3,3d203d9898abc350ca1b9e27e24630fa1a7638a2bba977f860df233d26540a19,v12_c448e8aa44eb860cd6a7,False,False,False,512890,512890,512890,False,False,False,False,17.445774657264263,17.40665857058878,17.40665857058878,0.0,8,8,2527,1.7846460618145592,,0
2023-03-09,2023-03-08,3,3d203d9898abc350ca1b9e27e24630fa1a7638a2bba977f860df233d26540a19,v12_c448e8aa44eb860cd6a7,False,False,False,512890,512890,512890,False,False,False,False,17.40665857058878,17.387100527251043,17.387100527251043,0.0,9,9,2527,1.7846460618145592,,0
2023-03-10,2023-03-09,3,3d203d9898abc350ca1b9e27e24630fa1a7638a2bba977f860df233d26540a19,v12_c448e8aa44eb860cd6a7,False,False,False,512890,518880,518880,False,False,True,False,17.387100527251043,17.035055747171718,17.031648736022284,0.003407011149434344,10,0,2527,1.5464584920030475,,0
2023-03-13,2023-03-10,3,3d203d9898abc350ca1b9e27e24630fa1a7638a2bba977f860df233d26540a19,v12_c448e8aa44eb860cd6a7,False,False,False,518880,518880,518880,False,False,False,False,17.031648736022284,17.149079458654302,17.149079458654302,0.0,1,1,2527,1.5464584920030475,,0
2023-03-14,2023-03-13,3,3d203d9898abc350ca1b9e27e24630fa1a7638a2bba977f860df233d26540a19,v12_c448e8aa44eb860cd6a7,False,False,False,518880,518880,518880,False,False,False,False,17.149079458654302,17.371359040779193,17.371359040779193,0.0,2,2,2527,1.5571210967250584,,0
2023-03-15,2023-03-14,3,3d203d9898abc350ca1b9e27e24630fa1a7638a2bba977f860df233d26540a19,v12_c448e8aa44eb860cd6a7,False,False,False,518880,518880,518880,False,False,False,False,17.371359040779193,17.35877717764005,17.35877717764005,0.0,3,3,2527,1.5773038842345786,,0
2023-03-16,2023-03-15,3,3d203d9898abc350ca1b9e27e24630fa1a7638a2bba977f860df233d26540a19,v12_c448e8aa44eb860cd6a7,False,False,False,518880,518880,518880,False,False,False,False,17.35877717764005,17.50556558093007,17.50556558093007,0.0,4,4,2527,1.5773038842345786,,0
2023-03-17,2023-03-16,3,3d203d9898abc350ca1b9e27e24630fa1a7638a2bba977f860df233d26540a19,v12_c448e8aa44eb860cd6a7,False,False,False,518880,518880,518880,False,False,False,False,17.50556558093007,17.606220486043227,17.606220486043227,0.0,5,5,2527,1.5894897182025907,,0
2023-03-20,2023-03-17,3,3d203d9898abc350ca1b9e27e24630fa1a7638a2bba977f860df233d26540a19,v12_c448e8aa44eb860cd6a7,False,False,False,518880,518880,518880,False,False,False,False,17.606220486043227,18.14724060102645,18.14724060102645,0.0,6,6,2527,1.5986290936785998,,0
2023-03-21,2023-03-20,3,3d203d9898abc350ca1b9e27e24630fa1a7638a2bba977f860df233d26540a19,v12_c448e8aa44eb860cd6a7,False,False,False,518880,518880,518880,False,False,False,False,18.14724060102645,17.975288471458136,17.975288471458136,0.0,7,7,2527,1.6477532368621488,,0
2023-03-22,2023-03-21,3,3d203d9898abc350ca1b9e27e24630fa1a7638a2bba977f860df233d26540a19,v12_c448e8aa44eb860cd6a7,False,False,False,518880,518880,518880,False,False,False,False,17.975288471458136,17.7110693455361,17.7110693455361,0.0,8,8,2527,1.6477532368621488,,0
2023-03-23,2023-03-22,3,3d203d9898abc350ca1b9e27e24630fa1a7638a2bba977f860df233d26540a19,v12_c448e8aa44eb860cd6a7,False,False,False,518880,518880,518880,False,False,False,False,17.7110693455361,17.836887976927546,17.836887976927546,0.0,9,9,2527,1.6477532368621488,,0
2023-03-24,2023-03-23,3,3d203d9898abc350ca1b9e27e24630fa1a7638a2bba977f860df233d26540a19,v12_c448e8aa44eb860cd6a7,False,False,False,518880,518880,518880,False,False,False,False,17.836887976927546,17.929154973281275,17.929154973281275,0.0,10,10,2527,1.6477532368621488,,0
2023-03-27,2023-03-24,3,3d203d9898abc350ca1b9e27e24630fa1a7638a2bba977f860df233d26540a19,v12_c448e8aa44eb860cd6a7,False,False,False,518880,518880,518880,False,False,False,False,17.929154973281275,17.807530296269544,17.807530296269544,0.0,11,11,2527,1.6477532368621488,,0
2023-03-28,2023-03-27,3,3d203d9898abc350ca1b9e27e24630fa1a7638a2bba977f860df233d26540a19,v12_c448e8aa44eb860cd6a7,False,False,False,518880,518880,518880,False,False,False,False,17.807530296269544,17.719457254295527,17.719457254295527,0.0,12,12,2527,1.6477532368621488,,0
2023-03-29,2023-03-28,3,3d203d9898abc350ca1b9e27e24630fa1a7638a2bba977f860df233d26540a19,v12_c448e8aa44eb860cd6a7,False,False,False,518880,518880,518880,False,False,False,False,17.719457254295527,17.782366569991254,17.782366569991254,0.0,13,13,2527,1.6477532368621488,,0
2023-03-30,2023-03-29,3,3d203d9898abc350ca1b9e27e24630fa1a7638a2bba977f860df233d26540a19,v12_c448e8aa44eb860cd6a7,False,False,False,518880,518880,518880,False,False,False,False,17.782366569991254,17.815918205028975,17.815918205028975,0.0,14,14,2527,1.6477532368621488,,0
2023-03-31,2023-03-30,3,3d203d9898abc350ca1b9e27e24630fa1a7638a2bba977f860df233d26540a19,v12_c448e8aa44eb860cd6a7,False,False,False,518880,588080,588080,False,False,True,False,17.815918205028975,17.954318699559565,17.950727835819652,0.003590863739911913,15,0,2527,0.7619047619047626,,0
2023-04-03,2023-03-31,3,3d203d9898abc350ca1b9e27e24630fa1a7638a2bba977f860df233d26540a19,v12_c448e8aa44eb860cd6a7,False,False,False,588080,588080,588080,False,False,False,False,17.950727835819652,18.666155394493618,18.666155394493618,0.0,1,1,2527,0.7619047619047626,,0
2023-04-04,2023-04-03,3,3d203d9898abc350ca1b9e27e24630fa1a7638a2bba977f860df233d26540a19,v12_c448e8aa44eb860cd6a7,False,False,False,588080,588080,588080,False,False,False,False,18.666155394493618,18.6986748289788,18.6986748289788,0.0,2,2,2527,0.7922705314009667,,0
2023-04-06,2023-04-04,3,3d203d9898abc350ca1b9e27e24630fa1a7638a2bba977f860df233d26540a19,v12_c448e8aa44eb860cd6a7,False,False,False,588080,588080,588080,False,False,False,False,18.6986748289788,19.0401288910732,19.0401288910732,0.0,3,3,2527,0.7936507936507943,,0
2023-04-07,2023-04-06,3,3d203d9898abc350ca1b9e27e24630fa1a7638a2bba977f860df233d26540a19,v12_c448e8aa44eb860cd6a7,False,False,False,588080,588080,588080,False,False,False,False,19.0401288910732,19.267764932469465,19.267764932469465,0.0,4,4,2527,0.8081435472739829,,0
2023-04-10,2023-04-07,3,3d203d9898abc350ca1b9e27e24630fa1a7638a2bba977f860df233d26540a19,v12_c448e8aa44eb860cd6a7,False,False,False,588080,588080,588080,False,False,False,False,19.267764932469465,18.714934546221397,18.714934546221397,0.0,5,5,2527,0.8178053830227753,,0
2023-04-11,2023-04-10,3,3d203d9898abc350ca1b9e27e24630fa1a7638a2bba977f860df233d26540a19,v12_c448e8aa44eb860cd6a7,False,False,False,588080,510500,510500,True,False,True,False,18.714934546221397,18.601116525523263,18.597396302218158,0.003720223305104653,6,0,2527,2.128735632972923,,0
2023-04-12,2023-04-11,3,3d203d9898abc350ca1b9e27e24630fa1a7638a2bba977f860df233d26540a19,v12_c448e8aa44eb860cd6a7,False,False,False,510500,510500,510500,False,False,False,False,18.597396302218158,18.661016690750085,18.661016690750085,0.0,1,1,2527,2.128735632972923,,0
2023-04-13,2023-04-12,3,3d203d9898abc350ca1b9e27e24630fa1a7638a2bba977f860df233d26540a19,v12_c448e8aa44eb860cd6a7,False,False,False,510500,510500,510500,False,False,False,False,18.661016690750085,18.580045287164,18.580045287164,0.0,2,2,2527,2.1360178882870895,,0
2023-04-14,2023-04-13,3,3d203d9898abc350ca1b9e27e24630fa1a7638a2bba977f860df233d26540a19,v12_c448e8aa44eb860cd6a7,False,False,False,510500,510500,510500,False,False,False,False,18.580045287164,18.623422824799402,18.623422824799402,0.0,3,3,2527,2.1360178882870895,,0
2023-04-17,2023-04-14,3,3d203d9898abc350ca1b9e27e24630fa1a7638a2bba977f860df233d26540a19,v12_c448e8aa44eb860cd6a7,False,False,False,510500,510500,510500,False,False,False,False,18.623422824799402,18.715961571754928,18.715961571754928,0.0,4,4,2527,2.1360178882870895,,0
2023-04-18,2023-04-17,3,3d203d9898abc350ca1b9e27e24630fa1a7638a2bba977f860df233d26540a19,v12_c448e8aa44eb860cd6a7,False,False,False,510500,512400,512400,False,False,True,False,18.715961571754928,18.678367705804245,18.674632032263084,0.0037356735411608493,5,0,2527,1.1650579150579234,,0
2023-04-19,2023-04-18,3,3d203d9898abc350ca1b9e27e24630fa1a7638a2bba977f860df233d26540a19,v12_c448e8aa44eb860cd6a7,False,False,False,512400,512400,512400,False,False,False,False,18.674632032263084,18.597272330389583,18.597272330389583,0.0,1,1,2527,1.1650579150579234,,0
2023-04-20,2023-04-19,3,3d203d9898abc350ca1b9e27e24630fa1a7638a2bba977f860df233d26540a19,v12_c448e8aa44eb860cd6a7,False,False,False,512400,512400,512400,False,False,False,False,18.597272330389583,18.195001880647382,18.195001880647382,0.0,2,2,2527,1.1650579150579234,,0
2023-04-21,2023-04-20,3,3d203d9898abc350ca1b9e27e24630fa1a7638a2bba977f860df233d26540a19,v12_c448e8aa44eb860cd6a7,False,False,False,512400,512890,512890,True,False,True,False,18.195001880647382,17.83914725202928,17.835579422578878,0.0035678294504058565,3,0,2527,1.8504486540378893,,0
2023-04-24,2023-04-21,3,3d203d9898abc350ca1b9e27e24630fa1a7638a2bba977f860df233d26540a19,v12_c448e8aa44eb860cd6a7,False,False,False,512890,512890,512890,False,False,False,False,17.835579422578878,17.874018171334438,17.874018171334438,0.0,1,1,2527,1.8504486540378893,,0
2023-04-25,2023-04-24,3,3d203d9898abc350ca1b9e27e24630fa1a7638a2bba977f860df233d26540a19,v12_c448e8aa44eb860cd6a7,False,False,False,512890,512890,512890,False,False,False,False,17.874018171334438,17.98933441760111,17.98933441760111,0.0,2,2,2527,1.8544366899302125,,0
2023-04-26,2023-04-25,3,3d203d9898abc350ca1b9e27e24630fa1a7638a2bba977f860df233d26540a19,v12_c448e8aa44eb860cd6a7,False,False,False,512890,513100,513100,False,False,True,False,17.98933441760111,18.027773166356667,18.024167611723396,0.0036055546332713338,3,0,2527,4.533600802407219,,0
2023-04-27,2023-04-26,3,3d203d9898abc350ca1b9e27e24630fa1a7638a2bba977f860df233d26540a19,v12_c448e8aa44eb860cd6a7,False,False,False,513100,513100,513100,False,False,False,False,18.024167611723396,18.04410585023194,18.04410585023194,0.0,1,1,2527,4.533600802407219,,0
2023-04-28,2023-04-27,3,3d203d9898abc350ca1b9e27e24630fa1a7638a2bba977f860df233d26540a19,v12_c448e8aa44eb860cd6a7,False,False,False,513100,513100,513100,False,False,False,False,18.04410585023194,18.402994143385726,18.402994143385726,0.0,2,2,2527,4.5386158475426255,,0
2023-05-04,2023-04-28,3,3d203d9898abc350ca1b9e27e24630fa1a7638a2bba977f860df233d26540a19,v12_c448e8aa44eb860cd6a7,False,False,False,513100,512890,512890,False,False,True,False,18.402994143385726,18.30330295084301,18.29964229025284,0.003660660590168602,3,0,2527,1.9720837487537417,,0
2023-05-05,2023-05-04,3,3d203d9898abc350ca1b9e27e24630fa1a7638a2bba977f860df233d26540a19,v12_c448e8aa44eb860cd6a7,False,False,False,512890,512890,512890,False,False,False,False,18.29964229025284,18.207126404053383,18.207126404053383,0.0,1,1,2527,1.9720837487537417,,0
2023-05-08,2023-05-05,3,3d203d9898abc350ca1b9e27e24630fa1a7638a2bba977f860df233d26540a19,v12_c448e8aa44eb860cd6a7,False,False,False,512890,512890,512890,False,False,False,False,18.207126404053383,18.706712189530457,18.706712189530457,0.0,2,2,2527,1.9720837487537417,,0
2023-05-09,2023-05-08,3,3d203d9898abc350ca1b9e27e24630fa1a7638a2bba977f860df233d26540a19,v12_c448e8aa44eb860cd6a7,False,False,False,512890,512890,512890,False,False,False,False,18.706712189530457,18.466170885411866,18.466170885411866,0.0,3,3,2527,2.0159521435692946,,0
2023-05-10,2023-05-09,3,3d203d9898abc350ca1b9e27e24630fa1a7638a2bba977f860df233d26540a19,v12_c448e8aa44eb860cd6a7,False,False,False,512890,512890,512890,False,False,False,False,18.466170885411866,18.003591454414575,18.003591454414575,0.0,4,4,2527,2.0159521435692946,,0
2023-05-11,2023-05-10,3,3d203d9898abc350ca1b9e27e24630fa1a7638a2bba977f860df233d26540a19,v12_c448e8aa44eb860cd6a7,False,False,False,512890,513100,513100,True,False,True,False,18.003591454414575,18.133113695093815,18.129487072354795,0.003626622739018763,5,0,2527,4.724172517552655,,0
2023-05-12,2023-05-11,3,3d203d9898abc350ca1b9e27e24630fa1a7638a2bba977f860df233d26540a19,v12_c448e8aa44eb860cd6a7,False,False,False,513100,513100,513100,False,False,False,False,18.129487072354795,18.206470032322333,18.206470032322333,0.0,1,1,2527,4.724172517552655,,0
2023-05-15,2023-05-12,3,3d203d9898abc350ca1b9e27e24630fa1a7638a2bba977f860df233d26540a19,v12_c448e8aa44eb860cd6a7,False,False,False,513100,513100,513100,False,False,False,False,18.206470032322333,18.167978552338564,18.167978552338564,0.0,2,2,2527,4.74423269809428,,0
2023-05-16,2023-05-15,3,3d203d9898abc350ca1b9e27e24630fa1a7638a2bba977f860df233d26540a19,v12_c448e8aa44eb860cd6a7,False,False,False,513100,513100,513100,False,False,False,False,18.167978552338564,18.225715772314214,18.225715772314214,0.0,3,3,2527,4.74423269809428,,0
2023-05-17,2023-05-16,3,3d203d9898abc350ca1b9e27e24630fa1a7638a2bba977f860df233d26540a19,v12_c448e8aa44eb860cd6a7,False,False,False,513100,513100,513100,False,False,False,False,18.225715772314214,18.34119021226552,18.34119021226552,0.0,4,4,2527,4.749247743229686,,0
2023-05-18,2023-05-17,3,3d203d9898abc350ca1b9e27e24630fa1a7638a2bba977f860df233d26540a19,v12_c448e8aa44eb860cd6a7,False,False,False,513100,513100,513100,False,False,False,False,18.34119021226552,18.629876312143782,18.629876312143782,0.0,5,5,2527,4.779338014042124,,0
2023-05-19,2023-05-18,3,3d203d9898abc350ca1b9e27e24630fa1a7638a2bba977f860df233d26540a19,v12_c448e8aa44eb860cd6a7,False,False,False,513100,513100,513100,False,False,False,False,18.629876312143782,19.05328259196523,19.05328259196523,0.0,6,6,2527,4.854563691073217,,0
2023-05-22,2023-05-19,3,3d203d9898abc350ca1b9e27e24630fa1a7638a2bba977f860df233d26540a19,v12_c448e8aa44eb860cd6a7,False,False,False,513100,513100,513100,False,False,False,False,19.05328259196523,18.937808152013925,18.937808152013925,0.0,7,7,2527,4.964894684052154,,0
2023-05-23,2023-05-22,3,3d203d9898abc350ca1b9e27e24630fa1a7638a2bba977f860df233d26540a19,v12_c448e8aa44eb860cd6a7,False,False,False,513100,513100,513100,False,False,False,False,18.937808152013925,19.091774071948997,19.091774071948997,0.0,8,8,2527,4.964894684052154,,0
2023-05-24,2023-05-23,3,3d203d9898abc350ca1b9e27e24630fa1a7638a2bba977f860df233d26540a19,v12_c448e8aa44eb860cd6a7,False,False,False,513100,513100,513100,False,False,False,False,19.091774071948997,18.803087972070735,18.803087972070735,0.0,9,9,2527,4.974924774322965,,0
2023-05-25,2023-05-24,3,3d203d9898abc350ca1b9e27e24630fa1a7638a2bba977f860df233d26540a19,v12_c448e8aa44eb860cd6a7,False,False,False,513100,513100,513100,False,False,False,False,18.803087972070735,19.11101981194088,19.11101981194088,0.0,10,10,2527,4.974924774322965,,0
2023-05-26,2023-05-25,3,3d203d9898abc350ca1b9e27e24630fa1a7638a2bba977f860df233d26540a19,v12_c448e8aa44eb860cd6a7,False,False,False,513100,513100,513100,False,False,False,False,19.11101981194088,19.168757031916535,19.168757031916535,0.0,11,11,2527,4.979939819458372,,0
2023-05-29,2023-05-26,3,3d203d9898abc350ca1b9e27e24630fa1a7638a2bba977f860df233d26540a19,v12_c448e8aa44eb860cd6a7,False,False,False,513100,513100,513100,False,False,False,False,19.168757031916535,19.861603671624362,19.861603671624362,0.0,12,12,2527,4.9949849548645915,,0
2023-05-30,2023-05-29,3,3d203d9898abc350ca1b9e27e24630fa1a7638a2bba977f860df233d26540a19,v12_c448e8aa44eb860cd6a7,False,False,False,513100,513100,513100,False,False,False,False,19.861603671624362,19.919340891600015,19.919340891600015,0.0,13,13,2527,5.175526579739215,,0
2023-05-31,2023-05-30,3,3d203d9898abc350ca1b9e27e24630fa1a7638a2bba977f860df233d26540a19,v12_c448e8aa44eb860cd6a7,False,False,False,513100,513100,513100,False,False,False,False,19.919340891600015,19.842357931632478,19.842357931632478,0.0,14,14,2527,5.190571715145434,,0
2023-06-01,2023-05-31,3,3d203d9898abc350ca1b9e27e24630fa1a7638a2bba977f860df233d26540a19,v12_c448e8aa44eb860cd6a7,False,False,False,513100,513100,513100,False,False,False,False,19.842357931632478,19.823112191640593,19.823112191640593,0.0,15,15,2527,5.190571715145434,,0
2023-06-02,2023-06-01,3,3d203d9898abc350ca1b9e27e24630fa1a7638a2bba977f860df233d26540a19,v12_c448e8aa44eb860cd6a7,False,False,False,513100,513100,513100,False,False,False,False,19.823112191640593,20.073306811535083,20.073306811535083,0.0,16,16,2527,5.190571715145434,,0
2023-06-05,2023-06-02,3,3d203d9898abc350ca1b9e27e24630fa1a7638a2bba977f860df233d26540a19,v12_c448e8aa44eb860cd6a7,False,False,False,513100,513100,513100,False,False,False,False,20.073306811535083,20.169535511494505,20.169535511494505,0.0,17,17,2527,5.230692076228683,,0
2023-06-06,2023-06-05,3,3d203d9898abc350ca1b9e27e24630fa1a7638a2bba977f860df233d26540a19,v12_c448e8aa44eb860cd6a7,False,False,False,513100,513100,513100,False,False,False,False,20.169535511494505,20.18878125148639,20.18878125148639,0.0,18,18,2527,5.255767301905714,,0
2023-06-07,2023-06-06,3,3d203d9898abc350ca1b9e27e24630fa1a7638a2bba977f860df233d26540a19,v12_c448e8aa44eb860cd6a7,False,False,False,513100,513100,513100,False,False,False,False,20.18878125148639,20.246518471462043,20.246518471462043,0.0,19,19,2527,5.26078234704112,,0
2023-06-08,2023-06-07,3,3d203d9898abc350ca1b9e27e24630fa1a7638a2bba977f860df233d26540a19,v12_c448e8aa44eb860cd6a7,False,False,False,513100,513100,513100,False,False,False,False,20.246518471462043,19.823112191640593,19.823112191640593,0.0,20,20,2527,5.2758274824473395,,0
2023-06-09,2023-06-08,3,3d203d9898abc350ca1b9e27e24630fa1a7638a2bba977f860df233d26540a19,v12_c448e8aa44eb860cd6a7,False,False,False,513100,518880,518880,True,False,True,False,19.823112191640593,20.15028977150262,20.14625971354832,0.004030057954300524,21,0,2527,1.6660319878141667,,0
2023-06-12,2023-06-09,3,3d203d9898abc350ca1b9e27e24630fa1a7638a2bba977f860df233d26540a19,v12_c448e8aa44eb860cd6a7,False,False,False,518880,518880,518880,False,False,False,False,20.14625971354832,20.160074291637613,20.160074291637613,0.0,1,1,2527,1.6660319878141667,,0
2023-06-13,2023-06-12,3,3d203d9898abc350ca1b9e27e24630fa1a7638a2bba977f860df233d26540a19,v12_c448e8aa44eb860cd6a7,False,False,False,518880,513100,513100,False,False,True,False,20.160074291637613,20.206122885268577,20.202081660691523,0.004041224577053716,2,0,2527,5.441323971915743,,0
2023-06-14,2023-06-13,3,3d203d9898abc350ca1b9e27e24630fa1a7638a2bba977f860df233d26540a19,v12_c448e8aa44eb860cd6a7,False,False,False,513100,513100,513100,False,False,False,False,20.202081660691523,20.220701090793543,20.220701090793543,0.0,1,1,2527,5.441323971915743,,0
2023-06-15,2023-06-14,3,3d203d9898abc350ca1b9e27e24630fa1a7638a2bba977f860df233d26540a19,v12_c448e8aa44eb860cd6a7,False,False,False,513100,513100,513100,False,False,False,False,20.220701090793543,20.31379824130364,20.31379824130364,0.0,2,2,2527,5.44633901705115,,0
2023-06-16,2023-06-15,3,3d203d9898abc350ca1b9e27e24630fa1a7638a2bba977f860df233d26540a19,v12_c448e8aa44eb860cd6a7,False,False,False,513100,513100,513100,False,False,False,False,20.31379824130364,20.481373112221817,20.481373112221817,0.0,3,3,2527,5.47141424272818,,0
2023-06-19,2023-06-16,3,3d203d9898abc350ca1b9e27e24630fa1a7638a2bba977f860df233d26540a19,v12_c448e8aa44eb860cd6a7,False,False,False,513100,513100,513100,False,False,False,False,20.481373112221817,20.406895391813737,20.406895391813737,0.0,4,4,2527,5.516549648946836,,0
2023-06-20,2023-06-19,3,3d203d9898abc350ca1b9e27e24630fa1a7638a2bba977f860df233d26540a19,v12_c448e8aa44eb860cd6a7,False,False,False,513100,513100,513100,False,False,False,False,20.406895391813737,20.388275961711717,20.388275961711717,0.0,5,5,2527,5.516549648946836,,0
2023-06-21,2023-06-20,3,3d203d9898abc350ca1b9e27e24630fa1a7638a2bba977f860df233d26540a19,v12_c448e8aa44eb860cd6a7,False,False,False,513100,513100,513100,False,False,False,False,20.388275961711717,20.48137311222182,20.48137311222182,0.0,6,6,2527,5.516549648946836,,0
2023-06-26,2023-06-21,3,3d203d9898abc350ca1b9e27e24630fa1a7638a2bba977f860df233d26540a19,v12_c448e8aa44eb860cd6a7,False,False,False,513100,513100,513100,False,False,False,False,20.48137311222182,20.313798241303644,20.313798241303644,0.0,7,7,2527,5.516549648946836,,0
2023-06-27,2023-06-26,3,3d203d9898abc350ca1b9e27e24630fa1a7638a2bba977f860df233d26540a19,v12_c448e8aa44eb860cd6a7,False,False,False,513100,513100,513100,False,False,False,False,20.313798241303644,20.034506789773346,20.034506789773346,0.0,8,8,2527,5.516549648946836,,0
2023-06-28,2023-06-27,3,3d203d9898abc350ca1b9e27e24630fa1a7638a2bba977f860df233d26540a19,v12_c448e8aa44eb860cd6a7,False,False,False,513100,513100,513100,False,False,False,False,20.034506789773346,20.295178811201627,20.295178811201627,0.0,9,9,2527,5.516549648946836,,0
2023-06-29,2023-06-28,3,3d203d9898abc350ca1b9e27e24630fa1a7638a2bba977f860df233d26540a19,v12_c448e8aa44eb860cd6a7,False,False,False,513100,513100,513100,False,False,False,False,20.295178811201627,20.462753682119803,20.462753682119803,0.0,10,10,2527,5.516549648946836,,0
2023-06-30,2023-06-29,3,3d203d9898abc350ca1b9e27e24630fa1a7638a2bba977f860df233d26540a19,v12_c448e8aa44eb860cd6a7,False,False,False,513100,513100,513100,False,False,False,False,20.462753682119803,20.481373112221824,20.481373112221824,0.0,11,11,2527,5.516549648946836,,0
2023-07-03,2023-06-30,3,3d203d9898abc350ca1b9e27e24630fa1a7638a2bba977f860df233d26540a19,v12_c448e8aa44eb860cd6a7,False,False,False,513100,513100,513100,False,False,False,False,20.481373112221824,20.81652285405818,20.81652285405818,0.0,12,12,2527,5.516549648946837,,0
2023-07-04,2023-07-03,3,3d203d9898abc350ca1b9e27e24630fa1a7638a2bba977f860df233d26540a19,v12_c448e8aa44eb860cd6a7,False,False,False,513100,513100,513100,False,False,False,False,20.81652285405818,20.70480627344606,20.70480627344606,0.0,13,13,2527,5.606820461384149,,0
2023-07-05,2023-07-04,3,3d203d9898abc350ca1b9e27e24630fa1a7638a2bba977f860df233d26540a19,v12_c448e8aa44eb860cd6a7,False,False,False,513100,513100,513100,False,False,False,False,20.70480627344606,20.667567413242022,20.667567413242022,0.0,14,14,2527,5.606820461384149,,0
2023-07-06,2023-07-05,3,3d203d9898abc350ca1b9e27e24630fa1a7638a2bba977f860df233d26540a19,v12_c448e8aa44eb860cd6a7,False,False,False,513100,513100,513100,False,False,False,False,20.667567413242022,20.686186843344043,20.686186843344043,0.0,15,15,2527,5.606820461384149,,0
2023-07-07,2023-07-06,3,3d203d9898abc350ca1b9e27e24630fa1a7638a2bba977f860df233d26540a19,v12_c448e8aa44eb860cd6a7,False,False,False,513100,513100,513100,False,False,False,False,20.686186843344043,20.593089692833942,20.593089692833942,0.0,16,16,2527,5.606820461384149,,0
2023-07-10,2023-07-07,3,3d203d9898abc350ca1b9e27e24630fa1a7638a2bba977f860df233d26540a19,v12_c448e8aa44eb860cd6a7,False,False,False,513100,513100,513100,False,False,False,False,20.593089692833942,20.38827596171172,20.38827596171172,0.0,17,17,2527,5.606820461384149,,0
2023-07-11,2023-07-10,3,3d203d9898abc350ca1b9e27e24630fa1a7638a2bba977f860df233d26540a19,v12_c448e8aa44eb860cd6a7,False,False,False,513100,513100,513100,False,False,False,False,20.38827596171172,20.499992542323838,20.499992542323838,0.0,18,18,2527,5.606820461384149,,0
2023-07-12,2023-07-11,3,3d203d9898abc350ca1b9e27e24630fa1a7638a2bba977f860df233d26540a19,v12_c448e8aa44eb860cd6a7,False,False,False,513100,513100,513100,False,False,False,False,20.499992542323838,20.51861197242586,20.51861197242586,0.0,19,19,2527,5.606820461384149,,0
2023-07-13,2023-07-12,3,3d203d9898abc350ca1b9e27e24630fa1a7638a2bba977f860df233d26540a19,v12_c448e8aa44eb860cd6a7,False,False,False,513100,513100,513100,False,False,False,False,20.51861197242586,20.816522854058178,20.816522854058178,0.0,20,20,2527,5.606820461384149,,0
2023-07-14,2023-07-13,3,3d203d9898abc350ca1b9e27e24630fa1a7638a2bba977f860df233d26540a19,v12_c448e8aa44eb860cd6a7,False,False,False,513100,513100,513100,False,False,False,False,20.816522854058178,20.965478294874334,20.965478294874334,0.0,21,21,2527,5.606820461384149,,0
2023-07-17,2023-07-14,3,3d203d9898abc350ca1b9e27e24630fa1a7638a2bba977f860df233d26540a19,v12_c448e8aa44eb860cd6a7,False,False,False,513100,513100,513100,False,False,False,False,20.965478294874334,21.077194875486455,21.077194875486455,0.0,22,22,2527,5.646940822467396,,0
2023-07-18,2023-07-17,3,3d203d9898abc350ca1b9e27e24630fa1a7638a2bba977f860df233d26540a19,v12_c448e8aa44eb860cd6a7,False,False,False,513100,513100,513100,False,False,False,False,21.077194875486455,21.263389176506656,21.263389176506656,0.0,23,23,2527,5.677031093279834,,0
2023-07-19,2023-07-18,3,3d203d9898abc350ca1b9e27e24630fa1a7638a2bba977f860df233d26540a19,v12_c448e8aa44eb860cd6a7,False,False,False,513100,513100,513100,False,False,False,False,21.263389176506656,21.654397208649076,21.654397208649076,0.0,24,24,2527,5.727181544633897,,0
2023-07-20,2023-07-19,3,3d203d9898abc350ca1b9e27e24630fa1a7638a2bba977f860df233d26540a19,v12_c448e8aa44eb860cd6a7,False,False,False,513100,513100,513100,False,False,False,False,21.654397208649076,21.356486327016757,21.356486327016757,0.0,25,25,2527,5.832497492477428,,0
2023-07-21,2023-07-20,3,3d203d9898abc350ca1b9e27e24630fa1a7638a2bba977f860df233d26540a19,v12_c448e8aa44eb860cd6a7,False,False,False,513100,513100,513100,False,False,False,False,21.356486327016757,21.002717155078376,21.002717155078376,0.0,26,26,2527,5.832497492477428,,0
2023-07-24,2023-07-21,3,3d203d9898abc350ca1b9e27e24630fa1a7638a2bba977f860df233d26540a19,v12_c448e8aa44eb860cd6a7,False,False,False,513100,513100,513100,False,False,False,False,21.002717155078376,21.077194875486455,21.077194875486455,0.0,27,27,2527,5.832497492477428,,0
2023-07-25,2023-07-24,3,3d203d9898abc350ca1b9e27e24630fa1a7638a2bba977f860df233d26540a19,v12_c448e8aa44eb860cd6a7,False,False,False,513100,513100,513100,False,False,False,False,21.077194875486455,21.002717155078376,21.002717155078376,0.0,28,28,2527,5.832497492477428,,0
2023-07-26,2023-07-25,3,3d203d9898abc350ca1b9e27e24630fa1a7638a2bba977f860df233d26540a19,v12_c448e8aa44eb860cd6a7,False,False,False,513100,513100,513100,False,False,False,False,21.002717155078376,21.058575445384438,21.058575445384438,0.0,29,29,2527,5.832497492477428,,0
2023-07-27,2023-07-26,3,3d203d9898abc350ca1b9e27e24630fa1a7638a2bba977f860df233d26540a19,v12_c448e8aa44eb860cd6a7,False,False,False,513100,513100,513100,False,False,False,False,21.058575445384438,21.244769746404636,21.244769746404636,0.0,30,30,2527,5.832497492477428,,0
2023-07-28,2023-07-27,3,3d203d9898abc350ca1b9e27e24630fa1a7638a2bba977f860df233d26540a19,v12_c448e8aa44eb860cd6a7,False,False,False,513100,513100,513100,False,False,False,False,21.244769746404636,21.114433735690497,21.114433735690497,0.0,31,31,2527,5.832497492477428,,0
2023-07-31,2023-07-28,3,3d203d9898abc350ca1b9e27e24630fa1a7638a2bba977f860df233d26540a19,v12_c448e8aa44eb860cd6a7,False,False,False,513100,512890,512890,False,False,True,False,21.114433735690497,21.393725187220795,21.389446442183353,0.004278745037444159,32,0,2527,1.9322033898305109,,0
2023-08-01,2023-07-31,3,3d203d9898abc350ca1b9e27e24630fa1a7638a2bba977f860df233d26540a19,v12_c448e8aa44eb860cd6a7,False,False,False,512890,512890,512890,False,False,False,False,21.389446442183353,21.389446442183353,21.389446442183353,0.0,1,1,2527,1.9322033898305109,,0
2023-08-02,2023-08-01,3,3d203d9898abc350ca1b9e27e24630fa1a7638a2bba977f860df233d26540a19,v12_c448e8aa44eb860cd6a7,False,False,False,512890,512890,512890,False,False,False,False,21.389446442183353,21.168709120798592,21.168709120798592,0.0,2,2,2527,1.9322033898305109,,0
2023-08-03,2023-08-02,3,3d203d9898abc350ca1b9e27e24630fa1a7638a2bba977f860df233d26540a19,v12_c448e8aa44eb860cd6a7,False,False,False,512890,512890,512890,False,False,False,False,21.168709120798592,21.212856585075546,21.212856585075546,0.0,3,3,2527,1.9322033898305109,,0
2023-08-04,2023-08-03,3,3d203d9898abc350ca1b9e27e24630fa1a7638a2bba977f860df233d26540a19,v12_c448e8aa44eb860cd6a7,False,False,False,512890,512890,512890,False,False,False,False,21.212856585075546,21.23493031721402,21.23493031721402,0.0,4,4,2527,1.9322033898305109,,0
2023-08-07,2023-08-04,3,3d203d9898abc350ca1b9e27e24630fa1a7638a2bba977f860df233d26540a19,v12_c448e8aa44eb860cd6a7,False,False,False,512890,512890,512890,False,False,False,False,21.23493031721402,21.036266727967735,21.036266727967735,0.0,5,5,2527,1.9322033898305109,,0
2023-08-08,2023-08-07,3,3d203d9898abc350ca1b9e27e24630fa1a7638a2bba977f860df233d26540a19,v12_c448e8aa44eb860cd6a7,False,False,False,512890,512890,512890,False,False,False,False,21.036266727967735,21.124561656521642,21.124561656521642,0.0,6,6,2527,1.9322033898305109,,0
2023-08-09,2023-08-08,3,3d203d9898abc350ca1b9e27e24630fa1a7638a2bba977f860df233d26540a19,v12_c448e8aa44eb860cd6a7,False,False,False,512890,512890,512890,False,False,False,False,21.124561656521642,20.97004553155231,20.97004553155231,0.0,7,7,2527,1.9322033898305109,,0
2023-08-10,2023-08-09,3,3d203d9898abc350ca1b9e27e24630fa1a7638a2bba977f860df233d26540a19,v12_c448e8aa44eb860cd6a7,False,False,False,512890,512890,512890,False,False,False,False,20.97004553155231,20.97004553155231,20.97004553155231,0.0,8,8,2527,1.9322033898305109,,0
2023-08-11,2023-08-10,3,3d203d9898abc350ca1b9e27e24630fa1a7638a2bba977f860df233d26540a19,v12_c448e8aa44eb860cd6a7,False,False,False,512890,512890,512890,False,False,False,False,20.97004553155231,20.74930821016755,20.74930821016755,0.0,9,9,2527,1.9322033898305109,,0
2023-08-14,2023-08-11,3,3d203d9898abc350ca1b9e27e24630fa1a7638a2bba977f860df233d26540a19,v12_c448e8aa44eb860cd6a7,False,False,False,512890,518880,518880,False,False,True,False,20.74930821016755,20.7051607458906,20.70101971374142,0.00414103214917812,10,0,2527,1.6835491241431837,,0
2023-08-15,2023-08-14,3,3d203d9898abc350ca1b9e27e24630fa1a7638a2bba977f860df233d26540a19,v12_c448e8aa44eb860cd6a7,False,False,False,518880,518880,518880,False,False,False,False,20.70101971374142,20.747844006240268,20.747844006240268,0.0,1,1,2527,1.6835491241431837,,0
2023-08-16,2023-08-15,3,3d203d9898abc350ca1b9e27e24630fa1a7638a2bba977f860df233d26540a19,v12_c448e8aa44eb860cd6a7,False,False,False,518880,518880,518880,False,False,False,False,20.747844006240268,20.757208864740036,20.757208864740036,0.0,2,2,2527,1.6873571972581873,,0
2023-08-17,2023-08-16,3,3d203d9898abc350ca1b9e27e24630fa1a7638a2bba977f860df233d26540a19,v12_c448e8aa44eb860cd6a7,False,False,False,518880,518880,518880,False,False,False,False,20.757208864740036,20.7384791477405,20.7384791477405,0.0,3,3,2527,1.688118811881188,,0
2023-08-18,2023-08-17,3,3d203d9898abc350ca1b9e27e24630fa1a7638a2bba977f860df233d26540a19,v12_c448e8aa44eb860cd6a7,False,False,False,518880,518880,518880,False,False,False,False,20.7384791477405,20.701019713741417,20.701019713741417,0.0,4,4,2527,1.688118811881188,,0
2023-08-21,2023-08-18,3,3d203d9898abc350ca1b9e27e24630fa1a7638a2bba977f860df233d26540a19,v12_c448e8aa44eb860cd6a7,False,False,False,518880,518880,518880,False,False,False,False,20.701019713741417,20.78062101098946,20.78062101098946,0.0,5,5,2527,1.688118811881188,,0
2023-08-22,2023-08-21,3,3d203d9898abc350ca1b9e27e24630fa1a7638a2bba977f860df233d26540a19,v12_c448e8aa44eb860cd6a7,False,False,False,518880,518880,518880,False,False,False,False,20.78062101098946,20.747844006240268,20.747844006240268,0.0,6,6,2527,1.6900228484386899,,0
2023-08-23,2023-08-22,3,3d203d9898abc350ca1b9e27e24630fa1a7638a2bba977f860df233d26540a19,v12_c448e8aa44eb860cd6a7,False,False,False,518880,518880,518880,False,False,False,False,20.747844006240268,20.846175020487852,20.846175020487852,0.0,7,7,2527,1.6900228484386899,,0
2023-08-24,2023-08-23,3,3d203d9898abc350ca1b9e27e24630fa1a7638a2bba977f860df233d26540a19,v12_c448e8aa44eb860cd6a7,False,False,False,518880,518880,518880,False,False,False,False,20.846175020487852,20.902364171486475,20.902364171486475,0.0,8,8,2527,1.6953541507996952,,0
2023-08-25,2023-08-24,3,3d203d9898abc350ca1b9e27e24630fa1a7638a2bba977f860df233d26540a19,v12_c448e8aa44eb860cd6a7,False,False,False,518880,518880,518880,False,False,False,False,20.902364171486475,20.827445303488318,20.827445303488318,0.0,9,9,2527,1.6999238385377,,0
2023-08-28,2023-08-25,3,3d203d9898abc350ca1b9e27e24630fa1a7638a2bba977f860df233d26540a19,v12_c448e8aa44eb860cd6a7,False,False,False,518880,518880,518880,False,False,False,False,20.827445303488318,20.83681016198809,20.83681016198809,0.0,10,10,2527,1.6999238385377,,0
2023-08-29,2023-08-28,3,3d203d9898abc350ca1b9e27e24630fa1a7638a2bba977f860df233d26540a19,v12_c448e8aa44eb860cd6a7,False,False,False,518880,518880,518880,False,False,False,False,20.83681016198809,20.89299931298671,20.89299931298671,0.0,11,11,2527,1.6999238385377,,0
2023-08-30,2023-08-29,3,3d203d9898abc350ca1b9e27e24630fa1a7638a2bba977f860df233d26540a19,v12_c448e8aa44eb860cd6a7,False,False,False,518880,518880,518880,False,False,False,False,20.89299931298671,20.963235751734985,20.963235751734985,0.0,12,12,2527,1.6999238385377,,0
2023-08-31,2023-08-30,3,3d203d9898abc350ca1b9e27e24630fa1a7638a2bba977f860df233d26540a19,v12_c448e8aa44eb860cd6a7,False,False,False,518880,518880,518880,False,False,False,False,20.963235751734985,21.042837048983028,21.042837048983028,0.0,13,13,2527,1.7048743335872054,,0
2023-09-01,2023-08-31,3,3d203d9898abc350ca1b9e27e24630fa1a7638a2bba977f860df233d26540a19,v12_c448e8aa44eb860cd6a7,False,False,False,518880,518880,518880,False,False,False,False,21.042837048983028,21.019424902733604,21.019424902733604,0.0,14,14,2527,1.7113480578827118,,0
2023-09-04,2023-09-01,3,3d203d9898abc350ca1b9e27e24630fa1a7638a2bba977f860df233d26540a19,v12_c448e8aa44eb860cd6a7,False,False,False,518880,518880,518880,False,False,False,False,21.019424902733604,21.099026199981648,21.099026199981648,0.0,15,15,2527,1.7113480578827118,,0
2023-09-05,2023-09-04,3,3d203d9898abc350ca1b9e27e24630fa1a7638a2bba977f860df233d26540a19,v12_c448e8aa44eb860cd6a7,False,False,False,518880,518880,518880,False,False,False,False,21.099026199981648,21.108391058481416,21.108391058481416,0.0,16,16,2527,1.7159177456207164,,0
2023-09-06,2023-09-05,3,3d203d9898abc350ca1b9e27e24630fa1a7638a2bba977f860df233d26540a19,v12_c448e8aa44eb860cd6a7,False,False,False,518880,518880,518880,False,False,False,False,21.108391058481416,21.094343770731758,21.094343770731758,0.0,17,17,2527,1.7166793602437171,,0
2023-09-07,2023-09-06,3,3d203d9898abc350ca1b9e27e24630fa1a7638a2bba977f860df233d26540a19,v12_c448e8aa44eb860cd6a7,False,False,False,518880,518880,518880,False,False,False,False,21.094343770731758,21.08966134148187,21.08966134148187,0.0,18,18,2527,1.7166793602437171,,0
2023-09-08,2023-09-07,3,3d203d9898abc350ca1b9e27e24630fa1a7638a2bba977f860df233d26540a19,v12_c448e8aa44eb860cd6a7,False,False,False,518880,518880,518880,False,False,False,False,21.08966134148187,21.239499077478193,21.239499077478193,0.0,19,19,2527,1.7166793602437171,,0
2023-09-11,2023-09-08,3,3d203d9898abc350ca1b9e27e24630fa1a7638a2bba977f860df233d26540a19,v12_c448e8aa44eb860cd6a7,False,False,False,518880,518880,518880,False,False,False,False,21.239499077478193,21.281640940727158,21.281640940727158,0.0,20,20,2527,1.7273419649657276,,0
2023-09-12,2023-09-11,3,3d203d9898abc350ca1b9e27e24630fa1a7638a2bba977f860df233d26540a19,v12_c448e8aa44eb860cd6a7,False,False,False,518880,518880,518880,False,False,False,False,21.281640940727158,21.286323369977048,21.286323369977048,0.0,21,21,2527,1.730769230769231,,0
2023-09-13,2023-09-12,3,3d203d9898abc350ca1b9e27e24630fa1a7638a2bba977f860df233d26540a19,v12_c448e8aa44eb860cd6a7,False,False,False,518880,518880,518880,False,False,False,False,21.286323369977048,21.337830091725785,21.337830091725785,0.0,22,22,2527,1.7311500380807316,,0
2023-09-14,2023-09-13,3,3d203d9898abc350ca1b9e27e24630fa1a7638a2bba977f860df233d26540a19,v12_c448e8aa44eb860cd6a7,False,False,False,518880,518880,518880,False,False,False,False,21.337830091725785,21.501715115471757,21.501715115471757,0.0,23,23,2527,1.735338918507236,,0
2023-09-15,2023-09-14,3,3d203d9898abc350ca1b9e27e24630fa1a7638a2bba977f860df233d26540a19,v12_c448e8aa44eb860cd6a7,False,False,False,518880,518880,518880,False,False,False,False,21.501715115471757,21.295688228476823,21.295688228476823,0.0,24,24,2527,1.7486671744097493,,0
2023-09-18,2023-09-15,3,3d203d9898abc350ca1b9e27e24630fa1a7638a2bba977f860df233d26540a19,v12_c448e8aa44eb860cd6a7,False,False,False,518880,518880,518880,False,False,False,False,21.295688228476823,21.183309926479584,21.183309926479584,0.0,25,25,2527,1.7486671744097493,,0
2023-09-19,2023-09-18,3,3d203d9898abc350ca1b9e27e24630fa1a7638a2bba977f860df233d26540a19,v12_c448e8aa44eb860cd6a7,False,False,False,518880,513120,513120,False,False,True,False,21.183309926479584,21.34719495022556,21.342925511235517,0.004269438990045112,26,0,2527,0.8716861081654309,,0
2023-09-20,2023-09-19,3,3d203d9898abc350ca1b9e27e24630fa1a7638a2bba977f860df233d26540a19,v12_c448e8aa44eb860cd6a7,False,False,False,513120,513120,513120,False,False,False,False,21.342925511235517,20.90152680844841,20.90152680844841,0.0,1,1,2527,0.8716861081654309,,0
2023-09-21,2023-09-20,3,3d203d9898abc350ca1b9e27e24630fa1a7638a2bba977f860df233d26540a19,v12_c448e8aa44eb860cd6a7,False,False,False,513120,513120,513120,False,False,False,False,20.90152680844841,20.38223421693416,20.38223421693416,0.0,2,2,2527,0.8716861081654309,,0
2023-09-22,2023-09-21,3,3d203d9898abc350ca1b9e27e24630fa1a7638a2bba977f860df233d26540a19,v12_c448e8aa44eb860cd6a7,False,False,False,513120,518880,518880,False,False,True,False,20.38223421693416,20.719774401418423,20.71563044653814,0.0041439548802836845,3,0,2527,1.736862147753238,,0
2023-09-25,2023-09-22,3,3d203d9898abc350ca1b9e27e24630fa1a7638a2bba977f860df233d26540a19,v12_c448e8aa44eb860cd6a7,False,False,False,518880,518880,518880,False,False,False,False,20.71563044653814,20.80646855417479,20.80646855417479,0.0,1,1,2527,1.736862147753238,,0
2023-09-26,2023-09-25,3,3d203d9898abc350ca1b9e27e24630fa1a7638a2bba977f860df233d26540a19,v12_c448e8aa44eb860cd6a7,False,False,False,518880,518880,518880,False,False,False,False,20.80646855417479,20.79284283802929,20.79284283802929,0.0,2,2,2527,1.7444782939832457,,0
2023-09-27,2023-09-26,3,3d203d9898abc350ca1b9e27e24630fa1a7638a2bba977f860df233d26540a19,v12_c448e8aa44eb860cd6a7,False,False,False,518880,518880,518880,False,False,False,False,20.79284283802929,20.48853517744651,20.48853517744651,0.0,3,3,2527,1.7444782939832457,,0
2023-09-28,2023-09-27,3,3d203d9898abc350ca1b9e27e24630fa1a7638a2bba977f860df233d26540a19,v12_c448e8aa44eb860cd6a7,False,False,False,518880,518880,518880,False,False,False,False,20.48853517744651,20.14789227380907,20.14789227380907,0.0,4,4,2527,1.7444782939832457,,0
2023-10-09,2023-09-28,3,3d203d9898abc350ca1b9e27e24630fa1a7638a2bba977f860df233d26540a19,v12_c448e8aa44eb860cd6a7,False,False,False,518880,513120,513120,False,False,True,False,20.14789227380907,20.007093206972264,20.00309178833087,0.004001418641394453,5,0,2527,0.8525980911983044,,0
2023-10-10,2023-10-09,3,3d203d9898abc350ca1b9e27e24630fa1a7638a2bba977f860df233d26540a19,v12_c448e8aa44eb860cd6a7,False,False,False,513120,513120,513120,False,False,False,False,20.00309178833087,19.754297114346656,19.754297114346656,0.0,1,1,2527,0.8525980911983044,,0
2023-10-11,2023-10-10,3,3d203d9898abc350ca1b9e27e24630fa1a7638a2bba977f860df233d26540a19,v12_c448e8aa44eb860cd6a7,False,False,False,513120,513120,513120,False,False,False,False,19.754297114346656,20.525560603697723,20.525560603697723,0.0,2,2,2527,0.8525980911983044,,0
2023-10-12,2023-10-11,3,3d203d9898abc350ca1b9e27e24630fa1a7638a2bba977f860df233d26540a19,v12_c448e8aa44eb860cd6a7,False,False,False,513120,513120,513120,False,False,False,False,20.525560603697723,21.14754728865826,21.14754728865826,0.0,3,3,2527,0.8748674443266183,,0
2023-10-13,2023-10-12,3,3d203d9898abc350ca1b9e27e24630fa1a7638a2bba977f860df233d26540a19,v12_c448e8aa44eb860cd6a7,False,False,False,513120,513120,513120,False,False,False,False,21.14754728865826,20.948511549470886,20.948511549470886,0.0,4,4,2527,0.9013785790031825,,0
2023-10-16,2023-10-13,3,3d203d9898abc350ca1b9e27e24630fa1a7638a2bba977f860df233d26540a19,v12_c448e8aa44eb860cd6a7,False,False,False,513120,513120,513120,False,False,False,False,20.948511549470886,20.649957940689827,20.649957940689827,0.0,5,5,2527,0.9013785790031825,,0
2023-10-17,2023-10-16,3,3d203d9898abc350ca1b9e27e24630fa1a7638a2bba977f860df233d26540a19,v12_c448e8aa44eb860cd6a7,False,False,False,513120,513120,513120,False,False,False,False,20.649957940689827,20.87387314727562,20.87387314727562,0.0,6,6,2527,0.9013785790031825,,0
2023-10-18,2023-10-17,3,3d203d9898abc350ca1b9e27e24630fa1a7638a2bba977f860df233d26540a19,v12_c448e8aa44eb860cd6a7,False,False,False,513120,513120,513120,False,False,False,False,20.87387314727562,20.152368592721402,20.152368592721402,0.0,7,7,2527,0.9013785790031825,,0
2023-10-19,2023-10-18,3,3d203d9898abc350ca1b9e27e24630fa1a7638a2bba977f860df233d26540a19,v12_c448e8aa44eb860cd6a7,False,False,False,513120,513100,513100,True,False,True,False,20.152368592721402,19.903573918737187,19.89959320395344,0.003980714783747437,8,0,2527,5.5165496489468335,,0
2023-10-20,2023-10-19,3,3d203d9898abc350ca1b9e27e24630fa1a7638a2bba977f860df233d26540a19,v12_c448e8aa44eb860cd6a7,False,False,False,513100,518880,518880,False,False,True,False,19.89959320395344,19.64632565408494,19.642396388954122,0.003929265130816988,1,0,2527,1.7505712109672518,,0
2023-10-23,2023-10-20,3,3d203d9898abc350ca1b9e27e24630fa1a7638a2bba977f860df233d26540a19,v12_c448e8aa44eb860cd6a7,False,False,False,518880,518880,518880,False,False,False,False,19.642396388954122,19.535574568261527,19.535574568261527,0.0,1,1,2527,1.7505712109672518,,0
2023-10-24,2023-10-23,3,3d203d9898abc350ca1b9e27e24630fa1a7638a2bba977f860df233d26540a19,v12_c448e8aa44eb860cd6a7,False,False,False,518880,518880,518880,False,False,False,False,19.535574568261527,19.54839318674464,19.54839318674464,0.0,2,2,2527,1.7505712109672518,,0
2023-10-25,2023-10-24,3,3d203d9898abc350ca1b9e27e24630fa1a7638a2bba977f860df233d26540a19,v12_c448e8aa44eb860cd6a7,False,False,False,518880,510500,510500,False,True,True,False,19.54839318674464,19.471481475845973,19.467587179550804,0.003894296295169195,3,0,2779,1.8096404455703552,,0
2023-10-26,2023-10-25,3,3d203d9898abc350ca1b9e27e24630fa1a7638a2bba977f860df233d26540a19,v12_c448e8aa44eb860cd6a7,False,False,False,510500,510500,510500,False,False,False,False,19.467587179550804,19.553049424348536,19.553049424348536,0.0,1,1,2779,1.8096404455703552,,0
2023-10-27,2023-10-26,3,3d203d9898abc350ca1b9e27e24630fa1a7638a2bba977f860df233d26540a19,v12_c448e8aa44eb860cd6a7,False,False,False,510500,510500,510500,False,False,False,False,19.553049424348536,19.923385818472056,19.923385818472056,0.0,2,2,2779,1.8175847240949001,,0
2023-10-30,2023-10-27,3,3d203d9898abc350ca1b9e27e24630fa1a7638a2bba977f860df233d26540a19,v12_c448e8aa44eb860cd6a7,False,False,False,510500,510500,510500,False,False,False,False,19.923385818472056,20.08362752746781,20.08362752746781,0.0,3,3,2779,1.8520099310345959,,0
2023-10-31,2023-10-30,3,3d203d9898abc350ca1b9e27e24630fa1a7638a2bba977f860df233d26540a19,v12_c448e8aa44eb860cd6a7,False,False,False,510500,510500,510500,False,False,False,False,20.08362752746781,20.037335478202372,20.037335478202372,0.0,4,4,2779,1.8669054532681182,,0
2023-11-01,2023-10-31,3,3d203d9898abc350ca1b9e27e24630fa1a7638a2bba977f860df233d26540a19,v12_c448e8aa44eb860cd6a7,False,False,False,510500,513120,513120,False,False,True,False,20.037335478202372,19.994604355803506,19.990605434932345,0.003998920871160701,5,0,2779,0.9395546129374348,,0
2023-11-02,2023-11-01,3,3d203d9898abc350ca1b9e27e24630fa1a7638a2bba977f860df233d26540a19,v12_c448e8aa44eb860cd6a7,False,False,False,513120,513120,513120,False,False,False,False,19.990605434932345,19.832666114340327,19.832666114340327,0.0,1,1,2779,0.9395546129374348,,0
2023-11-03,2023-11-02,3,3d203d9898abc350ca1b9e27e24630fa1a7638a2bba977f860df233d26540a19,v12_c448e8aa44eb860cd6a7,False,False,False,513120,513120,513120,False,False,False,False,19.832666114340327,20.148544755524362,20.148544755524362,0.0,2,2,2779,0.9395546129374348,,0
2023-11-06,2023-11-03,3,3d203d9898abc350ca1b9e27e24630fa1a7638a2bba977f860df233d26540a19,v12_c448e8aa44eb860cd6a7,False,False,False,513120,513120,513120,False,False,False,False,20.148544755524362,21.09618067907646,21.09618067907646,0.0,3,3,2779,0.9469777306468729,,0
2023-11-07,2023-11-06,3,3d203d9898abc350ca1b9e27e24630fa1a7638a2bba977f860df233d26540a19,v12_c448e8aa44eb860cd6a7,False,False,False,513120,513120,513120,False,False,False,False,21.09618067907646,20.757739277807854,20.757739277807854,0.0,4,4,2779,0.9915164369035008,,0
2023-11-08,2023-11-07,3,3d203d9898abc350ca1b9e27e24630fa1a7638a2bba977f860df233d26540a19,v12_c448e8aa44eb860cd6a7,False,False,False,513120,513120,513120,False,False,False,False,20.757739277807854,20.91567859839987,20.91567859839987,0.0,5,5,2779,0.9915164369035008,,0
2023-11-09,2023-11-08,3,3d203d9898abc350ca1b9e27e24630fa1a7638a2bba977f860df233d26540a19,v12_c448e8aa44eb860cd6a7,False,False,False,513120,513120,513120,False,False,False,False,20.91567859839987,20.690050997554135,20.690050997554135,0.0,6,6,2779,0.9915164369035008,,0
2023-11-10,2023-11-09,3,3d203d9898abc350ca1b9e27e24630fa1a7638a2bba977f860df233d26540a19,v12_c448e8aa44eb860cd6a7,False,False,False,513120,513120,513120,False,False,False,False,20.690050997554135,20.329046836200956,20.329046836200956,0.0,7,7,2779,0.9915164369035008,,0
2023-11-13,2023-11-10,3,3d203d9898abc350ca1b9e27e24630fa1a7638a2bba977f860df233d26540a19,v12_c448e8aa44eb860cd6a7,False,False,False,513120,513120,513120,False,False,False,False,20.329046836200956,20.12598199543979,20.12598199543979,0.0,8,8,2779,0.9915164369035008,,0
2023-11-14,2023-11-13,3,3d203d9898abc350ca1b9e27e24630fa1a7638a2bba977f860df233d26540a19,v12_c448e8aa44eb860cd6a7,False,False,False,513120,513120,513120,False,False,False,False,20.12598199543979,20.216233035778085,20.216233035778085,0.0,9,9,2779,0.9915164369035008,,0
2023-11-15,2023-11-14,3,3d203d9898abc350ca1b9e27e24630fa1a7638a2bba977f860df233d26540a19,v12_c448e8aa44eb860cd6a7,False,False,False,513120,513120,513120,False,False,False,False,20.216233035778085,20.441860636623822,20.441860636623822,0.0,10,10,2779,0.9915164369035008,,0
2023-11-16,2023-11-15,3,3d203d9898abc350ca1b9e27e24630fa1a7638a2bba977f860df233d26540a19,v12_c448e8aa44eb860cd6a7,False,False,False,513120,513120,513120,False,False,False,False,20.441860636623822,19.90035439459405,19.90035439459405,0.0,11,11,2779,0.9915164369035008,,0
2023-11-17,2023-11-16,3,3d203d9898abc350ca1b9e27e24630fa1a7638a2bba977f860df233d26540a19,v12_c448e8aa44eb860cd6a7,False,False,False,513120,513120,513120,False,False,False,False,19.90035439459405,20.12598199543979,20.12598199543979,0.0,12,12,2779,0.9915164369035008,,0
2023-11-20,2023-11-17,3,3d203d9898abc350ca1b9e27e24630fa1a7638a2bba977f860df233d26540a19,v12_c448e8aa44eb860cd6a7,False,False,False,513120,513120,513120,False,False,False,False,20.12598199543979,20.12598199543979,20.12598199543979,0.0,13,13,2779,0.9915164369035008,,0
2023-11-21,2023-11-20,3,3d203d9898abc350ca1b9e27e24630fa1a7638a2bba977f860df233d26540a19,v12_c448e8aa44eb860cd6a7,False,False,False,513120,513120,513120,False,False,False,False,20.12598199543979,19.99060543493235,19.99060543493235,0.0,14,14,2779,0.9915164369035008,,0
2023-11-22,2023-11-21,3,3d203d9898abc350ca1b9e27e24630fa1a7638a2bba977f860df233d26540a19,v12_c448e8aa44eb860cd6a7,False,False,False,513120,513120,513120,False,False,False,False,19.99060543493235,19.561912993325446,19.561912993325446,0.0,15,15,2779,0.9915164369035008,,0
2023-11-23,2023-11-22,3,3d203d9898abc350ca1b9e27e24630fa1a7638a2bba977f860df233d26540a19,v12_c448e8aa44eb860cd6a7,False,False,False,513120,513120,513120,False,False,False,False,19.561912993325446,19.900354394594054,19.900354394594054,0.0,16,16,2779,0.9915164369035008,,0
2023-11-24,2023-11-23,3,3d203d9898abc350ca1b9e27e24630fa1a7638a2bba977f860df233d26540a19,v12_c448e8aa44eb860cd6a7,False,False,False,513120,513120,513120,False,False,False,False,19.900354394594054,19.674726793748317,19.674726793748317,0.0,17,17,2779,0.9915164369035008,,0
2023-11-27,2023-11-24,3,3d203d9898abc350ca1b9e27e24630fa1a7638a2bba977f860df233d26540a19,v12_c448e8aa44eb860cd6a7,False,False,False,513120,513100,513100,False,False,True,False,19.674726793748317,19.719852313917464,19.715908343454682,0.003943970462783493,18,0,2779,5.7723169508525505,,0
2023-11-28,2023-11-27,3,3d203d9898abc350ca1b9e27e24630fa1a7638a2bba977f860df233d26540a19,v12_c448e8aa44eb860cd6a7,False,False,False,513100,513100,513100,False,False,False,False,19.715908343454682,19.767296462507996,19.767296462507996,0.0,1,1,2779,5.7723169508525505,,0
2023-11-29,2023-11-28,3,3d203d9898abc350ca1b9e27e24630fa1a7638a2bba977f860df233d26540a19,v12_c448e8aa44eb860cd6a7,False,False,False,513100,513100,513100,False,False,False,False,19.767296462507996,19.767296462507996,19.767296462507996,0.0,2,2,2779,5.787362086258769,,0
2023-11-30,2023-11-29,3,3d203d9898abc350ca1b9e27e24630fa1a7638a2bba977f860df233d26540a19,v12_c448e8aa44eb860cd6a7,False,False,False,513100,513100,513100,False,False,False,False,19.767296462507996,19.750167089490226,19.750167089490226,0.0,3,3,2779,5.787362086258769,,0
2023-12-01,2023-11-30,3,3d203d9898abc350ca1b9e27e24630fa1a7638a2bba977f860df233d26540a19,v12_c448e8aa44eb860cd6a7,False,False,False,513100,513100,513100,False,False,False,False,19.750167089490226,19.664520224401365,19.664520224401365,0.0,4,4,2779,5.787362086258769,,0
2023-12-04,2023-12-01,3,3d203d9898abc350ca1b9e27e24630fa1a7638a2bba977f860df233d26540a19,v12_c448e8aa44eb860cd6a7,False,False,False,513100,513100,513100,False,False,False,False,19.664520224401365,19.69877897043691,19.69877897043691,0.0,5,5,2779,5.787362086258769,,0
2023-12-05,2023-12-04,3,3d203d9898abc350ca1b9e27e24630fa1a7638a2bba977f860df233d26540a19,v12_c448e8aa44eb860cd6a7,False,False,False,513100,513100,513100,False,False,False,False,19.69877897043691,19.476097121205882,19.476097121205882,0.0,6,6,2779,5.787362086258769,,0
2023-12-06,2023-12-05,3,3d203d9898abc350ca1b9e27e24630fa1a7638a2bba977f860df233d26540a19,v12_c448e8aa44eb860cd6a7,False,False,False,513100,513100,513100,False,False,False,False,19.476097121205882,19.750167089490223,19.750167089490223,0.0,7,7,2779,5.787362086258769,,0
2023-12-07,2023-12-06,3,3d203d9898abc350ca1b9e27e24630fa1a7638a2bba977f860df233d26540a19,v12_c448e8aa44eb860cd6a7,False,False,False,513100,513100,513100,False,False,False,False,19.750167089490223,19.527485240259193,19.527485240259193,0.0,8,8,2779,5.787362086258769,,0
2023-12-08,2023-12-07,3,3d203d9898abc350ca1b9e27e24630fa1a7638a2bba977f860df233d26540a19,v12_c448e8aa44eb860cd6a7,False,False,False,513100,513100,513100,False,False,False,False,19.527485240259193,19.818684581561307,19.818684581561307,0.0,9,9,2779,5.787362086258769,,0
2023-12-11,2023-12-08,3,3d203d9898abc350ca1b9e27e24630fa1a7638a2bba977f860df233d26540a19,v12_c448e8aa44eb860cd6a7,False,False,False,513100,513100,513100,False,False,False,False,19.818684581561307,19.938590192685705,19.938590192685705,0.0,10,10,2779,5.802407221664987,,0
2023-12-12,2023-12-11,3,3d203d9898abc350ca1b9e27e24630fa1a7638a2bba977f860df233d26540a19,v12_c448e8aa44eb860cd6a7,False,False,False,513100,513100,513100,False,False,False,False,19.938590192685705,20.178401414934502,20.178401414934502,0.0,11,11,2779,5.837512537612831,,0
2023-12-13,2023-12-12,3,3d203d9898abc350ca1b9e27e24630fa1a7638a2bba977f860df233d26540a19,v12_c448e8aa44eb860cd6a7,False,False,False,513100,513100,513100,False,False,False,False,20.178401414934502,20.40108326416553,20.40108326416553,0.0,12,12,2779,5.907723169508517,,0
2023-12-14,2023-12-13,3,3d203d9898abc350ca1b9e27e24630fa1a7638a2bba977f860df233d26540a19,v12_c448e8aa44eb860cd6a7,False,False,False,513100,513100,513100,False,False,False,False,20.40108326416553,20.62376511339655,20.62376511339655,0.0,13,13,2779,5.972918756268799,,0
2023-12-15,2023-12-14,3,3d203d9898abc350ca1b9e27e24630fa1a7638a2bba977f860df233d26540a19,v12_c448e8aa44eb860cd6a7,False,False,False,513100,513100,513100,False,False,False,False,20.62376511339655,20.43534201020107,20.43534201020107,0.0,14,14,2779,6.038114343029078,,0
2023-12-18,2023-12-15,3,3d203d9898abc350ca1b9e27e24630fa1a7638a2bba977f860df233d26540a19,v12_c448e8aa44eb860cd6a7,False,False,False,513100,513100,513100,False,False,False,False,20.43534201020107,20.589506367361007,20.589506367361007,0.0,15,15,2779,6.038114343029078,,0
2023-12-19,2023-12-18,3,3d203d9898abc350ca1b9e27e24630fa1a7638a2bba977f860df233d26540a19,v12_c448e8aa44eb860cd6a7,False,False,False,513100,513100,513100,False,False,False,False,20.589506367361007,20.709411978485406,20.709411978485406,0.0,16,16,2779,6.038114343029078,,0
2023-12-20,2023-12-19,3,3d203d9898abc350ca1b9e27e24630fa1a7638a2bba977f860df233d26540a19,v12_c448e8aa44eb860cd6a7,False,False,False,513100,513100,513100,False,False,False,False,20.709411978485406,20.829317589609804,20.829317589609804,0.0,17,17,2779,6.063189568706109,,0
2023-12-21,2023-12-20,3,3d203d9898abc350ca1b9e27e24630fa1a7638a2bba977f860df233d26540a19,v12_c448e8aa44eb860cd6a7,False,False,False,513100,513100,513100,False,False,False,False,20.829317589609804,20.555247621325464,20.555247621325464,0.0,18,18,2779,6.098294884653952,,0
2023-12-22,2023-12-21,3,3d203d9898abc350ca1b9e27e24630fa1a7638a2bba977f860df233d26540a19,v12_c448e8aa44eb860cd6a7,False,False,False,513100,513100,513100,False,False,False,False,20.555247621325464,20.65802385943209,20.65802385943209,0.0,19,19,2779,6.098294884653952,,0
2023-12-25,2023-12-22,3,3d203d9898abc350ca1b9e27e24630fa1a7638a2bba977f860df233d26540a19,v12_c448e8aa44eb860cd6a7,False,False,False,513100,513100,513100,False,False,False,False,20.65802385943209,20.675153232449865,20.675153232449865,0.0,20,20,2779,6.098294884653952,,0
2023-12-26,2023-12-25,3,3d203d9898abc350ca1b9e27e24630fa1a7638a2bba977f860df233d26540a19,v12_c448e8aa44eb860cd6a7,False,False,False,513100,513100,513100,False,False,False,False,20.675153232449865,20.812188216592034,20.812188216592034,0.0,21,21,2779,6.098294884653952,,0
2023-12-27,2023-12-26,3,3d203d9898abc350ca1b9e27e24630fa1a7638a2bba977f860df233d26540a19,v12_c448e8aa44eb860cd6a7,False,False,False,513100,513100,513100,False,False,False,False,20.812188216592034,20.88070570866312,20.88070570866312,0.0,22,22,2779,6.098294884653952,,0
2023-12-28,2023-12-27,3,3d203d9898abc350ca1b9e27e24630fa1a7638a2bba977f860df233d26540a19,v12_c448e8aa44eb860cd6a7,False,False,False,513100,513100,513100,False,False,False,False,20.88070570866312,20.829317589609804,20.829317589609804,0.0,23,23,2779,6.113340020060172,,0
2023-12-29,2023-12-28,3,3d203d9898abc350ca1b9e27e24630fa1a7638a2bba977f860df233d26540a19,v12_c448e8aa44eb860cd6a7,False,False,False,513100,513100,513100,False,False,False,False,20.829317589609804,20.77792947055649,20.77792947055649,0.0,24,24,2779,6.113340020060172,,0
2024-01-02,2023-12-29,4,673b793383011830c1624c092f88326bc0bc25aff3be2b92c02116f8f660245e,v12_cca586e367aa3071f32a,True,True,True,513100,513100,513100,False,False,False,False,20.77792947055649,20.726541351503172,20.726541351503172,0.0,25,25,2779,6.113340020060172,,0
2024-01-03,2024-01-02,4,673b793383011830c1624c092f88326bc0bc25aff3be2b92c02116f8f660245e,v12_cca586e367aa3071f32a,False,False,False,513100,513100,513100,False,False,False,False,20.726541351503172,20.401083264165518,20.401083264165518,0.0,26,26,2779,6.113340020060172,,0
2024-01-04,2024-01-03,4,673b793383011830c1624c092f88326bc0bc25aff3be2b92c02116f8f660245e,v12_cca586e367aa3071f32a,False,False,False,513100,513100,513100,False,False,False,False,20.401083264165518,20.29830702605889,20.29830702605889,0.0,27,27,2779,6.113340020060172,,0
2024-01-05,2024-01-04,4,673b793383011830c1624c092f88326bc0bc25aff3be2b92c02116f8f660245e,v12_cca586e367aa3071f32a,False,False,False,513100,513100,513100,False,False,False,False,20.29830702605889,20.144142668898947,20.144142668898947,0.0,28,28,2779,6.113340020060172,,0
2024-01-08,2024-01-05,4,673b793383011830c1624c092f88326bc0bc25aff3be2b92c02116f8f660245e,v12_cca586e367aa3071f32a,False,False,False,513100,513100,513100,False,False,False,False,20.144142668898947,20.19553078795226,20.19553078795226,0.0,29,29,2779,6.113340020060172,,0
2024-01-09,2024-01-08,4,673b793383011830c1624c092f88326bc0bc25aff3be2b92c02116f8f660245e,v12_cca586e367aa3071f32a,False,False,False,513100,513100,513100,False,False,False,False,20.19553078795226,20.7094119784854,20.7094119784854,0.0,30,30,2779,6.113340020060172,,0
2024-01-10,2024-01-09,4,673b793383011830c1624c092f88326bc0bc25aff3be2b92c02116f8f660245e,v12_cca586e367aa3071f32a,False,False,False,513100,513100,513100,False,False,False,False,20.7094119784854,20.7094119784854,20.7094119784854,0.0,31,31,2779,6.113340020060172,,0
2024-01-11,2024-01-10,4,673b793383011830c1624c092f88326bc0bc25aff3be2b92c02116f8f660245e,v12_cca586e367aa3071f32a,False,False,False,513100,513100,513100,False,False,False,False,20.7094119784854,20.9492232007342,20.9492232007342,0.0,32,32,2779,6.113340020060172,,0
2024-01-12,2024-01-11,4,673b793383011830c1624c092f88326bc0bc25aff3be2b92c02116f8f660245e,v12_cca586e367aa3071f32a,False,False,False,513100,513100,513100,False,False,False,False,20.9492232007342,20.880705708663115,20.880705708663115,0.0,33,33,2779,6.133400200601796,,0
2024-01-15,2024-01-12,4,673b793383011830c1624c092f88326bc0bc25aff3be2b92c02116f8f660245e,v12_cca586e367aa3071f32a,False,False,False,513100,513100,513100,False,False,False,False,20.880705708663115,21.017740692805283,21.017740692805283,0.0,34,34,2779,6.133400200601796,,0
2024-01-16,2024-01-15,4,673b793383011830c1624c092f88326bc0bc25aff3be2b92c02116f8f660245e,v12_cca586e367aa3071f32a,False,False,False,513100,513100,513100,False,False,False,False,21.017740692805283,20.812188216592027,20.812188216592027,0.0,35,35,2779,6.15346038114342,,0
2024-01-17,2024-01-16,4,673b793383011830c1624c092f88326bc0bc25aff3be2b92c02116f8f660245e,v12_cca586e367aa3071f32a,False,False,False,513100,513100,513100,False,False,False,False,20.812188216592027,20.795058843574253,20.795058843574253,0.0,36,36,2779,6.15346038114342,,0
2024-01-18,2024-01-17,4,673b793383011830c1624c092f88326bc0bc25aff3be2b92c02116f8f660245e,v12_cca586e367aa3071f32a,False,False,False,513100,513100,513100,False,False,False,False,20.795058843574253,20.846446962627567,20.846446962627567,0.0,37,37,2779,6.15346038114342,,0
2024-01-19,2024-01-18,4,673b793383011830c1624c092f88326bc0bc25aff3be2b92c02116f8f660245e,v12_cca586e367aa3071f32a,False,False,False,513100,513100,513100,False,False,False,False,20.846446962627567,21.274681288071847,21.274681288071847,0.0,38,38,2779,6.15346038114342,,0
2024-01-22,2024-01-19,4,673b793383011830c1624c092f88326bc0bc25aff3be2b92c02116f8f660245e,v12_cca586e367aa3071f32a,False,False,False,513100,513100,513100,False,False,False,False,21.274681288071847,21.925597462747156,21.925597462747156,0.0,39,39,2779,6.228686058174513,,0
2024-01-23,2024-01-22,4,673b793383011830c1624c092f88326bc0bc25aff3be2b92c02116f8f660245e,v12_cca586e367aa3071f32a,False,False,False,513100,513120,513120,False,True,True,False,21.925597462747156,21.771433105587214,21.767078818966098,0.004354286621117443,40,0,2842,0.7242841993637332,,0
2024-01-24,2024-01-23,4,673b793383011830c1624c092f88326bc0bc25aff3be2b92c02116f8f660245e,v12_cca586e367aa3071f32a,False,False,False,513120,513120,513120,False,False,False,False,21.767078818966098,21.926427858636416,21.926427858636416,0.0,1,1,2842,0.7242841993637332,,0
2024-01-25,2024-01-24,4,673b793383011830c1624c092f88326bc0bc25aff3be2b92c02116f8f660245e,v12_cca586e367aa3071f32a,False,False,False,513120,513120,513120,False,False,False,False,21.926427858636416,22.50008440144958,22.50008440144958,0.0,2,2,2842,0.7295864262990459,,0
2024-01-26,2024-01-25,4,673b793383011830c1624c092f88326bc0bc25aff3be2b92c02116f8f660245e,v12_cca586e367aa3071f32a,False,False,False,513120,513120,513120,False,False,False,False,22.50008440144958,20.779114773010097,20.779114773010097,0.0,3,3,2842,0.7486744432661722,,0
2024-01-29,2024-01-26,4,673b793383011830c1624c092f88326bc0bc25aff3be2b92c02116f8f660245e,v12_cca586e367aa3071f32a,False,False,False,513120,513120,513120,True,False,False,False,20.779114773010097,20.779114773010097,20.779114773010097,0.0,4,4,2842,0.7486744432661722,,0
2024-01-30,2024-01-29,4,673b793383011830c1624c092f88326bc0bc25aff3be2b92c02116f8f660245e,v12_cca586e367aa3071f32a,False,False,False,513120,513100,513100,False,False,True,False,20.779114773010097,20.364807269867256,20.360734308413285,0.004072961453973452,5,0,2842,6.479438314944826,,0
2024-01-31,2024-01-30,4,673b793383011830c1624c092f88326bc0bc25aff3be2b92c02116f8f660245e,v12_cca586e367aa3071f32a,False,False,False,513100,513100,513100,False,False,False,False,20.360734308413285,19.919480004515783,19.919480004515783,0.0,1,1,2842,6.479438314944826,,0
2024-02-01,2024-01-31,4,673b793383011830c1624c092f88326bc0bc25aff3be2b92c02116f8f660245e,v12_cca586e367aa3071f32a,False,False,False,513100,159915,159915,True,True,True,False,19.919480004515783,19.730371017131137,19.72642494292771,0.003946074203426228,2,0,2849,1.9422835633625972,,0
2024-02-02,2024-02-01,4,673b793383011830c1624c092f88326bc0bc25aff3be2b92c02116f8f660245e,v12_cca586e367aa3071f32a,False,False,False,159915,159915,159915,False,False,False,False,19.72642494292771,19.2166982002164,19.2166982002164,0.0,1,1,2849,1.9422835633625972,,0
2024-02-05,2024-02-02,4,673b793383011830c1624c092f88326bc0bc25aff3be2b92c02116f8f660245e,v12_cca586e367aa3071f32a,False,False,False,159915,159915,159915,True,False,False,False,19.2166982002164,19.458818403004273,19.458818403004273,0.0,2,2,2849,1.9422835633625972,,0
2024-02-06,2024-02-05,4,673b793383011830c1624c092f88326bc0bc25aff3be2b92c02116f8f660245e,v12_cca586e367aa3071f32a,False,False,False,159915,159915,159915,False,False,False,False,19.458818403004273,20.68216258551142,20.68216258551142,0.0,3,3,2849,1.9422835633625972,,0
2024-02-07,2024-02-06,4,673b793383011830c1624c092f88326bc0bc25aff3be2b92c02116f8f660245e,v12_cca586e367aa3071f32a,False,False,False,159915,159915,159915,False,False,False,False,20.68216258551142,21.153659822519383,21.153659822519383,0.0,4,4,2849,2.0363864491844286,,0
2024-02-08,2024-02-07,4,673b793383011830c1624c092f88326bc0bc25aff3be2b92c02116f8f660245e,v12_cca586e367aa3071f32a,False,False,False,159915,513100,513100,False,False,True,False,21.153659822519383,21.421266362442825,21.416982109170338,0.004284253272488566,5,0,2849,6.559679037111327,,0
2024-02-19,2024-02-08,4,673b793383011830c1624c092f88326bc0bc25aff3be2b92c02116f8f660245e,v12_cca586e367aa3071f32a,False,False,False,513100,513100,513100,False,False,False,False,21.416982109170338,21.302365232439303,21.302365232439303,0.0,1,1,2849,6.559679037111327,,0
2024-02-20,2024-02-19,4,673b793383011830c1624c092f88326bc0bc25aff3be2b92c02116f8f660245e,v12_cca586e367aa3071f32a,False,False,False,513100,513100,513100,False,False,False,False,21.302365232439303,21.269617553373294,21.269617553373294,0.0,2,2,2849,6.559679037111327,,0
2024-02-21,2024-02-20,4,673b793383011830c1624c092f88326bc0bc25aff3be2b92c02116f8f660245e,v12_cca586e367aa3071f32a,False,False,False,513100,513100,513100,False,False,False,False,21.269617553373294,20.991262281312213,20.991262281312213,0.0,3,3,2849,6.559679037111327,,0
2024-02-22,2024-02-21,4,673b793383011830c1624c092f88326bc0bc25aff3be2b92c02116f8f660245e,v12_cca586e367aa3071f32a,False,False,False,513100,513100,513100,False,False,False,False,20.991262281312213,21.351486751038323,21.351486751038323,0.0,4,4,2849,6.559679037111327,,0
2024-02-23,2024-02-22,4,673b793383011830c1624c092f88326bc0bc25aff3be2b92c02116f8f660245e,v12_cca586e367aa3071f32a,False,False,False,513100,513100,513100,False,False,False,False,21.351486751038323,21.629842023099403,21.629842023099403,0.0,5,5,2849,6.559679037111327,,0
2024-02-26,2024-02-23,4,673b793383011830c1624c092f88326bc0bc25aff3be2b92c02116f8f660245e,v12_cca586e367aa3071f32a,False,False,False,513100,513100,513100,False,False,False,False,21.629842023099403,21.41698210917034,21.41698210917034,0.0,6,6,2849,6.624874623871607,,0
2024-02-27,2024-02-26,4,673b793383011830c1624c092f88326bc0bc25aff3be2b92c02116f8f660245e,v12_cca586e367aa3071f32a,False,False,False,513100,513100,513100,False,False,False,False,21.41698210917034,21.384234430104335,21.384234430104335,0.0,7,7,2849,6.624874623871607,,0
2024-02-28,2024-02-27,4,673b793383011830c1624c092f88326bc0bc25aff3be2b92c02116f8f660245e,v12_cca586e367aa3071f32a,False,False,False,513100,513100,513100,False,False,False,False,21.384234430104335,21.433355948703348,21.433355948703348,0.0,8,8,2849,6.624874623871607,,0
2024-02-29,2024-02-28,4,673b793383011830c1624c092f88326bc0bc25aff3be2b92c02116f8f660245e,v12_cca586e367aa3071f32a,False,False,False,513100,513100,513100,False,False,False,False,21.433355948703348,21.285991392906308,21.285991392906308,0.0,9,9,2849,6.624874623871607,,0
2024-03-01,2024-02-29,4,673b793383011830c1624c092f88326bc0bc25aff3be2b92c02116f8f660245e,v12_cca586e367aa3071f32a,False,False,False,513100,513100,513100,False,False,False,False,21.285991392906308,21.62984202309941,21.62984202309941,0.0,10,10,2849,6.624874623871607,,0
2024-03-04,2024-03-01,4,673b793383011830c1624c092f88326bc0bc25aff3be2b92c02116f8f660245e,v12_cca586e367aa3071f32a,False,False,False,513100,513100,513100,False,False,False,False,21.62984202309941,21.924571134693497,21.924571134693497,0.0,11,11,2849,6.624874623871608,,0
2024-03-05,2024-03-04,4,673b793383011830c1624c092f88326bc0bc25aff3be2b92c02116f8f660245e,v12_cca586e367aa3071f32a,False,False,False,513100,513100,513100,False,False,False,False,21.924571134693497,21.760832739363444,21.760832739363444,0.0,12,12,2849,6.715145436308919,,0
2024-03-06,2024-03-05,4,673b793383011830c1624c092f88326bc0bc25aff3be2b92c02116f8f660245e,v12_cca586e367aa3071f32a,False,False,False,513100,513100,513100,False,False,False,False,21.760832739363444,21.678963541698423,21.678963541698423,0.0,13,13,2849,6.715145436308919,,0
2024-03-07,2024-03-06,4,673b793383011830c1624c092f88326bc0bc25aff3be2b92c02116f8f660245e,v12_cca586e367aa3071f32a,False,False,False,513100,513100,513100,False,False,False,False,21.678963541698423,21.531598985901375,21.531598985901375,0.0,14,14,2849,6.715145436308919,,0
2024-03-08,2024-03-07,4,673b793383011830c1624c092f88326bc0bc25aff3be2b92c02116f8f660245e,v12_cca586e367aa3071f32a,False,False,False,513100,513100,513100,False,False,False,False,21.531598985901375,21.89182345562748,21.89182345562748,0.0,15,15,2849,6.715145436308919,,0
2024-03-11,2024-03-08,4,673b793383011830c1624c092f88326bc0bc25aff3be2b92c02116f8f660245e,v12_cca586e367aa3071f32a,False,False,False,513100,513100,513100,False,False,False,False,21.89182345562748,21.564346664967385,21.564346664967385,0.0,16,16,2849,6.715145436308919,,0
2024-03-12,2024-03-11,4,673b793383011830c1624c092f88326bc0bc25aff3be2b92c02116f8f660245e,v12_cca586e367aa3071f32a,False,False,False,513100,513120,513120,False,False,True,False,21.564346664967385,21.646215862632413,21.641886619459886,0.004329243172526483,17,0,2849,0.7306468716861085,,0
2024-03-13,2024-03-12,4,673b793383011830c1624c092f88326bc0bc25aff3be2b92c02116f8f660245e,v12_cca586e367aa3071f32a,False,False,False,513120,513120,513120,False,False,False,False,21.641886619459886,21.453423165589413,21.453423165589413,0.0,1,1,2849,0.7306468716861085,,0
2024-03-14,2024-03-13,4,673b793383011830c1624c092f88326bc0bc25aff3be2b92c02116f8f660245e,v12_cca586e367aa3071f32a,False,False,False,513120,513120,513120,False,False,False,False,21.453423165589413,21.955992375910682,21.955992375910682,0.0,2,2,2849,0.7306468716861085,,0
2024-03-15,2024-03-14,4,673b793383011830c1624c092f88326bc0bc25aff3be2b92c02116f8f660245e,v12_cca586e367aa3071f32a,False,False,False,513120,513120,513120,False,False,False,False,21.955992375910682,21.893171224620524,21.893171224620524,0.0,3,3,2849,0.7412513255567342,,0
2024-03-18,2024-03-15,4,673b793383011830c1624c092f88326bc0bc25aff3be2b92c02116f8f660245e,v12_cca586e367aa3071f32a,False,False,False,513120,513120,513120,False,False,False,False,21.893171224620524,22.018813527200845,22.018813527200845,0.0,4,4,2849,0.7412513255567342,,0
2024-03-19,2024-03-18,4,673b793383011830c1624c092f88326bc0bc25aff3be2b92c02116f8f660245e,v12_cca586e367aa3071f32a,False,False,False,513120,512400,512400,False,False,True,False,22.018813527200845,21.20213856042878,21.197898132716695,0.0042404277120857556,5,0,2849,0.9922779922779996,,0
2024-03-20,2024-03-19,4,673b793383011830c1624c092f88326bc0bc25aff3be2b92c02116f8f660245e,v12_cca586e367aa3071f32a,False,False,False,512400,518880,518880,False,False,True,False,21.197898132716695,21.177277609241287,21.17304215371944,0.004235455521848257,1,0,2849,1.858339680121858,,0
2024-03-21,2024-03-20,4,673b793383011830c1624c092f88326bc0bc25aff3be2b92c02116f8f660245e,v12_cca586e367aa3071f32a,False,False,False,518880,518880,518880,False,False,False,False,21.17304215371944,21.598238492052328,21.598238492052328,0.0,1,1,2849,1.858339680121858,,0
2024-03-22,2024-03-21,4,673b793383011830c1624c092f88326bc0bc25aff3be2b92c02116f8f660245e,v12_cca586e367aa3071f32a,False,False,False,518880,518880,518880,False,False,False,False,21.598238492052328,21.4593988713722,21.4593988713722,0.0,2,2,2849,1.8956587966488951,,0
2024-03-25,2024-03-22,4,673b793383011830c1624c092f88326bc0bc25aff3be2b92c02116f8f660245e,v12_cca586e367aa3071f32a,False,False,False,518880,518880,518880,False,False,False,False,21.4593988713722,21.502786252834746,21.502786252834746,0.0,3,3,2849,1.8956587966488951,,0
2024-03-26,2024-03-25,4,673b793383011830c1624c092f88326bc0bc25aff3be2b92c02116f8f660245e,v12_cca586e367aa3071f32a,False,False,False,518880,518880,518880,False,False,False,False,21.502786252834746,21.546173634297283,21.546173634297283,0.0,4,4,2849,1.8956587966488951,,0
2024-03-27,2024-03-26,4,673b793383011830c1624c092f88326bc0bc25aff3be2b92c02116f8f660245e,v12_cca586e367aa3071f32a,False,False,False,518880,518880,518880,False,False,False,False,21.546173634297283,21.650303349807377,21.650303349807377,0.0,5,5,2849,1.8956587966488951,,0
2024-03-28,2024-03-27,4,673b793383011830c1624c092f88326bc0bc25aff3be2b92c02116f8f660245e,v12_cca586e367aa3071f32a,False,False,False,518880,518880,518880,False,False,False,False,21.650303349807377,21.81951413751128,21.81951413751128,0.0,6,6,2849,1.9002284843868997,,0
2024-03-29,2024-03-28,4,673b793383011830c1624c092f88326bc0bc25aff3be2b92c02116f8f660245e,v12_cca586e367aa3071f32a,False,False,False,518880,518880,518880,False,False,False,False,21.81951413751128,22.24037173769792,22.24037173769792,0.0,7,7,2849,1.9150799695354146,,0
2024-04-01,2024-03-29,4,673b793383011830c1624c092f88326bc0bc25aff3be2b92c02116f8f660245e,v12_cca586e367aa3071f32a,False,False,False,518880,518880,518880,False,False,False,False,22.24037173769792,22.366195143939283,22.366195143939283,0.0,8,8,2849,1.9520182787509517,,0
2024-04-02,2024-04-01,4,673b793383011830c1624c092f88326bc0bc25aff3be2b92c02116f8f660245e,v12_cca586e367aa3071f32a,False,False,False,518880,512400,512400,False,False,True,False,22.366195143939283,22.3835500965243,22.379073386504995,0.00447671001930486,9,0,2849,1.0405405405405481,,0
2024-04-03,2024-04-02,4,673b793383011830c1624c092f88326bc0bc25aff3be2b92c02116f8f660245e,v12_cca586e367aa3071f32a,False,False,False,512400,518880,518880,False,False,True,False,22.379073386504995,23.126426486610917,23.121801201313595,0.004625285297322184,1,0,2849,1.9920030464584912,,0
2024-04-08,2024-04-03,4,673b793383011830c1624c092f88326bc0bc25aff3be2b92c02116f8f660245e,v12_cca586e367aa3071f32a,False,False,False,518880,518880,518880,False,False,False,False,23.121801201313595,23.665479570222328,23.665479570222328,0.0,1,1,2849,1.9920030464584912,,0
2024-04-09,2024-04-08,4,673b793383011830c1624c092f88326bc0bc25aff3be2b92c02116f8f660245e,v12_cca586e367aa3071f32a,False,False,False,518880,518880,518880,False,False,False,False,23.665479570222328,23.73178181033315,23.73178181033315,0.0,2,2,2849,2.038842345773038,,0
2024-04-10,2024-04-09,4,673b793383011830c1624c092f88326bc0bc25aff3be2b92c02116f8f660245e,v12_cca586e367aa3071f32a,False,False,False,518880,518880,518880,False,False,False,False,23.73178181033315,23.815764647806855,23.815764647806855,0.0,3,3,2849,2.0445544554455437,,0
2024-04-11,2024-04-10,4,673b793383011830c1624c092f88326bc0bc25aff3be2b92c02116f8f660245e,v12_cca586e367aa3071f32a,False,False,False,518880,518880,518880,False,False,False,False,23.815764647806855,23.638958674177996,23.638958674177996,0.0,4,4,2849,2.051789794364051,,0
2024-04-12,2024-04-11,4,673b793383011830c1624c092f88326bc0bc25aff3be2b92c02116f8f660245e,v12_cca586e367aa3071f32a,False,False,False,518880,518880,518880,False,False,False,False,23.638958674177996,24.328501971330528,24.328501971330528,0.0,5,5,2849,2.051789794364051,,0
2024-04-15,2024-04-12,4,673b793383011830c1624c092f88326bc0bc25aff3be2b92c02116f8f660245e,v12_cca586e367aa3071f32a,False,False,False,518880,518880,518880,False,False,False,False,24.328501971330528,23.943948978687764,23.943948978687764,0.0,6,6,2849,2.0959634424980944,,0
2024-04-16,2024-04-15,4,673b793383011830c1624c092f88326bc0bc25aff3be2b92c02116f8f660245e,v12_cca586e367aa3071f32a,False,False,False,518880,518880,518880,False,False,False,False,23.943948978687764,24.098654205613013,24.098654205613013,0.0,7,7,2849,2.0959634424980944,,0
2024-04-17,2024-04-16,4,673b793383011830c1624c092f88326bc0bc25aff3be2b92c02116f8f660245e,v12_cca586e367aa3071f32a,False,False,False,518880,518880,518880,False,False,False,False,24.098654205613013,24.138435549679507,24.138435549679507,0.0,8,8,2849,2.0959634424980944,,0
2024-04-18,2024-04-17,4,673b793383011830c1624c092f88326bc0bc25aff3be2b92c02116f8f660245e,v12_cca586e367aa3071f32a,False,False,False,518880,518880,518880,False,False,False,False,24.138435549679507,24.06771316022796,24.06771316022796,0.0,9,9,2849,2.0959634424980944,,0
2024-04-19,2024-04-18,4,673b793383011830c1624c092f88326bc0bc25aff3be2b92c02116f8f660245e,v12_cca586e367aa3071f32a,False,False,False,518880,518880,518880,False,False,False,False,24.06771316022796,24.182637043086714,24.182637043086714,0.0,10,10,2849,2.0959634424980944,,0
2024-04-22,2024-04-19,4,673b793383011830c1624c092f88326bc0bc25aff3be2b92c02116f8f660245e,v12_cca586e367aa3071f32a,False,False,False,518880,513120,513120,False,True,True,False,24.182637043086714,23.70968106362952,23.704939127416797,0.004741936212725904,11,0,2898,0.6309650053022273,,0
2024-04-23,2024-04-22,4,673b793383011830c1624c092f88326bc0bc25aff3be2b92c02116f8f660245e,v12_cca586e367aa3071f32a,False,False,False,513120,513120,513120,False,False,False,False,23.704939127416797,24.30254263483067,24.30254263483067,0.0,1,1,2898,0.6309650053022273,,0
2024-04-24,2024-04-23,4,673b793383011830c1624c092f88326bc0bc25aff3be2b92c02116f8f660245e,v12_cca586e367aa3071f32a,False,False,False,513120,513120,513120,False,False,False,False,24.30254263483067,24.820465674589354,24.820465674589354,0.0,2,2,2898,0.6468716861081659,,0
2024-04-25,2024-04-24,4,673b793383011830c1624c092f88326bc0bc25aff3be2b92c02116f8f660245e,v12_cca586e367aa3071f32a,False,False,False,513120,513120,513120,False,False,False,False,24.820465674589354,25.179027779037675,25.179027779037675,0.0,3,3,2898,0.6606574761399793,,0
2024-04-26,2024-04-25,4,673b793383011830c1624c092f88326bc0bc25aff3be2b92c02116f8f660245e,v12_cca586e367aa3071f32a,False,False,False,513120,513120,513120,False,False,False,False,25.179027779037675,25.657110584968773,25.657110584968773,0.0,4,4,2898,0.6702014846235423,,0
2024-04-29,2024-04-26,4,673b793383011830c1624c092f88326bc0bc25aff3be2b92c02116f8f660245e,v12_cca586e367aa3071f32a,False,False,False,513120,512890,512890,False,False,True,False,25.657110584968773,26.095353157072275,26.090134086440862,0.005219070631414456,5,0,2898,2.0658025922233327,,0
2024-04-30,2024-04-29,4,673b793383011830c1624c092f88326bc0bc25aff3be2b92c02116f8f660245e,v12_cca586e367aa3071f32a,False,False,False,512890,512890,512890,False,False,False,False,26.090134086440862,26.190868194882718,26.190868194882718,0.0,1,1,2898,2.0658025922233327,,0
2024-05-06,2024-04-30,4,673b793383011830c1624c092f88326bc0bc25aff3be2b92c02116f8f660245e,v12_cca586e367aa3071f32a,False,False,False,512890,512890,512890,False,False,False,False,26.190868194882718,26.367152884655965,26.367152884655965,0.0,2,2,2898,2.0737786640079787,,0
2024-05-07,2024-05-06,4,673b793383011830c1624c092f88326bc0bc25aff3be2b92c02116f8f660245e,v12_cca586e367aa3071f32a,False,False,False,512890,512890,512890,False,False,False,False,26.367152884655965,26.392336411766433,26.392336411766433,0.0,3,3,2898,2.0877367896311094,,0
2024-05-08,2024-05-07,4,673b793383011830c1624c092f88326bc0bc25aff3be2b92c02116f8f660245e,v12_cca586e367aa3071f32a,False,False,False,512890,512890,512890,False,False,False,False,26.392336411766433,26.51825404731875,26.51825404731875,0.0,4,4,2898,2.089730807577271,,0
2024-05-09,2024-05-08,4,673b793383011830c1624c092f88326bc0bc25aff3be2b92c02116f8f660245e,v12_cca586e367aa3071f32a,False,False,False,512890,513120,513120,False,False,True,False,26.51825404731875,26.71972226420246,26.71437831974962,0.005343944452840492,5,0,2898,0.7306468716861086,,0
2024-05-10,2024-05-09,4,673b793383011830c1624c092f88326bc0bc25aff3be2b92c02116f8f660245e,v12_cca586e367aa3071f32a,False,False,False,513120,513120,513120,False,False,False,False,26.71437831974962,26.98578709803445,26.98578709803445,0.0,1,1,2898,0.7306468716861086,,0
2024-05-13,2024-05-10,4,673b793383011830c1624c092f88326bc0bc25aff3be2b92c02116f8f660245e,v12_cca586e367aa3071f32a,False,False,False,513120,513120,513120,False,False,False,False,26.98578709803445,26.714378319749617,26.714378319749617,0.0,2,2,2898,0.7380699893955466,,0
2024-05-14,2024-05-13,4,673b793383011830c1624c092f88326bc0bc25aff3be2b92c02116f8f660245e,v12_cca586e367aa3071f32a,False,False,False,513120,513120,513120,False,False,False,False,26.714378319749617,26.83069636758597,26.83069636758597,0.0,3,3,2898,0.7380699893955466,,0
2024-05-15,2024-05-14,4,673b793383011830c1624c092f88326bc0bc25aff3be2b92c02116f8f660245e,v12_cca586e367aa3071f32a,False,False,False,513120,513120,513120,False,False,False,False,26.83069636758597,26.326651493628436,26.326651493628436,0.0,4,4,2898,0.7380699893955466,,0
2024-05-16,2024-05-15,4,673b793383011830c1624c092f88326bc0bc25aff3be2b92c02116f8f660245e,v12_cca586e367aa3071f32a,False,False,False,513120,513120,513120,False,False,False,False,26.326651493628436,26.63683295452538,26.63683295452538,0.0,5,5,2898,0.7380699893955466,,0
2024-05-17,2024-05-16,4,673b793383011830c1624c092f88326bc0bc25aff3be2b92c02116f8f660245e,v12_cca586e367aa3071f32a,False,False,False,513120,513120,513120,False,False,False,False,26.63683295452538,26.63683295452538,26.63683295452538,0.0,6,6,2898,0.7380699893955466,,0
2024-05-20,2024-05-17,4,673b793383011830c1624c092f88326bc0bc25aff3be2b92c02116f8f660245e,v12_cca586e367aa3071f32a,False,False,False,513120,513120,513120,False,False,False,False,26.63683295452538,26.83069636758597,26.83069636758597,0.0,7,7,2898,0.7380699893955466,,0
2024-05-21,2024-05-20,4,673b793383011830c1624c092f88326bc0bc25aff3be2b92c02116f8f660245e,v12_cca586e367aa3071f32a,False,False,False,513120,513120,513120,False,False,False,False,26.83069636758597,25.900151984895125,25.900151984895125,0.0,8,8,2898,0.7380699893955466,,0
2024-05-22,2024-05-21,4,673b793383011830c1624c092f88326bc0bc25aff3be2b92c02116f8f660245e,v12_cca586e367aa3071f32a,False,False,False,513120,513100,513100,True,False,True,False,25.900151984895125,25.86137930228301,25.856207026422553,0.005172275860456602,9,0,2898,6.865596790371113,,0
2024-05-23,2024-05-22,4,673b793383011830c1624c092f88326bc0bc25aff3be2b92c02116f8f660245e,v12_cca586e367aa3071f32a,False,False,False,513100,513100,513100,False,False,False,False,25.856207026422553,26.08285018516402,26.08285018516402,0.0,1,1,2898,6.865596790371113,,0
2024-05-24,2024-05-23,4,673b793383011830c1624c092f88326bc0bc25aff3be2b92c02116f8f660245e,v12_cca586e367aa3071f32a,False,False,False,513100,513100,513100,False,False,False,False,26.08285018516402,25.648450797576206,25.648450797576206,0.0,2,2,2898,6.925777331995986,,0
2024-05-27,2024-05-24,4,673b793383011830c1624c092f88326bc0bc25aff3be2b92c02116f8f660245e,v12_cca586e367aa3071f32a,False,False,False,513100,513120,513120,False,True,True,False,25.648450797576206,25.950641675898165,25.945451547562985,0.005190128335179634,3,0,2920,0.6733828207847298,,0
2024-05-28,2024-05-27,4,673b793383011830c1624c092f88326bc0bc25aff3be2b92c02116f8f660245e,v12_cca586e367aa3071f32a,False,False,False,513120,513120,513120,False,False,False,False,25.945451547562985,25.986310526378045,25.986310526378045,0.0,1,1,2920,0.6733828207847298,,0
2024-05-29,2024-05-28,4,673b793383011830c1624c092f88326bc0bc25aff3be2b92c02116f8f660245e,v12_cca586e367aa3071f32a,False,False,False,513120,513120,513120,False,False,False,False,25.986310526378045,25.332566865337085,25.332566865337085,0.0,2,2,2920,0.6744432661717924,,0
2024-05-30,2024-05-29,4,673b793383011830c1624c092f88326bc0bc25aff3be2b92c02116f8f660245e,v12_cca586e367aa3071f32a,False,False,False,513120,513120,513120,False,False,False,False,25.332566865337085,25.2099899288919,25.2099899288919,0.0,3,3,2920,0.6744432661717924,,0
2024-05-31,2024-05-30,4,673b793383011830c1624c092f88326bc0bc25aff3be2b92c02116f8f660245e,v12_cca586e367aa3071f32a,False,False,False,513120,513120,513120,False,False,False,False,25.2099899288919,25.618579717042497,25.618579717042497,0.0,4,4,2920,0.6744432661717924,,0
2024-06-03,2024-05-31,4,673b793383011830c1624c092f88326bc0bc25aff3be2b92c02116f8f660245e,v12_cca586e367aa3071f32a,False,False,False,513120,513100,513100,False,False,True,False,25.618579717042497,25.455143801782256,25.450052773021902,0.0050910287603564515,5,0,2920,6.815446339017049,,0
2024-06-04,2024-06-03,4,673b793383011830c1624c092f88326bc0bc25aff3be2b92c02116f8f660245e,v12_cca586e367aa3071f32a,False,False,False,513100,513100,513100,False,False,False,False,25.450052773021902,25.375144597089534,25.375144597089534,0.0,1,1,2920,6.815446339017049,,0
2024-06-05,2024-06-04,4,673b793383011830c1624c092f88326bc0bc25aff3be2b92c02116f8f660245e,v12_cca586e367aa3071f32a,False,False,False,513100,513100,513100,False,False,False,False,25.375144597089534,25.581142080903547,25.581142080903547,0.0,2,2,2920,6.815446339017049,,0
2024-06-06,2024-06-05,4,673b793383011830c1624c092f88326bc0bc25aff3be2b92c02116f8f660245e,v12_cca586e367aa3071f32a,False,False,False,513100,513100,513100,False,False,False,False,25.581142080903547,26.086772268447028,26.086772268447028,0.0,3,3,2920,6.850551654964892,,0
2024-06-07,2024-06-06,4,673b793383011830c1624c092f88326bc0bc25aff3be2b92c02116f8f660245e,v12_cca586e367aa3071f32a,False,False,False,513100,513100,513100,False,False,False,False,26.086772268447028,26.10549931243012,26.10549931243012,0.0,4,4,2920,6.98595787362086,,0
2024-06-11,2024-06-07,4,673b793383011830c1624c092f88326bc0bc25aff3be2b92c02116f8f660245e,v12_cca586e367aa3071f32a,False,False,False,513100,513100,513100,False,False,False,False,26.10549931243012,26.12422635641321,26.12422635641321,0.0,5,5,2920,6.990972918756266,,0
2024-06-12,2024-06-11,4,673b793383011830c1624c092f88326bc0bc25aff3be2b92c02116f8f660245e,v12_cca586e367aa3071f32a,False,False,False,513100,513100,513100,False,False,False,False,26.12422635641321,26.3676779281934,26.3676779281934,0.0,6,6,2920,6.995987963891673,,0
2024-06-13,2024-06-12,4,673b793383011830c1624c092f88326bc0bc25aff3be2b92c02116f8f660245e,v12_cca586e367aa3071f32a,False,False,False,513100,513100,513100,False,False,False,False,26.3676779281934,26.892035159719978,26.892035159719978,0.0,7,7,2920,7.061183550651953,,0
2024-06-14,2024-06-13,4,673b793383011830c1624c092f88326bc0bc25aff3be2b92c02116f8f660245e,v12_cca586e367aa3071f32a,False,False,False,513100,513100,513100,False,False,False,False,26.892035159719978,26.87330811573689,26.87330811573689,0.0,8,8,2920,7.2016048144433285,,0
2024-06-17,2024-06-14,4,673b793383011830c1624c092f88326bc0bc25aff3be2b92c02116f8f660245e,v12_cca586e367aa3071f32a,False,False,False,513100,513100,513100,False,False,False,False,26.87330811573689,26.985670379635444,26.985670379635444,0.0,9,9,2920,7.2016048144433285,,0
2024-06-18,2024-06-17,4,673b793383011830c1624c092f88326bc0bc25aff3be2b92c02116f8f660245e,v12_cca586e367aa3071f32a,False,False,False,513100,513100,513100,False,False,False,False,26.985670379635444,27.34148421531419,27.34148421531419,0.0,10,10,2920,7.226680040120361,,0
2024-06-19,2024-06-18,4,673b793383011830c1624c092f88326bc0bc25aff3be2b92c02116f8f660245e,v12_cca586e367aa3071f32a,False,False,False,513100,513100,513100,False,False,False,False,27.34148421531419,27.378938303280375,27.378938303280375,0.0,11,11,2920,7.3219658976930795,,0
2024-06-20,2024-06-19,4,673b793383011830c1624c092f88326bc0bc25aff3be2b92c02116f8f660245e,v12_cca586e367aa3071f32a,False,False,False,513100,513100,513100,False,False,False,False,27.378938303280375,27.566208743111293,27.566208743111293,0.0,12,12,2920,7.331995987963892,,0
2024-06-21,2024-06-20,4,673b793383011830c1624c092f88326bc0bc25aff3be2b92c02116f8f660245e,v12_cca586e367aa3071f32a,False,False,False,513100,513100,513100,False,False,False,False,27.566208743111293,27.154213775483274,27.154213775483274,0.0,13,13,2920,7.382146439317954,,0
2024-06-24,2024-06-21,4,673b793383011830c1624c092f88326bc0bc25aff3be2b92c02116f8f660245e,v12_cca586e367aa3071f32a,False,False,False,513100,513100,513100,False,False,False,False,27.154213775483274,27.04185151158472,27.04185151158472,0.0,14,14,2920,7.382146439317954,,0
2024-06-25,2024-06-24,4,673b793383011830c1624c092f88326bc0bc25aff3be2b92c02116f8f660245e,v12_cca586e367aa3071f32a,False,False,False,513100,513100,513100,False,False,False,False,27.04185151158472,26.760945851838343,26.760945851838343,0.0,15,15,2920,7.382146439317954,,0
2024-06-26,2024-06-25,4,673b793383011830c1624c092f88326bc0bc25aff3be2b92c02116f8f660245e,v12_cca586e367aa3071f32a,False,False,False,513100,513100,513100,False,False,False,False,26.760945851838343,27.26657603938182,27.26657603938182,0.0,16,16,2920,7.382146439317954,,0
2024-06-27,2024-06-26,4,673b793383011830c1624c092f88326bc0bc25aff3be2b92c02116f8f660245e,v12_cca586e367aa3071f32a,False,False,False,513100,513100,513100,False,False,False,False,27.26657603938182,27.247848995398734,27.247848995398734,0.0,17,17,2920,7.382146439317954,,0
2024-06-28,2024-06-27,4,673b793383011830c1624c092f88326bc0bc25aff3be2b92c02116f8f660245e,v12_cca586e367aa3071f32a,False,False,False,513100,513100,513100,False,False,False,False,27.247848995398734,27.62238987506057,27.62238987506057,0.0,18,18,2920,7.382146439317954,,0
2024-07-01,2024-06-28,4,673b793383011830c1624c092f88326bc0bc25aff3be2b92c02116f8f660245e,v12_cca586e367aa3071f32a,False,False,False,513100,513100,513100,False,False,False,False,27.62238987506057,27.584935787094388,27.584935787094388,0.0,19,19,2920,7.3971915747241725,,0
2024-07-02,2024-07-01,4,673b793383011830c1624c092f88326bc0bc25aff3be2b92c02116f8f660245e,v12_cca586e367aa3071f32a,False,False,False,513100,513100,513100,False,False,False,False,27.584935787094388,27.603662831077475,27.603662831077475,0.0,20,20,2920,7.3971915747241725,,0
2024-07-03,2024-07-02,4,673b793383011830c1624c092f88326bc0bc25aff3be2b92c02116f8f660245e,v12_cca586e367aa3071f32a,False,False,False,513100,513100,513100,False,False,False,False,27.603662831077475,28.109293018620953,28.109293018620953,0.0,21,21,2920,7.3971915747241725,,0
2024-07-04,2024-07-03,4,673b793383011830c1624c092f88326bc0bc25aff3be2b92c02116f8f660245e,v12_cca586e367aa3071f32a,False,False,False,513100,513100,513100,False,False,False,False,28.109293018620953,28.277836414468783,28.277836414468783,0.0,22,22,2920,7.527582748244732,,0
2024-07-05,2024-07-04,4,673b793383011830c1624c092f88326bc0bc25aff3be2b92c02116f8f660245e,v12_cca586e367aa3071f32a,False,False,False,513100,513100,513100,False,False,False,False,28.277836414468783,28.633650250147532,28.633650250147532,0.0,23,23,2920,7.572718154463389,,0
2024-07-08,2024-07-05,4,673b793383011830c1624c092f88326bc0bc25aff3be2b92c02116f8f660245e,v12_cca586e367aa3071f32a,False,False,False,513100,513100,513100,False,False,False,False,28.633650250147532,29.064372261758646,29.064372261758646,0.0,24,24,2920,7.668004012036107,,0
2024-07-09,2024-07-08,4,673b793383011830c1624c092f88326bc0bc25aff3be2b92c02116f8f660245e,v12_cca586e367aa3071f32a,False,False,False,513100,513100,513100,False,False,False,False,29.064372261758646,29.364004965488114,29.364004965488114,0.0,25,25,2920,7.7833500501504504,,0
2024-07-10,2024-07-09,4,673b793383011830c1624c092f88326bc0bc25aff3be2b92c02116f8f660245e,v12_cca586e367aa3071f32a,False,False,False,513100,513100,513100,False,False,False,False,29.364004965488114,28.989464085826278,28.989464085826278,0.0,26,26,2920,7.863590772316949,,0
2024-07-11,2024-07-10,4,673b793383011830c1624c092f88326bc0bc25aff3be2b92c02116f8f660245e,v12_cca586e367aa3071f32a,False,False,False,513100,513100,513100,False,False,False,False,28.989464085826278,29.120553393707915,29.120553393707915,0.0,27,27,2920,7.863590772316949,,0
2024-07-12,2024-07-11,4,673b793383011830c1624c092f88326bc0bc25aff3be2b92c02116f8f660245e,v12_cca586e367aa3071f32a,False,False,False,513100,513100,513100,False,False,False,False,29.120553393707915,27.940749622773126,27.940749622773126,0.0,28,28,2920,7.863590772316949,,0
2024-07-15,2024-07-12,4,673b793383011830c1624c092f88326bc0bc25aff3be2b92c02116f8f660245e,v12_cca586e367aa3071f32a,False,False,False,513100,512400,512400,True,False,True,False,27.940749622773126,28.820920689978443,28.81515650584045,0.005764184137995689,29,0,2920,1.0019305019305091,,0
2024-07-16,2024-07-15,4,673b793383011830c1624c092f88326bc0bc25aff3be2b92c02116f8f660245e,v12_cca586e367aa3071f32a,False,False,False,512400,513100,513100,False,False,True,False,28.81515650584045,29.064998903289933,29.059185903509274,0.005812999780657987,1,0,2920,7.70310932798395,,0
2024-07-17,2024-07-16,4,673b793383011830c1624c092f88326bc0bc25aff3be2b92c02116f8f660245e,v12_cca586e367aa3071f32a,False,False,False,513100,513100,513100,False,False,False,False,29.059185903509274,28.794323531992912,28.794323531992912,0.0,1,1,2920,7.70310932798395,,0
2024-07-18,2024-07-17,4,673b793383011830c1624c092f88326bc0bc25aff3be2b92c02116f8f660245e,v12_cca586e367aa3071f32a,False,False,False,513100,513100,513100,False,False,False,False,28.794323531992912,28.283517529782788,28.283517529782788,0.0,2,2,2920,7.70310932798395,,0
2024-07-19,2024-07-18,4,673b793383011830c1624c092f88326bc0bc25aff3be2b92c02116f8f660245e,v12_cca586e367aa3071f32a,False,False,False,513100,513100,513100,False,False,False,False,28.283517529782788,27.829467750040457,27.829467750040457,0.0,3,3,2920,7.70310932798395,,0
2024-07-22,2024-07-19,4,673b793383011830c1624c092f88326bc0bc25aff3be2b92c02116f8f660245e,v12_cca586e367aa3071f32a,False,False,False,513100,513100,513100,False,False,False,False,27.829467750040457,27.67811782345968,27.67811782345968,0.0,4,4,2920,7.70310932798395,,0
2024-07-23,2024-07-22,4,673b793383011830c1624c092f88326bc0bc25aff3be2b92c02116f8f660245e,v12_cca586e367aa3071f32a,False,False,False,513100,513100,513100,False,False,False,False,27.67811782345968,27.94298019497604,27.94298019497604,0.0,5,5,2920,7.70310932798395,,0
2024-07-24,2024-07-23,4,673b793383011830c1624c092f88326bc0bc25aff3be2b92c02116f8f660245e,v12_cca586e367aa3071f32a,False,False,False,513100,513100,513100,False,False,False,False,27.94298019497604,27.39433671112072,27.39433671112072,0.0,6,6,2920,7.70310932798395,,0
2024-07-25,2024-07-24,4,673b793383011830c1624c092f88326bc0bc25aff3be2b92c02116f8f660245e,v12_cca586e367aa3071f32a,False,False,False,513100,518880,518880,False,False,True,False,27.39433671112072,26.618668337394237,26.61334460372676,0.005323733667478847,7,0,2920,2.028560548362526,,0
2024-07-26,2024-07-25,4,673b793383011830c1624c092f88326bc0bc25aff3be2b92c02116f8f660245e,v12_cca586e367aa3071f32a,False,False,False,518880,513120,513120,True,False,True,False,26.61334460372676,26.728251103799167,26.722905453578406,0.0053456502207598336,1,0,2920,0.6553552492046659,,0
2024-07-29,2024-07-26,4,673b793383011830c1624c092f88326bc0bc25aff3be2b92c02116f8f660245e,v12_cca586e367aa3071f32a,False,False,False,513120,513120,513120,False,False,False,False,26.722905453578406,26.679664506242517,26.679664506242517,0.0,1,1,2920,0.6553552492046659,,0
2024-07-30,2024-07-29,4,673b793383011830c1624c092f88326bc0bc25aff3be2b92c02116f8f660245e,v12_cca586e367aa3071f32a,False,False,False,513120,513120,513120,False,False,False,False,26.679664506242517,26.290495980219525,26.290495980219525,0.0,2,2,2920,0.6553552492046659,,0
2024-07-31,2024-07-30,4,673b793383011830c1624c092f88326bc0bc25aff3be2b92c02116f8f660245e,v12_cca586e367aa3071f32a,False,False,False,513120,513120,513120,False,False,False,False,26.290495980219525,27.19855587427316,27.19855587427316,0.0,3,3,2920,0.6553552492046659,,0
2024-08-01,2024-07-31,4,673b793383011830c1624c092f88326bc0bc25aff3be2b92c02116f8f660245e,v12_cca586e367aa3071f32a,False,False,False,513120,588080,588080,False,False,True,False,27.19855587427316,27.068833032265502,27.06341926565905,0.005413766606453101,4,0,2920,0.523119392684611,,0
2024-08-02,2024-08-01,4,673b793383011830c1624c092f88326bc0bc25aff3be2b92c02116f8f660245e,v12_cca586e367aa3071f32a,False,False,False,588080,513120,513120,False,False,True,False,27.06341926565905,26.599270914137193,26.593951059954367,0.005319854182827439,1,0,2920,0.6617179215270412,,0
2024-08-05,2024-08-02,4,673b793383011830c1624c092f88326bc0bc25aff3be2b92c02116f8f660245e,v12_cca586e367aa3071f32a,False,False,False,513120,513120,513120,False,False,False,False,26.593951059954367,26.29562148075616,26.29562148075616,0.0,1,1,2920,0.6617179215270412,,0
2024-08-06,2024-08-05,4,673b793383011830c1624c092f88326bc0bc25aff3be2b92c02116f8f660245e,v12_cca586e367aa3071f32a,False,False,False,513120,513120,513120,False,False,False,False,26.29562148075616,27.190610218350777,27.190610218350777,0.0,2,2,2920,0.6617179215270412,,0
2024-08-07,2024-08-06,4,673b793383011830c1624c092f88326bc0bc25aff3be2b92c02116f8f660245e,v12_cca586e367aa3071f32a,False,False,False,513120,513120,513120,False,False,False,False,27.190610218350777,27.318465752292866,27.318465752292866,0.0,3,3,2920,0.6765641569459171,,0
2024-08-08,2024-08-07,4,673b793383011830c1624c092f88326bc0bc25aff3be2b92c02116f8f660245e,v12_cca586e367aa3071f32a,False,False,False,513120,513120,513120,False,False,False,False,27.318465752292866,27.488939797548987,27.488939797548987,0.0,4,4,2920,0.6797454931071049,,0
2024-08-09,2024-08-08,4,673b793383011830c1624c092f88326bc0bc25aff3be2b92c02116f8f660245e,v12_cca586e367aa3071f32a,False,False,False,513120,513120,513120,False,False,False,False,27.488939797548987,27.488939797548987,27.488939797548987,0.0,5,5,2920,0.6839872746553551,,0
2024-08-12,2024-08-09,4,673b793383011830c1624c092f88326bc0bc25aff3be2b92c02116f8f660245e,v12_cca586e367aa3071f32a,False,False,False,513120,513120,513120,False,False,False,False,27.488939797548987,27.872506399375254,27.872506399375254,0.0,6,6,2920,0.6839872746553551,,0
2024-08-13,2024-08-12,4,673b793383011830c1624c092f88326bc0bc25aff3be2b92c02116f8f660245e,v12_cca586e367aa3071f32a,False,False,False,513120,513120,513120,False,False,False,False,27.872506399375254,27.872506399375254,27.872506399375254,0.0,7,7,2920,0.6935312831389183,,0
2024-08-14,2024-08-13,4,673b793383011830c1624c092f88326bc0bc25aff3be2b92c02116f8f660245e,v12_cca586e367aa3071f32a,False,False,False,513120,513120,513120,False,False,False,False,27.872506399375254,27.27584724097884,27.27584724097884,0.0,8,8,2920,0.6935312831389183,,0
2024-08-15,2024-08-14,4,673b793383011830c1624c092f88326bc0bc25aff3be2b92c02116f8f660245e,v12_cca586e367aa3071f32a,False,False,False,513120,513120,513120,False,False,False,False,27.27584724097884,27.616795331491076,27.616795331491076,0.0,9,9,2920,0.6935312831389183,,0
2024-08-16,2024-08-15,4,673b793383011830c1624c092f88326bc0bc25aff3be2b92c02116f8f660245e,v12_cca586e367aa3071f32a,False,False,False,513120,513120,513120,False,False,False,False,27.616795331491076,28.128217467259432,28.128217467259432,0.0,10,10,2920,0.6935312831389183,,0
2024-08-19,2024-08-16,4,673b793383011830c1624c092f88326bc0bc25aff3be2b92c02116f8f660245e,v12_cca586e367aa3071f32a,False,False,False,513120,513120,513120,False,False,False,False,28.128217467259432,28.085598955945404,28.085598955945404,0.0,11,11,2920,0.6998939554612936,,0
2024-08-20,2024-08-19,4,673b793383011830c1624c092f88326bc0bc25aff3be2b92c02116f8f660245e,v12_cca586e367aa3071f32a,False,False,False,513120,513120,513120,False,False,False,False,28.085598955945404,27.829887888061226,27.829887888061226,0.0,12,12,2920,0.6998939554612936,,0
2024-08-21,2024-08-20,4,673b793383011830c1624c092f88326bc0bc25aff3be2b92c02116f8f660245e,v12_cca586e367aa3071f32a,False,False,False,513120,513120,513120,False,False,False,False,27.829887888061226,27.616795331491073,27.616795331491073,0.0,13,13,2920,0.6998939554612936,,0
2024-08-22,2024-08-21,4,673b793383011830c1624c092f88326bc0bc25aff3be2b92c02116f8f660245e,v12_cca586e367aa3071f32a,False,False,False,513120,513120,513120,False,False,False,False,27.616795331491073,27.190610218350777,27.190610218350777,0.0,14,14,2920,0.6998939554612936,,0
2024-08-23,2024-08-22,4,673b793383011830c1624c092f88326bc0bc25aff3be2b92c02116f8f660245e,v12_cca586e367aa3071f32a,False,False,False,513120,513120,513120,False,False,False,False,27.190610218350777,26.551332548640335,26.551332548640335,0.0,15,15,2920,0.6998939554612936,,0
2024-08-26,2024-08-23,4,673b793383011830c1624c092f88326bc0bc25aff3be2b92c02116f8f660245e,v12_cca586e367aa3071f32a,False,False,False,513120,518880,518880,True,False,True,False,26.551332548640335,27.14799170703675,27.14256210869534,0.00542959834140735,16,0,2920,2.108910891089107,,0
2024-08-27,2024-08-26,4,673b793383011830c1624c092f88326bc0bc25aff3be2b92c02116f8f660245e,v12_cca586e367aa3071f32a,False,False,False,518880,518880,518880,False,False,False,False,27.14256210869534,27.122957513456118,27.122957513456118,0.0,1,1,2920,2.108910891089107,,0
2024-08-28,2024-08-27,4,673b793383011830c1624c092f88326bc0bc25aff3be2b92c02116f8f660245e,v12_cca586e367aa3071f32a,False,False,False,518880,518880,518880,False,False,False,False,27.122957513456118,27.093550620597288,27.093550620597288,0.0,2,2,2920,2.108910891089107,,0
2024-08-29,2024-08-28,4,673b793383011830c1624c092f88326bc0bc25aff3be2b92c02116f8f660245e,v12_cca586e367aa3071f32a,False,False,False,518880,518880,518880,False,False,False,False,27.093550620597288,27.127858662265922,27.127858662265922,0.0,3,3,2920,2.108910891089107,,0
2024-08-30,2024-08-29,4,673b793383011830c1624c092f88326bc0bc25aff3be2b92c02116f8f660245e,v12_cca586e367aa3071f32a,False,False,False,518880,518880,518880,False,False,False,False,27.127858662265922,27.064143727738468,27.064143727738468,0.0,4,4,2920,2.108910891089107,,0
2024-09-02,2024-08-30,4,673b793383011830c1624c092f88326bc0bc25aff3be2b92c02116f8f660245e,v12_cca586e367aa3071f32a,False,False,False,518880,518880,518880,False,False,False,False,27.064143727738468,26.912208114634538,26.912208114634538,0.0,5,5,2920,2.108910891089107,,0
2024-09-03,2024-09-02,4,673b793383011830c1624c092f88326bc0bc25aff3be2b92c02116f8f660245e,v12_cca586e367aa3071f32a,False,False,False,518880,513100,513100,False,False,True,False,26.912208114634538,26.96121960273258,26.955827358812034,0.005392243920546516,6,0,2920,7.1765295887663,,0
2024-09-04,2024-09-03,4,673b793383011830c1624c092f88326bc0bc25aff3be2b92c02116f8f660245e,v12_cca586e367aa3071f32a,False,False,False,513100,513100,513100,False,False,False,False,26.955827358812034,25.543048147134257,25.543048147134257,0.0,1,1,2920,7.1765295887663,,0
2024-09-05,2024-09-04,4,673b793383011830c1624c092f88326bc0bc25aff3be2b92c02116f8f660245e,v12_cca586e367aa3071f32a,False,False,False,513100,518880,518880,True,False,True,False,25.543048147134257,25.618396371757072,25.61327269248272,0.005123679274351415,2,0,2920,2.095201827875093,,0
2024-09-06,2024-09-05,4,673b793383011830c1624c092f88326bc0bc25aff3be2b92c02116f8f660245e,v12_cca586e367aa3071f32a,False,False,False,518880,518880,518880,False,False,False,False,25.61327269248272,25.683101680193964,25.683101680193964,0.0,1,1,2920,2.095201827875093,,0
2024-09-09,2024-09-06,4,673b793383011830c1624c092f88326bc0bc25aff3be2b92c02116f8f660245e,v12_cca586e367aa3071f32a,False,False,False,518880,518880,518880,False,False,False,False,25.683101680193964,25.49689104629732,25.49689104629732,0.0,2,2,2920,2.100913937547599,,0
2024-09-10,2024-09-09,4,673b793383011830c1624c092f88326bc0bc25aff3be2b92c02116f8f660245e,v12_cca586e367aa3071f32a,False,False,False,518880,518880,518880,False,False,False,False,25.49689104629732,25.664480616804294,25.664480616804294,0.0,3,3,2920,2.100913937547599,,0
2024-09-11,2024-09-10,4,673b793383011830c1624c092f88326bc0bc25aff3be2b92c02116f8f660245e,v12_cca586e367aa3071f32a,False,False,False,518880,518880,518880,False,False,False,False,25.664480616804294,25.799483326379356,25.799483326379356,0.0,4,4,2920,2.100913937547599,,0
2024-09-12,2024-09-11,4,673b793383011830c1624c092f88326bc0bc25aff3be2b92c02116f8f660245e,v12_cca586e367aa3071f32a,False,False,False,518880,518880,518880,False,False,False,False,25.799483326379356,25.74827540205778,25.74827540205778,0.0,5,5,2920,2.1104341203351082,,0
2024-09-13,2024-09-12,4,673b793383011830c1624c092f88326bc0bc25aff3be2b92c02116f8f660245e,v12_cca586e367aa3071f32a,False,False,False,518880,518880,518880,False,False,False,False,25.74827540205778,26.12069666985106,26.12069666985106,0.0,6,6,2920,2.1104341203351082,,0
2024-09-18,2024-09-13,4,673b793383011830c1624c092f88326bc0bc25aff3be2b92c02116f8f660245e,v12_cca586e367aa3071f32a,False,False,False,518880,518880,518880,False,False,False,False,26.12069666985106,26.11138613815623,26.11138613815623,0.0,7,7,2920,2.1367098248286345,,0
2024-09-19,2024-09-18,4,673b793383011830c1624c092f88326bc0bc25aff3be2b92c02116f8f660245e,v12_cca586e367aa3071f32a,False,False,False,518880,518880,518880,False,False,False,False,26.11138613815623,26.069488745529487,26.069488745529487,0.0,8,8,2920,2.1367098248286345,,0
2024-09-20,2024-09-19,4,673b793383011830c1624c092f88326bc0bc25aff3be2b92c02116f8f660245e,v12_cca586e367aa3071f32a,False,False,False,518880,518880,518880,False,False,False,False,26.069488745529487,26.3627704939167,26.3627704939167,0.0,9,9,2920,2.1367098248286345,,0
2024-09-23,2024-09-20,4,673b793383011830c1624c092f88326bc0bc25aff3be2b92c02116f8f660245e,v12_cca586e367aa3071f32a,False,False,False,518880,518880,518880,False,False,False,False,26.3627704939167,26.586223254592667,26.586223254592667,0.0,10,10,2920,2.1565118050266547,,0
2024-09-24,2024-09-23,4,673b793383011830c1624c092f88326bc0bc25aff3be2b92c02116f8f660245e,v12_cca586e367aa3071f32a,False,False,False,518880,518880,518880,False,False,False,False,26.586223254592667,26.521049532728846,26.521049532728846,0.0,11,11,2920,2.174790555978673,,0
2024-09-25,2024-09-24,4,673b793383011830c1624c092f88326bc0bc25aff3be2b92c02116f8f660245e,v12_cca586e367aa3071f32a,False,False,False,518880,513120,513120,False,False,True,False,26.521049532728846,26.721225964167736,26.715881718974902,0.005344245192833548,12,0,2920,0.7285259809119827,,0
2024-09-26,2024-09-25,4,673b793383011830c1624c092f88326bc0bc25aff3be2b92c02116f8f660245e,v12_cca586e367aa3071f32a,False,False,False,513120,513120,513120,False,False,False,False,26.715881718974902,27.454748898975662,27.454748898975662,0.0,1,1,2920,0.7285259809119827,,0
2024-09-27,2024-09-26,4,673b793383011830c1624c092f88326bc0bc25aff3be2b92c02116f8f660245e,v12_cca586e367aa3071f32a,False,False,False,513120,513120,513120,False,False,False,False,27.454748898975662,29.438023961082973,29.438023961082973,0.0,2,2,2920,0.7486744432661714,,0
2024-09-30,2024-09-27,4,673b793383011830c1624c092f88326bc0bc25aff3be2b92c02116f8f660245e,v12_cca586e367aa3071f32a,False,False,False,513120,513120,513120,False,False,False,False,29.438023961082973,32.31571718845436,32.31571718845436,0.0,3,3,2920,0.8027571580063623,,0
2024-10-08,2024-09-30,4,673b793383011830c1624c092f88326bc0bc25aff3be2b92c02116f8f660245e,v12_cca586e367aa3071f32a,False,False,False,513120,513120,513120,False,False,False,False,32.31571718845436,33.21013535371844,33.21013535371844,0.0,4,4,2920,0.881230116648992,,0
2024-10-09,2024-10-08,4,673b793383011830c1624c092f88326bc0bc25aff3be2b92c02116f8f660245e,v12_cca586e367aa3071f32a,False,False,False,513120,513120,513120,False,False,False,False,33.21013535371844,30.83798282845284,30.83798282845284,0.0,5,5,2920,0.905620360551431,,0
2024-10-10,2024-10-09,4,673b793383011830c1624c092f88326bc0bc25aff3be2b92c02116f8f660245e,v12_cca586e367aa3071f32a,False,False,False,513120,512400,512400,True,False,True,False,30.83798282845284,31.69351324740109,31.68717454475161,0.006338702649480218,6,0,2920,1.0213926551135921,,0
2024-10-11,2024-10-10,4,673b793383011830c1624c092f88326bc0bc25aff3be2b92c02116f8f660245e,v12_cca586e367aa3071f32a,False,False,False,512400,510500,510500,False,False,True,False,31.68717454475161,30.990420228758023,30.984222144712273,0.006198084045751605,1,0,2920,1.868170562302778,,0
2024-10-14,2024-10-11,4,673b793383011830c1624c092f88326bc0bc25aff3be2b92c02116f8f660245e,v12_cca586e367aa3071f32a,False,False,False,510500,510500,510500,False,False,False,False,30.984222144712273,31.74823194201709,31.74823194201709,0.0,1,1,2920,1.868170562302778,,0
2024-10-15,2024-10-14,4,673b793383011830c1624c092f88326bc0bc25aff3be2b92c02116f8f660245e,v12_cca586e367aa3071f32a,False,False,False,510500,510500,510500,False,False,False,False,31.74823194201709,30.95633857546757,30.95633857546757,0.0,2,2,2920,1.9142359631370975,,0
2024-10-16,2024-10-15,4,673b793383011830c1624c092f88326bc0bc25aff3be2b92c02116f8f660245e,v12_cca586e367aa3071f32a,False,False,False,510500,510500,510500,False,False,False,False,30.95633857546757,30.92845500622287,30.92845500622287,0.0,3,3,2920,1.9142359631370975,,0
2024-10-17,2024-10-16,4,673b793383011830c1624c092f88326bc0bc25aff3be2b92c02116f8f660245e,v12_cca586e367aa3071f32a,False,False,False,510500,510500,510500,False,False,False,False,30.92845500622287,30.683079596869494,30.683079596869494,0.0,4,4,2920,1.9142359631370975,,0
2024-10-18,2024-10-17,4,673b793383011830c1624c092f88326bc0bc25aff3be2b92c02116f8f660245e,v12_cca586e367aa3071f32a,False,False,False,510500,510500,510500,False,False,False,False,30.683079596869494,31.993607351370468,31.993607351370468,0.0,5,5,2920,1.9142359631370975,,0
2024-10-21,2024-10-18,4,673b793383011830c1624c092f88326bc0bc25aff3be2b92c02116f8f660245e,v12_cca586e367aa3071f32a,False,False,False,510500,510500,510500,False,False,False,False,31.993607351370468,32.30590332691112,32.30590332691112,0.0,6,6,2920,1.9290306904123535,,0
2024-10-22,2024-10-21,4,673b793383011830c1624c092f88326bc0bc25aff3be2b92c02116f8f660245e,v12_cca586e367aa3071f32a,False,False,False,510500,588080,588080,False,False,True,False,32.30590332691112,32.601469160904955,32.59494886707277,0.006520293832180992,7,0,2920,0.6970324361628719,,0
2024-10-23,2024-10-22,4,673b793383011830c1624c092f88326bc0bc25aff3be2b92c02116f8f660245e,v12_cca586e367aa3071f32a,False,False,False,588080,588080,588080,False,False,False,False,32.59494886707277,32.4013155074664,32.4013155074664,0.0,1,1,2920,0.6970324361628719,,0
2024-10-24,2024-10-23,4,673b793383011830c1624c092f88326bc0bc25aff3be2b92c02116f8f660245e,v12_cca586e367aa3071f32a,False,False,False,588080,588080,588080,False,False,False,False,32.4013155074664,32.30449882766321,32.30449882766321,0.0,2,2,2920,0.6970324361628719,,0
2024-10-25,2024-10-24,4,673b793383011830c1624c092f88326bc0bc25aff3be2b92c02116f8f660245e,v12_cca586e367aa3071f32a,False,False,False,588080,588080,588080,False,False,False,False,32.30449882766321,32.85312667988127,32.85312667988127,0.0,3,3,2920,0.6970324361628719,,0
2024-10-28,2024-10-25,4,673b793383011830c1624c092f88326bc0bc25aff3be2b92c02116f8f660245e,v12_cca586e367aa3071f32a,False,False,False,588080,588080,588080,False,False,False,False,32.85312667988127,32.56267664047171,32.56267664047171,0.0,4,4,2920,0.702553485162182,,0
2024-10-29,2024-10-28,4,673b793383011830c1624c092f88326bc0bc25aff3be2b92c02116f8f660245e,v12_cca586e367aa3071f32a,False,False,False,588080,513100,513100,False,False,True,False,32.56267664047171,32.23995437446109,32.2335063835862,0.006447990874892218,5,0,2920,7.372116349047142,,0
2024-10-30,2024-10-29,4,673b793383011830c1624c092f88326bc0bc25aff3be2b92c02116f8f660245e,v12_cca586e367aa3071f32a,False,False,False,513100,513100,513100,False,False,False,False,32.2335063835862,32.54049215866797,32.54049215866797,0.0,1,1,2920,7.372116349047142,,0
2024-10-31,2024-10-30,4,673b793383011830c1624c092f88326bc0bc25aff3be2b92c02116f8f660245e,v12_cca586e367aa3071f32a,False,False,False,513100,513100,513100,False,False,False,False,32.54049215866797,31.99230327459338,31.99230327459338,0.0,2,2,2920,7.44232698094283,,0
2024-11-01,2024-10-31,4,673b793383011830c1624c092f88326bc0bc25aff3be2b92c02116f8f660245e,v12_cca586e367aa3071f32a,False,False,False,513100,563300,563300,False,False,True,False,31.99230327459338,31.619534833422648,31.613210926455963,0.00632390696668453,3,0,2920,0.9949290060851923,,0
2024-11-04,2024-11-01,4,673b793383011830c1624c092f88326bc0bc25aff3be2b92c02116f8f660245e,v12_cca586e367aa3071f32a,False,False,False,563300,563300,563300,False,False,False,False,31.613210926455963,32.48329930057861,32.48329930057861,0.0,1,1,2920,0.9949290060851923,,0
2024-11-05,2024-11-04,4,673b793383011830c1624c092f88326bc0bc25aff3be2b92c02116f8f660245e,v12_cca586e367aa3071f32a,False,False,False,563300,563300,563300,False,False,False,False,32.48329930057861,33.417838665377,33.417838665377,0.0,2,2,2920,1.0223123732251518,,0
2024-11-06,2024-11-05,4,673b793383011830c1624c092f88326bc0bc25aff3be2b92c02116f8f660245e,v12_cca586e367aa3071f32a,False,False,False,563300,563300,563300,False,False,False,False,33.417838665377,33.836770104769386,33.836770104769386,0.0,3,3,2920,1.051724137931034,,0
2024-11-07,2024-11-06,4,673b793383011830c1624c092f88326bc0bc25aff3be2b92c02116f8f660245e,v12_cca586e367aa3071f32a,False,False,False,563300,563300,563300,False,False,False,False,33.836770104769386,34.6101819928784,34.6101819928784,0.0,4,4,2920,1.064908722109533,,0
2024-11-08,2024-11-07,4,673b793383011830c1624c092f88326bc0bc25aff3be2b92c02116f8f660245e,v12_cca586e367aa3071f32a,False,False,False,563300,563300,563300,False,False,False,False,34.6101819928784,34.70685847889202,34.70685847889202,0.0,5,5,2920,1.089249492900608,,0
2024-11-11,2024-11-08,4,673b793383011830c1624c092f88326bc0bc25aff3be2b92c02116f8f660245e,v12_cca586e367aa3071f32a,False,False,False,563300,563300,563300,False,False,False,False,34.70685847889202,35.544721357676785,35.544721357676785,0.0,6,6,2920,1.0922920892494923,,0
2024-11-12,2024-11-11,4,673b793383011830c1624c092f88326bc0bc25aff3be2b92c02116f8f660245e,v12_cca586e367aa3071f32a,False,False,False,563300,563300,563300,False,False,False,False,35.544721357676785,34.90021145091927,34.90021145091927,0.0,7,7,2920,1.1186612576064903,,0
2024-11-13,2024-11-12,4,673b793383011830c1624c092f88326bc0bc25aff3be2b92c02116f8f660245e,v12_cca586e367aa3071f32a,False,False,False,563300,563300,563300,False,False,False,False,34.90021145091927,35.029113432270776,35.029113432270776,0.0,8,8,2920,1.1186612576064903,,0
2024-11-14,2024-11-13,4,673b793383011830c1624c092f88326bc0bc25aff3be2b92c02116f8f660245e,v12_cca586e367aa3071f32a,False,False,False,563300,563300,563300,False,False,False,False,35.029113432270776,33.90122109544514,33.90122109544514,0.0,9,9,2920,1.1186612576064903,,0
2024-11-15,2024-11-14,4,673b793383011830c1624c092f88326bc0bc25aff3be2b92c02116f8f660245e,v12_cca586e367aa3071f32a,False,False,False,563300,563300,563300,False,False,False,False,33.90122109544514,33.38561317003912,33.38561317003912,0.0,10,10,2920,1.1186612576064903,,0
2024-11-18,2024-11-15,4,673b793383011830c1624c092f88326bc0bc25aff3be2b92c02116f8f660245e,v12_cca586e367aa3071f32a,False,False,False,563300,563300,563300,False,False,False,False,33.38561317003912,32.28994632855135,32.28994632855135,0.0,11,11,2920,1.1186612576064903,,0
2024-11-19,2024-11-18,4,673b793383011830c1624c092f88326bc0bc25aff3be2b92c02116f8f660245e,v12_cca586e367aa3071f32a,False,False,False,563300,563300,563300,False,False,False,False,32.28994632855135,33.28893668402549,33.28893668402549,0.0,12,12,2920,1.1186612576064903,,0
2024-11-20,2024-11-19,4,673b793383011830c1624c092f88326bc0bc25aff3be2b92c02116f8f660245e,v12_cca586e367aa3071f32a,False,False,False,563300,563300,563300,False,False,False,False,33.28893668402549,34.19125055348601,34.19125055348601,0.0,13,13,2920,1.1186612576064903,,0
2024-11-21,2024-11-20,4,673b793383011830c1624c092f88326bc0bc25aff3be2b92c02116f8f660245e,v12_cca586e367aa3071f32a,False,False,False,563300,563300,563300,False,False,False,False,34.19125055348601,34.19125055348601,34.19125055348601,0.0,14,14,2920,1.1186612576064903,,0
2024-11-22,2024-11-21,4,673b793383011830c1624c092f88326bc0bc25aff3be2b92c02116f8f660245e,v12_cca586e367aa3071f32a,False,False,False,563300,563300,563300,False,False,False,False,34.19125055348601,33.16003470267399,33.16003470267399,0.0,15,15,2920,1.1186612576064903,,0
2024-11-25,2024-11-22,4,673b793383011830c1624c092f88326bc0bc25aff3be2b92c02116f8f660245e,v12_cca586e367aa3071f32a,False,False,False,563300,563300,563300,False,False,False,False,33.16003470267399,33.64341713274212,33.64341713274212,0.0,16,16,2920,1.1186612576064903,,0
2024-11-26,2024-11-25,4,673b793383011830c1624c092f88326bc0bc25aff3be2b92c02116f8f660245e,v12_cca586e367aa3071f32a,False,False,False,563300,563300,563300,False,False,False,False,33.64341713274212,33.22448569334974,33.22448569334974,0.0,17,17,2920,1.1186612576064903,,0
2024-11-27,2024-11-26,4,673b793383011830c1624c092f88326bc0bc25aff3be2b92c02116f8f660245e,v12_cca586e367aa3071f32a,False,False,False,563300,563300,563300,False,False,False,False,33.22448569334974,34.030123076796635,34.030123076796635,0.0,18,18,2920,1.1186612576064903,,0
2024-11-28,2024-11-27,4,673b793383011830c1624c092f88326bc0bc25aff3be2b92c02116f8f660245e,v12_cca586e367aa3071f32a,False,False,False,563300,563300,563300,False,False,False,False,34.030123076796635,34.19125055348601,34.19125055348601,0.0,19,19,2920,1.1186612576064903,,0
2024-11-29,2024-11-28,4,673b793383011830c1624c092f88326bc0bc25aff3be2b92c02116f8f660245e,v12_cca586e367aa3071f32a,False,False,False,563300,563300,563300,False,False,False,False,34.19125055348601,34.80353496490565,34.80353496490565,0.0,20,20,2920,1.1186612576064903,,0
2024-12-02,2024-11-29,4,673b793383011830c1624c092f88326bc0bc25aff3be2b92c02116f8f660245e,v12_cca586e367aa3071f32a,False,False,False,563300,563300,563300,False,False,False,False,34.80353496490565,35.48027036700103,35.48027036700103,0.0,21,21,2920,1.1186612576064903,,0
2024-12-03,2024-12-02,4,673b793383011830c1624c092f88326bc0bc25aff3be2b92c02116f8f660245e,v12_cca586e367aa3071f32a,False,False,False,563300,563300,563300,False,False,False,False,35.48027036700103,35.448044871663164,35.448044871663164,0.0,22,22,2920,1.1186612576064903,,0
2024-12-04,2024-12-03,4,673b793383011830c1624c092f88326bc0bc25aff3be2b92c02116f8f660245e,v12_cca586e367aa3071f32a,False,False,False,563300,563300,563300,False,False,False,False,35.448044871663164,34.93243694625716,34.93243694625716,0.0,23,23,2920,1.1186612576064903,,0
2024-12-05,2024-12-04,4,673b793383011830c1624c092f88326bc0bc25aff3be2b92c02116f8f660245e,v12_cca586e367aa3071f32a,False,False,False,563300,563300,563300,False,False,False,False,34.93243694625716,35.64139784369043,35.64139784369043,0.0,24,24,2920,1.1186612576064903,,0
2024-12-06,2024-12-05,4,673b793383011830c1624c092f88326bc0bc25aff3be2b92c02116f8f660245e,v12_cca586e367aa3071f32a,False,False,False,563300,563300,563300,False,False,False,False,35.64139784369043,35.96365279706918,35.96365279706918,0.0,25,25,2920,1.1217038539553748,,0
2024-12-09,2024-12-06,4,673b793383011830c1624c092f88326bc0bc25aff3be2b92c02116f8f660245e,v12_cca586e367aa3071f32a,False,False,False,563300,563300,563300,False,False,False,False,35.96365279706918,35.80252532037979,35.80252532037979,0.0,26,26,2920,1.1318458417849893,,0
2024-12-10,2024-12-09,4,673b793383011830c1624c092f88326bc0bc25aff3be2b92c02116f8f660245e,v12_cca586e367aa3071f32a,False,False,False,563300,513100,513100,False,False,True,False,35.80252532037979,36.25368225511005,36.24643151865903,0.00725073645102201,27,0,2920,8.009027081243733,,0
2024-12-11,2024-12-10,4,673b793383011830c1624c092f88326bc0bc25aff3be2b92c02116f8f660245e,v12_cca586e367aa3071f32a,False,False,False,513100,513100,513100,False,False,False,False,36.24643151865903,36.15564521554404,36.15564521554404,0.0,1,1,2920,8.009027081243733,,0
2024-12-12,2024-12-11,4,673b793383011830c1624c092f88326bc0bc25aff3be2b92c02116f8f660245e,v12_cca586e367aa3071f32a,False,False,False,513100,513100,513100,False,False,False,False,36.15564521554404,36.700363034233966,36.700363034233966,0.0,2,2,2920,8.009027081243733,,0
2024-12-13,2024-12-12,4,673b793383011830c1624c092f88326bc0bc25aff3be2b92c02116f8f660245e,v12_cca586e367aa3071f32a,False,False,False,513100,513100,513100,False,False,False,False,36.700363034233966,36.972721943578925,36.972721943578925,0.0,3,3,2920,8.109327983951857,,0
2024-12-16,2024-12-13,4,673b793383011830c1624c092f88326bc0bc25aff3be2b92c02116f8f660245e,v12_cca586e367aa3071f32a,False,False,False,513100,513100,513100,False,False,False,False,36.972721943578925,37.42665345915386,37.42665345915386,0.0,4,4,2920,8.169508525576731,,0
2024-12-17,2024-12-16,4,673b793383011830c1624c092f88326bc0bc25aff3be2b92c02116f8f660245e,v12_cca586e367aa3071f32a,False,False,False,513100,513100,513100,False,False,False,False,37.42665345915386,37.74440552005632,37.74440552005632,0.0,5,5,2920,8.269809428284855,,0
2024-12-18,2024-12-17,4,673b793383011830c1624c092f88326bc0bc25aff3be2b92c02116f8f660245e,v12_cca586e367aa3071f32a,False,False,False,513100,513100,513100,False,False,False,False,37.74440552005632,37.99406785362253,37.99406785362253,0.0,6,6,2920,8.340020060180542,,0
2024-12-19,2024-12-18,4,673b793383011830c1624c092f88326bc0bc25aff3be2b92c02116f8f660245e,v12_cca586e367aa3071f32a,False,False,False,513100,513100,513100,False,False,False,False,37.99406785362253,36.99541851935766,36.99541851935766,0.0,7,7,2920,8.39518555667001,,0
2024-12-20,2024-12-19,4,673b793383011830c1624c092f88326bc0bc25aff3be2b92c02116f8f660245e,v12_cca586e367aa3071f32a,False,False,False,513100,512890,512890,True,False,True,False,36.99541851935766,36.246431518659016,36.23918223235528,0.007249286303731803,8,0,2920,2.195413758723834,,0
2024-12-23,2024-12-20,4,673b793383011830c1624c092f88326bc0bc25aff3be2b92c02116f8f660245e,v12_cca586e367aa3071f32a,False,False,False,512890,512890,512890,False,False,False,False,36.23918223235528,36.403756175281515,36.403756175281515,0.0,1,1,2920,2.195413758723834,,0
2024-12-24,2024-12-23,4,673b793383011830c1624c092f88326bc0bc25aff3be2b92c02116f8f660245e,v12_cca586e367aa3071f32a,False,False,False,512890,513100,513100,False,False,True,False,36.403756175281515,36.69998927254872,36.69264927469421,0.007339997854509744,2,0,2920,8.264794383149447,,0
2024-12-25,2024-12-24,4,673b793383011830c1624c092f88326bc0bc25aff3be2b92c02116f8f660245e,v12_cca586e367aa3071f32a,False,False,False,513100,513100,513100,False,False,False,False,36.69264927469421,37.11568345929324,37.11568345929324,0.0,1,1,2920,8.264794383149447,,0
2024-12-26,2024-12-25,4,673b793383011830c1624c092f88326bc0bc25aff3be2b92c02116f8f660245e,v12_cca586e367aa3071f32a,False,False,False,513100,513100,513100,False,False,False,False,37.11568345929324,37.27153815888234,37.27153815888234,0.0,2,2,2920,8.360080240722166,,0
2024-12-27,2024-12-26,4,673b793383011830c1624c092f88326bc0bc25aff3be2b92c02116f8f660245e,v12_cca586e367aa3071f32a,False,False,False,513100,513100,513100,False,False,False,False,37.27153815888234,37.00435867387244,37.00435867387244,0.0,3,3,2920,8.395185556670008,,0
2024-12-30,2024-12-27,4,673b793383011830c1624c092f88326bc0bc25aff3be2b92c02116f8f660245e,v12_cca586e367aa3071f32a,False,False,False,513100,513100,513100,False,False,False,False,37.00435867387244,36.49226466093678,36.49226466093678,0.0,4,4,2920,8.395185556670008,,0
2024-12-31,2024-12-30,4,673b793383011830c1624c092f88326bc0bc25aff3be2b92c02116f8f660245e,v12_cca586e367aa3071f32a,False,False,False,513100,513100,513100,False,False,False,False,36.49226466093678,36.26961509009519,36.26961509009519,0.0,5,5,2920,8.395185556670008,,0
2025-01-02,2024-12-31,4,673b793383011830c1624c092f88326bc0bc25aff3be2b92c02116f8f660245e,v12_cca586e367aa3071f32a,False,False,False,513100,513100,513100,False,False,False,False,36.26961509009519,36.58132448927342,36.58132448927342,0.0,6,6,2920,8.395185556670008,,0
2025-01-03,2025-01-02,4,673b793383011830c1624c092f88326bc0bc25aff3be2b92c02116f8f660245e,v12_cca586e367aa3071f32a,False,False,False,513100,513100,513100,False,False,False,False,36.58132448927342,36.35867491843183,36.35867491843183,0.0,7,7,2920,8.395185556670008,,0
2025-01-06,2025-01-03,4,673b793383011830c1624c092f88326bc0bc25aff3be2b92c02116f8f660245e,v12_cca586e367aa3071f32a,False,False,False,513100,513100,513100,False,False,False,False,36.35867491843183,37.16021337346156,37.16021337346156,0.0,8,8,2920,8.395185556670008,,0
2025-01-07,2025-01-06,4,673b793383011830c1624c092f88326bc0bc25aff3be2b92c02116f8f660245e,v12_cca586e367aa3071f32a,False,False,False,513100,513100,513100,False,False,False,False,37.16021337346156,36.93756380261997,36.93756380261997,0.0,9,9,2920,8.395185556670008,,0
2025-01-08,2025-01-07,4,673b793383011830c1624c092f88326bc0bc25aff3be2b92c02116f8f660245e,v12_cca586e367aa3071f32a,False,False,False,513100,513100,513100,False,False,False,False,36.93756380261997,36.559059532189266,36.559059532189266,0.0,10,10,2920,8.395185556670008,,0
2025-01-09,2025-01-08,4,673b793383011830c1624c092f88326bc0bc25aff3be2b92c02116f8f660245e,v12_cca586e367aa3071f32a,False,False,False,513100,513100,513100,False,False,False,False,36.559059532189266,36.425469789684314,36.425469789684314,0.0,11,11,2920,8.395185556670008,,0
2025-01-10,2025-01-09,4,673b793383011830c1624c092f88326bc0bc25aff3be2b92c02116f8f660245e,v12_cca586e367aa3071f32a,False,False,False,513100,513100,513100,False,False,False,False,36.425469789684314,36.29188004717936,36.29188004717936,0.0,12,12,2920,8.395185556670008,,0
2025-01-13,2025-01-10,4,673b793383011830c1624c092f88326bc0bc25aff3be2b92c02116f8f660245e,v12_cca586e367aa3071f32a,False,False,False,513100,513100,513100,False,False,False,False,36.29188004717936,35.44581167798132,35.44581167798132,0.0,13,13,2920,8.395185556670008,,0
2025-01-14,2025-01-13,4,673b793383011830c1624c092f88326bc0bc25aff3be2b92c02116f8f660245e,v12_cca586e367aa3071f32a,False,False,False,513100,518880,518880,True,False,True,False,35.44581167798132,35.86884586258034,35.861672093407826,0.007173769172516069,14,0,2920,2.3107387661843113,,0
2025-01-15,2025-01-14,4,673b793383011830c1624c092f88326bc0bc25aff3be2b92c02116f8f660245e,v12_cca586e367aa3071f32a,False,False,False,518880,518880,518880,False,False,False,False,35.861672093407826,36.06261092847307,36.06261092847307,0.0,1,1,2920,2.3107387661843113,,0
2025-01-16,2025-01-15,4,673b793383011830c1624c092f88326bc0bc25aff3be2b92c02116f8f660245e,v12_cca586e367aa3071f32a,False,False,False,518880,518880,518880,False,False,False,False,36.06261092847307,36.18081024321733,36.18081024321733,0.0,2,2,2920,2.3236862147753246,,0
2025-01-17,2025-01-16,4,673b793383011830c1624c092f88326bc0bc25aff3be2b92c02116f8f660245e,v12_cca586e367aa3071f32a,False,False,False,518880,518880,518880,False,False,False,False,36.18081024321733,36.281279660749945,36.281279660749945,0.0,3,3,2920,2.3313023610053323,,0
2025-01-20,2025-01-17,4,673b793383011830c1624c092f88326bc0bc25aff3be2b92c02116f8f660245e,v12_cca586e367aa3071f32a,False,False,False,518880,518880,518880,False,False,False,False,36.281279660749945,36.21036007190339,36.21036007190339,0.0,4,4,2920,2.3377760853008387,,0
2025-01-21,2025-01-20,4,673b793383011830c1624c092f88326bc0bc25aff3be2b92c02116f8f660245e,v12_cca586e367aa3071f32a,False,False,False,518880,518880,518880,False,False,False,False,36.21036007190339,36.21036007190339,36.21036007190339,0.0,5,5,2920,2.3377760853008387,,0
2025-01-22,2025-01-21,4,673b793383011830c1624c092f88326bc0bc25aff3be2b92c02116f8f660245e,v12_cca586e367aa3071f32a,False,False,False,518880,518880,518880,False,False,False,False,36.21036007190339,36.529498221712885,36.529498221712885,0.0,6,6,2920,2.3377760853008387,,0
2025-01-23,2025-01-22,4,673b793383011830c1624c092f88326bc0bc25aff3be2b92c02116f8f660245e,v12_cca586e367aa3071f32a,False,False,False,518880,518880,518880,False,False,False,False,36.529498221712885,36.56495801613617,36.56495801613617,0.0,7,7,2920,2.3537699923838544,,0
2025-01-24,2025-01-23,4,673b793383011830c1624c092f88326bc0bc25aff3be2b92c02116f8f660245e,v12_cca586e367aa3071f32a,False,False,False,518880,518880,518880,False,False,False,False,36.56495801613617,36.74816695398976,36.74816695398976,0.0,8,8,2920,2.356054836252857,,0
2025-01-27,2025-01-24,4,673b793383011830c1624c092f88326bc0bc25aff3be2b92c02116f8f660245e,v12_cca586e367aa3071f32a,False,False,False,518880,518880,518880,False,False,False,False,36.74816695398976,36.653607502194355,36.653607502194355,0.0,9,9,2920,2.3678598629093686,,0
2025-02-05,2025-01-27,4,673b793383011830c1624c092f88326bc0bc25aff3be2b92c02116f8f660245e,v12_cca586e367aa3071f32a,False,False,False,518880,518880,518880,False,False,False,False,36.653607502194355,38.05426938191381,38.05426938191381,0.0,10,10,2920,2.3678598629093686,,0
2025-02-06,2025-02-05,4,673b793383011830c1624c092f88326bc0bc25aff3be2b92c02116f8f660245e,v12_cca586e367aa3071f32a,False,False,False,518880,518880,518880,False,False,False,False,38.05426938191381,37.83560064963694,37.83560064963694,0.0,11,11,2920,2.452018278750953,,0
2025-02-07,2025-02-06,4,673b793383011830c1624c092f88326bc0bc25aff3be2b92c02116f8f660245e,v12_cca586e367aa3071f32a,False,False,False,518880,518880,518880,False,False,False,False,37.83560064963694,37.94198003290677,37.94198003290677,0.0,12,12,2920,2.452018278750953,,0
2025-02-10,2025-02-07,4,673b793383011830c1624c092f88326bc0bc25aff3be2b92c02116f8f660245e,v12_cca586e367aa3071f32a,False,False,False,518880,518880,518880,False,False,False,False,37.94198003290677,38.521156675153634,38.521156675153634,0.0,13,13,2920,2.452018278750953,,0
2025-02-11,2025-02-10,4,673b793383011830c1624c092f88326bc0bc25aff3be2b92c02116f8f660245e,v12_cca586e367aa3071f32a,False,False,False,518880,518880,518880,False,False,False,False,38.521156675153634,38.91121441380968,38.91121441380968,0.0,14,14,2920,2.482102056359483,,0
2025-02-12,2025-02-11,4,673b793383011830c1624c092f88326bc0bc25aff3be2b92c02116f8f660245e,v12_cca586e367aa3071f32a,False,False,False,518880,518880,518880,False,False,False,False,38.91121441380968,38.63935598989789,38.63935598989789,0.0,15,15,2920,2.507235338918508,,0
2025-02-13,2025-02-12,4,673b793383011830c1624c092f88326bc0bc25aff3be2b92c02116f8f660245e,v12_cca586e367aa3071f32a,False,False,False,518880,518880,518880,False,False,False,False,38.63935598989789,38.82847489348871,38.82847489348871,0.0,16,16,2920,2.507235338918508,,0
2025-02-14,2025-02-13,4,673b793383011830c1624c092f88326bc0bc25aff3be2b92c02116f8f660245e,v12_cca586e367aa3071f32a,False,False,False,518880,518880,518880,False,False,False,False,38.82847489348871,39.03532369429116,39.03532369429116,0.0,17,17,2920,2.507235338918508,,0
2025-02-17,2025-02-14,4,673b793383011830c1624c092f88326bc0bc25aff3be2b92c02116f8f660245e,v12_cca586e367aa3071f32a,False,False,False,518880,513120,513120,False,False,True,False,39.03532369429116,38.37931749746052,38.371641633961026,0.007675863499492105,18,0,2920,0.8483563096500527,,0
2025-02-18,2025-02-17,4,673b793383011830c1624c092f88326bc0bc25aff3be2b92c02116f8f660245e,v12_cca586e367aa3071f32a,False,False,False,513120,513120,513120,False,False,False,False,38.371641633961026,38.41960618600348,38.41960618600348,0.0,1,1,2920,0.8483563096500527,,0
2025-02-19,2025-02-18,4,673b793383011830c1624c092f88326bc0bc25aff3be2b92c02116f8f660245e,v12_cca586e367aa3071f32a,False,False,False,513120,513120,513120,False,False,False,False,38.41960618600348,39.378897226852494,39.378897226852494,0.0,2,2,2920,0.8494167550371152,,0
2025-02-20,2025-02-19,4,673b793383011830c1624c092f88326bc0bc25aff3be2b92c02116f8f660245e,v12_cca586e367aa3071f32a,False,False,False,513120,513120,513120,False,False,False,False,39.378897226852494,39.810578195234555,39.810578195234555,0.0,3,3,2920,0.8706256627783664,,0
2025-02-21,2025-02-20,4,673b793383011830c1624c092f88326bc0bc25aff3be2b92c02116f8f660245e,v12_cca586e367aa3071f32a,False,False,False,513120,513120,513120,False,False,False,False,39.810578195234555,41.489337516720354,41.489337516720354,0.0,4,4,2920,0.8801696712619296,,0
2025-02-24,2025-02-21,4,673b793383011830c1624c092f88326bc0bc25aff3be2b92c02116f8f660245e,v12_cca586e367aa3071f32a,False,False,False,513120,513120,513120,False,False,False,False,41.489337516720354,40.721904684041135,40.721904684041135,0.0,5,5,2920,0.9172852598091195,,0
2025-02-25,2025-02-24,4,673b793383011830c1624c092f88326bc0bc25aff3be2b92c02116f8f660245e,v12_cca586e367aa3071f32a,False,False,False,513120,513120,513120,False,False,False,False,40.721904684041135,40.769869236083586,40.769869236083586,0.0,6,6,2920,0.9172852598091195,,0
2025-02-26,2025-02-25,4,673b793383011830c1624c092f88326bc0bc25aff3be2b92c02116f8f660245e,v12_cca586e367aa3071f32a,False,False,False,513120,513120,513120,False,False,False,False,40.769869236083586,42.400664005526934,42.400664005526934,0.0,7,7,2920,0.9172852598091195,,0
2025-02-27,2025-02-26,4,673b793383011830c1624c092f88326bc0bc25aff3be2b92c02116f8f660245e,v12_cca586e367aa3071f32a,False,False,False,513120,513120,513120,False,False,False,False,42.400664005526934,42.30473490144203,42.30473490144203,0.0,8,8,2920,0.9374337221633083,,0
2025-02-28,2025-02-27,4,673b793383011830c1624c092f88326bc0bc25aff3be2b92c02116f8f660245e,v12_cca586e367aa3071f32a,False,False,False,513120,513120,513120,False,False,False,False,42.30473490144203,40.38615281974398,40.38615281974398,0.0,9,9,2920,0.9374337221633083,,0
2025-03-03,2025-02-28,4,673b793383011830c1624c092f88326bc0bc25aff3be2b92c02116f8f660245e,v12_cca586e367aa3071f32a,False,False,False,513120,588080,588080,True,False,True,False,40.38615281974398,39.954471851361916,39.94648095699164,0.007990894370272384,10,0,2920,0.7508626639061439,,0
2025-03-04,2025-03-03,4,673b793383011830c1624c092f88326bc0bc25aff3be2b92c02116f8f660245e,v12_cca586e367aa3071f32a,False,False,False,588080,513120,513120,False,False,True,False,39.94648095699164,40.64407575311557,40.63594693796495,0.008128815150623116,1,0,2920,0.8886532343584302,,0
2025-03-05,2025-03-04,4,673b793383011830c1624c092f88326bc0bc25aff3be2b92c02116f8f660245e,v12_cca586e367aa3071f32a,False,False,False,513120,513120,513120,False,False,False,False,40.63594693796495,41.07237118908868,41.07237118908868,0.0,1,1,2920,0.8886532343584302,,0
2025-03-06,2025-03-05,4,673b793383011830c1624c092f88326bc0bc25aff3be2b92c02116f8f660245e,v12_cca586e367aa3071f32a,False,False,False,513120,513120,513120,False,False,False,False,41.07237118908868,41.16935435600506,41.16935435600506,0.0,2,2,2920,0.8981972428419933,,0
2025-03-07,2025-03-06,4,673b793383011830c1624c092f88326bc0bc25aff3be2b92c02116f8f660245e,v12_cca586e367aa3071f32a,False,False,False,513120,513120,513120,False,False,False,False,41.16935435600506,41.314829106379634,41.314829106379634,0.0,3,3,2920,0.9003181336161185,,0
2025-03-10,2025-03-07,4,673b793383011830c1624c092f88326bc0bc25aff3be2b92c02116f8f660245e,v12_cca586e367aa3071f32a,False,False,False,513120,513120,513120,False,False,False,False,41.314829106379634,40.344997437215795,40.344997437215795,0.0,4,4,2920,0.9034994697773062,,0
2025-03-11,2025-03-10,4,673b793383011830c1624c092f88326bc0bc25aff3be2b92c02116f8f660245e,v12_cca586e367aa3071f32a,False,False,False,513120,513120,513120,False,False,False,False,40.344997437215795,40.44198060413218,40.44198060413218,0.0,5,5,2920,0.9034994697773062,,0
2025-03-12,2025-03-11,4,673b793383011830c1624c092f88326bc0bc25aff3be2b92c02116f8f660245e,v12_cca586e367aa3071f32a,False,False,False,513120,513120,513120,False,False,False,False,40.44198060413218,40.73293010488133,40.73293010488133,0.0,6,6,2920,0.9034994697773062,,0
2025-03-13,2025-03-12,4,673b793383011830c1624c092f88326bc0bc25aff3be2b92c02116f8f660245e,v12_cca586e367aa3071f32a,False,False,False,513120,513120,513120,False,False,False,False,40.73293010488133,40.39348902067399,40.39348902067399,0.0,7,7,2920,0.9034994697773062,,0
2025-03-14,2025-03-13,4,673b793383011830c1624c092f88326bc0bc25aff3be2b92c02116f8f660245e,v12_cca586e367aa3071f32a,False,False,False,513120,513120,513120,False,False,False,False,40.39348902067399,42.38164394245987,42.38164394245987,0.0,8,8,2920,0.9034994697773062,,0
2025-03-17,2025-03-14,4,673b793383011830c1624c092f88326bc0bc25aff3be2b92c02116f8f660245e,v12_cca586e367aa3071f32a,False,False,False,513120,513120,513120,False,False,False,False,42.38164394245987,42.09069444171072,42.09069444171072,0.0,9,9,2920,0.9268292682926828,,0
2025-03-18,2025-03-17,4,673b793383011830c1624c092f88326bc0bc25aff3be2b92c02116f8f660245e,v12_cca586e367aa3071f32a,False,False,False,513120,513120,513120,False,False,False,False,42.09069444171072,43.35147561162371,43.35147561162371,0.0,10,10,2920,0.9268292682926828,,0
2025-03-19,2025-03-18,4,673b793383011830c1624c092f88326bc0bc25aff3be2b92c02116f8f660245e,v12_cca586e367aa3071f32a,False,False,False,513120,513120,513120,False,False,False,False,43.35147561162371,43.884883029663825,43.884883029663825,0.0,11,11,2920,0.948038176033934,,0
2025-03-20,2025-03-19,4,673b793383011830c1624c092f88326bc0bc25aff3be2b92c02116f8f660245e,v12_cca586e367aa3071f32a,False,False,False,513120,513120,513120,False,False,False,False,43.884883029663825,44.46678203116213,44.46678203116213,0.0,12,12,2920,0.9597030752916222,,0
2025-03-21,2025-03-20,4,673b793383011830c1624c092f88326bc0bc25aff3be2b92c02116f8f660245e,v12_cca586e367aa3071f32a,False,False,False,513120,513120,513120,False,False,False,False,44.46678203116213,42.381643942459874,42.381643942459874,0.0,13,13,2920,0.9724284199363731,,0
2025-03-24,2025-03-21,4,673b793383011830c1624c092f88326bc0bc25aff3be2b92c02116f8f660245e,v12_cca586e367aa3071f32a,False,False,False,513120,512400,512400,True,False,True,False,42.381643942459874,42.13918602516891,42.13075818796388,0.008427837205033782,14,0,2920,1.0760752446799027,,0
2025-03-25,2025-03-24,4,673b793383011830c1624c092f88326bc0bc25aff3be2b92c02116f8f660245e,v12_cca586e367aa3071f32a,False,False,False,512400,512400,512400,False,False,False,False,42.13075818796388,42.20722054402189,42.20722054402189,0.0,1,1,2920,1.0760752446799027,,0
2025-03-26,2025-03-25,4,673b793383011830c1624c092f88326bc0bc25aff3be2b92c02116f8f660245e,v12_cca586e367aa3071f32a,False,False,False,512400,512400,512400,False,False,False,False,42.20722054402189,41.939602297818844,41.939602297818844,0.0,2,2,2920,1.0780281943072707,,0
2025-03-27,2025-03-26,4,673b793383011830c1624c092f88326bc0bc25aff3be2b92c02116f8f660245e,v12_cca586e367aa3071f32a,False,False,False,512400,512400,512400,False,False,False,False,41.939602297818844,41.51905933949979,41.51905933949979,0.0,3,3,2920,1.0780281943072707,,0
2025-03-28,2025-03-27,4,673b793383011830c1624c092f88326bc0bc25aff3be2b92c02116f8f660245e,v12_cca586e367aa3071f32a,False,False,False,512400,512400,512400,False,False,False,False,41.51905933949979,41.51905933949979,41.51905933949979,0.0,4,4,2920,1.0780281943072707,,0
2025-03-31,2025-03-28,4,673b793383011830c1624c092f88326bc0bc25aff3be2b92c02116f8f660245e,v12_cca586e367aa3071f32a,False,False,False,512400,512400,512400,False,False,False,False,41.51905933949979,41.17497873723874,41.17497873723874,0.0,5,5,2920,1.0780281943072707,,0
2025-04-01,2025-03-31,4,673b793383011830c1624c092f88326bc0bc25aff3be2b92c02116f8f660245e,v12_cca586e367aa3071f32a,False,False,False,512400,512400,512400,False,False,False,False,41.17497873723874,41.28967227132576,41.28967227132576,0.0,6,6,2920,1.0780281943072707,,0
2025-04-02,2025-04-01,4,673b793383011830c1624c092f88326bc0bc25aff3be2b92c02116f8f660245e,v12_cca586e367aa3071f32a,False,False,False,512400,512400,512400,False,False,False,False,41.28967227132576,40.8691293130067,40.8691293130067,0.0,7,7,2920,1.0780281943072707,,0
2025-04-03,2025-04-02,4,673b793383011830c1624c092f88326bc0bc25aff3be2b92c02116f8f660245e,v12_cca586e367aa3071f32a,False,False,False,512400,512400,512400,False,False,False,False,40.8691293130067,40.257430464542615,40.257430464542615,0.0,8,8,2920,1.0780281943072707,,0
2025-04-07,2025-04-03,4,673b793383011830c1624c092f88326bc0bc25aff3be2b92c02116f8f660245e,v12_cca586e367aa3071f32a,False,False,False,512400,512890,512890,False,False,True,False,40.257430464542615,36.243156771497056,36.235908140142755,0.007248631354299411,9,0,2920,2.1216350947158604,,0
2025-04-08,2025-04-07,4,673b793383011830c1624c092f88326bc0bc25aff3be2b92c02116f8f660245e,v12_cca586e367aa3071f32a,False,False,False,512890,518880,518880,True,False,True,False,36.235908140142755,37.05325945157455,37.04584879968424,0.00741065189031491,1,0,2920,2.6370906321401395,,0
2025-04-09,2025-04-08,4,673b793383011830c1624c092f88326bc0bc25aff3be2b92c02116f8f660245e,v12_cca586e367aa3071f32a,False,False,False,518880,518880,518880,False,False,False,False,37.04584879968424,37.51126235139146,37.51126235139146,0.0,1,1,2920,2.6370906321401395,,0
2025-04-10,2025-04-09,4,673b793383011830c1624c092f88326bc0bc25aff3be2b92c02116f8f660245e,v12_cca586e367aa3071f32a,False,False,False,518880,513100,513100,False,True,True,False,37.51126235139146,38.324398671615576,38.316733791881255,0.007664879734323116,2,0,3132,7.166499498495488,,0
2025-04-11,2025-04-10,4,673b793383011830c1624c092f88326bc0bc25aff3be2b92c02116f8f660245e,v12_cca586e367aa3071f32a,False,False,False,513100,513100,513100,False,False,False,False,38.316733791881255,37.887715079026044,37.887715079026044,0.0,1,1,3132,7.166499498495488,,0
2025-04-14,2025-04-11,4,673b793383011830c1624c092f88326bc0bc25aff3be2b92c02116f8f660245e,v12_cca586e367aa3071f32a,False,False,False,513100,513100,513100,False,False,False,False,37.887715079026044,38.397174800541606,38.397174800541606,0.0,2,2,3132,7.166499498495488,,0
2025-04-15,2025-04-14,4,673b793383011830c1624c092f88326bc0bc25aff3be2b92c02116f8f660245e,v12_cca586e367aa3071f32a,False,False,False,513100,513100,513100,False,False,False,False,38.397174800541606,37.968156087686395,37.968156087686395,0.0,3,3,3132,7.181544633901706,,0
2025-04-16,2025-04-15,4,673b793383011830c1624c092f88326bc0bc25aff3be2b92c02116f8f660245e,v12_cca586e367aa3071f32a,False,False,False,513100,513100,513100,False,False,False,False,37.968156087686395,37.24418700974322,37.24418700974322,0.0,4,4,3132,7.181544633901706,,0
2025-04-17,2025-04-16,4,673b793383011830c1624c092f88326bc0bc25aff3be2b92c02116f8f660245e,v12_cca586e367aa3071f32a,False,False,False,513100,512890,512890,False,False,True,False,37.24418700974322,37.27100067929667,37.26354647916081,0.0074542001358593344,5,0,3132,2.2273180458624213,,0
2025-04-18,2025-04-17,4,673b793383011830c1624c092f88326bc0bc25aff3be2b92c02116f8f660245e,v12_cca586e367aa3071f32a,False,False,False,512890,512890,512890,False,False,False,False,37.26354647916081,37.363627624583806,37.363627624583806,0.0,1,1,3132,2.2273180458624213,,0
2025-04-21,2025-04-18,4,673b793383011830c1624c092f88326bc0bc25aff3be2b92c02116f8f660245e,v12_cca586e367aa3071f32a,False,False,False,512890,512890,512890,False,False,False,False,37.363627624583806,37.163465333737825,37.163465333737825,0.0,2,2,3132,2.233300099700906,,0
2025-04-22,2025-04-21,4,673b793383011830c1624c092f88326bc0bc25aff3be2b92c02116f8f660245e,v12_cca586e367aa3071f32a,False,False,False,512890,512890,512890,False,False,False,False,37.163465333737825,37.39698800639147,37.39698800639147,0.0,3,3,3132,2.233300099700906,,0
2025-04-23,2025-04-22,4,673b793383011830c1624c092f88326bc0bc25aff3be2b92c02116f8f660245e,v12_cca586e367aa3071f32a,False,False,False,512890,512890,512890,False,False,False,False,37.39698800639147,37.230186097353155,37.230186097353155,0.0,4,4,3132,2.2352941176470673,,0
2025-04-24,2025-04-23,4,673b793383011830c1624c092f88326bc0bc25aff3be2b92c02116f8f660245e,v12_cca586e367aa3071f32a,False,False,False,512890,512890,512890,False,False,False,False,37.230186097353155,37.563789915429794,37.563789915429794,0.0,5,5,3132,2.2352941176470673,,0
2025-04-25,2025-04-24,4,673b793383011830c1624c092f88326bc0bc25aff3be2b92c02116f8f660245e,v12_cca586e367aa3071f32a,False,False,False,512890,512890,512890,False,False,False,False,37.563789915429794,37.53042953362213,37.53042953362213,0.0,6,6,3132,2.245264207377875,,0
2025-04-28,2025-04-25,4,673b793383011830c1624c092f88326bc0bc25aff3be2b92c02116f8f660245e,v12_cca586e367aa3071f32a,False,False,False,512890,512890,512890,False,False,False,False,37.53042953362213,37.697231442660446,37.697231442660446,0.0,7,7,3132,2.245264207377875,,0
2025-04-29,2025-04-28,4,673b793383011830c1624c092f88326bc0bc25aff3be2b92c02116f8f660245e,v12_cca586e367aa3071f32a,False,False,False,512890,512890,512890,False,False,False,False,37.697231442660446,37.59715029723746,37.59715029723746,0.0,8,8,3132,2.253240279162521,,0
2025-04-30,2025-04-29,4,673b793383011830c1624c092f88326bc0bc25aff3be2b92c02116f8f660245e,v12_cca586e367aa3071f32a,False,False,False,512890,512890,512890,False,False,False,False,37.59715029723746,36.996663424699506,36.996663424699506,0.0,9,9,3132,2.253240279162521,,0
2025-05-06,2025-04-30,4,673b793383011830c1624c092f88326bc0bc25aff3be2b92c02116f8f660245e,v12_cca586e367aa3071f32a,False,False,False,512890,513100,513100,False,False,True,False,36.996663424699506,36.996663424699506,36.989264092014565,0.0073993326849399015,10,0,3132,7.30692076228686,,0
2025-05-07,2025-05-06,4,673b793383011830c1624c092f88326bc0bc25aff3be2b92c02116f8f660245e,v12_cca586e367aa3071f32a,False,False,False,513100,513100,513100,False,False,False,False,36.989264092014565,37.116200482172474,37.116200482172474,0.0,1,1,3132,7.30692076228686,,0
2025-05-08,2025-05-07,4,673b793383011830c1624c092f88326bc0bc25aff3be2b92c02116f8f660245e,v12_cca586e367aa3071f32a,False,False,False,513100,513100,513100,False,False,False,False,37.116200482172474,37.70010787689886,37.70010787689886,0.0,2,2,3132,7.331995987963891,,0
2025-05-09,2025-05-08,4,673b793383011830c1624c092f88326bc0bc25aff3be2b92c02116f8f660245e,v12_cca586e367aa3071f32a,False,False,False,513100,513100,513100,False,False,False,False,37.70010787689886,37.72549515493044,37.72549515493044,0.0,3,3,3132,7.4473420260782355,,0
2025-05-12,2025-05-09,4,673b793383011830c1624c092f88326bc0bc25aff3be2b92c02116f8f660245e,v12_cca586e367aa3071f32a,False,False,False,513100,513100,513100,False,False,False,False,37.72549515493044,38.48711349587789,38.48711349587789,0.0,4,4,3132,7.452357071213641,,0
2025-05-13,2025-05-12,4,673b793383011830c1624c092f88326bc0bc25aff3be2b92c02116f8f660245e,v12_cca586e367aa3071f32a,False,False,False,513100,513100,513100,False,False,False,False,38.48711349587789,38.63943716406739,38.63943716406739,0.0,5,5,3132,7.602808425275828,,0
2025-05-14,2025-05-13,4,673b793383011830c1624c092f88326bc0bc25aff3be2b92c02116f8f660245e,v12_cca586e367aa3071f32a,False,False,False,513100,513100,513100,False,False,False,False,38.63943716406739,39.75647739745699,39.75647739745699,0.0,6,6,3132,7.632898696088266,,0
2025-05-15,2025-05-14,4,673b793383011830c1624c092f88326bc0bc25aff3be2b92c02116f8f660245e,v12_cca586e367aa3071f32a,False,False,False,513100,513100,513100,False,False,False,False,39.75647739745699,39.578766451235914,39.578766451235914,0.0,7,7,3132,7.85356068204614,,0
2025-05-16,2025-05-15,4,673b793383011830c1624c092f88326bc0bc25aff3be2b92c02116f8f660245e,v12_cca586e367aa3071f32a,False,False,False,513100,513100,513100,False,False,False,False,39.578766451235914,39.62954100729908,39.62954100729908,0.0,8,8,3132,7.85356068204614,,0
2025-05-19,2025-05-16,4,673b793383011830c1624c092f88326bc0bc25aff3be2b92c02116f8f660245e,v12_cca586e367aa3071f32a,False,False,False,513100,513100,513100,False,False,False,False,39.62954100729908,39.27411911485694,39.27411911485694,0.0,9,9,3132,7.85356068204614,,0
2025-05-20,2025-05-19,4,673b793383011830c1624c092f88326bc0bc25aff3be2b92c02116f8f660245e,v12_cca586e367aa3071f32a,False,False,False,513100,513100,513100,False,False,False,False,39.27411911485694,39.70570284139384,39.70570284139384,0.0,10,10,3132,7.85356068204614,,0
2025-05-21,2025-05-20,4,673b793383011830c1624c092f88326bc0bc25aff3be2b92c02116f8f660245e,v12_cca586e367aa3071f32a,False,False,False,513100,513100,513100,False,False,False,False,39.70570284139384,39.324893670920105,39.324893670920105,0.0,11,11,3132,7.85356068204614,,0
2025-05-22,2025-05-21,4,673b793383011830c1624c092f88326bc0bc25aff3be2b92c02116f8f660245e,v12_cca586e367aa3071f32a,False,False,False,513100,513100,513100,False,False,False,False,39.324893670920105,39.07102089060429,39.07102089060429,0.0,12,12,3132,7.85356068204614,,0
2025-05-23,2025-05-22,4,673b793383011830c1624c092f88326bc0bc25aff3be2b92c02116f8f660245e,v12_cca586e367aa3071f32a,False,False,False,513100,513100,513100,False,False,False,False,39.07102089060429,38.94408450044638,38.94408450044638,0.0,13,13,3132,7.85356068204614,,0
2025-05-26,2025-05-23,4,673b793383011830c1624c092f88326bc0bc25aff3be2b92c02116f8f660245e,v12_cca586e367aa3071f32a,False,False,False,513100,513100,513100,False,False,False,False,38.94408450044638,39.172570002730616,39.172570002730616,0.0,14,14,3132,7.85356068204614,,0
2025-05-27,2025-05-26,4,673b793383011830c1624c092f88326bc0bc25aff3be2b92c02116f8f660245e,v12_cca586e367aa3071f32a,False,False,False,513100,513100,513100,False,False,False,False,39.172570002730616,39.350280948951685,39.350280948951685,0.0,15,15,3132,7.85356068204614,,0
2025-05-28,2025-05-27,4,673b793383011830c1624c092f88326bc0bc25aff3be2b92c02116f8f660245e,v12_cca586e367aa3071f32a,False,False,False,513100,513100,513100,False,False,False,False,39.350280948951685,39.80725195352016,39.80725195352016,0.0,16,16,3132,7.85356068204614,,0
2025-05-29,2025-05-28,4,673b793383011830c1624c092f88326bc0bc25aff3be2b92c02116f8f660245e,v12_cca586e367aa3071f32a,False,False,False,513100,513100,513100,False,False,False,False,39.80725195352016,40.340384792183364,40.340384792183364,0.0,17,17,3132,7.863590772316954,,0
2025-05-30,2025-05-29,4,673b793383011830c1624c092f88326bc0bc25aff3be2b92c02116f8f660245e,v12_cca586e367aa3071f32a,False,False,False,513100,513100,513100,False,False,False,False,40.340384792183364,39.50260461714117,39.50260461714117,0.0,18,18,3132,7.968906720160483,,0
2025-06-03,2025-05-30,4,673b793383011830c1624c092f88326bc0bc25aff3be2b92c02116f8f660245e,v12_cca586e367aa3071f32a,False,False,False,513100,513120,513120,True,False,True,False,39.50260461714117,39.65492828533067,39.64699729967361,0.007930985657066134,19,0,3132,1.0922587486744433,,0
2025-06-04,2025-06-03,4,673b793383011830c1624c092f88326bc0bc25aff3be2b92c02116f8f660245e,v12_cca586e367aa3071f32a,False,False,False,513120,513120,513120,False,False,False,False,39.64699729967361,41.109702054418854,41.109702054418854,0.0,1,1,3132,1.0922587486744433,,0
2025-06-05,2025-06-04,4,673b793383011830c1624c092f88326bc0bc25aff3be2b92c02116f8f660245e,v12_cca586e367aa3071f32a,False,False,False,513120,513120,513120,False,False,False,False,41.109702054418854,40.64779528976246,40.64779528976246,0.0,2,2,3132,1.132555673382821,,0
2025-06-06,2025-06-05,4,673b793383011830c1624c092f88326bc0bc25aff3be2b92c02116f8f660245e,v12_cca586e367aa3071f32a,False,False,False,513120,513120,513120,False,False,False,False,40.64779528976246,41.571608819075244,41.571608819075244,0.0,3,3,3132,1.132555673382821,,0
2025-06-09,2025-06-06,4,673b793383011830c1624c092f88326bc0bc25aff3be2b92c02116f8f660245e,v12_cca586e367aa3071f32a,False,False,False,513120,513120,513120,False,False,False,False,41.571608819075244,43.534712568864904,43.534712568864904,0.0,4,4,3132,1.1452810180275719,,0
2025-06-10,2025-06-09,4,673b793383011830c1624c092f88326bc0bc25aff3be2b92c02116f8f660245e,v12_cca586e367aa3071f32a,False,False,False,513120,513120,513120,False,False,False,False,43.534712568864904,45.035909553998174,45.035909553998174,0.0,5,5,3132,1.1993637327677626,,0
2025-06-11,2025-06-10,4,673b793383011830c1624c092f88326bc0bc25aff3be2b92c02116f8f660245e,v12_cca586e367aa3071f32a,False,False,False,513120,513120,513120,False,False,False,False,45.035909553998174,44.95892509322211,44.95892509322211,0.0,6,6,3132,1.2407211028632026,,0
2025-06-12,2025-06-11,4,673b793383011830c1624c092f88326bc0bc25aff3be2b92c02116f8f660245e,v12_cca586e367aa3071f32a,False,False,False,513120,513120,513120,False,False,False,False,44.95892509322211,47.19147445572801,47.19147445572801,0.0,7,7,3132,1.2407211028632026,,0
2025-06-13,2025-06-12,4,673b793383011830c1624c092f88326bc0bc25aff3be2b92c02116f8f660245e,v12_cca586e367aa3071f32a,False,False,False,513120,513120,513120,False,False,False,False,47.19147445572801,45.80575416175884,45.80575416175884,0.0,8,8,3132,1.3001060445387065,,0
2025-06-16,2025-06-13,4,673b793383011830c1624c092f88326bc0bc25aff3be2b92c02116f8f660245e,v12_cca586e367aa3071f32a,False,False,False,513120,513120,513120,False,False,False,False,45.80575416175884,45.42083185787852,45.42083185787852,0.0,9,9,3132,1.3001060445387065,,0
2025-06-17,2025-06-16,4,673b793383011830c1624c092f88326bc0bc25aff3be2b92c02116f8f660245e,v12_cca586e367aa3071f32a,False,False,False,513120,513120,513120,False,False,False,False,45.42083185787852,43.226774725760656,43.226774725760656,0.0,10,10,3132,1.3001060445387065,,0
2025-06-18,2025-06-17,4,673b793383011830c1624c092f88326bc0bc25aff3be2b92c02116f8f660245e,v12_cca586e367aa3071f32a,False,False,False,513120,512400,512400,True,False,True,False,43.226774725760656,43.38074364731279,43.37206749858333,0.008676148729462558,11,0,3132,1.0838870431893755,,0
2025-06-19,2025-06-18,4,673b793383011830c1624c092f88326bc0bc25aff3be2b92c02116f8f660245e,v12_cca586e367aa3071f32a,False,False,False,512400,513120,513120,False,False,True,False,43.37206749858333,42.62966273959856,42.62113680705064,0.008525932547919711,1,0,3132,1.160127253446448,,0
2025-06-20,2025-06-19,4,673b793383011830c1624c092f88326bc0bc25aff3be2b92c02116f8f660245e,v12_cca586e367aa3071f32a,False,False,False,513120,513120,513120,False,False,False,False,42.62113680705064,42.738013781841445,42.738013781841445,0.0,1,1,3132,1.160127253446448,,0
2025-06-23,2025-06-20,4,673b793383011830c1624c092f88326bc0bc25aff3be2b92c02116f8f660245e,v12_cca586e367aa3071f32a,False,False,False,513120,513120,513120,False,False,False,False,42.738013781841445,44.21845546252511,44.21845546252511,0.0,2,2,3132,1.1633085896076354,,0
2025-06-24,2025-06-23,4,673b793383011830c1624c092f88326bc0bc25aff3be2b92c02116f8f660245e,v12_cca586e367aa3071f32a,False,False,False,513120,513120,513120,False,False,False,False,44.21845546252511,45.15347126085163,45.15347126085163,0.0,3,3,3132,1.203605514316013,,0
2025-06-25,2025-06-24,4,673b793383011830c1624c092f88326bc0bc25aff3be2b92c02116f8f660245e,v12_cca586e367aa3071f32a,False,False,False,513120,513120,513120,False,False,False,False,45.15347126085163,45.46514319362714,45.46514319362714,0.0,4,4,3132,1.2290562036055146,,0
2025-06-26,2025-06-25,4,673b793383011830c1624c092f88326bc0bc25aff3be2b92c02116f8f660245e,v12_cca586e367aa3071f32a,False,False,False,513120,513120,513120,False,False,False,False,45.46514319362714,44.023660504540416,44.023660504540416,0.0,5,5,3132,1.2375397667020152,,0
2025-06-27,2025-06-26,4,673b793383011830c1624c092f88326bc0bc25aff3be2b92c02116f8f660245e,v12_cca586e367aa3071f32a,False,False,False,513120,513120,513120,False,False,False,False,44.023660504540416,43.478234622183294,43.478234622183294,0.0,6,6,3132,1.2375397667020152,,0
2025-06-30,2025-06-27,4,673b793383011830c1624c092f88326bc0bc25aff3be2b92c02116f8f660245e,v12_cca586e367aa3071f32a,False,False,False,513120,513120,513120,False,False,False,False,43.478234622183294,44.257414454122056,44.257414454122056,0.0,7,7,3132,1.2375397667020152,,0
2025-07-01,2025-06-30,4,673b793383011830c1624c092f88326bc0bc25aff3be2b92c02116f8f660245e,v12_cca586e367aa3071f32a,False,False,False,513120,513120,513120,False,False,False,False,44.257414454122056,45.54306117682103,45.54306117682103,0.0,8,8,3132,1.2375397667020152,,0
2025-07-02,2025-07-01,4,673b793383011830c1624c092f88326bc0bc25aff3be2b92c02116f8f660245e,v12_cca586e367aa3071f32a,False,False,False,513120,513120,513120,False,False,False,False,45.54306117682103,44.413250420509804,44.413250420509804,0.0,9,9,3132,1.2396606574761404,,0
2025-07-03,2025-07-02,4,673b793383011830c1624c092f88326bc0bc25aff3be2b92c02116f8f660245e,v12_cca586e367aa3071f32a,False,False,False,513120,513120,513120,False,False,False,False,44.413250420509804,46.24432302556592,46.24432302556592,0.0,10,10,3132,1.2396606574761404,,0
2025-07-04,2025-07-03,4,673b793383011830c1624c092f88326bc0bc25aff3be2b92c02116f8f660245e,v12_cca586e367aa3071f32a,False,False,False,513120,513120,513120,False,False,False,False,46.24432302556592,46.672871933132235,46.672871933132235,0.0,11,11,3132,1.2587486744432668,,0
2025-07-07,2025-07-04,4,673b793383011830c1624c092f88326bc0bc25aff3be2b92c02116f8f660245e,v12_cca586e367aa3071f32a,False,False,False,513120,513120,513120,False,False,False,False,46.672871933132235,45.9326510927904,45.9326510927904,0.0,12,12,3132,1.2704135737009548,,0
2025-07-08,2025-07-07,4,673b793383011830c1624c092f88326bc0bc25aff3be2b92c02116f8f660245e,v12_cca586e367aa3071f32a,False,False,False,513120,513120,513120,False,False,False,False,45.9326510927904,45.776815126402646,45.776815126402646,0.0,13,13,3132,1.2704135737009548,,0
2025-07-09,2025-07-08,4,673b793383011830c1624c092f88326bc0bc25aff3be2b92c02116f8f660245e,v12_cca586e367aa3071f32a,False,False,False,513120,513100,513100,False,False,True,False,45.776815126402646,46.36120000035672,46.351927760356645,0.009272240000071343,14,0,3132,8.174523570712147,,0
2025-07-10,2025-07-09,4,673b793383011830c1624c092f88326bc0bc25aff3be2b92c02116f8f660245e,v12_cca586e367aa3071f32a,False,False,False,513100,513100,513100,False,False,False,False,46.351927760356645,46.60785864983101,46.60785864983101,0.0,1,1,3132,8.174523570712147,,0
2025-07-11,2025-07-10,4,673b793383011830c1624c092f88326bc0bc25aff3be2b92c02116f8f660245e,v12_cca586e367aa3071f32a,False,False,False,513100,513100,513100,False,False,False,False,46.60785864983101,46.4372380568481,46.4372380568481,0.0,2,2,3132,8.219658976930802,,0
2025-07-14,2025-07-11,4,673b793383011830c1624c092f88326bc0bc25aff3be2b92c02116f8f660245e,v12_cca586e367aa3071f32a,False,False,False,513100,513100,513100,False,False,False,False,46.4372380568481,46.15287040187659,46.15287040187659,0.0,3,3,3132,8.219658976930802,,0
2025-07-15,2025-07-14,4,673b793383011830c1624c092f88326bc0bc25aff3be2b92c02116f8f660245e,v12_cca586e367aa3071f32a,False,False,False,513100,513100,513100,False,False,False,False,46.15287040187659,46.86378953930537,46.86378953930537,0.0,4,4,3132,8.219658976930802,,0
2025-07-16,2025-07-15,4,673b793383011830c1624c092f88326bc0bc25aff3be2b92c02116f8f660245e,v12_cca586e367aa3071f32a,False,False,False,513100,513100,513100,False,False,False,False,46.86378953930537,46.57942188433386,46.57942188433386,0.0,5,5,3132,8.264794383149457,,0
2025-07-17,2025-07-16,4,673b793383011830c1624c092f88326bc0bc25aff3be2b92c02116f8f660245e,v12_cca586e367aa3071f32a,False,False,False,513100,513100,513100,False,False,False,False,46.57942188433386,46.920663070299675,46.920663070299675,0.0,6,6,3132,8.264794383149457,,0
2025-07-18,2025-07-17,4,673b793383011830c1624c092f88326bc0bc25aff3be2b92c02116f8f660245e,v12_cca586e367aa3071f32a,False,False,False,513100,513100,513100,False,False,False,False,46.920663070299675,47.261904256265495,47.261904256265495,0.0,7,7,3132,8.274824473420269,,0
2025-07-21,2025-07-18,4,673b793383011830c1624c092f88326bc0bc25aff3be2b92c02116f8f660245e,v12_cca586e367aa3071f32a,False,False,False,513100,513120,513120,False,False,True,False,47.261904256265495,47.261904256265495,47.252451875414245,0.009452380851253099,8,0,3132,1.4326617179215273,,0
2025-07-22,2025-07-21,4,673b793383011830c1624c092f88326bc0bc25aff3be2b92c02116f8f660245e,v12_cca586e367aa3071f32a,False,False,False,513120,513120,513120,False,False,False,False,47.252451875414245,47.18250005916641,47.18250005916641,0.0,1,1,3132,1.4326617179215273,,0
2025-07-23,2025-07-22,4,673b793383011830c1624c092f88326bc0bc25aff3be2b92c02116f8f660245e,v12_cca586e367aa3071f32a,False,False,False,513120,513120,513120,False,False,False,False,47.18250005916641,47.1475241510425,47.1475241510425,0.0,2,2,3132,1.4326617179215273,,0
2025-07-24,2025-07-23,4,673b793383011830c1624c092f88326bc0bc25aff3be2b92c02116f8f660245e,v12_cca586e367aa3071f32a,False,False,False,513120,513120,513120,False,False,False,False,47.1475241510425,47.91699412976871,47.91699412976871,0.0,3,3,3132,1.4326617179215273,,0
2025-07-25,2025-07-24,4,673b793383011830c1624c092f88326bc0bc25aff3be2b92c02116f8f660245e,v12_cca586e367aa3071f32a,False,False,False,513120,513120,513120,False,False,False,False,47.91699412976871,47.95197003789262,47.95197003789262,0.0,4,4,3132,1.4528101802757163,,0
2025-07-28,2025-07-25,4,673b793383011830c1624c092f88326bc0bc25aff3be2b92c02116f8f660245e,v12_cca586e367aa3071f32a,False,False,False,513120,513120,513120,False,False,False,False,47.95197003789262,49.87564498470815,49.87564498470815,0.0,5,5,3132,1.4538706256627787,,0
2025-07-29,2025-07-28,4,673b793383011830c1624c092f88326bc0bc25aff3be2b92c02116f8f660245e,v12_cca586e367aa3071f32a,False,False,False,513120,513120,513120,False,False,False,False,49.87564498470815,52.07912719651504,52.07912719651504,0.0,6,6,3132,1.5121951219512197,,0
2025-07-30,2025-07-29,4,673b793383011830c1624c092f88326bc0bc25aff3be2b92c02116f8f660245e,v12_cca586e367aa3071f32a,False,False,False,513120,513120,513120,False,False,False,False,52.07912719651504,50.435259514690856,50.435259514690856,0.0,7,7,3132,1.5790031813361616,,0
2025-07-31,2025-07-30,4,673b793383011830c1624c092f88326bc0bc25aff3be2b92c02116f8f660245e,v12_cca586e367aa3071f32a,False,False,False,513120,510300,510300,True,False,True,False,50.435259514690856,50.435259514690856,50.42517246278792,0.010087051902938172,8,0,3132,1.968569253263168,,0
2025-08-01,2025-07-31,4,673b793383011830c1624c092f88326bc0bc25aff3be2b92c02116f8f660245e,v12_cca586e367aa3071f32a,False,False,False,510300,510300,510300,False,False,False,False,50.42517246278792,50.158179973213585,50.158179973213585,0.0,1,1,3132,1.968569253263168,,0
2025-08-04,2025-08-01,4,673b793383011830c1624c092f88326bc0bc25aff3be2b92c02116f8f660245e,v12_cca586e367aa3071f32a,False,False,False,510300,588080,588080,False,False,True,False,50.158179973213585,50.38876439602778,50.378686643148576,0.010077752879205556,2,0,3132,0.7432712215320937,,0
2025-08-05,2025-08-04,4,673b793383011830c1624c092f88326bc0bc25aff3be2b92c02116f8f660245e,v12_cca586e367aa3071f32a,False,False,False,588080,588080,588080,False,False,False,False,50.378686643148576,50.61257098225326,50.61257098225326,0.0,1,1,3132,0.7432712215320937,,0
2025-08-06,2025-08-05,4,673b793383011830c1624c092f88326bc0bc25aff3be2b92c02116f8f660245e,v12_cca586e367aa3071f32a,False,False,False,588080,588080,588080,False,False,False,False,50.61257098225326,50.846455321357936,50.846455321357936,0.0,2,2,3132,0.7467218771566624,,0
2025-08-07,2025-08-06,4,673b793383011830c1624c092f88326bc0bc25aff3be2b92c02116f8f660245e,v12_cca586e367aa3071f32a,False,False,False,588080,588080,588080,False,False,False,False,50.846455321357936,50.75290158571607,50.75290158571607,0.0,3,3,3132,0.750172532781231,,0
2025-08-08,2025-08-07,4,673b793383011830c1624c092f88326bc0bc25aff3be2b92c02116f8f660245e,v12_cca586e367aa3071f32a,False,False,False,588080,588080,588080,False,False,False,False,50.75290158571607,50.05124856840202,50.05124856840202,0.0,4,4,3132,0.750172532781231,,0
2025-08-11,2025-08-08,4,673b793383011830c1624c092f88326bc0bc25aff3be2b92c02116f8f660245e,v12_cca586e367aa3071f32a,False,False,False,588080,588080,588080,False,False,False,False,50.05124856840202,50.37868664314857,50.37868664314857,0.0,5,5,3132,0.750172532781231,,0
2025-08-12,2025-08-11,4,673b793383011830c1624c092f88326bc0bc25aff3be2b92c02116f8f660245e,v12_cca586e367aa3071f32a,False,False,False,588080,588080,588080,False,False,False,False,50.37868664314857,51.36100086738824,51.36100086738824,0.0,6,6,3132,0.750172532781231,,0
2025-08-13,2025-08-12,4,673b793383011830c1624c092f88326bc0bc25aff3be2b92c02116f8f660245e,v12_cca586e367aa3071f32a,False,False,False,588080,588080,588080,False,False,False,False,51.36100086738824,51.781992677776664,51.781992677776664,0.0,7,7,3132,0.7577639751552822,,0
2025-08-14,2025-08-13,4,673b793383011830c1624c092f88326bc0bc25aff3be2b92c02116f8f660245e,v12_cca586e367aa3071f32a,False,False,False,588080,588080,588080,False,False,False,False,51.781992677776664,52.062653884702286,52.062653884702286,0.0,8,8,3132,0.7639751552795057,,0
2025-08-15,2025-08-14,4,673b793383011830c1624c092f88326bc0bc25aff3be2b92c02116f8f660245e,v12_cca586e367aa3071f32a,False,False,False,588080,588080,588080,False,False,False,False,52.062653884702286,52.904637505479144,52.904637505479144,0.0,9,9,3132,0.7681159420289881,,0
2025-08-18,2025-08-15,4,673b793383011830c1624c092f88326bc0bc25aff3be2b92c02116f8f660245e,v12_cca586e367aa3071f32a,False,False,False,588080,588080,588080,False,False,False,False,52.904637505479144,54.167612936644424,54.167612936644424,0.0,10,10,3132,0.7805383022774355,,0
2025-08-19,2025-08-18,4,673b793383011830c1624c092f88326bc0bc25aff3be2b92c02116f8f660245e,v12_cca586e367aa3071f32a,False,False,False,588080,588080,588080,False,False,False,False,54.167612936644424,53.46595991933038,53.46595991933038,0.0,11,11,3132,0.7991718426501062,,0
2025-08-20,2025-08-19,4,673b793383011830c1624c092f88326bc0bc25aff3be2b92c02116f8f660245e,v12_cca586e367aa3071f32a,False,False,False,588080,588080,588080,False,False,False,False,53.46595991933038,55.14992716088409,55.14992716088409,0.0,12,12,3132,0.7991718426501062,,0
2025-08-21,2025-08-20,4,673b793383011830c1624c092f88326bc0bc25aff3be2b92c02116f8f660245e,v12_cca586e367aa3071f32a,False,False,False,588080,588080,588080,False,False,False,False,55.14992716088409,55.19670402870502,55.19670402870502,0.0,13,13,3132,0.8136645962732947,,0
2025-08-22,2025-08-21,4,673b793383011830c1624c092f88326bc0bc25aff3be2b92c02116f8f660245e,v12_cca586e367aa3071f32a,False,False,False,588080,588080,588080,False,False,False,False,55.19670402870502,60.57604382811271,60.57604382811271,0.0,14,14,3132,0.8143547273982082,,0
2025-08-25,2025-08-22,4,673b793383011830c1624c092f88326bc0bc25aff3be2b92c02116f8f660245e,v12_cca586e367aa3071f32a,False,False,False,588080,588080,588080,False,False,False,False,60.57604382811271,61.9793498627408,61.9793498627408,0.0,15,15,3132,0.8937198067632879,,0
2025-08-26,2025-08-25,4,673b793383011830c1624c092f88326bc0bc25aff3be2b92c02116f8f660245e,v12_cca586e367aa3071f32a,False,False,False,588080,588080,588080,False,False,False,False,61.9793498627408,61.04381250632207,61.04381250632207,0.0,16,16,3132,0.9144237405107,,0
2025-08-27,2025-08-26,4,673b793383011830c1624c092f88326bc0bc25aff3be2b92c02116f8f660245e,v12_cca586e367aa3071f32a,False,False,False,588080,588080,588080,False,False,False,False,61.04381250632207,61.04381250632207,61.04381250632207,0.0,17,17,3132,0.9144237405107,,0
2025-08-28,2025-08-27,4,673b793383011830c1624c092f88326bc0bc25aff3be2b92c02116f8f660245e,v12_cca586e367aa3071f32a,False,False,False,588080,588080,588080,False,False,False,False,61.04381250632207,65.62794555277385,65.62794555277385,0.0,18,18,3132,0.9144237405107,,0
2025-08-29,2025-08-28,4,673b793383011830c1624c092f88326bc0bc25aff3be2b92c02116f8f660245e,v12_cca586e367aa3071f32a,False,False,False,588080,588080,588080,False,False,False,False,65.62794555277385,64.59885446071326,64.59885446071326,0.0,19,19,3132,0.9682539682539715,,0
2025-09-01,2025-08-29,4,673b793383011830c1624c092f88326bc0bc25aff3be2b92c02116f8f660245e,v12_cca586e367aa3071f32a,False,False,False,588080,588080,588080,False,False,False,False,64.59885446071326,65.39406121366916,65.39406121366916,0.0,20,20,3132,0.9682539682539715,,0
2025-09-02,2025-09-01,4,673b793383011830c1624c092f88326bc0bc25aff3be2b92c02116f8f660245e,v12_cca586e367aa3071f32a,False,False,False,588080,588080,588080,False,False,False,False,65.39406121366916,63.75687083993638,63.75687083993638,0.0,21,21,3132,0.9682539682539715,,0
2025-09-03,2025-09-02,4,673b793383011830c1624c092f88326bc0bc25aff3be2b92c02116f8f660245e,v12_cca586e367aa3071f32a,False,False,False,588080,588080,588080,False,False,False,False,63.75687083993638,62.44711854095016,62.44711854095016,0.0,22,22,3132,0.9682539682539715,,0
2025-09-04,2025-09-03,4,673b793383011830c1624c092f88326bc0bc25aff3be2b92c02116f8f660245e,v12_cca586e367aa3071f32a,False,False,False,588080,588080,588080,False,False,False,False,62.44711854095016,58.56463851181243,58.56463851181243,0.0,23,23,3132,0.9682539682539715,,0
2025-09-05,2025-09-04,4,673b793383011830c1624c092f88326bc0bc25aff3be2b92c02116f8f660245e,v12_cca586e367aa3071f32a,False,False,False,588080,159915,159915,True,False,True,False,58.56463851181243,60.62282069593364,60.610696131794455,0.012124564139186729,24,0,3132,3.693851944792958,,0
2025-09-08,2025-09-05,4,673b793383011830c1624c092f88326bc0bc25aff3be2b92c02116f8f660245e,v12_cca586e367aa3071f32a,False,False,False,159915,159915,159915,False,False,False,False,60.610696131794455,59.86953272800893,59.86953272800893,0.0,1,1,3132,3.693851944792958,,0
2025-09-09,2025-09-08,4,673b793383011830c1624c092f88326bc0bc25aff3be2b92c02116f8f660245e,v12_cca586e367aa3071f32a,False,False,False,159915,159915,159915,False,False,False,False,59.86953272800893,58.572496771384245,58.572496771384245,0.0,2,2,3132,3.693851944792958,,0
2025-09-10,2025-09-09,4,673b793383011830c1624c092f88326bc0bc25aff3be2b92c02116f8f660245e,v12_cca586e367aa3071f32a,False,False,False,159915,159915,159915,False,False,False,False,58.572496771384245,59.19013294120551,59.19013294120551,0.0,3,3,3132,3.693851944792958,,0
2025-09-11,2025-09-10,4,673b793383011830c1624c092f88326bc0bc25aff3be2b92c02116f8f660245e,v12_cca586e367aa3071f32a,False,False,False,159915,159915,159915,False,False,False,False,59.19013294120551,62.278313790311884,62.278313790311884,0.0,4,4,3132,3.693851944792958,,0
2025-09-12,2025-09-11,4,673b793383011830c1624c092f88326bc0bc25aff3be2b92c02116f8f660245e,v12_cca586e367aa3071f32a,False,False,False,159915,159915,159915,False,False,False,False,62.278313790311884,61.66067762049062,61.66067762049062,0.0,5,5,3132,3.7954830614805357,,0
2025-09-15,2025-09-12,4,673b793383011830c1624c092f88326bc0bc25aff3be2b92c02116f8f660245e,v12_cca586e367aa3071f32a,False,False,False,159915,159915,159915,False,False,False,False,61.66067762049062,62.5253682582404,62.5253682582404,0.0,6,6,3132,3.7954830614805357,,0
2025-09-16,2025-09-15,4,673b793383011830c1624c092f88326bc0bc25aff3be2b92c02116f8f660245e,v12_cca586e367aa3071f32a,False,False,False,159915,159915,159915,False,False,False,False,62.5253682582404,62.97830144944267,62.97830144944267,0.0,7,7,3132,3.810539523212029,,0
2025-09-17,2025-09-16,4,673b793383011830c1624c092f88326bc0bc25aff3be2b92c02116f8f660245e,v12_cca586e367aa3071f32a,False,False,False,159915,159915,159915,False,False,False,False,62.97830144944267,64.21357378908522,64.21357378908522,0.0,8,8,3132,3.838143036386433,,0
2025-09-18,2025-09-17,4,673b793383011830c1624c092f88326bc0bc25aff3be2b92c02116f8f660245e,v12_cca586e367aa3071f32a,False,False,False,159915,159915,159915,False,False,False,False,64.21357378908522,63.14300442806167,63.14300442806167,0.0,9,9,3132,3.9134253450438985,,0
2025-09-19,2025-09-18,4,673b793383011830c1624c092f88326bc0bc25aff3be2b92c02116f8f660245e,v12_cca586e367aa3071f32a,False,False,False,159915,159915,159915,False,False,False,False,63.14300442806167,63.04006506642478,63.04006506642478,0.0,10,10,3132,3.9134253450438985,,0
2025-09-22,2025-09-19,4,673b793383011830c1624c092f88326bc0bc25aff3be2b92c02116f8f660245e,v12_cca586e367aa3071f32a,False,False,False,159915,159915,159915,False,False,False,False,63.04006506642478,63.4518225129723,63.4518225129723,0.0,11,11,3132,3.9134253450438985,,0
2025-09-23,2025-09-22,4,673b793383011830c1624c092f88326bc0bc25aff3be2b92c02116f8f660245e,v12_cca586e367aa3071f32a,False,False,False,159915,159915,159915,False,False,False,False,63.4518225129723,63.67828910857344,63.67828910857344,0.0,12,12,3132,3.9134253450438985,,0
2025-09-24,2025-09-23,4,673b793383011830c1624c092f88326bc0bc25aff3be2b92c02116f8f660245e,v12_cca586e367aa3071f32a,False,False,False,159915,159915,159915,False,False,False,False,63.67828910857344,65.05767655450762,65.05767655450762,0.0,13,13,3132,3.9134253450438985,,0
2025-09-25,2025-09-24,4,673b793383011830c1624c092f88326bc0bc25aff3be2b92c02116f8f660245e,v12_cca586e367aa3071f32a,False,False,False,159915,159915,159915,False,False,False,False,65.05767655450762,66.10765804320378,66.10765804320378,0.0,14,14,3132,3.9648682559598325,,0
2025-09-26,2025-09-25,4,673b793383011830c1624c092f88326bc0bc25aff3be2b92c02116f8f660245e,v12_cca586e367aa3071f32a,False,False,False,159915,159915,159915,False,False,False,False,66.10765804320378,64.41945251235897,64.41945251235897,0.0,15,15,3132,4.028858218318677,,0
2025-09-29,2025-09-26,4,673b793383011830c1624c092f88326bc0bc25aff3be2b92c02116f8f660245e,v12_cca586e367aa3071f32a,False,False,False,159915,159915,159915,False,False,False,False,64.41945251235897,66.14883378785854,66.14883378785854,0.0,16,16,3132,4.028858218318677,,0
2025-09-30,2025-09-29,4,673b793383011830c1624c092f88326bc0bc25aff3be2b92c02116f8f660245e,v12_cca586e367aa3071f32a,False,False,False,159915,159915,159915,False,False,False,False,66.14883378785854,66.23118527716804,66.23118527716804,0.0,17,17,3132,4.03136762860726,,0
2025-10-09,2025-09-30,4,673b793383011830c1624c092f88326bc0bc25aff3be2b92c02116f8f660245e,v12_cca586e367aa3071f32a,False,False,False,159915,159915,159915,False,False,False,False,66.23118527716804,66.6017669790608,66.6017669790608,0.0,18,18,3132,4.036386449184424,,0
2025-10-10,2025-10-09,4,673b793383011830c1624c092f88326bc0bc25aff3be2b92c02116f8f660245e,v12_cca586e367aa3071f32a,False,False,False,159915,159915,159915,False,False,False,False,66.6017669790608,63.71946485322819,63.71946485322819,0.0,19,19,3132,4.058971141781663,,0
2025-10-13,2025-10-10,4,673b793383011830c1624c092f88326bc0bc25aff3be2b92c02116f8f660245e,v12_cca586e367aa3071f32a,False,False,False,159915,513100,513100,True,False,True,False,63.71946485322819,62.87536208780577,62.86278701538821,0.012575072417561154,20,0,3132,9.172517552657991,,0
2025-10-14,2025-10-13,4,673b793383011830c1624c092f88326bc0bc25aff3be2b92c02116f8f660245e,v12_cca586e367aa3071f32a,False,False,False,513100,513100,513100,False,False,False,False,62.86278701538821,62.20975642310152,62.20975642310152,0.0,1,1,3132,9.172517552657991,,0
2025-10-15,2025-10-14,4,673b793383011830c1624c092f88326bc0bc25aff3be2b92c02116f8f660245e,v12_cca586e367aa3071f32a,False,False,False,513100,513100,513100,False,False,False,False,62.20975642310152,62.72530689069628,62.72530689069628,0.0,2,2,3132,9.172517552657991,,0
2025-10-16,2025-10-15,4,673b793383011830c1624c092f88326bc0bc25aff3be2b92c02116f8f660245e,v12_cca586e367aa3071f32a,False,False,False,513100,513100,513100,False,False,False,False,62.72530689069628,63.172117295945085,63.172117295945085,0.0,3,3,3132,9.172517552657991,,0
2025-10-17,2025-10-16,4,673b793383011830c1624c092f88326bc0bc25aff3be2b92c02116f8f660245e,v12_cca586e367aa3071f32a,False,False,False,513100,513100,513100,False,False,False,False,63.172117295945085,62.106646329582574,62.106646329582574,0.0,4,4,3132,9.21765295887665,,0
2025-10-20,2025-10-17,4,673b793383011830c1624c092f88326bc0bc25aff3be2b92c02116f8f660245e,v12_cca586e367aa3071f32a,False,False,False,513100,512400,512400,False,False,True,False,62.106646329582574,63.893887950577756,63.88110917298764,0.012778777590115552,5,0,3132,1.6249558723613813,,0
2025-10-21,2025-10-20,4,673b793383011830c1624c092f88326bc0bc25aff3be2b92c02116f8f660245e,v12_cca586e367aa3071f32a,False,False,False,512400,512400,512400,False,False,False,False,63.88110917298764,64.88894220605661,64.88894220605661,0.0,1,1,3132,1.6249558723613813,,0
2025-10-22,2025-10-21,4,673b793383011830c1624c092f88326bc0bc25aff3be2b92c02116f8f660245e,v12_cca586e367aa3071f32a,False,False,False,512400,512400,512400,False,False,False,False,64.88894220605661,64.0361604088444,64.0361604088444,0.0,2,2,3132,1.650592312095238,,0
2025-10-23,2025-10-22,4,673b793383011830c1624c092f88326bc0bc25aff3be2b92c02116f8f660245e,v12_cca586e367aa3071f32a,False,False,False,512400,512400,512400,False,False,False,False,64.0361604088444,64.77265377916405,64.77265377916405,0.0,3,3,3132,1.650592312095238,,0
2025-10-24,2025-10-23,4,673b793383011830c1624c092f88326bc0bc25aff3be2b92c02116f8f660245e,v12_cca586e367aa3071f32a,False,False,False,512400,512400,512400,False,False,False,False,64.77265377916405,65.8967752391256,65.8967752391256,0.0,4,4,3132,1.650592312095238,,0
2025-10-27,2025-10-24,4,673b793383011830c1624c092f88326bc0bc25aff3be2b92c02116f8f660245e,v12_cca586e367aa3071f32a,False,False,False,512400,512400,512400,False,False,False,False,65.8967752391256,67.48605040665745,67.48605040665745,0.0,5,5,3132,1.6762287518290948,,0
2025-10-28,2025-10-27,4,673b793383011830c1624c092f88326bc0bc25aff3be2b92c02116f8f660245e,v12_cca586e367aa3071f32a,False,False,False,512400,512400,512400,False,False,False,False,67.48605040665745,65.3540959136269,65.3540959136269,0.0,6,6,3132,1.7166554452555614,,0
2025-10-29,2025-10-28,4,673b793383011830c1624c092f88326bc0bc25aff3be2b92c02116f8f660245e,v12_cca586e367aa3071f32a,False,False,False,512400,512400,512400,False,False,False,False,65.3540959136269,68.37759501283384,68.37759501283384,0.0,7,7,3132,1.7166554452555614,,0
2025-10-30,2025-10-29,4,673b793383011830c1624c092f88326bc0bc25aff3be2b92c02116f8f660245e,v12_cca586e367aa3071f32a,False,False,False,512400,512400,512400,False,False,False,False,68.37759501283384,69.15285119211767,69.15285119211767,0.0,8,8,3132,1.739333834250896,,0
2025-10-31,2025-10-30,4,673b793383011830c1624c092f88326bc0bc25aff3be2b92c02116f8f660245e,v12_cca586e367aa3071f32a,False,False,False,512400,512400,512400,False,False,False,False,69.15285119211767,67.60233883355001,67.60233883355001,0.0,9,9,3132,1.759054172507709,,0
2025-11-03,2025-10-31,4,673b793383011830c1624c092f88326bc0bc25aff3be2b92c02116f8f660245e,v12_cca586e367aa3071f32a,False,False,False,512400,512400,512400,False,False,False,False,67.60233883355001,66.63326860944524,66.63326860944524,0.0,10,10,3132,1.759054172507709,,0
2025-11-04,2025-11-03,4,673b793383011830c1624c092f88326bc0bc25aff3be2b92c02116f8f660245e,v12_cca586e367aa3071f32a,False,False,False,512400,512400,512400,False,False,False,False,66.63326860944524,64.61760254330727,64.61760254330727,0.0,11,11,3132,1.759054172507709,,0
2025-11-05,2025-11-04,4,673b793383011830c1624c092f88326bc0bc25aff3be2b92c02116f8f660245e,v12_cca586e367aa3071f32a,False,False,False,512400,513100,513100,False,False,True,False,64.61760254330727,64.8889422060566,64.87596441761539,0.01297778844121132,12,0,3132,9.588766298896715,,0
2025-11-06,2025-11-05,4,673b793383011830c1624c092f88326bc0bc25aff3be2b92c02116f8f660245e,v12_cca586e367aa3071f32a,False,False,False,513100,513100,513100,False,False,False,False,64.87596441761539,66.13140933573871,66.13140933573871,0.0,1,1,3132,9.588766298896715,,0
2025-11-07,2025-11-06,4,673b793383011830c1624c092f88326bc0bc25aff3be2b92c02116f8f660245e,v12_cca586e367aa3071f32a,False,False,False,513100,513100,513100,False,False,False,False,66.13140933573871,65.28313574241214,65.28313574241214,0.0,2,2,3132,9.774322968906747,,0
2025-11-10,2025-11-07,4,673b793383011830c1624c092f88326bc0bc25aff3be2b92c02116f8f660245e,v12_cca586e367aa3071f32a,False,False,False,513100,513100,513100,False,False,False,False,65.28313574241214,66.19927122320483,66.19927122320483,0.0,3,3,3132,9.774322968906747,,0
2025-11-11,2025-11-10,4,673b793383011830c1624c092f88326bc0bc25aff3be2b92c02116f8f660245e,v12_cca586e367aa3071f32a,False,False,False,513100,513100,513100,False,False,False,False,66.19927122320483,66.47071877306934,66.47071877306934,0.0,4,4,3132,9.78435305917756,,0
2025-11-12,2025-11-11,4,673b793383011830c1624c092f88326bc0bc25aff3be2b92c02116f8f660245e,v12_cca586e367aa3071f32a,False,False,False,513100,513100,513100,False,False,False,False,66.47071877306934,66.97968292906526,66.97968292906526,0.0,5,5,3132,9.82447342026081,,0
2025-11-13,2025-11-12,4,673b793383011830c1624c092f88326bc0bc25aff3be2b92c02116f8f660245e,v12_cca586e367aa3071f32a,False,False,False,513100,513100,513100,False,False,False,False,66.97968292906526,67.01361387279833,67.01361387279833,0.0,6,6,3132,9.899699097291903,,0
2025-11-14,2025-11-13,4,673b793383011830c1624c092f88326bc0bc25aff3be2b92c02116f8f660245e,v12_cca586e367aa3071f32a,False,False,False,513100,513100,513100,False,False,False,False,67.01361387279833,65.24920479867907,65.24920479867907,0.0,7,7,3132,9.90471414242731,,0
2025-11-17,2025-11-14,4,673b793383011830c1624c092f88326bc0bc25aff3be2b92c02116f8f660245e,v12_cca586e367aa3071f32a,False,False,False,513100,512890,512890,True,False,True,False,65.24920479867907,64.7741715864162,64.76121675209892,0.012954834317283241,8,0,3132,2.440677966101707,,0
2025-11-18,2025-11-17,4,673b793383011830c1624c092f88326bc0bc25aff3be2b92c02116f8f660245e,v12_cca586e367aa3071f32a,False,False,False,512890,512890,512890,False,False,False,False,64.76121675209892,64.39085031642516,64.39085031642516,0.0,1,1,3132,2.440677966101707,,0
2025-11-19,2025-11-18,4,673b793383011830c1624c092f88326bc0bc25aff3be2b92c02116f8f660245e,v12_cca586e367aa3071f32a,False,False,False,512890,512890,512890,False,False,False,False,64.39085031642516,64.49666929804624,64.49666929804624,0.0,2,2,3132,2.440677966101707,,0
2025-11-20,2025-11-19,4,673b793383011830c1624c092f88326bc0bc25aff3be2b92c02116f8f660245e,v12_cca586e367aa3071f32a,False,False,False,512890,512890,512890,False,False,False,False,64.49666929804624,64.97285471534107,64.97285471534107,0.0,3,3,3132,2.440677966101707,,0
2025-11-21,2025-11-20,4,673b793383011830c1624c092f88326bc0bc25aff3be2b92c02116f8f660245e,v12_cca586e367aa3071f32a,False,False,False,512890,512890,512890,False,False,False,False,64.97285471534107,63.96757438994085,63.96757438994085,0.0,4,4,3132,2.448654037886353,,0
2025-11-24,2025-11-21,4,673b793383011830c1624c092f88326bc0bc25aff3be2b92c02116f8f660245e,v12_cca586e367aa3071f32a,False,False,False,512890,512890,512890,False,False,False,False,63.96757438994085,63.59720795426708,63.59720795426708,0.0,5,5,3132,2.448654037886353,,0
2025-11-25,2025-11-24,4,673b793383011830c1624c092f88326bc0bc25aff3be2b92c02116f8f660245e,v12_cca586e367aa3071f32a,False,False,False,512890,512890,512890,False,False,False,False,63.59720795426708,63.96757438994084,63.96757438994084,0.0,6,6,3132,2.448654037886353,,0
2025-11-26,2025-11-25,4,673b793383011830c1624c092f88326bc0bc25aff3be2b92c02116f8f660245e,v12_cca586e367aa3071f32a,False,False,False,512890,512890,512890,False,False,False,False,63.96757438994084,63.650117445077605,63.650117445077605,0.0,7,7,3132,2.448654037886353,,0
2025-11-27,2025-11-26,4,673b793383011830c1624c092f88326bc0bc25aff3be2b92c02116f8f660245e,v12_cca586e367aa3071f32a,False,False,False,512890,512890,512890,False,False,False,False,63.650117445077605,63.75593642669868,63.75593642669868,0.0,8,8,3132,2.448654037886353,,0
2025-11-28,2025-11-27,4,673b793383011830c1624c092f88326bc0bc25aff3be2b92c02116f8f660245e,v12_cca586e367aa3071f32a,False,False,False,512890,512890,512890,False,False,False,False,63.75593642669868,63.70302693588814,63.70302693588814,0.0,9,9,3132,2.448654037886353,,0
2025-12-01,2025-11-28,4,673b793383011830c1624c092f88326bc0bc25aff3be2b92c02116f8f660245e,v12_cca586e367aa3071f32a,False,False,False,512890,512890,512890,False,False,False,False,63.70302693588814,64.0733933715619,64.0733933715619,0.0,10,10,3132,2.448654037886353,,0
2025-12-02,2025-12-01,4,673b793383011830c1624c092f88326bc0bc25aff3be2b92c02116f8f660245e,v12_cca586e367aa3071f32a,False,False,False,512890,512890,512890,False,False,False,False,64.0733933715619,63.91466489913029,63.91466489913029,0.0,11,11,3132,2.448654037886353,,0
2025-12-03,2025-12-02,4,673b793383011830c1624c092f88326bc0bc25aff3be2b92c02116f8f660245e,v12_cca586e367aa3071f32a,False,False,False,512890,512400,512400,False,False,True,False,63.91466489913029,63.650117445077605,63.63738742158859,0.01273002348901552,12,0,3132,1.7176414621684013,,0
2025-12-04,2025-12-03,4,673b793383011830c1624c092f88326bc0bc25aff3be2b92c02116f8f660245e,v12_cca586e367aa3071f32a,False,False,False,512400,512400,512400,False,False,False,False,63.63738742158859,63.85657474910268,63.85657474910268,0.0,1,1,3132,1.7176414621684013,,0
2025-12-05,2025-12-04,4,673b793383011830c1624c092f88326bc0bc25aff3be2b92c02116f8f660245e,v12_cca586e367aa3071f32a,False,False,False,512400,512400,512400,False,False,False,False,63.85657474910268,65.5004797054583,65.5004797054583,0.0,2,2,3132,1.7235575636454452,,0
2025-12-08,2025-12-05,4,673b793383011830c1624c092f88326bc0bc25aff3be2b92c02116f8f660245e,v12_cca586e367aa3071f32a,False,False,False,512400,512400,512400,False,False,False,False,65.5004797054583,65.97538558173882,65.97538558173882,0.0,3,3,3132,1.7679283247232742,,0
2025-12-09,2025-12-08,4,673b793383011830c1624c092f88326bc0bc25aff3be2b92c02116f8f660245e,v12_cca586e367aa3071f32a,False,False,False,512400,512400,512400,False,False,False,False,65.97538558173882,63.783512306598,63.783512306598,0.0,4,4,3132,1.7807465445902024,,0
2025-12-10,2025-12-09,4,673b793383011830c1624c092f88326bc0bc25aff3be2b92c02116f8f660245e,v12_cca586e367aa3071f32a,False,False,False,512400,512400,512400,False,False,False,False,63.783512306598,64.44107428914025,64.44107428914025,0.0,5,5,3132,1.7807465445902024,,0
2025-12-11,2025-12-10,4,673b793383011830c1624c092f88326bc0bc25aff3be2b92c02116f8f660245e,v12_cca586e367aa3071f32a,False,False,False,512400,512400,512400,False,False,False,False,64.44107428914025,63.96616841285974,63.96616841285974,0.0,6,6,3132,1.7807465445902024,,0
2025-12-12,2025-12-11,4,673b793383011830c1624c092f88326bc0bc25aff3be2b92c02116f8f660245e,v12_cca586e367aa3071f32a,False,False,False,512400,513100,513100,False,False,True,False,63.96616841285974,64.66026161665434,64.647329564331,0.012932052323330868,7,0,3132,9.63390170511537,,0
2025-12-15,2025-12-12,4,673b793383011830c1624c092f88326bc0bc25aff3be2b92c02116f8f660245e,v12_cca586e367aa3071f32a,False,False,False,513100,159915,159915,False,False,True,False,64.647329564331,64.00792338956667,63.99512180488876,0.012801584677913334,1,0,3132,3.9146800501881884,,0
2025-12-16,2025-12-15,4,673b793383011830c1624c092f88326bc0bc25aff3be2b92c02116f8f660245e,v12_cca586e367aa3071f32a,False,False,False,159915,159915,159915,False,False,False,False,63.99512180488876,62.76444638556397,62.76444638556397,0.0,1,1,3132,3.9146800501881884,,0
2025-12-17,2025-12-16,4,673b793383011830c1624c092f88326bc0bc25aff3be2b92c02116f8f660245e,v12_cca586e367aa3071f32a,False,False,False,159915,159915,159915,False,False,False,False,62.76444638556397,64.8976171123936,64.8976171123936,0.0,2,2,3132,3.9146800501881884,,0
2025-12-18,2025-12-17,4,673b793383011830c1624c092f88326bc0bc25aff3be2b92c02116f8f660245e,v12_cca586e367aa3071f32a,False,False,False,159915,159915,159915,False,False,False,False,64.8976171123936,63.420806609203865,63.420806609203865,0.0,3,3,3132,3.9698870765369962,,0
2025-12-19,2025-12-18,4,673b793383011830c1624c092f88326bc0bc25aff3be2b92c02116f8f660245e,v12_cca586e367aa3071f32a,False,False,False,159915,159915,159915,False,False,False,False,63.420806609203865,63.728475464035064,63.728475464035064,0.0,4,4,3132,3.9698870765369962,,0
2025-12-22,2025-12-19,4,673b793383011830c1624c092f88326bc0bc25aff3be2b92c02116f8f660245e,v12_cca586e367aa3071f32a,False,False,False,159915,159915,159915,False,False,False,False,63.728475464035064,65.1232409392698,65.1232409392698,0.0,5,5,3132,3.9698870765369962,,0
2025-12-23,2025-12-22,4,673b793383011830c1624c092f88326bc0bc25aff3be2b92c02116f8f660245e,v12_cca586e367aa3071f32a,False,False,False,159915,159915,159915,False,False,False,False,65.1232409392698,65.32835350915728,65.32835350915728,0.0,6,6,3132,3.9836888331241975,,0
2025-12-24,2025-12-23,4,673b793383011830c1624c092f88326bc0bc25aff3be2b92c02116f8f660245e,v12_cca586e367aa3071f32a,False,False,False,159915,512400,512400,False,False,True,False,65.32835350915728,65.88215744785343,65.86898101636386,0.013176431489570687,7,0,3132,1.842865610099163,,0
2025-12-25,2025-12-24,4,673b793383011830c1624c092f88326bc0bc25aff3be2b92c02116f8f660245e,v12_cca586e367aa3071f32a,False,False,False,512400,512400,512400,False,False,False,False,65.86898101636386,65.09363720557734,65.09363720557734,0.0,1,1,3132,1.842865610099163,,0
2025-12-26,2025-12-25,4,673b793383011830c1624c092f88326bc0bc25aff3be2b92c02116f8f660245e,v12_cca586e367aa3071f32a,False,False,False,512400,512400,512400,False,False,False,False,65.09363720557734,67.66636894136897,67.66636894136897,0.0,2,2,3132,1.842865610099163,,0
2025-12-29,2025-12-26,4,673b793383011830c1624c092f88326bc0bc25aff3be2b92c02116f8f660245e,v12_cca586e367aa3071f32a,False,False,False,512400,512400,512400,False,False,False,False,67.66636894136897,66.18616712077653,66.18616712077653,0.0,3,3,3132,1.8931524726540359,,0
2025-12-30,2025-12-29,4,673b793383011830c1624c092f88326bc0bc25aff3be2b92c02116f8f660245e,v12_cca586e367aa3071f32a,False,False,False,512400,512400,512400,False,False,False,False,66.18616712077653,67.27869703597572,67.27869703597572,0.0,4,4,3132,1.8931524726540359,,0
2025-12-31,2025-12-30,4,673b793383011830c1624c092f88326bc0bc25aff3be2b92c02116f8f660245e,v12_cca586e367aa3071f32a,False,False,False,512400,512400,512400,False,False,False,False,67.27869703597572,67.91306924480105,67.91306924480105,0.0,5,5,3132,1.8931524726540359,,0
