date,signal_date,segment,model_key,model_id,model_changed,policy_created,pending_reset,previous_holding,intended,holding,panic,crash_requested,filled,previous_nav,marked_nav,nav,cost,age_before_policy,age,lock_until,asset_peak,confirmation_target,confirmation_count
2014-01-02,2014-01-02,0,70e4948f4304e28543a647331d1e6548bc6a8c1006d4bd24ce64fee3e0d00cfa,v11_85ae599b865950104870,False,True,False,,511880,511880,False,False,True,1.0,1.0,1.0,0.0,0,0,-1,1.0220580224046898,,0
2014-01-03,2014-01-03,0,70e4948f4304e28543a647331d1e6548bc6a8c1006d4bd24ce64fee3e0d00cfa,v11_85ae599b865950104870,False,False,False,511880,511880,511880,False,False,False,1.0,1.0010175601814164,1.0010175601814164,0.0,1,1,-1,1.0220580224046898,,0
2014-01-06,2014-01-06,0,70e4948f4304e28543a647331d1e6548bc6a8c1006d4bd24ce64fee3e0d00cfa,v11_85ae599b865950104870,False,False,False,511880,511880,511880,False,False,False,1.0010175601814164,1.001153234872272,1.001153234872272,0.0,2,2,-1,1.0220580224046898,,0
2014-01-07,2014-01-07,0,70e4948f4304e28543a647331d1e6548bc6a8c1006d4bd24ce64fee3e0d00cfa,v11_85ae599b865950104870,False,False,False,511880,511880,511880,False,False,False,1.001153234872272,1.0015796410435323,1.0015796410435323,0.0,3,3,-1,1.0220580224046898,,0
2014-01-08,2014-01-08,0,70e4948f4304e28543a647331d1e6548bc6a8c1006d4bd24ce64fee3e0d00cfa,v11_85ae599b865950104870,False,False,False,511880,511880,511880,False,False,False,1.0015796410435323,1.0014924215994108,1.0014924215994108,0.0,4,4,-1,1.0220580224046898,,0
2014-01-09,2014-01-09,0,70e4948f4304e28543a647331d1e6548bc6a8c1006d4bd24ce64fee3e0d00cfa,v11_85ae599b865950104870,False,False,False,511880,511880,511880,False,False,False,1.0014924215994108,1.0016184052409196,1.0016184052409196,0.0,5,5,-1,1.0220580224046898,,0
2014-01-10,2014-01-10,0,70e4948f4304e28543a647331d1e6548bc6a8c1006d4bd24ce64fee3e0d00cfa,v11_85ae599b865950104870,False,False,False,511880,511880,511880,False,False,False,1.0016184052409196,1.0018800635732839,1.0018800635732839,0.0,6,6,-1,1.0220580224046898,,0
2014-01-13,2014-01-13,0,70e4948f4304e28543a647331d1e6548bc6a8c1006d4bd24ce64fee3e0d00cfa,v11_85ae599b865950104870,False,False,False,511880,511880,511880,False,False,False,1.0018800635732839,1.002132030856301,1.002132030856301,0.0,7,7,-1,1.0220580224046898,,0
2014-01-14,2014-01-14,0,70e4948f4304e28543a647331d1e6548bc6a8c1006d4bd24ce64fee3e0d00cfa,v11_85ae599b865950104870,False,False,False,511880,511880,511880,False,False,False,1.002132030856301,1.0024227623367057,1.0024227623367057,0.0,8,8,-1,1.0220580224046898,,0
2014-01-15,2014-01-15,0,70e4948f4304e28543a647331d1e6548bc6a8c1006d4bd24ce64fee3e0d00cfa,v11_85ae599b865950104870,False,False,False,511880,511880,511880,False,False,False,1.0024227623367057,1.0025681280769079,1.0025681280769079,0.0,9,9,-1,1.0220580224046898,,0
2014-01-16,2014-01-16,0,70e4948f4304e28543a647331d1e6548bc6a8c1006d4bd24ce64fee3e0d00cfa,v11_85ae599b865950104870,False,False,False,511880,511880,511880,False,False,False,1.0025681280769079,1.0029751521494745,1.0029751521494745,0.0,10,10,-1,1.0220580224046898,,0
2014-01-17,2014-01-17,0,70e4948f4304e28543a647331d1e6548bc6a8c1006d4bd24ce64fee3e0d00cfa,v11_85ae599b865950104870,False,False,False,511880,511880,511880,False,False,False,1.0029751521494745,1.0029363879520874,1.0029363879520874,0.0,11,11,-1,1.0220580224046898,,0
2014-01-20,2014-01-20,0,70e4948f4304e28543a647331d1e6548bc6a8c1006d4bd24ce64fee3e0d00cfa,v11_85ae599b865950104870,False,False,False,511880,511880,511880,False,False,False,1.0029363879520874,1.0026163540040158,1.0026163540040158,0.0,12,12,-1,1.0220580224046898,,0
2014-01-21,2014-01-21,0,70e4948f4304e28543a647331d1e6548bc6a8c1006d4bd24ce64fee3e0d00cfa,v11_85ae599b865950104870,False,False,False,511880,511880,511880,False,False,False,1.0026163540040158,1.002836377343315,1.002836377343315,0.0,13,13,-1,1.0220580224046898,,0
2014-01-22,2014-01-22,0,70e4948f4304e28543a647331d1e6548bc6a8c1006d4bd24ce64fee3e0d00cfa,v11_85ae599b865950104870,False,False,False,511880,511880,511880,False,False,False,1.002836377343315,1.0033864356915634,1.0033864356915634,0.0,14,14,-1,1.0220580224046898,,0
2014-01-23,2014-01-23,0,70e4948f4304e28543a647331d1e6548bc6a8c1006d4bd24ce64fee3e0d00cfa,v11_85ae599b865950104870,False,False,False,511880,511880,511880,False,False,False,1.0033864356915634,1.00379647918753,1.00379647918753,0.0,15,15,-1,1.0220580224046898,,0
2014-01-24,2014-01-24,0,70e4948f4304e28543a647331d1e6548bc6a8c1006d4bd24ce64fee3e0d00cfa,v11_85ae599b865950104870,False,False,False,511880,511880,511880,False,False,False,1.00379647918753,1.0042065226834966,1.0042065226834966,0.0,16,16,-1,1.0220580224046898,,0
2014-01-27,2014-01-27,0,70e4948f4304e28543a647331d1e6548bc6a8c1006d4bd24ce64fee3e0d00cfa,v11_85ae599b865950104870,False,False,False,511880,511880,511880,False,False,False,1.0042065226834966,1.004356538596655,1.004356538596655,0.0,17,17,-1,1.0220580224046898,,0
2014-01-28,2014-01-28,0,70e4948f4304e28543a647331d1e6548bc6a8c1006d4bd24ce64fee3e0d00cfa,v11_85ae599b865950104870,False,False,False,511880,511880,511880,False,False,False,1.004356538596655,1.0045765619359543,1.0045765619359543,0.0,18,18,-1,1.0220580224046898,,0
2014-01-29,2014-01-29,0,70e4948f4304e28543a647331d1e6548bc6a8c1006d4bd24ce64fee3e0d00cfa,v11_85ae599b865950104870,False,False,False,511880,511880,511880,False,False,False,1.0045765619359543,1.005906703032627,1.005906703032627,0.0,19,19,-1,1.0220580224046898,,0
2014-01-30,2014-01-30,0,70e4948f4304e28543a647331d1e6548bc6a8c1006d4bd24ce64fee3e0d00cfa,v11_85ae599b865950104870,False,False,False,511880,511880,511880,False,False,False,1.005906703032627,1.0074768695903533,1.0074768695903533,0.0,20,20,-1,1.0220580224046898,,0
2014-02-07,2014-02-07,0,70e4948f4304e28543a647331d1e6548bc6a8c1006d4bd24ce64fee3e0d00cfa,v11_85ae599b865950104870,False,False,False,511880,511880,511880,False,False,False,1.0074768695903533,1.0070168207900003,1.0070168207900003,0.0,21,21,-1,1.0220580224046898,,0
2014-02-10,2014-02-10,0,70e4948f4304e28543a647331d1e6548bc6a8c1006d4bd24ce64fee3e0d00cfa,v11_85ae599b865950104870,False,False,False,511880,511880,511880,False,False,False,1.0070168207900003,1.00683680169421,1.00683680169421,0.0,22,22,-1,1.0220580224046898,,0
2014-02-11,2014-02-11,0,70e4948f4304e28543a647331d1e6548bc6a8c1006d4bd24ce64fee3e0d00cfa,v11_85ae599b865950104870,False,False,False,511880,511880,511880,False,False,False,1.00683680169421,1.0068468027550874,1.0068468027550874,0.0,23,23,-1,1.0220580224046898,,0
2014-02-12,2014-02-12,0,70e4948f4304e28543a647331d1e6548bc6a8c1006d4bd24ce64fee3e0d00cfa,v11_85ae599b865950104870,False,False,False,511880,511880,511880,False,False,False,1.0068468027550874,1.0071668367031592,1.0071668367031592,0.0,24,24,-1,1.0220580224046898,,0
2014-02-13,2014-02-13,0,70e4948f4304e28543a647331d1e6548bc6a8c1006d4bd24ce64fee3e0d00cfa,v11_85ae599b865950104870,False,False,False,511880,511880,511880,False,False,False,1.0071668367031592,1.0074368653468446,1.0074368653468446,0.0,25,25,-1,1.0220580224046898,,0
2014-02-14,2014-02-14,0,70e4948f4304e28543a647331d1e6548bc6a8c1006d4bd24ce64fee3e0d00cfa,v11_85ae599b865950104870,False,False,False,511880,511880,511880,False,False,False,1.0074368653468446,1.008546983104218,1.008546983104218,0.0,26,26,-1,1.0220580224046898,,0
2014-02-17,2014-02-17,0,70e4948f4304e28543a647331d1e6548bc6a8c1006d4bd24ce64fee3e0d00cfa,v11_85ae599b865950104870,False,False,False,511880,511880,511880,False,False,False,1.008546983104218,1.0092670594873792,1.0092670594873792,0.0,27,27,-1,1.0220580224046898,,0
2014-02-18,2014-02-18,0,70e4948f4304e28543a647331d1e6548bc6a8c1006d4bd24ce64fee3e0d00cfa,v11_85ae599b865950104870,False,False,False,511880,511880,511880,False,False,False,1.0092670594873792,1.0097371093486092,1.0097371093486092,0.0,28,28,-1,1.0220580224046898,,0
2014-02-19,2014-02-19,0,70e4948f4304e28543a647331d1e6548bc6a8c1006d4bd24ce64fee3e0d00cfa,v11_85ae599b865950104870,False,False,False,511880,511880,511880,False,False,False,1.0097371093486092,1.0090970414524658,1.0090970414524658,0.0,29,29,-1,1.0220580224046898,,0
2014-02-20,2014-02-20,0,70e4948f4304e28543a647331d1e6548bc6a8c1006d4bd24ce64fee3e0d00cfa,v11_85ae599b865950104870,False,False,False,511880,511880,511880,False,False,False,1.0090970414524658,1.0084869767389542,1.0084869767389542,0.0,30,30,-1,1.0220580224046898,,0
2014-02-21,2014-02-21,0,70e4948f4304e28543a647331d1e6548bc6a8c1006d4bd24ce64fee3e0d00cfa,v11_85ae599b865950104870,False,False,False,511880,511880,511880,False,False,False,1.0084869767389542,1.0088770181131665,1.0088770181131665,0.0,31,31,-1,1.0220580224046898,,0
2014-02-24,2014-02-24,0,70e4948f4304e28543a647331d1e6548bc6a8c1006d4bd24ce64fee3e0d00cfa,v11_85ae599b865950104870,False,False,False,511880,511880,511880,False,False,False,1.0088770181131665,1.0089070212957982,1.0089070212957982,0.0,32,32,-1,1.0220580224046898,,0
2014-02-25,2014-02-25,0,70e4948f4304e28543a647331d1e6548bc6a8c1006d4bd24ce64fee3e0d00cfa,v11_85ae599b865950104870,False,False,False,511880,511880,511880,False,False,False,1.0089070212957982,1.0090870403915886,1.0090870403915886,0.0,33,33,-1,1.0220580224046898,,0
2014-02-26,2014-02-26,0,70e4948f4304e28543a647331d1e6548bc6a8c1006d4bd24ce64fee3e0d00cfa,v11_85ae599b865950104870,False,False,False,511880,511880,511880,False,False,False,1.0090870403915886,1.00922705524387,1.00922705524387,0.0,34,34,-1,1.0220580224046898,,0
2014-02-27,2014-02-27,0,70e4948f4304e28543a647331d1e6548bc6a8c1006d4bd24ce64fee3e0d00cfa,v11_85ae599b865950104870,False,False,False,511880,511880,511880,False,False,False,1.00922705524387,1.0092570584265017,1.0092570584265017,0.0,35,35,-1,1.0220580224046898,,0
2014-02-28,2014-02-28,0,70e4948f4304e28543a647331d1e6548bc6a8c1006d4bd24ce64fee3e0d00cfa,v11_85ae599b865950104870,False,False,False,511880,511880,511880,False,False,False,1.0092570584265017,1.009487082826678,1.009487082826678,0.0,36,36,-1,1.0220580224046898,,0
2014-03-03,2014-03-03,0,70e4948f4304e28543a647331d1e6548bc6a8c1006d4bd24ce64fee3e0d00cfa,v11_85ae599b865950104870,False,False,False,511880,511880,511880,False,False,False,1.009487082826678,1.0098971263226448,1.0098971263226448,0.0,37,37,-1,1.0220580224046898,,0
2014-03-04,2014-03-04,0,70e4948f4304e28543a647331d1e6548bc6a8c1006d4bd24ce64fee3e0d00cfa,v11_85ae599b865950104870,False,False,False,511880,511880,511880,False,False,False,1.0098971263226448,1.0103471740621206,1.0103471740621206,0.0,38,38,-1,1.0220580224046898,,0
2014-03-05,2014-03-05,0,70e4948f4304e28543a647331d1e6548bc6a8c1006d4bd24ce64fee3e0d00cfa,v11_85ae599b865950104870,False,False,False,511880,511880,511880,False,False,False,1.0103471740621206,1.0105571963405426,1.0105571963405426,0.0,39,39,-1,1.0220580224046898,,0
2014-03-06,2014-03-06,0,70e4948f4304e28543a647331d1e6548bc6a8c1006d4bd24ce64fee3e0d00cfa,v11_85ae599b865950104870,False,False,False,511880,511880,511880,False,False,False,1.0105571963405426,1.010577198462297,1.010577198462297,0.0,40,40,-1,1.0220580224046898,,0
2014-03-07,2014-03-07,0,70e4948f4304e28543a647331d1e6548bc6a8c1006d4bd24ce64fee3e0d00cfa,v11_85ae599b865950104870,False,False,False,511880,511880,511880,False,False,False,1.010577198462297,1.0109972430191412,1.0109972430191412,0.0,41,41,-1,1.0220580224046898,,0
2014-03-10,2014-03-10,0,70e4948f4304e28543a647331d1e6548bc6a8c1006d4bd24ce64fee3e0d00cfa,v11_85ae599b865950104870,False,False,False,511880,511880,511880,False,False,False,1.0109972430191412,1.011067250445282,1.011067250445282,0.0,42,42,-1,1.0220580224046898,,0
2014-03-11,2014-03-11,0,70e4948f4304e28543a647331d1e6548bc6a8c1006d4bd24ce64fee3e0d00cfa,v11_85ae599b865950104870,False,False,False,511880,511880,511880,False,False,False,1.011067250445282,1.0111672610540543,1.0111672610540543,0.0,43,43,-1,1.0220580224046898,,0
2014-03-12,2014-03-12,0,70e4948f4304e28543a647331d1e6548bc6a8c1006d4bd24ce64fee3e0d00cfa,v11_85ae599b865950104870,False,False,False,511880,511880,511880,False,False,False,1.0111672610540543,1.011067250445282,1.011067250445282,0.0,44,44,-1,1.0220580224046898,,0
2014-03-13,2014-03-13,0,70e4948f4304e28543a647331d1e6548bc6a8c1006d4bd24ce64fee3e0d00cfa,v11_85ae599b865950104870,False,False,False,511880,511880,511880,False,False,False,1.011067250445282,1.0109272355930006,1.0109272355930006,0.0,45,45,-1,1.0220580224046898,,0
2014-03-14,2014-03-14,0,70e4948f4304e28543a647331d1e6548bc6a8c1006d4bd24ce64fee3e0d00cfa,v11_85ae599b865950104870,False,False,False,511880,511880,511880,False,False,False,1.0109272355930006,1.0111472589323,1.0111472589323,0.0,46,46,-1,1.0220580224046898,,0
2014-03-17,2014-03-17,0,70e4948f4304e28543a647331d1e6548bc6a8c1006d4bd24ce64fee3e0d00cfa,v11_85ae599b865950104870,False,False,False,511880,511880,511880,False,False,False,1.0111472589323,1.0112972748454585,1.0112972748454585,0.0,47,47,-1,1.0220580224046898,,0
2014-03-18,2014-03-18,0,70e4948f4304e28543a647331d1e6548bc6a8c1006d4bd24ce64fee3e0d00cfa,v11_85ae599b865950104870,False,False,False,511880,511880,511880,False,False,False,1.0112972748454585,1.0114572918194944,1.0114572918194944,0.0,48,48,-1,1.0220580224046898,,0
2014-03-19,2014-03-19,0,70e4948f4304e28543a647331d1e6548bc6a8c1006d4bd24ce64fee3e0d00cfa,v11_85ae599b865950104870,False,False,False,511880,511880,511880,False,False,False,1.0114572918194944,1.0114972960630033,1.0114972960630033,0.0,49,49,-1,1.0220580224046898,,0
2014-03-20,2014-03-20,0,70e4948f4304e28543a647331d1e6548bc6a8c1006d4bd24ce64fee3e0d00cfa,v11_85ae599b865950104870,False,False,False,511880,511880,511880,False,False,False,1.0114972960630033,1.0115373003065125,1.0115373003065125,0.0,50,50,-1,1.0220580224046898,,0
2014-03-21,2014-03-21,0,70e4948f4304e28543a647331d1e6548bc6a8c1006d4bd24ce64fee3e0d00cfa,v11_85ae599b865950104870,False,False,False,511880,511880,511880,False,False,False,1.0115373003065125,1.0117973278893204,1.0117973278893204,0.0,51,51,-1,1.0220580224046898,,0
2014-03-24,2014-03-24,0,70e4948f4304e28543a647331d1e6548bc6a8c1006d4bd24ce64fee3e0d00cfa,v11_85ae599b865950104870,False,False,False,511880,511880,511880,False,False,False,1.0117973278893204,1.0118073289501976,1.0118073289501976,0.0,52,52,-1,1.0220580224046898,,0
2014-03-25,2014-03-25,0,70e4948f4304e28543a647331d1e6548bc6a8c1006d4bd24ce64fee3e0d00cfa,v11_85ae599b865950104870,False,False,False,511880,511880,511880,False,False,False,1.0118073289501976,1.0118073289501976,1.0118073289501976,0.0,53,53,-1,1.0220580224046898,,0
2014-03-26,2014-03-26,0,70e4948f4304e28543a647331d1e6548bc6a8c1006d4bd24ce64fee3e0d00cfa,v11_85ae599b865950104870,False,False,False,511880,511880,511880,False,False,False,1.0118073289501976,1.0120473544112514,1.0120473544112514,0.0,54,54,-1,1.0220580224046898,,0
2014-03-27,2014-03-27,0,70e4948f4304e28543a647331d1e6548bc6a8c1006d4bd24ce64fee3e0d00cfa,v11_85ae599b865950104870,False,False,False,511880,511880,511880,False,False,False,1.0120473544112514,1.0118773363763383,1.0118773363763383,0.0,55,55,-1,1.0220580224046898,,0
2014-03-28,2014-03-28,0,70e4948f4304e28543a647331d1e6548bc6a8c1006d4bd24ce64fee3e0d00cfa,v11_85ae599b865950104870,False,False,False,511880,511880,511880,False,False,False,1.0118773363763383,1.0118173300110747,1.0118173300110747,0.0,56,56,-1,1.0220580224046898,,0
2014-03-31,2014-03-31,0,70e4948f4304e28543a647331d1e6548bc6a8c1006d4bd24ce64fee3e0d00cfa,v11_85ae599b865950104870,False,False,False,511880,511880,511880,False,False,False,1.0118173300110747,1.0126074138203764,1.0126074138203764,0.0,57,57,-1,1.0220580224046898,,0
2014-04-01,2014-04-01,0,70e4948f4304e28543a647331d1e6548bc6a8c1006d4bd24ce64fee3e0d00cfa,v11_85ae599b865950104870,False,False,False,511880,511880,511880,False,False,False,1.0126074138203764,1.0129974551945888,1.0129974551945888,0.0,58,58,-1,1.0220580224046898,,0
2014-04-02,2014-04-02,0,70e4948f4304e28543a647331d1e6548bc6a8c1006d4bd24ce64fee3e0d00cfa,v11_85ae599b865950104870,False,False,False,511880,511880,511880,False,False,False,1.0129974551945888,1.0131574721686247,1.0131574721686247,0.0,59,59,-1,1.0220580224046898,,0
2014-04-03,2014-04-03,0,70e4948f4304e28543a647331d1e6548bc6a8c1006d4bd24ce64fee3e0d00cfa,v11_85ae599b865950104870,False,False,False,511880,511880,511880,False,False,False,1.0131574721686247,1.0133074880817832,1.0133074880817832,0.0,60,60,-1,1.0220580224046898,,0
2014-04-04,2014-04-04,0,70e4948f4304e28543a647331d1e6548bc6a8c1006d4bd24ce64fee3e0d00cfa,v11_85ae599b865950104870,False,False,False,511880,511880,511880,False,False,False,1.0133074880817832,1.0138675474909087,1.0138675474909087,0.0,61,61,-1,1.0220580224046898,,0
2014-04-08,2014-04-08,0,70e4948f4304e28543a647331d1e6548bc6a8c1006d4bd24ce64fee3e0d00cfa,v11_85ae599b865950104870,False,False,False,511880,511880,511880,False,False,False,1.0138675474909087,1.0138375443082768,1.0138375443082768,0.0,62,62,-1,1.0220580224046898,,0
2014-04-09,2014-04-09,0,70e4948f4304e28543a647331d1e6548bc6a8c1006d4bd24ce64fee3e0d00cfa,v11_85ae599b865950104870,False,False,False,511880,511880,511880,False,False,False,1.0138375443082768,1.0138975506735401,1.0138975506735401,0.0,63,63,-1,1.0220580224046898,,0
2014-04-10,2014-04-10,0,70e4948f4304e28543a647331d1e6548bc6a8c1006d4bd24ce64fee3e0d00cfa,v11_85ae599b865950104870,False,False,False,511880,511880,511880,False,False,False,1.0138975506735401,1.0140775697693303,1.0140775697693303,0.0,64,64,-1,1.0220580224046898,,0
2014-04-11,2014-04-11,0,70e4948f4304e28543a647331d1e6548bc6a8c1006d4bd24ce64fee3e0d00cfa,v11_85ae599b865950104870,False,False,False,511880,511880,511880,False,False,False,1.0140775697693303,1.0145676217523147,1.0145676217523147,0.0,65,65,-1,1.0220580224046898,,0
2014-04-14,2014-04-14,0,70e4948f4304e28543a647331d1e6548bc6a8c1006d4bd24ce64fee3e0d00cfa,v11_85ae599b865950104870,False,False,False,511880,511880,511880,False,False,False,1.0145676217523147,1.014577622813192,1.014577622813192,0.0,66,66,-1,1.0220580224046898,,0
2014-04-15,2014-04-15,0,70e4948f4304e28543a647331d1e6548bc6a8c1006d4bd24ce64fee3e0d00cfa,v11_85ae599b865950104870,False,False,False,511880,511880,511880,False,False,False,1.014577622813192,1.0146376291784553,1.0146376291784553,0.0,67,67,-1,1.0220580224046898,,0
2014-04-16,2014-04-16,0,70e4948f4304e28543a647331d1e6548bc6a8c1006d4bd24ce64fee3e0d00cfa,v11_85ae599b865950104870,False,False,False,511880,511880,511880,False,False,False,1.0146376291784553,1.0147776440307366,1.0147776440307366,0.0,68,68,-1,1.0220580224046898,,0
2014-04-17,2014-04-17,0,70e4948f4304e28543a647331d1e6548bc6a8c1006d4bd24ce64fee3e0d00cfa,v11_85ae599b865950104870,False,False,False,511880,511880,511880,False,False,False,1.0147776440307366,1.0148276493351227,1.0148276493351227,0.0,69,69,-1,1.0220580224046898,,0
2014-04-18,2014-04-18,0,70e4948f4304e28543a647331d1e6548bc6a8c1006d4bd24ce64fee3e0d00cfa,v11_85ae599b865950104870,False,False,False,511880,511880,511880,False,False,False,1.0148276493351227,1.0150976779788081,1.0150976779788081,0.0,70,70,-1,1.0220580224046898,,0
2014-04-21,2014-04-21,0,70e4948f4304e28543a647331d1e6548bc6a8c1006d4bd24ce64fee3e0d00cfa,v11_85ae599b865950104870,False,False,False,511880,511880,511880,False,False,False,1.0150976779788081,1.0152376928310896,1.0152376928310896,0.0,71,71,-1,1.0220580224046898,,0
2014-04-22,2014-04-22,0,70e4948f4304e28543a647331d1e6548bc6a8c1006d4bd24ce64fee3e0d00cfa,v11_85ae599b865950104870,False,False,False,511880,511880,511880,False,False,False,1.0152376928310896,1.0153977098051252,1.0153977098051252,0.0,72,72,-1,1.0220580224046898,,0
2014-04-23,2014-04-23,0,70e4948f4304e28543a647331d1e6548bc6a8c1006d4bd24ce64fee3e0d00cfa,v11_85ae599b865950104870,False,False,False,511880,511880,511880,False,False,False,1.0153977098051252,1.015517722535652,1.015517722535652,0.0,73,73,-1,1.0220580224046898,,0
2014-04-24,2014-04-24,0,70e4948f4304e28543a647331d1e6548bc6a8c1006d4bd24ce64fee3e0d00cfa,v11_85ae599b865950104870,False,False,False,511880,511880,511880,False,False,False,1.015517722535652,1.01559773102267,1.01559773102267,0.0,74,74,-1,1.0220580224046898,,0
2014-04-25,2014-04-25,0,70e4948f4304e28543a647331d1e6548bc6a8c1006d4bd24ce64fee3e0d00cfa,v11_85ae599b865950104870,False,False,False,511880,511880,511880,False,False,False,1.01559773102267,1.016017775579514,1.016017775579514,0.0,75,75,-1,1.0220580224046898,,0
2014-04-28,2014-04-28,0,70e4948f4304e28543a647331d1e6548bc6a8c1006d4bd24ce64fee3e0d00cfa,v11_85ae599b865950104870,False,False,False,511880,511880,511880,False,False,False,1.016017775579514,1.0155077214747747,1.0155077214747747,0.0,76,76,-1,1.0220580224046898,,0
2014-04-29,2014-04-29,0,70e4948f4304e28543a647331d1e6548bc6a8c1006d4bd24ce64fee3e0d00cfa,v11_85ae599b865950104870,False,False,False,511880,511880,511880,False,False,False,1.0155077214747747,1.0157477469358283,1.0157477469358283,0.0,77,77,-1,1.0220580224046898,,0
2014-04-30,2014-04-30,0,70e4948f4304e28543a647331d1e6548bc6a8c1006d4bd24ce64fee3e0d00cfa,v11_85ae599b865950104870,False,False,False,511880,511880,511880,False,False,False,1.0157477469358283,1.0167278509017976,1.0167278509017976,0.0,78,78,-1,1.0220580224046898,,0
2014-05-05,2014-05-05,0,70e4948f4304e28543a647331d1e6548bc6a8c1006d4bd24ce64fee3e0d00cfa,v11_85ae599b865950104870,False,False,False,511880,511880,511880,False,False,False,1.0167278509017976,1.01682786151057,1.01682786151057,0.0,79,79,-1,1.0220580224046898,,0
2014-05-06,2014-05-06,0,70e4948f4304e28543a647331d1e6548bc6a8c1006d4bd24ce64fee3e0d00cfa,v11_85ae599b865950104870,False,False,False,511880,511880,511880,False,False,False,1.01682786151057,1.016997879545483,1.016997879545483,0.0,80,80,-1,1.0220580224046898,,0
2014-05-07,2014-05-07,0,70e4948f4304e28543a647331d1e6548bc6a8c1006d4bd24ce64fee3e0d00cfa,v11_85ae599b865950104870,False,False,False,511880,511880,511880,False,False,False,1.016997879545483,1.0171979007630279,1.0171979007630279,0.0,81,81,-1,1.0220580224046898,,0
2014-05-08,2014-05-08,0,70e4948f4304e28543a647331d1e6548bc6a8c1006d4bd24ce64fee3e0d00cfa,v11_85ae599b865950104870,False,False,False,511880,511880,511880,False,False,False,1.0171979007630279,1.0173479166761865,1.0173479166761865,0.0,82,82,-1,1.0220580224046898,,0
2014-05-09,2014-05-09,0,70e4948f4304e28543a647331d1e6548bc6a8c1006d4bd24ce64fee3e0d00cfa,v11_85ae599b865950104870,False,False,False,511880,511880,511880,False,False,False,1.0173479166761865,1.0176879527460125,1.0176879527460125,0.0,83,83,-1,1.0220580224046898,,0
2014-05-12,2014-05-12,0,70e4948f4304e28543a647331d1e6548bc6a8c1006d4bd24ce64fee3e0d00cfa,v11_85ae599b865950104870,False,False,False,511880,511880,511880,False,False,False,1.0176879527460125,1.017707954867767,1.017707954867767,0.0,84,84,-1,1.0220580224046898,,0
2014-05-13,2014-05-13,0,70e4948f4304e28543a647331d1e6548bc6a8c1006d4bd24ce64fee3e0d00cfa,v11_85ae599b865950104870,False,False,False,511880,511880,511880,False,False,False,1.017707954867767,1.0178079654765393,1.0178079654765393,0.0,85,85,-1,1.0220580224046898,,0
2014-05-14,2014-05-14,0,70e4948f4304e28543a647331d1e6548bc6a8c1006d4bd24ce64fee3e0d00cfa,v11_85ae599b865950104870,False,False,False,511880,511880,511880,False,False,False,1.0178079654765393,1.0179079760853118,1.0179079760853118,0.0,86,86,-1,1.0220580224046898,,0
2014-05-15,2014-05-15,0,70e4948f4304e28543a647331d1e6548bc6a8c1006d4bd24ce64fee3e0d00cfa,v11_85ae599b865950104870,False,False,False,511880,511880,511880,False,False,False,1.0179079760853118,1.018077994120225,1.018077994120225,0.0,87,87,-1,1.0220580224046898,,0
2014-05-16,2014-05-16,0,70e4948f4304e28543a647331d1e6548bc6a8c1006d4bd24ce64fee3e0d00cfa,v11_85ae599b865950104870,False,False,False,511880,511880,511880,False,False,False,1.018077994120225,1.0183480227639103,1.0183480227639103,0.0,88,88,-1,1.0220580224046898,,0
2014-05-19,2014-05-19,0,70e4948f4304e28543a647331d1e6548bc6a8c1006d4bd24ce64fee3e0d00cfa,v11_85ae599b865950104870,False,False,False,511880,511880,511880,False,False,False,1.0183480227639103,1.0184580344335599,1.0184580344335599,0.0,89,89,-1,1.0220580224046898,,0
2014-05-20,2014-05-20,0,70e4948f4304e28543a647331d1e6548bc6a8c1006d4bd24ce64fee3e0d00cfa,v11_85ae599b865950104870,False,False,False,511880,511880,511880,False,False,False,1.0184580344335599,1.0185180407988232,1.0185180407988232,0.0,90,90,-1,1.0220580224046898,,0
2014-05-21,2014-05-21,0,70e4948f4304e28543a647331d1e6548bc6a8c1006d4bd24ce64fee3e0d00cfa,v11_85ae599b865950104870,False,False,False,511880,511880,511880,False,False,False,1.0185180407988232,1.0186180514075958,1.0186180514075958,0.0,91,91,-1,1.0220580224046898,,0
2014-05-22,2014-05-22,0,70e4948f4304e28543a647331d1e6548bc6a8c1006d4bd24ce64fee3e0d00cfa,v11_85ae599b865950104870,False,False,False,511880,511880,511880,False,False,False,1.0186180514075958,1.0188080715642633,1.0188080715642633,0.0,92,92,-1,1.0220580224046898,,0
2014-05-23,2014-05-23,0,70e4948f4304e28543a647331d1e6548bc6a8c1006d4bd24ce64fee3e0d00cfa,v11_85ae599b865950104870,False,False,False,511880,511880,511880,False,False,False,1.0188080715642633,1.0190380959644398,1.0190380959644398,0.0,93,93,-1,1.0220580224046898,,0
2014-05-26,2014-05-26,0,70e4948f4304e28543a647331d1e6548bc6a8c1006d4bd24ce64fee3e0d00cfa,v11_85ae599b865950104870,False,False,False,511880,511880,511880,False,False,False,1.0190380959644398,1.0190680991470715,1.0190680991470715,0.0,94,94,-1,1.0220580224046898,,0
2014-05-27,2014-05-27,0,70e4948f4304e28543a647331d1e6548bc6a8c1006d4bd24ce64fee3e0d00cfa,v11_85ae599b865950104870,False,False,False,511880,511880,511880,False,False,False,1.0190680991470715,1.0192881224863708,1.0192881224863708,0.0,95,95,-1,1.0220580224046898,,0
2014-05-28,2014-05-28,0,70e4948f4304e28543a647331d1e6548bc6a8c1006d4bd24ce64fee3e0d00cfa,v11_85ae599b865950104870,False,False,False,511880,511880,511880,False,False,False,1.0192881224863708,1.0193881330951429,1.0193881330951429,0.0,96,96,-1,1.0220580224046898,,0
2014-05-29,2014-05-29,0,70e4948f4304e28543a647331d1e6548bc6a8c1006d4bd24ce64fee3e0d00cfa,v11_85ae599b865950104870,False,False,False,511880,511880,511880,False,False,False,1.0193881330951429,1.0193481288516342,1.0193481288516342,0.0,97,97,-1,1.0220580224046898,,0
2014-05-30,2014-05-30,0,70e4948f4304e28543a647331d1e6548bc6a8c1006d4bd24ce64fee3e0d00cfa,v11_85ae599b865950104870,False,False,False,511880,511880,511880,False,False,False,1.0193481288516342,1.0199081882607595,1.0199081882607595,0.0,98,98,-1,1.0220580224046898,,0
2014-06-03,2014-06-03,0,70e4948f4304e28543a647331d1e6548bc6a8c1006d4bd24ce64fee3e0d00cfa,v11_85ae599b865950104870,False,False,False,511880,511880,511880,False,False,False,1.0199081882607595,1.0201282116000585,1.0201282116000585,0.0,99,99,-1,1.0220580224046898,,0
2014-06-04,2014-06-04,0,70e4948f4304e28543a647331d1e6548bc6a8c1006d4bd24ce64fee3e0d00cfa,v11_85ae599b865950104870,False,False,False,511880,511880,511880,False,False,False,1.0201282116000585,1.0203382338784805,1.0203382338784805,0.0,100,100,-1,1.0220580224046898,,0
2014-06-05,2014-06-05,0,70e4948f4304e28543a647331d1e6548bc6a8c1006d4bd24ce64fee3e0d00cfa,v11_85ae599b865950104870,False,False,False,511880,511880,511880,False,False,False,1.0203382338784805,1.0206382657047979,1.0206382657047979,0.0,101,101,-1,1.0220580224046898,,0
2014-06-06,2014-06-06,0,70e4948f4304e28543a647331d1e6548bc6a8c1006d4bd24ce64fee3e0d00cfa,v11_85ae599b865950104870,False,False,False,511880,511880,511880,False,False,False,1.0206382657047979,1.0213183378444501,1.0213183378444501,0.0,102,102,-1,1.0220580224046898,,0
2014-06-09,2014-06-09,0,70e4948f4304e28543a647331d1e6548bc6a8c1006d4bd24ce64fee3e0d00cfa,v11_85ae599b865950104870,False,False,False,511880,511880,511880,False,False,False,1.0213183378444501,1.0217383824012942,1.0217383824012942,0.0,103,103,-1,1.0220580224046898,,0
2014-06-10,2014-06-10,0,70e4948f4304e28543a647331d1e6548bc6a8c1006d4bd24ce64fee3e0d00cfa,v11_85ae599b865950104870,False,False,False,511880,511880,511880,False,False,False,1.0217383824012942,1.0216883770969083,1.0216883770969083,0.0,104,104,-1,1.0220580224046898,,0
2014-06-11,2014-06-11,0,70e4948f4304e28543a647331d1e6548bc6a8c1006d4bd24ce64fee3e0d00cfa,v11_85ae599b865950104870,False,False,False,511880,511880,511880,False,False,False,1.0216883770969083,1.021458352696732,1.021458352696732,0.0,105,105,-1,1.0220580224046898,,0
2014-06-12,2014-06-12,0,70e4948f4304e28543a647331d1e6548bc6a8c1006d4bd24ce64fee3e0d00cfa,v11_85ae599b865950104870,False,False,False,511880,511880,511880,False,False,False,1.021458352696732,1.0212883346618187,1.0212883346618187,0.0,106,106,-1,1.0220580224046898,,0
2014-06-13,2014-06-13,0,70e4948f4304e28543a647331d1e6548bc6a8c1006d4bd24ce64fee3e0d00cfa,v11_85ae599b865950104870,False,False,False,511880,511880,511880,False,False,False,1.0212883346618187,1.0214083473923457,1.0214083473923457,0.0,107,107,-1,1.0220580224046898,,0
2014-06-16,2014-06-16,0,70e4948f4304e28543a647331d1e6548bc6a8c1006d4bd24ce64fee3e0d00cfa,v11_85ae599b865950104870,False,False,False,511880,511880,511880,False,False,False,1.0214083473923457,1.0209783017746246,1.0209783017746246,0.0,108,108,-1,1.0220580224046898,,0
2014-06-17,2014-06-17,0,70e4948f4304e28543a647331d1e6548bc6a8c1006d4bd24ce64fee3e0d00cfa,v11_85ae599b865950104870,False,False,False,511880,511880,511880,False,False,False,1.0209783017746246,1.0204282434263765,1.0204282434263765,0.0,109,109,-1,1.0220580224046898,,0
2014-06-18,2014-06-18,0,70e4948f4304e28543a647331d1e6548bc6a8c1006d4bd24ce64fee3e0d00cfa,v11_85ae599b865950104870,False,False,False,511880,511880,511880,False,False,False,1.0204282434263765,1.0194581405212844,1.0194581405212844,0.0,110,110,-1,1.0220580224046898,,0
2014-06-19,2014-06-19,0,70e4948f4304e28543a647331d1e6548bc6a8c1006d4bd24ce64fee3e0d00cfa,v11_85ae599b865950104870,False,False,False,511880,511880,511880,False,False,False,1.0194581405212844,1.0218383930100672,1.0218383930100672,0.0,111,111,-1,1.0220580224046898,,0
2014-06-20,2014-06-20,0,70e4948f4304e28543a647331d1e6548bc6a8c1006d4bd24ce64fee3e0d00cfa,v11_85ae599b865950104870,False,False,False,511880,511880,511880,False,False,False,1.0218383930100672,1.0223684492365608,1.0223684492365608,0.0,112,112,-1,1.0220580224046898,,0
2014-06-23,2014-06-23,0,70e4948f4304e28543a647331d1e6548bc6a8c1006d4bd24ce64fee3e0d00cfa,v11_85ae599b865950104870,False,False,False,511880,511880,511880,False,False,False,1.0223684492365608,1.0223284449930516,1.0223284449930516,0.0,113,113,-1,1.0220580224046898,,0
2014-06-24,2014-06-24,0,70e4948f4304e28543a647331d1e6548bc6a8c1006d4bd24ce64fee3e0d00cfa,v11_85ae599b865950104870,False,False,False,511880,513100,513100,False,False,True,1.0223284449930516,1.0228585012195455,1.0226539295193016,0.0002045717002439091,114,0,-1,1.2597793380140445,,0
2014-06-25,2014-06-25,0,70e4948f4304e28543a647331d1e6548bc6a8c1006d4bd24ce64fee3e0d00cfa,v11_85ae599b865950104870,False,False,False,513100,513100,513100,False,False,False,1.0226539295193016,1.0210254996952262,1.0210254996952262,0.0,1,1,-1,1.2597793380140445,,0
2014-06-26,2014-06-26,0,70e4948f4304e28543a647331d1e6548bc6a8c1006d4bd24ce64fee3e0d00cfa,v11_85ae599b865950104870,False,False,False,513100,513100,513100,False,False,False,1.0210254996952262,1.0291676488156027,1.0291676488156027,0.0,2,2,-1,1.2678034102306943,,0
2014-06-27,2014-06-27,0,70e4948f4304e28543a647331d1e6548bc6a8c1006d4bd24ce64fee3e0d00cfa,v11_85ae599b865950104870,False,False,False,513100,513100,513100,False,False,False,1.0291676488156027,1.0324245084637533,1.0324245084637533,0.0,3,3,-1,1.2718154463390192,,0
2014-06-30,2014-06-30,0,70e4948f4304e28543a647331d1e6548bc6a8c1006d4bd24ce64fee3e0d00cfa,v11_85ae599b865950104870,False,False,False,513100,513100,513100,False,False,False,1.0324245084637533,1.0348671531998663,1.0348671531998663,0.0,4,4,-1,1.274824473420263,,0
2014-07-01,2014-07-01,0,70e4948f4304e28543a647331d1e6548bc6a8c1006d4bd24ce64fee3e0d00cfa,v11_85ae599b865950104870,False,False,False,513100,513100,513100,False,False,False,1.0348671531998663,1.0364955830239415,1.0364955830239415,0.0,5,5,-1,1.2768304914744253,,0
2014-07-02,2014-07-02,0,70e4948f4304e28543a647331d1e6548bc6a8c1006d4bd24ce64fee3e0d00cfa,v11_85ae599b865950104870,False,False,False,513100,513100,513100,False,False,False,1.0364955830239415,1.0470803768804313,1.0470803768804313,0.0,6,6,-1,1.2898696088264816,,0
2014-07-03,2014-07-03,0,70e4948f4304e28543a647331d1e6548bc6a8c1006d4bd24ce64fee3e0d00cfa,v11_85ae599b865950104870,False,False,False,513100,513100,513100,False,False,False,1.0470803768804313,1.0487088067045067,1.0487088067045067,0.0,7,7,-1,1.2918756268806442,,0
2014-07-04,2014-07-04,0,70e4948f4304e28543a647331d1e6548bc6a8c1006d4bd24ce64fee3e0d00cfa,v11_85ae599b865950104870,False,False,False,513100,513100,513100,False,False,False,1.0487088067045067,1.062550460209147,1.062550460209147,0.0,8,8,-1,1.3089267803410254,,0
2014-07-07,2014-07-07,0,70e4948f4304e28543a647331d1e6548bc6a8c1006d4bd24ce64fee3e0d00cfa,v11_85ae599b865950104870,False,False,False,513100,513100,513100,False,False,False,1.062550460209147,1.0649931049452601,1.0649931049452601,0.0,9,9,-1,1.3119358074222693,,0
2014-07-08,2014-07-08,0,70e4948f4304e28543a647331d1e6548bc6a8c1006d4bd24ce64fee3e0d00cfa,v11_85ae599b865950104870,False,False,False,513100,513100,513100,False,False,False,1.0649931049452601,1.0617362452971095,1.0617362452971095,0.0,10,10,-1,1.3119358074222693,,0
2014-07-09,2014-07-09,0,70e4948f4304e28543a647331d1e6548bc6a8c1006d4bd24ce64fee3e0d00cfa,v11_85ae599b865950104870,False,False,False,513100,513100,513100,False,False,False,1.0617362452971095,1.0454519470563564,1.0454519470563564,0.0,11,11,-1,1.3119358074222693,,0
2014-07-10,2014-07-10,0,70e4948f4304e28543a647331d1e6548bc6a8c1006d4bd24ce64fee3e0d00cfa,v11_85ae599b865950104870,False,False,False,513100,513100,513100,False,False,False,1.0454519470563564,1.05115145144062,1.05115145144062,0.0,12,12,-1,1.3119358074222693,,0
2014-07-11,2014-07-11,0,70e4948f4304e28543a647331d1e6548bc6a8c1006d4bd24ce64fee3e0d00cfa,v11_85ae599b865950104870,False,False,False,513100,513100,513100,False,False,False,1.05115145144062,1.0430093023202434,1.0430093023202434,0.0,13,13,-1,1.3119358074222693,,0
2014-07-14,2014-07-14,0,70e4948f4304e28543a647331d1e6548bc6a8c1006d4bd24ce64fee3e0d00cfa,v11_85ae599b865950104870,False,False,False,513100,513100,513100,False,False,False,1.0430093023202434,1.0503372365285824,1.0503372365285824,0.0,14,14,-1,1.3119358074222693,,0
2014-07-15,2014-07-15,0,70e4948f4304e28543a647331d1e6548bc6a8c1006d4bd24ce64fee3e0d00cfa,v11_85ae599b865950104870,False,False,False,513100,513100,513100,False,False,False,1.0503372365285824,1.0592936005609965,1.0592936005609965,0.0,15,15,-1,1.3119358074222693,,0
2014-07-16,2014-07-16,0,70e4948f4304e28543a647331d1e6548bc6a8c1006d4bd24ce64fee3e0d00cfa,v11_85ae599b865950104870,False,False,False,513100,513100,513100,False,False,False,1.0592936005609965,1.0552225260008083,1.0552225260008083,0.0,16,16,-1,1.3119358074222693,,0
2014-07-17,2014-07-17,0,70e4948f4304e28543a647331d1e6548bc6a8c1006d4bd24ce64fee3e0d00cfa,v11_85ae599b865950104870,False,False,False,513100,513100,513100,False,False,False,1.0552225260008083,1.058479385648959,1.058479385648959,0.0,17,17,-1,1.3119358074222693,,0
2014-07-18,2014-07-18,0,70e4948f4304e28543a647331d1e6548bc6a8c1006d4bd24ce64fee3e0d00cfa,v11_85ae599b865950104870,False,False,False,513100,513100,513100,False,False,False,1.058479385648959,1.0503372365285824,1.0503372365285824,0.0,18,18,-1,1.3119358074222693,,0
2014-07-21,2014-07-21,0,70e4948f4304e28543a647331d1e6548bc6a8c1006d4bd24ce64fee3e0d00cfa,v11_85ae599b865950104870,False,False,False,513100,513100,513100,False,False,False,1.0503372365285824,1.0601078154730343,1.0601078154730343,0.0,19,19,-1,1.3119358074222693,,0
2014-07-22,2014-07-22,0,70e4948f4304e28543a647331d1e6548bc6a8c1006d4bd24ce64fee3e0d00cfa,v11_85ae599b865950104870,False,False,False,513100,513100,513100,False,False,False,1.0601078154730343,1.0576651707369213,1.0576651707369213,0.0,20,20,-1,1.3119358074222693,,0
2014-07-23,2014-07-23,0,70e4948f4304e28543a647331d1e6548bc6a8c1006d4bd24ce64fee3e0d00cfa,v11_85ae599b865950104870,False,False,False,513100,510500,510500,False,False,True,1.0576651707369213,1.0617362452971095,1.0615238980480501,0.00021234724905942192,21,0,-1,1.1752577319587665,,0
2014-07-24,2014-07-24,0,70e4948f4304e28543a647331d1e6548bc6a8c1006d4bd24ce64fee3e0d00cfa,v11_85ae599b865950104870,False,False,False,510500,510500,510500,False,False,False,1.0615238980480501,1.0605927367339731,1.0605927367339731,0.0,1,1,-1,1.1752577319587665,,0
2014-07-25,2014-07-25,0,70e4948f4304e28543a647331d1e6548bc6a8c1006d4bd24ce64fee3e0d00cfa,v11_85ae599b865950104870,False,False,False,510500,510500,510500,False,False,False,1.0605927367339731,1.0699043498747456,1.0699043498747456,0.0,2,2,-1,1.1845360824742308,,0
2014-07-28,2014-07-28,0,70e4948f4304e28543a647331d1e6548bc6a8c1006d4bd24ce64fee3e0d00cfa,v11_85ae599b865950104870,False,False,False,510500,510300,510300,False,False,True,1.0699043498747456,1.0885275761562903,1.088309870641059,0.00021770551523125805,3,0,-1,0.942337214807243,,0
2014-07-29,2014-07-29,0,70e4948f4304e28543a647331d1e6548bc6a8c1006d4bd24ce64fee3e0d00cfa,v11_85ae599b865950104870,False,False,False,510300,510300,510300,False,False,False,1.088309870641059,1.091067412543021,1.091067412543021,0.0,1,1,-1,0.9447248935609776,,0
2014-07-30,2014-07-30,0,70e4948f4304e28543a647331d1e6548bc6a8c1006d4bd24ce64fee3e0d00cfa,v11_85ae599b865950104870,False,False,False,510300,510300,510300,False,False,False,1.091067412543021,1.0873906900070716,1.0873906900070716,0.0,2,2,-1,0.9447248935609776,,0
2014-07-31,2014-07-31,0,70e4948f4304e28543a647331d1e6548bc6a8c1006d4bd24ce64fee3e0d00cfa,v11_85ae599b865950104870,False,False,False,510300,510300,510300,False,False,False,1.0873906900070716,1.1020975801508697,1.1020975801508697,0.0,3,3,-1,0.9542756085759159,,0
2014-08-01,2014-08-01,0,70e4948f4304e28543a647331d1e6548bc6a8c1006d4bd24ce64fee3e0d00cfa,v11_85ae599b865950104870,False,False,False,510300,510300,510300,False,False,False,1.1020975801508697,1.0887694609580527,1.0887694609580527,0.0,4,4,-1,0.9542756085759159,,0
2014-08-04,2014-08-04,0,70e4948f4304e28543a647331d1e6548bc6a8c1006d4bd24ce64fee3e0d00cfa,v11_85ae599b865950104870,False,False,False,510300,510300,510300,False,False,False,1.0887694609580527,1.1122085671247308,1.1122085671247308,0.0,5,5,-1,0.9630304306729426,,0
2014-08-05,2014-08-05,0,70e4948f4304e28543a647331d1e6548bc6a8c1006d4bd24ce64fee3e0d00cfa,v11_85ae599b865950104870,False,False,False,510300,510300,510300,False,False,False,1.1122085671247308,1.108991434905775,1.108991434905775,0.0,6,6,-1,0.9630304306729426,,0
2014-08-06,2014-08-06,0,70e4948f4304e28543a647331d1e6548bc6a8c1006d4bd24ce64fee3e0d00cfa,v11_85ae599b865950104870,False,False,False,510300,510300,510300,False,False,False,1.108991434905775,1.1020975801508697,1.1020975801508697,0.0,7,7,-1,0.9630304306729426,,0
2014-08-07,2014-08-07,0,70e4948f4304e28543a647331d1e6548bc6a8c1006d4bd24ce64fee3e0d00cfa,v11_85ae599b865950104870,False,False,False,510300,510300,510300,False,False,False,1.1020975801508697,1.0901482319090336,1.0901482319090336,0.0,8,8,-1,0.9630304306729426,,0
2014-08-08,2014-08-08,0,70e4948f4304e28543a647331d1e6548bc6a8c1006d4bd24ce64fee3e0d00cfa,v11_85ae599b865950104870,False,False,False,510300,510300,510300,False,False,False,1.0901482319090336,1.0906078222260276,1.0906078222260276,0.0,9,9,-1,0.9630304306729426,,0
2014-08-11,2014-08-11,0,70e4948f4304e28543a647331d1e6548bc6a8c1006d4bd24ce64fee3e0d00cfa,v11_85ae599b865950104870,False,False,False,510300,510300,510300,False,False,False,1.0906078222260276,1.1057743026868194,1.1057743026868194,0.0,10,10,-1,0.9630304306729426,,0
2014-08-12,2014-08-12,0,70e4948f4304e28543a647331d1e6548bc6a8c1006d4bd24ce64fee3e0d00cfa,v11_85ae599b865950104870,False,False,False,510300,510300,510300,False,False,False,1.1057743026868194,1.1011783995168825,1.1011783995168825,0.0,11,11,-1,0.9630304306729426,,0
2014-08-13,2014-08-13,0,70e4948f4304e28543a647331d1e6548bc6a8c1006d4bd24ce64fee3e0d00cfa,v11_85ae599b865950104870,False,False,False,510300,510300,510300,False,False,False,1.1011783995168825,1.1043955317358385,1.1043955317358385,0.0,12,12,-1,0.9630304306729426,,0
2014-08-14,2014-08-14,0,70e4948f4304e28543a647331d1e6548bc6a8c1006d4bd24ce64fee3e0d00cfa,v11_85ae599b865950104870,False,False,False,510300,510300,510300,False,False,False,1.1043955317358385,1.0910674125430215,1.0910674125430215,0.0,13,13,-1,0.9630304306729426,,0
2014-08-15,2014-08-15,0,70e4948f4304e28543a647331d1e6548bc6a8c1006d4bd24ce64fee3e0d00cfa,v11_85ae599b865950104870,False,False,False,510300,510300,510300,False,False,False,1.0910674125430215,1.1048551220528322,1.1048551220528322,0.0,14,14,-1,0.9630304306729426,,0
2014-08-18,2014-08-18,0,70e4948f4304e28543a647331d1e6548bc6a8c1006d4bd24ce64fee3e0d00cfa,v11_85ae599b865950104870,False,False,False,510300,510300,510300,False,False,False,1.1048551220528322,1.1085318445887817,1.1085318445887817,0.0,15,15,-1,0.9630304306729426,,0
2014-08-19,2014-08-19,0,70e4948f4304e28543a647331d1e6548bc6a8c1006d4bd24ce64fee3e0d00cfa,v11_85ae599b865950104870,False,False,False,510300,510300,510300,False,False,False,1.1085318445887817,1.1094510252227694,1.1094510252227694,0.0,16,16,-1,0.9630304306729426,,0
2014-08-20,2014-08-20,0,70e4948f4304e28543a647331d1e6548bc6a8c1006d4bd24ce64fee3e0d00cfa,v11_85ae599b865950104870,False,False,False,510300,510500,510500,False,False,True,1.1094510252227694,1.105314712369826,1.105093649427352,0.0002210629424739652,17,0,-1,1.303092783505159,,0
2014-08-21,2014-08-21,0,70e4948f4304e28543a647331d1e6548bc6a8c1006d4bd24ce64fee3e0d00cfa,v11_85ae599b865950104870,False,False,False,510500,510500,510500,False,False,False,1.105093649427352,1.1033450835263594,1.1033450835263594,0.0,1,1,-1,1.303092783505159,,0
2014-08-22,2014-08-22,0,70e4948f4304e28543a647331d1e6548bc6a8c1006d4bd24ce64fee3e0d00cfa,v11_85ae599b865950104870,False,False,False,510500,510500,510500,False,False,False,1.1033450835263594,1.11033934713033,1.11033934713033,0.0,2,2,-1,1.3092783505154681,,0
2014-08-25,2014-08-25,0,70e4948f4304e28543a647331d1e6548bc6a8c1006d4bd24ce64fee3e0d00cfa,v11_85ae599b865950104870,False,False,False,510500,510500,510500,False,False,False,1.11033934713033,1.1015965176253668,1.1015965176253668,0.0,3,3,-1,1.3092783505154681,,0
2014-08-26,2014-08-26,0,70e4948f4304e28543a647331d1e6548bc6a8c1006d4bd24ce64fee3e0d00cfa,v11_85ae599b865950104870,False,False,False,510500,510500,510500,False,False,False,1.1015965176253668,1.0841108586154402,1.0841108586154402,0.0,4,4,-1,1.3092783505154681,,0
2014-08-27,2014-08-27,0,70e4948f4304e28543a647331d1e6548bc6a8c1006d4bd24ce64fee3e0d00cfa,v11_85ae599b865950104870,False,False,False,510500,510500,510500,False,False,False,1.0841108586154402,1.0849851415659366,1.0849851415659366,0.0,5,5,-1,1.3092783505154681,,0
2014-08-28,2014-08-28,0,70e4948f4304e28543a647331d1e6548bc6a8c1006d4bd24ce64fee3e0d00cfa,v11_85ae599b865950104870,False,False,False,510500,510500,510500,False,False,False,1.0849851415659366,1.0753680291104768,1.0753680291104768,0.0,6,6,-1,1.3092783505154681,,0
2014-08-29,2014-08-29,0,70e4948f4304e28543a647331d1e6548bc6a8c1006d4bd24ce64fee3e0d00cfa,v11_85ae599b865950104870,False,False,False,510500,510500,510500,False,False,False,1.0753680291104768,1.0884822733679216,1.0884822733679216,0.0,7,7,-1,1.3092783505154681,,0
2014-09-01,2014-09-01,0,70e4948f4304e28543a647331d1e6548bc6a8c1006d4bd24ce64fee3e0d00cfa,v11_85ae599b865950104870,False,False,False,510500,510500,510500,False,False,False,1.0884822733679216,1.1068422153283441,1.1068422153283441,0.0,8,8,-1,1.3092783505154681,,0
2014-09-02,2014-09-02,0,70e4948f4304e28543a647331d1e6548bc6a8c1006d4bd24ce64fee3e0d00cfa,v11_85ae599b865950104870,False,False,False,510500,510500,510500,False,False,False,1.1068422153283441,1.1243278743382707,1.1243278743382707,0.0,9,9,-1,1.325773195876293,,0
2014-09-03,2014-09-03,0,70e4948f4304e28543a647331d1e6548bc6a8c1006d4bd24ce64fee3e0d00cfa,v11_85ae599b865950104870,False,False,False,510500,510500,510500,False,False,False,1.1243278743382707,1.133070703843234,1.133070703843234,0.0,10,10,-1,1.3360824742268085,,0
2014-09-04,2014-09-04,0,70e4948f4304e28543a647331d1e6548bc6a8c1006d4bd24ce64fee3e0d00cfa,v11_85ae599b865950104870,False,False,False,510500,510500,510500,False,False,False,1.133070703843234,1.1409392503977007,1.1409392503977007,0.0,11,11,-1,1.3453608247422724,,0
2014-09-05,2014-09-05,0,70e4948f4304e28543a647331d1e6548bc6a8c1006d4bd24ce64fee3e0d00cfa,v11_85ae599b865950104870,False,False,False,510500,510500,510500,False,False,False,1.1409392503977007,1.1461849481006787,1.1461849481006787,0.0,12,12,-1,1.3515463917525818,,0
2014-09-09,2014-09-09,0,70e4948f4304e28543a647331d1e6548bc6a8c1006d4bd24ce64fee3e0d00cfa,v11_85ae599b865950104870,False,False,False,510500,510500,510500,False,False,False,1.1461849481006787,1.154927777605642,1.154927777605642,0.0,13,13,-1,1.3618556701030973,,0
2014-09-10,2014-09-10,0,70e4948f4304e28543a647331d1e6548bc6a8c1006d4bd24ce64fee3e0d00cfa,v11_85ae599b865950104870,False,False,False,510500,510500,510500,False,False,False,1.154927777605642,1.1566763435066345,1.1566763435066345,0.0,14,14,-1,1.3639175257732004,,0
2014-09-11,2014-09-11,0,70e4948f4304e28543a647331d1e6548bc6a8c1006d4bd24ce64fee3e0d00cfa,v11_85ae599b865950104870,False,False,False,510500,510500,510500,False,False,False,1.1566763435066345,1.154927777605642,1.154927777605642,0.0,15,15,-1,1.3639175257732004,,0
2014-09-12,2014-09-12,0,70e4948f4304e28543a647331d1e6548bc6a8c1006d4bd24ce64fee3e0d00cfa,v11_85ae599b865950104870,False,False,False,510500,510500,510500,False,False,False,1.154927777605642,1.1689163048135829,1.1689163048135829,0.0,16,16,-1,1.378350515463922,,0
2014-09-15,2014-09-15,0,70e4948f4304e28543a647331d1e6548bc6a8c1006d4bd24ce64fee3e0d00cfa,v11_85ae599b865950104870,False,False,False,510500,510500,510500,False,False,False,1.1689163048135829,1.1794077002195387,1.1794077002195387,0.0,17,17,-1,1.3907216494845405,,0
2014-09-16,2014-09-16,0,70e4948f4304e28543a647331d1e6548bc6a8c1006d4bd24ce64fee3e0d00cfa,v11_85ae599b865950104870,False,False,False,510500,510300,510300,True,False,True,1.1794077002195387,1.1409392503977007,1.1407110625476211,0.00022818785007954016,18,0,-1,0.9686016810983235,,0
2014-09-17,2014-09-17,0,70e4948f4304e28543a647331d1e6548bc6a8c1006d4bd24ce64fee3e0d00cfa,v11_85ae599b865950104870,False,False,False,510300,510500,510500,False,False,True,1.1407110625476211,1.1444603182996265,1.1442314262359665,0.0002288920636599253,1,0,-1,1.3567010309278396,,0
2014-09-18,2014-09-18,0,70e4948f4304e28543a647331d1e6548bc6a8c1006d4bd24ce64fee3e0d00cfa,v11_85ae599b865950104870,False,False,False,510500,510500,510500,False,False,False,1.1442314262359665,1.152056717144875,1.152056717144875,0.0,1,1,-1,1.3659793814433034,,0
2014-09-19,2014-09-19,0,70e4948f4304e28543a647331d1e6548bc6a8c1006d4bd24ce64fee3e0d00cfa,v11_85ae599b865950104870,False,False,False,510500,510500,510500,False,False,False,1.152056717144875,1.1624904383567531,1.1624904383567531,0.0,2,2,-1,1.378350515463922,,0
2014-09-22,2014-09-22,0,70e4948f4304e28543a647331d1e6548bc6a8c1006d4bd24ce64fee3e0d00cfa,v11_85ae599b865950104870,False,False,False,510500,510500,510500,False,False,False,1.1624904383567531,1.1459703797712797,1.1459703797712797,0.0,3,3,-1,1.378350515463922,,0
2014-09-23,2014-09-23,0,70e4948f4304e28543a647331d1e6548bc6a8c1006d4bd24ce64fee3e0d00cfa,v11_85ae599b865950104870,False,False,False,510500,510500,510500,False,False,False,1.1459703797712797,1.161620961589097,1.161620961589097,0.0,4,4,-1,1.378350515463922,,0
2014-09-24,2014-09-24,0,70e4948f4304e28543a647331d1e6548bc6a8c1006d4bd24ce64fee3e0d00cfa,v11_85ae599b865950104870,False,False,False,510500,510500,510500,False,False,False,1.161620961589097,1.177271543406914,1.177271543406914,0.0,5,5,-1,1.3958762886597984,,0
2014-09-25,2014-09-25,0,70e4948f4304e28543a647331d1e6548bc6a8c1006d4bd24ce64fee3e0d00cfa,v11_85ae599b865950104870,False,False,False,510500,510500,510500,False,False,False,1.177271543406914,1.1755325898716011,1.1755325898716011,0.0,6,6,-1,1.3958762886597984,,0
2014-09-26,2014-09-26,0,70e4948f4304e28543a647331d1e6548bc6a8c1006d4bd24ce64fee3e0d00cfa,v11_85ae599b865950104870,False,False,False,510500,510500,510500,False,False,False,1.1755325898716011,1.1798799737098835,1.1798799737098835,0.0,7,7,-1,1.398969072164953,,0
2014-09-29,2014-09-29,0,70e4948f4304e28543a647331d1e6548bc6a8c1006d4bd24ce64fee3e0d00cfa,v11_85ae599b865950104870,False,False,False,510500,510500,510500,False,False,False,1.1798799737098835,1.1929221252247313,1.1929221252247313,0.0,8,8,-1,1.4144329896907266,,0
2014-09-30,2014-09-30,0,70e4948f4304e28543a647331d1e6548bc6a8c1006d4bd24ce64fee3e0d00cfa,v11_85ae599b865950104870,False,False,False,510500,510500,510500,False,False,False,1.1929221252247313,1.2007474161336398,1.2007474161336398,0.0,9,9,-1,1.4237113402061905,,0
2014-10-08,2014-10-08,0,70e4948f4304e28543a647331d1e6548bc6a8c1006d4bd24ce64fee3e0d00cfa,v11_85ae599b865950104870,False,False,False,510500,510500,510500,False,False,False,1.2007474161336398,1.221614858557396,1.221614858557396,0.0,10,10,-1,1.4484536082474277,,0
2014-10-09,2014-10-09,0,70e4948f4304e28543a647331d1e6548bc6a8c1006d4bd24ce64fee3e0d00cfa,v11_85ae599b865950104870,False,False,False,510500,510500,510500,False,False,False,1.221614858557396,1.2224843353250525,1.2224843353250525,0.0,11,11,-1,1.4494845360824793,,0
2014-10-10,2014-10-10,0,70e4948f4304e28543a647331d1e6548bc6a8c1006d4bd24ce64fee3e0d00cfa,v11_85ae599b865950104870,False,False,False,510500,510500,510500,False,False,False,1.2224843353250525,1.216397997951457,1.216397997951457,0.0,12,12,-1,1.4494845360824793,,0
2014-10-13,2014-10-13,0,70e4948f4304e28543a647331d1e6548bc6a8c1006d4bd24ce64fee3e0d00cfa,v11_85ae599b865950104870,False,False,False,510500,510500,510500,False,False,False,1.216397997951457,1.2172674747191132,1.2172674747191132,0.0,13,13,-1,1.4494845360824793,,0
2014-10-14,2014-10-14,0,70e4948f4304e28543a647331d1e6548bc6a8c1006d4bd24ce64fee3e0d00cfa,v11_85ae599b865950104870,False,False,False,510500,510500,510500,False,False,False,1.2172674747191132,1.212050614113174,1.212050614113174,0.0,14,14,-1,1.4494845360824793,,0
2014-10-15,2014-10-15,0,70e4948f4304e28543a647331d1e6548bc6a8c1006d4bd24ce64fee3e0d00cfa,v11_85ae599b865950104870,False,False,False,510500,510500,510500,False,False,False,1.212050614113174,1.217267474719113,1.217267474719113,0.0,15,15,-1,1.4494845360824793,,0
2014-10-16,2014-10-16,0,70e4948f4304e28543a647331d1e6548bc6a8c1006d4bd24ce64fee3e0d00cfa,v11_85ae599b865950104870,False,False,False,510500,510500,510500,False,False,False,1.217267474719113,1.1990084625983264,1.1990084625983264,0.0,16,16,-1,1.4494845360824793,,0
2014-10-17,2014-10-17,0,70e4948f4304e28543a647331d1e6548bc6a8c1006d4bd24ce64fee3e0d00cfa,v11_85ae599b865950104870,False,False,False,510500,510500,510500,False,False,False,1.1990084625983264,1.1868357878511353,1.1868357878511353,0.0,17,17,-1,1.4494845360824793,,0
2014-10-20,2014-10-20,0,70e4948f4304e28543a647331d1e6548bc6a8c1006d4bd24ce64fee3e0d00cfa,v11_85ae599b865950104870,False,False,False,510500,510500,510500,False,False,False,1.1868357878511353,1.203355846436609,1.203355846436609,0.0,18,18,-1,1.4494845360824793,,0
2014-10-21,2014-10-21,0,70e4948f4304e28543a647331d1e6548bc6a8c1006d4bd24ce64fee3e0d00cfa,v11_85ae599b865950104870,False,False,False,510500,510500,510500,False,False,False,1.203355846436609,1.1920526484570744,1.1920526484570744,0.0,19,19,-1,1.4494845360824793,,0
2014-10-22,2014-10-22,0,70e4948f4304e28543a647331d1e6548bc6a8c1006d4bd24ce64fee3e0d00cfa,v11_85ae599b865950104870,False,False,False,510500,510500,510500,False,False,False,1.1920526484570744,1.1772715434069139,1.1772715434069139,0.0,20,20,-1,1.4494845360824793,,0
2014-10-23,2014-10-23,0,70e4948f4304e28543a647331d1e6548bc6a8c1006d4bd24ce64fee3e0d00cfa,v11_85ae599b865950104870,False,False,False,510500,510500,510500,False,False,False,1.1772715434069139,1.1624904383567531,1.1624904383567531,0.0,21,21,-1,1.4494845360824793,,0
2014-10-24,2014-10-24,0,70e4948f4304e28543a647331d1e6548bc6a8c1006d4bd24ce64fee3e0d00cfa,v11_85ae599b865950104870,False,False,False,510500,510500,510500,False,False,False,1.1624904383567531,1.165968345427379,1.165968345427379,0.0,22,22,-1,1.4494845360824793,,0
2014-10-27,2014-10-27,0,70e4948f4304e28543a647331d1e6548bc6a8c1006d4bd24ce64fee3e0d00cfa,v11_85ae599b865950104870,False,False,False,510500,510500,510500,False,False,False,1.165968345427379,1.174663113103944,1.174663113103944,0.0,23,23,-1,1.4494845360824793,,0
2014-10-28,2014-10-28,0,70e4948f4304e28543a647331d1e6548bc6a8c1006d4bd24ce64fee3e0d00cfa,v11_85ae599b865950104870,False,False,False,510500,510500,510500,False,False,False,1.174663113103944,1.2024863696689523,1.2024863696689523,0.0,24,24,-1,1.4494845360824793,,0
2014-10-29,2014-10-29,0,70e4948f4304e28543a647331d1e6548bc6a8c1006d4bd24ce64fee3e0d00cfa,v11_85ae599b865950104870,False,False,False,510500,510500,510500,False,False,False,1.2024863696689523,1.220745381789739,1.220745381789739,0.0,25,25,-1,1.4494845360824793,,0
2014-10-30,2014-10-30,0,70e4948f4304e28543a647331d1e6548bc6a8c1006d4bd24ce64fee3e0d00cfa,v11_85ae599b865950104870,False,False,False,510500,510500,510500,False,False,False,1.220745381789739,1.2181369514867695,1.2181369514867695,0.0,26,26,-1,1.4494845360824793,,0
2014-10-31,2014-10-31,0,70e4948f4304e28543a647331d1e6548bc6a8c1006d4bd24ce64fee3e0d00cfa,v11_85ae599b865950104870,False,False,False,510500,510500,510500,False,False,False,1.2181369514867695,1.219006428254426,1.219006428254426,0.0,27,27,-1,1.4494845360824793,,0
2014-11-03,2014-11-03,0,70e4948f4304e28543a647331d1e6548bc6a8c1006d4bd24ce64fee3e0d00cfa,v11_85ae599b865950104870,False,False,False,510500,510500,510500,False,False,False,1.219006428254426,1.2285706726986476,1.2285706726986476,0.0,28,28,-1,1.4567010309278399,,0
2014-11-04,2014-11-04,0,70e4948f4304e28543a647331d1e6548bc6a8c1006d4bd24ce64fee3e0d00cfa,v11_85ae599b865950104870,False,False,False,510500,510500,510500,False,False,False,1.2285706726986476,1.2216148585573956,1.2216148585573956,0.0,29,29,-1,1.4567010309278399,,0
2014-11-05,2014-11-05,0,70e4948f4304e28543a647331d1e6548bc6a8c1006d4bd24ce64fee3e0d00cfa,v11_85ae599b865950104870,False,False,False,510500,513100,513100,False,False,True,1.2216148585573956,1.2198759050220827,1.2196319298410783,0.00024397518100441654,30,0,-1,1.358074222668008,,0
2014-11-06,2014-11-06,0,70e4948f4304e28543a647331d1e6548bc6a8c1006d4bd24ce64fee3e0d00cfa,v11_85ae599b865950104870,False,False,False,513100,513100,513100,False,False,False,1.2196319298410783,1.2196319298410783,1.2196319298410783,0.0,1,1,-1,1.358074222668008,,0
2014-11-07,2014-11-07,0,70e4948f4304e28543a647331d1e6548bc6a8c1006d4bd24ce64fee3e0d00cfa,v11_85ae599b865950104870,False,False,False,513100,513100,513100,False,False,False,1.2196319298410783,1.2277387890497706,1.2277387890497706,0.0,2,2,-1,1.3671013039117392,,0
2014-11-10,2014-11-10,0,70e4948f4304e28543a647331d1e6548bc6a8c1006d4bd24ce64fee3e0d00cfa,v11_85ae599b865950104870,False,False,False,513100,513100,513100,False,False,False,1.2277387890497706,1.2277387890497706,1.2277387890497706,0.0,3,3,-1,1.3671013039117392,,0
2014-11-11,2014-11-11,0,70e4948f4304e28543a647331d1e6548bc6a8c1006d4bd24ce64fee3e0d00cfa,v11_85ae599b865950104870,False,False,False,513100,513100,513100,False,False,False,1.2277387890497706,1.2277387890497706,1.2277387890497706,0.0,4,4,-1,1.3671013039117392,,0
2014-11-12,2014-11-12,0,70e4948f4304e28543a647331d1e6548bc6a8c1006d4bd24ce64fee3e0d00cfa,v11_85ae599b865950104870,False,False,False,513100,513100,513100,False,False,False,1.2277387890497706,1.2268380269154715,1.2268380269154715,0.0,5,5,-1,1.3671013039117392,,0
2014-11-13,2014-11-13,0,70e4948f4304e28543a647331d1e6548bc6a8c1006d4bd24ce64fee3e0d00cfa,v11_85ae599b865950104870,False,False,False,513100,513100,513100,False,False,False,1.2268380269154715,1.2286395511840698,1.2286395511840698,0.0,6,6,-1,1.3681043129388206,,0
2014-11-14,2014-11-14,0,70e4948f4304e28543a647331d1e6548bc6a8c1006d4bd24ce64fee3e0d00cfa,v11_85ae599b865950104870,False,False,False,513100,513100,513100,False,False,False,1.2286395511840698,1.2295403133183689,1.2295403133183689,0.0,7,7,-1,1.3691073219659018,,0
2014-11-17,2014-11-17,0,70e4948f4304e28543a647331d1e6548bc6a8c1006d4bd24ce64fee3e0d00cfa,v11_85ae599b865950104870,False,False,False,513100,513100,513100,False,False,False,1.2295403133183689,1.2322425997212665,1.2322425997212665,0.0,8,8,-1,1.3721163490471455,,0
2014-11-18,2014-11-18,0,70e4948f4304e28543a647331d1e6548bc6a8c1006d4bd24ce64fee3e0d00cfa,v11_85ae599b865950104870,False,False,False,513100,513100,513100,False,False,False,1.2322425997212665,1.2322425997212665,1.2322425997212665,0.0,9,9,-1,1.3721163490471455,,0
2014-11-19,2014-11-19,0,70e4948f4304e28543a647331d1e6548bc6a8c1006d4bd24ce64fee3e0d00cfa,v11_85ae599b865950104870,False,False,False,513100,513100,513100,False,False,False,1.2322425997212665,1.2475555560043523,1.2475555560043523,0.0,10,10,-1,1.3891675025075265,,0
2014-11-20,2014-11-20,0,70e4948f4304e28543a647331d1e6548bc6a8c1006d4bd24ce64fee3e0d00cfa,v11_85ae599b865950104870,False,False,False,513100,513100,513100,False,False,False,1.2475555560043523,1.2358456482584632,1.2358456482584632,0.0,11,11,-1,1.3891675025075265,,0
2014-11-21,2014-11-21,0,70e4948f4304e28543a647331d1e6548bc6a8c1006d4bd24ce64fee3e0d00cfa,v11_85ae599b865950104870,False,False,False,513100,513100,513100,False,False,False,1.2358456482584632,1.2412502210642582,1.2412502210642582,0.0,12,12,-1,1.3891675025075265,,0
2014-11-24,2014-11-24,0,70e4948f4304e28543a647331d1e6548bc6a8c1006d4bd24ce64fee3e0d00cfa,v11_85ae599b865950104870,False,False,False,513100,513100,513100,False,False,False,1.2412502210642582,1.234044123989865,1.234044123989865,0.0,13,13,-1,1.3891675025075265,,0
2014-11-25,2014-11-25,0,70e4948f4304e28543a647331d1e6548bc6a8c1006d4bd24ce64fee3e0d00cfa,v11_85ae599b865950104870,False,False,False,513100,513100,513100,False,False,False,1.234044123989865,1.245754031735754,1.245754031735754,0.0,14,14,-1,1.3891675025075265,,0
2014-11-26,2014-11-26,0,70e4948f4304e28543a647331d1e6548bc6a8c1006d4bd24ce64fee3e0d00cfa,v11_85ae599b865950104870,False,False,False,513100,510300,510300,False,False,True,1.245754031735754,1.251158604541549,1.2509083728206407,0.00025023172090830984,15,0,-1,1.0979342802589453,,0
2014-11-27,2014-11-27,0,70e4948f4304e28543a647331d1e6548bc6a8c1006d4bd24ce64fee3e0d00cfa,v11_85ae599b865950104870,False,False,False,510300,510300,510300,False,False,False,1.2509083728206407,1.262243171414521,1.262243171414521,0.0,1,1,-1,1.1078829417328393,,0
2014-11-28,2014-11-28,0,70e4948f4304e28543a647331d1e6548bc6a8c1006d4bd24ce64fee3e0d00cfa,v11_85ae599b865950104870,False,False,False,510300,510300,510300,False,False,False,1.262243171414521,1.2921670397023655,1.2921670397023655,0.0,2,2,-1,1.1341474080239196,,0
2014-12-01,2014-12-01,0,70e4948f4304e28543a647331d1e6548bc6a8c1006d4bd24ce64fee3e0d00cfa,v11_85ae599b865950104870,False,False,False,510300,510300,510300,False,False,False,1.2921670397023655,1.2935272155336313,1.2935272155336313,0.0,3,3,-1,1.135341247400787,,0
2014-12-02,2014-12-02,0,70e4948f4304e28543a647331d1e6548bc6a8c1006d4bd24ce64fee3e0d00cfa,v11_85ae599b865950104870,False,False,False,510300,510300,510300,False,False,False,1.2935272155336313,1.3447605051779707,1.3447605051779707,0.0,4,4,-1,1.180309197262788,,0
2014-12-03,2014-12-03,0,70e4948f4304e28543a647331d1e6548bc6a8c1006d4bd24ce64fee3e0d00cfa,v11_85ae599b865950104870,False,False,False,510300,510300,510300,False,False,False,1.3447605051779707,1.3592690473781375,1.3592690473781375,0.0,5,5,-1,1.1930434839493722,,0
2014-12-04,2014-12-04,0,70e4948f4304e28543a647331d1e6548bc6a8c1006d4bd24ce64fee3e0d00cfa,v11_85ae599b865950104870,False,False,False,510300,510300,510300,False,False,False,1.3592690473781375,1.4417863811415867,1.4417863811415867,0.0,6,6,-1,1.2654697394793208,,0
2014-12-05,2014-12-05,0,70e4948f4304e28543a647331d1e6548bc6a8c1006d4bd24ce64fee3e0d00cfa,v11_85ae599b865950104870,False,False,False,510300,510300,510300,False,False,False,1.4417863811415867,1.4331719342102376,1.4331719342102376,0.0,7,7,-1,1.2654697394793208,,0
2014-12-08,2014-12-08,0,70e4948f4304e28543a647331d1e6548bc6a8c1006d4bd24ce64fee3e0d00cfa,v11_85ae599b865950104870,False,False,False,510300,510300,510300,False,False,False,1.4331719342102376,1.5020875096610307,1.5020875096610307,0.0,8,8,-1,1.3183966185204372,,0
2014-12-09,2014-12-09,0,70e4948f4304e28543a647331d1e6548bc6a8c1006d4bd24ce64fee3e0d00cfa,v11_85ae599b865950104870,False,False,False,510300,510500,510500,True,False,True,1.5020875096610307,1.419116783953826,1.4188329605970351,0.00028382335679076517,9,0,-1,1.5020618556701084,,0
2014-12-10,2014-12-10,0,70e4948f4304e28543a647331d1e6548bc6a8c1006d4bd24ce64fee3e0d00cfa,v11_85ae599b865950104870,False,False,False,510500,510300,510300,False,False,True,1.4188329605970351,1.4743398094330207,1.474044941471134,0.00029486796188660415,1,0,-1,1.2905403663935338,,0
2014-12-11,2014-12-11,0,70e4948f4304e28543a647331d1e6548bc6a8c1006d4bd24ce64fee3e0d00cfa,v11_85ae599b865950104870,False,False,False,510300,510300,510300,False,False,False,1.474044941471134,1.4581363466664814,1.4581363466664814,0.0,1,1,-1,1.2905403663935338,,0
2014-12-12,2014-12-12,0,70e4948f4304e28543a647331d1e6548bc6a8c1006d4bd24ce64fee3e0d00cfa,v11_85ae599b865950104870,False,False,False,510300,510300,510300,False,False,False,1.4581363466664814,1.4626816594678107,1.4626816594678107,0.0,2,2,-1,1.2905403663935338,,0
2014-12-15,2014-12-15,0,70e4948f4304e28543a647331d1e6548bc6a8c1006d4bd24ce64fee3e0d00cfa,v11_85ae599b865950104870,False,False,False,510300,510300,510300,False,False,False,1.4626816594678107,1.4794993168327297,1.4794993168327297,0.0,3,3,-1,1.295315723901003,,0
2014-12-16,2014-12-16,0,70e4948f4304e28543a647331d1e6548bc6a8c1006d4bd24ce64fee3e0d00cfa,v11_85ae599b865950104870,False,False,False,510300,510300,510300,False,False,False,1.4794993168327297,1.5140436941228335,1.5140436941228335,0.0,4,4,-1,1.3255596547816408,,0
2014-12-17,2014-12-17,0,70e4948f4304e28543a647331d1e6548bc6a8c1006d4bd24ce64fee3e0d00cfa,v11_85ae599b865950104870,False,False,False,510300,510300,510300,False,False,False,1.5140436941228335,1.5399519770904113,1.5399519770904113,0.0,5,5,-1,1.3482426029421193,,0
2014-12-18,2014-12-18,0,70e4948f4304e28543a647331d1e6548bc6a8c1006d4bd24ce64fee3e0d00cfa,v11_85ae599b865950104870,False,False,False,510300,510300,510300,False,False,False,1.5399519770904113,1.5381338519698795,1.5381338519698795,0.0,6,6,-1,1.3482426029421193,,0
2014-12-19,2014-12-19,0,70e4948f4304e28543a647331d1e6548bc6a8c1006d4bd24ce64fee3e0d00cfa,v11_85ae599b865950104870,False,False,False,510300,510300,510300,False,False,False,1.5381338519698795,1.560860415976527,1.560860415976527,0.0,7,7,-1,1.3665481400540846,,0
2014-12-22,2014-12-22,0,70e4948f4304e28543a647331d1e6548bc6a8c1006d4bd24ce64fee3e0d00cfa,v11_85ae599b865950104870,False,False,False,510300,510300,510300,False,False,False,1.560860415976527,1.5499516652533363,1.5499516652533363,0.0,8,8,-1,1.3665481400540846,,0
2014-12-23,2014-12-23,0,70e4948f4304e28543a647331d1e6548bc6a8c1006d4bd24ce64fee3e0d00cfa,v11_85ae599b865950104870,False,False,False,510300,510300,510300,False,False,False,1.5499516652533363,1.5185890069241632,1.5185890069241632,0.0,9,9,-1,1.3665481400540846,,0
2014-12-24,2014-12-24,0,70e4948f4304e28543a647331d1e6548bc6a8c1006d4bd24ce64fee3e0d00cfa,v11_85ae599b865950104870,False,False,False,510300,510300,510300,False,False,False,1.5185890069241632,1.4763175978717993,1.4763175978717993,0.0,10,10,-1,1.3665481400540846,,0
2014-12-25,2014-12-25,0,70e4948f4304e28543a647331d1e6548bc6a8c1006d4bd24ce64fee3e0d00cfa,v11_85ae599b865950104870,False,False,False,510300,510300,510300,False,False,False,1.4763175978717993,1.5299522889274864,1.5299522889274864,0.0,11,11,-1,1.3665481400540846,,0
2014-12-26,2014-12-26,0,70e4948f4304e28543a647331d1e6548bc6a8c1006d4bd24ce64fee3e0d00cfa,v11_85ae599b865950104870,False,False,False,510300,510300,510300,False,False,False,1.5299522889274864,1.5894958866249018,1.5894958866249018,0.0,12,12,-1,1.3916187669682971,,0
2014-12-29,2014-12-29,0,70e4948f4304e28543a647331d1e6548bc6a8c1006d4bd24ce64fee3e0d00cfa,v11_85ae599b865950104870,False,False,False,510300,510300,510300,False,False,False,1.5894958866249018,1.5817688548626418,1.5817688548626418,0.0,13,13,-1,1.3916187669682971,,0
2014-12-30,2014-12-30,0,70e4948f4304e28543a647331d1e6548bc6a8c1006d4bd24ce64fee3e0d00cfa,v11_85ae599b865950104870,False,False,False,510300,510300,510300,False,False,False,1.5817688548626418,1.5817688548626418,1.5817688548626418,0.0,14,14,-1,1.3916187669682971,,0
2014-12-31,2014-12-31,0,70e4948f4304e28543a647331d1e6548bc6a8c1006d4bd24ce64fee3e0d00cfa,v11_85ae599b865950104870,False,False,False,510300,510300,510300,False,False,False,1.5817688548626418,1.6244947951951383,1.6244947951951383,0.0,15,15,-1,1.4222606443078905,,0
2015-01-05,2015-01-05,0,70e4948f4304e28543a647331d1e6548bc6a8c1006d4bd24ce64fee3e0d00cfa,v11_85ae599b865950104870,False,False,False,510300,510300,510300,False,False,False,1.6244947951951383,1.6763113611302938,1.6763113611302938,0.0,16,16,-1,1.4676265406288473,,0
2015-01-06,2015-01-06,0,70e4948f4304e28543a647331d1e6548bc6a8c1006d4bd24ce64fee3e0d00cfa,v11_85ae599b865950104870,False,False,False,510300,510300,510300,False,False,False,1.6763113611302938,1.66494807912697,1.66494807912697,0.0,17,17,-1,1.4676265406288473,,0
2015-01-07,2015-01-07,0,70e4948f4304e28543a647331d1e6548bc6a8c1006d4bd24ce64fee3e0d00cfa,v11_85ae599b865950104870,False,False,False,510300,510300,510300,False,False,False,1.66494807912697,1.6644935478468372,1.6644935478468372,0.0,18,18,-1,1.4676265406288473,,0
2015-01-08,2015-01-08,0,70e4948f4304e28543a647331d1e6548bc6a8c1006d4bd24ce64fee3e0d00cfa,v11_85ae599b865950104870,False,False,False,510300,510300,510300,False,False,False,1.6644935478468372,1.628131045436202,1.628131045436202,0.0,19,19,-1,1.4676265406288473,,0
2015-01-09,2015-01-09,0,70e4948f4304e28543a647331d1e6548bc6a8c1006d4bd24ce64fee3e0d00cfa,v11_85ae599b865950104870,False,False,False,510300,510300,510300,False,False,False,1.628131045436202,1.6163132321527454,1.6163132321527454,0.0,20,20,-1,1.4676265406288473,,0
2015-01-12,2015-01-12,0,70e4948f4304e28543a647331d1e6548bc6a8c1006d4bd24ce64fee3e0d00cfa,v11_85ae599b865950104870,False,False,False,510300,510300,510300,False,False,False,1.6163132321527454,1.6113133880712829,1.6113133880712829,0.0,21,21,-1,1.4676265406288473,,0
2015-01-13,2015-01-13,0,70e4948f4304e28543a647331d1e6548bc6a8c1006d4bd24ce64fee3e0d00cfa,v11_85ae599b865950104870,False,False,False,510300,510300,510300,False,False,False,1.6113133880712829,1.6081316691103522,1.6081316691103522,0.0,22,22,-1,1.4676265406288473,,0
2015-01-14,2015-01-14,0,70e4948f4304e28543a647331d1e6548bc6a8c1006d4bd24ce64fee3e0d00cfa,v11_85ae599b865950104870,False,False,False,510300,510300,510300,False,False,False,1.6081316691103522,1.6044954188692884,1.6044954188692884,0.0,23,23,-1,1.4676265406288473,,0
2015-01-15,2015-01-15,0,70e4948f4304e28543a647331d1e6548bc6a8c1006d4bd24ce64fee3e0d00cfa,v11_85ae599b865950104870,False,False,False,510300,510300,510300,False,False,False,1.6044954188692884,1.6499485468825827,1.6499485468825827,0.0,24,24,-1,1.4676265406288473,,0
2015-01-16,2015-01-16,0,70e4948f4304e28543a647331d1e6548bc6a8c1006d4bd24ce64fee3e0d00cfa,v11_85ae599b865950104870,False,False,False,510300,510300,510300,False,False,False,1.6499485468825827,1.6644935478468368,1.6644935478468368,0.0,25,25,-1,1.4676265406288473,,0
2015-01-19,2015-01-19,0,70e4948f4304e28543a647331d1e6548bc6a8c1006d4bd24ce64fee3e0d00cfa,v11_85ae599b865950104870,False,False,False,510300,159915,159915,True,False,True,1.6644935478468368,1.49813509931818,1.4978354722983163,0.000299627019863636,26,0,-1,1.981179422835631,,0
2015-01-20,2015-01-20,0,70e4948f4304e28543a647331d1e6548bc6a8c1006d4bd24ce64fee3e0d00cfa,v11_85ae599b865950104870,False,False,False,159915,159915,159915,False,False,False,1.4978354722983163,1.5718260782763207,1.5718260782763207,0.0,1,1,-1,2.079046424090336,,0
2015-01-21,2015-01-21,0,70e4948f4304e28543a647331d1e6548bc6a8c1006d4bd24ce64fee3e0d00cfa,v11_85ae599b865950104870,False,False,False,159915,159915,159915,False,False,False,1.5718260782763207,1.5822606509142443,1.5822606509142443,0.0,2,2,-1,2.092848180677538,,0
2015-01-22,2015-01-22,0,70e4948f4304e28543a647331d1e6548bc6a8c1006d4bd24ce64fee3e0d00cfa,v11_85ae599b865950104870,False,False,False,159915,159915,159915,False,False,False,1.5822606509142443,1.5964896136023223,1.5964896136023223,0.0,3,3,-1,2.1116687578419047,,0
2015-01-23,2015-01-23,0,70e4948f4304e28543a647331d1e6548bc6a8c1006d4bd24ce64fee3e0d00cfa,v11_85ae599b865950104870,False,False,False,159915,159915,159915,False,False,False,1.5964896136023223,1.553802725538089,1.553802725538089,0.0,4,4,-1,2.1116687578419047,,0
2015-01-26,2015-01-26,0,70e4948f4304e28543a647331d1e6548bc6a8c1006d4bd24ce64fee3e0d00cfa,v11_85ae599b865950104870,False,False,False,159915,159915,159915,False,False,False,1.553802725538089,1.599335406139938,1.599335406139938,0.0,5,5,-1,2.115432873274778,,0
2015-01-27,2015-01-27,0,70e4948f4304e28543a647331d1e6548bc6a8c1006d4bd24ce64fee3e0d00cfa,v11_85ae599b865950104870,False,False,False,159915,159915,159915,False,False,False,1.599335406139938,1.6012326011650153,1.6012326011650153,0.0,6,6,-1,2.1179422835633606,,0
2015-01-28,2015-01-28,0,70e4948f4304e28543a647331d1e6548bc6a8c1006d4bd24ce64fee3e0d00cfa,v11_85ae599b865950104870,False,False,False,159915,159915,159915,False,False,False,1.6012326011650153,1.5822606509142452,1.5822606509142452,0.0,7,7,-1,2.1179422835633606,,0
2015-01-29,2015-01-29,0,70e4948f4304e28543a647331d1e6548bc6a8c1006d4bd24ce64fee3e0d00cfa,v11_85ae599b865950104870,False,False,False,159915,159915,159915,False,False,False,1.5822606509142452,1.5670830907136288,1.5670830907136288,0.0,8,8,-1,2.1179422835633606,,0
2015-01-30,2015-01-30,0,70e4948f4304e28543a647331d1e6548bc6a8c1006d4bd24ce64fee3e0d00cfa,v11_85ae599b865950104870,False,False,False,159915,159915,159915,False,False,False,1.5670830907136288,1.539573762850012,1.539573762850012,0.0,9,9,-1,2.1179422835633606,,0
2015-02-02,2015-02-02,0,70e4948f4304e28543a647331d1e6548bc6a8c1006d4bd24ce64fee3e0d00cfa,v11_85ae599b865950104870,False,False,False,159915,159915,159915,False,False,False,1.539573762850012,1.5547513230506282,1.5547513230506282,0.0,10,10,-1,2.1179422835633606,,0
2015-02-03,2015-02-03,0,70e4948f4304e28543a647331d1e6548bc6a8c1006d4bd24ce64fee3e0d00cfa,v11_85ae599b865950104870,False,False,False,159915,159915,159915,False,False,False,1.5547513230506282,1.6059755887277083,1.6059755887277083,0.0,11,11,-1,2.1242158092848165,,0
2015-02-04,2015-02-04,0,70e4948f4304e28543a647331d1e6548bc6a8c1006d4bd24ce64fee3e0d00cfa,v11_85ae599b865950104870,False,False,False,159915,159915,159915,False,False,False,1.6059755887277083,1.6107185762904008,1.6107185762904008,0.0,12,12,-1,2.130489335006272,,0
2015-02-05,2015-02-05,0,70e4948f4304e28543a647331d1e6548bc6a8c1006d4bd24ce64fee3e0d00cfa,v11_85ae599b865950104870,False,False,False,159915,159915,159915,False,False,False,1.6107185762904008,1.6211531489283246,1.6211531489283246,0.0,13,13,-1,2.144291091593474,,0
2015-02-06,2015-02-06,0,70e4948f4304e28543a647331d1e6548bc6a8c1006d4bd24ce64fee3e0d00cfa,v11_85ae599b865950104870,False,False,False,159915,159915,159915,False,False,False,1.6211531489283246,1.5756204683264758,1.5756204683264758,0.0,14,14,-1,2.144291091593474,,0
2015-02-09,2015-02-09,0,70e4948f4304e28543a647331d1e6548bc6a8c1006d4bd24ce64fee3e0d00cfa,v11_85ae599b865950104870,False,False,False,159915,159915,159915,False,False,False,1.5756204683264758,1.5604429081258597,1.5604429081258597,0.0,15,15,-1,2.144291091593474,,0
2015-02-10,2015-02-10,0,70e4948f4304e28543a647331d1e6548bc6a8c1006d4bd24ce64fee3e0d00cfa,v11_85ae599b865950104870,False,False,False,159915,159915,159915,False,False,False,1.5604429081258597,1.5983868086274005,1.5983868086274005,0.0,16,16,-1,2.144291091593474,,0
2015-02-11,2015-02-11,0,70e4948f4304e28543a647331d1e6548bc6a8c1006d4bd24ce64fee3e0d00cfa,v11_85ae599b865950104870,False,False,False,159915,159915,159915,False,False,False,1.5983868086274005,1.6173587588781708,1.6173587588781708,0.0,17,17,-1,2.144291091593474,,0
2015-02-12,2015-02-12,0,70e4948f4304e28543a647331d1e6548bc6a8c1006d4bd24ce64fee3e0d00cfa,v11_85ae599b865950104870,False,False,False,159915,159915,159915,False,False,False,1.6173587588781708,1.6315877215662486,1.6315877215662486,0.0,18,18,-1,2.1580928481806763,,0
2015-02-13,2015-02-13,0,70e4948f4304e28543a647331d1e6548bc6a8c1006d4bd24ce64fee3e0d00cfa,v11_85ae599b865950104870,False,False,False,159915,159915,159915,False,False,False,1.6315877215662486,1.6704802195803279,1.6704802195803279,0.0,19,19,-1,2.209535759096611,,0
2015-02-16,2015-02-16,0,70e4948f4304e28543a647331d1e6548bc6a8c1006d4bd24ce64fee3e0d00cfa,v11_85ae599b865950104870,False,False,False,159915,159915,159915,False,False,False,1.6704802195803279,1.7359334479454858,1.7359334479454858,0.0,20,20,-1,2.2961104140526967,,0
2015-02-17,2015-02-17,0,70e4948f4304e28543a647331d1e6548bc6a8c1006d4bd24ce64fee3e0d00cfa,v11_85ae599b865950104870,False,False,False,159915,159915,159915,False,False,False,1.7359334479454858,1.7264474728201007,1.7264474728201007,0.0,21,21,-1,2.2961104140526967,,0
2015-02-25,2015-02-25,0,70e4948f4304e28543a647331d1e6548bc6a8c1006d4bd24ce64fee3e0d00cfa,v11_85ae599b865950104870,False,False,False,159915,159915,159915,False,False,False,1.7264474728201007,1.7103213151069456,1.7103213151069456,0.0,22,22,-1,2.2961104140526967,,0
2015-02-26,2015-02-26,0,70e4948f4304e28543a647331d1e6548bc6a8c1006d4bd24ce64fee3e0d00cfa,v11_85ae599b865950104870,False,False,False,159915,159915,159915,False,False,False,1.7103213151069456,1.7207558877448692,1.7207558877448692,0.0,23,23,-1,2.2961104140526967,,0
2015-02-27,2015-02-27,0,70e4948f4304e28543a647331d1e6548bc6a8c1006d4bd24ce64fee3e0d00cfa,v11_85ae599b865950104870,False,False,False,159915,159915,159915,False,False,False,1.7207558877448692,1.7672371658592563,1.7672371658592563,0.0,24,24,-1,2.3375156838143023,,0
2015-03-02,2015-03-02,0,70e4948f4304e28543a647331d1e6548bc6a8c1006d4bd24ce64fee3e0d00cfa,v11_85ae599b865950104870,False,False,False,159915,159915,159915,False,False,False,1.7672371658592563,1.8156156389987204,1.8156156389987204,0.0,25,25,-1,2.4015056461731477,,0
2015-03-03,2015-03-03,0,70e4948f4304e28543a647331d1e6548bc6a8c1006d4bd24ce64fee3e0d00cfa,v11_85ae599b865950104870,False,False,False,159915,159915,159915,False,False,False,1.8156156389987204,1.7862091161100266,1.7862091161100266,0.0,26,26,-1,2.4015056461731477,,0
2015-03-04,2015-03-04,0,70e4948f4304e28543a647331d1e6548bc6a8c1006d4bd24ce64fee3e0d00cfa,v11_85ae599b865950104870,False,False,False,159915,159915,159915,False,False,False,1.7862091161100266,1.840279174324722,1.840279174324722,0.0,27,27,-1,2.434127979924716,,0
2015-03-05,2015-03-05,0,70e4948f4304e28543a647331d1e6548bc6a8c1006d4bd24ce64fee3e0d00cfa,v11_85ae599b865950104870,False,False,False,159915,159915,159915,False,False,False,1.840279174324722,1.838381979299645,1.838381979299645,0.0,28,28,-1,2.434127979924716,,0
2015-03-06,2015-03-06,0,70e4948f4304e28543a647331d1e6548bc6a8c1006d4bd24ce64fee3e0d00cfa,v11_85ae599b865950104870,False,False,False,159915,510500,510500,True,False,True,1.838381979299645,1.7833633235724111,1.7830066509076967,0.00035667266471448223,29,0,-1,1.7731958762886677,,0
2015-03-09,2015-03-09,0,70e4948f4304e28543a647331d1e6548bc6a8c1006d4bd24ce64fee3e0d00cfa,v11_85ae599b865950104870,False,False,False,510500,510500,510500,False,False,False,1.7830066509076967,1.8130689723474196,1.8130689723474196,0.0,1,1,-1,1.8030927835051629,,0
2015-03-10,2015-03-10,0,70e4948f4304e28543a647331d1e6548bc6a8c1006d4bd24ce64fee3e0d00cfa,v11_85ae599b865950104870,False,False,False,510500,510500,510500,False,False,False,1.8130689723474196,1.8234352900852548,1.8234352900852548,0.0,2,2,-1,1.813402061855678,,0
2015-03-11,2015-03-11,0,70e4948f4304e28543a647331d1e6548bc6a8c1006d4bd24ce64fee3e0d00cfa,v11_85ae599b865950104870,False,False,False,510500,510500,510500,False,False,False,1.8234352900852548,1.8223986583114715,1.8223986583114715,0.0,3,3,-1,1.813402061855678,,0
2015-03-12,2015-03-12,0,70e4948f4304e28543a647331d1e6548bc6a8c1006d4bd24ce64fee3e0d00cfa,v11_85ae599b865950104870,False,False,False,510500,510500,510500,False,False,False,1.8223986583114715,1.8203253947639042,1.8203253947639042,0.0,4,4,-1,1.813402061855678,,0
2015-03-13,2015-03-13,0,70e4948f4304e28543a647331d1e6548bc6a8c1006d4bd24ce64fee3e0d00cfa,v11_85ae599b865950104870,False,False,False,510500,510500,510500,False,False,False,1.8203253947639042,1.8431312937871422,1.8431312937871422,0.0,5,5,-1,1.8329896907216576,,0
2015-03-16,2015-03-16,0,70e4948f4304e28543a647331d1e6548bc6a8c1006d4bd24ce64fee3e0d00cfa,v11_85ae599b865950104870,False,False,False,510500,510500,510500,False,False,False,1.8431312937871422,1.9022193048928044,1.9022193048928044,0.0,6,6,-1,1.891752577319596,,0
2015-03-17,2015-03-17,0,70e4948f4304e28543a647331d1e6548bc6a8c1006d4bd24ce64fee3e0d00cfa,v11_85ae599b865950104870,False,False,False,510500,510500,510500,False,False,False,1.9022193048928044,1.9281350992373931,1.9281350992373931,0.0,7,7,-1,1.917525773195885,,0
2015-03-18,2015-03-18,0,70e4948f4304e28543a647331d1e6548bc6a8c1006d4bd24ce64fee3e0d00cfa,v11_85ae599b865950104870,False,False,False,510500,510500,510500,False,False,False,1.9281350992373931,1.958197420677116,1.958197420677116,0.0,8,8,-1,1.94742268041238,,0
2015-03-19,2015-03-19,0,70e4948f4304e28543a647331d1e6548bc6a8c1006d4bd24ce64fee3e0d00cfa,v11_85ae599b865950104870,False,False,False,510500,510500,510500,False,False,False,1.958197420677116,1.9778934243790032,1.9778934243790032,0.0,9,9,-1,1.967010309278359,,0
2015-03-20,2015-03-20,0,70e4948f4304e28543a647331d1e6548bc6a8c1006d4bd24ce64fee3e0d00cfa,v11_85ae599b865950104870,False,False,False,510500,510500,510500,False,False,False,1.9778934243790032,1.9955161645333237,1.9955161645333237,0.0,10,10,-1,1.9845360824742357,,0
2015-03-23,2015-03-23,0,70e4948f4304e28543a647331d1e6548bc6a8c1006d4bd24ce64fee3e0d00cfa,v11_85ae599b865950104870,False,False,False,510500,510500,510500,False,False,False,1.9955161645333237,2.072226915793306,2.072226915793306,0.0,11,11,-1,2.060824742268051,,0
2015-03-24,2015-03-24,0,70e4948f4304e28543a647331d1e6548bc6a8c1006d4bd24ce64fee3e0d00cfa,v11_85ae599b865950104870,False,False,False,510500,510500,510500,False,False,False,2.072226915793306,2.0535675438652023,2.0535675438652023,0.0,12,12,-1,2.060824742268051,,0
2015-03-25,2015-03-25,0,70e4948f4304e28543a647331d1e6548bc6a8c1006d4bd24ce64fee3e0d00cfa,v11_85ae599b865950104870,False,False,False,510500,510500,510500,False,False,False,2.0535675438652023,2.072226915793306,2.072226915793306,0.0,13,13,-1,2.060824742268051,,0
2015-03-26,2015-03-26,0,70e4948f4304e28543a647331d1e6548bc6a8c1006d4bd24ce64fee3e0d00cfa,v11_85ae599b865950104870,False,False,False,510500,510500,510500,False,False,False,2.072226915793306,2.0556408074127694,2.0556408074127694,0.0,14,14,-1,2.060824742268051,,0
2015-03-27,2015-03-27,0,70e4948f4304e28543a647331d1e6548bc6a8c1006d4bd24ce64fee3e0d00cfa,v11_85ae599b865950104870,False,False,False,510500,510500,510500,False,False,False,2.0556408074127694,2.088813024173843,2.088813024173843,0.0,15,15,-1,2.0773195876288755,,0
2015-03-30,2015-03-30,0,70e4948f4304e28543a647331d1e6548bc6a8c1006d4bd24ce64fee3e0d00cfa,v11_85ae599b865950104870,False,False,False,510500,510500,510500,False,False,False,2.088813024173843,2.1250951362562667,2.1250951362562667,0.0,16,16,-1,2.1134020618556795,,0
2015-03-31,2015-03-31,0,70e4948f4304e28543a647331d1e6548bc6a8c1006d4bd24ce64fee3e0d00cfa,v11_85ae599b865950104870,False,False,False,510500,510500,510500,False,False,False,2.1250951362562667,2.1168020820659983,2.1168020820659983,0.0,17,17,-1,2.1134020618556795,,0
2015-04-01,2015-04-01,0,70e4948f4304e28543a647331d1e6548bc6a8c1006d4bd24ce64fee3e0d00cfa,v11_85ae599b865950104870,False,False,False,510500,510500,510500,False,False,False,2.1168020820659983,2.1717435660765267,2.1717435660765267,0.0,18,18,-1,2.159793814433,,0
2015-04-02,2015-04-02,0,70e4948f4304e28543a647331d1e6548bc6a8c1006d4bd24ce64fee3e0d00cfa,v11_85ae599b865950104870,False,False,False,510500,510500,510500,False,False,False,2.1717435660765267,2.210098941706518,2.210098941706518,0.0,19,19,-1,2.1979381443299073,,0
2015-04-03,2015-04-03,0,70e4948f4304e28543a647331d1e6548bc6a8c1006d4bd24ce64fee3e0d00cfa,v11_85ae599b865950104870,False,False,False,510500,510500,510500,False,False,False,2.210098941706518,2.2432711584675915,2.2432711584675915,0.0,20,20,-1,2.230927835051557,,0
2015-04-07,2015-04-07,0,70e4948f4304e28543a647331d1e6548bc6a8c1006d4bd24ce64fee3e0d00cfa,v11_85ae599b865950104870,False,False,False,510500,510500,510500,False,False,False,2.2432711584675915,2.300285906025686,2.300285906025686,0.0,21,21,-1,2.2876288659793924,,0
2015-04-08,2015-04-08,0,70e4948f4304e28543a647331d1e6548bc6a8c1006d4bd24ce64fee3e0d00cfa,v11_85ae599b865950104870,False,False,False,510500,510500,510500,False,False,False,2.300285906025686,2.2671136892646127,2.2671136892646127,0.0,22,22,-1,2.2876288659793924,,0
2015-04-09,2015-04-09,0,70e4948f4304e28543a647331d1e6548bc6a8c1006d4bd24ce64fee3e0d00cfa,v11_85ae599b865950104870,False,False,False,510500,510500,510500,False,False,False,2.2671136892646127,2.255710739752994,2.255710739752994,0.0,23,23,-1,2.2876288659793924,,0
2015-04-10,2015-04-10,0,70e4948f4304e28543a647331d1e6548bc6a8c1006d4bd24ce64fee3e0d00cfa,v11_85ae599b865950104870,False,False,False,510500,510500,510500,False,False,False,2.255710739752994,2.3251650685964917,2.3251650685964917,0.0,24,24,-1,2.31237113402063,,0
2015-04-13,2015-04-13,0,70e4948f4304e28543a647331d1e6548bc6a8c1006d4bd24ce64fee3e0d00cfa,v11_85ae599b865950104870,False,False,False,510500,510300,510500,False,False,False,2.3251650685964917,2.3251650685964917,2.3251650685964917,0.0,25,25,-1,2.31237113402063,,0
2015-04-14,2015-04-14,0,70e4948f4304e28543a647331d1e6548bc6a8c1006d4bd24ce64fee3e0d00cfa,v11_85ae599b865950104870,False,False,False,510500,510300,510500,False,False,False,2.3251650685964917,2.3251650685964917,2.3251650685964917,0.0,26,26,-1,2.31237113402063,,0
2015-04-15,2015-04-15,0,70e4948f4304e28543a647331d1e6548bc6a8c1006d4bd24ce64fee3e0d00cfa,v11_85ae599b865950104870,False,False,False,510500,510500,510500,False,False,False,2.3251650685964917,2.271860966179724,2.271860966179724,0.0,27,27,-1,2.31237113402063,,0
2015-04-16,2015-04-16,0,70e4948f4304e28543a647331d1e6548bc6a8c1006d4bd24ce64fee3e0d00cfa,v11_85ae599b865950104870,False,False,False,510500,510500,510500,False,False,False,2.271860966179724,2.2919119263570584,2.2919119263570584,0.0,28,28,-1,2.31237113402063,,0
2015-04-17,2015-04-17,0,70e4948f4304e28543a647331d1e6548bc6a8c1006d4bd24ce64fee3e0d00cfa,v11_85ae599b865950104870,False,False,False,510500,510500,510500,False,False,False,2.2919119263570584,2.3076039821480157,2.3076039821480157,0.0,29,29,-1,2.31237113402063,,0
2015-04-20,2015-04-20,0,70e4948f4304e28543a647331d1e6548bc6a8c1006d4bd24ce64fee3e0d00cfa,v11_85ae599b865950104870,False,False,False,510500,510500,510500,False,False,False,2.3076039821480157,2.2727327470569993,2.2727327470569993,0.0,30,30,-1,2.31237113402063,,0
2015-04-21,2015-04-21,0,70e4948f4304e28543a647331d1e6548bc6a8c1006d4bd24ce64fee3e0d00cfa,v11_85ae599b865950104870,False,False,False,510500,510500,510500,False,False,False,2.2727327470569993,2.353808368643613,2.353808368643613,0.0,31,31,-1,2.340856827835063,,0
2015-04-22,2015-04-22,0,70e4948f4304e28543a647331d1e6548bc6a8c1006d4bd24ce64fee3e0d00cfa,v11_85ae599b865950104870,False,False,False,510500,510500,510500,False,False,False,2.353808368643613,2.4264567750832304,2.4264567750832304,0.0,32,32,-1,2.4131054953608366,,0
2015-04-23,2015-04-23,0,70e4948f4304e28543a647331d1e6548bc6a8c1006d4bd24ce64fee3e0d00cfa,v11_85ae599b865950104870,False,False,False,510500,510300,510300,False,False,True,2.4264567750832304,2.441858237248429,2.4413698656009797,0.0004883716474496859,33,0,-1,1.8917147402232064,,0
2015-04-24,2015-04-24,0,70e4948f4304e28543a647331d1e6548bc6a8c1006d4bd24ce64fee3e0d00cfa,v11_85ae599b865950104870,False,False,False,510300,510300,510300,False,False,False,2.4413698656009797,2.432548763004759,2.432548763004759,0.0,1,1,-1,1.8917147402232064,,0
2015-04-27,2015-04-27,0,70e4948f4304e28543a647331d1e6548bc6a8c1006d4bd24ce64fee3e0d00cfa,v11_85ae599b865950104870,False,False,False,510300,510300,510300,False,False,False,2.432548763004759,2.482880936642016,2.482880936642016,0.0,2,2,-1,1.9238799217785425,,0
2015-04-28,2015-04-28,0,70e4948f4304e28543a647331d1e6548bc6a8c1006d4bd24ce64fee3e0d00cfa,v11_85ae599b865950104870,False,False,False,510300,510300,510300,False,False,False,2.482880936642016,2.450709856585213,2.450709856585213,0.0,3,3,-1,1.9238799217785425,,0
2015-04-29,2015-04-29,0,70e4948f4304e28543a647331d1e6548bc6a8c1006d4bd24ce64fee3e0d00cfa,v11_85ae599b865950104870,False,False,False,510300,510300,510300,False,False,False,2.450709856585213,2.46420095467355,2.46420095467355,0.0,4,4,-1,1.9238799217785425,,0
2015-04-30,2015-04-30,0,70e4948f4304e28543a647331d1e6548bc6a8c1006d4bd24ce64fee3e0d00cfa,v11_85ae599b865950104870,False,False,False,510300,510300,510300,False,False,False,2.46420095467355,2.4590120707934204,2.4590120707934204,0.0,5,5,-1,1.9238799217785425,,0
2015-05-04,2015-05-04,0,70e4948f4304e28543a647331d1e6548bc6a8c1006d4bd24ce64fee3e0d00cfa,v11_85ae599b865950104870,False,False,False,510300,510300,510300,False,False,False,2.4590120707934204,2.472503168881757,2.472503168881757,0.0,6,6,-1,1.9238799217785425,,0
2015-05-05,2015-05-05,0,70e4948f4304e28543a647331d1e6548bc6a8c1006d4bd24ce64fee3e0d00cfa,v11_85ae599b865950104870,False,False,False,510300,159915,159915,True,False,True,2.472503168881757,2.3785843706514114,2.3781086537772813,0.0004757168741302823,7,0,-1,3.350062735257213,,0
2015-05-06,2015-05-06,0,70e4948f4304e28543a647331d1e6548bc6a8c1006d4bd24ce64fee3e0d00cfa,v11_85ae599b865950104870,False,False,False,159915,159915,159915,False,False,False,2.3781086537772813,2.4386747168697367,2.4386747168697367,0.0,1,1,-1,3.435382685069008,,0
2015-05-07,2015-05-07,0,70e4948f4304e28543a647331d1e6548bc6a8c1006d4bd24ce64fee3e0d00cfa,v11_85ae599b865950104870,False,False,False,159915,159915,159915,False,False,False,2.4386747168697367,2.392359492151977,2.392359492151977,0.0,2,2,-1,3.435382685069008,,0
2015-05-08,2015-05-08,0,70e4948f4304e28543a647331d1e6548bc6a8c1006d4bd24ce64fee3e0d00cfa,v11_85ae599b865950104870,False,False,False,159915,159915,159915,False,False,False,2.392359492151977,2.577620391023016,2.577620391023016,0.0,3,3,-1,3.631116687578418,,0
2015-05-11,2015-05-11,0,70e4948f4304e28543a647331d1e6548bc6a8c1006d4bd24ce64fee3e0d00cfa,v11_85ae599b865950104870,False,False,False,159915,159915,159915,False,False,False,2.577620391023016,2.7165660651762953,2.7165660651762953,0.0,4,4,-1,3.8268506900878276,,0
2015-05-12,2015-05-12,0,70e4948f4304e28543a647331d1e6548bc6a8c1006d4bd24ce64fee3e0d00cfa,v11_85ae599b865950104870,False,False,False,159915,159915,159915,False,False,False,2.7165660651762953,2.786929579651354,2.786929579651354,0.0,5,5,-1,3.925972396486824,,0
2015-05-13,2015-05-13,0,70e4948f4304e28543a647331d1e6548bc6a8c1006d4bd24ce64fee3e0d00cfa,v11_85ae599b865950104870,False,False,False,159915,159915,159915,False,False,False,2.786929579651354,2.7040965815984372,2.7040965815984372,0.0,6,6,-1,3.925972396486824,,0
2015-05-14,2015-05-14,0,70e4948f4304e28543a647331d1e6548bc6a8c1006d4bd24ce64fee3e0d00cfa,v11_85ae599b865950104870,False,False,False,159915,159915,159915,False,False,False,2.7040965815984372,2.6791576144427203,2.6791576144427203,0.0,7,7,-1,3.925972396486824,,0
2015-05-15,2015-05-15,0,70e4948f4304e28543a647331d1e6548bc6a8c1006d4bd24ce64fee3e0d00cfa,v11_85ae599b865950104870,False,False,False,159915,159915,159915,False,False,False,2.6791576144427203,2.686283033630068,2.686283033630068,0.0,8,8,-1,3.925972396486824,,0
2015-05-18,2015-05-18,0,70e4948f4304e28543a647331d1e6548bc6a8c1006d4bd24ce64fee3e0d00cfa,v11_85ae599b865950104870,False,False,False,159915,159915,159915,False,False,False,2.686283033630068,2.8118685468070703,2.8118685468070703,0.0,9,9,-1,3.961104140526974,,0
2015-05-19,2015-05-19,0,70e4948f4304e28543a647331d1e6548bc6a8c1006d4bd24ce64fee3e0d00cfa,v11_85ae599b865950104870,False,False,False,159915,159915,159915,False,False,False,2.8118685468070703,2.836807513962787,2.836807513962787,0.0,10,10,-1,3.996235884567124,,0
2015-05-20,2015-05-20,0,70e4948f4304e28543a647331d1e6548bc6a8c1006d4bd24ce64fee3e0d00cfa,v11_85ae599b865950104870,False,False,False,159915,159915,159915,False,False,False,2.836807513962787,2.907171028437845,2.907171028437845,0.0,11,11,-1,4.09535759096612,,0
2015-05-21,2015-05-21,0,70e4948f4304e28543a647331d1e6548bc6a8c1006d4bd24ce64fee3e0d00cfa,v11_85ae599b865950104870,False,False,False,159915,159915,159915,False,False,False,2.907171028437845,3.03720992860694,3.03720992860694,0.0,12,12,-1,4.278544542032621,,0
2015-05-22,2015-05-22,0,70e4948f4304e28543a647331d1e6548bc6a8c1006d4bd24ce64fee3e0d00cfa,v11_85ae599b865950104870,False,False,False,159915,159915,159915,False,False,False,3.03720992860694,3.0122709614512235,3.0122709614512235,0.0,13,13,-1,4.278544542032621,,0
2015-05-25,2015-05-25,0,70e4948f4304e28543a647331d1e6548bc6a8c1006d4bd24ce64fee3e0d00cfa,v11_85ae599b865950104870,False,False,False,159915,159915,159915,False,False,False,3.0122709614512235,2.9632837045382083,2.9632837045382083,0.0,14,14,-1,4.278544542032621,,0
2015-05-26,2015-05-26,0,70e4948f4304e28543a647331d1e6548bc6a8c1006d4bd24ce64fee3e0d00cfa,v11_85ae599b865950104870,False,False,False,159915,159915,159915,False,False,False,2.9632837045382083,3.0844158307231186,3.0844158307231186,0.0,15,15,-1,4.345043914680049,,0
2015-05-27,2015-05-27,0,70e4948f4304e28543a647331d1e6548bc6a8c1006d4bd24ce64fee3e0d00cfa,v11_85ae599b865950104870,False,False,False,159915,159915,159915,False,False,False,3.0844158307231186,3.0844158307231186,3.0844158307231186,0.0,16,16,-1,4.345043914680049,,0
2015-05-28,2015-05-28,0,70e4948f4304e28543a647331d1e6548bc6a8c1006d4bd24ce64fee3e0d00cfa,v11_85ae599b865950104870,False,False,False,159915,510500,510500,True,False,True,3.0844158307231186,2.9303286407967257,2.9297425750685666,0.0005860657281593452,17,0,-1,2.8705840581340354,,0
2015-05-29,2015-05-29,0,70e4948f4304e28543a647331d1e6548bc6a8c1006d4bd24ce64fee3e0d00cfa,v11_85ae599b865950104870,False,False,False,510500,510500,510500,False,False,False,2.9297425750685666,2.989617511415986,2.989617511415986,0.0,1,1,-1,2.9292499761649635,,0
2015-06-01,2015-06-01,0,70e4948f4304e28543a647331d1e6548bc6a8c1006d4bd24ce64fee3e0d00cfa,v11_85ae599b865950104870,False,False,False,510500,510500,510500,False,False,False,2.989617511415986,3.178975684495018,3.178975684495018,0.0,2,2,-1,3.1147845543711505,,0
2015-06-02,2015-06-02,0,70e4948f4304e28543a647331d1e6548bc6a8c1006d4bd24ce64fee3e0d00cfa,v11_85ae599b865950104870,False,False,False,510500,510500,510500,False,False,False,3.178975684495018,3.263331506147047,3.263331506147047,0.0,3,3,-1,3.197437030020635,,0
2015-06-03,2015-06-03,0,70e4948f4304e28543a647331d1e6548bc6a8c1006d4bd24ce64fee3e0d00cfa,v11_85ae599b865950104870,False,False,False,510500,510500,510500,False,False,False,3.263331506147047,3.241210224245291,3.241210224245291,0.0,4,4,-1,3.197437030020635,,0
2015-06-04,2015-06-04,0,70e4948f4304e28543a647331d1e6548bc6a8c1006d4bd24ce64fee3e0d00cfa,v11_85ae599b865950104870,False,False,False,510500,510500,510500,False,False,False,3.241210224245291,3.2474041831777822,3.2474041831777822,0.0,5,5,-1,3.197437030020635,,0
2015-06-05,2015-06-05,0,70e4948f4304e28543a647331d1e6548bc6a8c1006d4bd24ce64fee3e0d00cfa,v11_85ae599b865950104870,False,False,False,510500,510500,510500,False,False,False,3.2474041831777822,3.323501392919823,3.323501392919823,0.0,6,6,-1,3.2563919427216663,,0
2015-06-08,2015-06-08,0,70e4948f4304e28543a647331d1e6548bc6a8c1006d4bd24ce64fee3e0d00cfa,v11_85ae599b865950104870,False,False,False,510500,510500,510500,False,False,False,3.323501392919823,3.2568425967891983,3.2568425967891983,0.0,7,7,-1,3.2563919427216663,,0
2015-06-09,2015-06-09,0,70e4948f4304e28543a647331d1e6548bc6a8c1006d4bd24ce64fee3e0d00cfa,v11_85ae599b865950104870,False,False,False,510500,510500,510500,False,False,False,3.2568425967891983,3.2754244735866735,3.2754244735866735,0.0,8,8,-1,3.2563919427216663,,0
2015-06-10,2015-06-10,0,70e4948f4304e28543a647331d1e6548bc6a8c1006d4bd24ce64fee3e0d00cfa,v11_85ae599b865950104870,False,False,False,510500,510500,510500,False,False,False,3.2754244735866735,3.3299903022776713,3.3299903022776713,0.0,9,9,-1,3.2627498254639344,,0
2015-06-11,2015-06-11,0,70e4948f4304e28543a647331d1e6548bc6a8c1006d4bd24ce64fee3e0d00cfa,v11_85ae599b865950104870,False,False,False,510500,510500,510500,False,False,False,3.3299903022776713,3.3919298916025884,3.3919298916025884,0.0,10,10,-1,3.3234387061855846,,0
2015-06-12,2015-06-12,0,70e4948f4304e28543a647331d1e6548bc6a8c1006d4bd24ce64fee3e0d00cfa,v11_85ae599b865950104870,False,False,False,510500,510500,510500,False,False,False,3.3919298916025884,3.4509199766739376,3.4509199766739376,0.0,11,11,-1,3.381237640206203,,0
2015-06-15,2015-06-15,0,70e4948f4304e28543a647331d1e6548bc6a8c1006d4bd24ce64fee3e0d00cfa,v11_85ae599b865950104870,False,False,False,510500,510500,510500,False,False,False,3.4509199766739376,3.372463163529043,3.372463163529043,0.0,12,12,-1,3.381237640206203,,0
2015-06-16,2015-06-16,0,70e4948f4304e28543a647331d1e6548bc6a8c1006d4bd24ce64fee3e0d00cfa,v11_85ae599b865950104870,False,False,False,510500,510500,510500,False,False,False,3.372463163529043,3.2400304225438634,3.2400304225438634,0.0,13,13,-1,3.381237640206203,,0
2015-06-17,2015-06-17,0,70e4948f4304e28543a647331d1e6548bc6a8c1006d4bd24ce64fee3e0d00cfa,v11_85ae599b865950104870,False,False,False,510500,510500,510500,False,False,False,3.2400304225438634,3.312293276756267,3.312293276756267,0.0,14,14,-1,3.381237640206203,,0
2015-06-18,2015-06-18,0,70e4948f4304e28543a647331d1e6548bc6a8c1006d4bd24ce64fee3e0d00cfa,v11_85ae599b865950104870,False,False,False,510500,510500,510500,False,False,False,3.312293276756267,3.1984424125685624,3.1984424125685624,0.0,15,15,-1,3.381237640206203,,0
2015-06-19,2015-06-19,0,70e4948f4304e28543a647331d1e6548bc6a8c1006d4bd24ce64fee3e0d00cfa,v11_85ae599b865950104870,False,False,False,510500,513100,513100,True,False,True,3.1984424125685624,2.9910922635427695,2.990494045090061,0.0005982184527085539,16,0,-1,1.4663991975927828,,0
2015-06-23,2015-06-23,0,70e4948f4304e28543a647331d1e6548bc6a8c1006d4bd24ce64fee3e0d00cfa,v11_85ae599b865950104870,False,False,False,513100,513100,513100,False,False,False,2.990494045090061,3.037540121038811,3.037540121038811,0.0,1,1,-1,1.4894684052156517,,0
2015-06-24,2015-06-24,0,70e4948f4304e28543a647331d1e6548bc6a8c1006d4bd24ce64fee3e0d00cfa,v11_85ae599b865950104870,False,False,False,513100,513100,513100,False,False,False,3.037540121038811,3.0293581947868544,3.0293581947868544,0.0,2,2,-1,1.4894684052156517,,0
2015-06-25,2015-06-25,0,70e4948f4304e28543a647331d1e6548bc6a8c1006d4bd24ce64fee3e0d00cfa,v11_85ae599b865950104870,False,False,False,513100,513100,513100,False,False,False,3.0293581947868544,3.0089033791569637,3.0089033791569637,0.0,3,3,-1,1.4894684052156517,,0
2015-06-26,2015-06-26,0,70e4948f4304e28543a647331d1e6548bc6a8c1006d4bd24ce64fee3e0d00cfa,v11_85ae599b865950104870,False,False,False,513100,513100,513100,False,False,False,3.0089033791569637,3.0068578975939744,3.0068578975939744,0.0,4,4,-1,1.4894684052156517,,0
2015-06-29,2015-06-29,0,70e4948f4304e28543a647331d1e6548bc6a8c1006d4bd24ce64fee3e0d00cfa,v11_85ae599b865950104870,False,False,False,513100,513100,513100,False,False,False,3.0068578975939744,2.978221155712127,2.978221155712127,0.0,5,5,-1,1.4894684052156517,,0
2015-06-30,2015-06-30,0,70e4948f4304e28543a647331d1e6548bc6a8c1006d4bd24ce64fee3e0d00cfa,v11_85ae599b865950104870,False,False,False,513100,513100,513100,False,False,False,2.978221155712127,2.945493450704302,2.945493450704302,0.0,6,6,-1,1.4894684052156517,,0
2015-07-01,2015-07-01,0,70e4948f4304e28543a647331d1e6548bc6a8c1006d4bd24ce64fee3e0d00cfa,v11_85ae599b865950104870,False,False,False,513100,513100,513100,False,False,False,2.945493450704302,2.945493450704302,2.945493450704302,0.0,7,7,-1,1.4894684052156517,,0
2015-07-02,2015-07-02,0,70e4948f4304e28543a647331d1e6548bc6a8c1006d4bd24ce64fee3e0d00cfa,v11_85ae599b865950104870,False,False,False,513100,513100,513100,False,False,False,2.945493450704302,2.959811821645226,2.959811821645226,0.0,8,8,-1,1.4894684052156517,,0
2015-07-03,2015-07-03,0,70e4948f4304e28543a647331d1e6548bc6a8c1006d4bd24ce64fee3e0d00cfa,v11_85ae599b865950104870,False,False,False,513100,513100,513100,False,False,False,2.959811821645226,2.9516298953932694,2.9516298953932694,0.0,9,9,-1,1.4894684052156517,,0
2015-07-06,2015-07-06,0,70e4948f4304e28543a647331d1e6548bc6a8c1006d4bd24ce64fee3e0d00cfa,v11_85ae599b865950104870,False,False,False,513100,518880,518880,True,False,True,2.9516298953932694,2.8923109300665852,2.891732467880572,0.0005784621860133171,10,0,-1,0.8872810357958891,,0
2015-07-07,2015-07-07,0,70e4948f4304e28543a647331d1e6548bc6a8c1006d4bd24ce64fee3e0d00cfa,v11_85ae599b865950104870,False,False,False,518880,513100,513100,False,False,True,2.891732467880572,2.8706339906471086,2.8700598638489794,0.0005741267981294217,1,0,-1,1.4232698094282892,,0
2015-07-08,2015-07-08,0,70e4948f4304e28543a647331d1e6548bc6a8c1006d4bd24ce64fee3e0d00cfa,v11_85ae599b865950104870,False,False,False,513100,518880,518880,True,False,True,2.8700598638489794,2.7911787259419247,2.790620490196736,0.000558235745188385,1,0,-1,0.8514851485148534,,0
2015-07-09,2015-07-09,0,70e4948f4304e28543a647331d1e6548bc6a8c1006d4bd24ce64fee3e0d00cfa,v11_85ae599b865950104870,False,False,False,518880,513100,513100,False,False,True,2.790620490196736,2.8892157579630786,2.8886379148114862,0.0005778431515926157,1,0,-1,1.3861584754262828,,0
2015-07-10,2015-07-10,0,70e4948f4304e28543a647331d1e6548bc6a8c1006d4bd24ce64fee3e0d00cfa,v11_85ae599b865950104870,False,False,False,513100,518880,518880,False,False,True,2.8886379148114862,2.89699866130877,2.8964192615765083,0.000579399732261754,1,0,-1,0.8762376237623781,,0
2015-07-13,2015-07-13,0,70e4948f4304e28543a647331d1e6548bc6a8c1006d4bd24ce64fee3e0d00cfa,v11_85ae599b865950104870,False,False,False,518880,518880,518880,False,False,False,2.8964192615765083,2.9077481504744607,2.9077481504744607,0.0,1,1,-1,0.8796648895658816,,0
2015-07-14,2015-07-14,0,70e4948f4304e28543a647331d1e6548bc6a8c1006d4bd24ce64fee3e0d00cfa,v11_85ae599b865950104870,False,False,False,518880,518880,518880,False,False,False,2.9077481504744607,2.906489385041355,2.906489385041355,0.0,2,2,-1,0.8796648895658816,,0
2015-07-15,2015-07-15,0,70e4948f4304e28543a647331d1e6548bc6a8c1006d4bd24ce64fee3e0d00cfa,v11_85ae599b865950104870,False,False,False,518880,513100,513100,False,False,True,2.906489385041355,2.903971854175143,2.903391059804308,0.0005807943708350286,3,0,-1,1.4663991975927828,,0
2015-07-16,2015-07-16,0,70e4948f4304e28543a647331d1e6548bc6a8c1006d4bd24ce64fee3e0d00cfa,v11_85ae599b865950104870,False,False,False,513100,518880,518880,False,False,True,2.903391059804308,2.857715277057729,2.8571437340023174,0.0005715430554115458,1,0,-1,0.8754760091393775,,0
2015-07-17,2015-07-17,0,70e4948f4304e28543a647331d1e6548bc6a8c1006d4bd24ce64fee3e0d00cfa,v11_85ae599b865950104870,False,False,False,518880,513100,513100,False,False,True,2.8571437340023174,2.8571437340023174,2.8565723052555168,0.0005714287468004635,1,0,-1,1.4794383149448391,,0
2015-07-20,2015-07-20,0,70e4948f4304e28543a647331d1e6548bc6a8c1006d4bd24ce64fee3e0d00cfa,v11_85ae599b865950104870,False,False,False,513100,513100,513100,False,False,False,2.8565723052555168,2.9204820585256397,2.9204820585256397,0.0,1,1,-1,1.5125376128385202,,0
2015-07-21,2015-07-21,0,70e4948f4304e28543a647331d1e6548bc6a8c1006d4bd24ce64fee3e0d00cfa,v11_85ae599b865950104870,False,False,False,513100,513100,513100,False,False,False,2.9204820585256397,2.9534052647557028,2.9534052647557028,0.0,2,2,-1,1.5295887662989012,,0
2015-07-22,2015-07-22,0,70e4948f4304e28543a647331d1e6548bc6a8c1006d4bd24ce64fee3e0d00cfa,v11_85ae599b865950104870,False,False,False,513100,513100,513100,False,False,False,2.9534052647557028,2.9185453993356356,2.9185453993356356,0.0,3,3,-1,1.5295887662989012,,0
2015-07-23,2015-07-23,0,70e4948f4304e28543a647331d1e6548bc6a8c1006d4bd24ce64fee3e0d00cfa,v11_85ae599b865950104870,False,False,False,513100,513100,513100,False,False,False,2.9185453993356356,2.9243553769056474,2.9243553769056474,0.0,4,4,-1,1.5295887662989012,,0
2015-07-24,2015-07-24,0,70e4948f4304e28543a647331d1e6548bc6a8c1006d4bd24ce64fee3e0d00cfa,v11_85ae599b865950104870,False,False,False,513100,513100,513100,False,False,False,2.9243553769056474,2.9011154666256025,2.9011154666256025,0.0,5,5,-1,1.5295887662989012,,0
2015-07-27,2015-07-27,0,70e4948f4304e28543a647331d1e6548bc6a8c1006d4bd24ce64fee3e0d00cfa,v11_85ae599b865950104870,False,False,False,513100,513100,513100,False,False,False,2.9011154666256025,2.8623822828255276,2.8623822828255276,0.0,6,6,-1,1.5295887662989012,,0
2015-07-28,2015-07-28,0,70e4948f4304e28543a647331d1e6548bc6a8c1006d4bd24ce64fee3e0d00cfa,v11_85ae599b865950104870,False,False,False,513100,513100,513100,False,False,False,2.8623822828255276,2.8507623276855054,2.8507623276855054,0.0,7,7,-1,1.5295887662989012,,0
2015-07-29,2015-07-29,0,70e4948f4304e28543a647331d1e6548bc6a8c1006d4bd24ce64fee3e0d00cfa,v11_85ae599b865950104870,False,False,False,513100,513100,513100,False,False,False,2.8507623276855054,2.9030521258156066,2.9030521258156066,0.0,8,8,-1,1.5295887662989012,,0
2015-07-30,2015-07-30,0,70e4948f4304e28543a647331d1e6548bc6a8c1006d4bd24ce64fee3e0d00cfa,v11_85ae599b865950104870,False,False,False,513100,513100,513100,False,False,False,2.9030521258156066,2.943721968805685,2.943721968805685,0.0,9,9,-1,1.5295887662989012,,0
2015-07-31,2015-07-31,0,70e4948f4304e28543a647331d1e6548bc6a8c1006d4bd24ce64fee3e0d00cfa,v11_85ae599b865950104870,False,False,False,513100,513100,513100,False,False,False,2.943721968805685,2.9553419239457077,2.9553419239457077,0.0,10,10,-1,1.5305917753259832,,0
2015-08-03,2015-08-03,0,70e4948f4304e28543a647331d1e6548bc6a8c1006d4bd24ce64fee3e0d00cfa,v11_85ae599b865950104870,False,False,False,513100,513100,513100,False,False,False,2.9553419239457077,2.9592152423257154,2.9592152423257154,0.0,11,11,-1,1.5325977933801458,,0
2015-08-04,2015-08-04,0,70e4948f4304e28543a647331d1e6548bc6a8c1006d4bd24ce64fee3e0d00cfa,v11_85ae599b865950104870,False,False,False,513100,513100,513100,False,False,False,2.9592152423257154,2.926292036095652,2.926292036095652,0.0,12,12,-1,1.5325977933801458,,0
2015-08-05,2015-08-05,0,70e4948f4304e28543a647331d1e6548bc6a8c1006d4bd24ce64fee3e0d00cfa,v11_85ae599b865950104870,False,False,False,513100,513100,513100,False,False,False,2.926292036095652,2.9088621033856183,2.9088621033856183,0.0,13,13,-1,1.5325977933801458,,0
2015-08-06,2015-08-06,0,70e4948f4304e28543a647331d1e6548bc6a8c1006d4bd24ce64fee3e0d00cfa,v11_85ae599b865950104870,False,False,False,513100,513100,513100,False,False,False,2.9088621033856183,2.9437219688056855,2.9437219688056855,0.0,14,14,-1,1.5325977933801458,,0
2015-08-07,2015-08-07,0,70e4948f4304e28543a647331d1e6548bc6a8c1006d4bd24ce64fee3e0d00cfa,v11_85ae599b865950104870,False,False,False,513100,513100,513100,False,False,False,2.9437219688056855,2.8991788074355997,2.8991788074355997,0.0,15,15,-1,1.5325977933801458,,0
2015-08-10,2015-08-10,0,70e4948f4304e28543a647331d1e6548bc6a8c1006d4bd24ce64fee3e0d00cfa,v11_85ae599b865950104870,False,False,False,513100,513100,513100,False,False,False,2.8991788074355997,2.8856221931055734,2.8856221931055734,0.0,16,16,-1,1.5325977933801458,,0
2015-08-11,2015-08-11,0,70e4948f4304e28543a647331d1e6548bc6a8c1006d4bd24ce64fee3e0d00cfa,v11_85ae599b865950104870,False,False,False,513100,513100,513100,False,False,False,2.8856221931055734,3.02893497316585,3.02893497316585,0.0,17,17,-1,1.5687061183550706,,0
2015-08-12,2015-08-12,0,70e4948f4304e28543a647331d1e6548bc6a8c1006d4bd24ce64fee3e0d00cfa,v11_85ae599b865950104870,False,False,False,513100,513100,513100,False,False,False,3.02893497316585,2.961151901515719,2.961151901515719,0.0,18,18,-1,1.5687061183550706,,0
2015-08-13,2015-08-13,0,70e4948f4304e28543a647331d1e6548bc6a8c1006d4bd24ce64fee3e0d00cfa,v11_85ae599b865950104870,False,False,False,513100,513100,513100,False,False,False,2.961151901515719,2.9902017893657753,2.9902017893657753,0.0,19,19,-1,1.5687061183550706,,0
2015-08-14,2015-08-14,0,70e4948f4304e28543a647331d1e6548bc6a8c1006d4bd24ce64fee3e0d00cfa,v11_85ae599b865950104870,False,False,False,513100,510500,510500,False,False,True,2.9902017893657753,3.0056950628858052,3.005093923873228,0.0006011390125771611,20,0,-1,2.5067397684742403,,0
2015-08-17,2015-08-17,0,70e4948f4304e28543a647331d1e6548bc6a8c1006d4bd24ce64fee3e0d00cfa,v11_85ae599b865950104870,False,False,False,510500,510500,510500,False,False,False,3.005093923873228,3.0903202445180074,3.0903202445180074,0.0,1,1,-1,2.5778324573196016,,0
2015-08-18,2015-08-18,0,70e4948f4304e28543a647331d1e6548bc6a8c1006d4bd24ce64fee3e0d00cfa,v11_85ae599b865950104870,False,False,False,510500,518880,518880,True,False,True,3.0903202445180074,2.826672968051841,2.8261076334582307,0.0005653345936103682,2,0,-1,0.8766184310738786,,0
2015-08-19,2015-08-19,0,70e4948f4304e28543a647331d1e6548bc6a8c1006d4bd24ce64fee3e0d00cfa,v11_85ae599b865950104870,False,False,False,518880,518880,518880,False,False,False,2.8261076334582307,2.8359290327056965,2.8359290327056965,0.0,1,1,-1,0.8796648895658817,,0
2015-08-20,2015-08-20,0,70e4948f4304e28543a647331d1e6548bc6a8c1006d4bd24ce64fee3e0d00cfa,v11_85ae599b865950104870,False,False,False,518880,518880,518880,False,False,False,2.8359290327056965,2.880125329319292,2.880125329319292,0.0,2,2,-1,0.8933739527798955,,0
2015-08-21,2015-08-21,0,70e4948f4304e28543a647331d1e6548bc6a8c1006d4bd24ce64fee3e0d00cfa,v11_85ae599b865950104870,False,False,False,518880,518880,518880,False,False,False,2.880125329319292,2.9341430251803526,2.9341430251803526,0.0,3,3,-1,0.9101294744859123,,0
2015-08-24,2015-08-24,0,70e4948f4304e28543a647331d1e6548bc6a8c1006d4bd24ce64fee3e0d00cfa,v11_85ae599b865950104870,False,False,False,518880,518880,518880,False,False,False,2.9341430251803526,2.9230939510269534,2.9230939510269534,0.0,4,4,-1,0.9101294744859123,,0
2015-08-25,2015-08-25,0,70e4948f4304e28543a647331d1e6548bc6a8c1006d4bd24ce64fee3e0d00cfa,v11_85ae599b865950104870,False,False,False,518880,518880,518880,False,False,False,2.9230939510269534,2.907134177249822,2.907134177249822,0.0,5,5,-1,0.9101294744859123,,0
2015-08-26,2015-08-26,0,70e4948f4304e28543a647331d1e6548bc6a8c1006d4bd24ce64fee3e0d00cfa,v11_85ae599b865950104870,False,False,False,518880,518880,518880,False,False,False,2.907134177249822,2.8838083540370913,2.8838083540370913,0.0,6,6,-1,0.9101294744859123,,0
2015-08-27,2015-08-27,0,70e4948f4304e28543a647331d1e6548bc6a8c1006d4bd24ce64fee3e0d00cfa,v11_85ae599b865950104870,False,False,False,518880,518880,518880,False,False,False,2.8838083540370913,2.850661131576895,2.850661131576895,0.0,7,7,-1,0.9101294744859123,,0
2015-08-28,2015-08-28,0,70e4948f4304e28543a647331d1e6548bc6a8c1006d4bd24ce64fee3e0d00cfa,v11_85ae599b865950104870,False,False,False,518880,518880,518880,False,False,False,2.850661131576895,2.86416555554216,2.86416555554216,0.0,8,8,-1,0.9101294744859123,,0
2015-08-31,2015-08-31,0,70e4948f4304e28543a647331d1e6548bc6a8c1006d4bd24ce64fee3e0d00cfa,v11_85ae599b865950104870,False,False,False,518880,518880,518880,False,False,False,2.86416555554216,2.871531604977759,2.871531604977759,0.0,9,9,-1,0.9101294744859123,,0
2015-09-01,2015-09-01,0,70e4948f4304e28543a647331d1e6548bc6a8c1006d4bd24ce64fee3e0d00cfa,v11_85ae599b865950104870,False,False,False,518880,518880,518880,False,False,False,2.871531604977759,2.8899467285667573,2.8899467285667573,0.0,10,10,-1,0.9101294744859123,,0
2015-09-02,2015-09-02,0,70e4948f4304e28543a647331d1e6548bc6a8c1006d4bd24ce64fee3e0d00cfa,v11_85ae599b865950104870,False,False,False,518880,518880,518880,False,False,False,2.8899467285667573,2.8862637038489574,2.8862637038489574,0.0,11,11,-1,0.9101294744859123,,0
2015-09-07,2015-09-07,0,70e4948f4304e28543a647331d1e6548bc6a8c1006d4bd24ce64fee3e0d00cfa,v11_85ae599b865950104870,False,False,False,518880,518880,518880,False,False,False,2.8862637038489574,2.839612057423496,2.839612057423496,0.0,12,12,-1,0.9101294744859123,,0
2015-09-08,2015-09-08,0,70e4948f4304e28543a647331d1e6548bc6a8c1006d4bd24ce64fee3e0d00cfa,v11_85ae599b865950104870,False,False,False,518880,518880,518880,False,False,False,2.839612057423496,2.8273353083641637,2.8273353083641637,0.0,13,13,-1,0.9101294744859123,,0
2015-09-09,2015-09-09,0,70e4948f4304e28543a647331d1e6548bc6a8c1006d4bd24ce64fee3e0d00cfa,v11_85ae599b865950104870,False,False,False,518880,518880,518880,False,False,False,2.8273353083641637,2.839612057423496,2.839612057423496,0.0,14,14,-1,0.9101294744859123,,0
2015-09-10,2015-09-10,0,70e4948f4304e28543a647331d1e6548bc6a8c1006d4bd24ce64fee3e0d00cfa,v11_85ae599b865950104870,False,False,False,518880,518880,518880,False,False,False,2.839612057423496,2.8064648349632995,2.8064648349632995,0.0,15,15,-1,0.9101294744859123,,0
2015-09-11,2015-09-11,0,70e4948f4304e28543a647331d1e6548bc6a8c1006d4bd24ce64fee3e0d00cfa,v11_85ae599b865950104870,False,False,False,518880,518880,518880,False,False,False,2.8064648349632995,2.8076925098692325,2.8076925098692325,0.0,16,16,-1,0.9101294744859123,,0
2015-09-14,2015-09-14,0,70e4948f4304e28543a647331d1e6548bc6a8c1006d4bd24ce64fee3e0d00cfa,v11_85ae599b865950104870,False,False,False,518880,513100,513100,False,False,True,2.8076925098692325,2.8015541353395665,2.800993824512499,0.0005603108270679133,17,0,-1,1.4684052156469451,,0
2015-09-15,2015-09-15,0,70e4948f4304e28543a647331d1e6548bc6a8c1006d4bd24ce64fee3e0d00cfa,v11_85ae599b865950104870,False,False,False,513100,159915,159915,False,True,True,2.800993824512499,2.7531626458152227,2.75261201328606,0.0005506325291630446,1,0,809,2.048933500627351,,0
2015-09-16,2015-09-16,0,70e4948f4304e28543a647331d1e6548bc6a8c1006d4bd24ce64fee3e0d00cfa,v11_85ae599b865950104870,False,False,False,159915,159915,159915,False,False,False,2.75261201328606,3.027367529615287,3.027367529615287,0.0,1,1,809,2.253450439146799,,0
2015-09-17,2015-09-17,0,70e4948f4304e28543a647331d1e6548bc6a8c1006d4bd24ce64fee3e0d00cfa,v11_85ae599b865950104870,False,False,False,159915,159915,159915,False,False,False,3.027367529615287,2.971742179683603,2.971742179683603,0.0,2,2,809,2.253450439146799,,0
2015-09-18,2015-09-18,0,70e4948f4304e28543a647331d1e6548bc6a8c1006d4bd24ce64fee3e0d00cfa,v11_85ae599b865950104870,False,False,False,159915,159915,159915,False,False,False,2.971742179683603,3.076250412888585,3.076250412888585,0.0,3,3,809,2.2898368883312403,,0
2015-09-21,2015-09-21,0,70e4948f4304e28543a647331d1e6548bc6a8c1006d4bd24ce64fee3e0d00cfa,v11_85ae599b865950104870,False,False,False,159915,159915,159915,False,False,False,3.076250412888585,3.3122367459320934,3.3122367459320934,0.0,4,4,809,2.4654956085319935,,0
2015-09-22,2015-09-22,0,70e4948f4304e28543a647331d1e6548bc6a8c1006d4bd24ce64fee3e0d00cfa,v11_85ae599b865950104870,False,False,False,159915,513100,513100,False,False,True,3.3122367459320934,3.2684107126525843,3.267757030510054,0.0006536821425305168,5,0,809,1.47241725175527,,0
2015-09-23,2015-09-23,0,70e4948f4304e28543a647331d1e6548bc6a8c1006d4bd24ce64fee3e0d00cfa,v11_85ae599b865950104870,False,False,False,513100,513100,513100,False,False,False,3.267757030510054,3.218785194902955,3.218785194902955,0.0,1,1,809,1.47241725175527,,0
2015-09-24,2015-09-24,0,70e4948f4304e28543a647331d1e6548bc6a8c1006d4bd24ce64fee3e0d00cfa,v11_85ae599b865950104870,False,False,False,513100,513100,513100,False,False,False,3.218785194902955,3.218785194902955,3.218785194902955,0.0,2,2,809,1.47241725175527,,0
2015-09-25,2015-09-25,0,70e4948f4304e28543a647331d1e6548bc6a8c1006d4bd24ce64fee3e0d00cfa,v11_85ae599b865950104870,False,False,False,513100,513100,513100,False,False,False,3.218785194902955,3.2276891650133366,3.2276891650133366,0.0,3,3,809,1.47241725175527,,0
2015-09-28,2015-09-28,0,70e4948f4304e28543a647331d1e6548bc6a8c1006d4bd24ce64fee3e0d00cfa,v11_85ae599b865950104870,False,False,False,513100,518880,518880,False,False,True,3.2276891650133366,3.19207328457181,3.1914348699148953,0.000638414656914362,4,0,809,0.8929931454683949,,0
2015-09-29,2015-09-29,0,70e4948f4304e28543a647331d1e6548bc6a8c1006d4bd24ce64fee3e0d00cfa,v11_85ae599b865950104870,False,False,False,518880,518880,518880,False,False,False,3.1914348699148953,3.1492453257923527,3.1492453257923527,0.0,1,1,809,0.8929931454683949,,0
2015-09-30,2015-09-30,0,70e4948f4304e28543a647331d1e6548bc6a8c1006d4bd24ce64fee3e0d00cfa,v11_85ae599b865950104870,False,False,False,518880,518880,518880,False,False,False,3.1492453257923527,3.1492453257923527,3.1492453257923527,0.0,2,2,809,0.8929931454683949,,0
2015-10-08,2015-10-08,0,70e4948f4304e28543a647331d1e6548bc6a8c1006d4bd24ce64fee3e0d00cfa,v11_85ae599b865950104870,False,False,False,518880,518880,518880,False,False,False,3.1492453257923527,3.1927958229511058,3.1927958229511058,0.0,3,3,809,0.8933739527798952,,0
2015-10-09,2015-10-09,0,70e4948f4304e28543a647331d1e6548bc6a8c1006d4bd24ce64fee3e0d00cfa,v11_85ae599b865950104870,False,False,False,518880,518880,518880,False,False,False,3.1927958229511058,3.1982396350959497,3.1982396350959497,0.0,4,4,809,0.8948971820258966,,0
2015-10-12,2015-10-12,0,70e4948f4304e28543a647331d1e6548bc6a8c1006d4bd24ce64fee3e0d00cfa,v11_85ae599b865950104870,False,False,False,518880,518880,518880,False,False,False,3.1982396350959497,3.2322634610012257,3.2322634610012257,0.0,5,5,809,0.9044173648134063,,0
2015-10-13,2015-10-13,0,70e4948f4304e28543a647331d1e6548bc6a8c1006d4bd24ce64fee3e0d00cfa,v11_85ae599b865950104870,False,False,False,518880,518880,518880,False,False,False,3.2322634610012257,3.213210118494272,3.213210118494272,0.0,6,6,809,0.9044173648134063,,0
2015-10-14,2015-10-14,0,70e4948f4304e28543a647331d1e6548bc6a8c1006d4bd24ce64fee3e0d00cfa,v11_85ae599b865950104870,False,False,False,518880,518880,518880,False,False,False,3.213210118494272,3.262204427797869,3.262204427797869,0.0,7,7,809,0.9127951256664146,,0
2015-10-15,2015-10-15,0,70e4948f4304e28543a647331d1e6548bc6a8c1006d4bd24ce64fee3e0d00cfa,v11_85ae599b865950104870,False,False,False,518880,518880,518880,False,False,False,3.262204427797869,3.2758139581599797,3.2758139581599797,0.0,8,8,809,0.9166031987814185,,0
2015-10-16,2015-10-16,0,70e4948f4304e28543a647331d1e6548bc6a8c1006d4bd24ce64fee3e0d00cfa,v11_85ae599b865950104870,False,False,False,518880,518880,518880,False,False,False,3.2758139581599797,3.2690091929789244,3.2690091929789244,0.0,9,9,809,0.9166031987814185,,0
2015-10-19,2015-10-19,0,70e4948f4304e28543a647331d1e6548bc6a8c1006d4bd24ce64fee3e0d00cfa,v11_85ae599b865950104870,False,False,False,518880,518880,518880,False,False,False,3.2690091929789244,3.26356538083408,3.26356538083408,0.0,10,10,809,0.9166031987814185,,0
2015-10-20,2015-10-20,0,70e4948f4304e28543a647331d1e6548bc6a8c1006d4bd24ce64fee3e0d00cfa,v11_85ae599b865950104870,False,False,False,518880,518880,518880,False,False,False,3.26356538083408,3.2567606156530244,3.2567606156530244,0.0,11,11,809,0.9166031987814185,,0
2015-10-21,2015-10-21,0,70e4948f4304e28543a647331d1e6548bc6a8c1006d4bd24ce64fee3e0d00cfa,v11_85ae599b865950104870,False,False,False,518880,518880,518880,False,False,False,3.2567606156530244,3.2649263338702914,3.2649263338702914,0.0,12,12,809,0.9166031987814185,,0
2015-10-22,2015-10-22,0,70e4948f4304e28543a647331d1e6548bc6a8c1006d4bd24ce64fee3e0d00cfa,v11_85ae599b865950104870,False,False,False,518880,518880,518880,False,False,False,3.2649263338702914,3.2513168035081805,3.2513168035081805,0.0,13,13,809,0.9166031987814185,,0
2015-10-23,2015-10-23,0,70e4948f4304e28543a647331d1e6548bc6a8c1006d4bd24ce64fee3e0d00cfa,v11_85ae599b865950104870,False,False,False,518880,518880,518880,False,False,False,3.2513168035081805,3.2703701460151358,3.2703701460151358,0.0,14,14,809,0.9166031987814185,,0
2015-10-26,2015-10-26,0,70e4948f4304e28543a647331d1e6548bc6a8c1006d4bd24ce64fee3e0d00cfa,v11_85ae599b865950104870,False,False,False,518880,513100,513100,False,False,True,3.2703701460151358,3.248594897435759,3.2479451784562716,0.0006497189794871518,15,0,809,1.5536609829488501,,0
2015-10-27,2015-10-27,0,70e4948f4304e28543a647331d1e6548bc6a8c1006d4bd24ce64fee3e0d00cfa,v11_85ae599b865950104870,False,False,False,513100,513100,513100,False,False,False,3.2479451784562716,3.2332675695155397,3.2332675695155397,0.0,1,1,809,1.5536609829488501,,0
2015-10-28,2015-10-28,0,70e4948f4304e28543a647331d1e6548bc6a8c1006d4bd24ce64fee3e0d00cfa,v11_85ae599b865950104870,False,False,False,513100,513100,513100,False,False,False,3.2332675695155397,3.2563323835652613,3.2563323835652613,0.0,2,2,809,1.5576730190571753,,0
2015-10-29,2015-10-29,0,70e4948f4304e28543a647331d1e6548bc6a8c1006d4bd24ce64fee3e0d00cfa,v11_85ae599b865950104870,False,False,False,513100,513100,513100,False,False,False,3.2563323835652613,3.2710099925059937,3.2710099925059937,0.0,3,3,809,1.5646940822467441,,0
2015-10-30,2015-10-30,0,70e4948f4304e28543a647331d1e6548bc6a8c1006d4bd24ce64fee3e0d00cfa,v11_85ae599b865950104870,False,False,False,513100,513100,513100,False,False,False,3.2710099925059937,3.2898812040012206,3.2898812040012206,0.0,4,4,809,1.5737211634904753,,0
2015-11-02,2015-11-02,0,70e4948f4304e28543a647331d1e6548bc6a8c1006d4bd24ce64fee3e0d00cfa,v11_85ae599b865950104870,False,False,False,513100,513100,513100,False,False,False,3.2898812040012206,3.2542355822880147,3.2542355822880147,0.0,5,5,809,1.5737211634904753,,0
2015-11-03,2015-11-03,0,70e4948f4304e28543a647331d1e6548bc6a8c1006d4bd24ce64fee3e0d00cfa,v11_85ae599b865950104870,False,False,False,513100,513100,513100,False,False,False,3.2542355822880147,3.3024620116647054,3.3024620116647054,0.0,6,6,809,1.579739217652963,,0
2015-11-04,2015-11-04,0,70e4948f4304e28543a647331d1e6548bc6a8c1006d4bd24ce64fee3e0d00cfa,v11_85ae599b865950104870,False,False,False,513100,513100,513100,False,False,False,3.3024620116647054,3.3129460180509427,3.3129460180509427,0.0,7,7,809,1.5847542627883693,,0
2015-11-05,2015-11-05,0,70e4948f4304e28543a647331d1e6548bc6a8c1006d4bd24ce64fee3e0d00cfa,v11_85ae599b865950104870,False,False,False,513100,513100,513100,False,False,False,3.3129460180509427,3.3108492167736947,3.3108492167736947,0.0,8,8,809,1.5847542627883693,,0
2015-11-06,2015-11-06,0,70e4948f4304e28543a647331d1e6548bc6a8c1006d4bd24ce64fee3e0d00cfa,v11_85ae599b865950104870,False,False,False,513100,513100,513100,False,False,False,3.3108492167736947,3.300365210387458,3.300365210387458,0.0,9,9,809,1.5847542627883693,,0
2015-11-09,2015-11-09,0,70e4948f4304e28543a647331d1e6548bc6a8c1006d4bd24ce64fee3e0d00cfa,v11_85ae599b865950104870,False,False,False,513100,513100,513100,False,False,False,3.300365210387458,3.3192364218826844,3.3192364218826844,0.0,10,10,809,1.5877632898696128,,0
2015-11-10,2015-11-10,0,70e4948f4304e28543a647331d1e6548bc6a8c1006d4bd24ce64fee3e0d00cfa,v11_85ae599b865950104870,False,False,False,513100,513100,513100,False,False,False,3.3192364218826844,3.277300396337736,3.277300396337736,0.0,11,11,809,1.5877632898696128,,0
2015-11-11,2015-11-11,0,70e4948f4304e28543a647331d1e6548bc6a8c1006d4bd24ce64fee3e0d00cfa,v11_85ae599b865950104870,False,False,False,513100,513100,513100,False,False,False,3.277300396337736,3.2668163899514986,3.2668163899514986,0.0,12,12,809,1.5877632898696128,,0
2015-11-12,2015-11-12,0,70e4948f4304e28543a647331d1e6548bc6a8c1006d4bd24ce64fee3e0d00cfa,v11_85ae599b865950104870,False,False,False,513100,513100,513100,False,False,False,3.2668163899514986,3.2689131912287457,3.2689131912287457,0.0,13,13,809,1.5877632898696128,,0
2015-11-13,2015-11-13,0,70e4948f4304e28543a647331d1e6548bc6a8c1006d4bd24ce64fee3e0d00cfa,v11_85ae599b865950104870,False,False,False,513100,513100,513100,False,False,False,3.2689131912287457,3.235364370792787,3.235364370792787,0.0,14,14,809,1.5877632898696128,,0
2015-11-16,2015-11-16,0,70e4948f4304e28543a647331d1e6548bc6a8c1006d4bd24ce64fee3e0d00cfa,v11_85ae599b865950104870,False,False,False,513100,513100,513100,False,False,False,3.235364370792787,3.1787507363071064,3.1787507363071064,0.0,15,15,809,1.5877632898696128,,0
2015-11-17,2015-11-17,0,70e4948f4304e28543a647331d1e6548bc6a8c1006d4bd24ce64fee3e0d00cfa,v11_85ae599b865950104870,False,False,False,513100,513100,513100,False,False,False,3.1787507363071064,3.254235582288014,3.254235582288014,0.0,16,16,809,1.5877632898696128,,0
2015-11-18,2015-11-18,0,70e4948f4304e28543a647331d1e6548bc6a8c1006d4bd24ce64fee3e0d00cfa,v11_85ae599b865950104870,False,False,False,513100,513100,513100,False,False,False,3.254235582288014,3.245848377179024,3.245848377179024,0.0,17,17,809,1.5877632898696128,,0
2015-11-19,2015-11-19,0,70e4948f4304e28543a647331d1e6548bc6a8c1006d4bd24ce64fee3e0d00cfa,v11_85ae599b865950104870,False,False,False,513100,513100,513100,False,False,False,3.245848377179024,3.319236421882684,3.319236421882684,0.0,18,18,809,1.5877632898696128,,0
2015-11-20,2015-11-20,0,70e4948f4304e28543a647331d1e6548bc6a8c1006d4bd24ce64fee3e0d00cfa,v11_85ae599b865950104870,False,False,False,513100,513100,513100,False,False,False,3.319236421882684,3.3150428193281893,3.3150428193281893,0.0,19,19,809,1.5877632898696128,,0
2015-11-23,2015-11-23,0,70e4948f4304e28543a647331d1e6548bc6a8c1006d4bd24ce64fee3e0d00cfa,v11_85ae599b865950104870,False,False,False,513100,513100,513100,False,False,False,3.3150428193281893,3.327623626991674,3.327623626991674,0.0,20,20,809,1.5917753259779377,,0
2015-11-24,2015-11-24,0,70e4948f4304e28543a647331d1e6548bc6a8c1006d4bd24ce64fee3e0d00cfa,v11_85ae599b865950104870,False,False,False,513100,513100,513100,False,False,False,3.327623626991674,3.3255268257144266,3.3255268257144266,0.0,21,21,809,1.5917753259779377,,0
2015-11-25,2015-11-25,0,70e4948f4304e28543a647331d1e6548bc6a8c1006d4bd24ce64fee3e0d00cfa,v11_85ae599b865950104870,False,False,False,513100,513100,513100,False,False,False,3.3255268257144266,3.312946018050942,3.312946018050942,0.0,22,22,809,1.5917753259779377,,0
2015-11-26,2015-11-26,0,70e4948f4304e28543a647331d1e6548bc6a8c1006d4bd24ce64fee3e0d00cfa,v11_85ae599b865950104870,False,False,False,513100,513100,513100,False,False,False,3.312946018050942,3.3150428193281893,3.3150428193281893,0.0,23,23,809,1.5917753259779377,,0
2015-11-27,2015-11-27,0,70e4948f4304e28543a647331d1e6548bc6a8c1006d4bd24ce64fee3e0d00cfa,v11_85ae599b865950104870,False,False,False,513100,513100,513100,False,False,False,3.3150428193281893,3.321333223159932,3.321333223159932,0.0,24,24,809,1.5917753259779377,,0
2015-11-30,2015-11-30,0,70e4948f4304e28543a647331d1e6548bc6a8c1006d4bd24ce64fee3e0d00cfa,v11_85ae599b865950104870,False,False,False,513100,513100,513100,False,False,False,3.321333223159932,3.319236421882685,3.319236421882685,0.0,25,25,809,1.5917753259779377,,0
2015-12-01,2015-12-01,0,70e4948f4304e28543a647331d1e6548bc6a8c1006d4bd24ce64fee3e0d00cfa,v11_85ae599b865950104870,False,False,False,513100,513100,513100,False,False,False,3.319236421882685,3.3171396206054373,3.3171396206054373,0.0,26,26,809,1.5917753259779377,,0
2015-12-02,2015-12-02,0,70e4948f4304e28543a647331d1e6548bc6a8c1006d4bd24ce64fee3e0d00cfa,v11_85ae599b865950104870,False,False,False,513100,513100,513100,False,False,False,3.3171396206054373,3.3653660499821276,3.3653660499821276,0.0,27,27,809,1.6098294884654,,0
2015-12-03,2015-12-03,0,70e4948f4304e28543a647331d1e6548bc6a8c1006d4bd24ce64fee3e0d00cfa,v11_85ae599b865950104870,False,False,False,513100,513100,513100,False,False,False,3.3653660499821276,3.3402044346551585,3.3402044346551585,0.0,28,28,809,1.6098294884654,,0
2015-12-04,2015-12-04,0,70e4948f4304e28543a647331d1e6548bc6a8c1006d4bd24ce64fee3e0d00cfa,v11_85ae599b865950104870,False,False,False,513100,513100,513100,False,False,False,3.3402044346551585,3.296171607832963,3.296171607832963,0.0,29,29,809,1.6098294884654,,0
2015-12-07,2015-12-07,0,70e4948f4304e28543a647331d1e6548bc6a8c1006d4bd24ce64fee3e0d00cfa,v11_85ae599b865950104870,False,False,False,513100,513100,513100,False,False,False,3.296171607832963,3.3632692487048805,3.3632692487048805,0.0,30,30,809,1.6098294884654,,0
2015-12-08,2015-12-08,0,70e4948f4304e28543a647331d1e6548bc6a8c1006d4bd24ce64fee3e0d00cfa,v11_85ae599b865950104870,False,False,False,513100,513100,513100,False,False,False,3.3632692487048805,3.3506884410413957,3.3506884410413957,0.0,31,31,809,1.6098294884654,,0
2015-12-09,2015-12-09,0,70e4948f4304e28543a647331d1e6548bc6a8c1006d4bd24ce64fee3e0d00cfa,v11_85ae599b865950104870,False,False,False,513100,513100,513100,False,False,False,3.3506884410413957,3.354882043595891,3.354882043595891,0.0,32,32,809,1.6098294884654,,0
2015-12-10,2015-12-10,0,70e4948f4304e28543a647331d1e6548bc6a8c1006d4bd24ce64fee3e0d00cfa,v11_85ae599b865950104870,False,False,False,513100,513100,513100,False,False,False,3.354882043595891,3.3171396206054373,3.3171396206054373,0.0,33,33,809,1.6098294884654,,0
2015-12-11,2015-12-11,0,70e4948f4304e28543a647331d1e6548bc6a8c1006d4bd24ce64fee3e0d00cfa,v11_85ae599b865950104870,False,False,False,513100,513100,513100,False,False,False,3.3171396206054373,3.3234300244371795,3.3234300244371795,0.0,34,34,809,1.6098294884654,,0
2015-12-14,2015-12-14,0,70e4948f4304e28543a647331d1e6548bc6a8c1006d4bd24ce64fee3e0d00cfa,v11_85ae599b865950104870,False,False,False,513100,513100,513100,False,False,False,3.3234300244371795,3.271009992505994,3.271009992505994,0.0,35,35,809,1.6098294884654,,0
2015-12-15,2015-12-15,0,70e4948f4304e28543a647331d1e6548bc6a8c1006d4bd24ce64fee3e0d00cfa,v11_85ae599b865950104870,False,False,False,513100,513100,513100,False,False,False,3.271009992505994,3.2961716078329633,3.2961716078329633,0.0,36,36,809,1.6098294884654,,0
2015-12-16,2015-12-16,0,70e4948f4304e28543a647331d1e6548bc6a8c1006d4bd24ce64fee3e0d00cfa,v11_85ae599b865950104870,False,False,False,513100,513100,513100,False,False,False,3.2961716078329633,3.32343002443718,3.32343002443718,0.0,37,37,809,1.6098294884654,,0
2015-12-17,2015-12-17,0,70e4948f4304e28543a647331d1e6548bc6a8c1006d4bd24ce64fee3e0d00cfa,v11_85ae599b865950104870,False,False,False,513100,513100,513100,False,False,False,3.32343002443718,3.377946857645613,3.377946857645613,0.0,38,38,809,1.615847542627888,,0
2015-12-18,2015-12-18,0,70e4948f4304e28543a647331d1e6548bc6a8c1006d4bd24ce64fee3e0d00cfa,v11_85ae599b865950104870,False,False,False,513100,513100,513100,False,False,False,3.377946857645613,3.3234300244371795,3.3234300244371795,0.0,39,39,809,1.615847542627888,,0
2015-12-21,2015-12-21,0,70e4948f4304e28543a647331d1e6548bc6a8c1006d4bd24ce64fee3e0d00cfa,v11_85ae599b865950104870,False,False,False,513100,518880,518880,False,False,True,3.3234300244371795,3.300365210387458,3.2997051373453803,0.0006600730420774916,40,0,809,0.852246763137854,,0
2015-12-22,2015-12-22,0,70e4948f4304e28543a647331d1e6548bc6a8c1006d4bd24ce64fee3e0d00cfa,v11_85ae599b865950104870,False,False,False,518880,518880,518880,False,False,False,3.2997051373453803,3.315923527207221,3.315923527207221,0.0,1,1,809,0.8564356435643582,,0
2015-12-23,2015-12-23,0,70e4948f4304e28543a647331d1e6548bc6a8c1006d4bd24ce64fee3e0d00cfa,v11_85ae599b865950104870,False,False,False,518880,518880,518880,False,False,False,3.315923527207221,3.3085515318154752,3.3085515318154752,0.0,2,2,809,0.8564356435643582,,0
2015-12-24,2015-12-24,0,70e4948f4304e28543a647331d1e6548bc6a8c1006d4bd24ce64fee3e0d00cfa,v11_85ae599b865950104870,False,False,False,518880,518880,518880,False,False,False,3.3085515318154752,3.3100259308938247,3.3100259308938247,0.0,3,3,809,0.8564356435643582,,0
2015-12-25,2015-12-25,0,70e4948f4304e28543a647331d1e6548bc6a8c1006d4bd24ce64fee3e0d00cfa,v11_85ae599b865950104870,False,False,False,518880,518880,518880,False,False,False,3.3100259308938247,3.31739792628557,3.31739792628557,0.0,4,4,809,0.8568164508758584,,0
2015-12-28,2015-12-28,0,70e4948f4304e28543a647331d1e6548bc6a8c1006d4bd24ce64fee3e0d00cfa,v11_85ae599b865950104870,False,False,False,518880,518880,518880,False,False,False,3.31739792628557,3.3085515318154757,3.3085515318154757,0.0,5,5,809,0.8568164508758584,,0
2015-12-29,2015-12-29,0,70e4948f4304e28543a647331d1e6548bc6a8c1006d4bd24ce64fee3e0d00cfa,v11_85ae599b865950104870,False,False,False,518880,518880,518880,False,False,False,3.3085515318154757,3.314449128128872,3.314449128128872,0.0,6,6,809,0.8568164508758584,,0
2015-12-30,2015-12-30,0,70e4948f4304e28543a647331d1e6548bc6a8c1006d4bd24ce64fee3e0d00cfa,v11_85ae599b865950104870,False,False,False,518880,518880,518880,False,False,False,3.314449128128872,3.3100259308938242,3.3100259308938242,0.0,7,7,809,0.8568164508758584,,0
2015-12-31,2015-12-31,0,70e4948f4304e28543a647331d1e6548bc6a8c1006d4bd24ce64fee3e0d00cfa,v11_85ae599b865950104870,False,False,False,518880,518880,518880,False,False,False,3.3100259308938242,3.290858742875286,3.290858742875286,0.0,8,8,809,0.8568164508758584,,0
2016-01-04,2016-01-04,0,70e4948f4304e28543a647331d1e6548bc6a8c1006d4bd24ce64fee3e0d00cfa,v11_85ae599b865950104870,False,False,False,518880,510300,510300,False,True,True,3.290858742875286,3.318872325363919,3.3182085508988464,0.0006637744650727839,9,0,882,1.4192886361292052,,0
2016-01-05,2016-01-05,0,70e4948f4304e28543a647331d1e6548bc6a8c1006d4bd24ce64fee3e0d00cfa,v11_85ae599b865950104870,False,False,False,510300,510300,510300,False,False,False,3.3182085508988464,3.315388543631794,3.315388543631794,0.0,1,1,882,1.4192886361292052,,0
2016-01-06,2016-01-06,0,70e4948f4304e28543a647331d1e6548bc6a8c1006d4bd24ce64fee3e0d00cfa,v11_85ae599b865950104870,False,False,False,510300,510300,510300,False,False,False,3.315388543631794,3.367088676861096,3.367088676861096,0.0,2,2,882,1.4401960041401738,,0
2016-01-07,2016-01-07,0,70e4948f4304e28543a647331d1e6548bc6a8c1006d4bd24ce64fee3e0d00cfa,v11_85ae599b865950104870,False,False,False,510300,510300,510300,False,False,False,3.367088676861096,3.2749684394707033,3.2749684394707033,0.0,3,3,882,1.4401960041401738,,0
2016-01-08,2016-01-08,0,70e4948f4304e28543a647331d1e6548bc6a8c1006d4bd24ce64fee3e0d00cfa,v11_85ae599b865950104870,False,False,False,510300,510300,510300,False,False,False,3.2749684394707033,3.203528255372031,3.203528255372031,0.0,4,4,882,1.4401960041401738,,0
2016-01-11,2016-01-11,0,70e4948f4304e28543a647331d1e6548bc6a8c1006d4bd24ce64fee3e0d00cfa,v11_85ae599b865950104870,False,False,False,510300,510500,510500,True,True,True,3.203528255372031,3.0390278314606154,3.0384200258943235,0.0006078055662921231,5,0,887,1.826157320381455,,0
2016-01-12,2016-01-12,0,70e4948f4304e28543a647331d1e6548bc6a8c1006d4bd24ce64fee3e0d00cfa,v11_85ae599b865950104870,False,False,False,510500,510500,510500,False,False,False,3.0384200258943235,3.033611638450275,3.033611638450275,0.0,1,1,887,1.826157320381455,,0
2016-01-13,2016-01-13,0,70e4948f4304e28543a647331d1e6548bc6a8c1006d4bd24ce64fee3e0d00cfa,v11_85ae599b865950104870,False,False,False,510500,510500,510500,False,False,False,3.033611638450275,2.939367244546922,2.939367244546922,0.0,2,2,887,1.826157320381455,,0
2016-01-14,2016-01-14,0,70e4948f4304e28543a647331d1e6548bc6a8c1006d4bd24ce64fee3e0d00cfa,v11_85ae599b865950104870,False,False,False,510500,510500,510500,False,False,False,2.939367244546922,3.037939187149918,3.037939187149918,0.0,3,3,887,1.826157320381455,,0
2016-01-15,2016-01-15,0,70e4948f4304e28543a647331d1e6548bc6a8c1006d4bd24ce64fee3e0d00cfa,v11_85ae599b865950104870,False,False,False,510500,510500,510500,False,False,False,3.037939187149918,2.9210953722595367,2.9210953722595367,0.0,4,4,887,1.826157320381455,,0
2016-01-18,2016-01-18,0,70e4948f4304e28543a647331d1e6548bc6a8c1006d4bd24ce64fee3e0d00cfa,v11_85ae599b865950104870,False,False,False,510500,518880,518880,False,False,True,2.9210953722595367,2.9629283430227593,2.962335757354155,0.0005925856686045519,5,0,887,0.880807311500383,,0
2016-01-19,2016-01-19,0,70e4948f4304e28543a647331d1e6548bc6a8c1006d4bd24ce64fee3e0d00cfa,v11_85ae599b865950104870,False,False,False,518880,518880,518880,False,False,False,2.962335757354155,2.959774291070234,2.959774291070234,0.0,1,1,887,0.880807311500383,,0
2016-01-20,2016-01-20,0,70e4948f4304e28543a647331d1e6548bc6a8c1006d4bd24ce64fee3e0d00cfa,v11_85ae599b865950104870,False,False,False,518880,518880,518880,False,False,False,2.959774291070234,2.9828274876255194,2.9828274876255194,0.0,2,2,887,0.8869002284843891,,0
2016-01-21,2016-01-21,0,70e4948f4304e28543a647331d1e6548bc6a8c1006d4bd24ce64fee3e0d00cfa,v11_85ae599b865950104870,False,False,False,518880,518880,518880,False,False,False,2.9828274876255194,3.0097228836066856,3.0097228836066856,0.0,3,3,887,0.8948971820258971,,0
2016-01-22,2016-01-22,0,70e4948f4304e28543a647331d1e6548bc6a8c1006d4bd24ce64fee3e0d00cfa,v11_85ae599b865950104870,False,False,False,518880,518880,518880,False,False,False,3.0097228836066856,2.990511886477281,2.990511886477281,0.0,4,4,887,0.8948971820258971,,0
2016-01-25,2016-01-25,0,70e4948f4304e28543a647331d1e6548bc6a8c1006d4bd24ce64fee3e0d00cfa,v11_85ae599b865950104870,False,False,False,518880,518880,518880,False,False,False,2.990511886477281,2.9956348190451223,2.9956348190451223,0.0,5,5,887,0.8948971820258971,,0
2016-01-26,2016-01-26,0,70e4948f4304e28543a647331d1e6548bc6a8c1006d4bd24ce64fee3e0d00cfa,v11_85ae599b865950104870,False,False,False,518880,159915,159915,False,True,True,2.9956348190451223,3.046864144723534,3.0462547718945894,0.0006093728289447068,6,0,898,2.3688833124215782,,0
2016-01-27,2016-01-27,0,70e4948f4304e28543a647331d1e6548bc6a8c1006d4bd24ce64fee3e0d00cfa,v11_85ae599b865950104870,False,False,False,159915,159915,159915,False,False,False,3.0462547718945894,3.044641289494222,3.044641289494222,0.0,1,1,898,2.3688833124215782,,0
2016-01-28,2016-01-28,0,70e4948f4304e28543a647331d1e6548bc6a8c1006d4bd24ce64fee3e0d00cfa,v11_85ae599b865950104870,False,False,False,159915,159915,159915,False,False,False,3.044641289494222,2.917176179865158,2.917176179865158,0.0,2,2,898,2.3688833124215782,,0
2016-01-29,2016-01-29,0,70e4948f4304e28543a647331d1e6548bc6a8c1006d4bd24ce64fee3e0d00cfa,v11_85ae599b865950104870,False,False,False,159915,159915,159915,False,False,False,2.917176179865158,3.0317334302912786,3.0317334302912786,0.0,3,3,898,2.3688833124215782,,0
2016-02-01,2016-02-01,0,70e4948f4304e28543a647331d1e6548bc6a8c1006d4bd24ce64fee3e0d00cfa,v11_85ae599b865950104870,False,False,False,159915,159915,159915,False,False,False,3.0317334302912786,3.057549148697165,3.057549148697165,0.0,4,4,898,2.3776662484316162,,0
2016-02-02,2016-02-02,0,70e4948f4304e28543a647331d1e6548bc6a8c1006d4bd24ce64fee3e0d00cfa,v11_85ae599b865950104870,False,False,False,159915,518880,518880,False,False,True,3.057549148697165,3.181787293525493,3.1811509360667882,0.0006363574587050987,5,0,898,0.9097486671744117,,0
2016-02-03,2016-02-03,0,70e4948f4304e28543a647331d1e6548bc6a8c1006d4bd24ce64fee3e0d00cfa,v11_85ae599b865950104870,False,False,False,518880,518880,518880,False,False,False,3.1811509360667882,3.1944667625049084,3.1944667625049084,0.0,1,1,898,0.9135567402894157,,0
2016-02-04,2016-02-04,0,70e4948f4304e28543a647331d1e6548bc6a8c1006d4bd24ce64fee3e0d00cfa,v11_85ae599b865950104870,False,False,False,518880,518880,518880,False,False,False,3.1944667625049084,3.223761580668771,3.223761580668771,0.0,2,2,898,0.9219345011424239,,0
2016-02-05,2016-02-05,0,70e4948f4304e28543a647331d1e6548bc6a8c1006d4bd24ce64fee3e0d00cfa,v11_85ae599b865950104870,False,False,False,518880,518880,518880,False,False,False,3.223761580668771,3.2637090599831304,3.2637090599831304,0.0,3,3,898,0.9333587204874355,,0
2016-02-15,2016-02-15,0,70e4948f4304e28543a647331d1e6548bc6a8c1006d4bd24ce64fee3e0d00cfa,v11_85ae599b865950104870,False,False,False,518880,518880,518880,False,False,False,3.2637090599831304,3.391540993789079,3.391540993789079,0.0,4,4,898,0.9699162223914721,,0
2016-02-16,2016-02-16,0,70e4948f4304e28543a647331d1e6548bc6a8c1006d4bd24ce64fee3e0d00cfa,v11_85ae599b865950104870,False,False,False,518880,518880,518880,False,False,False,3.391540993789079,3.34493560125566,3.34493560125566,0.0,5,5,898,0.9699162223914721,,0
2016-02-17,2016-02-17,0,70e4948f4304e28543a647331d1e6548bc6a8c1006d4bd24ce64fee3e0d00cfa,v11_85ae599b865950104870,False,False,False,518880,518880,518880,False,False,False,3.34493560125566,3.3728988367757107,3.3728988367757107,0.0,6,6,898,0.9699162223914721,,0
2016-02-18,2016-02-18,0,70e4948f4304e28543a647331d1e6548bc6a8c1006d4bd24ce64fee3e0d00cfa,v11_85ae599b865950104870,False,False,False,518880,518880,518880,False,False,False,3.3728988367757107,3.3782251673509585,3.3782251673509585,0.0,7,7,898,0.9699162223914721,,0
2016-02-19,2016-02-19,0,70e4948f4304e28543a647331d1e6548bc6a8c1006d4bd24ce64fee3e0d00cfa,v11_85ae599b865950104870,False,False,False,518880,518880,518880,False,False,False,3.3782251673509585,3.4274937251720012,3.4274937251720012,0.0,8,8,898,0.9801980198019823,,0
2016-02-22,2016-02-22,0,70e4948f4304e28543a647331d1e6548bc6a8c1006d4bd24ce64fee3e0d00cfa,v11_85ae599b865950104870,False,False,False,518880,518880,518880,False,False,False,3.4274937251720012,3.4021936549395746,3.4021936549395746,0.0,9,9,898,0.9801980198019823,,0
2016-02-23,2016-02-23,0,70e4948f4304e28543a647331d1e6548bc6a8c1006d4bd24ce64fee3e0d00cfa,v11_85ae599b865950104870,False,False,False,518880,518880,518880,False,False,False,3.4021936549395746,3.4048568202271983,3.4048568202271983,0.0,10,10,898,0.9801980198019823,,0
2016-02-24,2016-02-24,0,70e4948f4304e28543a647331d1e6548bc6a8c1006d4bd24ce64fee3e0d00cfa,v11_85ae599b865950104870,False,False,False,518880,518880,518880,False,False,False,3.4048568202271983,3.4314884731034376,3.4314884731034376,0.0,11,11,898,0.9813404417364835,,0
2016-02-25,2016-02-25,0,70e4948f4304e28543a647331d1e6548bc6a8c1006d4bd24ce64fee3e0d00cfa,v11_85ae599b865950104870,False,False,False,518880,159915,159915,False,True,True,3.4314884731034376,3.4807570309244804,3.4800608795182955,0.0006961514061848962,12,0,915,2.378920953575907,,0
2016-02-26,2016-02-26,0,70e4948f4304e28543a647331d1e6548bc6a8c1006d4bd24ce64fee3e0d00cfa,v11_85ae599b865950104870,False,False,False,159915,159915,159915,False,False,False,3.4800608795182955,3.491073730402847,3.491073730402847,0.0,1,1,915,2.3864491844416538,,0
2016-02-29,2016-02-29,0,70e4948f4304e28543a647331d1e6548bc6a8c1006d4bd24ce64fee3e0d00cfa,v11_85ae599b865950104870,False,False,False,159915,159915,159915,True,False,False,3.491073730402847,3.2487910109427127,3.2487910109427127,0.0,2,2,915,2.3864491844416538,,0
2016-03-01,2016-03-01,0,70e4948f4304e28543a647331d1e6548bc6a8c1006d4bd24ce64fee3e0d00cfa,v11_85ae599b865950104870,False,False,False,159915,159915,159915,False,False,False,3.2487910109427127,3.3479066689036765,3.3479066689036765,0.0,3,3,915,2.3864491844416538,,0
2016-03-02,2016-03-02,0,70e4948f4304e28543a647331d1e6548bc6a8c1006d4bd24ce64fee3e0d00cfa,v11_85ae599b865950104870,False,False,False,159915,159915,159915,False,False,False,3.3479066689036765,3.509428481877099,3.509428481877099,0.0,4,4,915,2.3989962358845642,,0
2016-03-03,2016-03-03,0,70e4948f4304e28543a647331d1e6548bc6a8c1006d4bd24ce64fee3e0d00cfa,v11_85ae599b865950104870,False,False,False,159915,518880,518880,False,False,True,3.509428481877099,3.4910737304028463,3.490375515656766,0.0006982147460805692,5,0,915,0.9965727341964987,,0
2016-03-04,2016-03-04,0,70e4948f4304e28543a647331d1e6548bc6a8c1006d4bd24ce64fee3e0d00cfa,v11_85ae599b865950104870,False,False,False,518880,518880,518880,False,False,False,3.490375515656766,3.5357223889973577,3.5357223889973577,0.0,1,1,915,1.0095201827875115,,0
2016-03-07,2016-03-07,0,70e4948f4304e28543a647331d1e6548bc6a8c1006d4bd24ce64fee3e0d00cfa,v11_85ae599b865950104870,False,False,False,518880,518880,518880,False,False,False,3.5357223889973577,3.533054925859676,3.533054925859676,0.0,2,2,915,1.0095201827875115,,0
2016-03-08,2016-03-08,0,70e4948f4304e28543a647331d1e6548bc6a8c1006d4bd24ce64fee3e0d00cfa,v11_85ae599b865950104870,False,False,False,518880,518880,518880,False,False,False,3.533054925859676,3.5503934362546086,3.5503934362546086,0.0,3,3,915,1.0137090632140158,,0
2016-03-09,2016-03-09,0,70e4948f4304e28543a647331d1e6548bc6a8c1006d4bd24ce64fee3e0d00cfa,v11_85ae599b865950104870,False,False,False,518880,518880,518880,False,False,False,3.5503934362546086,3.513048952327062,3.513048952327062,0.0,4,4,915,1.0137090632140158,,0
2016-03-10,2016-03-10,0,70e4948f4304e28543a647331d1e6548bc6a8c1006d4bd24ce64fee3e0d00cfa,v11_85ae599b865950104870,False,False,False,518880,518880,518880,False,False,False,3.513048952327062,3.491709247225607,3.491709247225607,0.0,5,5,915,1.0137090632140158,,0
2016-03-11,2016-03-11,0,70e4948f4304e28543a647331d1e6548bc6a8c1006d4bd24ce64fee3e0d00cfa,v11_85ae599b865950104870,False,False,False,518880,518880,518880,False,False,False,3.491709247225607,3.535722388997358,3.535722388997358,0.0,6,6,915,1.0137090632140158,,0
2016-03-14,2016-03-14,0,70e4948f4304e28543a647331d1e6548bc6a8c1006d4bd24ce64fee3e0d00cfa,v11_85ae599b865950104870,False,False,False,518880,518880,518880,False,False,False,3.535722388997358,3.499711636638653,3.499711636638653,0.0,7,7,915,1.0137090632140158,,0
2016-03-15,2016-03-15,0,70e4948f4304e28543a647331d1e6548bc6a8c1006d4bd24ce64fee3e0d00cfa,v11_85ae599b865950104870,False,False,False,518880,518880,518880,False,False,False,3.499711636638653,3.430357595058924,3.430357595058924,0.0,8,8,915,1.0137090632140158,,0
2016-03-16,2016-03-16,0,70e4948f4304e28543a647331d1e6548bc6a8c1006d4bd24ce64fee3e0d00cfa,v11_85ae599b865950104870,False,False,False,518880,518880,518880,False,False,False,3.430357595058924,3.455698494866902,3.455698494866902,0.0,9,9,915,1.0137090632140158,,0
2016-03-17,2016-03-17,0,70e4948f4304e28543a647331d1e6548bc6a8c1006d4bd24ce64fee3e0d00cfa,v11_85ae599b865950104870,False,False,False,518880,518880,518880,False,False,False,3.455698494866902,3.490375515656767,3.490375515656767,0.0,10,10,915,1.0137090632140158,,0
2016-03-18,2016-03-18,0,70e4948f4304e28543a647331d1e6548bc6a8c1006d4bd24ce64fee3e0d00cfa,v11_85ae599b865950104870,False,False,False,518880,513100,513100,False,False,True,3.490375515656767,3.490375515656767,3.4896774405536357,0.0006980751031313534,11,0,915,1.5185556670010079,,0
2016-03-21,2016-03-21,0,70e4948f4304e28543a647331d1e6548bc6a8c1006d4bd24ce64fee3e0d00cfa,v11_85ae599b865950104870,False,False,False,513100,513100,513100,False,False,False,3.4896774405536357,3.4804576850964266,3.4804576850964266,0.0,1,1,915,1.5185556670010079,,0
2016-03-22,2016-03-22,0,70e4948f4304e28543a647331d1e6548bc6a8c1006d4bd24ce64fee3e0d00cfa,v11_85ae599b865950104870,False,False,False,513100,513100,513100,False,False,False,3.4804576850964266,3.482762623960729,3.482762623960729,0.0,2,2,915,1.5185556670010079,,0
2016-03-23,2016-03-23,0,70e4948f4304e28543a647331d1e6548bc6a8c1006d4bd24ce64fee3e0d00cfa,v11_85ae599b865950104870,False,False,False,513100,513100,513100,False,False,False,3.482762623960729,3.5104218903323563,3.5104218903323563,0.0,3,3,915,1.5275827482447393,,0
2016-03-24,2016-03-24,0,70e4948f4304e28543a647331d1e6548bc6a8c1006d4bd24ce64fee3e0d00cfa,v11_85ae599b865950104870,False,False,False,513100,513100,513100,False,False,False,3.5104218903323563,3.4781527462321247,3.4781527462321247,0.0,4,4,915,1.5275827482447393,,0
2016-03-25,2016-03-25,0,70e4948f4304e28543a647331d1e6548bc6a8c1006d4bd24ce64fee3e0d00cfa,v11_85ae599b865950104870,False,False,False,513100,513100,513100,False,False,False,3.4781527462321247,3.494287318282241,3.494287318282241,0.0,5,5,915,1.5275827482447393,,0
2016-03-28,2016-03-28,0,70e4948f4304e28543a647331d1e6548bc6a8c1006d4bd24ce64fee3e0d00cfa,v11_85ae599b865950104870,False,False,False,513100,513100,513100,False,False,False,3.494287318282241,3.508116951468055,3.508116951468055,0.0,6,6,915,1.5275827482447393,,0
2016-03-29,2016-03-29,0,70e4948f4304e28543a647331d1e6548bc6a8c1006d4bd24ce64fee3e0d00cfa,v11_85ae599b865950104870,False,False,False,513100,513100,513100,False,False,False,3.508116951468055,3.4919823794179385,3.4919823794179385,0.0,7,7,915,1.5275827482447393,,0
2016-03-30,2016-03-30,0,70e4948f4304e28543a647331d1e6548bc6a8c1006d4bd24ce64fee3e0d00cfa,v11_85ae599b865950104870,False,False,False,513100,513100,513100,False,False,False,3.4919823794179385,3.5334712789753793,3.5334712789753793,0.0,8,8,915,1.537612838515552,,0
2016-03-31,2016-03-31,0,70e4948f4304e28543a647331d1e6548bc6a8c1006d4bd24ce64fee3e0d00cfa,v11_85ae599b865950104870,False,False,False,513100,513100,513100,False,False,False,3.5334712789753793,3.538081156703984,3.538081156703984,0.0,9,9,915,1.5396188565697146,,0
2016-04-01,2016-04-01,0,70e4948f4304e28543a647331d1e6548bc6a8c1006d4bd24ce64fee3e0d00cfa,v11_85ae599b865950104870,False,False,False,513100,513100,513100,False,False,False,3.538081156703984,3.519641645789566,3.519641645789566,0.0,10,10,915,1.5396188565697146,,0
2016-04-05,2016-04-05,0,70e4948f4304e28543a647331d1e6548bc6a8c1006d4bd24ce64fee3e0d00cfa,v11_85ae599b865950104870,False,False,False,513100,513100,513100,False,False,False,3.519641645789566,3.540386095568287,3.540386095568287,0.0,11,11,915,1.540621865596796,,0
2016-04-06,2016-04-06,0,70e4948f4304e28543a647331d1e6548bc6a8c1006d4bd24ce64fee3e0d00cfa,v11_85ae599b865950104870,False,False,False,513100,513100,513100,False,False,False,3.540386095568287,3.540386095568287,3.540386095568287,0.0,12,12,915,1.540621865596796,,0
2016-04-07,2016-04-07,0,70e4948f4304e28543a647331d1e6548bc6a8c1006d4bd24ce64fee3e0d00cfa,v11_85ae599b865950104870,False,False,False,513100,513100,513100,False,False,False,3.540386095568287,3.579570056261425,3.579570056261425,0.0,13,13,915,1.557673019057177,,0
2016-04-08,2016-04-08,0,70e4948f4304e28543a647331d1e6548bc6a8c1006d4bd24ce64fee3e0d00cfa,v11_85ae599b865950104870,False,False,False,513100,513100,513100,False,False,False,3.579570056261425,3.540386095568287,3.540386095568287,0.0,14,14,915,1.557673019057177,,0
2016-04-11,2016-04-11,0,70e4948f4304e28543a647331d1e6548bc6a8c1006d4bd24ce64fee3e0d00cfa,v11_85ae599b865950104870,False,False,False,513100,513100,513100,False,False,False,3.540386095568287,3.5334712789753797,3.5334712789753797,0.0,15,15,915,1.557673019057177,,0
2016-04-12,2016-04-12,0,70e4948f4304e28543a647331d1e6548bc6a8c1006d4bd24ce64fee3e0d00cfa,v11_85ae599b865950104870,False,False,False,513100,513100,513100,False,False,False,3.5334712789753797,3.5081169514680552,3.5081169514680552,0.0,16,16,915,1.557673019057177,,0
2016-04-13,2016-04-13,0,70e4948f4304e28543a647331d1e6548bc6a8c1006d4bd24ce64fee3e0d00cfa,v11_85ae599b865950104870,False,False,False,513100,513100,513100,False,False,False,3.5081169514680552,3.5311663401110778,3.5311663401110778,0.0,17,17,915,1.557673019057177,,0
2016-04-14,2016-04-14,0,70e4948f4304e28543a647331d1e6548bc6a8c1006d4bd24ce64fee3e0d00cfa,v11_85ae599b865950104870,False,False,False,513100,513100,513100,False,False,False,3.5311663401110778,3.570350300804216,3.570350300804216,0.0,18,18,915,1.557673019057177,,0
2016-04-15,2016-04-15,0,70e4948f4304e28543a647331d1e6548bc6a8c1006d4bd24ce64fee3e0d00cfa,v11_85ae599b865950104870,False,False,False,513100,513100,513100,False,False,False,3.570350300804216,3.581874995125728,3.581874995125728,0.0,19,19,915,1.5586760280842584,,0
2016-04-18,2016-04-18,0,70e4948f4304e28543a647331d1e6548bc6a8c1006d4bd24ce64fee3e0d00cfa,v11_85ae599b865950104870,False,False,False,513100,513100,513100,False,False,False,3.581874995125728,3.572655239668519,3.572655239668519,0.0,20,20,915,1.5586760280842584,,0
2016-04-19,2016-04-19,0,70e4948f4304e28543a647331d1e6548bc6a8c1006d4bd24ce64fee3e0d00cfa,v11_85ae599b865950104870,False,False,False,513100,513100,513100,False,False,False,3.572655239668519,3.586484872854333,3.586484872854333,0.0,21,21,915,1.560682046138421,,0
2016-04-20,2016-04-20,0,70e4948f4304e28543a647331d1e6548bc6a8c1006d4bd24ce64fee3e0d00cfa,v11_85ae599b865950104870,False,False,False,513100,513100,513100,False,False,False,3.586484872854333,3.56343548421131,3.56343548421131,0.0,22,22,915,1.560682046138421,,0
2016-04-21,2016-04-21,0,70e4948f4304e28543a647331d1e6548bc6a8c1006d4bd24ce64fee3e0d00cfa,v11_85ae599b865950104870,False,False,False,513100,513100,513100,False,False,False,3.56343548421131,3.5749601785328204,3.5749601785328204,0.0,23,23,915,1.560682046138421,,0
2016-04-22,2016-04-22,0,70e4948f4304e28543a647331d1e6548bc6a8c1006d4bd24ce64fee3e0d00cfa,v11_85ae599b865950104870,False,False,False,513100,513100,513100,False,False,False,3.5749601785328204,3.5657404230756113,3.5657404230756113,0.0,24,24,915,1.560682046138421,,0
2016-04-25,2016-04-25,0,70e4948f4304e28543a647331d1e6548bc6a8c1006d4bd24ce64fee3e0d00cfa,v11_85ae599b865950104870,False,False,False,513100,513100,513100,False,False,False,3.5657404230756113,3.535776217839682,3.535776217839682,0.0,25,25,915,1.560682046138421,,0
2016-04-26,2016-04-26,0,70e4948f4304e28543a647331d1e6548bc6a8c1006d4bd24ce64fee3e0d00cfa,v11_85ae599b865950104870,False,False,False,513100,513100,513100,False,False,False,3.535776217839682,3.5334712789753797,3.5334712789753797,0.0,26,26,915,1.560682046138421,,0
2016-04-27,2016-04-27,0,70e4948f4304e28543a647331d1e6548bc6a8c1006d4bd24ce64fee3e0d00cfa,v11_85ae599b865950104870,False,False,False,513100,513100,513100,False,False,False,3.5334712789753797,3.5081169514680552,3.5081169514680552,0.0,27,27,915,1.560682046138421,,0
2016-04-28,2016-04-28,0,70e4948f4304e28543a647331d1e6548bc6a8c1006d4bd24ce64fee3e0d00cfa,v11_85ae599b865950104870,False,False,False,513100,518880,518880,False,False,True,3.5081169514680552,3.501202134875148,3.500501894448173,0.0007002404269750296,28,0,915,0.9950495049504972,,0
2016-04-29,2016-04-29,0,70e4948f4304e28543a647331d1e6548bc6a8c1006d4bd24ce64fee3e0d00cfa,v11_85ae599b865950104870,False,False,False,518880,518880,518880,False,False,False,3.500501894448173,3.563465380494505,3.563465380494505,0.0,1,1,915,1.0129474485910153,,0
2016-05-03,2016-05-03,0,70e4948f4304e28543a647331d1e6548bc6a8c1006d4bd24ce64fee3e0d00cfa,v11_85ae599b865950104870,False,False,False,518880,518880,518880,False,False,False,3.563465380494505,3.6197306233444175,3.6197306233444175,0.0,2,2,915,1.0289413556740312,,0
2016-05-04,2016-05-04,0,70e4948f4304e28543a647331d1e6548bc6a8c1006d4bd24ce64fee3e0d00cfa,v11_85ae599b865950104870,False,False,False,518880,518880,518880,False,False,False,3.6197306233444175,3.5862394073623265,3.5862394073623265,0.0,3,3,915,1.0289413556740312,,0
2016-05-05,2016-05-05,0,70e4948f4304e28543a647331d1e6548bc6a8c1006d4bd24ce64fee3e0d00cfa,v11_85ae599b865950104870,False,False,False,518880,518880,518880,False,False,False,3.5862394073623265,3.5835601100837584,3.5835601100837584,0.0,4,4,915,1.0289413556740312,,0
2016-05-06,2016-05-06,0,70e4948f4304e28543a647331d1e6548bc6a8c1006d4bd24ce64fee3e0d00cfa,v11_85ae599b865950104870,False,False,False,518880,518880,518880,False,False,False,3.5835601100837584,3.5902583532801766,3.5902583532801766,0.0,5,5,915,1.0289413556740312,,0
2016-05-09,2016-05-09,0,70e4948f4304e28543a647331d1e6548bc6a8c1006d4bd24ce64fee3e0d00cfa,v11_85ae599b865950104870,False,False,False,518880,518880,518880,False,False,False,3.5902583532801766,3.5768618668873398,3.5768618668873398,0.0,6,6,915,1.0289413556740312,,0
2016-05-10,2016-05-10,0,70e4948f4304e28543a647331d1e6548bc6a8c1006d4bd24ce64fee3e0d00cfa,v11_85ae599b865950104870,False,False,False,518880,518880,518880,False,False,False,3.5768618668873398,3.5594464345766523,3.5594464345766523,0.0,7,7,915,1.0289413556740312,,0
2016-05-11,2016-05-11,0,70e4948f4304e28543a647331d1e6548bc6a8c1006d4bd24ce64fee3e0d00cfa,v11_85ae599b865950104870,False,False,False,518880,518880,518880,False,False,False,3.5594464345766523,3.5755222182480564,3.5755222182480564,0.0,8,8,915,1.0289413556740312,,0
2016-05-12,2016-05-12,0,70e4948f4304e28543a647331d1e6548bc6a8c1006d4bd24ce64fee3e0d00cfa,v11_85ae599b865950104870,False,False,False,518880,518880,518880,False,False,False,3.5755222182480564,3.5634653804945042,3.5634653804945042,0.0,9,9,915,1.0289413556740312,,0
2016-05-13,2016-05-13,0,70e4948f4304e28543a647331d1e6548bc6a8c1006d4bd24ce64fee3e0d00cfa,v11_85ae599b865950104870,False,False,False,518880,518880,518880,False,False,False,3.5634653804945042,3.5929376505587443,3.5929376505587443,0.0,10,10,915,1.0289413556740312,,0
2016-05-16,2016-05-16,0,70e4948f4304e28543a647331d1e6548bc6a8c1006d4bd24ce64fee3e0d00cfa,v11_85ae599b865950104870,False,False,False,518880,518880,518880,False,False,False,3.5929376505587443,3.6103530828694317,3.6103530828694317,0.0,11,11,915,1.0289413556740312,,0
2016-05-17,2016-05-17,0,70e4948f4304e28543a647331d1e6548bc6a8c1006d4bd24ce64fee3e0d00cfa,v11_85ae599b865950104870,False,False,False,518880,518880,518880,False,False,False,3.6103530828694317,3.5929376505587443,3.5929376505587443,0.0,12,12,915,1.0289413556740312,,0
2016-05-18,2016-05-18,0,70e4948f4304e28543a647331d1e6548bc6a8c1006d4bd24ce64fee3e0d00cfa,v11_85ae599b865950104870,False,False,False,518880,518880,518880,False,False,False,3.5929376505587443,3.591598001919461,3.591598001919461,0.0,13,13,915,1.0289413556740312,,0
2016-05-19,2016-05-19,0,70e4948f4304e28543a647331d1e6548bc6a8c1006d4bd24ce64fee3e0d00cfa,v11_85ae599b865950104870,False,False,False,518880,518880,518880,False,False,False,3.591598001919461,3.5366724077088314,3.5366724077088314,0.0,14,14,915,1.0289413556740312,,0
2016-05-20,2016-05-20,0,70e4948f4304e28543a647331d1e6548bc6a8c1006d4bd24ce64fee3e0d00cfa,v11_85ae599b865950104870,False,False,False,518880,518880,518880,False,False,False,3.5366724077088314,3.5339931104302633,3.5339931104302633,0.0,15,15,915,1.0289413556740312,,0
2016-05-23,2016-05-23,0,70e4948f4304e28543a647331d1e6548bc6a8c1006d4bd24ce64fee3e0d00cfa,v11_85ae599b865950104870,False,False,False,518880,518880,518880,False,False,False,3.5339931104302633,3.5299741645124127,3.5299741645124127,0.0,16,16,915,1.0289413556740312,,0
2016-05-24,2016-05-24,0,70e4948f4304e28543a647331d1e6548bc6a8c1006d4bd24ce64fee3e0d00cfa,v11_85ae599b865950104870,False,False,False,518880,518880,518880,False,False,False,3.5299741645124127,3.5138983808410096,3.5138983808410096,0.0,17,17,915,1.0289413556740312,,0
2016-05-25,2016-05-25,0,70e4948f4304e28543a647331d1e6548bc6a8c1006d4bd24ce64fee3e0d00cfa,v11_85ae599b865950104870,False,False,False,518880,518880,518880,False,False,False,3.5138983808410096,3.4576331379910963,3.4576331379910963,0.0,18,18,915,1.0289413556740312,,0
2016-05-26,2016-05-26,0,70e4948f4304e28543a647331d1e6548bc6a8c1006d4bd24ce64fee3e0d00cfa,v11_85ae599b865950104870,False,False,False,518880,513100,513100,False,False,True,3.4576331379910963,3.471029624383933,3.4703354184590562,0.0006942059248767866,19,0,915,1.550651955867608,,0
2016-05-27,2016-05-27,0,70e4948f4304e28543a647331d1e6548bc6a8c1006d4bd24ce64fee3e0d00cfa,v11_85ae599b865950104870,False,False,False,513100,513100,513100,False,False,False,3.4703354184590562,3.486048450754795,3.486048450754795,0.0,1,1,915,1.5576730190571764,,0
2016-05-30,2016-05-30,0,70e4948f4304e28543a647331d1e6548bc6a8c1006d4bd24ce64fee3e0d00cfa,v11_85ae599b865950104870,False,False,False,513100,513100,513100,False,False,False,3.486048450754795,3.5197192342456662,3.5197192342456662,0.0,2,2,915,1.5727181544633952,,0
2016-05-31,2016-05-31,0,70e4948f4304e28543a647331d1e6548bc6a8c1006d4bd24ce64fee3e0d00cfa,v11_85ae599b865950104870,False,False,False,513100,513100,513100,False,False,False,3.5197192342456662,3.5376769854407972,3.5376769854407972,0.0,3,3,915,1.580742226680045,,0
2016-06-01,2016-06-01,0,70e4948f4304e28543a647331d1e6548bc6a8c1006d4bd24ce64fee3e0d00cfa,v11_85ae599b865950104870,False,False,False,513100,513100,513100,False,False,False,3.5376769854407972,3.5399217043401885,3.5399217043401885,0.0,4,4,915,1.5817452357071262,,0
2016-06-02,2016-06-02,0,70e4948f4304e28543a647331d1e6548bc6a8c1006d4bd24ce64fee3e0d00cfa,v11_85ae599b865950104870,False,False,False,513100,513100,513100,False,False,False,3.5399217043401885,3.5264533909438405,3.5264533909438405,0.0,5,5,915,1.5817452357071262,,0
2016-06-03,2016-06-03,0,70e4948f4304e28543a647331d1e6548bc6a8c1006d4bd24ce64fee3e0d00cfa,v11_85ae599b865950104870,False,False,False,513100,513100,513100,False,False,False,3.5264533909438405,3.5264533909438405,3.5264533909438405,0.0,6,6,915,1.5817452357071262,,0
2016-06-06,2016-06-06,0,70e4948f4304e28543a647331d1e6548bc6a8c1006d4bd24ce64fee3e0d00cfa,v11_85ae599b865950104870,False,False,False,513100,513100,513100,False,False,False,3.5264533909438405,3.5017614830505357,3.5017614830505357,0.0,7,7,915,1.5817452357071262,,0
2016-06-07,2016-06-07,0,70e4948f4304e28543a647331d1e6548bc6a8c1006d4bd24ce64fee3e0d00cfa,v11_85ae599b865950104870,False,False,False,513100,513100,513100,False,False,False,3.5017614830505357,3.5152297964468837,3.5152297964468837,0.0,8,8,915,1.5817452357071262,,0
2016-06-08,2016-06-08,0,70e4948f4304e28543a647331d1e6548bc6a8c1006d4bd24ce64fee3e0d00cfa,v11_85ae599b865950104870,False,False,False,513100,513100,513100,False,False,False,3.5152297964468837,3.5017614830505353,3.5017614830505353,0.0,9,9,915,1.5817452357071262,,0
2016-06-13,2016-06-13,0,70e4948f4304e28543a647331d1e6548bc6a8c1006d4bd24ce64fee3e0d00cfa,v11_85ae599b865950104870,False,False,False,513100,513100,513100,False,False,False,3.5017614830505353,3.4568671050627082,3.4568671050627082,0.0,10,10,915,1.5817452357071262,,0
2016-06-14,2016-06-14,0,70e4948f4304e28543a647331d1e6548bc6a8c1006d4bd24ce64fee3e0d00cfa,v11_85ae599b865950104870,False,False,False,513100,513100,513100,False,False,False,3.4568671050627082,3.4546223861633165,3.4546223861633165,0.0,11,11,915,1.5817452357071262,,0
2016-06-15,2016-06-15,0,70e4948f4304e28543a647331d1e6548bc6a8c1006d4bd24ce64fee3e0d00cfa,v11_85ae599b865950104870,False,False,False,513100,513100,513100,False,False,False,3.4546223861633165,3.4793142940566217,3.4793142940566217,0.0,12,12,915,1.5817452357071262,,0
2016-06-16,2016-06-16,0,70e4948f4304e28543a647331d1e6548bc6a8c1006d4bd24ce64fee3e0d00cfa,v11_85ae599b865950104870,False,False,False,513100,513100,513100,False,False,False,3.4793142940566217,3.4748248562578388,3.4748248562578388,0.0,13,13,915,1.5817452357071262,,0
2016-06-17,2016-06-17,0,70e4948f4304e28543a647331d1e6548bc6a8c1006d4bd24ce64fee3e0d00cfa,v11_85ae599b865950104870,False,False,False,513100,513100,513100,False,False,False,3.4748248562578388,3.4793142940566213,3.4793142940566213,0.0,14,14,915,1.5817452357071262,,0
2016-06-20,2016-06-20,0,70e4948f4304e28543a647331d1e6548bc6a8c1006d4bd24ce64fee3e0d00cfa,v11_85ae599b865950104870,False,False,False,513100,513100,513100,False,False,False,3.4793142940566213,3.4882931696541872,3.4882931696541872,0.0,15,15,915,1.5817452357071262,,0
2016-06-21,2016-06-21,0,70e4948f4304e28543a647331d1e6548bc6a8c1006d4bd24ce64fee3e0d00cfa,v11_85ae599b865950104870,False,False,False,513100,513100,513100,False,False,False,3.4882931696541872,3.4703354184590562,3.4703354184590562,0.0,16,16,915,1.5817452357071262,,0
2016-06-22,2016-06-22,0,70e4948f4304e28543a647331d1e6548bc6a8c1006d4bd24ce64fee3e0d00cfa,v11_85ae599b865950104870,False,False,False,513100,513100,513100,False,False,False,3.4703354184590562,3.459111823962099,3.459111823962099,0.0,17,17,915,1.5817452357071262,,0
2016-06-23,2016-06-23,0,70e4948f4304e28543a647331d1e6548bc6a8c1006d4bd24ce64fee3e0d00cfa,v11_85ae599b865950104870,False,False,False,513100,513100,513100,False,False,False,3.459111823962099,3.4658459806602733,3.4658459806602733,0.0,18,18,915,1.5817452357071262,,0
2016-06-24,2016-06-24,0,70e4948f4304e28543a647331d1e6548bc6a8c1006d4bd24ce64fee3e0d00cfa,v11_85ae599b865950104870,False,False,False,513100,518880,518880,False,False,True,3.4658459806602733,3.434419916068794,3.43373303208558,0.0006868839832137588,19,0,915,1.0681645087585705,,0
2016-06-27,2016-06-27,0,70e4948f4304e28543a647331d1e6548bc6a8c1006d4bd24ce64fee3e0d00cfa,v11_85ae599b865950104870,False,False,False,518880,518880,518880,False,False,False,3.43373303208558,3.4618884188014327,3.4618884188014327,0.0,1,1,915,1.076923076923079,,0
2016-06-28,2016-06-28,0,70e4948f4304e28543a647331d1e6548bc6a8c1006d4bd24ce64fee3e0d00cfa,v11_85ae599b865950104870,False,False,False,518880,518880,518880,False,False,False,3.4618884188014327,3.4484227990677634,3.4484227990677634,0.0,2,2,915,1.076923076923079,,0
2016-06-29,2016-06-29,0,70e4948f4304e28543a647331d1e6548bc6a8c1006d4bd24ce64fee3e0d00cfa,v11_85ae599b865950104870,False,False,False,518880,518880,518880,False,False,False,3.4484227990677634,3.4643367132984633,3.4643367132984633,0.0,3,3,915,1.0776846915460798,,0
2016-06-30,2016-06-30,0,70e4948f4304e28543a647331d1e6548bc6a8c1006d4bd24ce64fee3e0d00cfa,v11_85ae599b865950104870,False,False,False,518880,518880,518880,False,False,False,3.4643367132984633,3.449646946316279,3.449646946316279,0.0,4,4,915,1.0776846915460798,,0
2016-07-01,2016-07-01,0,70e4948f4304e28543a647331d1e6548bc6a8c1006d4bd24ce64fee3e0d00cfa,v11_85ae599b865950104870,False,False,False,518880,518880,518880,False,False,False,3.449646946316279,3.498612836256893,3.498612836256893,0.0,5,5,915,1.0883472962680905,,0
2016-07-04,2016-07-04,0,70e4948f4304e28543a647331d1e6548bc6a8c1006d4bd24ce64fee3e0d00cfa,v11_85ae599b865950104870,False,False,False,518880,518880,518880,False,False,False,3.498612836256893,3.5488028734460224,3.5488028734460224,0.0,6,6,915,1.103960396039606,,0
2016-07-05,2016-07-05,0,70e4948f4304e28543a647331d1e6548bc6a8c1006d4bd24ce64fee3e0d00cfa,v11_85ae599b865950104870,False,False,False,518880,518880,518880,False,False,False,3.5488028734460224,3.5377855482093836,3.5377855482093836,0.0,7,7,915,1.103960396039606,,0
2016-07-06,2016-07-06,0,70e4948f4304e28543a647331d1e6548bc6a8c1006d4bd24ce64fee3e0d00cfa,v11_85ae599b865950104870,False,False,False,518880,518880,518880,False,False,False,3.5377855482093836,3.607561941374759,3.607561941374759,0.0,8,8,915,1.1222391469916242,,0
2016-07-07,2016-07-07,0,70e4948f4304e28543a647331d1e6548bc6a8c1006d4bd24ce64fee3e0d00cfa,v11_85ae599b865950104870,False,False,False,518880,518880,518880,False,False,False,3.607561941374759,3.5940963216410897,3.5940963216410897,0.0,9,9,915,1.1222391469916242,,0
2016-07-08,2016-07-08,0,70e4948f4304e28543a647331d1e6548bc6a8c1006d4bd24ce64fee3e0d00cfa,v11_85ae599b865950104870,False,False,False,518880,518880,518880,False,False,False,3.5940963216410897,3.5696133766707825,3.5696133766707825,0.0,10,10,915,1.1222391469916242,,0
2016-07-11,2016-07-11,0,70e4948f4304e28543a647331d1e6548bc6a8c1006d4bd24ce64fee3e0d00cfa,v11_85ae599b865950104870,False,False,False,518880,518880,518880,False,False,False,3.5696133766707825,3.6014412051321822,3.6014412051321822,0.0,11,11,915,1.1222391469916242,,0
2016-07-12,2016-07-12,0,70e4948f4304e28543a647331d1e6548bc6a8c1006d4bd24ce64fee3e0d00cfa,v11_85ae599b865950104870,False,False,False,518880,518880,518880,False,False,False,3.6014412051321822,3.5732858184163288,3.5732858184163288,0.0,12,12,915,1.1222391469916242,,0
2016-07-13,2016-07-13,0,70e4948f4304e28543a647331d1e6548bc6a8c1006d4bd24ce64fee3e0d00cfa,v11_85ae599b865950104870,False,False,False,518880,518880,518880,False,False,False,3.5732858184163288,3.540233842706414,3.540233842706414,0.0,13,13,915,1.1222391469916242,,0
2016-07-14,2016-07-14,0,70e4948f4304e28543a647331d1e6548bc6a8c1006d4bd24ce64fee3e0d00cfa,v11_85ae599b865950104870,False,False,False,518880,510300,510300,False,False,True,3.540233842706414,3.5157508977361074,3.5150477475565602,0.0007031501795472215,14,0,915,1.3559288616856904,,0
2016-07-15,2016-07-15,0,70e4948f4304e28543a647331d1e6548bc6a8c1006d4bd24ce64fee3e0d00cfa,v11_85ae599b865950104870,False,False,False,510300,510300,510300,False,False,False,3.5150477475565602,3.519284020828698,3.519284020828698,0.0,1,1,915,1.3575630031279147,,0
2016-07-18,2016-07-18,0,70e4948f4304e28543a647331d1e6548bc6a8c1006d4bd24ce64fee3e0d00cfa,v11_85ae599b865950104870,False,False,False,510300,510300,510300,False,False,False,3.519284020828698,3.506575201012284,3.506575201012284,0.0,2,2,915,1.3575630031279147,,0
2016-07-19,2016-07-19,0,70e4948f4304e28543a647331d1e6548bc6a8c1006d4bd24ce64fee3e0d00cfa,v11_85ae599b865950104870,False,False,False,510300,510300,510300,False,False,False,3.506575201012284,3.4885710396056973,3.4885710396056973,0.0,3,3,915,1.3575630031279147,,0
2016-07-20,2016-07-20,0,70e4948f4304e28543a647331d1e6548bc6a8c1006d4bd24ce64fee3e0d00cfa,v11_85ae599b865950104870,False,False,False,510300,510300,510300,False,False,False,3.4885710396056973,3.4811575613794554,3.4811575613794554,0.0,4,4,915,1.3575630031279147,,0
2016-07-21,2016-07-21,0,70e4948f4304e28543a647331d1e6548bc6a8c1006d4bd24ce64fee3e0d00cfa,v11_85ae599b865950104870,False,False,False,510300,510300,510300,False,False,False,3.4811575613794554,3.500220791104077,3.500220791104077,0.0,5,5,915,1.3575630031279147,,0
2016-07-22,2016-07-22,0,70e4948f4304e28543a647331d1e6548bc6a8c1006d4bd24ce64fee3e0d00cfa,v11_85ae599b865950104870,False,False,False,510300,513100,513100,False,False,True,3.500220791104077,3.4695078098810757,3.4688139083190994,0.0006939015619762152,6,0,915,1.6419257773320004,,0
2016-07-25,2016-07-25,0,70e4948f4304e28543a647331d1e6548bc6a8c1006d4bd24ce64fee3e0d00cfa,v11_85ae599b865950104870,False,False,False,513100,513100,513100,False,False,False,3.4688139083190994,3.4815279483007213,3.4815279483007213,0.0,1,1,915,1.6479438314944879,,0
2016-07-26,2016-07-26,0,70e4948f4304e28543a647331d1e6548bc6a8c1006d4bd24ce64fee3e0d00cfa,v11_85ae599b865950104870,False,False,False,513100,513100,513100,False,False,False,3.4815279483007213,3.4900039749551355,3.4900039749551355,0.0,2,2,915,1.6519558676028128,,0
2016-07-27,2016-07-27,0,70e4948f4304e28543a647331d1e6548bc6a8c1006d4bd24ce64fee3e0d00cfa,v11_85ae599b865950104870,False,False,False,513100,513100,513100,False,False,False,3.4900039749551355,3.4942419882823432,3.4942419882823432,0.0,3,3,915,1.6539618856569753,,0
2016-07-28,2016-07-28,0,70e4948f4304e28543a647331d1e6548bc6a8c1006d4bd24ce64fee3e0d00cfa,v11_85ae599b865950104870,False,False,False,513100,513100,513100,False,False,False,3.4942419882823432,3.5090750349275686,3.5090750349275686,0.0,4,4,915,1.660982948846544,,0
2016-07-29,2016-07-29,0,70e4948f4304e28543a647331d1e6548bc6a8c1006d4bd24ce64fee3e0d00cfa,v11_85ae599b865950104870,False,False,False,513100,513100,513100,False,False,False,3.5090750349275686,3.5281460949000016,3.5281460949000016,0.0,5,5,915,1.6700100300902754,,0
2016-08-01,2016-08-01,0,70e4948f4304e28543a647331d1e6548bc6a8c1006d4bd24ce64fee3e0d00cfa,v11_85ae599b865950104870,False,False,False,513100,513100,513100,False,False,False,3.5281460949000016,3.5387411282180197,3.5387411282180197,0.0,6,6,915,1.6750250752256817,,0
2016-08-02,2016-08-02,0,70e4948f4304e28543a647331d1e6548bc6a8c1006d4bd24ce64fee3e0d00cfa,v11_85ae599b865950104870,False,False,False,513100,513100,513100,False,False,False,3.5387411282180197,3.555693181526848,3.555693181526848,0.0,7,7,915,1.6830491474423315,,0
2016-08-03,2016-08-03,0,70e4948f4304e28543a647331d1e6548bc6a8c1006d4bd24ce64fee3e0d00cfa,v11_85ae599b865950104870,False,False,False,513100,513100,513100,False,False,False,3.555693181526848,3.5048370216003617,3.5048370216003617,0.0,8,8,915,1.6830491474423315,,0
2016-08-04,2016-08-04,0,70e4948f4304e28543a647331d1e6548bc6a8c1006d4bd24ce64fee3e0d00cfa,v11_85ae599b865950104870,False,False,False,513100,513100,513100,False,False,False,3.5048370216003617,3.5090750349275686,3.5090750349275686,0.0,9,9,915,1.6830491474423315,,0
2016-08-05,2016-08-05,0,70e4948f4304e28543a647331d1e6548bc6a8c1006d4bd24ce64fee3e0d00cfa,v11_85ae599b865950104870,False,False,False,513100,513100,513100,False,False,False,3.5090750349275686,3.534503114890812,3.534503114890812,0.0,10,10,915,1.6830491474423315,,0
2016-08-08,2016-08-08,0,70e4948f4304e28543a647331d1e6548bc6a8c1006d4bd24ce64fee3e0d00cfa,v11_85ae599b865950104870,False,False,False,513100,513100,513100,False,False,False,3.534503114890812,3.5768832481628836,3.5768832481628836,0.0,11,11,915,1.6930792377131436,,0
2016-08-09,2016-08-09,0,70e4948f4304e28543a647331d1e6548bc6a8c1006d4bd24ce64fee3e0d00cfa,v11_85ae599b865950104870,False,False,False,513100,513100,513100,False,False,False,3.5768832481628836,3.5917162948081094,3.5917162948081094,0.0,12,12,915,1.7001003009027125,,0
2016-08-10,2016-08-10,0,70e4948f4304e28543a647331d1e6548bc6a8c1006d4bd24ce64fee3e0d00cfa,v11_85ae599b865950104870,False,False,False,513100,513100,513100,False,False,False,3.5917162948081094,3.602311328126127,3.602311328126127,0.0,13,13,915,1.7051153460381185,,0
2016-08-11,2016-08-11,0,70e4948f4304e28543a647331d1e6548bc6a8c1006d4bd24ce64fee3e0d00cfa,v11_85ae599b865950104870,False,False,False,513100,513100,513100,False,False,False,3.602311328126127,3.587478281480902,3.587478281480902,0.0,14,14,915,1.7051153460381185,,0
2016-08-12,2016-08-12,0,70e4948f4304e28543a647331d1e6548bc6a8c1006d4bd24ce64fee3e0d00cfa,v11_85ae599b865950104870,False,False,False,513100,513100,513100,False,False,False,3.587478281480902,3.6065493414533343,3.6065493414533343,0.0,15,15,915,1.707121364092281,,0
2016-08-15,2016-08-15,0,70e4948f4304e28543a647331d1e6548bc6a8c1006d4bd24ce64fee3e0d00cfa,v11_85ae599b865950104870,False,False,False,513100,513100,513100,False,False,False,3.6065493414533343,3.5980733147989192,3.5980733147989192,0.0,16,16,915,1.707121364092281,,0
2016-08-16,2016-08-16,0,70e4948f4304e28543a647331d1e6548bc6a8c1006d4bd24ce64fee3e0d00cfa,v11_85ae599b865950104870,False,False,False,513100,513100,513100,False,False,False,3.5980733147989192,3.606549341453334,3.606549341453334,0.0,17,17,915,1.707121364092281,,0
2016-08-17,2016-08-17,0,70e4948f4304e28543a647331d1e6548bc6a8c1006d4bd24ce64fee3e0d00cfa,v11_85ae599b865950104870,False,False,False,513100,513100,513100,False,False,False,3.606549341453334,3.576883248162883,3.576883248162883,0.0,18,18,915,1.707121364092281,,0
2016-08-18,2016-08-18,0,70e4948f4304e28543a647331d1e6548bc6a8c1006d4bd24ce64fee3e0d00cfa,v11_85ae599b865950104870,False,False,False,513100,513100,513100,False,False,False,3.576883248162883,3.5853592748172978,3.5853592748172978,0.0,19,19,915,1.707121364092281,,0
2016-08-19,2016-08-19,0,70e4948f4304e28543a647331d1e6548bc6a8c1006d4bd24ce64fee3e0d00cfa,v11_85ae599b865950104870,False,False,False,513100,513100,513100,False,False,False,3.5853592748172978,3.5832402681536943,3.5832402681536943,0.0,20,20,915,1.707121364092281,,0
2016-08-22,2016-08-22,0,70e4948f4304e28543a647331d1e6548bc6a8c1006d4bd24ce64fee3e0d00cfa,v11_85ae599b865950104870,False,False,False,513100,513100,513100,False,False,False,3.5832402681536943,3.5832402681536943,3.5832402681536943,0.0,21,21,915,1.707121364092281,,0
2016-08-23,2016-08-23,0,70e4948f4304e28543a647331d1e6548bc6a8c1006d4bd24ce64fee3e0d00cfa,v11_85ae599b865950104870,False,False,False,513100,513100,513100,False,False,False,3.5832402681536943,3.6086683481169373,3.6086683481169373,0.0,22,22,915,1.7081243731193625,,0
2016-08-24,2016-08-24,0,70e4948f4304e28543a647331d1e6548bc6a8c1006d4bd24ce64fee3e0d00cfa,v11_85ae599b865950104870,False,False,False,513100,513100,513100,False,False,False,3.6086683481169373,3.6171443747713514,3.6171443747713514,0.0,23,23,915,1.7121364092276874,,0
2016-08-25,2016-08-25,0,70e4948f4304e28543a647331d1e6548bc6a8c1006d4bd24ce64fee3e0d00cfa,v11_85ae599b865950104870,False,False,False,513100,513100,513100,False,False,False,3.6171443747713514,3.591716294808108,3.591716294808108,0.0,24,24,915,1.7121364092276874,,0
2016-08-26,2016-08-26,0,70e4948f4304e28543a647331d1e6548bc6a8c1006d4bd24ce64fee3e0d00cfa,v11_85ae599b865950104870,False,False,False,513100,513100,513100,False,False,False,3.591716294808108,3.600192321462522,3.600192321462522,0.0,25,25,915,1.7121364092276874,,0
2016-08-29,2016-08-29,0,70e4948f4304e28543a647331d1e6548bc6a8c1006d4bd24ce64fee3e0d00cfa,v11_85ae599b865950104870,False,False,False,513100,510300,510300,False,False,True,3.600192321462522,3.5895972881445037,3.5888793686868747,0.0007179194576289008,26,0,915,1.373087346829046,,0
2016-08-30,2016-08-30,0,70e4948f4304e28543a647331d1e6548bc6a8c1006d4bd24ce64fee3e0d00cfa,v11_85ae599b865950104870,False,False,False,510300,510300,510300,False,False,False,3.5888793686868747,3.603828583551979,3.603828583551979,0.0,1,1,915,1.3788068418768313,,0
2016-08-31,2016-08-31,0,70e4948f4304e28543a647331d1e6548bc6a8c1006d4bd24ce64fee3e0d00cfa,v11_85ae599b865950104870,False,False,False,510300,510300,510300,False,False,False,3.603828583551979,3.6187777984170832,3.6187777984170832,0.0,2,2,915,1.3845263369246166,,0
2016-09-01,2016-09-01,0,70e4948f4304e28543a647331d1e6548bc6a8c1006d4bd24ce64fee3e0d00cfa,v11_85ae599b865950104870,False,False,False,510300,510300,510300,False,False,False,3.6187777984170832,3.5803369601925294,3.5803369601925294,0.0,3,3,915,1.3845263369246166,,0
2016-09-02,2016-09-02,0,70e4948f4304e28543a647331d1e6548bc6a8c1006d4bd24ce64fee3e0d00cfa,v11_85ae599b865950104870,False,False,False,510300,510300,510300,False,False,False,3.5803369601925294,3.5963539761194263,3.5963539761194263,0.0,4,4,915,1.3845263369246166,,0
2016-09-05,2016-09-05,0,70e4948f4304e28543a647331d1e6548bc6a8c1006d4bd24ce64fee3e0d00cfa,v11_85ae599b865950104870,False,False,False,510300,510300,510300,False,False,False,3.5963539761194263,3.6038285835519788,3.6038285835519788,0.0,5,5,915,1.3845263369246166,,0
2016-09-06,2016-09-06,0,70e4948f4304e28543a647331d1e6548bc6a8c1006d4bd24ce64fee3e0d00cfa,v11_85ae599b865950104870,False,False,False,510300,510300,510300,False,False,False,3.6038285835519788,3.6347948143439806,3.6347948143439806,0.0,6,6,915,1.390654367332958,,0
2016-09-07,2016-09-07,0,70e4948f4304e28543a647331d1e6548bc6a8c1006d4bd24ce64fee3e0d00cfa,v11_85ae599b865950104870,False,False,False,510300,510300,510300,False,False,False,3.6347948143439806,3.636930416467567,3.636930416467567,0.0,7,7,915,1.3914714380540703,,0
2016-09-08,2016-09-08,0,70e4948f4304e28543a647331d1e6548bc6a8c1006d4bd24ce64fee3e0d00cfa,v11_85ae599b865950104870,False,False,False,510300,510300,510300,False,False,False,3.636930416467567,3.6315914111586007,3.6315914111586007,0.0,8,8,915,1.3914714380540703,,0
2016-09-09,2016-09-09,0,70e4948f4304e28543a647331d1e6548bc6a8c1006d4bd24ce64fee3e0d00cfa,v11_85ae599b865950104870,False,False,False,510300,510300,510300,False,False,False,3.6315914111586007,3.6134387931081164,3.6134387931081164,0.0,9,9,915,1.3914714380540703,,0
2016-09-12,2016-09-12,0,70e4948f4304e28543a647331d1e6548bc6a8c1006d4bd24ce64fee3e0d00cfa,v11_85ae599b865950104870,False,False,False,510300,513100,513100,False,False,True,3.6134387931081164,3.541896121967974,3.5411877427435803,0.0007083792243935948,10,0,915,1.66599799398195,,0
2016-09-13,2016-09-13,0,70e4948f4304e28543a647331d1e6548bc6a8c1006d4bd24ce64fee3e0d00cfa,v11_85ae599b865950104870,False,False,False,513100,518880,518880,False,False,True,3.5411877427435803,3.5923548142823196,3.5916363433194634,0.000718470962856464,1,0,915,1.08796648895659,,0
2016-09-14,2016-09-14,0,70e4948f4304e28543a647331d1e6548bc6a8c1006d4bd24ce64fee3e0d00cfa,v11_85ae599b865950104870,False,False,False,518880,518880,518880,False,False,False,3.5916363433194634,3.5740364452422932,3.5740364452422932,0.0,1,1,915,1.08796648895659,,0
2016-09-19,2016-09-19,0,70e4948f4304e28543a647331d1e6548bc6a8c1006d4bd24ce64fee3e0d00cfa,v11_85ae599b865950104870,False,False,False,518880,513100,513100,False,False,True,3.5740364452422932,3.552665140434302,3.5519546074062154,0.0007105330280868605,2,0,915,1.7171514543630935,,0
2016-09-20,2016-09-20,0,70e4948f4304e28543a647331d1e6548bc6a8c1006d4bd24ce64fee3e0d00cfa,v11_85ae599b865950104870,False,False,False,513100,513100,513100,False,False,False,3.5519546074062154,3.529132469157694,3.529132469157694,0.0,1,1,915,1.7171514543630935,,0
2016-09-21,2016-09-21,0,70e4948f4304e28543a647331d1e6548bc6a8c1006d4bd24ce64fee3e0d00cfa,v11_85ae599b865950104870,False,False,False,513100,513100,513100,False,False,False,3.529132469157694,3.529132469157694,3.529132469157694,0.0,2,2,915,1.7171514543630935,,0
2016-09-22,2016-09-22,0,70e4948f4304e28543a647331d1e6548bc6a8c1006d4bd24ce64fee3e0d00cfa,v11_85ae599b865950104870,False,False,False,513100,513100,513100,False,False,False,3.529132469157694,3.5851504448586096,3.5851504448586096,0.0,3,3,915,1.7331995987963933,,0
2016-09-23,2016-09-23,0,70e4948f4304e28543a647331d1e6548bc6a8c1006d4bd24ce64fee3e0d00cfa,v11_85ae599b865950104870,False,False,False,513100,513100,513100,False,False,False,3.5851504448586096,3.6785137376934687,3.6785137376934687,0.0,4,4,915,1.778335005015049,,0
2016-09-26,2016-09-26,0,70e4948f4304e28543a647331d1e6548bc6a8c1006d4bd24ce64fee3e0d00cfa,v11_85ae599b865950104870,False,False,False,513100,513100,513100,False,False,False,3.6785137376934687,3.6204210221517785,3.6204210221517785,0.0,5,5,915,1.778335005015049,,0
2016-09-27,2016-09-27,0,70e4948f4304e28543a647331d1e6548bc6a8c1006d4bd24ce64fee3e0d00cfa,v11_85ae599b865950104870,False,False,False,513100,513100,513100,False,False,False,3.6204210221517785,3.572702005813961,3.572702005813961,0.0,6,6,915,1.778335005015049,,0
2016-09-28,2016-09-28,0,70e4948f4304e28543a647331d1e6548bc6a8c1006d4bd24ce64fee3e0d00cfa,v11_85ae599b865950104870,False,False,False,513100,513100,513100,False,False,False,3.572702005813961,3.57685148549551,3.57685148549551,0.0,7,7,915,1.778335005015049,,0
2016-09-29,2016-09-29,0,70e4948f4304e28543a647331d1e6548bc6a8c1006d4bd24ce64fee3e0d00cfa,v11_85ae599b865950104870,False,False,False,513100,513100,513100,False,False,False,3.57685148549551,3.57685148549551,3.57685148549551,0.0,8,8,915,1.778335005015049,,0
2016-09-30,2016-09-30,0,70e4948f4304e28543a647331d1e6548bc6a8c1006d4bd24ce64fee3e0d00cfa,v11_85ae599b865950104870,False,False,False,513100,513100,513100,False,False,False,3.57685148549551,3.541580908202341,3.541580908202341,0.0,9,9,915,1.778335005015049,,0
2016-10-10,2016-10-10,0,70e4948f4304e28543a647331d1e6548bc6a8c1006d4bd24ce64fee3e0d00cfa,v11_85ae599b865950104870,False,False,False,513100,513100,513100,False,False,False,3.541580908202341,3.570627265973186,3.570627265973186,0.0,10,10,915,1.778335005015049,,0
2016-10-11,2016-10-11,0,70e4948f4304e28543a647331d1e6548bc6a8c1006d4bd24ce64fee3e0d00cfa,v11_85ae599b865950104870,False,False,False,513100,513100,513100,False,False,False,3.570627265973186,3.616271542470229,3.616271542470229,0.0,11,11,915,1.778335005015049,,0
2016-10-12,2016-10-12,0,70e4948f4304e28543a647331d1e6548bc6a8c1006d4bd24ce64fee3e0d00cfa,v11_85ae599b865950104870,False,False,False,513100,513100,513100,False,False,False,3.616271542470229,3.6100473229479046,3.6100473229479046,0.0,12,12,915,1.778335005015049,,0
2016-10-13,2016-10-13,0,70e4948f4304e28543a647331d1e6548bc6a8c1006d4bd24ce64fee3e0d00cfa,v11_85ae599b865950104870,False,False,False,513100,513100,513100,False,False,False,3.6100473229479046,3.5996736237440317,3.5996736237440317,0.0,13,13,915,1.778335005015049,,0
2016-10-14,2016-10-14,0,70e4948f4304e28543a647331d1e6548bc6a8c1006d4bd24ce64fee3e0d00cfa,v11_85ae599b865950104870,False,False,False,513100,513100,513100,False,False,False,3.5996736237440317,3.597598883903257,3.597598883903257,0.0,14,14,915,1.778335005015049,,0
2016-10-17,2016-10-17,0,70e4948f4304e28543a647331d1e6548bc6a8c1006d4bd24ce64fee3e0d00cfa,v11_85ae599b865950104870,False,False,False,513100,513100,513100,False,False,False,3.597598883903257,3.5623283066100875,3.5623283066100875,0.0,15,15,915,1.778335005015049,,0
2016-10-18,2016-10-18,0,70e4948f4304e28543a647331d1e6548bc6a8c1006d4bd24ce64fee3e0d00cfa,v11_85ae599b865950104870,False,False,False,513100,513100,513100,False,False,False,3.5623283066100875,3.5623283066100875,3.5623283066100875,0.0,16,16,915,1.778335005015049,,0
2016-10-19,2016-10-19,0,70e4948f4304e28543a647331d1e6548bc6a8c1006d4bd24ce64fee3e0d00cfa,v11_85ae599b865950104870,False,False,False,513100,513100,513100,False,False,False,3.5623283066100875,3.5789262253362852,3.5789262253362852,0.0,17,17,915,1.778335005015049,,0
2016-10-20,2016-10-20,0,70e4948f4304e28543a647331d1e6548bc6a8c1006d4bd24ce64fee3e0d00cfa,v11_85ae599b865950104870,False,False,False,513100,513100,513100,False,False,False,3.5789262253362852,3.595524144062482,3.595524144062482,0.0,18,18,915,1.778335005015049,,0
2016-10-21,2016-10-21,0,70e4948f4304e28543a647331d1e6548bc6a8c1006d4bd24ce64fee3e0d00cfa,v11_85ae599b865950104870,False,False,False,513100,513100,513100,False,False,False,3.595524144062482,3.5851504448586087,3.5851504448586087,0.0,19,19,915,1.778335005015049,,0
2016-10-24,2016-10-24,0,70e4948f4304e28543a647331d1e6548bc6a8c1006d4bd24ce64fee3e0d00cfa,v11_85ae599b865950104870,False,False,False,513100,513100,513100,False,False,False,3.5851504448586087,3.6079725831071308,3.6079725831071308,0.0,20,20,915,1.778335005015049,,0
2016-10-25,2016-10-25,0,70e4948f4304e28543a647331d1e6548bc6a8c1006d4bd24ce64fee3e0d00cfa,v11_85ae599b865950104870,False,False,False,513100,513100,513100,False,False,False,3.6079725831071308,3.655691599444948,3.655691599444948,0.0,21,21,915,1.778335005015049,,0
2016-10-26,2016-10-26,0,70e4948f4304e28543a647331d1e6548bc6a8c1006d4bd24ce64fee3e0d00cfa,v11_85ae599b865950104870,False,False,False,513100,513100,513100,False,False,False,3.655691599444948,3.6328694611964267,3.6328694611964267,0.0,22,22,915,1.778335005015049,,0
2016-10-27,2016-10-27,0,70e4948f4304e28543a647331d1e6548bc6a8c1006d4bd24ce64fee3e0d00cfa,v11_85ae599b865950104870,False,False,False,513100,513100,513100,False,False,False,3.6328694611964267,3.6058978432663564,3.6058978432663564,0.0,23,23,915,1.778335005015049,,0
2016-10-28,2016-10-28,0,70e4948f4304e28543a647331d1e6548bc6a8c1006d4bd24ce64fee3e0d00cfa,v11_85ae599b865950104870,False,False,False,513100,510300,510300,False,False,True,3.6058978432663564,3.6038231034255817,3.603102338804897,0.0007207646206851164,24,0,915,1.390245831972402,,0
2016-10-31,2016-10-31,0,70e4948f4304e28543a647331d1e6548bc6a8c1006d4bd24ce64fee3e0d00cfa,v11_85ae599b865950104870,False,False,False,510300,510300,510300,False,False,False,3.603102338804897,3.5956907265887246,3.5956907265887246,0.0,1,1,915,1.390245831972402,,0
2016-11-01,2016-11-01,0,70e4948f4304e28543a647331d1e6548bc6a8c1006d4bd24ce64fee3e0d00cfa,v11_85ae599b865950104870,False,False,False,510300,510300,510300,False,False,False,3.5956907265887246,3.617925563237242,3.617925563237242,0.0,2,2,915,1.3959653270201875,,0
2016-11-02,2016-11-02,0,70e4948f4304e28543a647331d1e6548bc6a8c1006d4bd24ce64fee3e0d00cfa,v11_85ae599b865950104870,False,False,False,510300,510300,510300,False,False,False,3.617925563237242,3.5935731230983907,3.5935731230983907,0.0,3,3,915,1.3959653270201875,,0
2016-11-03,2016-11-03,0,70e4948f4304e28543a647331d1e6548bc6a8c1006d4bd24ce64fee3e0d00cfa,v11_85ae599b865950104870,False,False,False,510300,510300,510300,False,False,False,3.5935731230983907,3.6211019684727446,3.6211019684727446,0.0,4,4,915,1.397190933101856,,0
2016-11-04,2016-11-04,0,70e4948f4304e28543a647331d1e6548bc6a8c1006d4bd24ce64fee3e0d00cfa,v11_85ae599b865950104870,False,False,False,510300,510300,510300,False,False,False,3.6211019684727446,3.609455149275902,3.609455149275902,0.0,5,5,915,1.397190933101856,,0
2016-11-07,2016-11-07,0,70e4948f4304e28543a647331d1e6548bc6a8c1006d4bd24ce64fee3e0d00cfa,v11_85ae599b865950104870,False,False,False,510300,510300,510300,False,False,False,3.609455149275902,3.6126315545114047,3.6126315545114047,0.0,6,6,915,1.397190933101856,,0
2016-11-08,2016-11-08,0,70e4948f4304e28543a647331d1e6548bc6a8c1006d4bd24ce64fee3e0d00cfa,v11_85ae599b865950104870,False,False,False,510300,510300,510300,False,False,False,3.6126315545114047,3.631689985924419,3.631689985924419,0.0,7,7,915,1.4012762867074169,,0
2016-11-09,2016-11-09,0,70e4948f4304e28543a647331d1e6548bc6a8c1006d4bd24ce64fee3e0d00cfa,v11_85ae599b865950104870,False,False,False,510300,510300,510300,False,False,False,3.631689985924419,3.617925563237242,3.617925563237242,0.0,8,8,915,1.4012762867074169,,0
2016-11-10,2016-11-10,0,70e4948f4304e28543a647331d1e6548bc6a8c1006d4bd24ce64fee3e0d00cfa,v11_85ae599b865950104870,False,False,False,510300,510300,510300,False,False,False,3.617925563237242,3.654983624318103,3.654983624318103,0.0,9,9,915,1.410264064639651,,0
2016-11-11,2016-11-11,0,70e4948f4304e28543a647331d1e6548bc6a8c1006d4bd24ce64fee3e0d00cfa,v11_85ae599b865950104870,False,False,False,510300,510300,510300,False,False,False,3.654983624318103,3.6867476766731277,3.6867476766731277,0.0,10,10,915,1.422520125456334,,0
2016-11-14,2016-11-14,0,70e4948f4304e28543a647331d1e6548bc6a8c1006d4bd24ce64fee3e0d00cfa,v11_85ae599b865950104870,False,False,False,510300,510300,510300,False,False,False,3.6867476766731277,3.6920416853989653,3.6920416853989653,0.0,11,11,915,1.4245628022591146,,0
2016-11-15,2016-11-15,0,70e4948f4304e28543a647331d1e6548bc6a8c1006d4bd24ce64fee3e0d00cfa,v11_85ae599b865950104870,False,False,False,510300,510300,510300,False,False,False,3.6920416853989653,3.687806478418295,3.687806478418295,0.0,12,12,915,1.4245628022591146,,0
2016-11-16,2016-11-16,0,70e4948f4304e28543a647331d1e6548bc6a8c1006d4bd24ce64fee3e0d00cfa,v11_85ae599b865950104870,False,False,False,510300,510300,510300,False,False,False,3.687806478418295,3.6888652801634625,3.6888652801634625,0.0,13,13,915,1.4245628022591146,,0
2016-11-17,2016-11-17,0,70e4948f4304e28543a647331d1e6548bc6a8c1006d4bd24ce64fee3e0d00cfa,v11_85ae599b865950104870,False,False,False,510300,510300,510300,False,False,False,3.6888652801634625,3.697335694124802,3.697335694124802,0.0,14,14,915,1.426605479061895,,0
2016-11-18,2016-11-18,0,70e4948f4304e28543a647331d1e6548bc6a8c1006d4bd24ce64fee3e0d00cfa,v11_85ae599b865950104870,False,False,False,510300,510300,510300,False,False,False,3.697335694124802,3.684630073182792,3.684630073182792,0.0,15,15,915,1.426605479061895,,0
2016-11-21,2016-11-21,0,70e4948f4304e28543a647331d1e6548bc6a8c1006d4bd24ce64fee3e0d00cfa,v11_85ae599b865950104870,False,False,False,510300,510300,510300,False,False,False,3.684630073182792,3.701570901105472,3.701570901105472,0.0,16,16,915,1.4282396205041195,,0
2016-11-22,2016-11-22,0,70e4948f4304e28543a647331d1e6548bc6a8c1006d4bd24ce64fee3e0d00cfa,v11_85ae599b865950104870,False,False,False,510300,510300,510300,False,False,False,3.701570901105472,3.7386289621863336,3.7386289621863336,0.0,17,17,915,1.442538358123583,,0
2016-11-23,2016-11-23,0,70e4948f4304e28543a647331d1e6548bc6a8c1006d4bd24ce64fee3e0d00cfa,v11_85ae599b865950104870,False,False,False,510300,510300,510300,False,False,False,3.7386289621863336,3.744981772657338,3.744981772657338,0.0,18,18,915,1.4449895702869195,,0
2016-11-24,2016-11-24,0,70e4948f4304e28543a647331d1e6548bc6a8c1006d4bd24ce64fee3e0d00cfa,v11_85ae599b865950104870,False,False,False,510300,510300,510300,False,False,False,3.744981772657338,3.755569790109013,3.755569790109013,0.0,19,19,915,1.4490749238924807,,0
2016-11-25,2016-11-25,0,70e4948f4304e28543a647331d1e6548bc6a8c1006d4bd24ce64fee3e0d00cfa,v11_85ae599b865950104870,False,False,False,510300,510300,510300,False,False,False,3.755569790109013,3.7968630581705436,3.7968630581705436,0.0,20,20,915,1.4650078029541684,,0
2016-11-28,2016-11-28,0,70e4948f4304e28543a647331d1e6548bc6a8c1006d4bd24ce64fee3e0d00cfa,v11_85ae599b865950104870,False,False,False,510300,510300,510300,False,False,False,3.7968630581705436,3.813803886093223,3.813803886093223,0.0,21,21,915,1.471544368723066,,0
2016-11-29,2016-11-29,0,70e4948f4304e28543a647331d1e6548bc6a8c1006d4bd24ce64fee3e0d00cfa,v11_85ae599b865950104870,False,False,False,510300,510300,510300,False,False,False,3.813803886093223,3.843450334957912,3.843450334957912,0.0,22,22,915,1.4829833588186367,,0
2016-11-30,2016-11-30,0,70e4948f4304e28543a647331d1e6548bc6a8c1006d4bd24ce64fee3e0d00cfa,v11_85ae599b865950104870,False,False,False,510300,510300,510300,False,False,False,3.843450334957912,3.808509877367386,3.808509877367386,0.0,23,23,915,1.4829833588186367,,0
2016-12-01,2016-12-01,0,70e4948f4304e28543a647331d1e6548bc6a8c1006d4bd24ce64fee3e0d00cfa,v11_85ae599b865950104870,False,False,False,510300,510300,510300,False,False,False,3.808509877367386,3.84450913670308,3.84450913670308,0.0,24,24,915,1.483391894179193,,0
2016-12-02,2016-12-02,0,70e4948f4304e28543a647331d1e6548bc6a8c1006d4bd24ce64fee3e0d00cfa,v11_85ae599b865950104870,False,False,False,510300,510300,510300,False,False,False,3.84450913670308,3.8021570668963816,3.8021570668963816,0.0,25,25,915,1.483391894179193,,0
2016-12-05,2016-12-05,0,70e4948f4304e28543a647331d1e6548bc6a8c1006d4bd24ce64fee3e0d00cfa,v11_85ae599b865950104870,False,False,False,510300,513100,513100,True,False,True,3.8021570668963816,3.725923341244324,3.725178156576075,0.0007451846682488647,26,0,915,1.7582748244734234,,0
2016-12-06,2016-12-06,0,70e4948f4304e28543a647331d1e6548bc6a8c1006d4bd24ce64fee3e0d00cfa,v11_85ae599b865950104870,False,False,False,513100,513100,513100,False,False,False,3.725178156576075,3.759178641747334,3.759178641747334,0.0,1,1,915,1.7743229689067233,,0
2016-12-07,2016-12-07,0,70e4948f4304e28543a647331d1e6548bc6a8c1006d4bd24ce64fee3e0d00cfa,v11_85ae599b865950104870,False,False,False,513100,513100,513100,False,False,False,3.759178641747334,3.7549285811009265,3.7549285811009265,0.0,2,2,915,1.7743229689067233,,0
2016-12-08,2016-12-08,0,70e4948f4304e28543a647331d1e6548bc6a8c1006d4bd24ce64fee3e0d00cfa,v11_85ae599b865950104870,False,False,False,513100,513100,513100,False,False,False,3.7549285811009265,3.827179612089852,3.827179612089852,0.0,3,3,915,1.8064192577733231,,0
2016-12-09,2016-12-09,0,70e4948f4304e28543a647331d1e6548bc6a8c1006d4bd24ce64fee3e0d00cfa,v11_85ae599b865950104870,False,False,False,513100,513100,513100,False,False,False,3.827179612089852,3.791054096595389,3.791054096595389,0.0,4,4,915,1.8064192577733231,,0
2016-12-12,2016-12-12,0,70e4948f4304e28543a647331d1e6548bc6a8c1006d4bd24ce64fee3e0d00cfa,v11_85ae599b865950104870,False,False,False,513100,513100,513100,False,False,False,3.791054096595389,3.812304399827426,3.812304399827426,0.0,5,5,915,1.8064192577733231,,0
2016-12-13,2016-12-13,0,70e4948f4304e28543a647331d1e6548bc6a8c1006d4bd24ce64fee3e0d00cfa,v11_85ae599b865950104870,False,False,False,513100,513100,513100,False,False,False,3.812304399827426,3.812304399827426,3.812304399827426,0.0,6,6,915,1.8064192577733231,,0
2016-12-14,2016-12-14,0,70e4948f4304e28543a647331d1e6548bc6a8c1006d4bd24ce64fee3e0d00cfa,v11_85ae599b865950104870,False,False,False,513100,513100,513100,False,False,False,3.812304399827426,3.842054824352278,3.842054824352278,0.0,7,7,915,1.813440320962892,,0
2016-12-15,2016-12-15,0,70e4948f4304e28543a647331d1e6548bc6a8c1006d4bd24ce64fee3e0d00cfa,v11_85ae599b865950104870,False,False,False,513100,513100,513100,False,False,False,3.842054824352278,3.8463048849986854,3.8463048849986854,0.0,8,8,915,1.8154463390170545,,0
2016-12-16,2016-12-16,0,70e4948f4304e28543a647331d1e6548bc6a8c1006d4bd24ce64fee3e0d00cfa,v11_85ae599b865950104870,False,False,False,513100,513100,513100,False,False,False,3.8463048849986854,3.863305127584315,3.863305127584315,0.0,9,9,915,1.8234704112337046,,0
2016-12-19,2016-12-19,0,70e4948f4304e28543a647331d1e6548bc6a8c1006d4bd24ce64fee3e0d00cfa,v11_85ae599b865950104870,False,False,False,513100,513100,513100,False,False,False,3.863305127584315,3.8526799759682966,3.8526799759682966,0.0,10,10,915,1.8234704112337046,,0
2016-12-20,2016-12-20,0,70e4948f4304e28543a647331d1e6548bc6a8c1006d4bd24ce64fee3e0d00cfa,v11_85ae599b865950104870,False,False,False,513100,513100,513100,False,False,False,3.8526799759682966,3.8590550669379082,3.8590550669379082,0.0,11,11,915,1.8234704112337046,,0
2016-12-21,2016-12-21,0,70e4948f4304e28543a647331d1e6548bc6a8c1006d4bd24ce64fee3e0d00cfa,v11_85ae599b865950104870,False,False,False,513100,513100,513100,False,False,False,3.8590550669379082,3.922805976634019,3.922805976634019,0.0,12,12,915,1.8515546639919795,,0
2016-12-22,2016-12-22,0,70e4948f4304e28543a647331d1e6548bc6a8c1006d4bd24ce64fee3e0d00cfa,v11_85ae599b865950104870,False,False,False,513100,513100,513100,False,False,False,3.922805976634019,3.905805734048389,3.905805734048389,0.0,13,13,915,1.8515546639919795,,0
2016-12-23,2016-12-23,0,70e4948f4304e28543a647331d1e6548bc6a8c1006d4bd24ce64fee3e0d00cfa,v11_85ae599b865950104870,False,False,False,513100,513100,513100,False,False,False,3.905805734048389,3.9015556734019823,3.9015556734019823,0.0,14,14,915,1.8515546639919795,,0
2016-12-26,2016-12-26,0,70e4948f4304e28543a647331d1e6548bc6a8c1006d4bd24ce64fee3e0d00cfa,v11_85ae599b865950104870,False,False,False,513100,513100,513100,False,False,False,3.9015556734019823,3.9631815527748895,3.9631815527748895,0.0,15,15,915,1.8706118355065233,,0
2016-12-27,2016-12-27,0,70e4948f4304e28543a647331d1e6548bc6a8c1006d4bd24ce64fee3e0d00cfa,v11_85ae599b865950104870,False,False,False,513100,513100,513100,False,False,False,3.9631815527748895,3.8973056127555745,3.8973056127555745,0.0,16,16,915,1.8706118355065233,,0
2016-12-28,2016-12-28,0,70e4948f4304e28543a647331d1e6548bc6a8c1006d4bd24ce64fee3e0d00cfa,v11_85ae599b865950104870,False,False,False,513100,513100,513100,False,False,False,3.8973056127555745,3.9164308856644077,3.9164308856644077,0.0,17,17,915,1.8706118355065233,,0
2016-12-29,2016-12-29,0,70e4948f4304e28543a647331d1e6548bc6a8c1006d4bd24ce64fee3e0d00cfa,v11_85ae599b865950104870,False,False,False,513100,513100,513100,False,False,False,3.9164308856644077,3.878180339846741,3.878180339846741,0.0,18,18,915,1.8706118355065233,,0
2016-12-30,2016-12-30,0,70e4948f4304e28543a647331d1e6548bc6a8c1006d4bd24ce64fee3e0d00cfa,v11_85ae599b865950104870,False,False,False,513100,513100,513100,False,False,False,3.878180339846741,3.8611800972611117,3.8611800972611117,0.0,19,19,915,1.8706118355065233,,0
2017-01-03,2017-01-03,0,70e4948f4304e28543a647331d1e6548bc6a8c1006d4bd24ce64fee3e0d00cfa,v11_85ae599b865950104870,False,False,False,513100,513100,513100,False,False,False,3.8611800972611117,3.8271796120898522,3.8271796120898522,0.0,20,20,915,1.8706118355065233,,0
2017-01-04,2017-01-04,0,70e4948f4304e28543a647331d1e6548bc6a8c1006d4bd24ce64fee3e0d00cfa,v11_85ae599b865950104870,False,False,False,513100,513100,513100,False,False,False,3.8271796120898522,3.8505549456450927,3.8505549456450927,0.0,21,21,915,1.8706118355065233,,0
2017-01-05,2017-01-05,0,70e4948f4304e28543a647331d1e6548bc6a8c1006d4bd24ce64fee3e0d00cfa,v11_85ae599b865950104870,False,False,False,513100,513100,513100,False,False,False,3.8505549456450927,3.848429915321889,3.848429915321889,0.0,22,22,915,1.8706118355065233,,0
2017-01-06,2017-01-06,0,70e4948f4304e28543a647331d1e6548bc6a8c1006d4bd24ce64fee3e0d00cfa,v11_85ae599b865950104870,False,False,False,513100,513100,513100,False,False,False,3.848429915321889,3.8505549456450927,3.8505549456450927,0.0,23,23,915,1.8706118355065233,,0
2017-01-09,2017-01-09,0,70e4948f4304e28543a647331d1e6548bc6a8c1006d4bd24ce64fee3e0d00cfa,v11_85ae599b865950104870,False,False,False,513100,513100,513100,False,False,False,3.8505549456450927,3.873930279200333,3.873930279200333,0.0,24,24,915,1.8706118355065233,,0
2017-01-10,2017-01-10,0,70e4948f4304e28543a647331d1e6548bc6a8c1006d4bd24ce64fee3e0d00cfa,v11_85ae599b865950104870,False,False,False,513100,513100,513100,False,False,False,3.873930279200333,3.8930555521091663,3.8930555521091663,0.0,25,25,915,1.8706118355065233,,0
2017-01-11,2017-01-11,0,70e4948f4304e28543a647331d1e6548bc6a8c1006d4bd24ce64fee3e0d00cfa,v11_85ae599b865950104870,False,False,False,513100,513100,513100,False,False,False,3.8930555521091663,3.914305855341204,3.914305855341204,0.0,26,26,915,1.8706118355065233,,0
2017-01-12,2017-01-12,0,70e4948f4304e28543a647331d1e6548bc6a8c1006d4bd24ce64fee3e0d00cfa,v11_85ae599b865950104870,False,False,False,513100,513100,513100,False,False,False,3.914305855341204,3.9100557946947965,3.9100557946947965,0.0,27,27,915,1.8706118355065233,,0
2017-01-13,2017-01-13,0,70e4948f4304e28543a647331d1e6548bc6a8c1006d4bd24ce64fee3e0d00cfa,v11_85ae599b865950104870,False,False,False,513100,513100,513100,False,False,False,3.9100557946947965,3.9036807037251853,3.9036807037251853,0.0,28,28,915,1.8706118355065233,,0
2017-01-16,2017-01-16,0,70e4948f4304e28543a647331d1e6548bc6a8c1006d4bd24ce64fee3e0d00cfa,v11_85ae599b865950104870,False,False,False,513100,159915,159915,False,True,True,3.9036807037251853,3.9206809463108145,3.9198968101215526,0.000784136189262163,29,0,1135,2.2032622333751513,,0
2017-01-17,2017-01-17,0,70e4948f4304e28543a647331d1e6548bc6a8c1006d4bd24ce64fee3e0d00cfa,v11_85ae599b865950104870,False,False,False,159915,159915,159915,False,False,False,3.9198968101215526,3.989097721917548,3.989097721917548,0.0,1,1,1135,2.242158092848175,,0
2017-01-18,2017-01-18,0,70e4948f4304e28543a647331d1e6548bc6a8c1006d4bd24ce64fee3e0d00cfa,v11_85ae599b865950104870,False,False,False,159915,159915,159915,False,False,False,3.989097721917548,3.9444519723717444,3.9444519723717444,0.0,2,2,1135,2.242158092848175,,0
2017-01-19,2017-01-19,0,70e4948f4304e28543a647331d1e6548bc6a8c1006d4bd24ce64fee3e0d00cfa,v11_85ae599b865950104870,False,False,False,159915,159915,159915,False,False,False,3.9444519723717444,3.946684259849035,3.946684259849035,0.0,3,3,1135,2.242158092848175,,0
2017-01-20,2017-01-20,0,70e4948f4304e28543a647331d1e6548bc6a8c1006d4bd24ce64fee3e0d00cfa,v11_85ae599b865950104870,False,False,False,159915,159915,159915,False,False,False,3.946684259849035,4.020349746599611,4.020349746599611,0.0,4,4,1135,2.25972396486825,,0
2017-01-23,2017-01-23,0,70e4948f4304e28543a647331d1e6548bc6a8c1006d4bd24ce64fee3e0d00cfa,v11_85ae599b865950104870,False,False,False,159915,510300,510300,False,False,True,4.020349746599611,4.033743471463352,4.03293672276906,0.0008067486942926705,5,0,1135,1.395556791659633,,0
2017-01-24,2017-01-24,0,70e4948f4304e28543a647331d1e6548bc6a8c1006d4bd24ce64fee3e0d00cfa,v11_85ae599b865950104870,False,False,False,510300,510300,510300,False,False,False,4.03293672276906,4.035336566103049,4.035336566103049,0.0,1,1,1135,1.3963872330709148,,0
2017-01-25,2017-01-25,0,70e4948f4304e28543a647331d1e6548bc6a8c1006d4bd24ce64fee3e0d00cfa,v11_85ae599b865950104870,False,False,False,510300,510300,510300,False,False,False,4.035336566103049,4.047335782772996,4.047335782772996,0.0,2,2,1135,1.4005394401273257,,0
2017-01-26,2017-01-26,0,70e4948f4304e28543a647331d1e6548bc6a8c1006d4bd24ce64fee3e0d00cfa,v11_85ae599b865950104870,False,False,False,510300,510300,510300,False,False,False,4.047335782772996,4.064134686110921,4.064134686110921,0.0,3,3,1135,1.4063525300063007,,0
2017-02-03,2017-02-03,0,70e4948f4304e28543a647331d1e6548bc6a8c1006d4bd24ce64fee3e0d00cfa,v11_85ae599b865950104870,False,False,False,510300,510300,510300,False,False,False,4.064134686110921,4.0401362527710285,4.0401362527710285,0.0,4,4,1135,1.4063525300063007,,0
2017-02-06,2017-02-06,0,70e4948f4304e28543a647331d1e6548bc6a8c1006d4bd24ce64fee3e0d00cfa,v11_85ae599b865950104870,False,False,False,510300,510300,510300,False,False,False,4.0401362527710285,4.038936331104034,4.038936331104034,0.0,5,5,1135,1.4063525300063007,,0
2017-02-07,2017-02-07,0,70e4948f4304e28543a647331d1e6548bc6a8c1006d4bd24ce64fee3e0d00cfa,v11_85ae599b865950104870,False,False,False,510300,513100,513100,False,False,True,4.038936331104034,4.031736801102065,4.030930453741845,0.0008063473602204131,6,0,1135,1.8796389167502545,,0
2017-02-08,2017-02-08,0,70e4948f4304e28543a647331d1e6548bc6a8c1006d4bd24ce64fee3e0d00cfa,v11_85ae599b865950104870,False,False,False,513100,513100,513100,False,False,False,4.030930453741845,4.0631951051858834,4.0631951051858834,0.0,1,1,1135,1.8946840521564732,,0
2017-02-09,2017-02-09,0,70e4948f4304e28543a647331d1e6548bc6a8c1006d4bd24ce64fee3e0d00cfa,v11_85ae599b865950104870,False,False,False,513100,513100,513100,False,False,False,4.0631951051858834,4.073949989000562,4.073949989000562,0.0,2,2,1135,1.8996990972918792,,0
2017-02-10,2017-02-10,0,70e4948f4304e28543a647331d1e6548bc6a8c1006d4bd24ce64fee3e0d00cfa,v11_85ae599b865950104870,False,False,False,513100,513100,513100,False,False,False,4.073949989000562,4.114818547496344,4.114818547496344,0.0,3,3,1135,1.918756268806423,,0
2017-02-13,2017-02-13,0,70e4948f4304e28543a647331d1e6548bc6a8c1006d4bd24ce64fee3e0d00cfa,v11_85ae599b865950104870,False,False,False,513100,513100,513100,False,False,False,4.114818547496344,4.121271477785152,4.121271477785152,0.0,4,4,1135,1.9217652958876668,,0
2017-02-14,2017-02-14,0,70e4948f4304e28543a647331d1e6548bc6a8c1006d4bd24ce64fee3e0d00cfa,v11_85ae599b865950104870,False,False,False,513100,513100,513100,False,False,False,4.121271477785152,4.119120501022216,4.119120501022216,0.0,5,5,1135,1.9217652958876668,,0
2017-02-15,2017-02-15,0,70e4948f4304e28543a647331d1e6548bc6a8c1006d4bd24ce64fee3e0d00cfa,v11_85ae599b865950104870,False,False,False,513100,513100,513100,False,False,False,4.119120501022216,4.149234175703318,4.149234175703318,0.0,6,6,1135,1.9348044132397229,,0
2017-02-16,2017-02-16,0,70e4948f4304e28543a647331d1e6548bc6a8c1006d4bd24ce64fee3e0d00cfa,v11_85ae599b865950104870,False,False,False,513100,513100,513100,False,False,False,4.149234175703318,4.168592966569741,4.168592966569741,0.0,7,7,1135,1.9438314944834538,,0
2017-02-17,2017-02-17,0,70e4948f4304e28543a647331d1e6548bc6a8c1006d4bd24ce64fee3e0d00cfa,v11_85ae599b865950104870,False,False,False,513100,513100,513100,False,False,False,4.168592966569741,4.15353612922919,4.15353612922919,0.0,8,8,1135,1.9438314944834538,,0
2017-02-20,2017-02-20,0,70e4948f4304e28543a647331d1e6548bc6a8c1006d4bd24ce64fee3e0d00cfa,v11_85ae599b865950104870,False,False,False,513100,513100,513100,False,False,False,4.15353612922919,4.166441989806805,4.166441989806805,0.0,9,9,1135,1.9438314944834538,,0
2017-02-21,2017-02-21,0,70e4948f4304e28543a647331d1e6548bc6a8c1006d4bd24ce64fee3e0d00cfa,v11_85ae599b865950104870,False,False,False,513100,513100,513100,False,False,False,4.166441989806805,4.170743943332677,4.170743943332677,0.0,10,10,1135,1.9448345035105352,,0
2017-02-22,2017-02-22,0,70e4948f4304e28543a647331d1e6548bc6a8c1006d4bd24ce64fee3e0d00cfa,v11_85ae599b865950104870,False,False,False,513100,513100,513100,False,False,False,4.170743943332677,4.2266693391690096,4.2266693391690096,0.0,11,11,1135,1.9709127382146474,,0
2017-02-23,2017-02-23,0,70e4948f4304e28543a647331d1e6548bc6a8c1006d4bd24ce64fee3e0d00cfa,v11_85ae599b865950104870,False,False,False,513100,513100,513100,False,False,False,4.2266693391690096,4.222367385643138,4.222367385643138,0.0,12,12,1135,1.9709127382146474,,0
2017-02-24,2017-02-24,0,70e4948f4304e28543a647331d1e6548bc6a8c1006d4bd24ce64fee3e0d00cfa,v11_85ae599b865950104870,False,False,False,513100,513100,513100,False,False,False,4.222367385643138,4.209461525065523,4.209461525065523,0.0,13,13,1135,1.9709127382146474,,0
2017-02-27,2017-02-27,0,70e4948f4304e28543a647331d1e6548bc6a8c1006d4bd24ce64fee3e0d00cfa,v11_85ae599b865950104870,False,False,False,513100,513100,513100,False,False,False,4.209461525065523,4.187951757436164,4.187951757436164,0.0,14,14,1135,1.9709127382146474,,0
2017-02-28,2017-02-28,0,70e4948f4304e28543a647331d1e6548bc6a8c1006d4bd24ce64fee3e0d00cfa,v11_85ae599b865950104870,False,False,False,513100,513100,513100,False,False,False,4.187951757436164,4.205159571539651,4.205159571539651,0.0,15,15,1135,1.9709127382146474,,0
2017-03-01,2017-03-01,0,70e4948f4304e28543a647331d1e6548bc6a8c1006d4bd24ce64fee3e0d00cfa,v11_85ae599b865950104870,False,False,False,513100,513100,513100,False,False,False,4.205159571539651,4.1879517574361635,4.1879517574361635,0.0,16,16,1135,1.9709127382146474,,0
2017-03-02,2017-03-02,0,70e4948f4304e28543a647331d1e6548bc6a8c1006d4bd24ce64fee3e0d00cfa,v11_85ae599b865950104870,False,False,False,513100,513100,513100,False,False,False,4.1879517574361635,4.278292781479471,4.278292781479471,0.0,17,17,1135,1.9949849548645975,,0
2017-03-03,2017-03-03,0,70e4948f4304e28543a647331d1e6548bc6a8c1006d4bd24ce64fee3e0d00cfa,v11_85ae599b865950104870,False,False,False,513100,513100,513100,False,False,False,4.278292781479471,4.254632037087176,4.254632037087176,0.0,18,18,1135,1.9949849548645975,,0
2017-03-06,2017-03-06,0,70e4948f4304e28543a647331d1e6548bc6a8c1006d4bd24ce64fee3e0d00cfa,v11_85ae599b865950104870,False,False,False,513100,513100,513100,False,False,False,4.254632037087176,4.344973061130483,4.344973061130483,0.0,19,19,1135,2.026078234704116,,0
2017-03-07,2017-03-07,0,70e4948f4304e28543a647331d1e6548bc6a8c1006d4bd24ce64fee3e0d00cfa,v11_85ae599b865950104870,False,False,False,513100,513100,513100,False,False,False,4.344973061130483,4.286896688531215,4.286896688531215,0.0,20,20,1135,2.026078234704116,,0
2017-03-08,2017-03-08,0,70e4948f4304e28543a647331d1e6548bc6a8c1006d4bd24ce64fee3e0d00cfa,v11_85ae599b865950104870,False,False,False,513100,513100,513100,False,False,False,4.286896688531215,4.254632037087176,4.254632037087176,0.0,21,21,1135,2.026078234704116,,0
2017-03-09,2017-03-09,0,70e4948f4304e28543a647331d1e6548bc6a8c1006d4bd24ce64fee3e0d00cfa,v11_85ae599b865950104870,False,False,False,513100,513100,513100,False,False,False,4.254632037087176,4.256783013850112,4.256783013850112,0.0,22,22,1135,2.026078234704116,,0
2017-03-10,2017-03-10,0,70e4948f4304e28543a647331d1e6548bc6a8c1006d4bd24ce64fee3e0d00cfa,v11_85ae599b865950104870,False,False,False,513100,513100,513100,False,False,False,4.256783013850112,4.291198642057086,4.291198642057086,0.0,23,23,1135,2.026078234704116,,0
2017-03-13,2017-03-13,0,70e4948f4304e28543a647331d1e6548bc6a8c1006d4bd24ce64fee3e0d00cfa,v11_85ae599b865950104870,False,False,False,513100,513100,513100,False,False,False,4.291198642057086,4.323463293501124,4.323463293501124,0.0,24,24,1135,2.026078234704116,,0
2017-03-14,2017-03-14,0,70e4948f4304e28543a647331d1e6548bc6a8c1006d4bd24ce64fee3e0d00cfa,v11_85ae599b865950104870,False,False,False,513100,513100,513100,False,False,False,4.323463293501124,4.355727944945163,4.355727944945163,0.0,25,25,1135,2.031093279839522,,0
2017-03-15,2017-03-15,0,70e4948f4304e28543a647331d1e6548bc6a8c1006d4bd24ce64fee3e0d00cfa,v11_85ae599b865950104870,False,False,False,513100,513100,513100,False,False,False,4.355727944945163,4.3428220843675485,4.3428220843675485,0.0,26,26,1135,2.031093279839522,,0
2017-03-16,2017-03-16,0,70e4948f4304e28543a647331d1e6548bc6a8c1006d4bd24ce64fee3e0d00cfa,v11_85ae599b865950104870,False,False,False,513100,513100,513100,False,False,False,4.3428220843675485,4.387992596389202,4.387992596389202,0.0,27,27,1135,2.046138415245741,,0
2017-03-17,2017-03-17,0,70e4948f4304e28543a647331d1e6548bc6a8c1006d4bd24ce64fee3e0d00cfa,v11_85ae599b865950104870,False,False,False,513100,513100,513100,False,False,False,4.387992596389202,4.375086735811586,4.375086735811586,0.0,28,28,1135,2.046138415245741,,0
2017-03-20,2017-03-20,0,70e4948f4304e28543a647331d1e6548bc6a8c1006d4bd24ce64fee3e0d00cfa,v11_85ae599b865950104870,False,False,False,513100,513100,513100,False,False,False,4.375086735811586,4.362180875233971,4.362180875233971,0.0,29,29,1135,2.046138415245741,,0
2017-03-21,2017-03-21,0,70e4948f4304e28543a647331d1e6548bc6a8c1006d4bd24ce64fee3e0d00cfa,v11_85ae599b865950104870,False,False,False,513100,513100,513100,False,False,False,4.362180875233971,4.387992596389202,4.387992596389202,0.0,30,30,1135,2.046138415245741,,0
2017-03-22,2017-03-22,0,70e4948f4304e28543a647331d1e6548bc6a8c1006d4bd24ce64fee3e0d00cfa,v11_85ae599b865950104870,False,False,False,513100,159915,159915,True,False,True,4.387992596389202,4.252481060324241,4.251630564112176,0.0008504962120648483,31,0,1135,2.338770388958588,,0
2017-03-23,2017-03-23,0,70e4948f4304e28543a647331d1e6548bc6a8c1006d4bd24ce64fee3e0d00cfa,v11_85ae599b865950104870,False,False,False,159915,159915,159915,False,False,False,4.251630564112176,4.253911481796785,4.253911481796785,0.0,1,1,1135,2.3400250941028786,,0
2017-03-24,2017-03-24,0,70e4948f4304e28543a647331d1e6548bc6a8c1006d4bd24ce64fee3e0d00cfa,v11_85ae599b865950104870,False,False,False,159915,159915,159915,False,False,False,4.253911481796785,4.2926870824351475,4.2926870824351475,0.0,2,2,1135,2.361355081555827,,0
2017-03-27,2017-03-27,0,70e4948f4304e28543a647331d1e6548bc6a8c1006d4bd24ce64fee3e0d00cfa,v11_85ae599b865950104870,False,False,False,159915,159915,159915,False,False,False,4.2926870824351475,4.251630564112176,4.251630564112176,0.0,3,3,1135,2.361355081555827,,0
2017-03-28,2017-03-28,0,70e4948f4304e28543a647331d1e6548bc6a8c1006d4bd24ce64fee3e0d00cfa,v11_85ae599b865950104870,False,False,False,159915,159915,159915,False,False,False,4.251630564112176,4.249349646427566,4.249349646427566,0.0,4,4,1135,2.361355081555827,,0
2017-03-29,2017-03-29,0,70e4948f4304e28543a647331d1e6548bc6a8c1006d4bd24ce64fee3e0d00cfa,v11_85ae599b865950104870,False,False,False,159915,510300,510300,False,False,True,4.249349646427566,4.208293128104595,4.207451469478974,0.000841658625620919,5,0,1135,1.4374940829293805,,0
2017-03-30,2017-03-30,0,70e4948f4304e28543a647331d1e6548bc6a8c1006d4bd24ce64fee3e0d00cfa,v11_85ae599b865950104870,False,False,False,510300,513100,513100,False,False,True,4.207451469478974,4.167345779561929,4.166512310406016,0.0008334691559123859,1,0,1135,1.9979939819458408,,0
2017-03-31,2017-03-31,0,70e4948f4304e28543a647331d1e6548bc6a8c1006d4bd24ce64fee3e0d00cfa,v11_85ae599b865950104870,False,False,False,513100,513100,513100,False,False,False,4.166512310406016,4.197886650092809,4.197886650092809,0.0,1,1,1135,2.0130391173520596,,0
2017-04-05,2017-04-05,0,70e4948f4304e28543a647331d1e6548bc6a8c1006d4bd24ce64fee3e0d00cfa,v11_85ae599b865950104870,False,False,False,513100,510300,510300,False,False,True,4.197886650092809,4.162329065114444,4.1614965993014215,0.0008324658130228889,2,0,1135,1.457839897505793,,0
2017-04-06,2017-04-06,0,70e4948f4304e28543a647331d1e6548bc6a8c1006d4bd24ce64fee3e0d00cfa,v11_85ae599b865950104870,False,False,False,510300,510300,510300,False,False,False,4.1614965993014215,4.156755503773877,4.156755503773877,0.0,1,1,1135,1.457839897505793,,0
2017-04-07,2017-04-07,0,70e4948f4304e28543a647331d1e6548bc6a8c1006d4bd24ce64fee3e0d00cfa,v11_85ae599b865950104870,False,False,False,510300,510300,510300,False,False,False,4.156755503773877,4.165052420947078,4.165052420947078,0.0,2,2,1135,1.4590855596227157,,0
2017-04-10,2017-04-10,0,70e4948f4304e28543a647331d1e6548bc6a8c1006d4bd24ce64fee3e0d00cfa,v11_85ae599b865950104870,False,False,False,510300,510300,510300,False,False,False,4.165052420947078,4.154384956010105,4.154384956010105,0.0,3,3,1135,1.4590855596227157,,0
2017-04-11,2017-04-11,0,70e4948f4304e28543a647331d1e6548bc6a8c1006d4bd24ce64fee3e0d00cfa,v11_85ae599b865950104870,False,False,False,510300,510300,510300,False,False,False,4.154384956010105,4.165052420947078,4.165052420947078,0.0,4,4,1135,1.4590855596227157,,0
2017-04-12,2017-04-12,0,70e4948f4304e28543a647331d1e6548bc6a8c1006d4bd24ce64fee3e0d00cfa,v11_85ae599b865950104870,False,False,False,510300,510300,510300,False,False,False,4.165052420947078,4.149643860482562,4.149643860482562,0.0,5,5,1135,1.4590855596227157,,0
2017-04-13,2017-04-13,0,70e4948f4304e28543a647331d1e6548bc6a8c1006d4bd24ce64fee3e0d00cfa,v11_85ae599b865950104870,False,False,False,510300,510300,510300,False,False,False,4.149643860482562,4.165052420947079,4.165052420947079,0.0,6,6,1135,1.459085559622716,,0
2017-04-14,2017-04-14,0,70e4948f4304e28543a647331d1e6548bc6a8c1006d4bd24ce64fee3e0d00cfa,v11_85ae599b865950104870,False,False,False,510300,510300,510300,False,False,False,4.165052420947079,4.130679478372388,4.130679478372388,0.0,7,7,1135,1.459085559622716,,0
2017-04-17,2017-04-17,0,70e4948f4304e28543a647331d1e6548bc6a8c1006d4bd24ce64fee3e0d00cfa,v11_85ae599b865950104870,False,False,False,510300,518880,518880,False,False,True,4.130679478372388,4.116456191789758,4.1156329005514,0.0008232912383579516,8,0,1135,1.0860624523990887,,0
2017-04-18,2017-04-18,0,70e4948f4304e28543a647331d1e6548bc6a8c1006d4bd24ce64fee3e0d00cfa,v11_85ae599b865950104870,False,False,False,518880,518880,518880,False,False,False,4.1156329005514,4.102645279196224,4.102645279196224,0.0,1,1,1135,1.0860624523990887,,0
2017-04-19,2017-04-19,0,70e4948f4304e28543a647331d1e6548bc6a8c1006d4bd24ce64fee3e0d00cfa,v11_85ae599b865950104870,False,False,False,518880,518880,518880,False,False,False,4.102645279196224,4.099759141117296,4.099759141117296,0.0,2,2,1135,1.0860624523990887,,0
2017-04-20,2017-04-20,0,70e4948f4304e28543a647331d1e6548bc6a8c1006d4bd24ce64fee3e0d00cfa,v11_85ae599b865950104870,False,False,False,518880,518880,518880,False,False,False,4.099759141117296,4.092543795919975,4.092543795919975,0.0,3,3,1135,1.0860624523990887,,0
2017-04-21,2017-04-21,0,70e4948f4304e28543a647331d1e6548bc6a8c1006d4bd24ce64fee3e0d00cfa,v11_85ae599b865950104870,False,False,False,518880,518880,518880,False,False,False,4.092543795919975,4.0795561745648,4.0795561745648,0.0,4,4,1135,1.0860624523990887,,0
2017-04-24,2017-04-24,0,70e4948f4304e28543a647331d1e6548bc6a8c1006d4bd24ce64fee3e0d00cfa,v11_85ae599b865950104870,False,False,False,518880,518880,518880,False,False,False,4.0795561745648,4.047808655696591,4.047808655696591,0.0,5,5,1135,1.0860624523990887,,0
2017-04-25,2017-04-25,0,70e4948f4304e28543a647331d1e6548bc6a8c1006d4bd24ce64fee3e0d00cfa,v11_85ae599b865950104870,False,False,False,518880,518880,518880,False,False,False,4.047808655696591,4.050694793775519,4.050694793775519,0.0,6,6,1135,1.0860624523990887,,0
2017-04-26,2017-04-26,0,70e4948f4304e28543a647331d1e6548bc6a8c1006d4bd24ce64fee3e0d00cfa,v11_85ae599b865950104870,False,False,False,518880,513100,513100,False,False,True,4.050694793775519,4.031934896262487,4.031128509283235,0.0008063869792524974,7,0,1135,2.0260782347041157,,0
2017-04-27,2017-04-27,0,70e4948f4304e28543a647331d1e6548bc6a8c1006d4bd24ce64fee3e0d00cfa,v11_85ae599b865950104870,False,False,False,513100,513100,513100,False,False,False,4.031128509283235,4.00318999486246,4.00318999486246,0.0,1,1,1135,2.0260782347041157,,0
2017-04-28,2017-04-28,0,70e4948f4304e28543a647331d1e6548bc6a8c1006d4bd24ce64fee3e0d00cfa,v11_85ae599b865950104870,False,False,False,513100,513100,513100,False,False,False,4.00318999486246,4.029132901110323,4.029132901110323,0.0,2,2,1135,2.0260782347041157,,0
2017-05-02,2017-05-02,0,70e4948f4304e28543a647331d1e6548bc6a8c1006d4bd24ce64fee3e0d00cfa,v11_85ae599b865950104870,False,False,False,513100,513100,513100,False,False,False,4.029132901110323,4.07503188908731,4.07503188908731,0.0,3,3,1135,2.048144433299903,,0
2017-05-03,2017-05-03,0,70e4948f4304e28543a647331d1e6548bc6a8c1006d4bd24ce64fee3e0d00cfa,v11_85ae599b865950104870,False,False,False,513100,513100,513100,False,False,False,4.07503188908731,4.069045064568573,4.069045064568573,0.0,4,4,1135,2.048144433299903,,0
2017-05-04,2017-05-04,0,70e4948f4304e28543a647331d1e6548bc6a8c1006d4bd24ce64fee3e0d00cfa,v11_85ae599b865950104870,False,False,False,513100,513100,513100,False,False,False,4.069045064568573,4.057071415531097,4.057071415531097,0.0,5,5,1135,2.048144433299903,,0
2017-05-05,2017-05-05,0,70e4948f4304e28543a647331d1e6548bc6a8c1006d4bd24ce64fee3e0d00cfa,v11_85ae599b865950104870,False,False,False,513100,513100,513100,False,False,False,4.057071415531097,4.0450977664936225,4.0450977664936225,0.0,6,6,1135,2.048144433299903,,0
2017-05-08,2017-05-08,0,70e4948f4304e28543a647331d1e6548bc6a8c1006d4bd24ce64fee3e0d00cfa,v11_85ae599b865950104870,False,False,False,513100,513100,513100,False,False,False,4.0450977664936225,4.116939660718472,4.116939660718472,0.0,7,7,1135,2.0692076228686087,,0
2017-05-09,2017-05-09,0,70e4948f4304e28543a647331d1e6548bc6a8c1006d4bd24ce64fee3e0d00cfa,v11_85ae599b865950104870,False,False,False,513100,513100,513100,False,False,False,4.116939660718472,4.134900134274685,4.134900134274685,0.0,8,8,1135,2.07823470411234,,0
2017-05-10,2017-05-10,0,70e4948f4304e28543a647331d1e6548bc6a8c1006d4bd24ce64fee3e0d00cfa,v11_85ae599b865950104870,False,False,False,513100,513100,513100,False,False,False,4.134900134274685,4.132904526101773,4.132904526101773,0.0,9,9,1135,2.07823470411234,,0
2017-05-11,2017-05-11,0,70e4948f4304e28543a647331d1e6548bc6a8c1006d4bd24ce64fee3e0d00cfa,v11_85ae599b865950104870,False,False,False,513100,159915,159915,False,True,True,4.132904526101773,4.13090891792886,4.130082736145274,0.0008261817835857721,10,0,1210,2.1279799247176845,,0
2017-05-12,2017-05-12,0,70e4948f4304e28543a647331d1e6548bc6a8c1006d4bd24ce64fee3e0d00cfa,v11_85ae599b865950104870,False,False,False,159915,159915,159915,False,False,False,4.130082736145274,4.134953116730351,4.134953116730351,0.0,1,1,1210,2.1304893350062666,,0
2017-05-15,2017-05-15,0,70e4948f4304e28543a647331d1e6548bc6a8c1006d4bd24ce64fee3e0d00cfa,v11_85ae599b865950104870,False,False,False,159915,159915,159915,False,False,False,4.134953116730351,4.149564258485582,4.149564258485582,0.0,2,2,1210,2.1380175658720133,,0
2017-05-16,2017-05-16,0,70e4948f4304e28543a647331d1e6548bc6a8c1006d4bd24ce64fee3e0d00cfa,v11_85ae599b865950104870,False,False,False,159915,159915,159915,False,False,False,4.149564258485582,4.239666299309507,4.239666299309507,0.0,3,3,1210,2.1844416562107836,,0
2017-05-17,2017-05-17,0,70e4948f4304e28543a647331d1e6548bc6a8c1006d4bd24ce64fee3e0d00cfa,v11_85ae599b865950104870,False,False,False,159915,159915,159915,False,False,False,4.239666299309507,4.244536679894584,4.244536679894584,0.0,4,4,1210,2.1869510664993657,,0
2017-05-18,2017-05-18,0,70e4948f4304e28543a647331d1e6548bc6a8c1006d4bd24ce64fee3e0d00cfa,v11_85ae599b865950104870,False,False,False,159915,513100,513100,False,False,True,4.244536679894584,4.232360728431892,4.231514256286205,0.0008464721456863783,5,0,1210,2.026078234704115,,0
2017-05-19,2017-05-19,0,70e4948f4304e28543a647331d1e6548bc6a8c1006d4bd24ce64fee3e0d00cfa,v11_85ae599b865950104870,False,False,False,513100,513100,513100,False,False,False,4.231514256286205,4.2587467737771565,4.2587467737771565,0.0,1,1,1210,2.039117352056171,,0
2017-05-22,2017-05-22,0,70e4948f4304e28543a647331d1e6548bc6a8c1006d4bd24ce64fee3e0d00cfa,v11_85ae599b865950104870,False,False,False,513100,513100,513100,False,False,False,4.2587467737771565,4.29435852741917,4.29435852741917,0.0,2,2,1210,2.056168505516552,,0
2017-05-23,2017-05-23,0,70e4948f4304e28543a647331d1e6548bc6a8c1006d4bd24ce64fee3e0d00cfa,v11_85ae599b865950104870,False,False,False,513100,513100,513100,False,False,False,4.29435852741917,4.3362547081744784,4.3362547081744784,0.0,3,3,1210,2.076228686058177,,0
2017-05-24,2017-05-24,0,70e4948f4304e28543a647331d1e6548bc6a8c1006d4bd24ce64fee3e0d00cfa,v11_85ae599b865950104870,False,False,False,513100,513100,513100,False,False,False,4.3362547081744784,4.334159899136713,4.334159899136713,0.0,4,4,1210,2.076228686058177,,0
2017-05-25,2017-05-25,0,70e4948f4304e28543a647331d1e6548bc6a8c1006d4bd24ce64fee3e0d00cfa,v11_85ae599b865950104870,False,False,False,513100,513100,513100,False,False,False,4.334159899136713,4.361392416627664,4.361392416627664,0.0,5,5,1210,2.088264794383152,,0
2017-05-26,2017-05-26,0,70e4948f4304e28543a647331d1e6548bc6a8c1006d4bd24ce64fee3e0d00cfa,v11_85ae599b865950104870,False,False,False,513100,513100,513100,False,False,False,4.361392416627664,4.4158574516095666,4.4158574516095666,0.0,6,6,1210,2.1143430290872645,,0
2017-05-31,2017-05-31,0,70e4948f4304e28543a647331d1e6548bc6a8c1006d4bd24ce64fee3e0d00cfa,v11_85ae599b865950104870,False,False,False,513100,513100,513100,False,False,False,4.4158574516095666,4.413762642571801,4.413762642571801,0.0,7,7,1210,2.1143430290872645,,0
2017-06-01,2017-06-01,0,70e4948f4304e28543a647331d1e6548bc6a8c1006d4bd24ce64fee3e0d00cfa,v11_85ae599b865950104870,False,False,False,513100,513100,513100,False,False,False,4.413762642571801,4.3718664618164915,4.3718664618164915,0.0,8,8,1210,2.1143430290872645,,0
2017-06-02,2017-06-02,0,70e4948f4304e28543a647331d1e6548bc6a8c1006d4bd24ce64fee3e0d00cfa,v11_85ae599b865950104870,False,False,False,513100,513100,513100,False,False,False,4.3718664618164915,4.434710732949455,4.434710732949455,0.0,9,9,1210,2.1233701103309954,,0
2017-06-05,2017-06-05,0,70e4948f4304e28543a647331d1e6548bc6a8c1006d4bd24ce64fee3e0d00cfa,v11_85ae599b865950104870,False,False,False,513100,513100,513100,False,False,False,4.434710732949455,4.472417295629233,4.472417295629233,0.0,10,10,1210,2.141424272818458,,0
2017-06-06,2017-06-06,0,70e4948f4304e28543a647331d1e6548bc6a8c1006d4bd24ce64fee3e0d00cfa,v11_85ae599b865950104870,False,False,False,513100,513100,513100,False,False,False,4.472417295629233,4.447279587176049,4.447279587176049,0.0,11,11,1210,2.141424272818458,,0
2017-06-07,2017-06-07,0,70e4948f4304e28543a647331d1e6548bc6a8c1006d4bd24ce64fee3e0d00cfa,v11_85ae599b865950104870,False,False,False,513100,510300,510300,False,False,True,4.447279587176049,4.424236687760629,4.423351840423077,0.0008848473375521259,12,0,1210,1.4698812979693838,,0
2017-06-08,2017-06-08,0,70e4948f4304e28543a647331d1e6548bc6a8c1006d4bd24ce64fee3e0d00cfa,v11_85ae599b865950104870,False,False,False,510300,510300,510300,False,False,False,4.423351840423077,4.454590200878042,4.454590200878042,0.0,1,1,1210,1.4802618156104104,,0
2017-06-09,2017-06-09,0,70e4948f4304e28543a647331d1e6548bc6a8c1006d4bd24ce64fee3e0d00cfa,v11_85ae599b865950104870,False,False,False,510300,510300,510300,False,False,False,4.454590200878042,4.482079958078412,4.482079958078412,0.0,2,2,1210,1.4893966711345141,,0
2017-06-12,2017-06-12,0,70e4948f4304e28543a647331d1e6548bc6a8c1006d4bd24ce64fee3e0d00cfa,v11_85ae599b865950104870,False,False,False,510300,510300,510300,False,False,False,4.482079958078412,4.473333217151022,4.473333217151022,0.0,3,3,1210,1.4893966711345141,,0
2017-06-13,2017-06-13,0,70e4948f4304e28543a647331d1e6548bc6a8c1006d4bd24ce64fee3e0d00cfa,v11_85ae599b865950104870,False,False,False,510300,510300,510300,False,False,False,4.473333217151022,4.482079958078412,4.482079958078412,0.0,4,4,1210,1.4893966711345141,,0
2017-06-14,2017-06-14,0,70e4948f4304e28543a647331d1e6548bc6a8c1006d4bd24ce64fee3e0d00cfa,v11_85ae599b865950104870,False,False,False,510300,510300,510300,False,False,False,4.482079958078412,4.437096719023262,4.437096719023262,0.0,5,5,1210,1.4893966711345141,,0
2017-06-15,2017-06-15,0,70e4948f4304e28543a647331d1e6548bc6a8c1006d4bd24ce64fee3e0d00cfa,v11_85ae599b865950104870,False,False,False,510300,510300,510300,False,False,False,4.437096719023262,4.422102306004879,4.422102306004879,0.0,6,6,1210,1.4893966711345141,,0
2017-06-16,2017-06-16,0,70e4948f4304e28543a647331d1e6548bc6a8c1006d4bd24ce64fee3e0d00cfa,v11_85ae599b865950104870,False,False,False,510300,510300,510300,False,False,False,4.422102306004879,4.414605099495686,4.414605099495686,0.0,7,7,1210,1.4893966711345141,,0
2017-06-19,2017-06-19,0,70e4948f4304e28543a647331d1e6548bc6a8c1006d4bd24ce64fee3e0d00cfa,v11_85ae599b865950104870,False,False,False,510300,510300,510300,False,False,False,4.414605099495686,4.464586476223631,4.464586476223631,0.0,8,8,1210,1.4893966711345141,,0
2017-06-20,2017-06-20,0,70e4948f4304e28543a647331d1e6548bc6a8c1006d4bd24ce64fee3e0d00cfa,v11_85ae599b865950104870,False,False,False,510300,510300,510300,False,False,False,4.464586476223631,4.450841597623446,4.450841597623446,0.0,9,9,1210,1.4893966711345141,,0
2017-06-21,2017-06-21,0,70e4948f4304e28543a647331d1e6548bc6a8c1006d4bd24ce64fee3e0d00cfa,v11_85ae599b865950104870,False,False,False,510300,510300,510300,False,False,False,4.450841597623446,4.507070646442385,4.507070646442385,0.0,10,10,1210,1.4977010852473358,,0
2017-06-22,2017-06-22,0,70e4948f4304e28543a647331d1e6548bc6a8c1006d4bd24ce64fee3e0d00cfa,v11_85ae599b865950104870,False,False,False,510300,510300,510300,False,False,False,4.507070646442385,4.512068784115179,4.512068784115179,0.0,11,11,1210,1.4993619680699002,,0
2017-06-23,2017-06-23,0,70e4948f4304e28543a647331d1e6548bc6a8c1006d4bd24ce64fee3e0d00cfa,v11_85ae599b865950104870,False,False,False,510300,510300,510300,False,False,False,4.512068784115179,4.555802488752129,4.555802488752129,0.0,12,12,1210,1.5138946927673373,,0
2017-06-26,2017-06-26,0,70e4948f4304e28543a647331d1e6548bc6a8c1006d4bd24ce64fee3e0d00cfa,v11_85ae599b865950104870,False,False,False,510300,510300,510300,False,False,False,4.555802488752129,4.612031537571067,4.612031537571067,0.0,13,13,1210,1.5325796245211853,,0
2017-06-27,2017-06-27,0,70e4948f4304e28543a647331d1e6548bc6a8c1006d4bd24ce64fee3e0d00cfa,v11_85ae599b865950104870,False,False,False,510300,510300,510300,False,False,False,4.612031537571067,4.614530606407464,4.614530606407464,0.0,14,14,1210,1.5334100659324674,,0
2017-06-28,2017-06-28,0,70e4948f4304e28543a647331d1e6548bc6a8c1006d4bd24ce64fee3e0d00cfa,v11_85ae599b865950104870,False,False,False,510300,510300,510300,False,False,False,4.614530606407464,4.5832922459524985,4.5832922459524985,0.0,15,15,1210,1.5334100659324674,,0
2017-06-29,2017-06-29,0,70e4948f4304e28543a647331d1e6548bc6a8c1006d4bd24ce64fee3e0d00cfa,v11_85ae599b865950104870,False,False,False,510300,510300,510300,False,False,False,4.5832922459524985,4.610782003152868,4.610782003152868,0.0,16,16,1210,1.5334100659324674,,0
2017-06-30,2017-06-30,0,70e4948f4304e28543a647331d1e6548bc6a8c1006d4bd24ce64fee3e0d00cfa,v11_85ae599b865950104870,False,False,False,510300,510300,510300,False,False,False,4.610782003152868,4.603284796643676,4.603284796643676,0.0,17,17,1210,1.5334100659324674,,0
2017-07-03,2017-07-03,0,70e4948f4304e28543a647331d1e6548bc6a8c1006d4bd24ce64fee3e0d00cfa,v11_85ae599b865950104870,False,False,False,510300,510300,510300,False,False,False,4.603284796643676,4.5832922459524985,4.5832922459524985,0.0,18,18,1210,1.5334100659324674,,0
2017-07-04,2017-07-04,0,70e4948f4304e28543a647331d1e6548bc6a8c1006d4bd24ce64fee3e0d00cfa,v11_85ae599b865950104870,False,False,False,510300,510300,510300,False,False,False,4.5832922459524985,4.545806213406539,4.545806213406539,0.0,19,19,1210,1.5334100659324674,,0
2017-07-05,2017-07-05,0,70e4948f4304e28543a647331d1e6548bc6a8c1006d4bd24ce64fee3e0d00cfa,v11_85ae599b865950104870,False,False,False,510300,510300,510300,False,False,False,4.545806213406539,4.604534331061874,4.604534331061874,0.0,20,20,1210,1.5334100659324674,,0
2017-07-06,2017-07-06,0,70e4948f4304e28543a647331d1e6548bc6a8c1006d4bd24ce64fee3e0d00cfa,v11_85ae599b865950104870,False,False,False,510300,510300,510300,False,False,False,4.604534331061874,4.600785727807279,4.600785727807279,0.0,21,21,1210,1.5334100659324674,,0
2017-07-07,2017-07-07,0,70e4948f4304e28543a647331d1e6548bc6a8c1006d4bd24ce64fee3e0d00cfa,v11_85ae599b865950104870,False,False,False,510300,510300,510300,False,False,False,4.600785727807279,4.598286658970881,4.598286658970881,0.0,22,22,1210,1.5334100659324674,,0
2017-07-10,2017-07-10,0,70e4948f4304e28543a647331d1e6548bc6a8c1006d4bd24ce64fee3e0d00cfa,v11_85ae599b865950104870,False,False,False,510300,510500,510500,False,False,True,4.598286658970881,4.603284796643676,4.602364139684347,0.0009206569593287352,23,0,1210,1.8854012277525887,,0
2017-07-11,2017-07-11,0,70e4948f4304e28543a647331d1e6548bc6a8c1006d4bd24ce64fee3e0d00cfa,v11_85ae599b865950104870,False,False,False,510500,510500,510500,False,False,False,4.602364139684347,4.551571647646139,4.551571647646139,0.0,1,1,1210,1.8854012277525887,,0
2017-07-12,2017-07-12,0,70e4948f4304e28543a647331d1e6548bc6a8c1006d4bd24ce64fee3e0d00cfa,v11_85ae599b865950104870,False,False,False,510500,510500,510500,False,False,False,4.551571647646139,4.545222586141363,4.545222586141363,0.0,2,2,1210,1.8854012277525887,,0
2017-07-13,2017-07-13,0,70e4948f4304e28543a647331d1e6548bc6a8c1006d4bd24ce64fee3e0d00cfa,v11_85ae599b865950104870,False,False,False,510500,510300,510300,False,False,True,4.545222586141363,4.550160745089522,4.549250712940504,0.0009100321490179043,3,0,1210,1.5487732320411864,,0
2017-07-14,2017-07-14,0,70e4948f4304e28543a647331d1e6548bc6a8c1006d4bd24ce64fee3e0d00cfa,v11_85ae599b865950104870,False,False,False,510300,510300,510300,False,False,False,4.549250712940504,4.579741669461552,4.579741669461552,0.0,1,1,1210,1.559153749682213,,0
2017-07-17,2017-07-17,0,70e4948f4304e28543a647331d1e6548bc6a8c1006d4bd24ce64fee3e0d00cfa,v11_85ae599b865950104870,False,False,False,510300,159915,159915,False,True,True,4.579741669461552,4.517540118158613,4.516636610134982,0.0009035080236317227,2,0,1255,1.9698870765370071,,0
2017-07-18,2017-07-18,0,70e4948f4304e28543a647331d1e6548bc6a8c1006d4bd24ce64fee3e0d00cfa,v11_85ae599b865950104870,False,False,False,159915,159915,159915,False,False,False,4.516636610134982,4.542528157581615,4.542528157581615,0.0,1,1,1255,1.9811794228356268,,0
2017-07-19,2017-07-19,0,70e4948f4304e28543a647331d1e6548bc6a8c1006d4bd24ce64fee3e0d00cfa,v11_85ae599b865950104870,False,False,False,159915,159915,159915,False,False,False,4.542528157581615,4.5828038980541566,4.5828038980541566,0.0,2,2,1255,1.998745294855702,,0
2017-07-20,2017-07-20,0,70e4948f4304e28543a647331d1e6548bc6a8c1006d4bd24ce64fee3e0d00cfa,v11_85ae599b865950104870,False,False,False,159915,159915,159915,False,False,False,4.5828038980541566,4.574173382238612,4.574173382238612,0.0,3,3,1255,1.998745294855702,,0
2017-07-21,2017-07-21,0,70e4948f4304e28543a647331d1e6548bc6a8c1006d4bd24ce64fee3e0d00cfa,v11_85ae599b865950104870,False,False,False,159915,159915,159915,False,False,False,4.574173382238612,4.577050220843794,4.577050220843794,0.0,4,4,1255,1.998745294855702,,0
2017-07-24,2017-07-24,0,70e4948f4304e28543a647331d1e6548bc6a8c1006d4bd24ce64fee3e0d00cfa,v11_85ae599b865950104870,False,False,False,159915,513100,513100,False,False,True,4.577050220843794,4.600064929685246,4.599144916699309,0.0009200129859370492,5,0,1255,2.100300902708128,,0
2017-07-25,2017-07-25,0,70e4948f4304e28543a647331d1e6548bc6a8c1006d4bd24ce64fee3e0d00cfa,v11_85ae599b865950104870,False,False,False,513100,513100,513100,False,False,False,4.599144916699309,4.607930293808573,4.607930293808573,0.0,1,1,1255,2.104312938816453,,0
2017-07-26,2017-07-26,0,70e4948f4304e28543a647331d1e6548bc6a8c1006d4bd24ce64fee3e0d00cfa,v11_85ae599b865950104870,False,False,False,513100,513100,513100,False,False,False,4.607930293808573,4.607930293808573,4.607930293808573,0.0,2,2,1255,2.104312938816453,,0
2017-07-27,2017-07-27,0,70e4948f4304e28543a647331d1e6548bc6a8c1006d4bd24ce64fee3e0d00cfa,v11_85ae599b865950104870,False,False,False,513100,513100,513100,False,False,False,4.607930293808573,4.647464490800258,4.647464490800258,0.0,3,3,1255,2.122367101303916,,0
2017-07-28,2017-07-28,0,70e4948f4304e28543a647331d1e6548bc6a8c1006d4bd24ce64fee3e0d00cfa,v11_85ae599b865950104870,False,False,False,513100,513100,513100,False,False,False,4.647464490800258,4.566199752539573,4.566199752539573,0.0,4,4,1255,2.122367101303916,,0
2017-07-31,2017-07-31,0,70e4948f4304e28543a647331d1e6548bc6a8c1006d4bd24ce64fee3e0d00cfa,v11_85ae599b865950104870,False,False,False,513100,513100,513100,False,False,False,4.566199752539573,4.561807063984941,4.561807063984941,0.0,5,5,1255,2.122367101303916,,0
2017-08-01,2017-08-01,0,70e4948f4304e28543a647331d1e6548bc6a8c1006d4bd24ce64fee3e0d00cfa,v11_85ae599b865950104870,False,False,False,513100,513100,513100,False,False,False,4.561807063984941,4.570592441094204,4.570592441094204,0.0,6,6,1255,2.122367101303916,,0
2017-08-02,2017-08-02,0,70e4948f4304e28543a647331d1e6548bc6a8c1006d4bd24ce64fee3e0d00cfa,v11_85ae599b865950104870,False,False,False,513100,513100,513100,False,False,False,4.570592441094204,4.607930293808573,4.607930293808573,0.0,7,7,1255,2.122367101303916,,0
2017-08-03,2017-08-03,0,70e4948f4304e28543a647331d1e6548bc6a8c1006d4bd24ce64fee3e0d00cfa,v11_85ae599b865950104870,False,False,False,513100,513100,513100,False,False,False,4.607930293808573,4.574985129648836,4.574985129648836,0.0,8,8,1255,2.122367101303916,,0
2017-08-04,2017-08-04,0,70e4948f4304e28543a647331d1e6548bc6a8c1006d4bd24ce64fee3e0d00cfa,v11_85ae599b865950104870,False,False,False,513100,513100,513100,False,False,False,4.574985129648836,4.5574143754303105,4.5574143754303105,0.0,9,9,1255,2.122367101303916,,0
2017-08-07,2017-08-07,0,70e4948f4304e28543a647331d1e6548bc6a8c1006d4bd24ce64fee3e0d00cfa,v11_85ae599b865950104870,False,False,False,513100,513100,513100,False,False,False,4.5574143754303105,4.583770506758101,4.583770506758101,0.0,10,10,1255,2.122367101303916,,0
2017-08-08,2017-08-08,0,70e4948f4304e28543a647331d1e6548bc6a8c1006d4bd24ce64fee3e0d00cfa,v11_85ae599b865950104870,False,False,False,513100,513100,513100,False,False,False,4.583770506758101,4.59475222814468,4.59475222814468,0.0,11,11,1255,2.122367101303916,,0
2017-08-09,2017-08-09,0,70e4948f4304e28543a647331d1e6548bc6a8c1006d4bd24ce64fee3e0d00cfa,v11_85ae599b865950104870,False,False,False,513100,513100,513100,False,False,False,4.59475222814468,4.5574143754303105,4.5574143754303105,0.0,12,12,1255,2.122367101303916,,0
2017-08-10,2017-08-10,0,70e4948f4304e28543a647331d1e6548bc6a8c1006d4bd24ce64fee3e0d00cfa,v11_85ae599b865950104870,False,False,False,513100,510500,510500,False,False,True,4.5574143754303105,4.537647276934468,4.536739747479081,0.0009075294553868937,13,0,1255,1.9145896894330008,,0
2017-08-11,2017-08-11,0,70e4948f4304e28543a647331d1e6548bc6a8c1006d4bd24ce64fee3e0d00cfa,v11_85ae599b865950104870,False,False,False,510500,510500,510500,False,False,False,4.536739747479081,4.451825675224378,4.451825675224378,0.0,1,1,1255,1.9145896894330008,,0
2017-08-14,2017-08-14,0,70e4948f4304e28543a647331d1e6548bc6a8c1006d4bd24ce64fee3e0d00cfa,v11_85ae599b865950104870,False,False,False,510500,510500,510500,False,False,False,4.451825675224378,4.542218074721319,4.542218074721319,0.0,2,2,1255,1.9169016467938254,,0
2017-08-15,2017-08-15,0,70e4948f4304e28543a647331d1e6548bc6a8c1006d4bd24ce64fee3e0d00cfa,v11_85ae599b865950104870,False,False,False,510500,510500,510500,False,False,False,4.542218074721319,4.544957238342438,4.544957238342438,0.0,3,3,1255,1.9180576254742376,,0
2017-08-16,2017-08-16,0,70e4948f4304e28543a647331d1e6548bc6a8c1006d4bd24ce64fee3e0d00cfa,v11_85ae599b865950104870,False,False,False,510500,159915,159915,False,False,True,4.544957238342438,4.550435565584677,4.54952547847156,0.0009100871131169355,4,0,1255,2.1769134253450355,,0
2017-08-17,2017-08-17,0,70e4948f4304e28543a647331d1e6548bc6a8c1006d4bd24ce64fee3e0d00cfa,v11_85ae599b865950104870,False,False,False,159915,159915,159915,False,False,False,4.54952547847156,4.578369732225558,4.578369732225558,0.0,1,1,1255,2.1907151819322372,,0
2017-08-18,2017-08-18,0,70e4948f4304e28543a647331d1e6548bc6a8c1006d4bd24ce64fee3e0d00cfa,v11_85ae599b865950104870,False,False,False,159915,159915,159915,False,False,False,4.578369732225558,4.544281068698105,4.544281068698105,0.0,2,2,1255,2.1907151819322372,,0
2017-08-21,2017-08-21,0,70e4948f4304e28543a647331d1e6548bc6a8c1006d4bd24ce64fee3e0d00cfa,v11_85ae599b865950104870,False,False,False,159915,159915,159915,False,False,False,4.544281068698105,4.554769888245013,4.554769888245013,0.0,3,3,1255,2.1907151819322372,,0
2017-08-22,2017-08-22,0,70e4948f4304e28543a647331d1e6548bc6a8c1006d4bd24ce64fee3e0d00cfa,v11_85ae599b865950104870,False,False,False,159915,159915,159915,False,False,False,4.554769888245013,4.525925634491014,4.525925634491014,0.0,4,4,1255,2.1907151819322372,,0
2017-08-23,2017-08-23,0,70e4948f4304e28543a647331d1e6548bc6a8c1006d4bd24ce64fee3e0d00cfa,v11_85ae599b865950104870,False,False,False,159915,159915,159915,False,False,False,4.525925634491014,4.50232579051047,4.50232579051047,0.0,5,5,1255,2.1907151819322372,,0
2017-08-24,2017-08-24,0,70e4948f4304e28543a647331d1e6548bc6a8c1006d4bd24ce64fee3e0d00cfa,v11_85ae599b865950104870,False,False,False,159915,159915,159915,False,False,False,4.50232579051047,4.470859331869745,4.470859331869745,0.0,6,6,1255,2.1907151819322372,,0
2017-08-25,2017-08-25,0,70e4948f4304e28543a647331d1e6548bc6a8c1006d4bd24ce64fee3e0d00cfa,v11_85ae599b865950104870,False,False,False,159915,159915,159915,False,False,False,4.470859331869745,4.518059019830833,4.518059019830833,0.0,7,7,1255,2.1907151819322372,,0
2017-08-28,2017-08-28,0,70e4948f4304e28543a647331d1e6548bc6a8c1006d4bd24ce64fee3e0d00cfa,v11_85ae599b865950104870,False,False,False,159915,159915,159915,False,False,False,4.518059019830833,4.6019695762061,4.6019695762061,0.0,8,8,1255,2.202007528230856,,0
2017-08-29,2017-08-29,0,70e4948f4304e28543a647331d1e6548bc6a8c1006d4bd24ce64fee3e0d00cfa,v11_85ae599b865950104870,False,False,False,159915,159915,159915,False,False,False,4.6019695762061,4.570503117565376,4.570503117565376,0.0,9,9,1255,2.202007528230856,,0
2017-08-30,2017-08-30,0,70e4948f4304e28543a647331d1e6548bc6a8c1006d4bd24ce64fee3e0d00cfa,v11_85ae599b865950104870,False,False,False,159915,159915,159915,False,False,False,4.570503117565376,4.604591781092828,4.604591781092828,0.0,10,10,1255,2.2032622333751477,,0
2017-08-31,2017-08-31,0,70e4948f4304e28543a647331d1e6548bc6a8c1006d4bd24ce64fee3e0d00cfa,v11_85ae599b865950104870,False,False,False,159915,159915,159915,False,False,False,4.604591781092828,4.628191625073372,4.628191625073372,0.0,11,11,1255,2.2145545796737673,,0
2017-09-01,2017-09-01,0,70e4948f4304e28543a647331d1e6548bc6a8c1006d4bd24ce64fee3e0d00cfa,v11_85ae599b865950104870,False,False,False,159915,159915,159915,False,False,False,4.628191625073372,4.657035878827371,4.657035878827371,0.0,12,12,1255,2.2283563362609695,,0
2017-09-04,2017-09-04,0,70e4948f4304e28543a647331d1e6548bc6a8c1006d4bd24ce64fee3e0d00cfa,v11_85ae599b865950104870,False,False,False,159915,159915,159915,False,False,False,4.657035878827371,4.709479976561914,4.709479976561914,0.0,13,13,1255,2.2534504391467913,,0
2017-09-05,2017-09-05,0,70e4948f4304e28543a647331d1e6548bc6a8c1006d4bd24ce64fee3e0d00cfa,v11_85ae599b865950104870,False,False,False,159915,159915,159915,False,False,False,4.709479976561914,4.709479976561914,4.709479976561914,0.0,14,14,1255,2.2534504391467913,,0
2017-09-06,2017-09-06,0,70e4948f4304e28543a647331d1e6548bc6a8c1006d4bd24ce64fee3e0d00cfa,v11_85ae599b865950104870,False,False,False,159915,159915,159915,False,False,False,4.709479976561914,4.754057459636275,4.754057459636275,0.0,15,15,1255,2.27478042659974,,0
2017-09-07,2017-09-07,0,70e4948f4304e28543a647331d1e6548bc6a8c1006d4bd24ce64fee3e0d00cfa,v11_85ae599b865950104870,False,False,False,159915,159915,159915,False,False,False,4.754057459636275,4.719968796108823,4.719968796108823,0.0,16,16,1255,2.27478042659974,,0
2017-09-08,2017-09-08,0,70e4948f4304e28543a647331d1e6548bc6a8c1006d4bd24ce64fee3e0d00cfa,v11_85ae599b865950104870,False,False,False,159915,159915,159915,False,False,False,4.719968796108823,4.696368952128278,4.696368952128278,0.0,17,17,1255,2.27478042659974,,0
2017-09-11,2017-09-11,0,70e4948f4304e28543a647331d1e6548bc6a8c1006d4bd24ce64fee3e0d00cfa,v11_85ae599b865950104870,False,False,False,159915,159915,159915,False,False,False,4.696368952128278,4.7383242303159125,4.7383242303159125,0.0,18,18,1255,2.27478042659974,,0
2017-09-12,2017-09-12,0,70e4948f4304e28543a647331d1e6548bc6a8c1006d4bd24ce64fee3e0d00cfa,v11_85ae599b865950104870,False,False,False,159915,159915,159915,False,False,False,4.7383242303159125,4.7016133619017335,4.7016133619017335,0.0,19,19,1255,2.27478042659974,,0
2017-09-13,2017-09-13,0,70e4948f4304e28543a647331d1e6548bc6a8c1006d4bd24ce64fee3e0d00cfa,v11_85ae599b865950104870,False,False,False,159915,510500,510500,False,False,True,4.7016133619017335,4.712102181448642,4.711159761012352,0.0009424204362897284,20,0,1255,2.0342334828556816,,0
2017-09-14,2017-09-14,0,70e4948f4304e28543a647331d1e6548bc6a8c1006d4bd24ce64fee3e0d00cfa,v11_85ae599b865950104870,False,False,False,510500,510500,510500,False,False,False,4.711159761012352,4.701120352514669,4.701120352514669,0.0,1,1,1255,2.0342334828556816,,0
2017-09-15,2017-09-15,0,70e4948f4304e28543a647331d1e6548bc6a8c1006d4bd24ce64fee3e0d00cfa,v11_85ae599b865950104870,False,False,False,510500,510500,510500,False,False,False,4.701120352514669,4.664978481923013,4.664978481923013,0.0,2,2,1255,2.0342334828556816,,0
2017-09-18,2017-09-18,0,70e4948f4304e28543a647331d1e6548bc6a8c1006d4bd24ce64fee3e0d00cfa,v11_85ae599b865950104870,False,False,False,510500,510500,510500,False,False,False,4.664978481923013,4.709151879312815,4.709151879312815,0.0,3,3,1255,2.0342334828556816,,0
2017-09-19,2017-09-19,0,70e4948f4304e28543a647331d1e6548bc6a8c1006d4bd24ce64fee3e0d00cfa,v11_85ae599b865950104870,False,False,False,510500,510500,510500,False,False,False,4.709151879312815,4.668994245322086,4.668994245322086,0.0,4,4,1255,2.0342334828556816,,0
2017-09-20,2017-09-20,0,70e4948f4304e28543a647331d1e6548bc6a8c1006d4bd24ce64fee3e0d00cfa,v11_85ae599b865950104870,False,False,False,510500,510500,510500,False,False,False,4.668994245322086,4.71718340611096,4.71718340611096,0.0,5,5,1255,2.0368344348866088,,0
2017-09-21,2017-09-21,0,70e4948f4304e28543a647331d1e6548bc6a8c1006d4bd24ce64fee3e0d00cfa,v11_85ae599b865950104870,False,False,False,510500,510500,510500,False,False,False,4.71718340611096,4.662301306323632,4.662301306323632,0.0,6,6,1255,2.0368344348866088,,0
2017-09-22,2017-09-22,0,70e4948f4304e28543a647331d1e6548bc6a8c1006d4bd24ce64fee3e0d00cfa,v11_85ae599b865950104870,False,False,False,510500,510500,510500,False,False,False,4.662301306323632,4.6274980235316665,4.6274980235316665,0.0,7,7,1255,2.0368344348866088,,0
2017-09-25,2017-09-25,0,70e4948f4304e28543a647331d1e6548bc6a8c1006d4bd24ce64fee3e0d00cfa,v11_85ae599b865950104870,False,False,False,510500,510500,510500,False,False,False,4.6274980235316665,4.571277335944647,4.571277335944647,0.0,8,8,1255,2.0368344348866088,,0
2017-09-26,2017-09-26,0,70e4948f4304e28543a647331d1e6548bc6a8c1006d4bd24ce64fee3e0d00cfa,v11_85ae599b865950104870,False,False,False,510500,510500,510500,False,False,False,4.571277335944647,4.591356152940011,4.591356152940011,0.0,9,9,1255,2.0368344348866088,,0
2017-09-27,2017-09-27,0,70e4948f4304e28543a647331d1e6548bc6a8c1006d4bd24ce64fee3e0d00cfa,v11_85ae599b865950104870,False,False,False,510500,510500,510500,False,False,False,4.591356152940011,4.63285237473043,4.63285237473043,0.0,10,10,1255,2.0368344348866088,,0
2017-09-28,2017-09-28,0,70e4948f4304e28543a647331d1e6548bc6a8c1006d4bd24ce64fee3e0d00cfa,v11_85ae599b865950104870,False,False,False,510500,510500,510500,False,False,False,4.63285237473043,4.634190962530122,4.634190962530122,0.0,11,11,1255,2.0368344348866088,,0
2017-09-29,2017-09-29,0,70e4948f4304e28543a647331d1e6548bc6a8c1006d4bd24ce64fee3e0d00cfa,v11_85ae599b865950104870,False,False,False,510500,510500,510500,False,False,False,4.634190962530122,4.662301306323632,4.662301306323632,0.0,12,12,1255,2.0368344348866088,,0
2017-10-09,2017-10-09,0,70e4948f4304e28543a647331d1e6548bc6a8c1006d4bd24ce64fee3e0d00cfa,v11_85ae599b865950104870,False,False,False,510500,510500,510500,False,False,False,4.662301306323632,4.711159761012352,4.711159761012352,0.0,13,13,1255,2.0368344348866088,,0
2017-10-10,2017-10-10,0,70e4948f4304e28543a647331d1e6548bc6a8c1006d4bd24ce64fee3e0d00cfa,v11_85ae599b865950104870,False,False,False,510500,510500,510500,False,False,False,4.711159761012352,4.726553520708799,4.726553520708799,0.0,14,14,1255,2.0408803602680523,,0
2017-10-11,2017-10-11,0,70e4948f4304e28543a647331d1e6548bc6a8c1006d4bd24ce64fee3e0d00cfa,v11_85ae599b865950104870,False,False,False,510500,510500,510500,False,False,False,4.726553520708799,4.700451058614825,4.700451058614825,0.0,15,15,1255,2.0408803602680523,,0
2017-10-12,2017-10-12,0,70e4948f4304e28543a647331d1e6548bc6a8c1006d4bd24ce64fee3e0d00cfa,v11_85ae599b865950104870,False,False,False,510500,510500,510500,False,False,False,4.700451058614825,4.691750237916834,4.691750237916834,0.0,16,16,1255,2.0408803602680523,,0
2017-10-13,2017-10-13,0,70e4948f4304e28543a647331d1e6548bc6a8c1006d4bd24ce64fee3e0d00cfa,v11_85ae599b865950104870,False,False,False,510500,510500,510500,False,False,False,4.691750237916834,4.728561402408335,4.728561402408335,0.0,17,17,1255,2.041747344278362,,0
2017-10-16,2017-10-16,0,70e4948f4304e28543a647331d1e6548bc6a8c1006d4bd24ce64fee3e0d00cfa,v11_85ae599b865950104870,False,False,False,510500,513100,513100,False,False,True,4.728561402408335,4.660293424624096,4.659361365939171,0.0009320586849248193,18,0,1255,2.1183550651955896,,0
2017-10-17,2017-10-17,0,70e4948f4304e28543a647331d1e6548bc6a8c1006d4bd24ce64fee3e0d00cfa,v11_85ae599b865950104870,False,False,False,513100,513100,513100,False,False,False,4.659361365939171,4.681422736043049,4.681422736043049,0.0,1,1,1255,2.1283851554664017,,0
2017-10-18,2017-10-18,0,70e4948f4304e28543a647331d1e6548bc6a8c1006d4bd24ce64fee3e0d00cfa,v11_85ae599b865950104870,False,False,False,513100,513100,513100,False,False,False,4.681422736043049,4.674804325011886,4.674804325011886,0.0,2,2,1255,2.1283851554664017,,0
2017-10-19,2017-10-19,0,70e4948f4304e28543a647331d1e6548bc6a8c1006d4bd24ce64fee3e0d00cfa,v11_85ae599b865950104870,False,False,False,513100,513100,513100,False,False,False,4.674804325011886,4.683628873053437,4.683628873053437,0.0,3,3,1255,2.1293881644934833,,0
2017-10-20,2017-10-20,0,70e4948f4304e28543a647331d1e6548bc6a8c1006d4bd24ce64fee3e0d00cfa,v11_85ae599b865950104870,False,False,False,513100,513100,513100,False,False,False,4.683628873053437,4.683628873053437,4.683628873053437,0.0,4,4,1255,2.1293881644934833,,0
2017-10-23,2017-10-23,0,70e4948f4304e28543a647331d1e6548bc6a8c1006d4bd24ce64fee3e0d00cfa,v11_85ae599b865950104870,False,False,False,513100,513100,513100,False,False,False,4.683628873053437,4.694659558105377,4.694659558105377,0.0,5,5,1255,2.1344032096288896,,0
2017-10-24,2017-10-24,0,70e4948f4304e28543a647331d1e6548bc6a8c1006d4bd24ce64fee3e0d00cfa,v11_85ae599b865950104870,False,False,False,513100,513100,513100,False,False,False,4.694659558105377,4.674804325011887,4.674804325011887,0.0,6,6,1255,2.1344032096288896,,0
2017-10-25,2017-10-25,0,70e4948f4304e28543a647331d1e6548bc6a8c1006d4bd24ce64fee3e0d00cfa,v11_85ae599b865950104870,False,False,False,513100,513100,513100,False,False,False,4.674804325011887,4.683628873053438,4.683628873053438,0.0,7,7,1255,2.1344032096288896,,0
2017-10-26,2017-10-26,0,70e4948f4304e28543a647331d1e6548bc6a8c1006d4bd24ce64fee3e0d00cfa,v11_85ae599b865950104870,False,False,False,513100,513100,513100,False,False,False,4.683628873053438,4.661567502949559,4.661567502949559,0.0,8,8,1255,2.1344032096288896,,0
2017-10-27,2017-10-27,0,70e4948f4304e28543a647331d1e6548bc6a8c1006d4bd24ce64fee3e0d00cfa,v11_85ae599b865950104870,False,False,False,513100,513100,513100,False,False,False,4.661567502949559,4.688041147074213,4.688041147074213,0.0,9,9,1255,2.1344032096288896,,0
2017-10-30,2017-10-30,0,70e4948f4304e28543a647331d1e6548bc6a8c1006d4bd24ce64fee3e0d00cfa,v11_85ae599b865950104870,False,False,False,513100,513100,513100,False,False,False,4.688041147074213,4.782905038520892,4.782905038520892,0.0,10,10,1255,2.17452357071214,,0
2017-10-31,2017-10-31,0,70e4948f4304e28543a647331d1e6548bc6a8c1006d4bd24ce64fee3e0d00cfa,v11_85ae599b865950104870,False,False,False,513100,513100,513100,False,False,False,4.782905038520892,4.791729586562444,4.791729586562444,0.0,11,11,1255,2.178535606820465,,0
2017-11-01,2017-11-01,0,70e4948f4304e28543a647331d1e6548bc6a8c1006d4bd24ce64fee3e0d00cfa,v11_85ae599b865950104870,False,False,False,513100,513100,513100,False,False,False,4.791729586562444,4.81599709367671,4.81599709367671,0.0,12,12,1255,2.1895687061183584,,0
2017-11-02,2017-11-02,0,70e4948f4304e28543a647331d1e6548bc6a8c1006d4bd24ce64fee3e0d00cfa,v11_85ae599b865950104870,False,False,False,513100,513100,513100,False,False,False,4.81599709367671,4.800554134603996,4.800554134603996,0.0,13,13,1255,2.1895687061183584,,0
2017-11-03,2017-11-03,0,70e4948f4304e28543a647331d1e6548bc6a8c1006d4bd24ce64fee3e0d00cfa,v11_85ae599b865950104870,False,False,False,513100,513100,513100,False,False,False,4.800554134603996,4.80717254563516,4.80717254563516,0.0,14,14,1255,2.1895687061183584,,0
2017-11-06,2017-11-06,0,70e4948f4304e28543a647331d1e6548bc6a8c1006d4bd24ce64fee3e0d00cfa,v11_85ae599b865950104870,False,False,False,513100,513100,513100,False,False,False,4.80717254563516,4.822615504707875,4.822615504707875,0.0,15,15,1255,2.192577733199603,,0
2017-11-07,2017-11-07,0,70e4948f4304e28543a647331d1e6548bc6a8c1006d4bd24ce64fee3e0d00cfa,v11_85ae599b865950104870,False,False,False,513100,513100,513100,False,False,False,4.822615504707875,4.833646189759814,4.833646189759814,0.0,16,16,1255,2.1975927783350087,,0
2017-11-08,2017-11-08,0,70e4948f4304e28543a647331d1e6548bc6a8c1006d4bd24ce64fee3e0d00cfa,v11_85ae599b865950104870,False,False,False,513100,513100,513100,False,False,False,4.833646189759814,4.842470737801366,4.842470737801366,0.0,17,17,1255,2.201604814443334,,0
2017-11-09,2017-11-09,0,70e4948f4304e28543a647331d1e6548bc6a8c1006d4bd24ce64fee3e0d00cfa,v11_85ae599b865950104870,False,False,False,513100,513100,513100,False,False,False,4.842470737801366,4.857913696874081,4.857913696874081,0.0,18,18,1255,2.2086258776329024,,0
2017-11-10,2017-11-10,0,70e4948f4304e28543a647331d1e6548bc6a8c1006d4bd24ce64fee3e0d00cfa,v11_85ae599b865950104870,False,False,False,513100,513100,513100,False,False,False,4.857913696874081,4.8446768748117535,4.8446768748117535,0.0,19,19,1255,2.2086258776329024,,0
2017-11-13,2017-11-13,0,70e4948f4304e28543a647331d1e6548bc6a8c1006d4bd24ce64fee3e0d00cfa,v11_85ae599b865950104870,False,False,False,513100,513100,513100,False,False,False,4.8446768748117535,4.846883011822141,4.846883011822141,0.0,20,20,1255,2.2086258776329024,,0
2017-11-14,2017-11-14,0,70e4948f4304e28543a647331d1e6548bc6a8c1006d4bd24ce64fee3e0d00cfa,v11_85ae599b865950104870,False,False,False,513100,513100,513100,False,False,False,4.846883011822141,4.853501422853305,4.853501422853305,0.0,21,21,1255,2.2086258776329024,,0
2017-11-15,2017-11-15,0,70e4948f4304e28543a647331d1e6548bc6a8c1006d4bd24ce64fee3e0d00cfa,v11_85ae599b865950104870,False,False,False,513100,513100,513100,False,False,False,4.853501422853305,4.820409367697486,4.820409367697486,0.0,22,22,1255,2.2086258776329024,,0
2017-11-16,2017-11-16,0,70e4948f4304e28543a647331d1e6548bc6a8c1006d4bd24ce64fee3e0d00cfa,v11_85ae599b865950104870,False,False,False,513100,513100,513100,False,False,False,4.820409367697486,4.802760271614383,4.802760271614383,0.0,23,23,1255,2.2086258776329024,,0
2017-11-17,2017-11-17,0,70e4948f4304e28543a647331d1e6548bc6a8c1006d4bd24ce64fee3e0d00cfa,v11_85ae599b865950104870,False,False,False,513100,513100,513100,False,False,False,4.802760271614383,4.860119833884467,4.860119833884467,0.0,24,24,1255,2.209628886659983,,0
2017-11-20,2017-11-20,0,70e4948f4304e28543a647331d1e6548bc6a8c1006d4bd24ce64fee3e0d00cfa,v11_85ae599b865950104870,False,False,False,513100,510300,510300,False,False,True,4.860119833884467,4.840264600790976,4.839296547870818,0.0009680529201581954,25,0,1255,1.745172625809412,,0
2017-11-21,2017-11-21,0,70e4948f4304e28543a647331d1e6548bc6a8c1006d4bd24ce64fee3e0d00cfa,v11_85ae599b865950104870,False,False,False,510300,510300,510300,False,False,False,4.839296547870818,4.93486200432413,4.93486200432413,0.0,1,1,1255,1.7796359443776202,,0
2017-11-22,2017-11-22,0,70e4948f4304e28543a647331d1e6548bc6a8c1006d4bd24ce64fee3e0d00cfa,v11_85ae599b865950104870,False,False,False,510300,510300,510300,False,False,False,4.93486200432413,4.933710613282525,4.933710613282525,0.0,2,2,1255,1.7796359443776202,,0
2017-11-23,2017-11-23,0,70e4948f4304e28543a647331d1e6548bc6a8c1006d4bd24ce64fee3e0d00cfa,v11_85ae599b865950104870,False,False,False,510300,513100,513100,True,False,True,4.933710613282525,4.777121431624082,4.776166007337758,0.0009554242863248166,3,0,1255,2.2146439317953894,,0
2017-11-24,2017-11-24,0,70e4948f4304e28543a647331d1e6548bc6a8c1006d4bd24ce64fee3e0d00cfa,v11_85ae599b865950104870,False,False,False,513100,513100,513100,False,False,False,4.776166007337758,4.776166007337758,4.776166007337758,0.0,1,1,1255,2.2146439317953894,,0
2017-11-27,2017-11-27,0,70e4948f4304e28543a647331d1e6548bc6a8c1006d4bd24ce64fee3e0d00cfa,v11_85ae599b865950104870,False,False,False,513100,513100,513100,False,False,False,4.776166007337758,4.799960312627936,4.799960312627936,0.0,2,2,1255,2.225677031093283,,0
2017-11-28,2017-11-28,0,70e4948f4304e28543a647331d1e6548bc6a8c1006d4bd24ce64fee3e0d00cfa,v11_85ae599b865950104870,False,False,False,513100,513100,513100,False,False,False,4.799960312627936,4.810775905941655,4.810775905941655,0.0,3,3,1255,2.2306920762286895,,0
2017-11-29,2017-11-29,0,70e4948f4304e28543a647331d1e6548bc6a8c1006d4bd24ce64fee3e0d00cfa,v11_85ae599b865950104870,False,False,False,513100,513100,513100,False,False,False,4.810775905941655,4.858364516522012,4.858364516522012,0.0,4,4,1255,2.2527582748244765,,0
2017-11-30,2017-11-30,0,70e4948f4304e28543a647331d1e6548bc6a8c1006d4bd24ce64fee3e0d00cfa,v11_85ae599b865950104870,False,False,False,513100,513100,513100,False,False,False,4.858364516522012,4.789144719314217,4.789144719314217,0.0,5,5,1255,2.2527582748244765,,0
2017-12-01,2017-12-01,0,70e4948f4304e28543a647331d1e6548bc6a8c1006d4bd24ce64fee3e0d00cfa,v11_85ae599b865950104870,False,False,False,513100,513100,513100,False,False,False,4.789144719314217,4.847548923208294,4.847548923208294,0.0,6,6,1255,2.2527582748244765,,0
2017-12-04,2017-12-04,0,70e4948f4304e28543a647331d1e6548bc6a8c1006d4bd24ce64fee3e0d00cfa,v11_85ae599b865950104870,False,False,False,513100,513100,513100,False,False,False,4.847548923208294,4.892974415125908,4.892974415125908,0.0,7,7,1255,2.268806419257776,,0
2017-12-05,2017-12-05,0,70e4948f4304e28543a647331d1e6548bc6a8c1006d4bd24ce64fee3e0d00cfa,v11_85ae599b865950104870,False,False,False,513100,518880,518880,True,False,True,4.892974415125908,4.758861058035808,4.7579092858242005,0.0009517722116071616,8,0,1255,1.0289413556740312,,0
2017-12-06,2017-12-06,0,70e4948f4304e28543a647331d1e6548bc6a8c1006d4bd24ce64fee3e0d00cfa,v11_85ae599b865950104870,False,False,False,518880,513100,513100,False,False,True,4.7579092858242005,4.729735137573576,4.7287891905460615,0.0009459470275147153,1,0,1255,2.1815446339017077,,0
2017-12-07,2017-12-07,0,70e4948f4304e28543a647331d1e6548bc6a8c1006d4bd24ce64fee3e0d00cfa,v11_85ae599b865950104870,False,False,False,513100,513100,513100,False,False,False,4.7287891905460615,4.761401529791207,4.761401529791207,0.0,1,1,1255,2.1965897693079266,,0
2017-12-08,2017-12-08,0,70e4948f4304e28543a647331d1e6548bc6a8c1006d4bd24ce64fee3e0d00cfa,v11_85ae599b865950104870,False,False,False,513100,513100,513100,False,False,False,4.761401529791207,4.804884648784734,4.804884648784734,0.0,2,2,1255,2.2166499498495518,,0
2017-12-11,2017-12-11,0,70e4948f4304e28543a647331d1e6548bc6a8c1006d4bd24ce64fee3e0d00cfa,v11_85ae599b865950104870,False,False,False,513100,513100,513100,False,False,False,4.804884648784734,4.826626208281499,4.826626208281499,0.0,3,3,1255,2.226680040120365,,0
2017-12-12,2017-12-12,0,70e4948f4304e28543a647331d1e6548bc6a8c1006d4bd24ce64fee3e0d00cfa,v11_85ae599b865950104870,False,False,False,513100,513100,513100,False,False,False,4.826626208281499,4.859238547526643,4.859238547526643,0.0,4,4,1255,2.2417251755265832,,0
2017-12-13,2017-12-13,0,70e4948f4304e28543a647331d1e6548bc6a8c1006d4bd24ce64fee3e0d00cfa,v11_85ae599b865950104870,False,False,False,513100,513100,513100,False,False,False,4.859238547526643,4.863586859425996,4.863586859425996,0.0,5,5,1255,2.243731193580746,,0
2017-12-14,2017-12-14,0,70e4948f4304e28543a647331d1e6548bc6a8c1006d4bd24ce64fee3e0d00cfa,v11_85ae599b865950104870,False,False,False,513100,513100,513100,False,False,False,4.863586859425996,4.876631795124053,4.876631795124053,0.0,6,6,1255,2.2497492477432335,,0
2017-12-15,2017-12-15,0,70e4948f4304e28543a647331d1e6548bc6a8c1006d4bd24ce64fee3e0d00cfa,v11_85ae599b865950104870,False,False,False,513100,513100,513100,False,False,False,4.876631795124053,4.852716079677615,4.852716079677615,0.0,7,7,1255,2.2497492477432335,,0
2017-12-18,2017-12-18,0,70e4948f4304e28543a647331d1e6548bc6a8c1006d4bd24ce64fee3e0d00cfa,v11_85ae599b865950104870,False,False,False,513100,513100,513100,False,False,False,4.852716079677615,4.92663738196661,4.92663738196661,0.0,8,8,1255,2.272818455366102,,0
2017-12-19,2017-12-19,0,70e4948f4304e28543a647331d1e6548bc6a8c1006d4bd24ce64fee3e0d00cfa,v11_85ae599b865950104870,False,False,False,513100,513100,513100,False,False,False,4.92663738196661,4.957075565262078,4.957075565262078,0.0,9,9,1255,2.286860581745239,,0
2017-12-20,2017-12-20,0,70e4948f4304e28543a647331d1e6548bc6a8c1006d4bd24ce64fee3e0d00cfa,v11_85ae599b865950104870,False,False,False,513100,513100,513100,False,False,False,4.957075565262078,4.948378941463372,4.948378941463372,0.0,10,10,1255,2.286860581745239,,0
2017-12-21,2017-12-21,0,70e4948f4304e28543a647331d1e6548bc6a8c1006d4bd24ce64fee3e0d00cfa,v11_85ae599b865950104870,False,False,False,513100,513100,513100,False,False,False,4.948378941463372,4.917940758167903,4.917940758167903,0.0,11,11,1255,2.286860581745239,,0
2017-12-22,2017-12-22,0,70e4948f4304e28543a647331d1e6548bc6a8c1006d4bd24ce64fee3e0d00cfa,v11_85ae599b865950104870,False,False,False,513100,513100,513100,False,False,False,4.917940758167903,4.933159849815638,4.933159849815638,0.0,12,12,1255,2.286860581745239,,0
2017-12-25,2017-12-25,0,70e4948f4304e28543a647331d1e6548bc6a8c1006d4bd24ce64fee3e0d00cfa,v11_85ae599b865950104870,False,False,False,513100,513100,513100,False,False,False,4.933159849815638,4.917940758167902,4.917940758167902,0.0,13,13,1255,2.286860581745239,,0
2017-12-26,2017-12-26,0,70e4948f4304e28543a647331d1e6548bc6a8c1006d4bd24ce64fee3e0d00cfa,v11_85ae599b865950104870,False,False,False,513100,513100,513100,False,False,False,4.917940758167902,4.915766602218226,4.915766602218226,0.0,14,14,1255,2.286860581745239,,0
2017-12-27,2017-12-27,0,70e4948f4304e28543a647331d1e6548bc6a8c1006d4bd24ce64fee3e0d00cfa,v11_85ae599b865950104870,False,False,False,513100,513100,513100,False,False,False,4.915766602218226,4.857064391576964,4.857064391576964,0.0,15,15,1255,2.286860581745239,,0
2017-12-28,2017-12-28,0,70e4948f4304e28543a647331d1e6548bc6a8c1006d4bd24ce64fee3e0d00cfa,v11_85ae599b865950104870,False,False,False,513100,513100,513100,False,False,False,4.857064391576964,4.84184529992923,4.84184529992923,0.0,16,16,1255,2.286860581745239,,0
2017-12-29,2017-12-29,0,70e4948f4304e28543a647331d1e6548bc6a8c1006d4bd24ce64fee3e0d00cfa,v11_85ae599b865950104870,False,False,False,513100,510300,510300,False,False,True,4.84184529992923,4.846193611828583,4.845224373106217,0.0009692387223657166,17,0,1255,1.6924395961929952,,0
2018-01-02,2018-01-02,1,f2afd4d7fdb64b06192f482aaba9a889e47120541137e03ca27d78c42d0e1c4d,v11_5b10af82f5459a43d6d0,True,True,True,510300,510300,510300,False,False,False,4.845224373106217,4.916547597440461,4.916547597440461,0.0,1,1,1255,1.7173528385314598,,0
2018-01-03,2018-01-03,1,f2afd4d7fdb64b06192f482aaba9a889e47120541137e03ca27d78c42d0e1c4d,v11_5b10af82f5459a43d6d0,False,False,False,510300,510500,510500,False,False,True,4.916547597440461,4.942699446363018,4.9417109064737454,0.0009885398892726036,2,0,1255,1.9420441830927948,,0
2018-01-04,2018-01-04,1,f2afd4d7fdb64b06192f482aaba9a889e47120541137e03ca27d78c42d0e1c4d,v11_5b10af82f5459a43d6d0,False,False,False,510500,510500,510500,False,False,False,4.9417109064737454,4.96083062129046,4.96083062129046,0.0,1,1,1255,1.9495580445154754,,0
2018-01-05,2018-01-05,1,f2afd4d7fdb64b06192f482aaba9a889e47120541137e03ca27d78c42d0e1c4d,v11_5b10af82f5459a43d6d0,False,False,False,510500,510500,510500,False,False,False,4.96083062129046,4.969655105052019,4.969655105052019,0.0,2,2,1255,1.9530259805567123,,0
2018-01-08,2018-01-08,1,f2afd4d7fdb64b06192f482aaba9a889e47120541137e03ca27d78c42d0e1c4d,v11_5b10af82f5459a43d6d0,False,False,False,510500,510500,510500,False,False,False,4.969655105052019,4.992451688102715,4.992451688102715,0.0,3,3,1255,1.961984815329908,,0
2018-01-09,2018-01-09,1,f2afd4d7fdb64b06192f482aaba9a889e47120541137e03ca27d78c42d0e1c4d,v11_5b10af82f5459a43d6d0,False,False,False,510500,510500,510500,False,False,False,4.992451688102715,4.9880394462219355,4.9880394462219355,0.0,4,4,1255,1.961984815329908,,0
2018-01-10,2018-01-10,1,f2afd4d7fdb64b06192f482aaba9a889e47120541137e03ca27d78c42d0e1c4d,v11_5b10af82f5459a43d6d0,False,False,False,510500,510500,510500,False,False,False,4.9880394462219355,4.963036742230847,4.963036742230847,0.0,5,5,1255,1.961984815329908,,0
2018-01-11,2018-01-11,1,f2afd4d7fdb64b06192f482aaba9a889e47120541137e03ca27d78c42d0e1c4d,v11_5b10af82f5459a43d6d0,False,False,False,510500,510500,510500,False,False,False,4.963036742230847,4.974802720579595,4.974802720579595,0.0,6,6,1255,1.961984815329908,,0
2018-01-12,2018-01-12,1,f2afd4d7fdb64b06192f482aaba9a889e47120541137e03ca27d78c42d0e1c4d,v11_5b10af82f5459a43d6d0,False,False,False,510500,510300,510300,False,False,True,4.974802720579595,4.949800016588507,4.94881005658519,0.0009899600033177016,7,0,1255,1.7742380752042863,,0
2018-01-15,2018-01-15,1,f2afd4d7fdb64b06192f482aaba9a889e47120541137e03ca27d78c42d0e1c4d,v11_5b10af82f5459a43d6d0,False,False,False,510300,510300,510300,False,False,False,4.94881005658519,4.939544790857906,4.939544790857906,0.0,1,1,1255,1.7742380752042863,,0
2018-01-16,2018-01-16,1,f2afd4d7fdb64b06192f482aaba9a889e47120541137e03ca27d78c42d0e1c4d,v11_5b10af82f5459a43d6d0,False,False,False,510300,510300,510300,False,False,False,4.939544790857906,4.989345594142053,4.989345594142053,0.0,2,2,1255,1.7887707999017237,,0
2018-01-17,2018-01-17,1,f2afd4d7fdb64b06192f482aaba9a889e47120541137e03ca27d78c42d0e1c4d,v11_5b10af82f5459a43d6d0,False,False,False,510300,510300,510300,False,False,False,4.989345594142053,4.974289537335218,4.974289537335218,0.0,3,3,1255,1.7887707999017237,,0
2018-01-18,2018-01-18,1,f2afd4d7fdb64b06192f482aaba9a889e47120541137e03ca27d78c42d0e1c4d,v11_5b10af82f5459a43d6d0,False,False,False,510300,510300,510300,False,False,False,4.974289537335218,5.00671796738071,5.00671796738071,0.0,4,4,1255,1.79499911048634,,0
2018-01-19,2018-01-19,1,f2afd4d7fdb64b06192f482aaba9a889e47120541137e03ca27d78c42d0e1c4d,v11_5b10af82f5459a43d6d0,False,False,False,510300,510300,510300,False,False,False,5.00671796738071,5.020615865971634,5.020615865971634,0.0,5,5,1255,1.7999817589540326,,0
2018-01-22,2018-01-22,1,f2afd4d7fdb64b06192f482aaba9a889e47120541137e03ca27d78c42d0e1c4d,v11_5b10af82f5459a43d6d0,False,False,False,510300,510300,510300,False,False,False,5.020615865971634,5.084314567846706,5.084314567846706,0.0,6,6,1255,1.822818897764291,,0
2018-01-23,2018-01-23,1,f2afd4d7fdb64b06192f482aaba9a889e47120541137e03ca27d78c42d0e1c4d,v11_5b10af82f5459a43d6d0,False,False,False,510300,510300,510300,False,False,False,5.084314567846706,5.1352735293467635,5.1352735293467635,0.0,7,7,1255,1.8410886088124978,,0
2018-01-24,2018-01-24,1,f2afd4d7fdb64b06192f482aaba9a889e47120541137e03ca27d78c42d0e1c4d,v11_5b10af82f5459a43d6d0,False,False,False,510300,510300,510300,False,False,False,5.1352735293467635,5.138784427384148,5.138784427384148,0.0,8,8,1255,1.842347329374585,,0
2018-01-25,2018-01-25,1,f2afd4d7fdb64b06192f482aaba9a889e47120541137e03ca27d78c42d0e1c4d,v11_5b10af82f5459a43d6d0,False,False,False,510300,510300,510300,False,False,False,5.138784427384148,5.1060160457018995,5.1060160457018995,0.0,9,9,1255,1.842347329374585,,0
2018-01-26,2018-01-26,1,f2afd4d7fdb64b06192f482aaba9a889e47120541137e03ca27d78c42d0e1c4d,v11_5b10af82f5459a43d6d0,False,False,False,510300,510300,510300,False,False,False,5.1060160457018995,5.13176263130938,5.13176263130938,0.0,10,10,1255,1.842347329374585,,0
2018-01-29,2018-01-29,1,f2afd4d7fdb64b06192f482aaba9a889e47120541137e03ca27d78c42d0e1c4d,v11_5b10af82f5459a43d6d0,False,False,False,510300,510300,510300,False,False,False,5.13176263130938,5.034627785608427,5.034627785608427,0.0,11,11,1255,1.842347329374585,,0
2018-01-30,2018-01-30,1,f2afd4d7fdb64b06192f482aaba9a889e47120541137e03ca27d78c42d0e1c4d,v11_5b10af82f5459a43d6d0,False,False,False,510300,510300,510300,False,False,False,5.034627785608427,4.983134614393465,4.983134614393465,0.0,12,12,1255,1.842347329374585,,0
2018-01-31,2018-01-31,1,f2afd4d7fdb64b06192f482aaba9a889e47120541137e03ca27d78c42d0e1c4d,v11_5b10af82f5459a43d6d0,False,False,False,510300,510300,510300,False,False,False,4.983134614393465,4.998348505888794,4.998348505888794,0.0,13,13,1255,1.842347329374585,,0
2018-02-01,2018-02-01,1,f2afd4d7fdb64b06192f482aaba9a889e47120541137e03ca27d78c42d0e1c4d,v11_5b10af82f5459a43d6d0,False,False,False,510300,510300,510300,False,False,False,4.998348505888794,4.963239525514955,4.963239525514955,0.0,14,14,1255,1.842347329374585,,0
2018-02-02,2018-02-02,1,f2afd4d7fdb64b06192f482aaba9a889e47120541137e03ca27d78c42d0e1c4d,v11_5b10af82f5459a43d6d0,False,False,False,510300,510300,510300,False,False,False,4.963239525514955,4.993667308505616,4.993667308505616,0.0,15,15,1255,1.842347329374585,,0
2018-02-05,2018-02-05,1,f2afd4d7fdb64b06192f482aaba9a889e47120541137e03ca27d78c42d0e1c4d,v11_5b10af82f5459a43d6d0,False,False,False,510300,510300,510300,False,False,False,4.993667308505616,4.988986111122437,4.988986111122437,0.0,16,16,1255,1.842347329374585,,0
2018-02-06,2018-02-06,1,f2afd4d7fdb64b06192f482aaba9a889e47120541137e03ca27d78c42d0e1c4d,v11_5b10af82f5459a43d6d0,False,False,False,510300,518880,518880,True,False,True,4.988986111122437,4.848550189627083,4.847580479589158,0.0009697100379254168,17,0,1255,1.0380807311500406,,0
2018-02-07,2018-02-07,1,f2afd4d7fdb64b06192f482aaba9a889e47120541137e03ca27d78c42d0e1c4d,v11_5b10af82f5459a43d6d0,False,False,False,518880,518880,518880,False,False,False,4.847580479589158,4.781784266183142,4.781784266183142,0.0,1,1,1255,1.0380807311500406,,0
2018-02-08,2018-02-08,1,f2afd4d7fdb64b06192f482aaba9a889e47120541137e03ca27d78c42d0e1c4d,v11_5b10af82f5459a43d6d0,False,False,False,518880,513100,513100,False,False,True,4.781784266183142,4.765779781841138,4.76482662588477,0.0009531559563682276,2,0,1255,2.175526579739222,,0
2018-02-09,2018-02-09,1,f2afd4d7fdb64b06192f482aaba9a889e47120541137e03ca27d78c42d0e1c4d,v11_5b10af82f5459a43d6d0,False,False,False,513100,510500,510500,True,True,True,4.76482662588477,4.5956741822733695,4.594755047436915,0.0009191348364546739,1,0,1398,1.6865728947216587,,0
2018-02-12,2018-02-12,1,f2afd4d7fdb64b06192f482aaba9a889e47120541137e03ca27d78c42d0e1c4d,v11_5b10af82f5459a43d6d0,False,False,False,510500,510500,510500,False,False,False,4.594755047436915,4.7191504034161875,4.7191504034161875,0.0,1,1,1398,1.7322340525979476,,0
2018-02-13,2018-02-13,1,f2afd4d7fdb64b06192f482aaba9a889e47120541137e03ca27d78c42d0e1c4d,v11_5b10af82f5459a43d6d0,False,False,False,510500,510500,510500,False,False,False,4.7191504034161875,4.748280961461966,4.748280961461966,0.0,2,2,1398,1.742926855391762,,0
2018-02-14,2018-02-14,1,f2afd4d7fdb64b06192f482aaba9a889e47120541137e03ca27d78c42d0e1c4d,v11_5b10af82f5459a43d6d0,False,False,False,510500,510500,510500,False,False,False,4.748280961461966,4.764027209054279,4.764027209054279,0.0,3,3,1398,1.748706748793824,,0
2018-02-22,2018-02-22,1,f2afd4d7fdb64b06192f482aaba9a889e47120541137e03ca27d78c42d0e1c4d,v11_5b10af82f5459a43d6d0,False,False,False,510500,510500,510500,False,False,False,4.764027209054279,4.863228568885851,4.863228568885851,0.0,4,4,1398,1.7851200772268137,,0
2018-02-23,2018-02-23,1,f2afd4d7fdb64b06192f482aaba9a889e47120541137e03ca27d78c42d0e1c4d,v11_5b10af82f5459a43d6d0,False,False,False,510500,513100,513100,False,False,True,4.863228568885851,4.870314380302392,4.869340317426332,0.0009740628760604784,5,0,1398,2.255767301905722,,0
2018-02-26,2018-02-26,1,f2afd4d7fdb64b06192f482aaba9a889e47120541137e03ca27d78c42d0e1c4d,v11_5b10af82f5459a43d6d0,False,False,False,513100,513100,513100,False,False,False,4.869340317426332,4.962440198995621,4.962440198995621,0.0,1,1,1398,2.2988966900702152,,0
2018-02-27,2018-02-27,1,f2afd4d7fdb64b06192f482aaba9a889e47120541137e03ca27d78c42d0e1c4d,v11_5b10af82f5459a43d6d0,False,False,False,513100,513100,513100,False,False,False,4.962440198995621,5.023063377691903,5.023063377691903,0.0,2,2,1398,2.32698094282849,,0
2018-02-28,2018-02-28,1,f2afd4d7fdb64b06192f482aaba9a889e47120541137e03ca27d78c42d0e1c4d,v11_5b10af82f5459a43d6d0,False,False,False,513100,513100,513100,False,False,False,5.023063377691903,4.949449517846419,4.949449517846419,0.0,3,3,1398,2.32698094282849,,0
2018-03-01,2018-03-01,1,f2afd4d7fdb64b06192f482aaba9a889e47120541137e03ca27d78c42d0e1c4d,v11_5b10af82f5459a43d6d0,False,False,False,513100,513100,513100,False,False,False,4.949449517846419,4.953779744896152,4.953779744896152,0.0,4,4,1398,2.32698094282849,,0
2018-03-02,2018-03-02,1,f2afd4d7fdb64b06192f482aaba9a889e47120541137e03ca27d78c42d0e1c4d,v11_5b10af82f5459a43d6d0,False,False,False,513100,513100,513100,False,False,False,4.953779744896152,4.878000771525801,4.878000771525801,0.0,5,5,1398,2.32698094282849,,0
2018-03-05,2018-03-05,1,f2afd4d7fdb64b06192f482aaba9a889e47120541137e03ca27d78c42d0e1c4d,v11_5b10af82f5459a43d6d0,False,False,False,513100,513100,513100,False,False,False,4.878000771525801,4.9104774743988076,4.9104774743988076,0.0,6,6,1398,2.32698094282849,,0
2018-03-06,2018-03-06,1,f2afd4d7fdb64b06192f482aaba9a889e47120541137e03ca27d78c42d0e1c4d,v11_5b10af82f5459a43d6d0,False,False,False,513100,159915,159915,False,False,True,4.9104774743988076,4.975430880144824,4.974435793968795,0.000995086176028965,7,0,1398,2.124215809284806,,0
2018-03-07,2018-03-07,1,f2afd4d7fdb64b06192f482aaba9a889e47120541137e03ca27d78c42d0e1c4d,v11_5b10af82f5459a43d6d0,False,False,False,159915,159915,159915,False,False,False,4.974435793968795,4.933300471396106,4.933300471396106,0.0,1,1,1398,2.124215809284806,,0
2018-03-08,2018-03-08,1,f2afd4d7fdb64b06192f482aaba9a889e47120541137e03ca27d78c42d0e1c4d,v11_5b10af82f5459a43d6d0,False,False,False,159915,159915,159915,False,False,False,4.933300471396106,4.953868132682451,4.953868132682451,0.0,2,2,1398,2.124215809284806,,0
2018-03-09,2018-03-09,1,f2afd4d7fdb64b06192f482aaba9a889e47120541137e03ca27d78c42d0e1c4d,v11_5b10af82f5459a43d6d0,False,False,False,159915,159915,159915,False,False,False,4.953868132682451,5.156606508219277,5.156606508219277,0.0,3,3,1398,2.2020075282308533,,0
2018-03-12,2018-03-12,1,f2afd4d7fdb64b06192f482aaba9a889e47120541137e03ca27d78c42d0e1c4d,v11_5b10af82f5459a43d6d0,False,False,False,159915,159915,159915,False,False,False,5.156606508219277,5.221247729404933,5.221247729404933,0.0,4,4,1398,2.2296110414052572,,0
2018-03-13,2018-03-13,1,f2afd4d7fdb64b06192f482aaba9a889e47120541137e03ca27d78c42d0e1c4d,v11_5b10af82f5459a43d6d0,False,False,False,159915,159915,159915,False,False,False,5.221247729404933,5.1918653561387265,5.1918653561387265,0.0,5,5,1398,2.2296110414052572,,0
2018-03-14,2018-03-14,1,f2afd4d7fdb64b06192f482aaba9a889e47120541137e03ca27d78c42d0e1c4d,v11_5b10af82f5459a43d6d0,False,False,False,159915,159915,159915,False,False,False,5.1918653561387265,5.115471185646589,5.115471185646589,0.0,6,6,1398,2.2296110414052572,,0
2018-03-15,2018-03-15,1,f2afd4d7fdb64b06192f482aaba9a889e47120541137e03ca27d78c42d0e1c4d,v11_5b10af82f5459a43d6d0,False,False,False,159915,159915,159915,False,False,False,5.115471185646589,5.118409422973209,5.118409422973209,0.0,7,7,1398,2.2296110414052572,,0
2018-03-16,2018-03-16,1,f2afd4d7fdb64b06192f482aaba9a889e47120541137e03ca27d78c42d0e1c4d,v11_5b10af82f5459a43d6d0,False,False,False,159915,159915,159915,False,False,False,5.118409422973209,5.042015252481072,5.042015252481072,0.0,8,8,1398,2.2296110414052572,,0
2018-03-19,2018-03-19,1,f2afd4d7fdb64b06192f482aaba9a889e47120541137e03ca27d78c42d0e1c4d,v11_5b10af82f5459a43d6d0,False,False,False,159915,159915,159915,False,False,False,5.042015252481072,5.1007799990134846,5.1007799990134846,0.0,9,9,1398,2.2296110414052572,,0
2018-03-20,2018-03-20,1,f2afd4d7fdb64b06192f482aaba9a889e47120541137e03ca27d78c42d0e1c4d,v11_5b10af82f5459a43d6d0,False,False,False,159915,159915,159915,False,False,False,5.1007799990134846,5.171297694852381,5.171297694852381,0.0,10,10,1398,2.2296110414052572,,0
2018-03-21,2018-03-21,1,f2afd4d7fdb64b06192f482aaba9a889e47120541137e03ca27d78c42d0e1c4d,v11_5b10af82f5459a43d6d0,False,False,False,159915,159915,159915,False,False,False,5.171297694852381,5.0537682017875545,5.0537682017875545,0.0,11,11,1398,2.2296110414052572,,0
2018-03-22,2018-03-22,1,f2afd4d7fdb64b06192f482aaba9a889e47120541137e03ca27d78c42d0e1c4d,v11_5b10af82f5459a43d6d0,False,False,False,159915,159915,159915,False,False,False,5.0537682017875545,5.027324065847969,5.027324065847969,0.0,12,12,1398,2.2296110414052572,,0
2018-03-23,2018-03-23,1,f2afd4d7fdb64b06192f482aaba9a889e47120541137e03ca27d78c42d0e1c4d,v11_5b10af82f5459a43d6d0,False,False,False,159915,518880,518880,True,False,True,5.027324065847969,4.76582094377873,4.764867779589974,0.000953164188755746,13,0,1398,1.0437928408225454,,0
2018-03-26,2018-03-26,1,f2afd4d7fdb64b06192f482aaba9a889e47120541137e03ca27d78c42d0e1c4d,v11_5b10af82f5459a43d6d0,False,False,False,518880,518880,518880,False,False,False,4.764867779589974,4.759652674395238,4.759652674395238,0.0,1,1,1398,1.0437928408225454,,0
2018-03-27,2018-03-27,1,f2afd4d7fdb64b06192f482aaba9a889e47120541137e03ca27d78c42d0e1c4d,v11_5b10af82f5459a43d6d0,False,False,False,518880,518880,518880,False,False,False,4.759652674395238,4.756175937598748,4.756175937598748,0.0,2,2,1398,1.0437928408225454,,0
2018-03-28,2018-03-28,1,f2afd4d7fdb64b06192f482aaba9a889e47120541137e03ca27d78c42d0e1c4d,v11_5b10af82f5459a43d6d0,False,False,False,518880,518880,518880,False,False,False,4.756175937598748,4.730100411625071,4.730100411625071,0.0,3,3,1398,1.0437928408225454,,0
2018-03-29,2018-03-29,1,f2afd4d7fdb64b06192f482aaba9a889e47120541137e03ca27d78c42d0e1c4d,v11_5b10af82f5459a43d6d0,False,False,False,518880,518880,518880,False,False,False,4.730100411625071,4.6727342544829815,4.6727342544829815,0.0,4,4,1398,1.0437928408225454,,0
2018-03-30,2018-03-30,1,f2afd4d7fdb64b06192f482aaba9a889e47120541137e03ca27d78c42d0e1c4d,v11_5b10af82f5459a43d6d0,False,False,False,518880,518880,518880,False,False,False,4.6727342544829815,4.679687728075963,4.679687728075963,0.0,5,5,1398,1.0437928408225454,,0
2018-04-02,2018-04-02,1,f2afd4d7fdb64b06192f482aaba9a889e47120541137e03ca27d78c42d0e1c4d,v11_5b10af82f5459a43d6d0,False,False,False,518880,518880,518880,False,False,False,4.679687728075963,4.686641201668944,4.686641201668944,0.0,6,6,1398,1.0437928408225454,,0
2018-04-03,2018-04-03,1,f2afd4d7fdb64b06192f482aaba9a889e47120541137e03ca27d78c42d0e1c4d,v11_5b10af82f5459a43d6d0,False,False,False,518880,518880,518880,False,False,False,4.686641201668944,4.721408569633847,4.721408569633847,0.0,7,7,1398,1.0437928408225454,,0
2018-04-04,2018-04-04,1,f2afd4d7fdb64b06192f482aaba9a889e47120541137e03ca27d78c42d0e1c4d,v11_5b10af82f5459a43d6d0,False,False,False,518880,518880,518880,False,False,False,4.721408569633847,4.714455096040867,4.714455096040867,0.0,8,8,1398,1.0437928408225454,,0
2018-04-09,2018-04-09,1,f2afd4d7fdb64b06192f482aaba9a889e47120541137e03ca27d78c42d0e1c4d,v11_5b10af82f5459a43d6d0,False,False,False,518880,518880,518880,False,False,False,4.714455096040867,4.70576325404964,4.70576325404964,0.0,9,9,1398,1.0437928408225454,,0
2018-04-10,2018-04-10,1,f2afd4d7fdb64b06192f482aaba9a889e47120541137e03ca27d78c42d0e1c4d,v11_5b10af82f5459a43d6d0,False,False,False,518880,518880,518880,False,False,False,4.70576325404964,4.7109783592443755,4.7109783592443755,0.0,10,10,1398,1.0437928408225454,,0
2018-04-11,2018-04-11,1,f2afd4d7fdb64b06192f482aaba9a889e47120541137e03ca27d78c42d0e1c4d,v11_5b10af82f5459a43d6d0,False,False,False,518880,518880,518880,False,False,False,4.7109783592443755,4.738792253616298,4.738792253616298,0.0,11,11,1398,1.0437928408225454,,0
2018-04-12,2018-04-12,1,f2afd4d7fdb64b06192f482aaba9a889e47120541137e03ca27d78c42d0e1c4d,v11_5b10af82f5459a43d6d0,False,False,False,518880,518880,518880,False,False,False,4.738792253616298,4.754437569200505,4.754437569200505,0.0,12,12,1398,1.0437928408225454,,0
2018-04-13,2018-04-13,1,f2afd4d7fdb64b06192f482aaba9a889e47120541137e03ca27d78c42d0e1c4d,v11_5b10af82f5459a43d6d0,False,False,False,518880,518880,518880,False,False,False,4.754437569200505,4.717931832837357,4.717931832837357,0.0,13,13,1398,1.0437928408225454,,0
2018-04-16,2018-04-16,1,f2afd4d7fdb64b06192f482aaba9a889e47120541137e03ca27d78c42d0e1c4d,v11_5b10af82f5459a43d6d0,False,False,False,518880,518880,518880,False,False,False,4.717931832837357,4.737053885218055,4.737053885218055,0.0,14,14,1398,1.0437928408225454,,0
2018-04-17,2018-04-17,1,f2afd4d7fdb64b06192f482aaba9a889e47120541137e03ca27d78c42d0e1c4d,v11_5b10af82f5459a43d6d0,False,False,False,518880,518880,518880,False,False,False,4.737053885218055,4.744007358811036,4.744007358811036,0.0,15,15,1398,1.0437928408225454,,0
2018-04-18,2018-04-18,1,f2afd4d7fdb64b06192f482aaba9a889e47120541137e03ca27d78c42d0e1c4d,v11_5b10af82f5459a43d6d0,False,False,False,518880,518880,518880,False,False,False,4.744007358811036,4.7405306220145444,4.7405306220145444,0.0,16,16,1398,1.0437928408225454,,0
2018-04-19,2018-04-19,1,f2afd4d7fdb64b06192f482aaba9a889e47120541137e03ca27d78c42d0e1c4d,v11_5b10af82f5459a43d6d0,False,False,False,518880,518880,518880,False,False,False,4.7405306220145444,4.752699200802261,4.752699200802261,0.0,17,17,1398,1.0437928408225454,,0
2018-04-20,2018-04-20,1,f2afd4d7fdb64b06192f482aaba9a889e47120541137e03ca27d78c42d0e1c4d,v11_5b10af82f5459a43d6d0,False,False,False,518880,518880,518880,False,False,False,4.752699200802261,4.731838780023319,4.731838780023319,0.0,18,18,1398,1.0437928408225454,,0
2018-04-23,2018-04-23,1,f2afd4d7fdb64b06192f482aaba9a889e47120541137e03ca27d78c42d0e1c4d,v11_5b10af82f5459a43d6d0,False,False,False,518880,513100,513100,False,False,True,4.731838780023319,4.707501622447886,4.706560122123396,0.0009415003244895772,19,0,1398,2.208625877632901,,0
2018-04-24,2018-04-24,1,f2afd4d7fdb64b06192f482aaba9a889e47120541137e03ca27d78c42d0e1c4d,v11_5b10af82f5459a43d6d0,False,False,False,513100,513100,513100,False,False,False,4.706560122123396,4.734346353543743,4.734346353543743,0.0,1,1,1398,2.221664994984957,,0
2018-04-25,2018-04-25,1,f2afd4d7fdb64b06192f482aaba9a889e47120541137e03ca27d78c42d0e1c4d,v11_5b10af82f5459a43d6d0,False,False,False,513100,513100,513100,False,False,False,4.734346353543743,4.640300647197953,4.640300647197953,0.0,2,2,1398,2.221664994984957,,0
2018-04-26,2018-04-26,1,f2afd4d7fdb64b06192f482aaba9a889e47120541137e03ca27d78c42d0e1c4d,v11_5b10af82f5459a43d6d0,False,False,False,513100,513100,513100,False,False,False,4.640300647197953,4.640300647197953,4.640300647197953,0.0,3,3,1398,2.221664994984957,,0
2018-04-27,2018-04-27,1,f2afd4d7fdb64b06192f482aaba9a889e47120541137e03ca27d78c42d0e1c4d,v11_5b10af82f5459a43d6d0,False,False,False,513100,513100,513100,False,False,False,4.640300647197953,4.772819597048839,4.772819597048839,0.0,4,4,1398,2.2397191574724196,,0
2018-05-02,2018-05-02,1,f2afd4d7fdb64b06192f482aaba9a889e47120541137e03ca27d78c42d0e1c4d,v11_5b10af82f5459a43d6d0,False,False,False,513100,513100,513100,False,False,False,4.772819597048839,4.768544792214939,4.768544792214939,0.0,5,5,1398,2.2397191574724196,,0
2018-05-03,2018-05-03,1,f2afd4d7fdb64b06192f482aaba9a889e47120541137e03ca27d78c42d0e1c4d,v11_5b10af82f5459a43d6d0,False,False,False,513100,513100,513100,False,False,False,4.768544792214939,4.747170768045442,4.747170768045442,0.0,6,6,1398,2.2397191574724196,,0
2018-05-04,2018-05-04,1,f2afd4d7fdb64b06192f482aaba9a889e47120541137e03ca27d78c42d0e1c4d,v11_5b10af82f5459a43d6d0,False,False,False,513100,513100,513100,False,False,False,4.747170768045442,4.762132584964091,4.762132584964091,0.0,7,7,1398,2.2397191574724196,,0
2018-05-07,2018-05-07,1,f2afd4d7fdb64b06192f482aaba9a889e47120541137e03ca27d78c42d0e1c4d,v11_5b10af82f5459a43d6d0,False,False,False,513100,513100,513100,False,False,False,4.762132584964091,4.8519034864759805,4.8519034864759805,0.0,8,8,1398,2.276830491474426,,0
2018-05-08,2018-05-08,1,f2afd4d7fdb64b06192f482aaba9a889e47120541137e03ca27d78c42d0e1c4d,v11_5b10af82f5459a43d6d0,False,False,False,513100,513100,513100,False,False,False,4.8519034864759805,4.86045309614378,4.86045309614378,0.0,9,9,1398,2.280842527582751,,0
2018-05-09,2018-05-09,1,f2afd4d7fdb64b06192f482aaba9a889e47120541137e03ca27d78c42d0e1c4d,v11_5b10af82f5459a43d6d0,False,False,False,513100,513100,513100,False,False,False,4.86045309614378,4.856178291309879,4.856178291309879,0.0,10,10,1398,2.280842527582751,,0
2018-05-10,2018-05-10,1,f2afd4d7fdb64b06192f482aaba9a889e47120541137e03ca27d78c42d0e1c4d,v11_5b10af82f5459a43d6d0,False,False,False,513100,513100,513100,False,False,False,4.856178291309879,4.924575168652272,4.924575168652272,0.0,11,11,1398,2.310932798395188,,0
2018-05-11,2018-05-11,1,f2afd4d7fdb64b06192f482aaba9a889e47120541137e03ca27d78c42d0e1c4d,v11_5b10af82f5459a43d6d0,False,False,False,513100,513100,513100,False,False,False,4.924575168652272,4.952361400072619,4.952361400072619,0.0,12,12,1398,2.323971915747244,,0
2018-05-14,2018-05-14,1,f2afd4d7fdb64b06192f482aaba9a889e47120541137e03ca27d78c42d0e1c4d,v11_5b10af82f5459a43d6d0,False,False,False,513100,513100,513100,False,False,False,4.952361400072619,4.948086595238719,4.948086595238719,0.0,13,13,1398,2.323971915747244,,0
2018-05-15,2018-05-15,1,f2afd4d7fdb64b06192f482aaba9a889e47120541137e03ca27d78c42d0e1c4d,v11_5b10af82f5459a43d6d0,False,False,False,513100,513100,513100,False,False,False,4.948086595238719,4.9395369855709195,4.9395369855709195,0.0,14,14,1398,2.323971915747244,,0
2018-05-16,2018-05-16,1,f2afd4d7fdb64b06192f482aaba9a889e47120541137e03ca27d78c42d0e1c4d,v11_5b10af82f5459a43d6d0,False,False,False,513100,513100,513100,False,False,False,4.9395369855709195,4.892514132398025,4.892514132398025,0.0,15,15,1398,2.323971915747244,,0
2018-05-17,2018-05-17,1,f2afd4d7fdb64b06192f482aaba9a889e47120541137e03ca27d78c42d0e1c4d,v11_5b10af82f5459a43d6d0,False,False,False,513100,513100,513100,False,False,False,4.892514132398025,4.935262180737021,4.935262180737021,0.0,16,16,1398,2.323971915747244,,0
2018-05-18,2018-05-18,1,f2afd4d7fdb64b06192f482aaba9a889e47120541137e03ca27d78c42d0e1c4d,v11_5b10af82f5459a43d6d0,False,False,False,513100,513100,513100,False,False,False,4.935262180737021,4.93312477832007,4.93312477832007,0.0,17,17,1398,2.323971915747244,,0
2018-05-21,2018-05-21,1,f2afd4d7fdb64b06192f482aaba9a889e47120541137e03ca27d78c42d0e1c4d,v11_5b10af82f5459a43d6d0,False,False,False,513100,513100,513100,False,False,False,4.93312477832007,4.967323216991266,4.967323216991266,0.0,18,18,1398,2.3309929789368122,,0
2018-05-22,2018-05-22,1,f2afd4d7fdb64b06192f482aaba9a889e47120541137e03ca27d78c42d0e1c4d,v11_5b10af82f5459a43d6d0,False,False,False,513100,513100,513100,False,False,False,4.967323216991266,4.950223997655667,4.950223997655667,0.0,19,19,1398,2.3309929789368122,,0
2018-05-23,2018-05-23,1,f2afd4d7fdb64b06192f482aaba9a889e47120541137e03ca27d78c42d0e1c4d,v11_5b10af82f5459a43d6d0,False,False,False,513100,513100,513100,False,False,False,4.950223997655667,4.911750754150571,4.911750754150571,0.0,20,20,1398,2.3309929789368122,,0
2018-05-24,2018-05-24,1,f2afd4d7fdb64b06192f482aaba9a889e47120541137e03ca27d78c42d0e1c4d,v11_5b10af82f5459a43d6d0,False,False,False,513100,513100,513100,False,False,False,4.911750754150571,4.965185814574315,4.965185814574315,0.0,21,21,1398,2.3309929789368122,,0
2018-05-25,2018-05-25,1,f2afd4d7fdb64b06192f482aaba9a889e47120541137e03ca27d78c42d0e1c4d,v11_5b10af82f5459a43d6d0,False,False,False,513100,513100,513100,False,False,False,4.965185814574315,4.973735424242114,4.973735424242114,0.0,22,22,1398,2.3340020060180557,,0
2018-05-28,2018-05-28,1,f2afd4d7fdb64b06192f482aaba9a889e47120541137e03ca27d78c42d0e1c4d,v11_5b10af82f5459a43d6d0,False,False,False,513100,513100,513100,False,False,False,4.973735424242114,4.995109448411613,4.995109448411613,0.0,23,23,1398,2.3440320962888688,,0
2018-05-29,2018-05-29,1,f2afd4d7fdb64b06192f482aaba9a889e47120541137e03ca27d78c42d0e1c4d,v11_5b10af82f5459a43d6d0,False,False,False,513100,513100,513100,False,False,False,4.995109448411613,4.9908346435777124,4.9908346435777124,0.0,24,24,1398,2.3440320962888688,,0
2018-05-30,2018-05-30,1,f2afd4d7fdb64b06192f482aaba9a889e47120541137e03ca27d78c42d0e1c4d,v11_5b10af82f5459a43d6d0,False,False,False,513100,513100,513100,False,False,False,4.9908346435777124,4.956636204906516,4.956636204906516,0.0,25,25,1398,2.3440320962888688,,0
2018-05-31,2018-05-31,1,f2afd4d7fdb64b06192f482aaba9a889e47120541137e03ca27d78c42d0e1c4d,v11_5b10af82f5459a43d6d0,False,False,False,513100,513100,513100,False,False,False,4.956636204906516,5.022895679831959,5.022895679831959,0.0,26,26,1398,2.3570712136409244,,0
2018-06-01,2018-06-01,1,f2afd4d7fdb64b06192f482aaba9a889e47120541137e03ca27d78c42d0e1c4d,v11_5b10af82f5459a43d6d0,False,False,False,513100,513100,513100,False,False,False,5.022895679831959,5.003659058079411,5.003659058079411,0.0,27,27,1398,2.3570712136409244,,0
2018-06-04,2018-06-04,1,f2afd4d7fdb64b06192f482aaba9a889e47120541137e03ca27d78c42d0e1c4d,v11_5b10af82f5459a43d6d0,False,False,False,513100,513100,513100,False,False,False,5.003659058079411,5.095567362008251,5.095567362008251,0.0,28,28,1398,2.391173520561687,,0
2018-06-05,2018-06-05,1,f2afd4d7fdb64b06192f482aaba9a889e47120541137e03ca27d78c42d0e1c4d,v11_5b10af82f5459a43d6d0,False,False,False,513100,513100,513100,False,False,False,5.095567362008251,5.1596894345167446,5.1596894345167446,0.0,29,29,1398,2.421263791374124,,0
2018-06-06,2018-06-06,1,f2afd4d7fdb64b06192f482aaba9a889e47120541137e03ca27d78c42d0e1c4d,v11_5b10af82f5459a43d6d0,False,False,False,513100,513100,513100,False,False,False,5.1596894345167446,5.172513849018443,5.172513849018443,0.0,30,30,1398,2.427281845536611,,0
2018-06-07,2018-06-07,1,f2afd4d7fdb64b06192f482aaba9a889e47120541137e03ca27d78c42d0e1c4d,v11_5b10af82f5459a43d6d0,False,False,False,513100,513100,513100,False,False,False,5.172513849018443,5.213124494940488,5.213124494940488,0.0,31,31,1398,2.4463390170511548,,0
2018-06-08,2018-06-08,1,f2afd4d7fdb64b06192f482aaba9a889e47120541137e03ca27d78c42d0e1c4d,v11_5b10af82f5459a43d6d0,False,False,False,513100,513100,513100,False,False,False,5.213124494940488,5.140452812764196,5.140452812764196,0.0,32,32,1398,2.4463390170511548,,0
2018-06-11,2018-06-11,1,f2afd4d7fdb64b06192f482aaba9a889e47120541137e03ca27d78c42d0e1c4d,v11_5b10af82f5459a43d6d0,False,False,False,513100,513100,513100,False,False,False,5.140452812764196,5.196025275604891,5.196025275604891,0.0,33,33,1398,2.4463390170511548,,0
2018-06-12,2018-06-12,1,f2afd4d7fdb64b06192f482aaba9a889e47120541137e03ca27d78c42d0e1c4d,v11_5b10af82f5459a43d6d0,False,False,False,513100,513100,513100,False,False,False,5.196025275604891,5.210987092523539,5.210987092523539,0.0,34,34,1398,2.4463390170511548,,0
2018-06-13,2018-06-13,1,f2afd4d7fdb64b06192f482aaba9a889e47120541137e03ca27d78c42d0e1c4d,v11_5b10af82f5459a43d6d0,False,False,False,513100,513100,513100,False,False,False,5.210987092523539,5.238773323943886,5.238773323943886,0.0,35,35,1398,2.45837512537613,,0
2018-06-14,2018-06-14,1,f2afd4d7fdb64b06192f482aaba9a889e47120541137e03ca27d78c42d0e1c4d,v11_5b10af82f5459a43d6d0,False,False,False,513100,513100,513100,False,False,False,5.238773323943886,5.206712287689639,5.206712287689639,0.0,36,36,1398,2.45837512537613,,0
2018-06-15,2018-06-15,1,f2afd4d7fdb64b06192f482aaba9a889e47120541137e03ca27d78c42d0e1c4d,v11_5b10af82f5459a43d6d0,False,False,False,513100,513100,513100,False,False,False,5.206712287689639,5.283658774699831,5.283658774699831,0.0,37,37,1398,2.4794383149448365,,0
2018-06-19,2018-06-19,1,f2afd4d7fdb64b06192f482aaba9a889e47120541137e03ca27d78c42d0e1c4d,v11_5b10af82f5459a43d6d0,False,False,False,513100,510500,510500,False,True,True,5.283658774699831,5.2195367021913395,5.218492794850901,0.001043907340438268,38,0,1480,1.5718420106907292,,0
2018-06-20,2018-06-20,1,f2afd4d7fdb64b06192f482aaba9a889e47120541137e03ca27d78c42d0e1c4d,v11_5b10af82f5459a43d6d0,False,False,False,510500,510500,510500,False,False,False,5.218492794850901,5.264546785318422,5.264546785318422,0.0,1,1,1480,1.5857137548556777,,0
2018-06-21,2018-06-21,1,f2afd4d7fdb64b06192f482aaba9a889e47120541137e03ca27d78c42d0e1c4d,v11_5b10af82f5459a43d6d0,False,False,False,510500,510500,510500,False,False,False,5.264546785318422,5.171479346248641,5.171479346248641,0.0,2,2,1480,1.5857137548556777,,0
2018-06-22,2018-06-22,1,f2afd4d7fdb64b06192f482aaba9a889e47120541137e03ca27d78c42d0e1c4d,v11_5b10af82f5459a43d6d0,False,False,False,510500,510500,510500,False,False,False,5.171479346248641,5.238641415680442,5.238641415680442,0.0,3,3,1480,1.5857137548556777,,0
2018-06-25,2018-06-25,1,f2afd4d7fdb64b06192f482aaba9a889e47120541137e03ca27d78c42d0e1c4d,v11_5b10af82f5459a43d6d0,False,False,False,510500,510500,510500,False,False,False,5.238641415680442,5.190668508943443,5.190668508943443,0.0,4,4,1480,1.5857137548556777,,0
2018-06-26,2018-06-26,1,f2afd4d7fdb64b06192f482aaba9a889e47120541137e03ca27d78c42d0e1c4d,v11_5b10af82f5459a43d6d0,False,False,False,510500,513100,513100,False,False,True,5.190668508943443,5.235763041276222,5.234715888667967,0.0010471526082552445,5,0,1480,2.438314944834506,,0
2018-06-27,2018-06-27,1,f2afd4d7fdb64b06192f482aaba9a889e47120541137e03ca27d78c42d0e1c4d,v11_5b10af82f5459a43d6d0,False,False,False,513100,513100,513100,False,False,False,5.234715888667967,5.1959561659217615,5.1959561659217615,0.0,1,1,1480,2.438314944834506,,0
2018-06-28,2018-06-28,1,f2afd4d7fdb64b06192f482aaba9a889e47120541137e03ca27d78c42d0e1c4d,v11_5b10af82f5459a43d6d0,False,False,False,513100,513100,513100,False,False,False,5.1959561659217615,5.159349761105902,5.159349761105902,0.0,2,2,1480,2.438314944834506,,0
2018-06-29,2018-06-29,1,f2afd4d7fdb64b06192f482aaba9a889e47120541137e03ca27d78c42d0e1c4d,v11_5b10af82f5459a43d6d0,False,False,False,513100,513100,513100,False,False,False,5.159349761105902,5.273475611414171,5.273475611414171,0.0,3,3,1480,2.456369107321968,,0
2018-07-02,2018-07-02,1,f2afd4d7fdb64b06192f482aaba9a889e47120541137e03ca27d78c42d0e1c4d,v11_5b10af82f5459a43d6d0,False,False,False,513100,513100,513100,False,False,False,5.273475611414171,5.247635796250035,5.247635796250035,0.0,4,4,1480,2.456369107321968,,0
2018-07-03,2018-07-03,1,f2afd4d7fdb64b06192f482aaba9a889e47120541137e03ca27d78c42d0e1c4d,v11_5b10af82f5459a43d6d0,False,False,False,513100,513100,513100,False,False,False,5.247635796250035,5.389754779652786,5.389754779652786,0.0,5,5,1480,2.5105315947843554,,0
2018-07-04,2018-07-04,1,f2afd4d7fdb64b06192f482aaba9a889e47120541137e03ca27d78c42d0e1c4d,v11_5b10af82f5459a43d6d0,False,False,False,513100,513100,513100,False,False,False,5.389754779652786,5.295008790717619,5.295008790717619,0.0,6,6,1480,2.5105315947843554,,0
2018-07-05,2018-07-05,1,f2afd4d7fdb64b06192f482aaba9a889e47120541137e03ca27d78c42d0e1c4d,v11_5b10af82f5459a43d6d0,False,False,False,513100,513100,513100,False,False,False,5.295008790717619,5.297162108647963,5.297162108647963,0.0,7,7,1480,2.5105315947843554,,0
2018-07-06,2018-07-06,1,f2afd4d7fdb64b06192f482aaba9a889e47120541137e03ca27d78c42d0e1c4d,v11_5b10af82f5459a43d6d0,False,False,False,513100,513100,513100,False,False,False,5.297162108647963,5.376834872070716,5.376834872070716,0.0,8,8,1480,2.5105315947843554,,0
2018-07-09,2018-07-09,1,f2afd4d7fdb64b06192f482aaba9a889e47120541137e03ca27d78c42d0e1c4d,v11_5b10af82f5459a43d6d0,False,False,False,513100,513100,513100,False,False,False,5.376834872070716,5.542640352707258,5.542640352707258,0.0,9,9,1480,2.581745235707123,,0
2018-07-10,2018-07-10,1,f2afd4d7fdb64b06192f482aaba9a889e47120541137e03ca27d78c42d0e1c4d,v11_5b10af82f5459a43d6d0,False,False,False,513100,513100,513100,False,False,False,5.542640352707258,5.607239890617599,5.607239890617599,0.0,10,10,1480,2.6118355065195606,,0
2018-07-11,2018-07-11,1,f2afd4d7fdb64b06192f482aaba9a889e47120541137e03ca27d78c42d0e1c4d,v11_5b10af82f5459a43d6d0,False,False,False,513100,513100,513100,False,False,False,5.607239890617599,5.499573994100364,5.499573994100364,0.0,11,11,1480,2.6118355065195606,,0
2018-07-12,2018-07-12,1,f2afd4d7fdb64b06192f482aaba9a889e47120541137e03ca27d78c42d0e1c4d,v11_5b10af82f5459a43d6d0,False,False,False,513100,513100,513100,False,False,False,5.499573994100364,5.551253624428637,5.551253624428637,0.0,12,12,1480,2.6118355065195606,,0
2018-07-13,2018-07-13,1,f2afd4d7fdb64b06192f482aaba9a889e47120541137e03ca27d78c42d0e1c4d,v11_5b10af82f5459a43d6d0,False,False,False,513100,513100,513100,False,False,False,5.551253624428637,5.605086572687255,5.605086572687255,0.0,13,13,1480,2.6118355065195606,,0
2018-07-16,2018-07-16,1,f2afd4d7fdb64b06192f482aaba9a889e47120541137e03ca27d78c42d0e1c4d,v11_5b10af82f5459a43d6d0,False,False,False,513100,513100,513100,False,False,False,5.605086572687255,5.564173532010705,5.564173532010705,0.0,14,14,1480,2.6118355065195606,,0
2018-07-17,2018-07-17,1,f2afd4d7fdb64b06192f482aaba9a889e47120541137e03ca27d78c42d0e1c4d,v11_5b10af82f5459a43d6d0,False,False,False,513100,513100,513100,False,False,False,5.564173532010705,5.510340583752088,5.510340583752088,0.0,15,15,1480,2.6118355065195606,,0
2018-07-18,2018-07-18,1,f2afd4d7fdb64b06192f482aaba9a889e47120541137e03ca27d78c42d0e1c4d,v11_5b10af82f5459a43d6d0,False,False,False,513100,513100,513100,False,False,False,5.510340583752088,5.587860029244497,5.587860029244497,0.0,16,16,1480,2.6118355065195606,,0
2018-07-19,2018-07-19,1,f2afd4d7fdb64b06192f482aaba9a889e47120541137e03ca27d78c42d0e1c4d,v11_5b10af82f5459a43d6d0,False,False,False,513100,513100,513100,False,False,False,5.587860029244497,5.613699844408633,5.613699844408633,0.0,17,17,1480,2.614844533600804,,0
2018-07-20,2018-07-20,1,f2afd4d7fdb64b06192f482aaba9a889e47120541137e03ca27d78c42d0e1c4d,v11_5b10af82f5459a43d6d0,False,False,False,513100,513100,513100,False,False,False,5.613699844408633,5.620159798199667,5.620159798199667,0.0,18,18,1480,2.6178535606820477,,0
2018-07-23,2018-07-23,1,f2afd4d7fdb64b06192f482aaba9a889e47120541137e03ca27d78c42d0e1c4d,v11_5b10af82f5459a43d6d0,False,False,False,513100,513100,513100,False,False,False,5.620159798199667,5.60293325475691,5.60293325475691,0.0,19,19,1480,2.6178535606820477,,0
2018-07-24,2018-07-24,1,f2afd4d7fdb64b06192f482aaba9a889e47120541137e03ca27d78c42d0e1c4d,v11_5b10af82f5459a43d6d0,False,False,False,513100,513100,513100,False,False,False,5.60293325475691,5.686912654040354,5.686912654040354,0.0,20,20,1480,2.6489468405215666,,0
2018-07-25,2018-07-25,1,f2afd4d7fdb64b06192f482aaba9a889e47120541137e03ca27d78c42d0e1c4d,v11_5b10af82f5459a43d6d0,False,False,False,513100,513100,513100,False,False,False,5.686912654040354,5.706292515413456,5.706292515413456,0.0,21,21,1480,2.657973921765298,,0
2018-07-26,2018-07-26,1,f2afd4d7fdb64b06192f482aaba9a889e47120541137e03ca27d78c42d0e1c4d,v11_5b10af82f5459a43d6d0,False,False,False,513100,513100,513100,False,False,False,5.706292515413456,5.719212422995525,5.719212422995525,0.0,22,22,1480,2.6639919759277855,,0
2018-07-27,2018-07-27,1,f2afd4d7fdb64b06192f482aaba9a889e47120541137e03ca27d78c42d0e1c4d,v11_5b10af82f5459a43d6d0,False,False,False,513100,513100,513100,False,False,False,5.719212422995525,5.723519058856214,5.723519058856214,0.0,23,23,1480,2.665997993981948,,0
2018-07-30,2018-07-30,1,f2afd4d7fdb64b06192f482aaba9a889e47120541137e03ca27d78c42d0e1c4d,v11_5b10af82f5459a43d6d0,False,False,False,513100,513100,513100,False,False,False,5.723519058856214,5.697679243692077,5.697679243692077,0.0,24,24,1480,2.665997993981948,,0
2018-07-31,2018-07-31,1,f2afd4d7fdb64b06192f482aaba9a889e47120541137e03ca27d78c42d0e1c4d,v11_5b10af82f5459a43d6d0,False,False,False,513100,518880,518880,True,False,True,5.697679243692077,5.564173532010706,5.563060697304304,0.0011128347064021413,25,0,1480,1.0178979436405182,,0
2018-08-01,2018-08-01,1,f2afd4d7fdb64b06192f482aaba9a889e47120541137e03ca27d78c42d0e1c4d,v11_5b10af82f5459a43d6d0,False,False,False,518880,513100,513100,False,False,True,5.563060697304304,5.560979492404452,5.5598672965059714,0.0011121958984808904,1,0,1480,2.624874623871617,,0
2018-08-02,2018-08-02,1,f2afd4d7fdb64b06192f482aaba9a889e47120541137e03ca27d78c42d0e1c4d,v11_5b10af82f5459a43d6d0,False,False,False,513100,513100,513100,False,False,False,5.5598672965059714,5.5726144129672015,5.5726144129672015,0.0,1,1,1480,2.630892678034105,,0
2018-08-03,2018-08-03,1,f2afd4d7fdb64b06192f482aaba9a889e47120541137e03ca27d78c42d0e1c4d,v11_5b10af82f5459a43d6d0,False,False,False,513100,513100,513100,False,False,False,5.5726144129672015,5.74045144637338,5.74045144637338,0.0,2,2,1480,2.710130391173523,,0
2018-08-06,2018-08-06,1,f2afd4d7fdb64b06192f482aaba9a889e47120541137e03ca27d78c42d0e1c4d,v11_5b10af82f5459a43d6d0,False,False,False,513100,159915,159915,False,True,True,5.74045144637338,5.880669727446897,5.879493593501407,0.0011761339454893793,3,0,1514,1.7239648682559476,,0
2018-08-07,2018-08-07,1,f2afd4d7fdb64b06192f482aaba9a889e47120541137e03ca27d78c42d0e1c4d,v11_5b10af82f5459a43d6d0,False,False,False,159915,159915,159915,False,False,False,5.879493593501407,6.042099675417748,6.042099675417748,0.0,1,1,1514,1.7716436637390085,,0
2018-08-08,2018-08-08,1,f2afd4d7fdb64b06192f482aaba9a889e47120541137e03ca27d78c42d0e1c4d,v11_5b10af82f5459a43d6d0,False,False,False,159915,159915,159915,False,False,False,6.042099675417748,5.909447345433365,5.909447345433365,0.0,2,2,1514,1.7716436637390085,,0
2018-08-09,2018-08-09,1,f2afd4d7fdb64b06192f482aaba9a889e47120541137e03ca27d78c42d0e1c4d,v11_5b10af82f5459a43d6d0,False,False,False,159915,159915,159915,False,False,False,5.909447345433365,6.102007179281664,6.102007179281664,0.0,3,3,1514,1.7892095357590838,,0
2018-08-10,2018-08-10,1,f2afd4d7fdb64b06192f482aaba9a889e47120541137e03ca27d78c42d0e1c4d,v11_5b10af82f5459a43d6d0,False,False,False,159915,159915,159915,False,False,False,6.102007179281664,6.149077360889026,6.149077360889026,0.0,4,4,1514,1.8030112923462858,,0
2018-08-13,2018-08-13,1,f2afd4d7fdb64b06192f482aaba9a889e47120541137e03ca27d78c42d0e1c4d,v11_5b10af82f5459a43d6d0,False,False,False,159915,513100,513100,False,False,True,6.149077360889026,6.238938616684899,6.237690828961562,0.00124778772333698,5,0,1514,2.668004012036111,,0
2018-08-14,2018-08-14,1,f2afd4d7fdb64b06192f482aaba9a889e47120541137e03ca27d78c42d0e1c4d,v11_5b10af82f5459a43d6d0,False,False,False,513100,513100,513100,False,False,False,6.237690828961562,6.282245763454145,6.282245763454145,0.0,1,1,1514,2.6870611835506546,,0
2018-08-15,2018-08-15,1,f2afd4d7fdb64b06192f482aaba9a889e47120541137e03ca27d78c42d0e1c4d,v11_5b10af82f5459a43d6d0,False,False,False,513100,513100,513100,False,False,False,6.282245763454145,6.354940656573622,6.354940656573622,0.0,2,2,1514,2.7181544633901735,,0
2018-08-16,2018-08-16,1,f2afd4d7fdb64b06192f482aaba9a889e47120541137e03ca27d78c42d0e1c4d,v11_5b10af82f5459a43d6d0,False,False,False,513100,513100,513100,False,False,False,6.354940656573622,6.242380822066045,6.242380822066045,0.0,3,3,1514,2.7181544633901735,,0
2018-08-17,2018-08-17,1,f2afd4d7fdb64b06192f482aaba9a889e47120541137e03ca27d78c42d0e1c4d,v11_5b10af82f5459a43d6d0,False,False,False,513100,513100,513100,False,False,False,6.242380822066045,6.256450801379493,6.256450801379493,0.0,4,4,1514,2.7181544633901735,,0
2018-08-20,2018-08-20,1,f2afd4d7fdb64b06192f482aaba9a889e47120541137e03ca27d78c42d0e1c4d,v11_5b10af82f5459a43d6d0,False,False,False,513100,513100,513100,False,False,False,6.256450801379493,6.225965846200356,6.225965846200356,0.0,5,5,1514,2.7181544633901735,,0
2018-08-21,2018-08-21,1,f2afd4d7fdb64b06192f482aaba9a889e47120541137e03ca27d78c42d0e1c4d,v11_5b10af82f5459a43d6d0,False,False,False,513100,513100,513100,False,False,False,6.225965846200356,6.186100904812258,6.186100904812258,0.0,6,6,1514,2.7181544633901735,,0
2018-08-22,2018-08-22,1,f2afd4d7fdb64b06192f482aaba9a889e47120541137e03ca27d78c42d0e1c4d,v11_5b10af82f5459a43d6d0,False,False,False,513100,513100,513100,False,False,False,6.186100904812258,6.181410911707776,6.181410911707776,0.0,7,7,1514,2.7181544633901735,,0
2018-08-23,2018-08-23,1,f2afd4d7fdb64b06192f482aaba9a889e47120541137e03ca27d78c42d0e1c4d,v11_5b10af82f5459a43d6d0,False,False,False,513100,513100,513100,False,False,False,6.181410911707776,6.24941581172277,6.24941581172277,0.0,8,8,1514,2.7181544633901735,,0
2018-08-24,2018-08-24,1,f2afd4d7fdb64b06192f482aaba9a889e47120541137e03ca27d78c42d0e1c4d,v11_5b10af82f5459a43d6d0,False,False,False,513100,513100,513100,False,False,False,6.24941581172277,6.2517608082750105,6.2517608082750105,0.0,9,9,1514,2.7181544633901735,,0
2018-08-27,2018-08-27,1,f2afd4d7fdb64b06192f482aaba9a889e47120541137e03ca27d78c42d0e1c4d,v11_5b10af82f5459a43d6d0,False,False,False,513100,513100,513100,False,False,False,6.2517608082750105,6.279900766901904,6.279900766901904,0.0,10,10,1514,2.7181544633901735,,0
2018-08-28,2018-08-28,1,f2afd4d7fdb64b06192f482aaba9a889e47120541137e03ca27d78c42d0e1c4d,v11_5b10af82f5459a43d6d0,False,False,False,513100,513100,513100,False,False,False,6.279900766901904,6.343215673812417,6.343215673812417,0.0,11,11,1514,2.7181544633901735,,0
2018-08-29,2018-08-29,1,f2afd4d7fdb64b06192f482aaba9a889e47120541137e03ca27d78c42d0e1c4d,v11_5b10af82f5459a43d6d0,False,False,False,513100,513100,513100,False,False,False,6.343215673812417,6.350250663469141,6.350250663469141,0.0,12,12,1514,2.7181544633901735,,0
2018-08-30,2018-08-30,1,f2afd4d7fdb64b06192f482aaba9a889e47120541137e03ca27d78c42d0e1c4d,v11_5b10af82f5459a43d6d0,False,False,False,513100,513100,513100,False,False,False,6.350250663469141,6.444050525558788,6.444050525558788,0.0,13,13,1514,2.756268806419261,,0
2018-08-31,2018-08-31,1,f2afd4d7fdb64b06192f482aaba9a889e47120541137e03ca27d78c42d0e1c4d,v11_5b10af82f5459a43d6d0,False,False,False,513100,513100,513100,False,False,False,6.444050525558788,6.425290553140859,6.425290553140859,0.0,14,14,1514,2.756268806419261,,0
2018-09-03,2018-09-03,1,f2afd4d7fdb64b06192f482aaba9a889e47120541137e03ca27d78c42d0e1c4d,v11_5b10af82f5459a43d6d0,False,False,False,513100,513100,513100,False,False,False,6.425290553140859,6.42998054624534,6.42998054624534,0.0,15,15,1514,2.756268806419261,,0
2018-09-04,2018-09-04,1,f2afd4d7fdb64b06192f482aaba9a889e47120541137e03ca27d78c42d0e1c4d,v11_5b10af82f5459a43d6d0,False,False,False,513100,513100,513100,False,False,False,6.42998054624534,6.458120504872234,6.458120504872234,0.0,16,16,1514,2.762286860581748,,0
2018-09-05,2018-09-05,1,f2afd4d7fdb64b06192f482aaba9a889e47120541137e03ca27d78c42d0e1c4d,v11_5b10af82f5459a43d6d0,False,False,False,513100,513100,513100,False,False,False,6.458120504872234,6.397150594513963,6.397150594513963,0.0,17,17,1514,2.762286860581748,,0
2018-09-06,2018-09-06,1,f2afd4d7fdb64b06192f482aaba9a889e47120541137e03ca27d78c42d0e1c4d,v11_5b10af82f5459a43d6d0,False,False,False,513100,513100,513100,False,False,False,6.397150594513963,6.293970746215352,6.293970746215352,0.0,18,18,1514,2.762286860581748,,0
2018-09-07,2018-09-07,1,f2afd4d7fdb64b06192f482aaba9a889e47120541137e03ca27d78c42d0e1c4d,v11_5b10af82f5459a43d6d0,False,False,False,513100,513100,513100,False,False,False,6.293970746215352,6.242380822066045,6.242380822066045,0.0,19,19,1514,2.762286860581748,,0
2018-09-10,2018-09-10,1,f2afd4d7fdb64b06192f482aaba9a889e47120541137e03ca27d78c42d0e1c4d,v11_5b10af82f5459a43d6d0,False,False,False,513100,513100,513100,False,False,False,6.242380822066045,6.284590760006387,6.284590760006387,0.0,20,20,1514,2.762286860581748,,0
2018-09-11,2018-09-11,1,f2afd4d7fdb64b06192f482aaba9a889e47120541137e03ca27d78c42d0e1c4d,v11_5b10af82f5459a43d6d0,False,False,False,513100,513100,513100,False,False,False,6.284590760006387,6.315075715185523,6.315075715185523,0.0,21,21,1514,2.762286860581748,,0
2018-09-12,2018-09-12,1,f2afd4d7fdb64b06192f482aaba9a889e47120541137e03ca27d78c42d0e1c4d,v11_5b10af82f5459a43d6d0,False,False,False,513100,513100,513100,False,False,False,6.315075715185523,6.383080615200516,6.383080615200516,0.0,22,22,1514,2.762286860581748,,0
2018-09-13,2018-09-13,1,f2afd4d7fdb64b06192f482aaba9a889e47120541137e03ca27d78c42d0e1c4d,v11_5b10af82f5459a43d6d0,False,False,False,513100,513100,513100,False,False,False,6.383080615200516,6.319765708290004,6.319765708290004,0.0,23,23,1514,2.762286860581748,,0
2018-09-14,2018-09-14,1,f2afd4d7fdb64b06192f482aaba9a889e47120541137e03ca27d78c42d0e1c4d,v11_5b10af82f5459a43d6d0,False,False,False,513100,513100,513100,False,False,False,6.319765708290004,6.383080615200516,6.383080615200516,0.0,24,24,1514,2.762286860581748,,0
2018-09-17,2018-09-17,1,f2afd4d7fdb64b06192f482aaba9a889e47120541137e03ca27d78c42d0e1c4d,v11_5b10af82f5459a43d6d0,False,False,False,513100,513100,513100,False,False,False,6.383080615200516,6.352595660021381,6.352595660021381,0.0,25,25,1514,2.762286860581748,,0
2018-09-18,2018-09-18,1,f2afd4d7fdb64b06192f482aaba9a889e47120541137e03ca27d78c42d0e1c4d,v11_5b10af82f5459a43d6d0,False,False,False,513100,513100,513100,False,False,False,6.352595660021381,6.268175784140698,6.268175784140698,0.0,26,26,1514,2.762286860581748,,0
2018-09-19,2018-09-19,1,f2afd4d7fdb64b06192f482aaba9a889e47120541137e03ca27d78c42d0e1c4d,v11_5b10af82f5459a43d6d0,False,False,False,513100,513100,513100,False,False,False,6.268175784140698,6.322110704842246,6.322110704842246,0.0,27,27,1514,2.762286860581748,,0
2018-09-20,2018-09-20,1,f2afd4d7fdb64b06192f482aaba9a889e47120541137e03ca27d78c42d0e1c4d,v11_5b10af82f5459a43d6d0,False,False,False,513100,513100,513100,False,False,False,6.322110704842246,6.310385722081039,6.310385722081039,0.0,28,28,1514,2.762286860581748,,0
2018-09-21,2018-09-21,1,f2afd4d7fdb64b06192f482aaba9a889e47120541137e03ca27d78c42d0e1c4d,v11_5b10af82f5459a43d6d0,False,False,False,513100,513100,513100,False,False,False,6.310385722081039,6.378390622096034,6.378390622096034,0.0,29,29,1514,2.762286860581748,,0
2018-09-25,2018-09-25,1,f2afd4d7fdb64b06192f482aaba9a889e47120541137e03ca27d78c42d0e1c4d,v11_5b10af82f5459a43d6d0,False,False,False,513100,513100,513100,False,False,False,6.378390622096034,6.352595660021381,6.352595660021381,0.0,30,30,1514,2.762286860581748,,0
2018-09-26,2018-09-26,1,f2afd4d7fdb64b06192f482aaba9a889e47120541137e03ca27d78c42d0e1c4d,v11_5b10af82f5459a43d6d0,False,False,False,513100,513100,513100,False,False,False,6.352595660021381,6.39246060140948,6.39246060140948,0.0,31,31,1514,2.762286860581748,,0
2018-09-27,2018-09-27,1,f2afd4d7fdb64b06192f482aaba9a889e47120541137e03ca27d78c42d0e1c4d,v11_5b10af82f5459a43d6d0,False,False,False,513100,513100,513100,False,False,False,6.39246060140948,6.380735618648274,6.380735618648274,0.0,32,32,1514,2.762286860581748,,0
2018-09-28,2018-09-28,1,f2afd4d7fdb64b06192f482aaba9a889e47120541137e03ca27d78c42d0e1c4d,v11_5b10af82f5459a43d6d0,False,False,False,513100,513100,513100,False,False,False,6.380735618648274,6.458120504872234,6.458120504872234,0.0,33,33,1514,2.762286860581748,,0
2018-10-08,2018-10-08,1,f2afd4d7fdb64b06192f482aaba9a889e47120541137e03ca27d78c42d0e1c4d,v11_5b10af82f5459a43d6d0,False,False,False,513100,518880,518880,True,False,True,6.458120504872234,6.277555770349663,6.276300259195593,0.0012555111540699325,34,0,1514,1.0114242193450125,,0
2018-10-09,2018-10-09,1,f2afd4d7fdb64b06192f482aaba9a889e47120541137e03ca27d78c42d0e1c4d,v11_5b10af82f5459a43d6d0,False,False,False,518880,518880,518880,False,False,False,6.276300259195593,6.2668479997690945,6.2668479997690945,0.0,1,1,1514,1.0114242193450125,,0
2018-10-10,2018-10-10,1,f2afd4d7fdb64b06192f482aaba9a889e47120541137e03ca27d78c42d0e1c4d,v11_5b10af82f5459a43d6d0,False,False,False,518880,518880,518880,False,False,False,6.2668479997690945,6.2668479997690945,6.2668479997690945,0.0,2,2,1514,1.0114242193450125,,0
2018-10-11,2018-10-11,1,f2afd4d7fdb64b06192f482aaba9a889e47120541137e03ca27d78c42d0e1c4d,v11_5b10af82f5459a43d6d0,False,False,False,518880,510300,510300,False,True,True,6.2668479997690945,6.2975678429052175,6.296308329336637,0.0012595135685810437,3,0,1556,1.3317263546879825,,0
2018-10-12,2018-10-12,1,f2afd4d7fdb64b06192f482aaba9a889e47120541137e03ca27d78c42d0e1c4d,v11_5b10af82f5459a43d6d0,False,False,False,510300,510300,510300,False,False,False,6.296308329336637,6.4133474570716285,6.4133474570716285,0.0,1,1,1556,1.3564811924090259,,0
2018-10-15,2018-10-15,1,f2afd4d7fdb64b06192f482aaba9a889e47120541137e03ca27d78c42d0e1c4d,v11_5b10af82f5459a43d6d0,False,False,False,510300,510300,510300,False,False,False,6.4133474570716285,6.3201128976895165,6.3201128976895165,0.0,2,2,1556,1.3564811924090259,,0
2018-10-16,2018-10-16,1,f2afd4d7fdb64b06192f482aaba9a889e47120541137e03ca27d78c42d0e1c4d,v11_5b10af82f5459a43d6d0,False,False,False,510300,510300,510300,False,False,False,6.3201128976895165,6.278454903071977,6.278454903071977,0.0,3,3,1556,1.3564811924090259,,0
2018-10-17,2018-10-17,1,f2afd4d7fdb64b06192f482aaba9a889e47120541137e03ca27d78c42d0e1c4d,v11_5b10af82f5459a43d6d0,False,False,False,510300,510300,510300,False,False,False,6.278454903071977,6.30027575739545,6.30027575739545,0.0,4,4,1556,1.3564811924090259,,0
2018-10-18,2018-10-18,1,f2afd4d7fdb64b06192f482aaba9a889e47120541137e03ca27d78c42d0e1c4d,v11_5b10af82f5459a43d6d0,False,False,False,510300,518880,518880,False,False,True,6.30027575739545,6.1614157753369865,6.160183492181919,0.0012322831550673973,5,0,1556,1.0365575019040376,,0
2018-10-19,2018-10-19,1,f2afd4d7fdb64b06192f482aaba9a889e47120541137e03ca27d78c42d0e1c4d,v11_5b10af82f5459a43d6d0,False,False,False,518880,518880,518880,False,False,False,6.160183492181919,6.187340803683089,6.187340803683089,0.0,1,1,1556,1.0411271896420422,,0
2018-10-22,2018-10-22,1,f2afd4d7fdb64b06192f482aaba9a889e47120541137e03ca27d78c42d0e1c4d,v11_5b10af82f5459a43d6d0,False,False,False,518880,518880,518880,False,False,False,6.187340803683089,6.178288366516033,6.178288366516033,0.0,2,2,1556,1.0411271896420422,,0
2018-10-23,2018-10-23,1,f2afd4d7fdb64b06192f482aaba9a889e47120541137e03ca27d78c42d0e1c4d,v11_5b10af82f5459a43d6d0,False,False,False,518880,518880,518880,False,False,False,6.178288366516033,6.20997189660073,6.20997189660073,0.0,3,3,1556,1.044935262757046,,0
2018-10-24,2018-10-24,1,f2afd4d7fdb64b06192f482aaba9a889e47120541137e03ca27d78c42d0e1c4d,v11_5b10af82f5459a43d6d0,False,False,False,518880,518880,518880,False,False,False,6.20997189660073,6.212235005892494,6.212235005892494,0.0,4,4,1556,1.0453160700685464,,0
2018-10-25,2018-10-25,1,f2afd4d7fdb64b06192f482aaba9a889e47120541137e03ca27d78c42d0e1c4d,v11_5b10af82f5459a43d6d0,False,False,False,518880,518880,518880,False,False,False,6.212235005892494,6.243918535977191,6.243918535977191,0.0,5,5,1556,1.0506473724295518,,0
2018-10-26,2018-10-26,1,f2afd4d7fdb64b06192f482aaba9a889e47120541137e03ca27d78c42d0e1c4d,v11_5b10af82f5459a43d6d0,False,False,False,518880,518880,518880,False,False,False,6.243918535977191,6.239392317393664,6.239392317393664,0.0,6,6,1556,1.0506473724295518,,0
2018-10-29,2018-10-29,1,f2afd4d7fdb64b06192f482aaba9a889e47120541137e03ca27d78c42d0e1c4d,v11_5b10af82f5459a43d6d0,False,False,False,518880,518880,518880,False,False,False,6.239392317393664,6.230339880226606,6.230339880226606,0.0,7,7,1556,1.0506473724295518,,0
2018-10-30,2018-10-30,1,f2afd4d7fdb64b06192f482aaba9a889e47120541137e03ca27d78c42d0e1c4d,v11_5b10af82f5459a43d6d0,False,False,False,518880,518880,518880,False,False,False,6.230339880226606,6.216761224476021,6.216761224476021,0.0,8,8,1556,1.0506473724295518,,0
2018-10-31,2018-10-31,1,f2afd4d7fdb64b06192f482aaba9a889e47120541137e03ca27d78c42d0e1c4d,v11_5b10af82f5459a43d6d0,False,False,False,518880,518880,518880,False,False,False,6.216761224476021,6.164709710765448,6.164709710765448,0.0,9,9,1556,1.0506473724295518,,0
2018-11-01,2018-11-01,1,f2afd4d7fdb64b06192f482aaba9a889e47120541137e03ca27d78c42d0e1c4d,v11_5b10af82f5459a43d6d0,False,False,False,518880,518880,518880,False,False,False,6.164709710765448,6.178288366516032,6.178288366516032,0.0,10,10,1556,1.0506473724295518,,0
2018-11-02,2018-11-02,1,f2afd4d7fdb64b06192f482aaba9a889e47120541137e03ca27d78c42d0e1c4d,v11_5b10af82f5459a43d6d0,False,False,False,518880,518880,518880,False,False,False,6.178288366516032,6.180551475807796,6.180551475807796,0.0,11,11,1556,1.0506473724295518,,0
2018-11-05,2018-11-05,1,f2afd4d7fdb64b06192f482aaba9a889e47120541137e03ca27d78c42d0e1c4d,v11_5b10af82f5459a43d6d0,False,False,False,518880,518880,518880,False,False,False,6.180551475807796,6.182814585099561,6.182814585099561,0.0,12,12,1556,1.0506473724295518,,0
2018-11-06,2018-11-06,1,f2afd4d7fdb64b06192f482aaba9a889e47120541137e03ca27d78c42d0e1c4d,v11_5b10af82f5459a43d6d0,False,False,False,518880,518880,518880,False,False,False,6.182814585099561,6.187340803683089,6.187340803683089,0.0,13,13,1556,1.0506473724295518,,0
2018-11-07,2018-11-07,1,f2afd4d7fdb64b06192f482aaba9a889e47120541137e03ca27d78c42d0e1c4d,v11_5b10af82f5459a43d6d0,False,False,False,518880,518880,518880,False,False,False,6.187340803683089,6.189603912974852,6.189603912974852,0.0,14,14,1556,1.0506473724295518,,0
2018-11-08,2018-11-08,1,f2afd4d7fdb64b06192f482aaba9a889e47120541137e03ca27d78c42d0e1c4d,v11_5b10af82f5459a43d6d0,False,False,False,518880,518880,518880,False,False,False,6.189603912974852,6.1647097107654485,6.1647097107654485,0.0,15,15,1556,1.0506473724295518,,0
2018-11-09,2018-11-09,1,f2afd4d7fdb64b06192f482aaba9a889e47120541137e03ca27d78c42d0e1c4d,v11_5b10af82f5459a43d6d0,False,False,False,518880,518880,518880,False,False,False,6.1647097107654485,6.151131055014863,6.151131055014863,0.0,16,16,1556,1.0506473724295518,,0
2018-11-12,2018-11-12,1,f2afd4d7fdb64b06192f482aaba9a889e47120541137e03ca27d78c42d0e1c4d,v11_5b10af82f5459a43d6d0,False,False,False,518880,513100,513100,False,False,True,6.151131055014863,6.105868869179582,6.104647695405746,0.0012211737738359164,17,0,1556,2.575727181544637,,0
2018-11-13,2018-11-13,1,f2afd4d7fdb64b06192f482aaba9a889e47120541137e03ca27d78c42d0e1c4d,v11_5b10af82f5459a43d6d0,False,False,False,513100,518880,518880,True,False,True,6.104647695405746,5.921603352513907,5.920419031843404,0.0011843206705027815,1,0,1556,1.023990860624525,,0
2018-11-14,2018-11-14,1,f2afd4d7fdb64b06192f482aaba9a889e47120541137e03ca27d78c42d0e1c4d,v11_5b10af82f5459a43d6d0,False,False,False,518880,513100,513100,False,False,True,5.920419031843404,5.918217314092626,5.917033670629808,0.0011836434628185253,1,0,1556,2.490471414242731,,0
2018-11-15,2018-11-15,1,f2afd4d7fdb64b06192f482aaba9a889e47120541137e03ca27d78c42d0e1c4d,v11_5b10af82f5459a43d6d0,False,False,False,513100,518880,518880,False,False,True,5.917033670629808,5.871756328808637,5.870581977542875,0.0011743512657617274,1,0,1556,1.02932216298553,,0
2018-11-16,2018-11-16,1,f2afd4d7fdb64b06192f482aaba9a889e47120541137e03ca27d78c42d0e1c4d,v11_5b10af82f5459a43d6d0,False,False,False,518880,518880,518880,False,False,False,5.870581977542875,5.879269483244012,5.879269483244012,0.0,1,1,1556,1.0308453922315317,,0
2018-11-19,2018-11-19,1,f2afd4d7fdb64b06192f482aaba9a889e47120541137e03ca27d78c42d0e1c4d,v11_5b10af82f5459a43d6d0,False,False,False,518880,518880,518880,False,False,False,5.879269483244012,5.894472618221001,5.894472618221001,0.0,2,2,1556,1.0335110434120345,,0
2018-11-20,2018-11-20,1,f2afd4d7fdb64b06192f482aaba9a889e47120541137e03ca27d78c42d0e1c4d,v11_5b10af82f5459a43d6d0,False,False,False,518880,518880,518880,False,False,False,5.894472618221001,5.916191382473842,5.916191382473842,0.0,3,3,1556,1.0373191165270383,,0
2018-11-21,2018-11-21,1,f2afd4d7fdb64b06192f482aaba9a889e47120541137e03ca27d78c42d0e1c4d,v11_5b10af82f5459a43d6d0,False,False,False,518880,518880,518880,False,False,False,5.916191382473842,5.914019506048557,5.914019506048557,0.0,4,4,1556,1.0373191165270383,,0
2018-11-22,2018-11-22,1,f2afd4d7fdb64b06192f482aaba9a889e47120541137e03ca27d78c42d0e1c4d,v11_5b10af82f5459a43d6d0,False,False,False,518880,518880,518880,False,False,False,5.914019506048557,5.924878888174978,5.924878888174978,0.0,5,5,1556,1.0388423457730398,,0
2018-11-23,2018-11-23,1,f2afd4d7fdb64b06192f482aaba9a889e47120541137e03ca27d78c42d0e1c4d,v11_5b10af82f5459a43d6d0,False,False,False,518880,512400,512400,False,True,True,5.924878888174978,5.931394517450829,5.930208238547339,0.0011862789034901657,6,0,1587,0.5608108108108101,,0
2018-11-26,2018-11-26,1,f2afd4d7fdb64b06192f482aaba9a889e47120541137e03ca27d78c42d0e1c4d,v11_5b10af82f5459a43d6d0,False,False,False,512400,512400,512400,False,False,False,5.930208238547339,5.889380643101229,5.889380643101229,0.0,1,1,1587,0.5608108108108101,,0
2018-11-27,2018-11-27,1,f2afd4d7fdb64b06192f482aaba9a889e47120541137e03ca27d78c42d0e1c4d,v11_5b10af82f5459a43d6d0,False,False,False,512400,512400,512400,False,False,False,5.889380643101229,5.940415137408865,5.940415137408865,0.0,2,2,1587,0.561776061776061,,0
2018-11-28,2018-11-28,1,f2afd4d7fdb64b06192f482aaba9a889e47120541137e03ca27d78c42d0e1c4d,v11_5b10af82f5459a43d6d0,False,False,False,512400,512400,512400,False,False,False,5.940415137408865,5.991449631716502,5.991449631716502,0.0,3,3,1587,0.5666023166023157,,0
2018-11-29,2018-11-29,1,f2afd4d7fdb64b06192f482aaba9a889e47120541137e03ca27d78c42d0e1c4d,v11_5b10af82f5459a43d6d0,False,False,False,512400,512400,512400,False,False,False,5.991449631716502,5.971035833993447,5.971035833993447,0.0,4,4,1587,0.5666023166023157,,0
2018-11-30,2018-11-30,1,f2afd4d7fdb64b06192f482aaba9a889e47120541137e03ca27d78c42d0e1c4d,v11_5b10af82f5459a43d6d0,False,False,False,512400,518880,518880,False,False,True,5.971035833993447,6.032277227162611,6.031070771717179,0.0012064554454325222,5,0,1587,1.0403655750190417,,0
2018-12-03,2018-12-03,1,f2afd4d7fdb64b06192f482aaba9a889e47120541137e03ca27d78c42d0e1c4d,v11_5b10af82f5459a43d6d0,False,False,False,518880,513100,513100,False,False,True,6.031070771717179,6.004579977697923,6.0033790617023834,0.0012009159955395847,1,0,1587,2.565697091273824,,0
2018-12-04,2018-12-04,1,f2afd4d7fdb64b06192f482aaba9a889e47120541137e03ca27d78c42d0e1c4d,v11_5b10af82f5459a43d6d0,False,False,False,513100,513100,513100,False,False,False,6.0033790617023834,5.897768405808479,5.897768405808479,0.0,1,1,1587,2.565697091273824,,0
2018-12-05,2018-12-05,1,f2afd4d7fdb64b06192f482aaba9a889e47120541137e03ca27d78c42d0e1c4d,v11_5b10af82f5459a43d6d0,False,False,False,513100,518880,518880,True,False,True,5.897768405808479,5.735832066771159,5.734684900357805,0.0011471664133542317,2,0,1587,1.037699923838539,,0
2018-12-06,2018-12-06,1,f2afd4d7fdb64b06192f482aaba9a889e47120541137e03ca27d78c42d0e1c4d,v11_5b10af82f5459a43d6d0,False,False,False,518880,518880,518880,False,False,False,5.734684900357805,5.755729615588475,5.755729615588475,0.0,1,1,1587,1.0415079969535426,,0
2018-12-07,2018-12-07,1,f2afd4d7fdb64b06192f482aaba9a889e47120541137e03ca27d78c42d0e1c4d,v11_5b10af82f5459a43d6d0,False,False,False,518880,518880,518880,False,False,False,5.755729615588475,5.7620430301576775,5.7620430301576775,0.0,2,2,1587,1.0426504188880439,,0
2018-12-10,2018-12-10,1,f2afd4d7fdb64b06192f482aaba9a889e47120541137e03ca27d78c42d0e1c4d,v11_5b10af82f5459a43d6d0,False,False,False,518880,518880,518880,False,False,False,5.7620430301576775,5.823072704326623,5.823072704326623,0.0,3,3,1587,1.0536938309215549,,0
2018-12-11,2018-12-11,1,f2afd4d7fdb64b06192f482aaba9a889e47120541137e03ca27d78c42d0e1c4d,v11_5b10af82f5459a43d6d0,False,False,False,518880,518880,518880,False,False,False,5.823072704326623,5.814654818234355,5.814654818234355,0.0,4,4,1587,1.0536938309215549,,0
2018-12-12,2018-12-12,1,f2afd4d7fdb64b06192f482aaba9a889e47120541137e03ca27d78c42d0e1c4d,v11_5b10af82f5459a43d6d0,False,False,False,518880,518880,518880,False,False,False,5.814654818234355,5.787296688434483,5.787296688434483,0.0,5,5,1587,1.0536938309215549,,0
2018-12-13,2018-12-13,1,f2afd4d7fdb64b06192f482aaba9a889e47120541137e03ca27d78c42d0e1c4d,v11_5b10af82f5459a43d6d0,False,False,False,518880,518880,518880,False,False,False,5.787296688434483,5.783087745388349,5.783087745388349,0.0,6,6,1587,1.0536938309215549,,0
2018-12-14,2018-12-14,1,f2afd4d7fdb64b06192f482aaba9a889e47120541137e03ca27d78c42d0e1c4d,v11_5b10af82f5459a43d6d0,False,False,False,518880,518880,518880,False,False,False,5.783087745388349,5.776774330819147,5.776774330819147,0.0,7,7,1587,1.0536938309215549,,0
2018-12-17,2018-12-17,1,f2afd4d7fdb64b06192f482aaba9a889e47120541137e03ca27d78c42d0e1c4d,v11_5b10af82f5459a43d6d0,False,False,False,518880,518880,518880,False,False,False,5.776774330819147,5.778878802342214,5.778878802342214,0.0,8,8,1587,1.0536938309215549,,0
2018-12-18,2018-12-18,1,f2afd4d7fdb64b06192f482aaba9a889e47120541137e03ca27d78c42d0e1c4d,v11_5b10af82f5459a43d6d0,False,False,False,518880,518880,518880,False,False,False,5.778878802342214,5.81044587518822,5.81044587518822,0.0,9,9,1587,1.0536938309215549,,0
2018-12-19,2018-12-19,1,f2afd4d7fdb64b06192f482aaba9a889e47120541137e03ca27d78c42d0e1c4d,v11_5b10af82f5459a43d6d0,False,False,False,518880,518880,518880,False,False,False,5.81044587518822,5.829386118895824,5.829386118895824,0.0,10,10,1587,1.054836252856056,,0
2018-12-20,2018-12-20,1,f2afd4d7fdb64b06192f482aaba9a889e47120541137e03ca27d78c42d0e1c4d,v11_5b10af82f5459a43d6d0,False,False,False,518880,518880,518880,False,False,False,5.829386118895824,5.829386118895824,5.829386118895824,0.0,11,11,1587,1.054836252856056,,0
2018-12-21,2018-12-21,1,f2afd4d7fdb64b06192f482aaba9a889e47120541137e03ca27d78c42d0e1c4d,v11_5b10af82f5459a43d6d0,False,False,False,518880,518880,518880,False,False,False,5.829386118895824,5.867266606311031,5.867266606311031,0.0,12,12,1587,1.0616907844630628,,0
2018-12-24,2018-12-24,1,f2afd4d7fdb64b06192f482aaba9a889e47120541137e03ca27d78c42d0e1c4d,v11_5b10af82f5459a43d6d0,False,False,False,518880,518880,518880,False,False,False,5.867266606311031,5.888311321541702,5.888311321541702,0.0,13,13,1587,1.0654988575780666,,0
2018-12-25,2018-12-25,1,f2afd4d7fdb64b06192f482aaba9a889e47120541137e03ca27d78c42d0e1c4d,v11_5b10af82f5459a43d6d0,False,False,False,518880,518880,518880,False,False,False,5.888311321541702,5.934609695049177,5.934609695049177,0.0,14,14,1587,1.073876618431075,,0
2018-12-26,2018-12-26,1,f2afd4d7fdb64b06192f482aaba9a889e47120541137e03ca27d78c42d0e1c4d,v11_5b10af82f5459a43d6d0,False,False,False,518880,518880,518880,False,False,False,5.934609695049177,5.93250522352611,5.93250522352611,0.0,15,15,1587,1.073876618431075,,0
2018-12-27,2018-12-27,1,f2afd4d7fdb64b06192f482aaba9a889e47120541137e03ca27d78c42d0e1c4d,v11_5b10af82f5459a43d6d0,False,False,False,518880,518880,518880,False,False,False,5.93250522352611,5.9114605082954395,5.9114605082954395,0.0,16,16,1587,1.073876618431075,,0
2018-12-28,2018-12-28,1,f2afd4d7fdb64b06192f482aaba9a889e47120541137e03ca27d78c42d0e1c4d,v11_5b10af82f5459a43d6d0,False,False,False,518880,518880,518880,False,False,False,5.9114605082954395,5.947236524187579,5.947236524187579,0.0,17,17,1587,1.0761614623000773,,0
2019-01-02,2019-01-02,1,f2afd4d7fdb64b06192f482aaba9a889e47120541137e03ca27d78c42d0e1c4d,v11_5b10af82f5459a43d6d0,False,False,False,518880,518880,518880,False,False,False,5.947236524187579,5.970385710941317,5.970385710941317,0.0,18,18,1587,1.0803503427265815,,0
2019-01-03,2019-01-03,1,f2afd4d7fdb64b06192f482aaba9a889e47120541137e03ca27d78c42d0e1c4d,v11_5b10af82f5459a43d6d0,False,False,False,518880,518880,518880,False,False,False,5.970385710941317,6.035624328156397,6.035624328156397,0.0,19,19,1587,1.0921553693830932,,0
2019-01-04,2019-01-04,1,f2afd4d7fdb64b06192f482aaba9a889e47120541137e03ca27d78c42d0e1c4d,v11_5b10af82f5459a43d6d0,False,False,False,518880,518880,518880,False,False,False,6.035624328156397,6.004057255310392,6.004057255310392,0.0,20,20,1587,1.0921553693830932,,0
2019-01-07,2019-01-07,1,f2afd4d7fdb64b06192f482aaba9a889e47120541137e03ca27d78c42d0e1c4d,v11_5b10af82f5459a43d6d0,False,False,False,518880,518880,518880,False,False,False,6.004057255310392,5.978803597033587,5.978803597033587,0.0,21,21,1587,1.0921553693830932,,0
2019-01-08,2019-01-08,1,f2afd4d7fdb64b06192f482aaba9a889e47120541137e03ca27d78c42d0e1c4d,v11_5b10af82f5459a43d6d0,False,False,False,518880,518880,518880,False,False,False,5.978803597033587,5.951445467233715,5.951445467233715,0.0,22,22,1587,1.0921553693830932,,0
2019-01-09,2019-01-09,1,f2afd4d7fdb64b06192f482aaba9a889e47120541137e03ca27d78c42d0e1c4d,v11_5b10af82f5459a43d6d0,False,False,False,518880,518880,518880,False,False,False,5.951445467233715,5.9282962804799775,5.9282962804799775,0.0,23,23,1587,1.0921553693830932,,0
2019-01-10,2019-01-10,1,f2afd4d7fdb64b06192f482aaba9a889e47120541137e03ca27d78c42d0e1c4d,v11_5b10af82f5459a43d6d0,False,False,False,518880,518880,518880,False,False,False,5.9282962804799775,5.940923109618379,5.940923109618379,0.0,24,24,1587,1.0921553693830932,,0
2019-01-11,2019-01-11,1,f2afd4d7fdb64b06192f482aaba9a889e47120541137e03ca27d78c42d0e1c4d,v11_5b10af82f5459a43d6d0,False,False,False,518880,518880,518880,False,False,False,5.940923109618379,5.903042622203172,5.903042622203172,0.0,25,25,1587,1.0921553693830932,,0
2019-01-14,2019-01-14,1,f2afd4d7fdb64b06192f482aaba9a889e47120541137e03ca27d78c42d0e1c4d,v11_5b10af82f5459a43d6d0,False,False,False,518880,518880,518880,False,False,False,5.903042622203172,5.907251565249306,5.907251565249306,0.0,26,26,1587,1.0921553693830932,,0
2019-01-15,2019-01-15,1,f2afd4d7fdb64b06192f482aaba9a889e47120541137e03ca27d78c42d0e1c4d,v11_5b10af82f5459a43d6d0,False,False,False,518880,518880,518880,False,False,False,5.907251565249306,5.894624736110903,5.894624736110903,0.0,27,27,1587,1.0921553693830932,,0
2019-01-16,2019-01-16,1,f2afd4d7fdb64b06192f482aaba9a889e47120541137e03ca27d78c42d0e1c4d,v11_5b10af82f5459a43d6d0,False,False,False,518880,518880,518880,False,False,False,5.894624736110903,5.898833679157037,5.898833679157037,0.0,28,28,1587,1.0921553693830932,,0
2019-01-17,2019-01-17,1,f2afd4d7fdb64b06192f482aaba9a889e47120541137e03ca27d78c42d0e1c4d,v11_5b10af82f5459a43d6d0,False,False,False,518880,518880,518880,False,False,False,5.898833679157037,5.913564979818507,5.913564979818507,0.0,29,29,1587,1.0921553693830932,,0
2019-01-18,2019-01-18,1,f2afd4d7fdb64b06192f482aaba9a889e47120541137e03ca27d78c42d0e1c4d,v11_5b10af82f5459a43d6d0,False,False,False,518880,518880,518880,False,False,False,5.913564979818507,5.915669451341574,5.915669451341574,0.0,30,30,1587,1.0921553693830932,,0
2019-01-21,2019-01-21,1,f2afd4d7fdb64b06192f482aaba9a889e47120541137e03ca27d78c42d0e1c4d,v11_5b10af82f5459a43d6d0,False,False,False,518880,513100,513100,False,False,True,5.915669451341574,5.892520264587835,5.891341760534918,0.0011785040529175672,31,0,1587,2.399197592778338,,0
2019-01-22,2019-01-22,1,f2afd4d7fdb64b06192f482aaba9a889e47120541137e03ca27d78c42d0e1c4d,v11_5b10af82f5459a43d6d0,False,False,False,513100,513100,513100,False,False,False,5.891341760534918,5.859323598792881,5.859323598792881,0.0,1,1,1587,2.399197592778338,,0
2019-01-23,2019-01-23,1,f2afd4d7fdb64b06192f482aaba9a889e47120541137e03ca27d78c42d0e1c4d,v11_5b10af82f5459a43d6d0,False,False,False,513100,513100,513100,False,False,False,5.859323598792881,5.795287275308806,5.795287275308806,0.0,2,2,1587,2.399197592778338,,0
2019-01-24,2019-01-24,1,f2afd4d7fdb64b06192f482aaba9a889e47120541137e03ca27d78c42d0e1c4d,v11_5b10af82f5459a43d6d0,False,False,False,513100,513100,513100,False,False,False,5.795287275308806,5.800213146346042,5.800213146346042,0.0,3,3,1587,2.399197592778338,,0
2019-01-25,2019-01-25,1,f2afd4d7fdb64b06192f482aaba9a889e47120541137e03ca27d78c42d0e1c4d,v11_5b10af82f5459a43d6d0,False,False,False,513100,513100,513100,False,False,False,5.800213146346042,5.839620114643934,5.839620114643934,0.0,4,4,1587,2.399197592778338,,0
2019-01-28,2019-01-28,1,f2afd4d7fdb64b06192f482aaba9a889e47120541137e03ca27d78c42d0e1c4d,v11_5b10af82f5459a43d6d0,False,False,False,513100,513100,513100,False,False,False,5.839620114643934,5.837157179125317,5.837157179125317,0.0,5,5,1587,2.399197592778338,,0
2019-01-29,2019-01-29,1,f2afd4d7fdb64b06192f482aaba9a889e47120541137e03ca27d78c42d0e1c4d,v11_5b10af82f5459a43d6d0,False,False,False,513100,513100,513100,False,False,False,5.837157179125317,5.7755837911598595,5.7755837911598595,0.0,6,6,1587,2.399197592778338,,0
2019-01-30,2019-01-30,1,f2afd4d7fdb64b06192f482aaba9a889e47120541137e03ca27d78c42d0e1c4d,v11_5b10af82f5459a43d6d0,False,False,False,513100,513100,513100,False,False,False,5.7755837911598595,5.760806178048149,5.760806178048149,0.0,7,7,1587,2.399197592778338,,0
2019-01-31,2019-01-31,1,f2afd4d7fdb64b06192f482aaba9a889e47120541137e03ca27d78c42d0e1c4d,v11_5b10af82f5459a43d6d0,False,False,False,513100,513100,513100,False,False,False,5.760806178048149,5.898730567090773,5.898730567090773,0.0,8,8,1587,2.4022066198595824,,0
2019-02-01,2019-02-01,1,f2afd4d7fdb64b06192f482aaba9a889e47120541137e03ca27d78c42d0e1c4d,v11_5b10af82f5459a43d6d0,False,False,False,513100,513100,513100,False,False,False,5.898730567090773,5.977544503686558,5.977544503686558,0.0,9,9,1587,2.4343029087261825,,0
2019-02-11,2019-02-11,1,f2afd4d7fdb64b06192f482aaba9a889e47120541137e03ca27d78c42d0e1c4d,v11_5b10af82f5459a43d6d0,False,False,False,513100,513100,513100,False,False,False,5.977544503686558,6.007099729909977,6.007099729909977,0.0,10,10,1587,2.4463390170511574,,0
2019-02-12,2019-02-12,1,f2afd4d7fdb64b06192f482aaba9a889e47120541137e03ca27d78c42d0e1c4d,v11_5b10af82f5459a43d6d0,False,False,False,513100,510300,510300,False,False,True,6.007099729909977,6.056358440282343,6.055147168594287,0.0012112716880564687,11,0,1587,1.4209599476963717,,0
2019-02-13,2019-02-13,1,f2afd4d7fdb64b06192f482aaba9a889e47120541137e03ca27d78c42d0e1c4d,v11_5b10af82f5459a43d6d0,False,False,False,510300,510300,510300,False,False,False,6.055147168594287,6.180840656751028,6.180840656751028,0.0,1,1,1587,1.4504564087045095,,0
2019-02-14,2019-02-14,1,f2afd4d7fdb64b06192f482aaba9a889e47120541137e03ca27d78c42d0e1c4d,v11_5b10af82f5459a43d6d0,False,False,False,510300,510300,510300,False,False,False,6.180840656751028,6.1881272357746075,6.1881272357746075,0.0,2,2,1587,1.4521663484730973,,0
2019-02-15,2019-02-15,1,f2afd4d7fdb64b06192f482aaba9a889e47120541137e03ca27d78c42d0e1c4d,v11_5b10af82f5459a43d6d0,False,False,False,510300,510300,510300,False,False,False,6.1881272357746075,6.086115129444501,6.086115129444501,0.0,3,3,1587,1.4521663484730973,,0
2019-02-18,2019-02-18,1,f2afd4d7fdb64b06192f482aaba9a889e47120541137e03ca27d78c42d0e1c4d,v11_5b10af82f5459a43d6d0,False,False,False,510300,510300,510300,False,False,False,6.086115129444501,6.2628146707662955,6.2628146707662955,0.0,4,4,1587,1.4696932311011213,,0
2019-02-19,2019-02-19,1,f2afd4d7fdb64b06192f482aaba9a889e47120541137e03ca27d78c42d0e1c4d,v11_5b10af82f5459a43d6d0,False,False,False,510300,510300,510300,False,False,False,6.2628146707662955,6.246419867963242,6.246419867963242,0.0,5,5,1587,1.4696932311011213,,0
2019-02-20,2019-02-20,1,f2afd4d7fdb64b06192f482aaba9a889e47120541137e03ca27d78c42d0e1c4d,v11_5b10af82f5459a43d6d0,False,False,False,510300,510300,510300,False,False,False,6.246419867963242,6.2628146707662955,6.2628146707662955,0.0,6,6,1587,1.4696932311011213,,0
2019-02-21,2019-02-21,1,f2afd4d7fdb64b06192f482aaba9a889e47120541137e03ca27d78c42d0e1c4d,v11_5b10af82f5459a43d6d0,False,False,False,510300,159915,159915,False,False,True,6.2628146707662955,6.255528091742717,6.254276986124369,0.0012511056183485436,7,0,1587,1.7001254705144186,,0
2019-02-22,2019-02-22,1,f2afd4d7fdb64b06192f482aaba9a889e47120541137e03ca27d78c42d0e1c4d,v11_5b10af82f5459a43d6d0,False,False,False,159915,159915,159915,False,False,False,6.254276986124369,6.489677817336429,6.489677817336429,0.0,1,1,1587,1.7641154328732638,,0
2019-02-25,2019-02-25,1,f2afd4d7fdb64b06192f482aaba9a889e47120541137e03ca27d78c42d0e1c4d,v11_5b10af82f5459a43d6d0,False,False,False,159915,159915,159915,False,False,False,6.489677817336429,6.886628238595984,6.886628238595984,0.0,2,2,1587,1.872020075282297,,0
2019-02-26,2019-02-26,1,f2afd4d7fdb64b06192f482aaba9a889e47120541137e03ca27d78c42d0e1c4d,v11_5b10af82f5459a43d6d0,False,False,False,159915,159915,159915,False,False,False,6.886628238595984,6.826624105149772,6.826624105149772,0.0,3,3,1587,1.872020075282297,,0
2019-02-27,2019-02-27,1,f2afd4d7fdb64b06192f482aaba9a889e47120541137e03ca27d78c42d0e1c4d,v11_5b10af82f5459a43d6d0,False,False,False,159915,159915,159915,False,False,False,6.826624105149772,6.729694351121276,6.729694351121276,0.0,4,4,1587,1.872020075282297,,0
2019-02-28,2019-02-28,1,f2afd4d7fdb64b06192f482aaba9a889e47120541137e03ca27d78c42d0e1c4d,v11_5b10af82f5459a43d6d0,False,False,False,159915,159915,159915,False,False,False,6.729694351121276,6.785082781994702,6.785082781994702,0.0,5,5,1587,1.872020075282297,,0
2019-03-01,2019-03-01,1,f2afd4d7fdb64b06192f482aaba9a889e47120541137e03ca27d78c42d0e1c4d,v11_5b10af82f5459a43d6d0,False,False,False,159915,159915,159915,False,False,False,6.785082781994702,6.923553859178267,6.923553859178267,0.0,6,6,1587,1.8820577164366257,,0
2019-03-04,2019-03-04,1,f2afd4d7fdb64b06192f482aaba9a889e47120541137e03ca27d78c42d0e1c4d,v11_5b10af82f5459a43d6d0,False,False,False,159915,159915,159915,False,False,False,6.923553859178267,7.182033203254257,7.182033203254257,0.0,7,7,1587,1.9523212045169265,,0
2019-03-05,2019-03-05,1,f2afd4d7fdb64b06192f482aaba9a889e47120541137e03ca27d78c42d0e1c4d,v11_5b10af82f5459a43d6d0,False,False,False,159915,159915,159915,False,False,False,7.182033203254257,7.454359655048601,7.454359655048601,0.0,8,8,1587,2.0263488080301,,0
2019-03-06,2019-03-06,1,f2afd4d7fdb64b06192f482aaba9a889e47120541137e03ca27d78c42d0e1c4d,v11_5b10af82f5459a43d6d0,False,False,False,159915,159915,159915,False,False,False,7.454359655048601,7.546673706504311,7.546673706504311,0.0,9,9,1587,2.0514429109159216,,0
2019-03-07,2019-03-07,1,f2afd4d7fdb64b06192f482aaba9a889e47120541137e03ca27d78c42d0e1c4d,v11_5b10af82f5459a43d6d0,False,False,False,159915,159915,159915,False,False,False,7.546673706504311,7.482053870485315,7.482053870485315,0.0,10,10,1587,2.0514429109159216,,0
2019-03-08,2019-03-08,1,f2afd4d7fdb64b06192f482aaba9a889e47120541137e03ca27d78c42d0e1c4d,v11_5b10af82f5459a43d6d0,False,False,False,159915,159915,159915,False,False,False,7.482053870485315,7.311272875292251,7.311272875292251,0.0,11,11,1587,2.0514429109159216,,0
2019-03-11,2019-03-11,1,f2afd4d7fdb64b06192f482aaba9a889e47120541137e03ca27d78c42d0e1c4d,v11_5b10af82f5459a43d6d0,False,False,False,159915,159915,159915,False,False,False,7.311272875292251,7.652834865678379,7.652834865678379,0.0,12,12,1587,2.0803011292346167,,0
2019-03-12,2019-03-12,1,f2afd4d7fdb64b06192f482aaba9a889e47120541137e03ca27d78c42d0e1c4d,v11_5b10af82f5459a43d6d0,False,False,False,159915,159915,159915,False,False,False,7.652834865678379,7.828231563444228,7.828231563444228,0.0,13,13,1587,2.127979924717678,,0
2019-03-13,2019-03-13,1,f2afd4d7fdb64b06192f482aaba9a889e47120541137e03ca27d78c42d0e1c4d,v11_5b10af82f5459a43d6d0,False,False,False,159915,510500,510500,True,False,True,7.828231563444228,7.468206762766958,7.466713121414405,0.0014936413525533918,14,0,1587,1.6741461239072233,,0
2019-03-14,2019-03-14,1,f2afd4d7fdb64b06192f482aaba9a889e47120541137e03ca27d78c42d0e1c4d,v11_5b10af82f5459a43d6d0,False,False,False,510500,159915,159915,False,False,True,7.466713121414405,7.2927089316351985,7.291250389848871,0.0014585417863270398,1,0,1587,1.9861982434127854,,0
2019-03-15,2019-03-15,1,f2afd4d7fdb64b06192f482aaba9a889e47120541137e03ca27d78c42d0e1c4d,v11_5b10af82f5459a43d6d0,False,False,False,159915,159915,159915,False,False,False,7.291250389848871,7.318886209393466,7.318886209393466,0.0,1,1,1587,1.9937264742785321,,0
2019-03-18,2019-03-18,1,f2afd4d7fdb64b06192f482aaba9a889e47120541137e03ca27d78c42d0e1c4d,v11_5b10af82f5459a43d6d0,False,False,False,159915,159915,159915,False,False,False,7.318886209393466,7.526154855977925,7.526154855977925,0.0,2,2,1587,2.0501882057716307,,0
2019-03-19,2019-03-19,1,f2afd4d7fdb64b06192f482aaba9a889e47120541137e03ca27d78c42d0e1c4d,v11_5b10af82f5459a43d6d0,False,False,False,159915,159915,159915,False,False,False,7.526154855977925,7.521548886053827,7.521548886053827,0.0,3,3,1587,2.0501882057716307,,0
2019-03-20,2019-03-20,1,f2afd4d7fdb64b06192f482aaba9a889e47120541137e03ca27d78c42d0e1c4d,v11_5b10af82f5459a43d6d0,False,False,False,159915,159915,159915,False,False,False,7.521548886053827,7.429429487571845,7.429429487571845,0.0,4,4,1587,2.0501882057716307,,0
2019-03-21,2019-03-21,1,f2afd4d7fdb64b06192f482aaba9a889e47120541137e03ca27d78c42d0e1c4d,v11_5b10af82f5459a43d6d0,False,False,False,159915,159915,159915,False,False,False,7.429429487571845,7.493913066509232,7.493913066509232,0.0,5,5,1587,2.0501882057716307,,0
2019-03-22,2019-03-22,1,f2afd4d7fdb64b06192f482aaba9a889e47120541137e03ca27d78c42d0e1c4d,v11_5b10af82f5459a43d6d0,False,False,False,159915,159915,159915,False,False,False,7.493913066509232,7.466277246964638,7.466277246964638,0.0,6,6,1587,2.0501882057716307,,0
2019-03-25,2019-03-25,1,f2afd4d7fdb64b06192f482aaba9a889e47120541137e03ca27d78c42d0e1c4d,v11_5b10af82f5459a43d6d0,False,False,False,159915,159915,159915,False,False,False,7.466277246964638,7.360339938710359,7.360339938710359,0.0,7,7,1587,2.0501882057716307,,0
2019-03-26,2019-03-26,1,f2afd4d7fdb64b06192f482aaba9a889e47120541137e03ca27d78c42d0e1c4d,v11_5b10af82f5459a43d6d0,False,False,False,159915,159915,159915,False,False,False,7.360339938710359,7.166889201898197,7.166889201898197,0.0,8,8,1587,2.0501882057716307,,0
2019-03-27,2019-03-27,1,f2afd4d7fdb64b06192f482aaba9a889e47120541137e03ca27d78c42d0e1c4d,v11_5b10af82f5459a43d6d0,False,False,False,159915,159915,159915,False,False,False,7.166889201898197,7.222160840987386,7.222160840987386,0.0,9,9,1587,2.0501882057716307,,0
2019-03-28,2019-03-28,1,f2afd4d7fdb64b06192f482aaba9a889e47120541137e03ca27d78c42d0e1c4d,v11_5b10af82f5459a43d6d0,False,False,False,159915,159915,159915,False,False,False,7.222160840987386,7.166889201898196,7.166889201898196,0.0,10,10,1587,2.0501882057716307,,0
2019-03-29,2019-03-29,1,f2afd4d7fdb64b06192f482aaba9a889e47120541137e03ca27d78c42d0e1c4d,v11_5b10af82f5459a43d6d0,False,False,False,159915,159915,159915,False,False,False,7.166889201898196,7.480095156736936,7.480095156736936,0.0,11,11,1587,2.0501882057716307,,0
2019-04-01,2019-04-01,1,f2afd4d7fdb64b06192f482aaba9a889e47120541137e03ca27d78c42d0e1c4d,v11_5b10af82f5459a43d6d0,False,False,False,159915,510500,510500,False,False,True,7.480095156736936,7.802513051423872,7.800952548813587,0.0015605026102847744,12,0,1587,1.7851200772268112,,0
2019-04-02,2019-04-02,1,f2afd4d7fdb64b06192f482aaba9a889e47120541137e03ca27d78c42d0e1c4d,v11_5b10af82f5459a43d6d0,False,False,False,510500,510500,510500,False,False,False,7.800952548813587,7.79463803323255,7.79463803323255,0.0,1,1,1587,1.7851200772268112,,0
2019-04-03,2019-04-03,1,f2afd4d7fdb64b06192f482aaba9a889e47120541137e03ca27d78c42d0e1c4d,v11_5b10af82f5459a43d6d0,False,False,False,510500,510500,510500,False,False,False,7.79463803323255,7.885567057599489,7.885567057599489,0.0,2,2,1587,1.8044827201237186,,0
2019-04-04,2019-04-04,1,f2afd4d7fdb64b06192f482aaba9a889e47120541137e03ca27d78c42d0e1c4d,v11_5b10af82f5459a43d6d0,False,False,False,510500,510500,510500,False,False,False,7.885567057599489,7.957552535223315,7.957552535223315,0.0,3,3,1587,1.820955416319595,,0
2019-04-08,2019-04-08,1,f2afd4d7fdb64b06192f482aaba9a889e47120541137e03ca27d78c42d0e1c4d,v11_5b10af82f5459a43d6d0,False,False,False,510500,510500,510500,False,False,False,7.957552535223315,7.867886413972585,7.867886413972585,0.0,4,4,1587,1.820955416319595,,0
2019-04-09,2019-04-09,1,f2afd4d7fdb64b06192f482aaba9a889e47120541137e03ca27d78c42d0e1c4d,v11_5b10af82f5459a43d6d0,False,False,False,510500,510300,510300,False,False,True,7.867886413972585,7.901984798110186,7.900404401150563,0.0015803969596220372,5,0,1587,1.7355888651165066,,0
2019-04-10,2019-04-10,1,f2afd4d7fdb64b06192f482aaba9a889e47120541137e03ca27d78c42d0e1c4d,v11_5b10af82f5459a43d6d0,False,False,False,510300,510300,510300,False,False,False,7.900404401150563,7.912079875635023,7.912079875635023,0.0,1,1,1587,1.738153774769388,,0
2019-04-11,2019-04-11,1,f2afd4d7fdb64b06192f482aaba9a889e47120541137e03ca27d78c42d0e1c4d,v11_5b10af82f5459a43d6d0,False,False,False,510300,510300,510300,False,False,False,7.912079875635023,7.775866006649669,7.775866006649669,0.0,2,2,1587,1.738153774769388,,0
2019-04-12,2019-04-12,1,f2afd4d7fdb64b06192f482aaba9a889e47120541137e03ca27d78c42d0e1c4d,v11_5b10af82f5459a43d6d0,False,False,False,510300,510300,510300,False,False,False,7.775866006649669,7.748623232852598,7.748623232852598,0.0,3,3,1587,1.738153774769388,,0
2019-04-15,2019-04-15,1,f2afd4d7fdb64b06192f482aaba9a889e47120541137e03ca27d78c42d0e1c4d,v11_5b10af82f5459a43d6d0,False,False,False,510300,510300,510300,False,False,False,7.748623232852598,7.699975422500684,7.699975422500684,0.0,4,4,1587,1.738153774769388,,0
2019-04-16,2019-04-16,1,f2afd4d7fdb64b06192f482aaba9a889e47120541137e03ca27d78c42d0e1c4d,v11_5b10af82f5459a43d6d0,False,False,False,510300,510300,510300,False,False,False,7.699975422500684,7.933484912189862,7.933484912189862,0.0,5,5,1587,1.742856109133004,,0
2019-04-17,2019-04-17,1,f2afd4d7fdb64b06192f482aaba9a889e47120541137e03ca27d78c42d0e1c4d,v11_5b10af82f5459a43d6d0,False,False,False,510300,510300,510300,False,False,False,7.933484912189862,7.914025788049098,7.914025788049098,0.0,6,6,1587,1.742856109133004,,0
2019-04-18,2019-04-18,1,f2afd4d7fdb64b06192f482aaba9a889e47120541137e03ca27d78c42d0e1c4d,v11_5b10af82f5459a43d6d0,False,False,False,510300,510300,510300,False,False,False,7.914025788049098,7.900404401150562,7.900404401150562,0.0,7,7,1587,1.742856109133004,,0
2019-04-19,2019-04-19,1,f2afd4d7fdb64b06192f482aaba9a889e47120541137e03ca27d78c42d0e1c4d,v11_5b10af82f5459a43d6d0,False,False,False,510300,510300,510300,False,False,False,7.900404401150562,8.017159145995151,8.017159145995151,0.0,8,8,1587,1.7612379616453218,,0
2019-04-22,2019-04-22,1,f2afd4d7fdb64b06192f482aaba9a889e47120541137e03ca27d78c42d0e1c4d,v11_5b10af82f5459a43d6d0,False,False,False,510300,513100,513100,True,False,True,8.017159145995151,7.816730167345273,7.815166821311805,0.0015633460334690547,9,0,1587,2.687061183550658,,0
2019-04-23,2019-04-23,1,f2afd4d7fdb64b06192f482aaba9a889e47120541137e03ca27d78c42d0e1c4d,v11_5b10af82f5459a43d6d0,False,False,False,513100,513100,513100,False,False,False,7.815166821311805,7.873510731885241,7.873510731885241,0.0,1,1,1587,2.707121364092283,,0
2019-04-24,2019-04-24,1,f2afd4d7fdb64b06192f482aaba9a889e47120541137e03ca27d78c42d0e1c4d,v11_5b10af82f5459a43d6d0,False,False,False,513100,513100,513100,False,False,False,7.873510731885241,7.996032944089459,7.996032944089459,0.0,2,2,1587,2.7492477432296956,,0
2019-04-25,2019-04-25,1,f2afd4d7fdb64b06192f482aaba9a889e47120541137e03ca27d78c42d0e1c4d,v11_5b10af82f5459a43d6d0,False,False,False,513100,513100,513100,False,False,False,7.996032944089459,8.051459659134222,8.051459659134222,0.0,3,3,1587,2.7683049147442387,,0
2019-04-26,2019-04-26,1,f2afd4d7fdb64b06192f482aaba9a889e47120541137e03ca27d78c42d0e1c4d,v11_5b10af82f5459a43d6d0,False,False,False,513100,513100,513100,False,False,False,8.051459659134222,8.103969178650315,8.103969178650315,0.0,4,4,1587,2.7863590772317015,,0
2019-04-29,2019-04-29,1,f2afd4d7fdb64b06192f482aaba9a889e47120541137e03ca27d78c42d0e1c4d,v11_5b10af82f5459a43d6d0,False,False,False,513100,513100,513100,False,False,False,8.103969178650315,8.208988217682501,8.208988217682501,0.0,5,5,1587,2.8224674022066267,,0
2019-04-30,2019-04-30,1,f2afd4d7fdb64b06192f482aaba9a889e47120541137e03ca27d78c42d0e1c4d,v11_5b10af82f5459a43d6d0,False,False,False,513100,513100,513100,False,False,False,8.208988217682501,8.1885678489818,8.1885678489818,0.0,6,6,1587,2.8224674022066267,,0
2019-05-06,2019-05-06,1,f2afd4d7fdb64b06192f482aaba9a889e47120541137e03ca27d78c42d0e1c4d,v11_5b10af82f5459a43d6d0,False,False,False,513100,518880,518880,True,False,True,8.1885678489818,7.955192206688054,7.953601168246716,0.001591038441337611,7,0,1587,1.0635948210205652,,0
2019-05-07,2019-05-07,1,f2afd4d7fdb64b06192f482aaba9a889e47120541137e03ca27d78c42d0e1c4d,v11_5b10af82f5459a43d6d0,False,False,False,518880,513100,513100,False,False,True,7.953601168246716,7.936515021805798,7.934927718801437,0.0015873030043611596,1,0,1587,2.7652958876629956,,0
2019-05-08,2019-05-08,1,f2afd4d7fdb64b06192f482aaba9a889e47120541137e03ca27d78c42d0e1c4d,v11_5b10af82f5459a43d6d0,False,False,False,513100,513100,513100,False,False,False,7.934927718801437,7.782388303097238,7.782388303097238,0.0,1,1,1587,2.7652958876629956,,0
2019-05-09,2019-05-09,1,f2afd4d7fdb64b06192f482aaba9a889e47120541137e03ca27d78c42d0e1c4d,v11_5b10af82f5459a43d6d0,False,False,False,513100,513100,513100,False,False,False,7.782388303097238,7.730582463801473,7.730582463801473,0.0,2,2,1587,2.7652958876629956,,0
2019-05-10,2019-05-10,1,f2afd4d7fdb64b06192f482aaba9a889e47120541137e03ca27d78c42d0e1c4d,v11_5b10af82f5459a43d6d0,False,False,False,513100,513100,513100,False,False,False,7.730582463801473,7.739216770350768,7.739216770350768,0.0,3,3,1587,2.7652958876629956,,0
2019-05-13,2019-05-13,1,f2afd4d7fdb64b06192f482aaba9a889e47120541137e03ca27d78c42d0e1c4d,v11_5b10af82f5459a43d6d0,False,False,False,513100,513100,513100,False,False,False,7.739216770350768,7.710435748519787,7.710435748519787,0.0,4,4,1587,2.7652958876629956,,0
2019-05-14,2019-05-14,1,f2afd4d7fdb64b06192f482aaba9a889e47120541137e03ca27d78c42d0e1c4d,v11_5b10af82f5459a43d6d0,False,False,False,513100,518880,518880,True,False,True,7.710435748519787,7.552140128449392,7.550629700423702,0.0015104280256898785,5,0,1587,1.08834729626809,,0
2019-05-15,2019-05-15,1,f2afd4d7fdb64b06192f482aaba9a889e47120541137e03ca27d78c42d0e1c4d,v11_5b10af82f5459a43d6d0,False,False,False,518880,518880,518880,False,False,False,7.550629700423702,7.513642710988455,7.513642710988455,0.0,1,1,1587,1.08834729626809,,0
2019-05-16,2019-05-16,1,f2afd4d7fdb64b06192f482aaba9a889e47120541137e03ca27d78c42d0e1c4d,v11_5b10af82f5459a43d6d0,False,False,False,518880,518880,518880,False,False,False,7.513642710988455,7.5506297004237,7.5506297004237,0.0,2,2,1587,1.08834729626809,,0
2019-05-17,2019-05-17,1,f2afd4d7fdb64b06192f482aaba9a889e47120541137e03ca27d78c42d0e1c4d,v11_5b10af82f5459a43d6d0,False,False,False,518880,518880,518880,False,False,False,7.5506297004237,7.540061989156487,7.540061989156487,0.0,3,3,1587,1.08834729626809,,0
2019-05-20,2019-05-20,1,f2afd4d7fdb64b06192f482aaba9a889e47120541137e03ca27d78c42d0e1c4d,v11_5b10af82f5459a43d6d0,False,False,False,518880,518880,518880,False,False,False,7.540061989156487,7.489865360637224,7.489865360637224,0.0,4,4,1587,1.08834729626809,,0
2019-05-21,2019-05-21,1,f2afd4d7fdb64b06192f482aaba9a889e47120541137e03ca27d78c42d0e1c4d,v11_5b10af82f5459a43d6d0,False,False,False,518880,518880,518880,False,False,False,7.489865360637224,7.487223432820421,7.487223432820421,0.0,5,5,1587,1.08834729626809,,0
2019-05-22,2019-05-22,1,f2afd4d7fdb64b06192f482aaba9a889e47120541137e03ca27d78c42d0e1c4d,v11_5b10af82f5459a43d6d0,False,False,False,518880,518880,518880,False,False,False,7.487223432820421,7.487223432820421,7.487223432820421,0.0,6,6,1587,1.08834729626809,,0
2019-05-23,2019-05-23,1,f2afd4d7fdb64b06192f482aaba9a889e47120541137e03ca27d78c42d0e1c4d,v11_5b10af82f5459a43d6d0,False,False,False,518880,518880,518880,False,False,False,7.487223432820421,7.505716927538043,7.505716927538043,0.0,7,7,1587,1.08834729626809,,0
2019-05-24,2019-05-24,1,f2afd4d7fdb64b06192f482aaba9a889e47120541137e03ca27d78c42d0e1c4d,v11_5b10af82f5459a43d6d0,False,False,False,518880,518880,518880,False,False,False,7.505716927538043,7.545345844790092,7.545345844790092,0.0,8,8,1587,1.08834729626809,,0
2019-05-27,2019-05-27,1,f2afd4d7fdb64b06192f482aaba9a889e47120541137e03ca27d78c42d0e1c4d,v11_5b10af82f5459a43d6d0,False,False,False,518880,518880,518880,False,False,False,7.545345844790092,7.550629700423698,7.550629700423698,0.0,9,9,1587,1.08834729626809,,0
2019-05-28,2019-05-28,1,f2afd4d7fdb64b06192f482aaba9a889e47120541137e03ca27d78c42d0e1c4d,v11_5b10af82f5459a43d6d0,False,False,False,518880,518880,518880,False,False,False,7.550629700423698,7.540061989156485,7.540061989156485,0.0,10,10,1587,1.08834729626809,,0
2019-05-29,2019-05-29,1,f2afd4d7fdb64b06192f482aaba9a889e47120541137e03ca27d78c42d0e1c4d,v11_5b10af82f5459a43d6d0,False,False,False,518880,518880,518880,False,False,False,7.540061989156485,7.558555483874108,7.558555483874108,0.0,11,11,1587,1.089489718202591,,0
2019-05-30,2019-05-30,1,f2afd4d7fdb64b06192f482aaba9a889e47120541137e03ca27d78c42d0e1c4d,v11_5b10af82f5459a43d6d0,False,False,False,518880,518880,518880,False,False,False,7.558555483874108,7.521568494438861,7.521568494438861,0.0,12,12,1587,1.089489718202591,,0
2019-05-31,2019-05-31,1,f2afd4d7fdb64b06192f482aaba9a889e47120541137e03ca27d78c42d0e1c4d,v11_5b10af82f5459a43d6d0,False,False,False,518880,518880,518880,False,False,False,7.521568494438861,7.603468256759762,7.603468256759762,0.0,13,13,1587,1.0959634424980975,,0
2019-06-03,2019-06-03,1,f2afd4d7fdb64b06192f482aaba9a889e47120541137e03ca27d78c42d0e1c4d,v11_5b10af82f5459a43d6d0,False,False,False,518880,512400,512400,False,False,True,7.603468256759762,7.698577658164679,7.697037942633047,0.001539715531632936,14,0,1587,0.614864864864865,,0
2019-06-04,2019-06-04,1,f2afd4d7fdb64b06192f482aaba9a889e47120541137e03ca27d78c42d0e1c4d,v11_5b10af82f5459a43d6d0,False,False,False,512400,512400,512400,False,False,False,7.697037942633047,7.588288583945923,7.588288583945923,0.0,1,1,1587,0.614864864864865,,0
2019-06-05,2019-06-05,1,f2afd4d7fdb64b06192f482aaba9a889e47120541137e03ca27d78c42d0e1c4d,v11_5b10af82f5459a43d6d0,False,False,False,512400,512400,512400,False,False,False,7.588288583945923,7.660788156404006,7.660788156404006,0.0,2,2,1587,0.614864864864865,,0
2019-06-06,2019-06-06,1,f2afd4d7fdb64b06192f482aaba9a889e47120541137e03ca27d78c42d0e1c4d,v11_5b10af82f5459a43d6d0,False,False,False,512400,512400,512400,False,False,False,7.660788156404006,7.612455108098619,7.612455108098619,0.0,3,3,1587,0.614864864864865,,0
2019-06-10,2019-06-10,1,f2afd4d7fdb64b06192f482aaba9a889e47120541137e03ca27d78c42d0e1c4d,v11_5b10af82f5459a43d6d0,False,False,False,512400,512400,512400,False,False,False,7.612455108098619,7.6849546805567,7.6849546805567,0.0,4,4,1587,0.614864864864865,,0
2019-06-11,2019-06-11,1,f2afd4d7fdb64b06192f482aaba9a889e47120541137e03ca27d78c42d0e1c4d,v11_5b10af82f5459a43d6d0,False,False,False,512400,512400,512400,False,False,False,7.6849546805567,7.890370135854599,7.890370135854599,0.0,5,5,1587,0.6303088803088805,,0
2019-06-12,2019-06-12,1,f2afd4d7fdb64b06192f482aaba9a889e47120541137e03ca27d78c42d0e1c4d,v11_5b10af82f5459a43d6d0,False,False,False,512400,512400,512400,False,False,False,7.890370135854599,7.987036232465375,7.987036232465375,0.0,6,6,1587,0.6380308880308884,,0
2019-06-13,2019-06-13,1,f2afd4d7fdb64b06192f482aaba9a889e47120541137e03ca27d78c42d0e1c4d,v11_5b10af82f5459a43d6d0,False,False,False,512400,512400,512400,False,False,False,7.987036232465375,7.974952970389027,7.974952970389027,0.0,7,7,1587,0.6380308880308884,,0
2019-06-14,2019-06-14,1,f2afd4d7fdb64b06192f482aaba9a889e47120541137e03ca27d78c42d0e1c4d,v11_5b10af82f5459a43d6d0,False,False,False,512400,512400,512400,False,False,False,7.974952970389027,7.9145366600072915,7.9145366600072915,0.0,8,8,1587,0.6380308880308884,,0
2019-06-17,2019-06-17,1,f2afd4d7fdb64b06192f482aaba9a889e47120541137e03ca27d78c42d0e1c4d,v11_5b10af82f5459a43d6d0,False,False,False,512400,512400,512400,False,False,False,7.9145366600072915,7.999119494541721,7.999119494541721,0.0,9,9,1587,0.6389961389961393,,0
2019-06-18,2019-06-18,1,f2afd4d7fdb64b06192f482aaba9a889e47120541137e03ca27d78c42d0e1c4d,v11_5b10af82f5459a43d6d0,False,False,False,512400,512400,512400,False,False,False,7.999119494541721,7.866203611701904,7.866203611701904,0.0,10,10,1587,0.6389961389961393,,0
2019-06-19,2019-06-19,1,f2afd4d7fdb64b06192f482aaba9a889e47120541137e03ca27d78c42d0e1c4d,v11_5b10af82f5459a43d6d0,False,False,False,512400,512400,512400,False,False,False,7.866203611701904,7.878286873778251,7.878286873778251,0.0,11,11,1587,0.6389961389961393,,0
2019-06-20,2019-06-20,1,f2afd4d7fdb64b06192f482aaba9a889e47120541137e03ca27d78c42d0e1c4d,v11_5b10af82f5459a43d6d0,False,False,False,512400,512400,512400,False,False,False,7.878286873778251,8.023286018694415,8.023286018694415,0.0,12,12,1587,0.6409266409266413,,0
2019-06-21,2019-06-21,1,f2afd4d7fdb64b06192f482aaba9a889e47120541137e03ca27d78c42d0e1c4d,v11_5b10af82f5459a43d6d0,False,False,False,512400,512400,512400,False,False,False,8.023286018694415,8.156201901534233,8.156201901534233,0.0,13,13,1587,0.651544401544402,,0
2019-06-24,2019-06-24,1,f2afd4d7fdb64b06192f482aaba9a889e47120541137e03ca27d78c42d0e1c4d,v11_5b10af82f5459a43d6d0,False,False,False,512400,512400,512400,False,False,False,8.156201901534233,8.204534949839621,8.204534949839621,0.0,14,14,1587,0.6554054054054058,,0
2019-06-25,2019-06-25,1,f2afd4d7fdb64b06192f482aaba9a889e47120541137e03ca27d78c42d0e1c4d,v11_5b10af82f5459a43d6d0,False,False,False,512400,512400,512400,False,False,False,8.204534949839621,8.240784736068662,8.240784736068662,0.0,15,15,1587,0.6583011583011587,,0
2019-06-26,2019-06-26,1,f2afd4d7fdb64b06192f482aaba9a889e47120541137e03ca27d78c42d0e1c4d,v11_5b10af82f5459a43d6d0,False,False,False,512400,510300,510300,True,False,True,8.240784736068662,8.035369280770762,8.03376220691461,0.0016070738561541527,16,0,1587,1.6321375091169505,,0
2019-06-27,2019-06-27,1,f2afd4d7fdb64b06192f482aaba9a889e47120541137e03ca27d78c42d0e1c4d,v11_5b10af82f5459a43d6d0,False,False,False,510300,510300,510300,False,False,False,8.03376220691461,8.122137799552224,8.122137799552224,0.0,1,1,1587,1.6500918766871213,,0
2019-06-28,2019-06-28,1,f2afd4d7fdb64b06192f482aaba9a889e47120541137e03ca27d78c42d0e1c4d,v11_5b10af82f5459a43d6d0,False,False,False,510300,510300,510300,False,False,False,8.122137799552224,8.120033618775139,8.120033618775139,0.0,2,2,1587,1.6500918766871213,,0
2019-07-01,2019-07-01,1,f2afd4d7fdb64b06192f482aaba9a889e47120541137e03ca27d78c42d0e1c4d,v11_5b10af82f5459a43d6d0,False,False,False,510300,510300,510300,False,False,False,8.120033618775139,8.319930792598315,8.319930792598315,0.0,3,3,1587,1.6902754612489321,,0
2019-07-02,2019-07-02,1,f2afd4d7fdb64b06192f482aaba9a889e47120541137e03ca27d78c42d0e1c4d,v11_5b10af82f5459a43d6d0,False,False,False,510300,510300,510300,False,False,False,8.319930792598315,8.332555877260832,8.332555877260832,0.0,4,4,1587,1.6928403709018136,,0
2019-07-03,2019-07-03,1,f2afd4d7fdb64b06192f482aaba9a889e47120541137e03ca27d78c42d0e1c4d,v11_5b10af82f5459a43d6d0,False,False,False,510300,510300,510300,False,False,False,8.332555877260832,8.263117911616993,8.263117911616993,0.0,5,5,1587,1.6928403709018136,,0
2019-07-04,2019-07-04,1,f2afd4d7fdb64b06192f482aaba9a889e47120541137e03ca27d78c42d0e1c4d,v11_5b10af82f5459a43d6d0,False,False,False,510300,510300,510300,False,False,False,8.263117911616993,8.208409211412755,8.208409211412755,0.0,6,6,1587,1.6928403709018136,,0
2019-07-05,2019-07-05,1,f2afd4d7fdb64b06192f482aaba9a889e47120541137e03ca27d78c42d0e1c4d,v11_5b10af82f5459a43d6d0,False,False,False,510300,510300,510300,False,False,False,8.208409211412755,8.250492826954478,8.250492826954478,0.0,7,7,1587,1.6928403709018136,,0
2019-07-08,2019-07-08,1,f2afd4d7fdb64b06192f482aaba9a889e47120541137e03ca27d78c42d0e1c4d,v11_5b10af82f5459a43d6d0,False,False,False,510300,513100,513100,True,False,True,8.250492826954478,8.061116557016732,8.059504333705329,0.0016122233114033463,8,0,1587,2.7853560682046217,,0
2019-07-09,2019-07-09,1,f2afd4d7fdb64b06192f482aaba9a889e47120541137e03ca27d78c42d0e1c4d,v11_5b10af82f5459a43d6d0,False,False,False,513100,513100,513100,False,False,False,8.059504333705329,7.998557415805502,7.998557415805502,0.0,1,1,1587,2.7853560682046217,,0
2019-07-10,2019-07-10,1,f2afd4d7fdb64b06192f482aaba9a889e47120541137e03ca27d78c42d0e1c4d,v11_5b10af82f5459a43d6d0,False,False,False,513100,513100,513100,False,False,False,7.998557415805502,8.088526675562385,8.088526675562385,0.0,2,2,1587,2.7953861584754334,,0
2019-07-11,2019-07-11,1,f2afd4d7fdb64b06192f482aaba9a889e47120541137e03ca27d78c42d0e1c4d,v11_5b10af82f5459a43d6d0,False,False,False,513100,513100,513100,False,False,False,8.088526675562385,8.190104872062093,8.190104872062093,0.0,3,3,1587,2.8304914744232774,,0
2019-07-12,2019-07-12,1,f2afd4d7fdb64b06192f482aaba9a889e47120541137e03ca27d78c42d0e1c4d,v11_5b10af82f5459a43d6d0,False,False,False,513100,513100,513100,False,False,False,8.190104872062093,8.175593701133565,8.175593701133565,0.0,4,4,1587,2.8304914744232774,,0
2019-07-15,2019-07-15,1,f2afd4d7fdb64b06192f482aaba9a889e47120541137e03ca27d78c42d0e1c4d,v11_5b10af82f5459a43d6d0,False,False,False,513100,513100,513100,False,False,False,8.175593701133565,8.2423450874048,8.2423450874048,0.0,5,5,1587,2.8485456369107394,,0
2019-07-16,2019-07-16,1,f2afd4d7fdb64b06192f482aaba9a889e47120541137e03ca27d78c42d0e1c4d,v11_5b10af82f5459a43d6d0,False,False,False,513100,513100,513100,False,False,False,8.2423450874048,8.268465195076153,8.268465195076153,0.0,6,6,1587,2.857572718154471,,0
2019-07-17,2019-07-17,1,f2afd4d7fdb64b06192f482aaba9a889e47120541137e03ca27d78c42d0e1c4d,v11_5b10af82f5459a43d6d0,False,False,False,513100,513100,513100,False,False,False,8.268465195076153,8.224931682290565,8.224931682290565,0.0,7,7,1587,2.857572718154471,,0
2019-07-18,2019-07-18,1,f2afd4d7fdb64b06192f482aaba9a889e47120541137e03ca27d78c42d0e1c4d,v11_5b10af82f5459a43d6d0,False,False,False,513100,513100,513100,False,False,False,8.224931682290565,8.132060188347975,8.132060188347975,0.0,8,8,1587,2.857572718154471,,0
2019-07-19,2019-07-19,1,f2afd4d7fdb64b06192f482aaba9a889e47120541137e03ca27d78c42d0e1c4d,v11_5b10af82f5459a43d6d0,False,False,False,513100,513100,513100,False,False,False,8.132060188347975,8.22783391647627,8.22783391647627,0.0,9,9,1587,2.857572718154471,,0
2019-07-22,2019-07-22,1,f2afd4d7fdb64b06192f482aaba9a889e47120541137e03ca27d78c42d0e1c4d,v11_5b10af82f5459a43d6d0,False,False,False,513100,513100,513100,False,False,False,8.22783391647627,8.137864656719387,8.137864656719387,0.0,10,10,1587,2.857572718154471,,0
2019-07-23,2019-07-23,1,f2afd4d7fdb64b06192f482aaba9a889e47120541137e03ca27d78c42d0e1c4d,v11_5b10af82f5459a43d6d0,False,False,False,513100,513100,513100,False,False,False,8.137864656719387,8.227833916476271,8.227833916476271,0.0,11,11,1587,2.857572718154471,,0
2019-07-24,2019-07-24,1,f2afd4d7fdb64b06192f482aaba9a889e47120541137e03ca27d78c42d0e1c4d,v11_5b10af82f5459a43d6d0,False,False,False,513100,513100,513100,False,False,False,8.227833916476271,8.262660726704741,8.262660726704741,0.0,12,12,1587,2.857572718154471,,0
2019-07-25,2019-07-25,1,f2afd4d7fdb64b06192f482aaba9a889e47120541137e03ca27d78c42d0e1c4d,v11_5b10af82f5459a43d6d0,False,False,False,513100,513100,513100,False,False,False,8.262660726704741,8.329412112975978,8.329412112975978,0.0,13,13,1587,2.8786359077231767,,0
2019-07-26,2019-07-26,1,f2afd4d7fdb64b06192f482aaba9a889e47120541137e03ca27d78c42d0e1c4d,v11_5b10af82f5459a43d6d0,False,False,False,513100,513100,513100,False,False,False,8.329412112975978,8.282976366004684,8.282976366004684,0.0,14,14,1587,2.8786359077231767,,0
2019-07-29,2019-07-29,1,f2afd4d7fdb64b06192f482aaba9a889e47120541137e03ca27d78c42d0e1c4d,v11_5b10af82f5459a43d6d0,False,False,False,513100,513100,513100,False,False,False,8.282976366004684,8.317803176233156,8.317803176233156,0.0,15,15,1587,2.8786359077231767,,0
2019-07-30,2019-07-30,1,f2afd4d7fdb64b06192f482aaba9a889e47120541137e03ca27d78c42d0e1c4d,v11_5b10af82f5459a43d6d0,False,False,False,513100,513100,513100,False,False,False,8.317803176233156,8.303292005304627,8.303292005304627,0.0,16,16,1587,2.8786359077231767,,0
2019-07-31,2019-07-31,1,f2afd4d7fdb64b06192f482aaba9a889e47120541137e03ca27d78c42d0e1c4d,v11_5b10af82f5459a43d6d0,False,False,False,513100,513100,513100,False,False,False,8.303292005304627,8.282976366004684,8.282976366004684,0.0,17,17,1587,2.8786359077231767,,0
2019-08-01,2019-08-01,1,f2afd4d7fdb64b06192f482aaba9a889e47120541137e03ca27d78c42d0e1c4d,v11_5b10af82f5459a43d6d0,False,False,False,513100,513100,513100,False,False,False,8.282976366004684,8.163984764390742,8.163984764390742,0.0,18,18,1587,2.8786359077231767,,0
2019-08-02,2019-08-02,1,f2afd4d7fdb64b06192f482aaba9a889e47120541137e03ca27d78c42d0e1c4d,v11_5b10af82f5459a43d6d0,False,False,False,513100,513100,513100,False,False,False,8.163984764390742,8.17849593531927,8.17849593531927,0.0,19,19,1587,2.8786359077231767,,0
2019-08-05,2019-08-05,1,f2afd4d7fdb64b06192f482aaba9a889e47120541137e03ca27d78c42d0e1c4d,v11_5b10af82f5459a43d6d0,False,False,False,513100,513100,513100,False,False,False,8.17849593531927,8.094331143933799,8.094331143933799,0.0,20,20,1587,2.8786359077231767,,0
2019-08-06,2019-08-06,1,f2afd4d7fdb64b06192f482aaba9a889e47120541137e03ca27d78c42d0e1c4d,v11_5b10af82f5459a43d6d0,False,False,False,513100,518880,518880,False,False,True,8.094331143933799,7.934708263719973,7.933121322067229,0.0015869416527439946,21,0,1587,1.2551408987052577,,0
2019-08-07,2019-08-07,1,f2afd4d7fdb64b06192f482aaba9a889e47120541137e03ca27d78c42d0e1c4d,v11_5b10af82f5459a43d6d0,False,False,False,518880,518880,518880,False,False,False,7.933121322067229,8.094383193601969,8.094383193601969,0.0,1,1,1587,1.2806549885757834,,0
2019-08-08,2019-08-08,1,f2afd4d7fdb64b06192f482aaba9a889e47120541137e03ca27d78c42d0e1c4d,v11_5b10af82f5459a43d6d0,False,False,False,518880,518880,518880,False,False,False,8.094383193601969,8.149741746516879,8.149741746516879,0.0,2,2,1587,1.2894135567402922,,0
2019-08-09,2019-08-09,1,f2afd4d7fdb64b06192f482aaba9a889e47120541137e03ca27d78c42d0e1c4d,v11_5b10af82f5459a43d6d0,False,False,False,518880,518880,518880,False,False,False,8.149741746516879,8.190658937801812,8.190658937801812,0.0,3,3,1587,1.2958872810357986,,0
2019-08-12,2019-08-12,1,f2afd4d7fdb64b06192f482aaba9a889e47120541137e03ca27d78c42d0e1c4d,v11_5b10af82f5459a43d6d0,False,False,False,518880,518880,518880,False,False,False,8.190658937801812,8.140114172096894,8.140114172096894,0.0,4,4,1587,1.2958872810357986,,0
2019-08-13,2019-08-13,1,f2afd4d7fdb64b06192f482aaba9a889e47120541137e03ca27d78c42d0e1c4d,v11_5b10af82f5459a43d6d0,False,False,False,518880,518880,518880,False,False,False,8.140114172096894,8.339886341311573,8.339886341311573,0.0,5,5,1587,1.3194973343488223,,0
2019-08-14,2019-08-14,1,f2afd4d7fdb64b06192f482aaba9a889e47120541137e03ca27d78c42d0e1c4d,v11_5b10af82f5459a43d6d0,False,False,False,518880,512400,512400,True,False,True,8.339886341311573,8.125672810466918,8.124047675904825,0.0016251345620933836,6,0,1587,0.6351351351351352,,0
2019-08-15,2019-08-15,1,f2afd4d7fdb64b06192f482aaba9a889e47120541137e03ca27d78c42d0e1c4d,v11_5b10af82f5459a43d6d0,False,False,False,512400,512400,512400,False,False,False,8.124047675904825,8.074661367844614,8.074661367844614,0.0,1,1,1587,0.6351351351351352,,0
2019-08-16,2019-08-16,1,f2afd4d7fdb64b06192f482aaba9a889e47120541137e03ca27d78c42d0e1c4d,v11_5b10af82f5459a43d6d0,False,False,False,512400,512400,512400,False,False,False,8.074661367844614,8.111701098889773,8.111701098889773,0.0,2,2,1587,0.6351351351351352,,0
2019-08-19,2019-08-19,1,f2afd4d7fdb64b06192f482aaba9a889e47120541137e03ca27d78c42d0e1c4d,v11_5b10af82f5459a43d6d0,False,False,False,512400,159915,159915,False,False,True,8.111701098889773,8.198127137995144,8.196487512567545,0.001639625427599029,3,0,1587,1.9673776662484188,,0
2019-08-20,2019-08-20,1,f2afd4d7fdb64b06192f482aaba9a889e47120541137e03ca27d78c42d0e1c4d,v11_5b10af82f5459a43d6d0,False,False,False,159915,159915,159915,False,False,False,8.196487512567545,8.118077236618237,8.118077236618237,0.0,1,1,1587,1.9673776662484188,,0
2019-08-21,2019-08-21,1,f2afd4d7fdb64b06192f482aaba9a889e47120541137e03ca27d78c42d0e1c4d,v11_5b10af82f5459a43d6d0,False,False,False,159915,159915,159915,False,False,False,8.118077236618237,8.097167829698423,8.097167829698423,0.0,2,2,1587,1.9673776662484188,,0
2019-08-22,2019-08-22,1,f2afd4d7fdb64b06192f482aaba9a889e47120541137e03ca27d78c42d0e1c4d,v11_5b10af82f5459a43d6d0,False,False,False,159915,159915,159915,False,False,False,8.097167829698423,8.123304588348192,8.123304588348192,0.0,3,3,1587,1.9673776662484188,,0
2019-08-23,2019-08-23,1,f2afd4d7fdb64b06192f482aaba9a889e47120541137e03ca27d78c42d0e1c4d,v11_5b10af82f5459a43d6d0,False,False,False,159915,159915,159915,False,False,False,8.123304588348192,8.128531940078146,8.128531940078146,0.0,4,4,1587,1.9673776662484188,,0
2019-08-26,2019-08-26,1,f2afd4d7fdb64b06192f482aaba9a889e47120541137e03ca27d78c42d0e1c4d,v11_5b10af82f5459a43d6d0,False,False,False,159915,159915,159915,False,False,False,8.128531940078146,8.05012166412884,8.05012166412884,0.0,5,5,1587,1.9673776662484188,,0
2019-08-27,2019-08-27,1,f2afd4d7fdb64b06192f482aaba9a889e47120541137e03ca27d78c42d0e1c4d,v11_5b10af82f5459a43d6d0,False,False,False,159915,159915,159915,False,False,False,8.05012166412884,8.191260160837592,8.191260160837592,0.0,6,6,1587,1.9673776662484188,,0
2019-08-28,2019-08-28,1,f2afd4d7fdb64b06192f482aaba9a889e47120541137e03ca27d78c42d0e1c4d,v11_5b10af82f5459a43d6d0,False,False,False,159915,159915,159915,False,False,False,8.191260160837592,8.180805457377684,8.180805457377684,0.0,7,7,1587,1.9673776662484188,,0
2019-08-29,2019-08-29,1,f2afd4d7fdb64b06192f482aaba9a889e47120541137e03ca27d78c42d0e1c4d,v11_5b10af82f5459a43d6d0,False,False,False,159915,159915,159915,False,False,False,8.180805457377684,8.144213995268007,8.144213995268007,0.0,8,8,1587,1.9673776662484188,,0
2019-08-30,2019-08-30,1,f2afd4d7fdb64b06192f482aaba9a889e47120541137e03ca27d78c42d0e1c4d,v11_5b10af82f5459a43d6d0,False,False,False,159915,159915,159915,False,False,False,8.144213995268007,8.097167829698423,8.097167829698423,0.0,9,9,1587,1.9673776662484188,,0
2019-09-02,2019-09-02,1,f2afd4d7fdb64b06192f482aaba9a889e47120541137e03ca27d78c42d0e1c4d,v11_5b10af82f5459a43d6d0,False,False,False,159915,159915,159915,False,False,False,8.097167829698423,8.321943954086436,8.321943954086436,0.0,10,10,1587,1.9974905897114046,,0
2019-09-03,2019-09-03,1,f2afd4d7fdb64b06192f482aaba9a889e47120541137e03ca27d78c42d0e1c4d,v11_5b10af82f5459a43d6d0,False,False,False,159915,159915,159915,False,False,False,8.321943954086436,8.337626009276297,8.337626009276297,0.0,11,11,1587,2.001254705144278,,0
2019-09-04,2019-09-04,1,f2afd4d7fdb64b06192f482aaba9a889e47120541137e03ca27d78c42d0e1c4d,v11_5b10af82f5459a43d6d0,False,False,False,159915,159915,159915,False,False,False,8.337626009276297,8.400354230035743,8.400354230035743,0.0,12,12,1587,2.016311166875771,,0
2019-09-05,2019-09-05,1,f2afd4d7fdb64b06192f482aaba9a889e47120541137e03ca27d78c42d0e1c4d,v11_5b10af82f5459a43d6d0,False,False,False,159915,159915,159915,False,False,False,8.400354230035743,8.50490126463482,8.50490126463482,0.0,13,13,1587,2.0414052697615928,,0
2019-09-06,2019-09-06,1,f2afd4d7fdb64b06192f482aaba9a889e47120541137e03ca27d78c42d0e1c4d,v11_5b10af82f5459a43d6d0,False,False,False,159915,159915,159915,False,False,False,8.50490126463482,8.525810671554634,8.525810671554634,0.0,14,14,1587,2.046424090338757,,0
2019-09-09,2019-09-09,1,f2afd4d7fdb64b06192f482aaba9a889e47120541137e03ca27d78c42d0e1c4d,v11_5b10af82f5459a43d6d0,False,False,False,159915,159915,159915,False,False,False,8.525810671554634,8.72967738902283,8.72967738902283,0.0,15,15,1587,2.095357590966109,,0
2019-09-10,2019-09-10,1,f2afd4d7fdb64b06192f482aaba9a889e47120541137e03ca27d78c42d0e1c4d,v11_5b10af82f5459a43d6d0,False,False,False,159915,159915,159915,False,False,False,8.72967738902283,8.682631223453248,8.682631223453248,0.0,16,16,1587,2.095357590966109,,0
2019-09-11,2019-09-11,1,f2afd4d7fdb64b06192f482aaba9a889e47120541137e03ca27d78c42d0e1c4d,v11_5b10af82f5459a43d6d0,False,False,False,159915,159915,159915,False,False,False,8.682631223453248,8.562402133664309,8.562402133664309,0.0,17,17,1587,2.095357590966109,,0
2019-09-12,2019-09-12,1,f2afd4d7fdb64b06192f482aaba9a889e47120541137e03ca27d78c42d0e1c4d,v11_5b10af82f5459a43d6d0,False,False,False,159915,159915,159915,False,False,False,8.562402133664309,8.604220947503938,8.604220947503938,0.0,18,18,1587,2.095357590966109,,0
2019-09-16,2019-09-16,1,f2afd4d7fdb64b06192f482aaba9a889e47120541137e03ca27d78c42d0e1c4d,v11_5b10af82f5459a43d6d0,False,False,False,159915,510500,510500,False,False,True,8.604220947503938,8.625130354423753,8.623405328352868,0.0017250260708847507,19,0,1587,1.6371548061340264,,0
2019-09-17,2019-09-17,1,f2afd4d7fdb64b06192f482aaba9a889e47120541137e03ca27d78c42d0e1c4d,v11_5b10af82f5459a43d6d0,False,False,False,510500,159915,159915,True,False,True,8.623405328352868,8.44378276370227,8.44209400714953,0.0016887565527404541,1,0,1587,2.0301129234629727,,0
2019-09-18,2019-09-18,1,f2afd4d7fdb64b06192f482aaba9a889e47120541137e03ca27d78c42d0e1c4d,v11_5b10af82f5459a43d6d0,False,False,False,159915,159915,159915,False,False,False,8.44209400714953,8.436876396514702,8.436876396514702,0.0,1,1,1587,2.0301129234629727,,0
2019-09-19,2019-09-19,1,f2afd4d7fdb64b06192f482aaba9a889e47120541137e03ca27d78c42d0e1c4d,v11_5b10af82f5459a43d6d0,False,False,False,159915,159915,159915,False,False,False,8.436876396514702,8.567316662385368,8.567316662385368,0.0,2,2,1587,2.0602258469259582,,0
2019-09-20,2019-09-20,1,f2afd4d7fdb64b06192f482aaba9a889e47120541137e03ca27d78c42d0e1c4d,v11_5b10af82f5459a43d6d0,False,False,False,159915,159915,159915,False,False,False,8.567316662385368,8.546446219846061,8.546446219846061,0.0,3,3,1587,2.0602258469259582,,0
2019-09-23,2019-09-23,1,f2afd4d7fdb64b06192f482aaba9a889e47120541137e03ca27d78c42d0e1c4d,v11_5b10af82f5459a43d6d0,False,False,False,159915,159915,159915,False,False,False,8.546446219846061,8.452529228419182,8.452529228419182,0.0,4,4,1587,2.0602258469259582,,0
2019-09-24,2019-09-24,1,f2afd4d7fdb64b06192f482aaba9a889e47120541137e03ca27d78c42d0e1c4d,v11_5b10af82f5459a43d6d0,False,False,False,159915,159915,159915,False,False,False,8.452529228419182,8.499487724132623,8.499487724132623,0.0,5,5,1587,2.0602258469259582,,0
2019-09-25,2019-09-25,1,f2afd4d7fdb64b06192f482aaba9a889e47120541137e03ca27d78c42d0e1c4d,v11_5b10af82f5459a43d6d0,False,False,False,159915,159915,159915,False,False,False,8.499487724132623,8.405570732705744,8.405570732705744,0.0,6,6,1587,2.0602258469259582,,0
2019-09-26,2019-09-26,1,f2afd4d7fdb64b06192f482aaba9a889e47120541137e03ca27d78c42d0e1c4d,v11_5b10af82f5459a43d6d0,False,False,False,159915,513100,513100,True,False,True,8.405570732705744,8.14469020096441,8.143061262924217,0.0016289380401928821,7,0,1587,2.867602808425282,,0
2019-09-27,2019-09-27,1,f2afd4d7fdb64b06192f482aaba9a889e47120541137e03ca27d78c42d0e1c4d,v11_5b10af82f5459a43d6d0,False,False,False,513100,513100,513100,False,False,False,8.143061262924217,8.13166838252838,8.13166838252838,0.0,1,1,1587,2.867602808425282,,0
2019-09-30,2019-09-30,1,f2afd4d7fdb64b06192f482aaba9a889e47120541137e03ca27d78c42d0e1c4d,v11_5b10af82f5459a43d6d0,False,False,False,513100,159915,159915,False,False,True,8.13166838252838,8.071855760450239,8.070241389298149,0.0016143711520900479,2,0,1587,1.9698870765370007,,0
2019-10-08,2019-10-08,1,f2afd4d7fdb64b06192f482aaba9a889e47120541137e03ca27d78c42d0e1c4d,v11_5b10af82f5459a43d6d0,False,False,False,159915,513100,513100,False,False,True,8.070241389298149,7.998277453342624,7.996677797851955,0.0015996554906685249,1,0,1587,2.8555667001003067,,0
2019-10-09,2019-10-09,1,f2afd4d7fdb64b06192f482aaba9a889e47120541137e03ca27d78c42d0e1c4d,v11_5b10af82f5459a43d6d0,False,False,False,513100,518880,518880,False,False,True,7.996677797851955,7.881516649375689,7.879940346045814,0.0015763033298751379,1,0,1587,1.309977151561313,,0
2019-10-10,2019-10-10,1,f2afd4d7fdb64b06192f482aaba9a889e47120541137e03ca27d78c42d0e1c4d,v11_5b10af82f5459a43d6d0,False,False,False,518880,518880,518880,False,False,False,7.879940346045814,7.838708100049063,7.838708100049063,0.0,1,1,1587,1.309977151561313,,0
2019-10-11,2019-10-11,1,f2afd4d7fdb64b06192f482aaba9a889e47120541137e03ca27d78c42d0e1c4d,v11_5b10af82f5459a43d6d0,False,False,False,518880,513100,513100,False,False,True,7.838708100049063,7.799766534385463,7.798206581078586,0.0015599533068770927,2,0,1587,2.8565697091273883,,0
2019-10-14,2019-10-14,1,f2afd4d7fdb64b06192f482aaba9a889e47120541137e03ca27d78c42d0e1c4d,v11_5b10af82f5459a43d6d0,False,False,False,513100,513100,513100,False,False,False,7.798206581078586,7.852969267743464,7.852969267743464,0.0,1,1,1587,2.8766298896690135,,0
2019-10-15,2019-10-15,1,f2afd4d7fdb64b06192f482aaba9a889e47120541137e03ca27d78c42d0e1c4d,v11_5b10af82f5459a43d6d0,False,False,False,513100,513100,513100,False,False,False,7.852969267743464,7.883088745409148,7.883088745409148,0.0,2,2,1587,2.8876629889669077,,0
2019-10-16,2019-10-16,1,f2afd4d7fdb64b06192f482aaba9a889e47120541137e03ca27d78c42d0e1c4d,v11_5b10af82f5459a43d6d0,False,False,False,513100,513100,513100,False,False,False,7.883088745409148,7.951542103740245,7.951542103740245,0.0,3,3,1587,2.9127382146439387,,0
2019-10-17,2019-10-17,1,f2afd4d7fdb64b06192f482aaba9a889e47120541137e03ca27d78c42d0e1c4d,v11_5b10af82f5459a43d6d0,False,False,False,513100,513100,513100,False,False,False,7.951542103740245,7.948803969407001,7.948803969407001,0.0,4,4,1587,2.9127382146439387,,0
2019-10-18,2019-10-18,1,f2afd4d7fdb64b06192f482aaba9a889e47120541137e03ca27d78c42d0e1c4d,v11_5b10af82f5459a43d6d0,False,False,False,513100,513100,513100,False,False,False,7.948803969407001,7.937851432074026,7.937851432074026,0.0,5,5,1587,2.9127382146439387,,0
2019-10-21,2019-10-21,1,f2afd4d7fdb64b06192f482aaba9a889e47120541137e03ca27d78c42d0e1c4d,v11_5b10af82f5459a43d6d0,False,False,False,513100,513100,513100,False,False,False,7.937851432074026,7.8913031484088805,7.8913031484088805,0.0,6,6,1587,2.9127382146439387,,0
2019-10-22,2019-10-22,1,f2afd4d7fdb64b06192f482aaba9a889e47120541137e03ca27d78c42d0e1c4d,v11_5b10af82f5459a43d6d0,False,False,False,513100,513100,513100,False,False,False,7.8913031484088805,7.959756506739978,7.959756506739978,0.0,7,7,1587,2.9157472417251826,,0
2019-10-23,2019-10-23,1,f2afd4d7fdb64b06192f482aaba9a889e47120541137e03ca27d78c42d0e1c4d,v11_5b10af82f5459a43d6d0,False,False,False,513100,513100,513100,False,False,False,7.959756506739978,7.8639218050764415,7.8639218050764415,0.0,8,8,1587,2.9157472417251826,,0
2019-10-24,2019-10-24,1,f2afd4d7fdb64b06192f482aaba9a889e47120541137e03ca27d78c42d0e1c4d,v11_5b10af82f5459a43d6d0,False,False,False,513100,513100,513100,False,False,False,7.8639218050764415,7.907731954408343,7.907731954408343,0.0,9,9,1587,2.9157472417251826,,0
2019-10-25,2019-10-25,1,f2afd4d7fdb64b06192f482aaba9a889e47120541137e03ca27d78c42d0e1c4d,v11_5b10af82f5459a43d6d0,False,False,False,513100,513100,513100,False,False,False,7.907731954408343,7.929637029074294,7.929637029074294,0.0,10,10,1587,2.9157472417251826,,0
2019-10-28,2019-10-28,1,f2afd4d7fdb64b06192f482aaba9a889e47120541137e03ca27d78c42d0e1c4d,v11_5b10af82f5459a43d6d0,False,False,False,513100,513100,513100,False,False,False,7.929637029074294,8.028209865071075,8.028209865071075,0.0,11,11,1587,2.9408224674022136,,0
2019-10-29,2019-10-29,1,f2afd4d7fdb64b06192f482aaba9a889e47120541137e03ca27d78c42d0e1c4d,v11_5b10af82f5459a43d6d0,False,False,False,513100,513100,513100,False,False,False,8.028209865071075,8.085710686069195,8.085710686069195,0.0,12,12,1587,2.9618856569709195,,0
2019-10-30,2019-10-30,1,f2afd4d7fdb64b06192f482aaba9a889e47120541137e03ca27d78c42d0e1c4d,v11_5b10af82f5459a43d6d0,False,False,False,513100,513100,513100,False,False,False,8.085710686069195,8.033686133737563,8.033686133737563,0.0,13,13,1587,2.9618856569709195,,0
2019-10-31,2019-10-31,1,f2afd4d7fdb64b06192f482aaba9a889e47120541137e03ca27d78c42d0e1c4d,v11_5b10af82f5459a43d6d0,False,False,False,513100,513100,513100,False,False,False,8.033686133737563,8.077496283069465,8.077496283069465,0.0,14,14,1587,2.9618856569709195,,0
2019-11-01,2019-11-01,1,f2afd4d7fdb64b06192f482aaba9a889e47120541137e03ca27d78c42d0e1c4d,v11_5b10af82f5459a43d6d0,False,False,False,513100,513100,513100,False,False,False,8.077496283069465,8.093925089068929,8.093925089068929,0.0,15,15,1587,2.9648946840521635,,0
2019-11-04,2019-11-04,1,f2afd4d7fdb64b06192f482aaba9a889e47120541137e03ca27d78c42d0e1c4d,v11_5b10af82f5459a43d6d0,False,False,False,513100,513100,513100,False,False,False,8.093925089068929,8.151425910067049,8.151425910067049,0.0,16,16,1587,2.9859578736208694,,0
2019-11-05,2019-11-05,1,f2afd4d7fdb64b06192f482aaba9a889e47120541137e03ca27d78c42d0e1c4d,v11_5b10af82f5459a43d6d0,False,False,False,513100,513100,513100,False,False,False,8.151425910067049,8.192497925065707,8.192497925065707,0.0,17,17,1587,3.0010030090270883,,0
2019-11-06,2019-11-06,1,f2afd4d7fdb64b06192f482aaba9a889e47120541137e03ca27d78c42d0e1c4d,v11_5b10af82f5459a43d6d0,False,False,False,513100,513100,513100,False,False,False,8.192497925065707,8.143211507067317,8.143211507067317,0.0,18,18,1587,3.0010030090270883,,0
2019-11-07,2019-11-07,1,f2afd4d7fdb64b06192f482aaba9a889e47120541137e03ca27d78c42d0e1c4d,v11_5b10af82f5459a43d6d0,False,False,False,513100,513100,513100,False,False,False,8.143211507067317,8.132258969734341,8.132258969734341,0.0,19,19,1587,3.0010030090270883,,0
2019-11-08,2019-11-08,1,f2afd4d7fdb64b06192f482aaba9a889e47120541137e03ca27d78c42d0e1c4d,v11_5b10af82f5459a43d6d0,False,False,False,513100,513100,513100,False,False,False,8.132258969734341,8.107615760735145,8.107615760735145,0.0,20,20,1587,3.0010030090270883,,0
2019-11-11,2019-11-11,1,f2afd4d7fdb64b06192f482aaba9a889e47120541137e03ca27d78c42d0e1c4d,v11_5b10af82f5459a43d6d0,False,False,False,513100,513100,513100,False,False,False,8.107615760735145,8.154164044400293,8.154164044400293,0.0,21,21,1587,3.0010030090270883,,0
2019-11-12,2019-11-12,1,f2afd4d7fdb64b06192f482aaba9a889e47120541137e03ca27d78c42d0e1c4d,v11_5b10af82f5459a43d6d0,False,False,False,513100,513100,513100,False,False,False,8.154164044400293,8.19523605939895,8.19523605939895,0.0,22,22,1587,3.002006018054169,,0
2019-11-13,2019-11-13,1,f2afd4d7fdb64b06192f482aaba9a889e47120541137e03ca27d78c42d0e1c4d,v11_5b10af82f5459a43d6d0,False,False,False,513100,513100,513100,False,False,False,8.19523605939895,8.197974193732195,8.197974193732195,0.0,23,23,1587,3.003009027081251,,0
2019-11-14,2019-11-14,1,f2afd4d7fdb64b06192f482aaba9a889e47120541137e03ca27d78c42d0e1c4d,v11_5b10af82f5459a43d6d0,False,False,False,513100,513100,513100,False,False,False,8.197974193732195,8.217141134064901,8.217141134064901,0.0,24,24,1587,3.0100300902708197,,0
2019-11-15,2019-11-15,1,f2afd4d7fdb64b06192f482aaba9a889e47120541137e03ca27d78c42d0e1c4d,v11_5b10af82f5459a43d6d0,False,False,False,513100,513100,513100,False,False,False,8.217141134064901,8.252736880397073,8.252736880397073,0.0,25,25,1587,3.0230692076228762,,0
2019-11-18,2019-11-18,1,f2afd4d7fdb64b06192f482aaba9a889e47120541137e03ca27d78c42d0e1c4d,v11_5b10af82f5459a43d6d0,False,False,False,513100,513100,513100,False,False,False,8.252736880397073,8.291070761062489,8.291070761062489,0.0,26,26,1587,3.037111334002014,,0
2019-11-19,2019-11-19,1,f2afd4d7fdb64b06192f482aaba9a889e47120541137e03ca27d78c42d0e1c4d,v11_5b10af82f5459a43d6d0,False,False,False,513100,513100,513100,False,False,False,8.291070761062489,8.334880910394391,8.334880910394391,0.0,27,27,1587,3.053159478435314,,0
2019-11-20,2019-11-20,1,f2afd4d7fdb64b06192f482aaba9a889e47120541137e03ca27d78c42d0e1c4d,v11_5b10af82f5459a43d6d0,False,False,False,513100,513100,513100,False,False,False,8.334880910394391,8.296547029728977,8.296547029728977,0.0,28,28,1587,3.053159478435314,,0
2019-11-21,2019-11-21,1,f2afd4d7fdb64b06192f482aaba9a889e47120541137e03ca27d78c42d0e1c4d,v11_5b10af82f5459a43d6d0,False,False,False,513100,513100,513100,False,False,False,8.296547029728977,8.260951283396807,8.260951283396807,0.0,29,29,1587,3.053159478435314,,0
2019-11-22,2019-11-22,1,f2afd4d7fdb64b06192f482aaba9a889e47120541137e03ca27d78c42d0e1c4d,v11_5b10af82f5459a43d6d0,False,False,False,513100,513100,513100,False,False,False,8.260951283396807,8.27738008939627,8.27738008939627,0.0,30,30,1587,3.053159478435314,,0
2019-11-25,2019-11-25,1,f2afd4d7fdb64b06192f482aaba9a889e47120541137e03ca27d78c42d0e1c4d,v11_5b10af82f5459a43d6d0,False,False,False,513100,513100,513100,False,False,False,8.27738008939627,8.329404641727903,8.329404641727903,0.0,31,31,1587,3.053159478435314,,0
2019-11-26,2019-11-26,1,f2afd4d7fdb64b06192f482aaba9a889e47120541137e03ca27d78c42d0e1c4d,v11_5b10af82f5459a43d6d0,False,False,False,513100,513100,513100,False,False,False,8.329404641727903,8.460835089723611,8.460835089723611,0.0,32,32,1587,3.099297893681051,,0
2019-11-27,2019-11-27,1,f2afd4d7fdb64b06192f482aaba9a889e47120541137e03ca27d78c42d0e1c4d,v11_5b10af82f5459a43d6d0,False,False,False,513100,513100,513100,False,False,False,8.460835089723611,8.436191880724415,8.436191880724415,0.0,33,33,1587,3.099297893681051,,0
2019-11-28,2019-11-28,1,f2afd4d7fdb64b06192f482aaba9a889e47120541137e03ca27d78c42d0e1c4d,v11_5b10af82f5459a43d6d0,False,False,False,513100,513100,513100,False,False,False,8.436191880724415,8.485478298722807,8.485478298722807,0.0,34,34,1587,3.1083249749247823,,0
2019-11-29,2019-11-29,1,f2afd4d7fdb64b06192f482aaba9a889e47120541137e03ca27d78c42d0e1c4d,v11_5b10af82f5459a43d6d0,False,False,False,513100,513100,513100,False,False,False,8.485478298722807,8.474525761389831,8.474525761389831,0.0,35,35,1587,3.1083249749247823,,0
2019-12-02,2019-12-02,1,f2afd4d7fdb64b06192f482aaba9a889e47120541137e03ca27d78c42d0e1c4d,v11_5b10af82f5459a43d6d0,False,False,False,513100,513100,513100,False,False,False,8.474525761389831,8.542979119720927,8.542979119720927,0.0,36,36,1587,3.129388164493488,,0
2019-12-03,2019-12-03,1,f2afd4d7fdb64b06192f482aaba9a889e47120541137e03ca27d78c42d0e1c4d,v11_5b10af82f5459a43d6d0,False,False,False,513100,513100,513100,False,False,False,8.542979119720927,8.444406283724147,8.444406283724147,0.0,37,37,1587,3.129388164493488,,0
2019-12-04,2019-12-04,1,f2afd4d7fdb64b06192f482aaba9a889e47120541137e03ca27d78c42d0e1c4d,v11_5b10af82f5459a43d6d0,False,False,False,513100,513100,513100,False,False,False,8.444406283724147,8.343095313394123,8.343095313394123,0.0,38,38,1587,3.129388164493488,,0
2019-12-05,2019-12-05,1,f2afd4d7fdb64b06192f482aaba9a889e47120541137e03ca27d78c42d0e1c4d,v11_5b10af82f5459a43d6d0,False,False,False,513100,513100,513100,False,False,False,8.343095313394123,8.381429194059537,8.381429194059537,0.0,39,39,1587,3.129388164493488,,0
2019-12-06,2019-12-06,1,f2afd4d7fdb64b06192f482aaba9a889e47120541137e03ca27d78c42d0e1c4d,v11_5b10af82f5459a43d6d0,False,False,False,513100,513100,513100,False,False,False,8.381429194059537,8.373214791059807,8.373214791059807,0.0,40,40,1587,3.129388164493488,,0
2019-12-09,2019-12-09,1,f2afd4d7fdb64b06192f482aaba9a889e47120541137e03ca27d78c42d0e1c4d,v11_5b10af82f5459a43d6d0,False,False,False,513100,513100,513100,False,False,False,8.373214791059807,8.449882552390635,8.449882552390635,0.0,41,41,1587,3.129388164493488,,0
2019-12-10,2019-12-10,1,f2afd4d7fdb64b06192f482aaba9a889e47120541137e03ca27d78c42d0e1c4d,v11_5b10af82f5459a43d6d0,False,False,False,513100,512400,512400,False,False,True,8.449882552390635,8.40333426872549,8.401653601871747,0.0016806668537450982,42,0,1587,0.627413127413128,,0
2019-12-11,2019-12-11,1,f2afd4d7fdb64b06192f482aaba9a889e47120541137e03ca27d78c42d0e1c4d,v11_5b10af82f5459a43d6d0,False,False,False,512400,512400,512400,False,False,False,8.401653601871747,8.34995111816792,8.34995111816792,0.0,1,1,1587,0.627413127413128,,0
2019-12-12,2019-12-12,1,f2afd4d7fdb64b06192f482aaba9a889e47120541137e03ca27d78c42d0e1c4d,v11_5b10af82f5459a43d6d0,False,False,False,512400,512400,512400,False,False,False,8.34995111816792,8.337025497241964,8.337025497241964,0.0,2,2,1587,0.627413127413128,,0
2019-12-13,2019-12-13,1,f2afd4d7fdb64b06192f482aaba9a889e47120541137e03ca27d78c42d0e1c4d,v11_5b10af82f5459a43d6d0,False,False,False,512400,512400,512400,False,False,False,8.337025497241964,8.453356085575573,8.453356085575573,0.0,3,3,1587,0.6312741312741319,,0
2019-12-16,2019-12-16,1,f2afd4d7fdb64b06192f482aaba9a889e47120541137e03ca27d78c42d0e1c4d,v11_5b10af82f5459a43d6d0,False,False,False,512400,512400,512400,False,False,False,8.453356085575573,8.479207327427485,8.479207327427485,0.0,4,4,1587,0.6332046332046338,,0
2019-12-17,2019-12-17,1,f2afd4d7fdb64b06192f482aaba9a889e47120541137e03ca27d78c42d0e1c4d,v11_5b10af82f5459a43d6d0,False,False,False,512400,512400,512400,False,False,False,8.479207327427485,8.698942883168746,8.698942883168746,0.0,5,5,1587,0.6496138996139003,,0
2019-12-18,2019-12-18,1,f2afd4d7fdb64b06192f482aaba9a889e47120541137e03ca27d78c42d0e1c4d,v11_5b10af82f5459a43d6d0,False,False,False,512400,512400,512400,False,False,False,8.698942883168746,8.698942883168746,8.698942883168746,0.0,6,6,1587,0.6496138996139003,,0
2019-12-19,2019-12-19,1,f2afd4d7fdb64b06192f482aaba9a889e47120541137e03ca27d78c42d0e1c4d,v11_5b10af82f5459a43d6d0,False,False,False,512400,512400,512400,False,False,False,8.698942883168746,8.724794125020658,8.724794125020658,0.0,7,7,1587,0.6515444015444022,,0
2019-12-20,2019-12-20,1,f2afd4d7fdb64b06192f482aaba9a889e47120541137e03ca27d78c42d0e1c4d,v11_5b10af82f5459a43d6d0,False,False,False,512400,512400,512400,False,False,False,8.724794125020658,8.608463536687049,8.608463536687049,0.0,8,8,1587,0.6515444015444022,,0
2019-12-23,2019-12-23,1,f2afd4d7fdb64b06192f482aaba9a889e47120541137e03ca27d78c42d0e1c4d,v11_5b10af82f5459a43d6d0,False,False,False,512400,512400,512400,False,False,False,8.608463536687049,8.543835432057266,8.543835432057266,0.0,9,9,1587,0.6515444015444022,,0
2019-12-24,2019-12-24,1,f2afd4d7fdb64b06192f482aaba9a889e47120541137e03ca27d78c42d0e1c4d,v11_5b10af82f5459a43d6d0,False,False,False,512400,512400,512400,False,False,False,8.543835432057266,8.944529680761917,8.944529680761917,0.0,10,10,1587,0.6679536679536684,,0
2019-12-25,2019-12-25,1,f2afd4d7fdb64b06192f482aaba9a889e47120541137e03ca27d78c42d0e1c4d,v11_5b10af82f5459a43d6d0,False,False,False,512400,512400,512400,False,False,False,8.944529680761917,8.93160405983596,8.93160405983596,0.0,11,11,1587,0.6679536679536684,,0
2019-12-26,2019-12-26,1,f2afd4d7fdb64b06192f482aaba9a889e47120541137e03ca27d78c42d0e1c4d,v11_5b10af82f5459a43d6d0,False,False,False,512400,512400,512400,False,False,False,8.93160405983596,9.022083406317657,9.022083406317657,0.0,12,12,1587,0.6737451737451743,,0
2019-12-27,2019-12-27,1,f2afd4d7fdb64b06192f482aaba9a889e47120541137e03ca27d78c42d0e1c4d,v11_5b10af82f5459a43d6d0,False,False,False,512400,512400,512400,False,False,False,9.022083406317657,9.293521445762744,9.293521445762744,0.0,13,13,1587,0.6940154440154446,,0
2019-12-30,2019-12-30,1,f2afd4d7fdb64b06192f482aaba9a889e47120541137e03ca27d78c42d0e1c4d,v11_5b10af82f5459a43d6d0,False,False,False,512400,512400,512400,False,False,False,9.293521445762744,9.38400079224444,9.38400079224444,0.0,14,14,1587,0.7007722007722013,,0
2019-12-31,2019-12-31,1,f2afd4d7fdb64b06192f482aaba9a889e47120541137e03ca27d78c42d0e1c4d,v11_5b10af82f5459a43d6d0,False,False,False,512400,512400,512400,False,False,False,9.38400079224444,9.38400079224444,9.38400079224444,0.0,15,15,1587,0.7007722007722013,,0
2020-01-02,2020-01-02,2,5e398de03f6e0fa6ef3c866dc26b2c89fa44f412288419ee6517b41138133919,v11_0bd1fdc78b82addc8fb0,True,True,True,512400,512400,512400,False,False,False,9.38400079224444,9.513257001504005,9.513257001504005,0.0,16,16,1587,0.7104247104247109,,0
2020-01-03,2020-01-03,2,5e398de03f6e0fa6ef3c866dc26b2c89fa44f412288419ee6517b41138133919,v11_0bd1fdc78b82addc8fb0,False,False,False,512400,512400,512400,False,False,False,9.513257001504005,9.668364452615483,9.668364452615483,0.0,17,17,1587,0.7220077220077225,,0
2020-01-06,2020-01-06,2,5e398de03f6e0fa6ef3c866dc26b2c89fa44f412288419ee6517b41138133919,v11_0bd1fdc78b82addc8fb0,False,False,False,512400,512400,512400,False,False,False,9.668364452615483,10.01735621761631,10.01735621761631,0.0,18,18,1587,0.7480694980694985,,0
2020-01-07,2020-01-07,2,5e398de03f6e0fa6ef3c866dc26b2c89fa44f412288419ee6517b41138133919,v11_0bd1fdc78b82addc8fb0,False,False,False,512400,512400,512400,False,False,False,10.01735621761631,9.888100008356746,9.888100008356746,0.0,19,19,1587,0.7480694980694985,,0
2020-01-08,2020-01-08,2,5e398de03f6e0fa6ef3c866dc26b2c89fa44f412288419ee6517b41138133919,v11_0bd1fdc78b82addc8fb0,False,False,False,512400,512400,512400,False,False,False,9.888100008356746,9.888100008356746,9.888100008356746,0.0,20,20,1587,0.7480694980694985,,0
2020-01-09,2020-01-09,2,5e398de03f6e0fa6ef3c866dc26b2c89fa44f412288419ee6517b41138133919,v11_0bd1fdc78b82addc8fb0,False,False,False,512400,512400,512400,False,False,False,9.888100008356746,9.771769420023139,9.771769420023139,0.0,21,21,1587,0.7480694980694985,,0
2020-01-10,2020-01-10,2,5e398de03f6e0fa6ef3c866dc26b2c89fa44f412288419ee6517b41138133919,v11_0bd1fdc78b82addc8fb0,False,False,False,512400,512400,512400,False,False,False,9.771769420023139,9.720066936319313,9.720066936319313,0.0,22,22,1587,0.7480694980694985,,0
2020-01-13,2020-01-13,2,5e398de03f6e0fa6ef3c866dc26b2c89fa44f412288419ee6517b41138133919,v11_0bd1fdc78b82addc8fb0,False,False,False,512400,512400,512400,False,False,False,9.720066936319313,9.797620661875053,9.797620661875053,0.0,23,23,1587,0.7480694980694985,,0
2020-01-14,2020-01-14,2,5e398de03f6e0fa6ef3c866dc26b2c89fa44f412288419ee6517b41138133919,v11_0bd1fdc78b82addc8fb0,False,False,False,512400,512400,512400,False,False,False,9.797620661875053,10.03028183854227,10.03028183854227,0.0,24,24,1587,0.7490347490347496,,0
2020-01-15,2020-01-15,2,5e398de03f6e0fa6ef3c866dc26b2c89fa44f412288419ee6517b41138133919,v11_0bd1fdc78b82addc8fb0,False,False,False,512400,512400,512400,False,False,False,10.03028183854227,9.81054628280101,9.81054628280101,0.0,25,25,1587,0.7490347490347496,,0
2020-01-16,2020-01-16,2,5e398de03f6e0fa6ef3c866dc26b2c89fa44f412288419ee6517b41138133919,v11_0bd1fdc78b82addc8fb0,False,False,False,512400,512400,512400,False,False,False,9.81054628280101,9.758843799097184,9.758843799097184,0.0,26,26,1587,0.7490347490347496,,0
2020-01-17,2020-01-17,2,5e398de03f6e0fa6ef3c866dc26b2c89fa44f412288419ee6517b41138133919,v11_0bd1fdc78b82addc8fb0,False,False,False,512400,512400,512400,False,False,False,9.758843799097184,9.732992557245272,9.732992557245272,0.0,27,27,1587,0.7490347490347496,,0
2020-01-20,2020-01-20,2,5e398de03f6e0fa6ef3c866dc26b2c89fa44f412288419ee6517b41138133919,v11_0bd1fdc78b82addc8fb0,False,False,False,512400,512400,512400,False,False,False,9.732992557245272,9.784695040949098,9.784695040949098,0.0,28,28,1587,0.7490347490347496,,0
2020-01-21,2020-01-21,2,5e398de03f6e0fa6ef3c866dc26b2c89fa44f412288419ee6517b41138133919,v11_0bd1fdc78b82addc8fb0,False,False,False,512400,512400,512400,False,False,False,9.784695040949098,9.55203386428188,9.55203386428188,0.0,29,29,1587,0.7490347490347496,,0
2020-01-22,2020-01-22,2,5e398de03f6e0fa6ef3c866dc26b2c89fa44f412288419ee6517b41138133919,v11_0bd1fdc78b82addc8fb0,False,False,False,512400,159915,159915,False,False,True,9.55203386428188,9.616661968911663,9.614738636517881,0.0019233323937823325,30,0,1587,2.4065244667502994,,0
2020-01-23,2020-01-23,2,5e398de03f6e0fa6ef3c866dc26b2c89fa44f412288419ee6517b41138133919,v11_0bd1fdc78b82addc8fb0,False,False,False,159915,513100,513100,True,False,True,9.614738636517881,9.288900257282394,9.287042477230939,0.001857780051456479,1,0,1587,3.488465396188574,,0
2020-02-03,2020-02-03,2,5e398de03f6e0fa6ef3c866dc26b2c89fa44f412288419ee6517b41138133919,v11_0bd1fdc78b82addc8fb0,False,False,False,513100,518880,518880,True,False,True,9.287042477230939,8.819753105892406,8.817989155271228,0.0017639506211784813,1,0,1587,1.3404417364813428,,0
2020-02-04,2020-02-04,2,5e398de03f6e0fa6ef3c866dc26b2c89fa44f412288419ee6517b41138133919,v11_0bd1fdc78b82addc8fb0,False,False,False,518880,518880,518880,False,False,False,8.817989155271228,8.747846059717935,8.747846059717935,0.0,1,1,1587,1.3404417364813428,,0
2020-02-05,2020-02-05,2,5e398de03f6e0fa6ef3c866dc26b2c89fa44f412288419ee6517b41138133919,v11_0bd1fdc78b82addc8fb0,False,False,False,518880,513100,513100,False,False,True,8.747846059717935,8.690228516942014,8.688490471238625,0.0017380457033884028,2,0,1587,3.580742226680049,,0
2020-02-06,2020-02-06,2,5e398de03f6e0fa6ef3c866dc26b2c89fa44f412288419ee6517b41138133919,v11_0bd1fdc78b82addc8fb0,False,False,False,513100,513100,513100,False,False,False,8.688490471238625,8.961070564453955,8.961070564453955,0.0,1,1,1587,3.6930792377131487,,0
2020-02-07,2020-02-07,2,5e398de03f6e0fa6ef3c866dc26b2c89fa44f412288419ee6517b41138133919,v11_0bd1fdc78b82addc8fb0,False,False,False,513100,513100,513100,False,False,False,8.961070564453955,9.026781836925506,9.026781836925506,0.0,2,2,1587,3.720160481444342,,0
2020-02-10,2020-02-10,2,5e398de03f6e0fa6ef3c866dc26b2c89fa44f412288419ee6517b41138133919,v11_0bd1fdc78b82addc8fb0,False,False,False,513100,513100,513100,False,False,False,9.026781836925506,9.08275810606794,9.08275810606794,0.0,3,3,1587,3.7432296890672108,,0
2020-02-11,2020-02-11,2,5e398de03f6e0fa6ef3c866dc26b2c89fa44f412288419ee6517b41138133919,v11_0bd1fdc78b82addc8fb0,False,False,False,513100,513100,513100,False,False,False,9.08275810606794,9.421049471754822,9.421049471754822,0.0,4,4,1587,3.8826479438315036,,0
2020-02-12,2020-02-12,2,5e398de03f6e0fa6ef3c866dc26b2c89fa44f412288419ee6517b41138133919,v11_0bd1fdc78b82addc8fb0,False,False,False,513100,513100,513100,False,False,False,9.421049471754822,9.664424554982794,9.664424554982794,0.0,5,5,1587,3.982948846539628,,0
2020-02-13,2020-02-13,2,5e398de03f6e0fa6ef3c866dc26b2c89fa44f412288419ee6517b41138133919,v11_0bd1fdc78b82addc8fb0,False,False,False,513100,513100,513100,False,False,False,9.664424554982794,10.214452243078012,10.214452243078012,0.0,6,6,1587,4.209628886659989,,0
2020-02-14,2020-02-14,2,5e398de03f6e0fa6ef3c866dc26b2c89fa44f412288419ee6517b41138133919,v11_0bd1fdc78b82addc8fb0,False,False,False,513100,159915,159915,True,False,True,10.214452243078012,9.759340837441703,9.757388969274215,0.0019518681674883407,7,0,1587,2.493099121706384,,0
2020-02-17,2020-02-17,2,5e398de03f6e0fa6ef3c866dc26b2c89fa44f412288419ee6517b41138133919,v11_0bd1fdc78b82addc8fb0,False,False,False,159915,513100,513100,False,False,True,9.757388969274215,10.169880500939557,10.16784652483937,0.0020339761001879116,1,0,1587,3.987963891675034,,0
2020-02-18,2020-02-18,2,5e398de03f6e0fa6ef3c866dc26b2c89fa44f412288419ee6517b41138133919,v11_0bd1fdc78b82addc8fb0,False,False,False,513100,513100,513100,False,False,False,10.16784652483937,9.81238106534423,9.81238106534423,0.0,1,1,1587,3.987963891675034,,0
2020-02-19,2020-02-19,2,5e398de03f6e0fa6ef3c866dc26b2c89fa44f412288419ee6517b41138133919,v11_0bd1fdc78b82addc8fb0,False,False,False,513100,513100,513100,False,False,False,9.81238106534423,9.715203457712464,9.715203457712464,0.0,2,2,1587,3.987963891675034,,0
2020-02-20,2020-02-20,2,5e398de03f6e0fa6ef3c866dc26b2c89fa44f412288419ee6517b41138133919,v11_0bd1fdc78b82addc8fb0,False,False,False,513100,513100,513100,False,False,False,9.715203457712464,9.768906872456334,9.768906872456334,0.0,3,3,1587,3.987963891675034,,0
2020-02-21,2020-02-21,2,5e398de03f6e0fa6ef3c866dc26b2c89fa44f412288419ee6517b41138133919,v11_0bd1fdc78b82addc8fb0,False,False,False,513100,159915,159915,False,False,True,9.768906872456334,9.510619020592959,9.50871689678884,0.0019021238041185917,4,0,1587,2.691342534504376,,0
2020-02-24,2020-02-24,2,5e398de03f6e0fa6ef3c866dc26b2c89fa44f412288419ee6517b41138133919,v11_0bd1fdc78b82addc8fb0,False,False,False,159915,159915,159915,False,False,False,9.50871689678884,9.65500484904713,9.65500484904713,0.0,1,1,1587,2.7327478042659816,,0
2020-02-25,2020-02-25,2,5e398de03f6e0fa6ef3c866dc26b2c89fa44f412288419ee6517b41138133919,v11_0bd1fdc78b82addc8fb0,False,False,False,159915,159915,159915,False,False,False,9.65500484904713,9.730365309301401,9.730365309301401,0.0,2,2,1587,2.75407779171893,,0
2020-02-26,2020-02-26,2,5e398de03f6e0fa6ef3c866dc26b2c89fa44f412288419ee6517b41138133919,v11_0bd1fdc78b82addc8fb0,False,False,False,159915,159915,159915,False,False,False,9.730365309301401,9.31809926202804,9.31809926202804,0.0,3,3,1587,2.75407779171893,,0
2020-02-27,2020-02-27,2,5e398de03f6e0fa6ef3c866dc26b2c89fa44f412288419ee6517b41138133919,v11_0bd1fdc78b82addc8fb0,False,False,False,159915,159915,159915,False,False,False,9.31809926202804,9.357995976280304,9.357995976280304,0.0,4,4,1587,2.75407779171893,,0
2020-02-28,2020-02-28,2,5e398de03f6e0fa6ef3c866dc26b2c89fa44f412288419ee6517b41138133919,v11_0bd1fdc78b82addc8fb0,False,False,False,159915,510500,510500,True,False,True,9.357995976280304,8.843771659251162,8.842002904919312,0.0017687543318502326,5,0,1587,1.7068025216288716,,0
2020-03-02,2020-03-02,2,5e398de03f6e0fa6ef3c866dc26b2c89fa44f412288419ee6517b41138133919,v11_0bd1fdc78b82addc8fb0,False,False,False,510500,159915,159915,False,False,True,8.842002904919312,9.16538127055808,9.163548194303969,0.0018330762541116162,1,0,1587,2.5771643663738875,,0
2020-03-03,2020-03-03,2,5e398de03f6e0fa6ef3c866dc26b2c89fa44f412288419ee6517b41138133919,v11_0bd1fdc78b82addc8fb0,False,False,False,159915,159915,159915,False,False,False,9.163548194303969,9.333078297217092,9.333078297217092,0.0,1,1,1587,2.6248431618569494,,0
2020-03-04,2020-03-04,2,5e398de03f6e0fa6ef3c866dc26b2c89fa44f412288419ee6517b41138133919,v11_0bd1fdc78b82addc8fb0,False,False,False,159915,159915,159915,False,False,False,9.333078297217092,9.315233023226238,9.315233023226238,0.0,2,2,1587,2.6248431618569494,,0
2020-03-05,2020-03-05,2,5e398de03f6e0fa6ef3c866dc26b2c89fa44f412288419ee6517b41138133919,v11_0bd1fdc78b82addc8fb0,False,False,False,159915,159915,159915,False,False,False,9.315233023226238,9.46245653365079,9.46245653365079,0.0,3,3,1587,2.661229611041391,,0
2020-03-06,2020-03-06,2,5e398de03f6e0fa6ef3c866dc26b2c89fa44f412288419ee6517b41138133919,v11_0bd1fdc78b82addc8fb0,False,False,False,159915,159915,159915,False,False,False,9.46245653365079,9.417843348673655,9.417843348673655,0.0,4,4,1587,2.661229611041391,,0
2020-03-09,2020-03-09,2,5e398de03f6e0fa6ef3c866dc26b2c89fa44f412288419ee6517b41138133919,v11_0bd1fdc78b82addc8fb0,False,False,False,159915,512890,512890,True,False,True,9.417843348673655,8.98063413589771,8.97883800907053,0.001796126827179542,5,0,1587,1.1375872382851462,,0
2020-03-10,2020-03-10,2,5e398de03f6e0fa6ef3c866dc26b2c89fa44f412288419ee6517b41138133919,v11_0bd1fdc78b82addc8fb0,False,False,False,512890,512890,512890,False,False,False,8.97883800907053,9.089007800592867,9.089007800592867,0.0,1,1,1587,1.1515453639082767,,0
2020-03-11,2020-03-11,2,5e398de03f6e0fa6ef3c866dc26b2c89fa44f412288419ee6517b41138133919,v11_0bd1fdc78b82addc8fb0,False,False,False,512890,512890,512890,False,False,False,9.089007800592867,9.010315092362625,9.010315092362625,0.0,2,2,1587,1.1515453639082767,,0
2020-03-12,2020-03-12,2,5e398de03f6e0fa6ef3c866dc26b2c89fa44f412288419ee6517b41138133919,v11_0bd1fdc78b82addc8fb0,False,False,False,512890,512890,512890,False,False,False,9.010315092362625,8.884406759194238,8.884406759194238,0.0,3,3,1587,1.1515453639082767,,0
2020-03-13,2020-03-13,2,5e398de03f6e0fa6ef3c866dc26b2c89fa44f412288419ee6517b41138133919,v11_0bd1fdc78b82addc8fb0,False,False,False,512890,518880,518880,False,False,True,8.884406759194238,8.727021342733757,8.72527593846521,0.0017454042685467513,4,0,1587,1.3335872048743362,,0
2020-03-16,2020-03-16,2,5e398de03f6e0fa6ef3c866dc26b2c89fa44f412288419ee6517b41138133919,v11_0bd1fdc78b82addc8fb0,False,False,False,518880,513100,513100,True,False,True,8.72527593846521,8.506022859486071,8.504321654914174,0.0017012045718972143,1,0,1587,3.0240722166499556,,0
2020-03-17,2020-03-17,2,5e398de03f6e0fa6ef3c866dc26b2c89fa44f412288419ee6517b41138133919,v11_0bd1fdc78b82addc8fb0,False,False,False,513100,518880,518880,False,False,True,8.504321654914174,8.690485910046622,8.688747812864612,0.0017380971820093244,1,0,1587,1.2395277989337419,,0
2020-03-18,2020-03-18,2,5e398de03f6e0fa6ef3c866dc26b2c89fa44f412288419ee6517b41138133919,v11_0bd1fdc78b82addc8fb0,False,False,False,518880,518880,518880,False,False,False,8.688747812864612,8.878271958705898,8.878271958705898,0.0,1,1,1587,1.266565118050269,,0
2020-03-19,2020-03-19,2,5e398de03f6e0fa6ef3c866dc26b2c89fa44f412288419ee6517b41138133919,v11_0bd1fdc78b82addc8fb0,False,False,False,518880,518880,518880,False,False,False,8.878271958705898,8.840901000370996,8.840901000370996,0.0,2,2,1587,1.266565118050269,,0
2020-03-20,2020-03-20,2,5e398de03f6e0fa6ef3c866dc26b2c89fa44f412288419ee6517b41138133919,v11_0bd1fdc78b82addc8fb0,False,False,False,518880,518880,518880,False,False,False,8.840901000370996,8.931659042041472,8.931659042041472,0.0,3,3,1587,1.2741812642802768,,0
2020-03-23,2020-03-23,2,5e398de03f6e0fa6ef3c866dc26b2c89fa44f412288419ee6517b41138133919,v11_0bd1fdc78b82addc8fb0,False,False,False,518880,513100,513100,False,False,True,8.931659042041472,8.907634854540463,8.905853327569556,0.0017815269709080927,4,0,1587,3.0280842527582803,,0
2020-03-24,2020-03-24,2,5e398de03f6e0fa6ef3c866dc26b2c89fa44f412288419ee6517b41138133919,v11_0bd1fdc78b82addc8fb0,False,False,False,513100,513100,513100,False,False,False,8.905853327569556,9.383742774096971,9.383742774096971,0.0,1,1,1587,3.190571715145442,,0
2020-03-25,2020-03-25,2,5e398de03f6e0fa6ef3c866dc26b2c89fa44f412288419ee6517b41138133919,v11_0bd1fdc78b82addc8fb0,False,False,False,513100,518880,518880,False,False,True,9.383742774096971,9.74068489156498,9.738736754586666,0.001948136978312996,2,0,1587,1.3636709824828661,,0
2020-03-26,2020-03-26,2,5e398de03f6e0fa6ef3c866dc26b2c89fa44f412288419ee6517b41138133919,v11_0bd1fdc78b82addc8fb0,False,False,False,518880,518880,518880,False,False,False,9.738736754586666,9.714260733701083,9.714260733701083,0.0,1,1,1587,1.3636709824828661,,0
2020-03-27,2020-03-27,2,5e398de03f6e0fa6ef3c866dc26b2c89fa44f412288419ee6517b41138133919,v11_0bd1fdc78b82addc8fb0,False,False,False,518880,518880,518880,False,False,False,9.714260733701083,9.823043048748128,9.823043048748128,0.0,2,2,1587,1.375476009139378,,0
2020-03-30,2020-03-30,2,5e398de03f6e0fa6ef3c866dc26b2c89fa44f412288419ee6517b41138133919,v11_0bd1fdc78b82addc8fb0,False,False,False,518880,518880,518880,False,False,False,9.823043048748128,9.74417587033902,9.74417587033902,0.0,3,3,1587,1.375476009139378,,0
2020-03-31,2020-03-31,2,5e398de03f6e0fa6ef3c866dc26b2c89fa44f412288419ee6517b41138133919,v11_0bd1fdc78b82addc8fb0,False,False,False,518880,518880,518880,False,False,False,9.74417587033902,9.752334543967548,9.752334543967548,0.0,4,4,1587,1.375476009139378,,0
2020-04-01,2020-04-01,2,5e398de03f6e0fa6ef3c866dc26b2c89fa44f412288419ee6517b41138133919,v11_0bd1fdc78b82addc8fb0,False,False,False,518880,518880,518880,False,False,False,9.752334543967548,9.594600187149334,9.594600187149334,0.0,5,5,1587,1.375476009139378,,0
2020-04-02,2020-04-02,2,5e398de03f6e0fa6ef3c866dc26b2c89fa44f412288419ee6517b41138133919,v11_0bd1fdc78b82addc8fb0,False,False,False,518880,518880,518880,False,False,False,9.594600187149334,9.635393555291976,9.635393555291976,0.0,6,6,1587,1.375476009139378,,0
2020-04-03,2020-04-03,2,5e398de03f6e0fa6ef3c866dc26b2c89fa44f412288419ee6517b41138133919,v11_0bd1fdc78b82addc8fb0,False,False,False,518880,518880,518880,False,False,False,9.635393555291976,9.722419407329612,9.722419407329612,0.0,7,7,1587,1.375476009139378,,0
2020-04-07,2020-04-07,2,5e398de03f6e0fa6ef3c866dc26b2c89fa44f412288419ee6517b41138133919,v11_0bd1fdc78b82addc8fb0,False,False,False,518880,518880,518880,False,False,False,9.722419407329612,9.997094752823399,9.997094752823399,0.0,8,8,1587,1.3998476770754025,,0
2020-04-08,2020-04-08,2,5e398de03f6e0fa6ef3c866dc26b2c89fa44f412288419ee6517b41138133919,v11_0bd1fdc78b82addc8fb0,False,False,False,518880,518880,518880,False,False,False,9.997094752823399,9.901910227157234,9.901910227157234,0.0,9,9,1587,1.3998476770754025,,0
2020-04-09,2020-04-09,2,5e398de03f6e0fa6ef3c866dc26b2c89fa44f412288419ee6517b41138133919,v11_0bd1fdc78b82addc8fb0,False,False,False,518880,518880,518880,False,False,False,9.901910227157234,9.92638624804282,9.92638624804282,0.0,10,10,1587,1.3998476770754025,,0
2020-04-10,2020-04-10,2,5e398de03f6e0fa6ef3c866dc26b2c89fa44f412288419ee6517b41138133919,v11_0bd1fdc78b82addc8fb0,False,False,False,518880,518880,518880,False,False,False,9.92638624804282,9.983496963442517,9.983496963442517,0.0,11,11,1587,1.3998476770754025,,0
2020-04-13,2020-04-13,2,5e398de03f6e0fa6ef3c866dc26b2c89fa44f412288419ee6517b41138133919,v11_0bd1fdc78b82addc8fb0,False,False,False,518880,518880,518880,False,False,False,9.983496963442517,9.980777405566341,9.980777405566341,0.0,12,12,1587,1.3998476770754025,,0
2020-04-14,2020-04-14,2,5e398de03f6e0fa6ef3c866dc26b2c89fa44f412288419ee6517b41138133919,v11_0bd1fdc78b82addc8fb0,False,False,False,518880,518880,518880,False,False,False,9.980777405566341,10.094998836365738,10.094998836365738,0.0,13,13,1587,1.4135567402894162,,0
2020-04-15,2020-04-15,2,5e398de03f6e0fa6ef3c866dc26b2c89fa44f412288419ee6517b41138133919,v11_0bd1fdc78b82addc8fb0,False,False,False,518880,518880,518880,False,False,False,10.094998836365738,10.067803257603977,10.067803257603977,0.0,14,14,1587,1.4135567402894162,,0
2020-04-16,2020-04-16,2,5e398de03f6e0fa6ef3c866dc26b2c89fa44f412288419ee6517b41138133919,v11_0bd1fdc78b82addc8fb0,False,False,False,518880,518880,518880,False,False,False,10.067803257603977,10.143950878136907,10.143950878136907,0.0,15,15,1587,1.420411271896423,,0
2020-04-17,2020-04-17,2,5e398de03f6e0fa6ef3c866dc26b2c89fa44f412288419ee6517b41138133919,v11_0bd1fdc78b82addc8fb0,False,False,False,518880,518880,518880,False,False,False,10.143950878136907,9.978057847690167,9.978057847690167,0.0,16,16,1587,1.420411271896423,,0
2020-04-20,2020-04-20,2,5e398de03f6e0fa6ef3c866dc26b2c89fa44f412288419ee6517b41138133919,v11_0bd1fdc78b82addc8fb0,False,False,False,518880,518880,518880,False,False,False,9.978057847690167,9.929105805918995,9.929105805918995,0.0,17,17,1587,1.420411271896423,,0
2020-04-21,2020-04-21,2,5e398de03f6e0fa6ef3c866dc26b2c89fa44f412288419ee6517b41138133919,v11_0bd1fdc78b82addc8fb0,False,False,False,518880,518880,518880,False,False,False,9.929105805918995,10.01885121583281,10.01885121583281,0.0,18,18,1587,1.420411271896423,,0
2020-04-22,2020-04-22,2,5e398de03f6e0fa6ef3c866dc26b2c89fa44f412288419ee6517b41138133919,v11_0bd1fdc78b82addc8fb0,False,False,False,518880,513100,513100,False,False,True,10.01885121583281,9.991655637071048,9.989657305943634,0.0019983311274142097,19,0,1587,3.4332998996991035,,0
2020-04-23,2020-04-23,2,5e398de03f6e0fa6ef3c866dc26b2c89fa44f412288419ee6517b41138133919,v11_0bd1fdc78b82addc8fb0,False,False,False,513100,513100,513100,False,False,False,9.989657305943634,10.11222978822515,10.11222978822515,0.0,1,1,1587,3.475426278836516,,0
2020-04-24,2020-04-24,2,5e398de03f6e0fa6ef3c866dc26b2c89fa44f412288419ee6517b41138133919,v11_0bd1fdc78b82addc8fb0,False,False,False,513100,513100,513100,False,False,False,10.11222978822515,10.056780331954942,10.056780331954942,0.0,2,2,1587,3.475426278836516,,0
2020-04-27,2020-04-27,2,5e398de03f6e0fa6ef3c866dc26b2c89fa44f412288419ee6517b41138133919,v11_0bd1fdc78b82addc8fb0,False,False,False,513100,513100,513100,False,False,False,10.056780331954942,10.409905816623121,10.409905816623121,0.0,3,3,1587,3.5777331995988026,,0
2020-04-28,2020-04-28,2,5e398de03f6e0fa6ef3c866dc26b2c89fa44f412288419ee6517b41138133919,v11_0bd1fdc78b82addc8fb0,False,False,False,513100,513100,513100,False,False,False,10.409905816623121,10.669642743362527,10.669642743362527,0.0,4,4,1587,3.667001003009034,,0
2020-04-29,2020-04-29,2,5e398de03f6e0fa6ef3c866dc26b2c89fa44f412288419ee6517b41138133919,v11_0bd1fdc78b82addc8fb0,False,False,False,513100,513100,513100,False,False,False,10.669642743362527,10.862256644090625,10.862256644090625,0.0,5,5,1587,3.733199598796396,,0
2020-04-30,2020-04-30,2,5e398de03f6e0fa6ef3c866dc26b2c89fa44f412288419ee6517b41138133919,v11_0bd1fdc78b82addc8fb0,False,False,False,513100,513100,513100,False,False,False,10.862256644090625,10.906032530619738,10.906032530619738,0.0,6,6,1587,3.7482447342026144,,0
2020-05-06,2020-05-06,2,5e398de03f6e0fa6ef3c866dc26b2c89fa44f412288419ee6517b41138133919,v11_0bd1fdc78b82addc8fb0,False,False,False,513100,513100,513100,False,False,False,10.906032530619738,10.938134847407756,10.938134847407756,0.0,7,7,1587,3.7592778335005086,,0
2020-05-07,2020-05-07,2,5e398de03f6e0fa6ef3c866dc26b2c89fa44f412288419ee6517b41138133919,v11_0bd1fdc78b82addc8fb0,False,False,False,513100,513100,513100,False,False,False,10.938134847407756,10.984829126372142,10.984829126372142,0.0,8,8,1587,3.7753259779338078,,0
2020-05-08,2020-05-08,2,5e398de03f6e0fa6ef3c866dc26b2c89fa44f412288419ee6517b41138133919,v11_0bd1fdc78b82addc8fb0,False,False,False,513100,513100,513100,False,False,False,10.984829126372142,11.057788937253997,11.057788937253997,0.0,9,9,1587,3.8004012036108388,,0
2020-05-11,2020-05-11,2,5e398de03f6e0fa6ef3c866dc26b2c89fa44f412288419ee6517b41138133919,v11_0bd1fdc78b82addc8fb0,False,False,False,513100,513100,513100,False,False,False,11.057788937253997,10.873930213831722,10.873930213831722,0.0,10,10,1587,3.8004012036108388,,0
2020-05-12,2020-05-12,2,5e398de03f6e0fa6ef3c866dc26b2c89fa44f412288419ee6517b41138133919,v11_0bd1fdc78b82addc8fb0,False,False,False,513100,513100,513100,False,False,False,10.873930213831722,10.669642743362527,10.669642743362527,0.0,11,11,1587,3.8004012036108388,,0
2020-05-13,2020-05-13,2,5e398de03f6e0fa6ef3c866dc26b2c89fa44f412288419ee6517b41138133919,v11_0bd1fdc78b82addc8fb0,False,False,False,513100,513100,513100,False,False,False,10.669642743362527,10.634622034139237,10.634622034139237,0.0,12,12,1587,3.8004012036108388,,0
2020-05-14,2020-05-14,2,5e398de03f6e0fa6ef3c866dc26b2c89fa44f412288419ee6517b41138133919,v11_0bd1fdc78b82addc8fb0,False,False,False,513100,513100,513100,False,False,False,10.634622034139237,10.465355272893332,10.465355272893332,0.0,13,13,1587,3.8004012036108388,,0
2020-05-15,2020-05-15,2,5e398de03f6e0fa6ef3c866dc26b2c89fa44f412288419ee6517b41138133919,v11_0bd1fdc78b82addc8fb0,False,False,False,513100,513100,513100,False,False,False,10.465355272893332,10.535396691339912,10.535396691339912,0.0,14,14,1587,3.8004012036108388,,0
2020-05-18,2020-05-18,2,5e398de03f6e0fa6ef3c866dc26b2c89fa44f412288419ee6517b41138133919,v11_0bd1fdc78b82addc8fb0,False,False,False,513100,513100,513100,False,False,False,10.535396691339912,10.655050781186155,10.655050781186155,0.0,15,15,1587,3.8004012036108388,,0
2020-05-19,2020-05-19,2,5e398de03f6e0fa6ef3c866dc26b2c89fa44f412288419ee6517b41138133919,v11_0bd1fdc78b82addc8fb0,False,False,False,513100,513100,513100,False,False,False,10.655050781186155,10.938134847407754,10.938134847407754,0.0,16,16,1587,3.8004012036108388,,0
2020-05-20,2020-05-20,2,5e398de03f6e0fa6ef3c866dc26b2c89fa44f412288419ee6517b41138133919,v11_0bd1fdc78b82addc8fb0,False,False,False,513100,513100,513100,False,False,False,10.938134847407754,10.85933825165535,10.85933825165535,0.0,17,17,1587,3.8004012036108388,,0
2020-05-21,2020-05-21,2,5e398de03f6e0fa6ef3c866dc26b2c89fa44f412288419ee6517b41138133919,v11_0bd1fdc78b82addc8fb0,False,False,False,513100,513100,513100,False,False,False,10.85933825165535,10.856419859220077,10.856419859220077,0.0,18,18,1587,3.8004012036108388,,0
2020-05-22,2020-05-22,2,5e398de03f6e0fa6ef3c866dc26b2c89fa44f412288419ee6517b41138133919,v11_0bd1fdc78b82addc8fb0,False,False,False,513100,518880,518880,True,False,True,10.856419859220077,10.494539197246075,10.492440289406627,0.002098907839449215,19,0,1587,1.471820258948975,,0
2020-05-25,2020-05-25,2,5e398de03f6e0fa6ef3c866dc26b2c89fa44f412288419ee6517b41138133919,v11_0bd1fdc78b82addc8fb0,False,False,False,518880,513100,513100,False,False,True,10.492440289406627,10.473437163397351,10.471342475964672,0.0020946874326794704,1,0,1587,3.724172517552664,,0
2020-05-26,2020-05-26,2,5e398de03f6e0fa6ef3c866dc26b2c89fa44f412288419ee6517b41138133919,v11_0bd1fdc78b82addc8fb0,False,False,False,513100,513100,513100,False,False,False,10.471342475964672,10.708237915765649,10.708237915765649,0.0,1,1,1587,3.8084252758274886,,0
2020-05-27,2020-05-27,2,5e398de03f6e0fa6ef3c866dc26b2c89fa44f412288419ee6517b41138133919,v11_0bd1fdc78b82addc8fb0,False,False,False,513100,513100,513100,False,False,False,10.708237915765649,10.637733320586785,10.637733320586785,0.0,2,2,1587,3.8084252758274886,,0
2020-05-28,2020-05-28,2,5e398de03f6e0fa6ef3c866dc26b2c89fa44f412288419ee6517b41138133919,v11_0bd1fdc78b82addc8fb0,False,False,False,513100,513100,513100,False,False,False,10.637733320586785,10.595430563479468,10.595430563479468,0.0,3,3,1587,3.8084252758274886,,0
2020-05-29,2020-05-29,2,5e398de03f6e0fa6ef3c866dc26b2c89fa44f412288419ee6517b41138133919,v11_0bd1fdc78b82addc8fb0,False,False,False,513100,513100,513100,False,False,False,10.595430563479468,10.519285600686295,10.519285600686295,0.0,4,4,1587,3.8084252758274886,,0
2020-06-01,2020-06-01,2,5e398de03f6e0fa6ef3c866dc26b2c89fa44f412288419ee6517b41138133919,v11_0bd1fdc78b82addc8fb0,False,False,False,513100,513100,513100,False,False,False,10.519285600686295,10.558768173986458,10.558768173986458,0.0,5,5,1587,3.8084252758274886,,0
2020-06-02,2020-06-02,2,5e398de03f6e0fa6ef3c866dc26b2c89fa44f412288419ee6517b41138133919,v11_0bd1fdc78b82addc8fb0,False,False,False,513100,513100,513100,False,False,False,10.558768173986458,10.541847071143529,10.541847071143529,0.0,6,6,1587,3.8084252758274886,,0
2020-06-03,2020-06-03,2,5e398de03f6e0fa6ef3c866dc26b2c89fa44f412288419ee6517b41138133919,v11_0bd1fdc78b82addc8fb0,False,False,False,513100,513100,513100,False,False,False,10.541847071143529,10.634913136779627,10.634913136779627,0.0,7,7,1587,3.8084252758274886,,0
2020-06-04,2020-06-04,2,5e398de03f6e0fa6ef3c866dc26b2c89fa44f412288419ee6517b41138133919,v11_0bd1fdc78b82addc8fb0,False,False,False,513100,510500,510500,False,False,True,10.634913136779627,10.696957180537026,10.69481778910092,0.0021393914361074054,8,0,1587,1.750151722144336,,0
2020-06-05,2020-06-05,2,5e398de03f6e0fa6ef3c866dc26b2c89fa44f412288419ee6517b41138133919,v11_0bd1fdc78b82addc8fb0,False,False,False,510500,510500,510500,False,False,False,10.69481778910092,10.719541608296332,10.719541608296332,0.0,1,1,1587,1.7541976475257792,,0
2020-06-08,2020-06-08,2,5e398de03f6e0fa6ef3c866dc26b2c89fa44f412288419ee6517b41138133919,v11_0bd1fdc78b82addc8fb0,False,False,False,510500,510500,510500,False,False,False,10.719541608296332,10.696583776186307,10.696583776186307,0.0,2,2,1587,1.7541976475257792,,0
2020-06-09,2020-06-09,2,5e398de03f6e0fa6ef3c866dc26b2c89fa44f412288419ee6517b41138133919,v11_0bd1fdc78b82addc8fb0,False,False,False,510500,510500,510500,False,False,False,10.696583776186307,10.760159311260223,10.760159311260223,0.0,3,3,1587,1.7608445249381506,,0
2020-06-10,2020-06-10,2,5e398de03f6e0fa6ef3c866dc26b2c89fa44f412288419ee6517b41138133919,v11_0bd1fdc78b82addc8fb0,False,False,False,510500,510500,510500,False,False,False,10.760159311260223,10.774287207943315,10.774287207943315,0.0,4,4,1587,1.7631564822989754,,0
2020-06-11,2020-06-11,2,5e398de03f6e0fa6ef3c866dc26b2c89fa44f412288419ee6517b41138133919,v11_0bd1fdc78b82addc8fb0,False,False,False,510500,510500,510500,False,False,False,10.774287207943315,10.754861350004063,10.754861350004063,0.0,5,5,1587,1.7631564822989754,,0
2020-06-12,2020-06-12,2,5e398de03f6e0fa6ef3c866dc26b2c89fa44f412288419ee6517b41138133919,v11_0bd1fdc78b82addc8fb0,False,False,False,510500,159915,159915,False,False,True,10.754861350004063,10.756627337089451,10.754476011622033,0.0021513254674178904,6,0,1587,2.686323713927213,,0
2020-06-15,2020-06-15,2,5e398de03f6e0fa6ef3c866dc26b2c89fa44f412288419ee6517b41138133919,v11_0bd1fdc78b82addc8fb0,False,False,False,159915,159915,159915,False,False,False,10.754476011622033,10.754476011622033,10.754476011622033,0.0,1,1,1587,2.686323713927213,,0
2020-06-16,2020-06-16,2,5e398de03f6e0fa6ef3c866dc26b2c89fa44f412288419ee6517b41138133919,v11_0bd1fdc78b82addc8fb0,False,False,False,159915,159915,159915,False,False,False,10.754476011622033,10.965446582611348,10.965446582611348,0.0,2,2,1587,2.7390213299874384,,0
2020-06-17,2020-06-17,2,5e398de03f6e0fa6ef3c866dc26b2c89fa44f412288419ee6517b41138133919,v11_0bd1fdc78b82addc8fb0,False,False,False,159915,159915,159915,False,False,False,10.965446582611348,10.990562126776744,10.990562126776744,0.0,3,3,1587,2.7452948557088943,,0
2020-06-18,2020-06-18,2,5e398de03f6e0fa6ef3c866dc26b2c89fa44f412288419ee6517b41138133919,v11_0bd1fdc78b82addc8fb0,False,False,False,159915,159915,159915,False,False,False,10.990562126776744,11.020700779775217,11.020700779775217,0.0,4,4,1587,2.75282308657464,,0
2020-06-19,2020-06-19,2,5e398de03f6e0fa6ef3c866dc26b2c89fa44f412288419ee6517b41138133919,v11_0bd1fdc78b82addc8fb0,False,False,False,159915,159915,159915,False,False,False,11.020700779775217,11.24171756843069,11.24171756843069,0.0,5,5,1587,2.808030112923448,,0
2020-06-22,2020-06-22,2,5e398de03f6e0fa6ef3c866dc26b2c89fa44f412288419ee6517b41138133919,v11_0bd1fdc78b82addc8fb0,False,False,False,159915,159915,159915,False,False,False,11.24171756843069,11.367295289257664,11.367295289257664,0.0,6,6,1587,2.8393977415307248,,0
2020-06-23,2020-06-23,2,5e398de03f6e0fa6ef3c866dc26b2c89fa44f412288419ee6517b41138133919,v11_0bd1fdc78b82addc8fb0,False,False,False,159915,159915,159915,False,False,False,11.367295289257664,11.58831207791314,11.58831207791314,0.0,7,7,1587,2.894604767879533,,0
2020-06-24,2020-06-24,2,5e398de03f6e0fa6ef3c866dc26b2c89fa44f412288419ee6517b41138133919,v11_0bd1fdc78b82addc8fb0,False,False,False,159915,159915,159915,False,False,False,11.58831207791314,11.58831207791314,11.58831207791314,0.0,8,8,1587,2.894604767879533,,0
2020-06-29,2020-06-29,2,5e398de03f6e0fa6ef3c866dc26b2c89fa44f412288419ee6517b41138133919,v11_0bd1fdc78b82addc8fb0,False,False,False,159915,159915,159915,False,False,False,11.58831207791314,11.528034771916191,11.528034771916191,0.0,9,9,1587,2.894604767879533,,0
2020-06-30,2020-06-30,2,5e398de03f6e0fa6ef3c866dc26b2c89fa44f412288419ee6517b41138133919,v11_0bd1fdc78b82addc8fb0,False,False,False,159915,159915,159915,False,False,False,11.528034771916191,11.849513737233243,11.849513737233243,0.0,10,10,1587,2.959849435382669,,0
2020-07-01,2020-07-01,2,5e398de03f6e0fa6ef3c866dc26b2c89fa44f412288419ee6517b41138133919,v11_0bd1fdc78b82addc8fb0,False,False,False,159915,159915,159915,False,False,False,11.849513737233243,11.764120887070904,11.764120887070904,0.0,11,11,1587,2.959849435382669,,0
2020-07-02,2020-07-02,2,5e398de03f6e0fa6ef3c866dc26b2c89fa44f412288419ee6517b41138133919,v11_0bd1fdc78b82addc8fb0,False,False,False,159915,159915,159915,False,False,False,11.764120887070904,11.804305757735536,11.804305757735536,0.0,12,12,1587,2.959849435382669,,0
2020-07-03,2020-07-03,2,5e398de03f6e0fa6ef3c866dc26b2c89fa44f412288419ee6517b41138133919,v11_0bd1fdc78b82addc8fb0,False,False,False,159915,159915,159915,False,False,False,11.804305757735536,11.954999022727904,11.954999022727904,0.0,13,13,1587,2.9861982434127823,,0
2020-07-06,2020-07-06,2,5e398de03f6e0fa6ef3c866dc26b2c89fa44f412288419ee6517b41138133919,v11_0bd1fdc78b82addc8fb0,False,False,False,159915,159915,159915,False,False,False,11.954999022727904,12.306616641043432,12.306616641043432,0.0,14,14,1587,3.0740276035131586,,0
2020-07-07,2020-07-07,2,5e398de03f6e0fa6ef3c866dc26b2c89fa44f412288419ee6517b41138133919,v11_0bd1fdc78b82addc8fb0,False,False,False,159915,159915,159915,False,False,False,12.306616641043432,12.572841409196617,12.572841409196617,0.0,15,15,1587,3.140526976160586,,0
2020-07-08,2020-07-08,2,5e398de03f6e0fa6ef3c866dc26b2c89fa44f412288419ee6517b41138133919,v11_0bd1fdc78b82addc8fb0,False,False,False,159915,159915,159915,False,False,False,12.572841409196617,12.929482136345221,12.929482136345221,0.0,16,16,1587,3.229611041405253,,0
2020-07-09,2020-07-09,2,5e398de03f6e0fa6ef3c866dc26b2c89fa44f412288419ee6517b41138133919,v11_0bd1fdc78b82addc8fb0,False,False,False,159915,159915,159915,False,False,False,12.929482136345221,13.431793019653115,13.431793019653115,0.0,17,17,1587,3.355081555834361,,0
2020-07-10,2020-07-10,2,5e398de03f6e0fa6ef3c866dc26b2c89fa44f412288419ee6517b41138133919,v11_0bd1fdc78b82addc8fb0,False,False,False,159915,159915,159915,False,False,False,13.431793019653115,13.487047216816984,13.487047216816984,0.0,18,18,1587,3.368883312421563,,0
2020-07-13,2020-07-13,2,5e398de03f6e0fa6ef3c866dc26b2c89fa44f412288419ee6517b41138133919,v11_0bd1fdc78b82addc8fb0,False,False,False,159915,159915,159915,False,False,False,13.487047216816984,14.07475095028722,14.07475095028722,0.0,19,19,1587,3.5156838143036198,,0
2020-07-14,2020-07-14,2,5e398de03f6e0fa6ef3c866dc26b2c89fa44f412288419ee6517b41138133919,v11_0bd1fdc78b82addc8fb0,False,False,False,159915,159915,159915,False,False,False,14.07475095028722,13.898942141129456,13.898942141129456,0.0,20,20,1587,3.5156838143036198,,0
2020-07-15,2020-07-15,2,5e398de03f6e0fa6ef3c866dc26b2c89fa44f412288419ee6517b41138133919,v11_0bd1fdc78b82addc8fb0,False,False,False,159915,159915,159915,False,False,False,13.898942141129456,13.672902243640904,13.672902243640904,0.0,21,21,1587,3.5156838143036198,,0
2020-07-16,2020-07-16,2,5e398de03f6e0fa6ef3c866dc26b2c89fa44f412288419ee6517b41138133919,v11_0bd1fdc78b82addc8fb0,False,False,False,159915,510500,510500,True,False,True,13.672902243640904,12.849112395015954,12.84654257253695,0.002569822479003191,22,0,1587,2.0062009998556776,,0
2020-07-17,2020-07-17,2,5e398de03f6e0fa6ef3c866dc26b2c89fa44f412288419ee6517b41138133919,v11_0bd1fdc78b82addc8fb0,False,False,False,510500,159915,159915,False,False,True,12.84654257253695,12.855795340163382,12.85322418109535,0.0025711590680326767,1,0,1587,3.2409033877038715,,0
2020-07-20,2020-07-20,2,5e398de03f6e0fa6ef3c866dc26b2c89fa44f412288419ee6517b41138133919,v11_0bd1fdc78b82addc8fb0,False,False,False,159915,159915,159915,False,False,False,12.85322418109535,12.992554524521857,12.992554524521857,0.0,1,1,1587,3.276035131744022,,0
2020-07-21,2020-07-21,2,5e398de03f6e0fa6ef3c866dc26b2c89fa44f412288419ee6517b41138133919,v11_0bd1fdc78b82addc8fb0,False,False,False,159915,159915,159915,False,False,False,12.992554524521857,13.15178920272358,13.15178920272358,0.0,2,2,1587,3.3161856963613365,,0
2020-07-22,2020-07-22,2,5e398de03f6e0fa6ef3c866dc26b2c89fa44f412288419ee6517b41138133919,v11_0bd1fdc78b82addc8fb0,False,False,False,159915,159915,159915,False,False,False,13.15178920272358,13.325952132006716,13.325952132006716,0.0,3,3,1587,3.3601003764115247,,0
2020-07-23,2020-07-23,2,5e398de03f6e0fa6ef3c866dc26b2c89fa44f412288419ee6517b41138133919,v11_0bd1fdc78b82addc8fb0,False,False,False,159915,159915,159915,False,False,False,13.325952132006716,13.465282475433224,13.465282475433224,0.0,4,4,1587,3.3952321204516753,,0
2020-07-24,2020-07-24,2,5e398de03f6e0fa6ef3c866dc26b2c89fa44f412288419ee6517b41138133919,v11_0bd1fdc78b82addc8fb0,False,False,False,159915,512890,512890,True,False,True,13.465282475433224,12.624324331180373,12.621799466314137,0.002524864866236075,5,0,1587,1.2701894317048879,,0
2020-07-27,2020-07-27,2,5e398de03f6e0fa6ef3c866dc26b2c89fa44f412288419ee6517b41138133919,v11_0bd1fdc78b82addc8fb0,False,False,False,512890,512890,512890,False,False,False,12.621799466314137,12.532634477933579,12.532634477933579,0.0,1,1,1587,1.2701894317048879,,0
2020-07-28,2020-07-28,2,5e398de03f6e0fa6ef3c866dc26b2c89fa44f412288419ee6517b41138133919,v11_0bd1fdc78b82addc8fb0,False,False,False,512890,512400,512400,False,False,True,12.532634477933579,12.611892245382961,12.609369866933886,0.0025223784490765924,2,0,1587,0.8214285714285725,,0
2020-07-29,2020-07-29,2,5e398de03f6e0fa6ef3c866dc26b2c89fa44f412288419ee6517b41138133919,v11_0bd1fdc78b82addc8fb0,False,False,False,512400,512400,512400,False,False,False,12.609369866933886,12.787175317466446,12.787175317466446,0.0,1,1,1587,0.8330115830115842,,0
2020-07-30,2020-07-30,2,5e398de03f6e0fa6ef3c866dc26b2c89fa44f412288419ee6517b41138133919,v11_0bd1fdc78b82addc8fb0,False,False,False,512400,512400,512400,False,False,False,12.787175317466446,12.609369866933887,12.609369866933887,0.0,2,2,1587,0.8330115830115842,,0
2020-07-31,2020-07-31,2,5e398de03f6e0fa6ef3c866dc26b2c89fa44f412288419ee6517b41138133919,v11_0bd1fdc78b82addc8fb0,False,False,False,512400,512400,512400,False,False,False,12.609369866933887,12.727906833955593,12.727906833955593,0.0,3,3,1587,0.8330115830115842,,0
2020-08-03,2020-08-03,2,5e398de03f6e0fa6ef3c866dc26b2c89fa44f412288419ee6517b41138133919,v11_0bd1fdc78b82addc8fb0,False,False,False,512400,159915,159915,False,False,True,12.727906833955593,12.964980767999004,12.962387771845405,0.002592996153599801,4,0,1587,3.4805520702634687,,0
2020-08-04,2020-08-04,2,5e398de03f6e0fa6ef3c866dc26b2c89fa44f412288419ee6517b41138133919,v11_0bd1fdc78b82addc8fb0,False,False,False,159915,159915,159915,False,False,False,12.962387771845405,12.794166445318211,12.794166445318211,0.0,1,1,1587,3.4805520702634687,,0
2020-08-05,2020-08-05,2,5e398de03f6e0fa6ef3c866dc26b2c89fa44f412288419ee6517b41138133919,v11_0bd1fdc78b82addc8fb0,False,False,False,159915,159915,159915,False,False,False,12.794166445318211,12.910986810962095,12.910986810962095,0.0,2,2,1587,3.4805520702634687,,0
2020-08-06,2020-08-06,2,5e398de03f6e0fa6ef3c866dc26b2c89fa44f412288419ee6517b41138133919,v11_0bd1fdc78b82addc8fb0,False,False,False,159915,512400,512400,False,False,True,12.910986810962095,12.705382967428859,12.702841890835373,0.002541076593485772,3,0,1587,0.8918918918918934,,0
2020-08-07,2020-08-07,2,5e398de03f6e0fa6ef3c866dc26b2c89fa44f412288419ee6517b41138133919,v11_0bd1fdc78b82addc8fb0,False,False,False,512400,512400,512400,False,False,False,12.702841890835373,12.537869918227122,12.537869918227122,0.0,1,1,1587,0.8918918918918934,,0
2020-08-10,2020-08-10,2,5e398de03f6e0fa6ef3c866dc26b2c89fa44f412288419ee6517b41138133919,v11_0bd1fdc78b82addc8fb0,False,False,False,512400,512890,512890,False,False,True,12.537869918227122,12.23542130177866,12.232974217518304,0.002447084260355732,2,0,1587,1.348953140578267,,0
2020-08-11,2020-08-11,2,5e398de03f6e0fa6ef3c866dc26b2c89fa44f412288419ee6517b41138133919,v11_0bd1fdc78b82addc8fb0,False,False,False,512890,512890,512890,False,False,False,12.232974217518304,12.187767365273224,12.187767365273224,0.0,1,1,1587,1.348953140578267,,0
2020-08-12,2020-08-12,2,5e398de03f6e0fa6ef3c866dc26b2c89fa44f412288419ee6517b41138133919,v11_0bd1fdc78b82addc8fb0,False,False,False,512890,512890,512890,False,False,False,12.187767365273224,12.115436401681098,12.115436401681098,0.0,2,2,1587,1.348953140578267,,0
2020-08-13,2020-08-13,2,5e398de03f6e0fa6ef3c866dc26b2c89fa44f412288419ee6517b41138133919,v11_0bd1fdc78b82addc8fb0,False,False,False,512890,512890,512890,False,False,False,12.115436401681098,12.223932847069287,12.223932847069287,0.0,3,3,1587,1.348953140578267,,0
2020-08-14,2020-08-14,2,5e398de03f6e0fa6ef3c866dc26b2c89fa44f412288419ee6517b41138133919,v11_0bd1fdc78b82addc8fb0,False,False,False,512890,512890,512890,False,False,False,12.223932847069287,12.296263810661413,12.296263810661413,0.0,4,4,1587,1.3559322033898324,,0
2020-08-17,2020-08-17,2,5e398de03f6e0fa6ef3c866dc26b2c89fa44f412288419ee6517b41138133919,v11_0bd1fdc78b82addc8fb0,False,False,False,512890,512890,512890,False,False,False,12.296263810661413,12.630794517274994,12.630794517274994,0.0,5,5,1587,1.3928215353938205,,0
2020-08-18,2020-08-18,2,5e398de03f6e0fa6ef3c866dc26b2c89fa44f412288419ee6517b41138133919,v11_0bd1fdc78b82addc8fb0,False,False,False,512890,512890,512890,False,False,False,12.630794517274994,12.63983588772401,12.63983588772401,0.0,6,6,1587,1.3938185443669011,,0
2020-08-19,2020-08-19,2,5e398de03f6e0fa6ef3c866dc26b2c89fa44f412288419ee6517b41138133919,v11_0bd1fdc78b82addc8fb0,False,False,False,512890,512890,512890,False,False,False,12.63983588772401,12.576546294580899,12.576546294580899,0.0,7,7,1587,1.3938185443669011,,0
2020-08-20,2020-08-20,2,5e398de03f6e0fa6ef3c866dc26b2c89fa44f412288419ee6517b41138133919,v11_0bd1fdc78b82addc8fb0,False,False,False,512890,512890,512890,False,False,False,12.576546294580899,12.431884367396647,12.431884367396647,0.0,8,8,1587,1.3938185443669011,,0
2020-08-21,2020-08-21,2,5e398de03f6e0fa6ef3c866dc26b2c89fa44f412288419ee6517b41138133919,v11_0bd1fdc78b82addc8fb0,False,False,False,512890,512890,512890,False,False,False,12.431884367396647,12.413801626498614,12.413801626498614,0.0,9,9,1587,1.3938185443669011,,0
2020-08-24,2020-08-24,2,5e398de03f6e0fa6ef3c866dc26b2c89fa44f412288419ee6517b41138133919,v11_0bd1fdc78b82addc8fb0,False,False,False,512890,513100,513100,False,False,True,12.413801626498614,12.495173960539754,12.492674925747647,0.002499034792107951,10,0,1587,4.404212637913746,,0
2020-08-25,2020-08-25,2,5e398de03f6e0fa6ef3c866dc26b2c89fa44f412288419ee6517b41138133919,v11_0bd1fdc78b82addc8fb0,False,False,False,513100,513100,513100,False,False,False,12.492674925747647,13.061687675724766,13.061687675724766,0.0,1,1,1587,4.604814443329995,,0
2020-08-26,2020-08-26,2,5e398de03f6e0fa6ef3c866dc26b2c89fa44f412288419ee6517b41138133919,v11_0bd1fdc78b82addc8fb0,False,False,False,513100,513100,513100,False,False,False,13.061687675724766,12.811322065734835,12.811322065734835,0.0,2,2,1587,4.604814443329995,,0
2020-08-27,2020-08-27,2,5e398de03f6e0fa6ef3c866dc26b2c89fa44f412288419ee6517b41138133919,v11_0bd1fdc78b82addc8fb0,False,False,False,513100,513100,513100,False,False,False,12.811322065734835,13.36326443321264,13.36326443321264,0.0,3,3,1587,4.711133400200607,,0
2020-08-28,2020-08-28,2,5e398de03f6e0fa6ef3c866dc26b2c89fa44f412288419ee6517b41138133919,v11_0bd1fdc78b82addc8fb0,False,False,False,513100,513100,513100,False,False,False,13.36326443321264,13.6477708082012,13.6477708082012,0.0,4,4,1587,4.811434302908731,,0
2020-08-31,2020-08-31,2,5e398de03f6e0fa6ef3c866dc26b2c89fa44f412288419ee6517b41138133919,v11_0bd1fdc78b82addc8fb0,False,False,False,513100,513100,513100,False,False,False,13.6477708082012,14.39033244692134,14.39033244692134,0.0,5,5,1587,5.073219658976936,,0
2020-09-01,2020-09-01,2,5e398de03f6e0fa6ef3c866dc26b2c89fa44f412288419ee6517b41138133919,v11_0bd1fdc78b82addc8fb0,False,False,False,513100,513100,513100,False,False,False,14.39033244692134,14.19686811192912,14.19686811192912,0.0,6,6,1587,5.073219658976936,,0
2020-09-02,2020-09-02,2,5e398de03f6e0fa6ef3c866dc26b2c89fa44f412288419ee6517b41138133919,v11_0bd1fdc78b82addc8fb0,False,False,False,513100,513100,513100,False,False,False,14.19686811192912,14.774416053155894,14.774416053155894,0.0,7,7,1587,5.208625877632904,,0
2020-09-03,2020-09-03,2,5e398de03f6e0fa6ef3c866dc26b2c89fa44f412288419ee6517b41138133919,v11_0bd1fdc78b82addc8fb0,False,False,False,513100,513100,513100,False,False,False,14.774416053155894,15.093063193143081,15.093063193143081,0.0,8,8,1587,5.320962888666003,,0
2020-09-04,2020-09-04,2,5e398de03f6e0fa6ef3c866dc26b2c89fa44f412288419ee6517b41138133919,v11_0bd1fdc78b82addc8fb0,False,False,False,513100,510300,510300,True,False,True,15.093063193143081,13.787178931945595,13.784421496159206,0.002757435786389119,9,0,1587,2.097142256578488,,0
2020-09-07,2020-09-07,2,5e398de03f6e0fa6ef3c866dc26b2c89fa44f412288419ee6517b41138133919,v11_0bd1fdc78b82addc8fb0,False,False,False,510300,513100,513100,True,False,True,13.784421496159206,13.507534172670402,13.504832665835869,0.0027015068345340805,1,0,1587,4.497492477432301,,0
2020-09-08,2020-09-08,2,5e398de03f6e0fa6ef3c866dc26b2c89fa44f412288419ee6517b41138133919,v11_0bd1fdc78b82addc8fb0,False,False,False,513100,513100,513100,False,False,False,13.504832665835869,14.227660462401571,14.227660462401571,0.0,1,1,1587,4.7382146439318005,,0
2020-09-09,2020-09-09,2,5e398de03f6e0fa6ef3c866dc26b2c89fa44f412288419ee6517b41138133919,v11_0bd1fdc78b82addc8fb0,False,False,False,513100,513100,513100,False,False,False,14.227660462401571,13.49880910086449,13.49880910086449,0.0,2,2,1587,4.7382146439318005,,0
2020-09-10,2020-09-10,2,5e398de03f6e0fa6ef3c866dc26b2c89fa44f412288419ee6517b41138133919,v11_0bd1fdc78b82addc8fb0,False,False,False,513100,513100,513100,False,False,False,13.49880910086449,13.881305476547174,13.881305476547174,0.0,3,3,1587,4.7382146439318005,,0
2020-09-11,2020-09-11,2,5e398de03f6e0fa6ef3c866dc26b2c89fa44f412288419ee6517b41138133919,v11_0bd1fdc78b82addc8fb0,False,False,False,513100,513100,513100,False,False,False,13.881305476547174,13.64036287769194,13.64036287769194,0.0,4,4,1587,4.7382146439318005,,0
2020-09-14,2020-09-14,2,5e398de03f6e0fa6ef3c866dc26b2c89fa44f412288419ee6517b41138133919,v11_0bd1fdc78b82addc8fb0,False,False,False,513100,513100,513100,False,False,False,13.64036287769194,14.016835688403242,14.016835688403242,0.0,5,5,1587,4.7382146439318005,,0
2020-09-15,2020-09-15,2,5e398de03f6e0fa6ef3c866dc26b2c89fa44f412288419ee6517b41138133919,v11_0bd1fdc78b82addc8fb0,False,False,False,513100,513100,513100,False,False,False,14.016835688403242,14.489685538656639,14.489685538656639,0.0,6,6,1587,4.8254764292878685,,0
2020-09-16,2020-09-16,2,5e398de03f6e0fa6ef3c866dc26b2c89fa44f412288419ee6517b41138133919,v11_0bd1fdc78b82addc8fb0,False,False,False,513100,513100,513100,False,False,False,14.489685538656639,14.462579496285425,14.462579496285425,0.0,7,7,1587,4.8254764292878685,,0
2020-09-17,2020-09-17,2,5e398de03f6e0fa6ef3c866dc26b2c89fa44f412288419ee6517b41138133919,v11_0bd1fdc78b82addc8fb0,False,False,False,513100,513100,513100,False,False,False,14.462579496285425,13.866246564118724,13.866246564118724,0.0,8,8,1587,4.8254764292878685,,0
2020-09-18,2020-09-18,2,5e398de03f6e0fa6ef3c866dc26b2c89fa44f412288419ee6517b41138133919,v11_0bd1fdc78b82addc8fb0,False,False,False,513100,513100,513100,False,False,False,13.866246564118724,14.33909641437212,14.33909641437212,0.0,9,9,1587,4.8254764292878685,,0
2020-09-21,2020-09-21,2,5e398de03f6e0fa6ef3c866dc26b2c89fa44f412288419ee6517b41138133919,v11_0bd1fdc78b82addc8fb0,False,False,False,513100,513100,513100,False,False,False,14.33909641437212,14.05598886071722,14.05598886071722,0.0,10,10,1587,4.8254764292878685,,0
2020-09-22,2020-09-22,2,5e398de03f6e0fa6ef3c866dc26b2c89fa44f412288419ee6517b41138133919,v11_0bd1fdc78b82addc8fb0,False,False,False,513100,513100,513100,False,False,False,14.05598886071722,13.833116956776129,13.833116956776129,0.0,11,11,1587,4.8254764292878685,,0
2020-09-23,2020-09-23,2,5e398de03f6e0fa6ef3c866dc26b2c89fa44f412288419ee6517b41138133919,v11_0bd1fdc78b82addc8fb0,False,False,False,513100,513100,513100,False,False,False,13.833116956776129,14.019847470888935,14.019847470888935,0.0,12,12,1587,4.8254764292878685,,0
2020-09-24,2020-09-24,2,5e398de03f6e0fa6ef3c866dc26b2c89fa44f412288419ee6517b41138133919,v11_0bd1fdc78b82addc8fb0,False,False,False,513100,513100,513100,False,False,False,14.019847470888935,13.4957973183788,13.4957973183788,0.0,13,13,1587,4.8254764292878685,,0
2020-09-25,2020-09-25,2,5e398de03f6e0fa6ef3c866dc26b2c89fa44f412288419ee6517b41138133919,v11_0bd1fdc78b82addc8fb0,False,False,False,513100,513100,513100,False,False,False,13.4957973183788,13.387373148893944,13.387373148893944,0.0,14,14,1587,4.8254764292878685,,0
2020-09-28,2020-09-28,2,5e398de03f6e0fa6ef3c866dc26b2c89fa44f412288419ee6517b41138133919,v11_0bd1fdc78b82addc8fb0,False,False,False,513100,513100,513100,False,False,False,13.387373148893944,13.613256835320726,13.613256835320726,0.0,15,15,1587,4.8254764292878685,,0
2020-09-29,2020-09-29,2,5e398de03f6e0fa6ef3c866dc26b2c89fa44f412288419ee6517b41138133919,v11_0bd1fdc78b82addc8fb0,False,False,False,513100,513100,513100,False,False,False,13.613256835320726,13.69156317994868,13.69156317994868,0.0,16,16,1587,4.8254764292878685,,0
2020-09-30,2020-09-30,2,5e398de03f6e0fa6ef3c866dc26b2c89fa44f412288419ee6517b41138133919,v11_0bd1fdc78b82addc8fb0,False,False,False,513100,513100,513100,False,False,False,13.69156317994868,13.718669222319892,13.718669222319892,0.0,17,17,1587,4.8254764292878685,,0
2020-10-09,2020-10-09,2,5e398de03f6e0fa6ef3c866dc26b2c89fa44f412288419ee6517b41138133919,v11_0bd1fdc78b82addc8fb0,False,False,False,513100,513100,513100,False,False,False,13.718669222319892,13.98671786354634,13.98671786354634,0.0,18,18,1587,4.8254764292878685,,0
2020-10-12,2020-10-12,2,5e398de03f6e0fa6ef3c866dc26b2c89fa44f412288419ee6517b41138133919,v11_0bd1fdc78b82addc8fb0,False,False,False,513100,159915,159915,False,False,True,13.98671786354634,14.074059555631363,14.071244743720237,0.002814811911126273,19,0,1587,3.366373902132982,,0
2020-10-13,2020-10-13,2,5e398de03f6e0fa6ef3c866dc26b2c89fa44f412288419ee6517b41138133919,v11_0bd1fdc78b82addc8fb0,False,False,False,159915,159915,159915,False,False,False,14.071244743720237,14.097467711934401,14.097467711934401,0.0,1,1,1587,3.3726474278544374,,0
2020-10-14,2020-10-14,2,5e398de03f6e0fa6ef3c866dc26b2c89fa44f412288419ee6517b41138133919,v11_0bd1fdc78b82addc8fb0,False,False,False,159915,159915,159915,False,False,False,14.097467711934401,13.992575839077745,13.992575839077745,0.0,2,2,1587,3.3726474278544374,,0
2020-10-15,2020-10-15,2,5e398de03f6e0fa6ef3c866dc26b2c89fa44f412288419ee6517b41138133919,v11_0bd1fdc78b82addc8fb0,False,False,False,159915,159915,159915,False,False,False,13.992575839077745,13.898173153506756,13.898173153506756,0.0,3,3,1587,3.3726474278544374,,0
2020-10-16,2020-10-16,2,5e398de03f6e0fa6ef3c866dc26b2c89fa44f412288419ee6517b41138133919,v11_0bd1fdc78b82addc8fb0,False,False,False,159915,159915,159915,False,False,False,13.898173153506756,13.81425965522143,13.81425965522143,0.0,4,4,1587,3.3726474278544374,,0
2020-10-19,2020-10-19,2,5e398de03f6e0fa6ef3c866dc26b2c89fa44f412288419ee6517b41138133919,v11_0bd1fdc78b82addc8fb0,False,False,False,159915,159915,159915,False,False,False,13.81425965522143,13.635943471365119,13.635943471365119,0.0,5,5,1587,3.3726474278544374,,0
2020-10-20,2020-10-20,2,5e398de03f6e0fa6ef3c866dc26b2c89fa44f412288419ee6517b41138133919,v11_0bd1fdc78b82addc8fb0,False,False,False,159915,159915,159915,False,False,False,13.635943471365119,13.87195018529259,13.87195018529259,0.0,6,6,1587,3.3726474278544374,,0
2020-10-21,2020-10-21,2,5e398de03f6e0fa6ef3c866dc26b2c89fa44f412288419ee6517b41138133919,v11_0bd1fdc78b82addc8fb0,False,False,False,159915,159915,159915,False,False,False,13.87195018529259,13.69887859507911,13.69887859507911,0.0,7,7,1587,3.3726474278544374,,0
2020-10-22,2020-10-22,2,5e398de03f6e0fa6ef3c866dc26b2c89fa44f412288419ee6517b41138133919,v11_0bd1fdc78b82addc8fb0,False,False,False,159915,159915,159915,False,False,False,13.69887859507911,13.541540785794128,13.541540785794128,0.0,8,8,1587,3.3726474278544374,,0
2020-10-23,2020-10-23,2,5e398de03f6e0fa6ef3c866dc26b2c89fa44f412288419ee6517b41138133919,v11_0bd1fdc78b82addc8fb0,False,False,False,159915,159915,159915,False,False,False,13.541540785794128,13.195397605367168,13.195397605367168,0.0,9,9,1587,3.3726474278544374,,0
2020-10-26,2020-10-26,2,5e398de03f6e0fa6ef3c866dc26b2c89fa44f412288419ee6517b41138133919,v11_0bd1fdc78b82addc8fb0,False,False,False,159915,159915,159915,False,False,False,13.195397605367168,13.284555697295325,13.284555697295325,0.0,10,10,1587,3.3726474278544374,,0
2020-10-27,2020-10-27,2,5e398de03f6e0fa6ef3c866dc26b2c89fa44f412288419ee6517b41138133919,v11_0bd1fdc78b82addc8fb0,False,False,False,159915,159915,159915,False,False,False,13.284555697295325,13.426159725651809,13.426159725651809,0.0,11,11,1587,3.3726474278544374,,0
2020-10-28,2020-10-28,2,5e398de03f6e0fa6ef3c866dc26b2c89fa44f412288419ee6517b41138133919,v11_0bd1fdc78b82addc8fb0,False,False,False,159915,159915,159915,False,False,False,13.426159725651809,13.515317817579964,13.515317817579964,0.0,12,12,1587,3.3726474278544374,,0
2020-10-29,2020-10-29,2,5e398de03f6e0fa6ef3c866dc26b2c89fa44f412288419ee6517b41138133919,v11_0bd1fdc78b82addc8fb0,False,False,False,159915,159915,159915,False,False,False,13.515317817579964,13.672655626864946,13.672655626864946,0.0,13,13,1587,3.3726474278544374,,0
2020-10-30,2020-10-30,2,5e398de03f6e0fa6ef3c866dc26b2c89fa44f412288419ee6517b41138133919,v11_0bd1fdc78b82addc8fb0,False,False,False,159915,159915,159915,False,False,False,13.672655626864946,13.441893506580305,13.441893506580305,0.0,14,14,1587,3.3726474278544374,,0
2020-11-02,2020-11-02,2,5e398de03f6e0fa6ef3c866dc26b2c89fa44f412288419ee6517b41138133919,v11_0bd1fdc78b82addc8fb0,False,False,False,159915,159915,159915,False,False,False,13.441893506580305,13.725101563293272,13.725101563293272,0.0,15,15,1587,3.3726474278544374,,0
2020-11-03,2020-11-03,2,5e398de03f6e0fa6ef3c866dc26b2c89fa44f412288419ee6517b41138133919,v11_0bd1fdc78b82addc8fb0,False,False,False,159915,159915,159915,False,False,False,13.725101563293272,13.89292855986392,13.89292855986392,0.0,16,16,1587,3.3726474278544374,,0
2020-11-04,2020-11-04,2,5e398de03f6e0fa6ef3c866dc26b2c89fa44f412288419ee6517b41138133919,v11_0bd1fdc78b82addc8fb0,False,False,False,159915,159915,159915,False,False,False,13.89292855986392,13.940129902649414,13.940129902649414,0.0,17,17,1587,3.3726474278544374,,0
2020-11-05,2020-11-05,2,5e398de03f6e0fa6ef3c866dc26b2c89fa44f412288419ee6517b41138133919,v11_0bd1fdc78b82addc8fb0,False,False,False,159915,512400,512400,False,False,True,13.940129902649414,14.107956899220062,14.105135307840218,0.0028215913798440126,18,0,1587,0.8214285714285732,,0
2020-11-06,2020-11-06,2,5e398de03f6e0fa6ef3c866dc26b2c89fa44f412288419ee6517b41138133919,v11_0bd1fdc78b82addc8fb0,False,False,False,512400,512400,512400,False,False,False,14.105135307840218,14.320607410075144,14.320607410075144,0.0,1,1,1587,0.8339768339768358,,0
2020-11-09,2020-11-09,2,5e398de03f6e0fa6ef3c866dc26b2c89fa44f412288419ee6517b41138133919,v11_0bd1fdc78b82addc8fb0,False,False,False,512400,512400,512400,False,False,False,14.320607410075144,14.867575054209958,14.867575054209958,0.0,2,2,1587,0.8658301158301176,,0
2020-11-10,2020-11-10,2,5e398de03f6e0fa6ef3c866dc26b2c89fa44f412288419ee6517b41138133919,v11_0bd1fdc78b82addc8fb0,False,False,False,512400,512400,512400,False,False,False,14.867575054209958,14.502929958120081,14.502929958120081,0.0,3,3,1587,0.8658301158301176,,0
2020-11-11,2020-11-11,2,5e398de03f6e0fa6ef3c866dc26b2c89fa44f412288419ee6517b41138133919,v11_0bd1fdc78b82addc8fb0,False,False,False,512400,512400,512400,False,False,False,14.502929958120081,14.35375696426513,14.35375696426513,0.0,4,4,1587,0.8658301158301176,,0
2020-11-12,2020-11-12,2,5e398de03f6e0fa6ef3c866dc26b2c89fa44f412288419ee6517b41138133919,v11_0bd1fdc78b82addc8fb0,False,False,False,512400,512400,512400,False,False,False,14.35375696426513,14.403481295550113,14.403481295550113,0.0,5,5,1587,0.8658301158301176,,0
2020-11-13,2020-11-13,2,5e398de03f6e0fa6ef3c866dc26b2c89fa44f412288419ee6517b41138133919,v11_0bd1fdc78b82addc8fb0,False,False,False,512400,512400,512400,False,False,False,14.403481295550113,14.602378620690047,14.602378620690047,0.0,6,6,1587,0.8658301158301176,,0
2020-11-16,2020-11-16,2,5e398de03f6e0fa6ef3c866dc26b2c89fa44f412288419ee6517b41138133919,v11_0bd1fdc78b82addc8fb0,False,False,False,512400,512400,512400,False,False,False,14.602378620690047,15.29851925867981,15.29851925867981,0.0,7,7,1587,0.8909266409266429,,0
2020-11-17,2020-11-17,2,5e398de03f6e0fa6ef3c866dc26b2c89fa44f412288419ee6517b41138133919,v11_0bd1fdc78b82addc8fb0,False,False,False,512400,512400,512400,False,False,False,15.29851925867981,15.049897602254894,15.049897602254894,0.0,8,8,1587,0.8909266409266429,,0
2020-11-18,2020-11-18,2,5e398de03f6e0fa6ef3c866dc26b2c89fa44f412288419ee6517b41138133919,v11_0bd1fdc78b82addc8fb0,False,False,False,512400,512400,512400,False,False,False,15.049897602254894,15.132771487729865,15.132771487729865,0.0,9,9,1587,0.8909266409266429,,0
2020-11-19,2020-11-19,2,5e398de03f6e0fa6ef3c866dc26b2c89fa44f412288419ee6517b41138133919,v11_0bd1fdc78b82addc8fb0,False,False,False,512400,512400,512400,False,False,False,15.132771487729865,14.917299385494939,14.917299385494939,0.0,10,10,1587,0.8909266409266429,,0
2020-11-20,2020-11-20,2,5e398de03f6e0fa6ef3c866dc26b2c89fa44f412288419ee6517b41138133919,v11_0bd1fdc78b82addc8fb0,False,False,False,512400,512400,512400,False,False,False,14.917299385494939,15.480841806724749,15.480841806724749,0.0,11,11,1587,0.9015444015444036,,0
2020-11-23,2020-11-23,2,5e398de03f6e0fa6ef3c866dc26b2c89fa44f412288419ee6517b41138133919,v11_0bd1fdc78b82addc8fb0,False,False,False,512400,512400,512400,False,False,False,15.480841806724749,15.978085119574578,15.978085119574578,0.0,12,12,1587,0.9305019305019324,,0
2020-11-24,2020-11-24,2,5e398de03f6e0fa6ef3c866dc26b2c89fa44f412288419ee6517b41138133919,v11_0bd1fdc78b82addc8fb0,False,False,False,512400,512400,512400,False,False,False,15.978085119574578,16.17698244471451,16.17698244471451,0.0,13,13,1587,0.942084942084944,,0
2020-11-25,2020-11-25,2,5e398de03f6e0fa6ef3c866dc26b2c89fa44f412288419ee6517b41138133919,v11_0bd1fdc78b82addc8fb0,False,False,False,512400,512400,512400,False,False,False,16.17698244471451,15.729463463149663,15.729463463149663,0.0,14,14,1587,0.942084942084944,,0
2020-11-26,2020-11-26,2,5e398de03f6e0fa6ef3c866dc26b2c89fa44f412288419ee6517b41138133919,v11_0bd1fdc78b82addc8fb0,False,False,False,512400,512400,512400,False,False,False,15.729463463149663,15.729463463149663,15.729463463149663,0.0,15,15,1587,0.942084942084944,,0
2020-11-27,2020-11-27,2,5e398de03f6e0fa6ef3c866dc26b2c89fa44f412288419ee6517b41138133919,v11_0bd1fdc78b82addc8fb0,False,False,False,512400,512400,512400,False,False,False,15.729463463149663,15.663164354769687,15.663164354769687,0.0,16,16,1587,0.942084942084944,,0
2020-11-30,2020-11-30,2,5e398de03f6e0fa6ef3c866dc26b2c89fa44f412288419ee6517b41138133919,v11_0bd1fdc78b82addc8fb0,False,False,False,512400,512400,512400,False,False,False,15.663164354769687,15.878636457004616,15.878636457004616,0.0,17,17,1587,0.942084942084944,,0
2020-12-01,2020-12-01,2,5e398de03f6e0fa6ef3c866dc26b2c89fa44f412288419ee6517b41138133919,v11_0bd1fdc78b82addc8fb0,False,False,False,512400,512400,512400,False,False,False,15.878636457004616,16.01123467376457,16.01123467376457,0.0,18,18,1587,0.942084942084944,,0
2020-12-02,2020-12-02,2,5e398de03f6e0fa6ef3c866dc26b2c89fa44f412288419ee6517b41138133919,v11_0bd1fdc78b82addc8fb0,False,False,False,512400,512400,512400,False,False,False,16.01123467376457,15.911786011194604,15.911786011194604,0.0,19,19,1587,0.942084942084944,,0
2020-12-03,2020-12-03,2,5e398de03f6e0fa6ef3c866dc26b2c89fa44f412288419ee6517b41138133919,v11_0bd1fdc78b82addc8fb0,False,False,False,512400,512400,512400,False,False,False,15.911786011194604,15.414542698344775,15.414542698344775,0.0,20,20,1587,0.942084942084944,,0
2020-12-04,2020-12-04,2,5e398de03f6e0fa6ef3c866dc26b2c89fa44f412288419ee6517b41138133919,v11_0bd1fdc78b82addc8fb0,False,False,False,512400,512400,512400,False,False,False,15.414542698344775,15.795762571529645,15.795762571529645,0.0,21,21,1587,0.942084942084944,,0
2020-12-07,2020-12-07,2,5e398de03f6e0fa6ef3c866dc26b2c89fa44f412288419ee6517b41138133919,v11_0bd1fdc78b82addc8fb0,False,False,False,512400,512400,512400,False,False,False,15.795762571529645,15.646589577674694,15.646589577674694,0.0,22,22,1587,0.942084942084944,,0
2020-12-08,2020-12-08,2,5e398de03f6e0fa6ef3c866dc26b2c89fa44f412288419ee6517b41138133919,v11_0bd1fdc78b82addc8fb0,False,False,False,512400,512400,512400,False,False,False,15.646589577674694,15.696313908959677,15.696313908959677,0.0,23,23,1587,0.942084942084944,,0
2020-12-09,2020-12-09,2,5e398de03f6e0fa6ef3c866dc26b2c89fa44f412288419ee6517b41138133919,v11_0bd1fdc78b82addc8fb0,False,False,False,512400,512400,512400,False,False,False,15.696313908959677,15.497416583819746,15.497416583819746,0.0,24,24,1587,0.942084942084944,,0
2020-12-10,2020-12-10,2,5e398de03f6e0fa6ef3c866dc26b2c89fa44f412288419ee6517b41138133919,v11_0bd1fdc78b82addc8fb0,False,False,False,512400,512400,512400,False,False,False,15.497416583819746,15.28194448158482,15.28194448158482,0.0,25,25,1587,0.942084942084944,,0
2020-12-11,2020-12-11,2,5e398de03f6e0fa6ef3c866dc26b2c89fa44f412288419ee6517b41138133919,v11_0bd1fdc78b82addc8fb0,False,False,False,512400,512400,512400,False,False,False,15.28194448158482,15.116196710634876,15.116196710634876,0.0,26,26,1587,0.942084942084944,,0
2020-12-14,2020-12-14,2,5e398de03f6e0fa6ef3c866dc26b2c89fa44f412288419ee6517b41138133919,v11_0bd1fdc78b82addc8fb0,False,False,False,512400,159915,159915,False,False,True,15.116196710634876,15.232220150299836,15.229173706269776,0.0030464440300599673,27,0,1587,3.3136762860727558,,0
2020-12-15,2020-12-15,2,5e398de03f6e0fa6ef3c866dc26b2c89fa44f412288419ee6517b41138133919,v11_0bd1fdc78b82addc8fb0,False,False,False,159915,159915,159915,False,False,False,15.229173706269776,15.379101202052816,15.379101202052816,0.0,1,1,1587,3.3462986198243234,,0
2020-12-16,2020-12-16,2,5e398de03f6e0fa6ef3c866dc26b2c89fa44f412288419ee6517b41138133919,v11_0bd1fdc78b82addc8fb0,False,False,False,159915,159915,159915,False,False,False,15.379101202052816,15.379101202052816,15.379101202052816,0.0,2,2,1587,3.3462986198243234,,0
2020-12-17,2020-12-17,2,5e398de03f6e0fa6ef3c866dc26b2c89fa44f412288419ee6517b41138133919,v11_0bd1fdc78b82addc8fb0,False,False,False,159915,159915,159915,False,False,False,15.379101202052816,15.534795139981362,15.534795139981362,0.0,3,3,1587,3.380175658720183,,0
2020-12-18,2020-12-18,2,5e398de03f6e0fa6ef3c866dc26b2c89fa44f412288419ee6517b41138133919,v11_0bd1fdc78b82addc8fb0,False,False,False,159915,159915,159915,False,False,False,15.534795139981362,15.500196487108353,15.500196487108353,0.0,4,4,1587,3.380175658720183,,0
2020-12-21,2020-12-21,2,5e398de03f6e0fa6ef3c866dc26b2c89fa44f412288419ee6517b41138133919,v11_0bd1fdc78b82addc8fb0,False,False,False,159915,159915,159915,False,False,False,15.500196487108353,16.019176280203496,16.019176280203496,0.0,5,5,1587,3.485570890840634,,0
2020-12-22,2020-12-22,2,5e398de03f6e0fa6ef3c866dc26b2c89fa44f412288419ee6517b41138133919,v11_0bd1fdc78b82addc8fb0,False,False,False,159915,513100,513100,True,False,True,16.019176280203496,15.673189751473398,15.670055113523103,0.0031346379502946798,6,0,1587,4.31193580742227,,0
2020-12-23,2020-12-23,2,5e398de03f6e0fa6ef3c866dc26b2c89fa44f412288419ee6517b41138133919,v11_0bd1fdc78b82addc8fb0,False,False,False,513100,159915,159915,False,False,True,15.670055113523103,15.728375858304766,15.725230183133105,0.0031456751716609534,1,0,1587,3.444165621079028,,0
2020-12-24,2020-12-24,2,5e398de03f6e0fa6ef3c866dc26b2c89fa44f412288419ee6517b41138133919,v11_0bd1fdc78b82addc8fb0,False,False,False,159915,159915,159915,False,False,False,15.725230183133105,15.616385238331821,15.616385238331821,0.0,1,1,1587,3.444165621079028,,0
2020-12-25,2020-12-25,2,5e398de03f6e0fa6ef3c866dc26b2c89fa44f412288419ee6517b41138133919,v11_0bd1fdc78b82addc8fb0,False,False,False,159915,159915,159915,False,False,False,15.616385238331821,15.74814490835443,15.74814490835443,0.0,2,2,1587,3.4491844416561923,,0
2020-12-28,2020-12-28,2,5e398de03f6e0fa6ef3c866dc26b2c89fa44f412288419ee6517b41138133919,v11_0bd1fdc78b82addc8fb0,False,False,False,159915,159915,159915,False,False,False,15.74814490835443,15.725230183133107,15.725230183133107,0.0,3,3,1587,3.4491844416561923,,0
2020-12-29,2020-12-29,2,5e398de03f6e0fa6ef3c866dc26b2c89fa44f412288419ee6517b41138133919,v11_0bd1fdc78b82addc8fb0,False,False,False,159915,159915,159915,False,False,False,15.725230183133107,15.564827106583843,15.564827106583843,0.0,4,4,1587,3.4491844416561923,,0
2020-12-30,2020-12-30,2,5e398de03f6e0fa6ef3c866dc26b2c89fa44f412288419ee6517b41138133919,v11_0bd1fdc78b82addc8fb0,False,False,False,159915,159915,159915,False,False,False,15.564827106583843,16.03457897362097,16.03457897362097,0.0,5,5,1587,3.511919698870746,,0
2020-12-31,2020-12-31,2,5e398de03f6e0fa6ef3c866dc26b2c89fa44f412288419ee6517b41138133919,v11_0bd1fdc78b82addc8fb0,False,False,False,159915,159915,159915,False,False,False,16.03457897362097,16.41840062107814,16.41840062107814,0.0,6,6,1587,3.5959849435382494,,0
2021-01-04,2021-01-04,2,5e398de03f6e0fa6ef3c866dc26b2c89fa44f412288419ee6517b41138133919,v11_0bd1fdc78b82addc8fb0,False,False,False,159915,159915,159915,False,False,False,16.41840062107814,17.048555564664525,17.048555564664525,0.0,7,7,1587,3.7340025094102685,,0
2021-01-05,2021-01-05,2,5e398de03f6e0fa6ef3c866dc26b2c89fa44f412288419ee6517b41138133919,v11_0bd1fdc78b82addc8fb0,False,False,False,159915,159915,159915,False,False,False,17.048555564664525,17.117299740328498,17.117299740328498,0.0,8,8,1587,3.749058971141762,,0
2021-01-06,2021-01-06,2,5e398de03f6e0fa6ef3c866dc26b2c89fa44f412288419ee6517b41138133919,v11_0bd1fdc78b82addc8fb0,False,False,False,159915,159915,159915,False,False,False,17.117299740328498,17.203229959908462,17.203229959908462,0.0,9,9,1587,3.7678795483061283,,0
2021-01-07,2021-01-07,2,5e398de03f6e0fa6ef3c866dc26b2c89fa44f412288419ee6517b41138133919,v11_0bd1fdc78b82addc8fb0,False,False,False,159915,159915,159915,False,False,False,17.203229959908462,17.506850069090994,17.506850069090994,0.0,10,10,1587,3.8343789209535557,,0
2021-01-08,2021-01-08,2,5e398de03f6e0fa6ef3c866dc26b2c89fa44f412288419ee6517b41138133919,v11_0bd1fdc78b82addc8fb0,False,False,False,159915,159915,159915,False,False,False,17.506850069090994,17.39227644298438,17.39227644298438,0.0,11,11,1587,3.8343789209535557,,0
2021-01-11,2021-01-11,2,5e398de03f6e0fa6ef3c866dc26b2c89fa44f412288419ee6517b41138133919,v11_0bd1fdc78b82addc8fb0,False,False,False,159915,159915,159915,False,False,False,17.39227644298438,17.12302842163383,17.12302842163383,0.0,12,12,1587,3.8343789209535557,,0
2021-01-12,2021-01-12,2,5e398de03f6e0fa6ef3c866dc26b2c89fa44f412288419ee6517b41138133919,v11_0bd1fdc78b82addc8fb0,False,False,False,159915,159915,159915,False,False,False,17.12302842163383,17.621423695197613,17.621423695197613,0.0,13,13,1587,3.859473023839377,,0
2021-01-13,2021-01-13,2,5e398de03f6e0fa6ef3c866dc26b2c89fa44f412288419ee6517b41138133919,v11_0bd1fdc78b82addc8fb0,False,False,False,159915,159915,159915,False,False,False,17.621423695197613,17.32926094862574,17.32926094862574,0.0,14,14,1587,3.859473023839377,,0
2021-01-14,2021-01-14,2,5e398de03f6e0fa6ef3c866dc26b2c89fa44f412288419ee6517b41138133919,v11_0bd1fdc78b82addc8fb0,False,False,False,159915,159915,159915,False,False,False,17.32926094862574,17.11157105902317,17.11157105902317,0.0,15,15,1587,3.859473023839377,,0
2021-01-15,2021-01-15,2,5e398de03f6e0fa6ef3c866dc26b2c89fa44f412288419ee6517b41138133919,v11_0bd1fdc78b82addc8fb0,False,False,False,159915,159915,159915,False,False,False,17.11157105902317,17.12875710293916,17.12875710293916,0.0,16,16,1587,3.859473023839377,,0
2021-01-18,2021-01-18,2,5e398de03f6e0fa6ef3c866dc26b2c89fa44f412288419ee6517b41138133919,v11_0bd1fdc78b82addc8fb0,False,False,False,159915,159915,159915,False,False,False,17.12875710293916,17.44956325603769,17.44956325603769,0.0,17,17,1587,3.859473023839377,,0
2021-01-19,2021-01-19,2,5e398de03f6e0fa6ef3c866dc26b2c89fa44f412288419ee6517b41138133919,v11_0bd1fdc78b82addc8fb0,False,False,False,159915,159915,159915,False,False,False,17.44956325603769,17.048555564664532,17.048555564664532,0.0,18,18,1587,3.859473023839377,,0
2021-01-20,2021-01-20,2,5e398de03f6e0fa6ef3c866dc26b2c89fa44f412288419ee6517b41138133919,v11_0bd1fdc78b82addc8fb0,False,False,False,159915,159915,159915,False,False,False,17.048555564664532,17.735997321304232,17.735997321304232,0.0,19,19,1587,3.884567126725198,,0
2021-01-21,2021-01-21,2,5e398de03f6e0fa6ef3c866dc26b2c89fa44f412288419ee6517b41138133919,v11_0bd1fdc78b82addc8fb0,False,False,False,159915,159915,159915,False,False,False,17.735997321304232,18.1942918257307,18.1942918257307,0.0,20,20,1587,3.9849435382684852,,0
2021-01-22,2021-01-22,2,5e398de03f6e0fa6ef3c866dc26b2c89fa44f412288419ee6517b41138133919,v11_0bd1fdc78b82addc8fb0,False,False,False,159915,159915,159915,False,False,False,18.1942918257307,18.566656110577203,18.566656110577203,0.0,21,21,1587,4.066499372647406,,0
2021-01-25,2021-01-25,2,5e398de03f6e0fa6ef3c866dc26b2c89fa44f412288419ee6517b41138133919,v11_0bd1fdc78b82addc8fb0,False,False,False,159915,159915,159915,False,False,False,18.566656110577203,18.572384791882534,18.572384791882534,0.0,22,22,1587,4.0677540777916965,,0
2021-01-26,2021-01-26,2,5e398de03f6e0fa6ef3c866dc26b2c89fa44f412288419ee6517b41138133919,v11_0bd1fdc78b82addc8fb0,False,False,False,159915,159915,159915,False,False,False,18.572384791882534,18.05680347440276,18.05680347440276,0.0,23,23,1587,4.0677540777916965,,0
2021-01-27,2021-01-27,2,5e398de03f6e0fa6ef3c866dc26b2c89fa44f412288419ee6517b41138133919,v11_0bd1fdc78b82addc8fb0,False,False,False,159915,159915,159915,False,False,False,18.05680347440276,18.13700501267739,18.13700501267739,0.0,24,24,1587,4.0677540777916965,,0
2021-01-28,2021-01-28,2,5e398de03f6e0fa6ef3c866dc26b2c89fa44f412288419ee6517b41138133919,v11_0bd1fdc78b82addc8fb0,False,False,False,159915,512400,512400,True,False,True,18.13700501267739,17.51257875039633,17.50907623464625,0.003502515750079266,25,0,1587,1.033783783783787,,0
2021-01-29,2021-01-29,2,5e398de03f6e0fa6ef3c866dc26b2c89fa44f412288419ee6517b41138133919,v11_0bd1fdc78b82addc8fb0,False,False,False,512400,512400,512400,False,False,False,17.50907623464625,17.312896108767863,17.312896108767863,0.0,1,1,1587,1.033783783783787,,0
2021-02-01,2021-02-01,2,5e398de03f6e0fa6ef3c866dc26b2c89fa44f412288419ee6517b41138133919,v11_0bd1fdc78b82addc8fb0,False,False,False,512400,159915,159915,False,False,True,17.312896108767863,17.50907623464625,17.505574419399323,0.0035018152469292506,2,0,1587,3.834378920953554,,0
2021-02-02,2021-02-02,2,5e398de03f6e0fa6ef3c866dc26b2c89fa44f412288419ee6517b41138133919,v11_0bd1fdc78b82addc8fb0,False,False,False,159915,159915,159915,False,False,False,17.505574419399323,17.860726780002317,17.860726780002317,0.0,1,1,1587,3.9121706398996006,,0
2021-02-03,2021-02-03,2,5e398de03f6e0fa6ef3c866dc26b2c89fa44f412288419ee6517b41138133919,v11_0bd1fdc78b82addc8fb0,False,False,False,159915,159915,159915,False,False,False,17.860726780002317,17.791987613433996,17.791987613433996,0.0,2,2,1587,3.9121706398996006,,0
2021-02-04,2021-02-04,2,5e398de03f6e0fa6ef3c866dc26b2c89fa44f412288419ee6517b41138133919,v11_0bd1fdc78b82addc8fb0,False,False,False,159915,513100,513100,False,False,True,17.791987613433996,17.746161502388446,17.742612270087967,0.0035492323004776894,3,0,1587,4.462387161484456,,0
2021-02-05,2021-02-05,2,5e398de03f6e0fa6ef3c866dc26b2c89fa44f412288419ee6517b41138133919,v11_0bd1fdc78b82addc8fb0,False,False,False,513100,513100,513100,False,False,False,17.742612270087967,17.977904273669715,17.977904273669715,0.0,1,1,1587,4.52156469408225,,0
2021-02-08,2021-02-08,2,5e398de03f6e0fa6ef3c866dc26b2c89fa44f412288419ee6517b41138133919,v11_0bd1fdc78b82addc8fb0,False,False,False,513100,513100,513100,False,False,False,17.977904273669715,18.093556275430235,18.093556275430235,0.0,2,2,1587,4.550651955867607,,0
2021-02-09,2021-02-09,2,5e398de03f6e0fa6ef3c866dc26b2c89fa44f412288419ee6517b41138133919,v11_0bd1fdc78b82addc8fb0,False,False,False,513100,513100,513100,False,False,False,18.093556275430235,18.08956827536953,18.08956827536953,0.0,3,3,1587,4.550651955867607,,0
2021-02-10,2021-02-10,2,5e398de03f6e0fa6ef3c866dc26b2c89fa44f412288419ee6517b41138133919,v11_0bd1fdc78b82addc8fb0,False,False,False,513100,513100,513100,False,False,False,18.08956827536953,18.157364276401562,18.157364276401562,0.0,4,4,1587,4.566700100300907,,0
2021-02-18,2021-02-18,2,5e398de03f6e0fa6ef3c866dc26b2c89fa44f412288419ee6517b41138133919,v11_0bd1fdc78b82addc8fb0,False,False,False,513100,513100,513100,False,False,False,18.157364276401562,18.073616275126703,18.073616275126703,0.0,5,5,1587,4.566700100300907,,0
2021-02-19,2021-02-19,2,5e398de03f6e0fa6ef3c866dc26b2c89fa44f412288419ee6517b41138133919,v11_0bd1fdc78b82addc8fb0,False,False,False,513100,513100,513100,False,False,False,18.073616275126703,18.053676274823165,18.053676274823165,0.0,6,6,1587,4.566700100300907,,0
2021-02-22,2021-02-22,2,5e398de03f6e0fa6ef3c866dc26b2c89fa44f412288419ee6517b41138133919,v11_0bd1fdc78b82addc8fb0,False,False,False,513100,512400,512400,False,False,True,18.053676274823165,17.89415627239486,17.89057744114038,0.003578831254478972,7,0,1587,1.2451737451737488,,0
2021-02-23,2021-02-23,2,5e398de03f6e0fa6ef3c866dc26b2c89fa44f412288419ee6517b41138133919,v11_0bd1fdc78b82addc8fb0,False,False,False,512400,512400,512400,False,False,False,17.89057744114038,17.516123494697904,17.516123494697904,0.0,1,1,1587,1.2451737451737488,,0
2021-02-24,2021-02-24,2,5e398de03f6e0fa6ef3c866dc26b2c89fa44f412288419ee6517b41138133919,v11_0bd1fdc78b82addc8fb0,False,False,False,512400,512400,512400,False,False,False,17.516123494697904,16.73947827244685,16.73947827244685,0.0,2,2,1587,1.2451737451737488,,0
2021-02-25,2021-02-25,2,5e398de03f6e0fa6ef3c866dc26b2c89fa44f412288419ee6517b41138133919,v11_0bd1fdc78b82addc8fb0,False,False,False,512400,512400,512400,False,False,False,16.73947827244685,16.55918563156714,16.55918563156714,0.0,3,3,1587,1.2451737451737488,,0
2021-02-26,2021-02-26,2,5e398de03f6e0fa6ef3c866dc26b2c89fa44f412288419ee6517b41138133919,v11_0bd1fdc78b82addc8fb0,False,False,False,512400,512890,512890,False,False,True,16.55918563156714,15.879621062097467,15.876445137885048,0.0031759242124194936,4,0,1587,1.3659022931206404,,0
2021-03-01,2021-03-01,2,5e398de03f6e0fa6ef3c866dc26b2c89fa44f412288419ee6517b41138133919,v11_0bd1fdc78b82addc8fb0,False,False,False,512890,512890,512890,False,False,False,15.876445137885048,16.061863475261806,16.061863475261806,0.0,1,1,1587,1.3818544366899324,,0
2021-03-02,2021-03-02,2,5e398de03f6e0fa6ef3c866dc26b2c89fa44f412288419ee6517b41138133919,v11_0bd1fdc78b82addc8fb0,False,False,False,512890,512890,512890,False,False,False,16.061863475261806,15.980742952659476,15.980742952659476,0.0,2,2,1587,1.3818544366899324,,0
2021-03-03,2021-03-03,2,5e398de03f6e0fa6ef3c866dc26b2c89fa44f412288419ee6517b41138133919,v11_0bd1fdc78b82addc8fb0,False,False,False,512890,512890,512890,False,False,False,15.980742952659476,16.339990981326945,16.339990981326945,0.0,3,3,1587,1.4057826520438708,,0
2021-03-04,2021-03-04,2,5e398de03f6e0fa6ef3c866dc26b2c89fa44f412288419ee6517b41138133919,v11_0bd1fdc78b82addc8fb0,False,False,False,512890,512890,512890,False,False,False,16.339990981326945,16.351579627412995,16.351579627412995,0.0,4,4,1587,1.4067796610169518,,0
2021-03-05,2021-03-05,2,5e398de03f6e0fa6ef3c866dc26b2c89fa44f412288419ee6517b41138133919,v11_0bd1fdc78b82addc8fb0,False,False,False,512890,512890,512890,False,False,False,16.351579627412995,16.108218059605996,16.108218059605996,0.0,5,5,1587,1.4067796610169518,,0
2021-03-08,2021-03-08,2,5e398de03f6e0fa6ef3c866dc26b2c89fa44f412288419ee6517b41138133919,v11_0bd1fdc78b82addc8fb0,False,False,False,512890,512890,512890,False,False,False,16.108218059605996,16.015508890917616,16.015508890917616,0.0,6,6,1587,1.4067796610169518,,0
2021-03-09,2021-03-09,2,5e398de03f6e0fa6ef3c866dc26b2c89fa44f412288419ee6517b41138133919,v11_0bd1fdc78b82addc8fb0,False,False,False,512890,512890,512890,False,False,False,16.015508890917616,15.888033783971096,15.888033783971096,0.0,7,7,1587,1.4067796610169518,,0
2021-03-10,2021-03-10,2,5e398de03f6e0fa6ef3c866dc26b2c89fa44f412288419ee6517b41138133919,v11_0bd1fdc78b82addc8fb0,False,False,False,512890,512890,512890,False,False,False,15.888033783971096,15.760558677024573,15.760558677024573,0.0,8,8,1587,1.4067796610169518,,0
2021-03-11,2021-03-11,2,5e398de03f6e0fa6ef3c866dc26b2c89fa44f412288419ee6517b41138133919,v11_0bd1fdc78b82addc8fb0,False,False,False,512890,512890,512890,False,False,False,15.760558677024573,16.09662941351995,16.09662941351995,0.0,9,9,1587,1.4067796610169518,,0
2021-03-12,2021-03-12,2,5e398de03f6e0fa6ef3c866dc26b2c89fa44f412288419ee6517b41138133919,v11_0bd1fdc78b82addc8fb0,False,False,False,512890,512890,512890,False,False,False,16.09662941351995,16.45587744218742,16.45587744218742,0.0,10,10,1587,1.4157527417746782,,0
2021-03-15,2021-03-15,2,5e398de03f6e0fa6ef3c866dc26b2c89fa44f412288419ee6517b41138133919,v11_0bd1fdc78b82addc8fb0,False,False,False,512890,512890,512890,False,False,False,16.45587744218742,16.53699796478975,16.53699796478975,0.0,11,11,1587,1.4227318045862438,,0
2021-03-16,2021-03-16,2,5e398de03f6e0fa6ef3c866dc26b2c89fa44f412288419ee6517b41138133919,v11_0bd1fdc78b82addc8fb0,False,False,False,512890,512890,512890,False,False,False,16.53699796478975,16.61811848739208,16.61811848739208,0.0,12,12,1587,1.429710867397809,,0
2021-03-17,2021-03-17,2,5e398de03f6e0fa6ef3c866dc26b2c89fa44f412288419ee6517b41138133919,v11_0bd1fdc78b82addc8fb0,False,False,False,512890,512890,512890,False,False,False,16.61811848739208,16.513820672617655,16.513820672617655,0.0,13,13,1587,1.429710867397809,,0
2021-03-18,2021-03-18,2,5e398de03f6e0fa6ef3c866dc26b2c89fa44f412288419ee6517b41138133919,v11_0bd1fdc78b82addc8fb0,False,False,False,512890,512890,512890,False,False,False,16.513820672617655,16.548586610875795,16.548586610875795,0.0,14,14,1587,1.429710867397809,,0
2021-03-19,2021-03-19,2,5e398de03f6e0fa6ef3c866dc26b2c89fa44f412288419ee6517b41138133919,v11_0bd1fdc78b82addc8fb0,False,False,False,512890,512890,512890,False,False,False,16.548586610875795,16.35157962741299,16.35157962741299,0.0,15,15,1587,1.429710867397809,,0
2021-03-22,2021-03-22,2,5e398de03f6e0fa6ef3c866dc26b2c89fa44f412288419ee6517b41138133919,v11_0bd1fdc78b82addc8fb0,False,False,False,512890,512890,512890,False,False,False,16.35157962741299,16.536997964789748,16.536997964789748,0.0,16,16,1587,1.429710867397809,,0
2021-03-23,2021-03-23,2,5e398de03f6e0fa6ef3c866dc26b2c89fa44f412288419ee6517b41138133919,v11_0bd1fdc78b82addc8fb0,False,False,False,512890,512890,512890,False,False,False,16.536997964789748,16.3052250430688,16.3052250430688,0.0,17,17,1587,1.429710867397809,,0
2021-03-24,2021-03-24,2,5e398de03f6e0fa6ef3c866dc26b2c89fa44f412288419ee6517b41138133919,v11_0bd1fdc78b82addc8fb0,False,False,False,512890,513100,513100,False,False,True,16.3052250430688,16.142983997864135,16.139755401064562,0.003228596799572827,18,0,1587,4.364092276830496,,0
2021-03-25,2021-03-25,2,5e398de03f6e0fa6ef3c866dc26b2c89fa44f412288419ee6517b41138133919,v11_0bd1fdc78b82addc8fb0,False,False,False,513100,513100,513100,False,False,False,16.139755401064562,15.894932634695854,15.894932634695854,0.0,1,1,1587,4.364092276830496,,0
2021-03-26,2021-03-26,2,5e398de03f6e0fa6ef3c866dc26b2c89fa44f412288419ee6517b41138133919,v11_0bd1fdc78b82addc8fb0,False,False,False,513100,513100,513100,False,False,False,15.894932634695854,16.032181761296496,16.032181761296496,0.0,2,2,1587,4.364092276830496,,0
2021-03-29,2021-03-29,2,5e398de03f6e0fa6ef3c866dc26b2c89fa44f412288419ee6517b41138133919,v11_0bd1fdc78b82addc8fb0,False,False,False,513100,512890,512890,False,False,True,16.032181761296496,16.032181761296496,16.028975324944238,0.0032064363522592994,3,0,1587,1.4207377866400825,,0
2021-03-30,2021-03-30,2,5e398de03f6e0fa6ef3c866dc26b2c89fa44f412288419ee6517b41138133919,v11_0bd1fdc78b82addc8fb0,False,False,False,512890,512890,512890,False,False,False,16.028975324944238,15.983981709997023,15.983981709997023,0.0,1,1,1587,1.4207377866400825,,0
2021-03-31,2021-03-31,2,5e398de03f6e0fa6ef3c866dc26b2c89fa44f412288419ee6517b41138133919,v11_0bd1fdc78b82addc8fb0,False,False,False,512890,512890,512890,False,False,False,15.983981709997023,15.961484902523416,15.961484902523416,0.0,2,2,1587,1.4207377866400825,,0
2021-04-01,2021-04-01,2,5e398de03f6e0fa6ef3c866dc26b2c89fa44f412288419ee6517b41138133919,v11_0bd1fdc78b82addc8fb0,False,False,False,512890,512890,512890,False,False,False,15.961484902523416,16.06272053615464,16.06272053615464,0.0,3,3,1587,1.4237288135593245,,0
2021-04-02,2021-04-02,2,5e398de03f6e0fa6ef3c866dc26b2c89fa44f412288419ee6517b41138133919,v11_0bd1fdc78b82addc8fb0,False,False,False,512890,512890,512890,False,False,False,16.06272053615464,15.927739691313006,15.927739691313006,0.0,4,4,1587,1.4237288135593245,,0
2021-04-06,2021-04-06,2,5e398de03f6e0fa6ef3c866dc26b2c89fa44f412288419ee6517b41138133919,v11_0bd1fdc78b82addc8fb0,False,False,False,512890,513100,513100,False,False,True,15.927739691313006,15.927739691313006,15.924554143374744,0.0031855479382626012,5,0,1587,4.562688064192582,,0
2021-04-07,2021-04-07,2,5e398de03f6e0fa6ef3c866dc26b2c89fa44f412288419ee6517b41138133919,v11_0bd1fdc78b82addc8fb0,False,False,False,513100,513100,513100,False,False,False,15.924554143374744,15.910551457823301,15.910551457823301,0.0,1,1,1587,4.562688064192582,,0
2021-04-08,2021-04-08,2,5e398de03f6e0fa6ef3c866dc26b2c89fa44f412288419ee6517b41138133919,v11_0bd1fdc78b82addc8fb0,False,False,False,513100,513100,513100,False,False,False,15.910551457823301,16.075083013052716,16.075083013052716,0.0,2,2,1587,4.605817452357075,,0
2021-04-09,2021-04-09,2,5e398de03f6e0fa6ef3c866dc26b2c89fa44f412288419ee6517b41138133919,v11_0bd1fdc78b82addc8fb0,False,False,False,513100,513100,513100,False,False,False,16.075083013052716,16.1205917410949,16.1205917410949,0.0,3,3,1587,4.618856569709132,,0
2021-04-12,2021-04-12,2,5e398de03f6e0fa6ef3c866dc26b2c89fa44f412288419ee6517b41138133919,v11_0bd1fdc78b82addc8fb0,False,False,False,513100,513100,513100,False,False,False,16.1205917410949,16.225611882730693,16.225611882730693,0.0,4,4,1587,4.648946840521568,,0
2021-04-13,2021-04-13,2,5e398de03f6e0fa6ef3c866dc26b2c89fa44f412288419ee6517b41138133919,v11_0bd1fdc78b82addc8fb0,False,False,False,513100,513100,513100,False,False,False,16.225611882730693,16.19060516885209,16.19060516885209,0.0,5,5,1587,4.648946840521568,,0
2021-04-14,2021-04-14,2,5e398de03f6e0fa6ef3c866dc26b2c89fa44f412288419ee6517b41138133919,v11_0bd1fdc78b82addc8fb0,False,False,False,513100,513100,513100,False,False,False,16.19060516885209,16.400645452123683,16.400645452123683,0.0,6,6,1587,4.6990972918756295,,0
2021-04-15,2021-04-15,2,5e398de03f6e0fa6ef3c866dc26b2c89fa44f412288419ee6517b41138133919,v11_0bd1fdc78b82addc8fb0,False,False,False,513100,513100,513100,False,False,False,16.400645452123683,16.236113896894267,16.236113896894267,0.0,7,7,1587,4.6990972918756295,,0
2021-04-16,2021-04-16,2,5e398de03f6e0fa6ef3c866dc26b2c89fa44f412288419ee6517b41138133919,v11_0bd1fdc78b82addc8fb0,False,False,False,513100,513100,513100,False,False,False,16.236113896894267,16.386642766572244,16.386642766572244,0.0,8,8,1587,4.6990972918756295,,0
2021-04-19,2021-04-19,2,5e398de03f6e0fa6ef3c866dc26b2c89fa44f412288419ee6517b41138133919,v11_0bd1fdc78b82addc8fb0,False,False,False,513100,513100,513100,False,False,False,16.386642766572244,16.418148809062988,16.418148809062988,0.0,9,9,1587,4.704112337011037,,0
2021-04-20,2021-04-20,2,5e398de03f6e0fa6ef3c866dc26b2c89fa44f412288419ee6517b41138133919,v11_0bd1fdc78b82addc8fb0,False,False,False,513100,513100,513100,False,False,False,16.418148809062988,16.173101811912794,16.173101811912794,0.0,10,10,1587,4.704112337011037,,0
2021-04-21,2021-04-21,2,5e398de03f6e0fa6ef3c866dc26b2c89fa44f412288419ee6517b41138133919,v11_0bd1fdc78b82addc8fb0,False,False,False,513100,513100,513100,False,False,False,16.173101811912794,16.0505783133377,16.0505783133377,0.0,11,11,1587,4.704112337011037,,0
2021-04-22,2021-04-22,2,5e398de03f6e0fa6ef3c866dc26b2c89fa44f412288419ee6517b41138133919,v11_0bd1fdc78b82addc8fb0,False,False,False,513100,513100,513100,False,False,False,16.0505783133377,16.197606511627814,16.197606511627814,0.0,12,12,1587,4.704112337011037,,0
2021-04-23,2021-04-23,2,5e398de03f6e0fa6ef3c866dc26b2c89fa44f412288419ee6517b41138133919,v11_0bd1fdc78b82addc8fb0,False,False,False,513100,159915,159915,False,False,True,16.197606511627814,16.005069585295523,16.001868571378463,0.003201013917059105,13,0,1587,3.627352572145526,,0
2021-04-26,2021-04-26,2,5e398de03f6e0fa6ef3c866dc26b2c89fa44f412288419ee6517b41138133919,v11_0bd1fdc78b82addc8fb0,False,False,False,159915,159915,159915,False,False,False,16.001868571378463,15.846886793447437,15.846886793447437,0.0,1,1,1587,3.627352572145526,,0
2021-04-27,2021-04-27,2,5e398de03f6e0fa6ef3c866dc26b2c89fa44f412288419ee6517b41138133919,v11_0bd1fdc78b82addc8fb0,False,False,False,159915,159915,159915,False,False,False,15.846886793447437,15.963123126895706,15.963123126895706,0.0,2,2,1587,3.627352572145526,,0
2021-04-28,2021-04-28,2,5e398de03f6e0fa6ef3c866dc26b2c89fa44f412288419ee6517b41138133919,v11_0bd1fdc78b82addc8fb0,False,False,False,159915,159915,159915,False,False,False,15.963123126895706,16.322902254235586,16.322902254235586,0.0,3,3,1587,3.7001254705144087,,0
2021-04-29,2021-04-29,2,5e398de03f6e0fa6ef3c866dc26b2c89fa44f412288419ee6517b41138133919,v11_0bd1fdc78b82addc8fb0,False,False,False,159915,159915,159915,False,False,False,16.322902254235586,16.339507444728195,16.339507444728195,0.0,4,4,1587,3.7038895859472816,,0
2021-04-30,2021-04-30,2,5e398de03f6e0fa6ef3c866dc26b2c89fa44f412288419ee6517b41138133919,v11_0bd1fdc78b82addc8fb0,False,False,False,159915,159915,159915,False,False,False,16.339507444728195,16.54430479413705,16.54430479413705,0.0,5,5,1587,3.750313676286052,,0
2021-05-06,2021-05-06,2,5e398de03f6e0fa6ef3c866dc26b2c89fa44f412288419ee6517b41138133919,v11_0bd1fdc78b82addc8fb0,False,False,False,159915,510500,510500,True,False,True,16.54430479413705,16.073824396846437,16.070609631967066,0.0032147648793692876,6,0,1587,2.0772936887010363,,0
2021-05-07,2021-05-07,2,5e398de03f6e0fa6ef3c866dc26b2c89fa44f412288419ee6517b41138133919,v11_0bd1fdc78b82addc8fb0,False,False,False,510500,518880,518880,False,False,True,16.070609631967066,16.001301215357305,15.998100955114234,0.0032002602430714613,1,0,1587,1.4154607768469163,,0
2021-05-10,2021-05-10,2,5e398de03f6e0fa6ef3c866dc26b2c89fa44f412288419ee6517b41138133919,v11_0bd1fdc78b82addc8fb0,False,False,False,518880,518880,518880,False,False,False,15.998100955114234,16.054053420117324,16.054053420117324,0.0,1,1,1587,1.4204112718964212,,0
2021-05-11,2021-05-11,2,5e398de03f6e0fa6ef3c866dc26b2c89fa44f412288419ee6517b41138133919,v11_0bd1fdc78b82addc8fb0,False,False,False,518880,518880,518880,False,False,False,16.054053420117324,16.032533241269984,16.032533241269984,0.0,2,2,1587,1.4204112718964212,,0
2021-05-12,2021-05-12,2,5e398de03f6e0fa6ef3c866dc26b2c89fa44f412288419ee6517b41138133919,v11_0bd1fdc78b82addc8fb0,False,False,False,518880,518880,518880,False,False,False,16.032533241269984,16.062661491656264,16.062661491656264,0.0,3,3,1587,1.4211728865194222,,0
2021-05-13,2021-05-13,2,5e398de03f6e0fa6ef3c866dc26b2c89fa44f412288419ee6517b41138133919,v11_0bd1fdc78b82addc8fb0,False,False,False,518880,518880,518880,False,False,False,16.062661491656264,15.998100955114237,15.998100955114237,0.0,4,4,1587,1.4211728865194222,,0
2021-05-14,2021-05-14,2,5e398de03f6e0fa6ef3c866dc26b2c89fa44f412288419ee6517b41138133919,v11_0bd1fdc78b82addc8fb0,False,False,False,518880,518880,518880,False,False,False,15.998100955114237,16.09278974204254,16.09278974204254,0.0,5,5,1587,1.4238385376999247,,0
2021-05-17,2021-05-17,2,5e398de03f6e0fa6ef3c866dc26b2c89fa44f412288419ee6517b41138133919,v11_0bd1fdc78b82addc8fb0,False,False,False,518880,518880,518880,False,False,False,16.09278974204254,16.256343101282344,16.256343101282344,0.0,6,6,1587,1.4383092155369392,,0
2021-05-18,2021-05-18,2,5e398de03f6e0fa6ef3c866dc26b2c89fa44f412288419ee6517b41138133919,v11_0bd1fdc78b82addc8fb0,False,False,False,518880,518880,518880,False,False,False,16.256343101282344,16.363943995519055,16.363943995519055,0.0,7,7,1587,1.4478293983244488,,0
2021-05-19,2021-05-19,2,5e398de03f6e0fa6ef3c866dc26b2c89fa44f412288419ee6517b41138133919,v11_0bd1fdc78b82addc8fb0,False,False,False,518880,518880,518880,False,False,False,16.363943995519055,16.40698435321374,16.40698435321374,0.0,8,8,1587,1.4516374714394527,,0
2021-05-20,2021-05-20,2,5e398de03f6e0fa6ef3c866dc26b2c89fa44f412288419ee6517b41138133919,v11_0bd1fdc78b82addc8fb0,False,False,False,518880,518880,518880,False,False,False,16.40698435321374,16.402680317444272,16.402680317444272,0.0,9,9,1587,1.4516374714394527,,0
2021-05-21,2021-05-21,2,5e398de03f6e0fa6ef3c866dc26b2c89fa44f412288419ee6517b41138133919,v11_0bd1fdc78b82addc8fb0,False,False,False,518880,159915,159915,False,False,True,16.402680317444272,16.424200496291615,16.420915656192356,0.003284840099258323,10,0,1587,3.7791718946047466,,0
2021-05-24,2021-05-24,2,5e398de03f6e0fa6ef3c866dc26b2c89fa44f412288419ee6517b41138133919,v11_0bd1fdc78b82addc8fb0,False,False,False,159915,159915,159915,False,False,False,16.420915656192356,16.551759605644087,16.551759605644087,0.0,1,1,1587,3.8092848180677326,,0
2021-05-25,2021-05-25,2,5e398de03f6e0fa6ef3c866dc26b2c89fa44f412288419ee6517b41138133919,v11_0bd1fdc78b82addc8fb0,False,False,False,159915,159915,159915,False,False,False,16.551759605644087,17.004261597497994,17.004261597497994,0.0,2,2,1587,3.913425345043893,,0
2021-05-26,2021-05-26,2,5e398de03f6e0fa6ef3c866dc26b2c89fa44f412288419ee6517b41138133919,v11_0bd1fdc78b82addc8fb0,False,False,False,159915,159915,159915,False,False,False,17.004261597497994,16.873417648046264,16.873417648046264,0.0,3,3,1587,3.913425345043893,,0
2021-05-27,2021-05-27,2,5e398de03f6e0fa6ef3c866dc26b2c89fa44f412288419ee6517b41138133919,v11_0bd1fdc78b82addc8fb0,False,False,False,159915,159915,159915,False,False,False,16.873417648046264,16.99880976627084,16.99880976627084,0.0,4,4,1587,3.913425345043893,,0
2021-05-28,2021-05-28,2,5e398de03f6e0fa6ef3c866dc26b2c89fa44f412288419ee6517b41138133919,v11_0bd1fdc78b82addc8fb0,False,False,False,159915,159915,159915,False,False,False,16.99880976627084,17.015165259952305,17.015165259952305,0.0,5,5,1587,3.9159347553324753,,0
2021-05-31,2021-05-31,2,5e398de03f6e0fa6ef3c866dc26b2c89fa44f412288419ee6517b41138133919,v11_0bd1fdc78b82addc8fb0,False,False,False,159915,159915,159915,False,False,False,17.015165259952305,17.41860077076181,17.41860077076181,0.0,6,6,1587,4.008782936010015,,0
2021-06-01,2021-06-01,2,5e398de03f6e0fa6ef3c866dc26b2c89fa44f412288419ee6517b41138133919,v11_0bd1fdc78b82addc8fb0,False,False,False,159915,159915,159915,False,False,False,17.41860077076181,17.38043795217172,17.38043795217172,0.0,7,7,1587,4.008782936010015,,0
2021-06-02,2021-06-02,2,5e398de03f6e0fa6ef3c866dc26b2c89fa44f412288419ee6517b41138133919,v11_0bd1fdc78b82addc8fb0,False,False,False,159915,512890,512890,False,False,True,17.38043795217172,17.080587234678166,17.07717111723123,0.0034161174469356332,8,0,1587,1.5353938185443698,,0
2021-06-03,2021-06-03,2,5e398de03f6e0fa6ef3c866dc26b2c89fa44f412288419ee6517b41138133919,v11_0bd1fdc78b82addc8fb0,False,False,False,512890,512890,512890,False,False,False,17.07717111723123,17.032814828615045,17.032814828615045,0.0,1,1,1587,1.5353938185443698,,0
2021-06-04,2021-06-04,2,5e398de03f6e0fa6ef3c866dc26b2c89fa44f412288419ee6517b41138133919,v11_0bd1fdc78b82addc8fb0,False,False,False,512890,512890,512890,False,False,False,17.032814828615045,16.999547612152906,16.999547612152906,0.0,2,2,1587,1.5353938185443698,,0
2021-06-07,2021-06-07,2,5e398de03f6e0fa6ef3c866dc26b2c89fa44f412288419ee6517b41138133919,v11_0bd1fdc78b82addc8fb0,False,False,False,512890,512890,512890,False,False,False,16.999547612152906,16.822122457688167,16.822122457688167,0.0,3,3,1587,1.5353938185443698,,0
2021-06-08,2021-06-08,2,5e398de03f6e0fa6ef3c866dc26b2c89fa44f412288419ee6517b41138133919,v11_0bd1fdc78b82addc8fb0,False,False,False,512890,512890,512890,False,False,False,16.822122457688167,16.877567818458402,16.877567818458402,0.0,4,4,1587,1.5353938185443698,,0
2021-06-09,2021-06-09,2,5e398de03f6e0fa6ef3c866dc26b2c89fa44f412288419ee6517b41138133919,v11_0bd1fdc78b82addc8fb0,False,False,False,512890,512890,512890,False,False,False,16.877567818458402,16.899745962766495,16.899745962766495,0.0,5,5,1587,1.5353938185443698,,0
2021-06-10,2021-06-10,2,5e398de03f6e0fa6ef3c866dc26b2c89fa44f412288419ee6517b41138133919,v11_0bd1fdc78b82addc8fb0,False,False,False,512890,510500,510500,False,False,True,16.899745962766495,16.899745962766495,16.896366013573942,0.0033799491925532994,6,0,1587,2.180753780597944,,0
2021-06-11,2021-06-11,2,5e398de03f6e0fa6ef3c866dc26b2c89fa44f412288419ee6517b41138133919,v11_0bd1fdc78b82addc8fb0,False,False,False,510500,510500,510500,False,False,False,16.896366013573942,16.81351873786466,16.81351873786466,0.0,1,1,1587,2.180753780597944,,0
2021-06-15,2021-06-15,2,5e398de03f6e0fa6ef3c866dc26b2c89fa44f412288419ee6517b41138133919,v11_0bd1fdc78b82addc8fb0,False,False,False,510500,510500,510500,False,False,False,16.81351873786466,16.60975922193102,16.60975922193102,0.0,2,2,1587,2.180753780597944,,0
2021-06-16,2021-06-16,2,5e398de03f6e0fa6ef3c866dc26b2c89fa44f412288419ee6517b41138133919,v11_0bd1fdc78b82addc8fb0,False,False,False,510500,513100,513100,False,False,True,16.60975922193102,16.408238821557095,16.404957173792784,0.0032816477643114192,3,0,1587,4.616850551654969,,0
2021-06-17,2021-06-17,2,5e398de03f6e0fa6ef3c866dc26b2c89fa44f412288419ee6517b41138133919,v11_0bd1fdc78b82addc8fb0,False,False,False,513100,513100,513100,False,False,False,16.404957173792784,16.35149761315692,16.35149761315692,0.0,1,1,1587,4.616850551654969,,0
2021-06-18,2021-06-18,2,5e398de03f6e0fa6ef3c866dc26b2c89fa44f412288419ee6517b41138133919,v11_0bd1fdc78b82addc8fb0,False,False,False,513100,513100,513100,False,False,False,16.35149761315692,16.693638801226463,16.693638801226463,0.0,2,2,1587,4.698094282848551,,0
2021-06-21,2021-06-21,2,5e398de03f6e0fa6ef3c866dc26b2c89fa44f412288419ee6517b41138133919,v11_0bd1fdc78b82addc8fb0,False,False,False,513100,513100,513100,False,False,False,16.693638801226463,16.540388060736976,16.540388060736976,0.0,3,3,1587,4.698094282848551,,0
2021-06-22,2021-06-22,2,5e398de03f6e0fa6ef3c866dc26b2c89fa44f412288419ee6517b41138133919,v11_0bd1fdc78b82addc8fb0,False,False,False,513100,513100,513100,False,False,False,16.540388060736976,16.64730718200871,16.64730718200871,0.0,4,4,1587,4.698094282848551,,0
2021-06-23,2021-06-23,2,5e398de03f6e0fa6ef3c866dc26b2c89fa44f412288419ee6517b41138133919,v11_0bd1fdc78b82addc8fb0,False,False,False,513100,513100,513100,False,False,False,16.64730718200871,16.903913073060867,16.903913073060867,0.0,5,5,1587,4.757271815446344,,0
2021-06-24,2021-06-24,2,5e398de03f6e0fa6ef3c866dc26b2c89fa44f412288419ee6517b41138133919,v11_0bd1fdc78b82addc8fb0,False,False,False,513100,513100,513100,False,False,False,16.903913073060867,16.90034910235181,16.90034910235181,0.0,6,6,1587,4.757271815446344,,0
2021-06-25,2021-06-25,2,5e398de03f6e0fa6ef3c866dc26b2c89fa44f412288419ee6517b41138133919,v11_0bd1fdc78b82addc8fb0,False,False,False,513100,513100,513100,False,False,False,16.90034910235181,16.95024469227862,16.95024469227862,0.0,7,7,1587,4.7703109327984,,0
2021-06-28,2021-06-28,2,5e398de03f6e0fa6ef3c866dc26b2c89fa44f412288419ee6517b41138133919,v11_0bd1fdc78b82addc8fb0,False,False,False,513100,513100,513100,False,False,False,16.95024469227862,16.989448370078257,16.989448370078257,0.0,8,8,1587,4.781344032096293,,0
2021-06-29,2021-06-29,2,5e398de03f6e0fa6ef3c866dc26b2c89fa44f412288419ee6517b41138133919,v11_0bd1fdc78b82addc8fb0,False,False,False,513100,513100,513100,False,False,False,16.989448370078257,17.117751315604334,17.117751315604334,0.0,9,9,1587,4.817452357071217,,0
2021-06-30,2021-06-30,2,5e398de03f6e0fa6ef3c866dc26b2c89fa44f412288419ee6517b41138133919,v11_0bd1fdc78b82addc8fb0,False,False,False,513100,513100,513100,False,False,False,17.117751315604334,17.238926319712295,17.238926319712295,0.0,10,10,1587,4.85155466399198,,0
2021-07-01,2021-07-01,2,5e398de03f6e0fa6ef3c866dc26b2c89fa44f412288419ee6517b41138133919,v11_0bd1fdc78b82addc8fb0,False,False,False,513100,513100,513100,False,False,False,17.238926319712295,17.203286612621717,17.203286612621717,0.0,11,11,1587,4.85155466399198,,0
2021-07-02,2021-07-02,2,5e398de03f6e0fa6ef3c866dc26b2c89fa44f412288419ee6517b41138133919,v11_0bd1fdc78b82addc8fb0,False,False,False,513100,513100,513100,False,False,False,17.203286612621717,17.206850583330777,17.206850583330777,0.0,12,12,1587,4.85155466399198,,0
2021-07-05,2021-07-05,2,5e398de03f6e0fa6ef3c866dc26b2c89fa44f412288419ee6517b41138133919,v11_0bd1fdc78b82addc8fb0,False,False,False,513100,513100,513100,False,False,False,17.206850583330777,17.402868972328953,17.402868972328953,0.0,13,13,1587,4.897693079237718,,0
2021-07-06,2021-07-06,2,5e398de03f6e0fa6ef3c866dc26b2c89fa44f412288419ee6517b41138133919,v11_0bd1fdc78b82addc8fb0,False,False,False,513100,513100,513100,False,False,False,17.402868972328953,17.417124855165184,17.417124855165184,0.0,14,14,1587,4.901705115346043,,0
2021-07-07,2021-07-07,2,5e398de03f6e0fa6ef3c866dc26b2c89fa44f412288419ee6517b41138133919,v11_0bd1fdc78b82addc8fb0,False,False,False,513100,513100,513100,False,False,False,17.417124855165184,17.531171917855033,17.531171917855033,0.0,15,15,1587,4.933801404212643,,0
2021-07-08,2021-07-08,2,5e398de03f6e0fa6ef3c866dc26b2c89fa44f412288419ee6517b41138133919,v11_0bd1fdc78b82addc8fb0,False,False,False,513100,513100,513100,False,False,False,17.531171917855033,17.499096181473515,17.499096181473515,0.0,16,16,1587,4.933801404212643,,0
2021-07-09,2021-07-09,2,5e398de03f6e0fa6ef3c866dc26b2c89fa44f412288419ee6517b41138133919,v11_0bd1fdc78b82addc8fb0,False,False,False,513100,513100,513100,False,False,False,17.499096181473515,17.47414838651011,17.47414838651011,0.0,17,17,1587,4.933801404212643,,0
2021-07-12,2021-07-12,2,5e398de03f6e0fa6ef3c866dc26b2c89fa44f412288419ee6517b41138133919,v11_0bd1fdc78b82addc8fb0,False,False,False,513100,513100,513100,False,False,False,17.47414838651011,17.5846314784909,17.5846314784909,0.0,18,18,1587,4.948846539618862,,0
2021-07-13,2021-07-13,2,5e398de03f6e0fa6ef3c866dc26b2c89fa44f412288419ee6517b41138133919,v11_0bd1fdc78b82addc8fb0,False,False,False,513100,513100,513100,False,False,False,17.5846314784909,17.606015302745245,17.606015302745245,0.0,19,19,1587,4.95486459378135,,0
2021-07-14,2021-07-14,2,5e398de03f6e0fa6ef3c866dc26b2c89fa44f412288419ee6517b41138133919,v11_0bd1fdc78b82addc8fb0,False,False,False,513100,513100,513100,False,False,False,17.606015302745245,17.59888736132713,17.59888736132713,0.0,20,20,1587,4.95486459378135,,0
2021-07-15,2021-07-15,2,5e398de03f6e0fa6ef3c866dc26b2c89fa44f412288419ee6517b41138133919,v11_0bd1fdc78b82addc8fb0,False,False,False,513100,512400,512400,False,False,True,17.59888736132713,17.634527068417707,17.631000163004025,0.0035269054136835417,21,0,1587,1.293436293436299,,0
2021-07-16,2021-07-16,2,5e398de03f6e0fa6ef3c866dc26b2c89fa44f412288419ee6517b41138133919,v11_0bd1fdc78b82addc8fb0,False,False,False,512400,513100,513100,False,False,True,17.631000163004025,17.67047255142866,17.666938456918373,0.003534094510285732,1,0,1587,4.917753259779342,,0
2021-07-19,2021-07-19,2,5e398de03f6e0fa6ef3c866dc26b2c89fa44f412288419ee6517b41138133919,v11_0bd1fdc78b82addc8fb0,False,False,False,513100,512400,512400,False,False,True,17.666938456918373,17.56244300204368,17.558930513443272,0.003512488600408736,1,0,1587,1.2847490347490405,,0
2021-07-20,2021-07-20,2,5e398de03f6e0fa6ef3c866dc26b2c89fa44f412288419ee6517b41138133919,v11_0bd1fdc78b82addc8fb0,False,False,False,512400,512400,512400,False,False,False,17.558930513443272,17.59850736659153,17.59850736659153,0.0,1,1,1587,1.2876447876447934,,0
2021-07-21,2021-07-21,2,5e398de03f6e0fa6ef3c866dc26b2c89fa44f412288419ee6517b41138133919,v11_0bd1fdc78b82addc8fb0,False,False,False,512400,512400,512400,False,False,False,17.59850736659153,18.482390420235934,18.482390420235934,0.0,2,2,1587,1.3523166023166084,,0
2021-07-22,2021-07-22,2,5e398de03f6e0fa6ef3c866dc26b2c89fa44f412288419ee6517b41138133919,v11_0bd1fdc78b82addc8fb0,False,False,False,512400,512400,512400,False,False,False,18.482390420235934,18.86496666733575,18.86496666733575,0.0,3,3,1587,1.3803088803088865,,0
2021-07-23,2021-07-23,2,5e398de03f6e0fa6ef3c866dc26b2c89fa44f412288419ee6517b41138133919,v11_0bd1fdc78b82addc8fb0,False,False,False,512400,513100,513100,False,False,True,18.86496666733575,18.86496666733575,18.861193674002283,0.0037729933334671503,4,0,1587,4.989969909729192,,0
2021-07-26,2021-07-26,2,5e398de03f6e0fa6ef3c866dc26b2c89fa44f412288419ee6517b41138133919,v11_0bd1fdc78b82addc8fb0,False,False,False,513100,513100,513100,False,False,False,18.861193674002283,19.11141252475287,19.11141252475287,0.0,1,1,1587,5.056168505516554,,0
2021-07-27,2021-07-27,2,5e398de03f6e0fa6ef3c866dc26b2c89fa44f412288419ee6517b41138133919,v11_0bd1fdc78b82addc8fb0,False,False,False,513100,513100,513100,False,False,False,19.11141252475287,19.069709382961104,19.069709382961104,0.0,2,2,1587,5.056168505516554,,0
2021-07-28,2021-07-28,2,5e398de03f6e0fa6ef3c866dc26b2c89fa44f412288419ee6517b41138133919,v11_0bd1fdc78b82addc8fb0,False,False,False,513100,513100,513100,False,False,False,19.069709382961104,18.880149647543995,18.880149647543995,0.0,3,3,1587,5.056168505516554,,0
2021-07-29,2021-07-29,2,5e398de03f6e0fa6ef3c866dc26b2c89fa44f412288419ee6517b41138133919,v11_0bd1fdc78b82addc8fb0,False,False,False,513100,513100,513100,False,False,False,18.880149647543995,18.94080876287747,18.94080876287747,0.0,4,4,1587,5.056168505516554,,0
2021-07-30,2021-07-30,2,5e398de03f6e0fa6ef3c866dc26b2c89fa44f412288419ee6517b41138133919,v11_0bd1fdc78b82addc8fb0,False,False,False,513100,513100,513100,False,False,False,18.94080876287747,18.622348407376723,18.622348407376723,0.0,5,5,1587,5.056168505516554,,0
2021-08-02,2021-08-02,2,5e398de03f6e0fa6ef3c866dc26b2c89fa44f412288419ee6517b41138133919,v11_0bd1fdc78b82addc8fb0,False,False,False,513100,513100,513100,False,False,False,18.622348407376723,18.88014964754399,18.88014964754399,0.0,6,6,1587,5.056168505516554,,0
2021-08-03,2021-08-03,2,5e398de03f6e0fa6ef3c866dc26b2c89fa44f412288419ee6517b41138133919,v11_0bd1fdc78b82addc8fb0,False,False,False,513100,513100,513100,False,False,False,18.88014964754399,18.834655311043885,18.834655311043885,0.0,7,7,1587,5.056168505516554,,0
2021-08-04,2021-08-04,2,5e398de03f6e0fa6ef3c866dc26b2c89fa44f412288419ee6517b41138133919,v11_0bd1fdc78b82addc8fb0,False,False,False,513100,513100,513100,False,False,False,18.834655311043885,18.959764736419178,18.959764736419178,0.0,8,8,1587,5.056168505516554,,0
2021-08-05,2021-08-05,2,5e398de03f6e0fa6ef3c866dc26b2c89fa44f412288419ee6517b41138133919,v11_0bd1fdc78b82addc8fb0,False,False,False,513100,513100,513100,False,False,False,18.959764736419178,18.94080876287747,18.94080876287747,0.0,9,9,1587,5.056168505516554,,0
2021-08-06,2021-08-06,2,5e398de03f6e0fa6ef3c866dc26b2c89fa44f412288419ee6517b41138133919,v11_0bd1fdc78b82addc8fb0,False,False,False,513100,513100,513100,False,False,False,18.94080876287747,19.08108296708613,19.08108296708613,0.0,10,10,1587,5.056168505516554,,0
2021-08-09,2021-08-09,2,5e398de03f6e0fa6ef3c866dc26b2c89fa44f412288419ee6517b41138133919,v11_0bd1fdc78b82addc8fb0,False,False,False,513100,513100,513100,False,False,False,19.08108296708613,18.986303099377572,18.986303099377572,0.0,11,11,1587,5.056168505516554,,0
2021-08-10,2021-08-10,2,5e398de03f6e0fa6ef3c866dc26b2c89fa44f412288419ee6517b41138133919,v11_0bd1fdc78b82addc8fb0,False,False,False,513100,513100,513100,False,False,False,18.986303099377572,19.07350057766944,19.07350057766944,0.0,12,12,1587,5.056168505516554,,0
2021-08-11,2021-08-11,2,5e398de03f6e0fa6ef3c866dc26b2c89fa44f412288419ee6517b41138133919,v11_0bd1fdc78b82addc8fb0,False,False,False,513100,513100,513100,False,False,False,19.07350057766944,18.978720709960886,18.978720709960886,0.0,13,13,1587,5.056168505516554,,0
2021-08-12,2021-08-12,2,5e398de03f6e0fa6ef3c866dc26b2c89fa44f412288419ee6517b41138133919,v11_0bd1fdc78b82addc8fb0,False,False,False,513100,513100,513100,False,False,False,18.978720709960886,18.925643984044097,18.925643984044097,0.0,14,14,1587,5.056168505516554,,0
2021-08-13,2021-08-13,2,5e398de03f6e0fa6ef3c866dc26b2c89fa44f412288419ee6517b41138133919,v11_0bd1fdc78b82addc8fb0,False,False,False,513100,513100,513100,False,False,False,18.925643984044097,18.993885488794255,18.993885488794255,0.0,15,15,1587,5.056168505516554,,0
2021-08-16,2021-08-16,2,5e398de03f6e0fa6ef3c866dc26b2c89fa44f412288419ee6517b41138133919,v11_0bd1fdc78b82addc8fb0,False,False,False,513100,513100,513100,False,False,False,18.993885488794255,19.03937982529436,19.03937982529436,0.0,16,16,1587,5.056168505516554,,0
2021-08-17,2021-08-17,2,5e398de03f6e0fa6ef3c866dc26b2c89fa44f412288419ee6517b41138133919,v11_0bd1fdc78b82addc8fb0,False,False,False,513100,513100,513100,False,False,False,19.03937982529436,19.103830135336175,19.103830135336175,0.0,17,17,1587,5.056168505516554,,0
2021-08-18,2021-08-18,2,5e398de03f6e0fa6ef3c866dc26b2c89fa44f412288419ee6517b41138133919,v11_0bd1fdc78b82addc8fb0,False,False,False,513100,513100,513100,False,False,False,19.103830135336175,18.99009429408591,18.99009429408591,0.0,18,18,1587,5.056168505516554,,0
2021-08-19,2021-08-19,2,5e398de03f6e0fa6ef3c866dc26b2c89fa44f412288419ee6517b41138133919,v11_0bd1fdc78b82addc8fb0,False,False,False,513100,513100,513100,False,False,False,18.99009429408591,18.66026035446014,18.66026035446014,0.0,19,19,1587,5.056168505516554,,0
2021-08-20,2021-08-20,2,5e398de03f6e0fa6ef3c866dc26b2c89fa44f412288419ee6517b41138133919,v11_0bd1fdc78b82addc8fb0,False,False,False,513100,513100,513100,False,False,False,18.66026035446014,18.834655311043882,18.834655311043882,0.0,20,20,1587,5.056168505516554,,0
2021-08-23,2021-08-23,2,5e398de03f6e0fa6ef3c866dc26b2c89fa44f412288419ee6517b41138133919,v11_0bd1fdc78b82addc8fb0,False,False,False,513100,513100,513100,False,False,False,18.834655311043882,19.145533277127942,19.145533277127942,0.0,21,21,1587,5.065195586760285,,0
2021-08-24,2021-08-24,2,5e398de03f6e0fa6ef3c866dc26b2c89fa44f412288419ee6517b41138133919,v11_0bd1fdc78b82addc8fb0,False,False,False,513100,513100,513100,False,False,False,19.145533277127942,19.42229049083692,19.42229049083692,0.0,22,22,1587,5.138415245737216,,0
2021-08-25,2021-08-25,2,5e398de03f6e0fa6ef3c866dc26b2c89fa44f412288419ee6517b41138133919,v11_0bd1fdc78b82addc8fb0,False,False,False,513100,513100,513100,False,False,False,19.42229049083692,19.40333451729521,19.40333451729521,0.0,23,23,1587,5.138415245737216,,0
2021-08-26,2021-08-26,2,5e398de03f6e0fa6ef3c866dc26b2c89fa44f412288419ee6517b41138133919,v11_0bd1fdc78b82addc8fb0,False,False,False,513100,513100,513100,False,False,False,19.40333451729521,19.376796154336812,19.376796154336812,0.0,24,24,1587,5.138415245737216,,0
2021-08-27,2021-08-27,2,5e398de03f6e0fa6ef3c866dc26b2c89fa44f412288419ee6517b41138133919,v11_0bd1fdc78b82addc8fb0,False,False,False,513100,513100,513100,False,False,False,19.376796154336812,19.391960933170182,19.391960933170182,0.0,25,25,1587,5.138415245737216,,0
2021-08-30,2021-08-30,2,5e398de03f6e0fa6ef3c866dc26b2c89fa44f412288419ee6517b41138133919,v11_0bd1fdc78b82addc8fb0,False,False,False,513100,513100,513100,False,False,False,19.391960933170182,19.539817526795524,19.539817526795524,0.0,26,26,1587,5.169508525576735,,0
2021-08-31,2021-08-31,2,5e398de03f6e0fa6ef3c866dc26b2c89fa44f412288419ee6517b41138133919,v11_0bd1fdc78b82addc8fb0,False,False,False,513100,513100,513100,False,False,False,19.539817526795524,19.80520115637948,19.80520115637948,0.0,27,27,1587,5.239719157472423,,0
2021-09-01,2021-09-01,2,5e398de03f6e0fa6ef3c866dc26b2c89fa44f412288419ee6517b41138133919,v11_0bd1fdc78b82addc8fb0,False,False,False,513100,513100,513100,False,False,False,19.80520115637948,19.714212483379267,19.714212483379267,0.0,28,28,1587,5.239719157472423,,0
2021-09-02,2021-09-02,2,5e398de03f6e0fa6ef3c866dc26b2c89fa44f412288419ee6517b41138133919,v11_0bd1fdc78b82addc8fb0,False,False,False,513100,513100,513100,False,False,False,19.714212483379267,19.687674120420873,19.687674120420873,0.0,29,29,1587,5.239719157472423,,0
2021-09-03,2021-09-03,2,5e398de03f6e0fa6ef3c866dc26b2c89fa44f412288419ee6517b41138133919,v11_0bd1fdc78b82addc8fb0,False,False,False,513100,513100,513100,False,False,False,19.687674120420873,19.645970978629112,19.645970978629112,0.0,30,30,1587,5.239719157472423,,0
2021-09-06,2021-09-06,2,5e398de03f6e0fa6ef3c866dc26b2c89fa44f412288419ee6517b41138133919,v11_0bd1fdc78b82addc8fb0,False,False,False,513100,513100,513100,False,False,False,19.645970978629112,19.695256509837563,19.695256509837563,0.0,31,31,1587,5.239719157472423,,0
2021-09-07,2021-09-07,2,5e398de03f6e0fa6ef3c866dc26b2c89fa44f412288419ee6517b41138133919,v11_0bd1fdc78b82addc8fb0,False,False,False,513100,513100,513100,False,False,False,19.695256509837563,19.71421248337927,19.71421248337927,0.0,32,32,1587,5.239719157472423,,0
2021-09-08,2021-09-08,2,5e398de03f6e0fa6ef3c866dc26b2c89fa44f412288419ee6517b41138133919,v11_0bd1fdc78b82addc8fb0,False,False,False,513100,513100,513100,False,False,False,19.71421248337927,19.687674120420876,19.687674120420876,0.0,33,33,1587,5.239719157472423,,0
2021-09-09,2021-09-09,2,5e398de03f6e0fa6ef3c866dc26b2c89fa44f412288419ee6517b41138133919,v11_0bd1fdc78b82addc8fb0,False,False,False,513100,513100,513100,False,False,False,19.687674120420876,19.581520668587295,19.581520668587295,0.0,34,34,1587,5.239719157472423,,0
2021-09-10,2021-09-10,2,5e398de03f6e0fa6ef3c866dc26b2c89fa44f412288419ee6517b41138133919,v11_0bd1fdc78b82addc8fb0,False,False,False,513100,513100,513100,False,False,False,19.581520668587295,19.517070358545478,19.517070358545478,0.0,35,35,1587,5.239719157472423,,0
2021-09-13,2021-09-13,2,5e398de03f6e0fa6ef3c866dc26b2c89fa44f412288419ee6517b41138133919,v11_0bd1fdc78b82addc8fb0,False,False,False,513100,513100,513100,False,False,False,19.517070358545478,19.418499296128584,19.418499296128584,0.0,36,36,1587,5.239719157472423,,0
2021-09-14,2021-09-14,2,5e398de03f6e0fa6ef3c866dc26b2c89fa44f412288419ee6517b41138133919,v11_0bd1fdc78b82addc8fb0,False,False,False,513100,513100,513100,False,False,False,19.418499296128584,19.304763454878316,19.304763454878316,0.0,37,37,1587,5.239719157472423,,0
2021-09-15,2021-09-15,2,5e398de03f6e0fa6ef3c866dc26b2c89fa44f412288419ee6517b41138133919,v11_0bd1fdc78b82addc8fb0,False,False,False,513100,513100,513100,False,False,False,19.304763454878316,19.263060313086555,19.263060313086555,0.0,38,38,1587,5.239719157472423,,0
2021-09-16,2021-09-16,2,5e398de03f6e0fa6ef3c866dc26b2c89fa44f412288419ee6517b41138133919,v11_0bd1fdc78b82addc8fb0,False,False,False,513100,513100,513100,False,False,False,19.263060313086555,19.357840180795108,19.357840180795108,0.0,39,39,1587,5.239719157472423,,0
2021-09-17,2021-09-17,2,5e398de03f6e0fa6ef3c866dc26b2c89fa44f412288419ee6517b41138133919,v11_0bd1fdc78b82addc8fb0,False,False,False,513100,513100,513100,False,False,False,19.357840180795108,19.46778482733703,19.46778482733703,0.0,40,40,1587,5.239719157472423,,0
2021-09-22,2021-09-22,2,5e398de03f6e0fa6ef3c866dc26b2c89fa44f412288419ee6517b41138133919,v11_0bd1fdc78b82addc8fb0,False,False,False,513100,518880,518880,True,False,True,19.46778482733703,18.99009429408592,18.986296275227105,0.0037980188588171843,41,0,1587,1.3861386138613874,,0
2021-09-23,2021-09-23,2,5e398de03f6e0fa6ef3c866dc26b2c89fa44f412288419ee6517b41138133919,v11_0bd1fdc78b82addc8fb0,False,False,False,518880,513100,513100,False,False,True,18.986296275227105,18.80373573411915,18.799974986972327,0.0037607471468238305,1,0,1587,5.070210631895693,,0
2021-09-24,2021-09-24,2,5e398de03f6e0fa6ef3c866dc26b2c89fa44f412288419ee6517b41138133919,v11_0bd1fdc78b82addc8fb0,False,False,False,513100,513100,513100,False,False,False,18.799974986972327,18.837165837589488,18.837165837589488,0.0,1,1,1587,5.080240722166507,,0
2021-09-27,2021-09-27,2,5e398de03f6e0fa6ef3c866dc26b2c89fa44f412288419ee6517b41138133919,v11_0bd1fdc78b82addc8fb0,False,False,False,513100,513100,513100,False,False,False,18.837165837589488,18.95245747450267,18.95245747450267,0.0,2,2,1587,5.111334002006025,,0
2021-09-28,2021-09-28,2,5e398de03f6e0fa6ef3c866dc26b2c89fa44f412288419ee6517b41138133919,v11_0bd1fdc78b82addc8fb0,False,False,False,513100,513100,513100,False,False,False,18.95245747450267,18.614020733886548,18.614020733886548,0.0,3,3,1587,5.111334002006025,,0
2021-09-29,2021-09-29,2,5e398de03f6e0fa6ef3c866dc26b2c89fa44f412288419ee6517b41138133919,v11_0bd1fdc78b82addc8fb0,False,False,False,513100,513100,513100,False,False,False,18.614020733886548,18.34996569450474,18.34996569450474,0.0,4,4,1587,5.111334002006025,,0
2021-09-30,2021-09-30,2,5e398de03f6e0fa6ef3c866dc26b2c89fa44f412288419ee6517b41138133919,v11_0bd1fdc78b82addc8fb0,False,False,False,513100,513100,513100,False,False,False,18.34996569450474,18.387156545121893,18.387156545121893,0.0,5,5,1587,5.111334002006025,,0
2021-10-08,2021-10-08,2,5e398de03f6e0fa6ef3c866dc26b2c89fa44f412288419ee6517b41138133919,v11_0bd1fdc78b82addc8fb0,False,False,False,513100,513100,513100,False,False,False,18.387156545121893,18.361122949689886,18.361122949689886,0.0,6,6,1587,5.111334002006025,,0
2021-10-11,2021-10-11,2,5e398de03f6e0fa6ef3c866dc26b2c89fa44f412288419ee6517b41138133919,v11_0bd1fdc78b82addc8fb0,False,False,False,513100,518880,518880,False,False,True,18.361122949689886,18.15285418623381,18.149223615396565,0.003630570837246762,7,0,1587,1.3606245239908616,,0
2021-10-12,2021-10-12,2,5e398de03f6e0fa6ef3c866dc26b2c89fa44f412288419ee6517b41138133919,v11_0bd1fdc78b82addc8fb0,False,False,False,518880,518880,518880,False,False,False,18.149223615396565,18.240655472401084,18.240655472401084,0.0,1,1,1587,1.3674790555978686,,0
2021-10-13,2021-10-13,2,5e398de03f6e0fa6ef3c866dc26b2c89fa44f412288419ee6517b41138133919,v11_0bd1fdc78b82addc8fb0,False,False,False,518880,518880,518880,False,False,False,18.240655472401084,18.23557592478972,18.23557592478972,0.0,2,2,1587,1.3674790555978686,,0
2021-10-14,2021-10-14,2,5e398de03f6e0fa6ef3c866dc26b2c89fa44f412288419ee6517b41138133919,v11_0bd1fdc78b82addc8fb0,False,False,False,518880,518880,518880,False,False,False,18.23557592478972,18.469235114912376,18.469235114912376,0.0,3,3,1587,1.3846153846153857,,0
2021-10-15,2021-10-15,2,5e398de03f6e0fa6ef3c866dc26b2c89fa44f412288419ee6517b41138133919,v11_0bd1fdc78b82addc8fb0,False,False,False,518880,518880,518880,False,False,False,18.469235114912376,18.43367828163284,18.43367828163284,0.0,4,4,1587,1.3846153846153857,,0
2021-10-18,2021-10-18,2,5e398de03f6e0fa6ef3c866dc26b2c89fa44f412288419ee6517b41138133919,v11_0bd1fdc78b82addc8fb0,False,False,False,518880,518880,518880,False,False,False,18.43367828163284,18.184780448676097,18.184780448676097,0.0,5,5,1587,1.3846153846153857,,0
2021-10-19,2021-10-19,2,5e398de03f6e0fa6ef3c866dc26b2c89fa44f412288419ee6517b41138133919,v11_0bd1fdc78b82addc8fb0,False,False,False,518880,518880,518880,False,False,False,18.184780448676097,18.25589411523516,18.25589411523516,0.0,6,6,1587,1.3846153846153857,,0
2021-10-20,2021-10-20,2,5e398de03f6e0fa6ef3c866dc26b2c89fa44f412288419ee6517b41138133919,v11_0bd1fdc78b82addc8fb0,False,False,False,518880,518880,518880,False,False,False,18.25589411523516,18.20509863912154,18.20509863912154,0.0,7,7,1587,1.3846153846153857,,0
2021-10-21,2021-10-21,2,5e398de03f6e0fa6ef3c866dc26b2c89fa44f412288419ee6517b41138133919,v11_0bd1fdc78b82addc8fb0,False,False,False,518880,513100,513100,False,False,True,18.20509863912154,18.291450948514697,18.287792658324996,0.00365829018970294,8,0,1587,5.062186559679043,,0
2021-10-22,2021-10-22,2,5e398de03f6e0fa6ef3c866dc26b2c89fa44f412288419ee6517b41138133919,v11_0bd1fdc78b82addc8fb0,False,False,False,513100,513100,513100,False,False,False,18.287792658324996,18.35301561609196,18.35301561609196,0.0,1,1,1587,5.080240722166506,,0
2021-10-25,2021-10-25,2,5e398de03f6e0fa6ef3c866dc26b2c89fa44f412288419ee6517b41138133919,v11_0bd1fdc78b82addc8fb0,False,False,False,513100,513100,513100,False,False,False,18.35301561609196,18.262428174748955,18.262428174748955,0.0,2,2,1587,5.080240722166506,,0
2021-10-26,2021-10-26,2,5e398de03f6e0fa6ef3c866dc26b2c89fa44f412288419ee6517b41138133919,v11_0bd1fdc78b82addc8fb0,False,False,False,513100,513100,513100,False,False,False,18.262428174748955,18.490708526933314,18.490708526933314,0.0,3,3,1587,5.118355065195592,,0
2021-10-27,2021-10-27,2,5e398de03f6e0fa6ef3c866dc26b2c89fa44f412288419ee6517b41138133919,v11_0bd1fdc78b82addc8fb0,False,False,False,513100,513100,513100,False,False,False,18.490708526933314,18.461720545703557,18.461720545703557,0.0,4,4,1587,5.118355065195592,,0
2021-10-28,2021-10-28,2,5e398de03f6e0fa6ef3c866dc26b2c89fa44f412288419ee6517b41138133919,v11_0bd1fdc78b82addc8fb0,False,False,False,513100,513100,513100,False,False,False,18.461720545703557,18.537813996431677,18.537813996431677,0.0,5,5,1587,5.131394182547648,,0
2021-10-29,2021-10-29,2,5e398de03f6e0fa6ef3c866dc26b2c89fa44f412288419ee6517b41138133919,v11_0bd1fdc78b82addc8fb0,False,False,False,513100,513100,513100,False,False,False,18.537813996431677,18.559554982353998,18.559554982353998,0.0,6,6,1587,5.137412236710136,,0
2021-11-01,2021-11-01,2,5e398de03f6e0fa6ef3c866dc26b2c89fa44f412288419ee6517b41138133919,v11_0bd1fdc78b82addc8fb0,False,False,False,513100,513100,513100,False,False,False,18.559554982353998,18.87117578057392,18.87117578057392,0.0,7,7,1587,5.223671013039124,,0
2021-11-02,2021-11-02,2,5e398de03f6e0fa6ef3c866dc26b2c89fa44f412288419ee6517b41138133919,v11_0bd1fdc78b82addc8fb0,False,False,False,513100,513100,513100,False,False,False,18.87117578057392,18.90741075711112,18.90741075711112,0.0,8,8,1587,5.233701103309936,,0
2021-11-03,2021-11-03,2,5e398de03f6e0fa6ef3c866dc26b2c89fa44f412288419ee6517b41138133919,v11_0bd1fdc78b82addc8fb0,False,False,False,513100,513100,513100,False,False,False,18.90741075711112,18.99799819845412,18.99799819845412,0.0,9,9,1587,5.258776328986967,,0
2021-11-04,2021-11-04,2,5e398de03f6e0fa6ef3c866dc26b2c89fa44f412288419ee6517b41138133919,v11_0bd1fdc78b82addc8fb0,False,False,False,513100,513100,513100,False,False,False,18.99799819845412,19.25889002952196,19.25889002952196,0.0,10,10,1587,5.330992978936816,,0
2021-11-05,2021-11-05,2,5e398de03f6e0fa6ef3c866dc26b2c89fa44f412288419ee6517b41138133919,v11_0bd1fdc78b82addc8fb0,False,False,False,513100,513100,513100,False,False,False,19.25889002952196,19.49441737701376,19.49441737701376,0.0,11,11,1587,5.396188565697097,,0
2021-11-08,2021-11-08,2,5e398de03f6e0fa6ef3c866dc26b2c89fa44f412288419ee6517b41138133919,v11_0bd1fdc78b82addc8fb0,False,False,False,513100,513100,513100,False,False,False,19.49441737701376,19.429194419246798,19.429194419246798,0.0,12,12,1587,5.396188565697097,,0
2021-11-09,2021-11-09,2,5e398de03f6e0fa6ef3c866dc26b2c89fa44f412288419ee6517b41138133919,v11_0bd1fdc78b82addc8fb0,False,False,False,513100,513100,513100,False,False,False,19.429194419246798,19.45093540516912,19.45093540516912,0.0,13,13,1587,5.396188565697097,,0
2021-11-10,2021-11-10,2,5e398de03f6e0fa6ef3c866dc26b2c89fa44f412288419ee6517b41138133919,v11_0bd1fdc78b82addc8fb0,False,False,False,513100,513100,513100,False,False,False,19.45093540516912,19.262513527175674,19.262513527175674,0.0,14,14,1587,5.396188565697097,,0
2021-11-11,2021-11-11,2,5e398de03f6e0fa6ef3c866dc26b2c89fa44f412288419ee6517b41138133919,v11_0bd1fdc78b82addc8fb0,False,False,False,513100,513100,513100,False,False,False,19.262513527175674,19.103079630411994,19.103079630411994,0.0,15,15,1587,5.396188565697097,,0
2021-11-12,2021-11-12,2,5e398de03f6e0fa6ef3c866dc26b2c89fa44f412288419ee6517b41138133919,v11_0bd1fdc78b82addc8fb0,False,False,False,513100,513100,513100,False,False,False,19.103079630411994,19.09583263510455,19.09583263510455,0.0,16,16,1587,5.396188565697097,,0
2021-11-15,2021-11-15,2,5e398de03f6e0fa6ef3c866dc26b2c89fa44f412288419ee6517b41138133919,v11_0bd1fdc78b82addc8fb0,False,False,False,513100,513100,513100,False,False,False,19.09583263510455,19.334983480250074,19.334983480250074,0.0,17,17,1587,5.396188565697097,,0
2021-11-16,2021-11-16,2,5e398de03f6e0fa6ef3c866dc26b2c89fa44f412288419ee6517b41138133919,v11_0bd1fdc78b82addc8fb0,False,False,False,513100,513100,513100,False,False,False,19.334983480250074,19.219031555331032,19.219031555331032,0.0,18,18,1587,5.396188565697097,,0
2021-11-17,2021-11-17,2,5e398de03f6e0fa6ef3c866dc26b2c89fa44f412288419ee6517b41138133919,v11_0bd1fdc78b82addc8fb0,False,False,False,513100,513100,513100,False,False,False,19.219031555331032,19.374841954440992,19.374841954440992,0.0,19,19,1587,5.396188565697097,,0
2021-11-18,2021-11-18,2,5e398de03f6e0fa6ef3c866dc26b2c89fa44f412288419ee6517b41138133919,v11_0bd1fdc78b82addc8fb0,False,False,False,513100,513100,513100,False,False,False,19.374841954440992,19.41832392628563,19.41832392628563,0.0,20,20,1587,5.396188565697097,,0
2021-11-19,2021-11-19,2,5e398de03f6e0fa6ef3c866dc26b2c89fa44f412288419ee6517b41138133919,v11_0bd1fdc78b82addc8fb0,False,False,False,513100,513100,513100,False,False,False,19.41832392628563,19.686462752660912,19.686462752660912,0.0,21,21,1587,5.4493480441324005,,0
2021-11-22,2021-11-22,2,5e398de03f6e0fa6ef3c866dc26b2c89fa44f412288419ee6517b41138133919,v11_0bd1fdc78b82addc8fb0,False,False,False,513100,513100,513100,False,False,False,19.686462752660912,19.740815217466714,19.740815217466714,0.0,22,22,1587,5.46439317953862,,0
2021-11-23,2021-11-23,2,5e398de03f6e0fa6ef3c866dc26b2c89fa44f412288419ee6517b41138133919,v11_0bd1fdc78b82addc8fb0,False,False,False,513100,513100,513100,False,False,False,19.740815217466714,19.41832392628563,19.41832392628563,0.0,23,23,1587,5.46439317953862,,0
2021-11-24,2021-11-24,2,5e398de03f6e0fa6ef3c866dc26b2c89fa44f412288419ee6517b41138133919,v11_0bd1fdc78b82addc8fb0,False,False,False,513100,513100,513100,False,False,False,19.41832392628563,19.450935405169112,19.450935405169112,0.0,24,24,1587,5.46439317953862,,0
2021-11-25,2021-11-25,2,5e398de03f6e0fa6ef3c866dc26b2c89fa44f412288419ee6517b41138133919,v11_0bd1fdc78b82addc8fb0,False,False,False,513100,513100,513100,False,False,False,19.450935405169112,19.548769841819553,19.548769841819553,0.0,25,25,1587,5.46439317953862,,0
2021-11-26,2021-11-26,2,5e398de03f6e0fa6ef3c866dc26b2c89fa44f412288419ee6517b41138133919,v11_0bd1fdc78b82addc8fb0,False,False,False,513100,513100,513100,False,False,False,19.548769841819553,19.34947747086495,19.34947747086495,0.0,26,26,1587,5.46439317953862,,0
2021-11-29,2021-11-29,2,5e398de03f6e0fa6ef3c866dc26b2c89fa44f412288419ee6517b41138133919,v11_0bd1fdc78b82addc8fb0,False,False,False,513100,513100,513100,False,False,False,19.34947747086495,19.28425451309799,19.28425451309799,0.0,27,27,1587,5.46439317953862,,0
2021-11-30,2021-11-30,2,5e398de03f6e0fa6ef3c866dc26b2c89fa44f412288419ee6517b41138133919,v11_0bd1fdc78b82addc8fb0,False,False,False,513100,513100,513100,False,False,False,19.28425451309799,19.371218456787272,19.371218456787272,0.0,28,28,1587,5.46439317953862,,0
2021-12-01,2021-12-01,2,5e398de03f6e0fa6ef3c866dc26b2c89fa44f412288419ee6517b41138133919,v11_0bd1fdc78b82addc8fb0,False,False,False,513100,513100,513100,False,False,False,19.371218456787272,19.385712447402152,19.385712447402152,0.0,29,29,1587,5.46439317953862,,0
2021-12-02,2021-12-02,2,5e398de03f6e0fa6ef3c866dc26b2c89fa44f412288419ee6517b41138133919,v11_0bd1fdc78b82addc8fb0,False,False,False,513100,518880,518880,True,False,True,19.385712447402152,18.950892728955754,18.947102550409962,0.003790178545791151,30,0,1587,1.3613861386138622,,0
2021-12-03,2021-12-03,2,5e398de03f6e0fa6ef3c866dc26b2c89fa44f412288419ee6517b41138133919,v11_0bd1fdc78b82addc8fb0,False,False,False,518880,513100,513100,False,False,True,18.947102550409962,18.899403550982356,18.895623670272162,0.0037798807101964713,1,0,1587,5.241725175526584,,0
2021-12-06,2021-12-06,2,5e398de03f6e0fa6ef3c866dc26b2c89fa44f412288419ee6517b41138133919,v11_0bd1fdc78b82addc8fb0,False,False,False,513100,513100,513100,False,False,False,18.895623670272162,18.631677912918573,18.631677912918573,0.0,1,1,1587,5.241725175526584,,0
2021-12-07,2021-12-07,2,5e398de03f6e0fa6ef3c866dc26b2c89fa44f412288419ee6517b41138133919,v11_0bd1fdc78b82addc8fb0,False,False,False,513100,513100,513100,False,False,False,18.631677912918573,18.873929498434883,18.873929498434883,0.0,2,2,1587,5.241725175526584,,0
2021-12-08,2021-12-08,2,5e398de03f6e0fa6ef3c866dc26b2c89fa44f412288419ee6517b41138133919,v11_0bd1fdc78b82addc8fb0,False,False,False,513100,512890,512890,False,False,True,18.873929498434883,19.343969888242647,19.340101094265,0.0038687939776485296,3,0,1587,1.565304087736794,,0
2021-12-09,2021-12-09,2,5e398de03f6e0fa6ef3c866dc26b2c89fa44f412288419ee6517b41138133919,v11_0bd1fdc78b82addc8fb0,False,False,False,512890,512890,512890,False,False,False,19.340101094265,19.389375237180325,19.389375237180325,0.0,1,1,1587,1.569292123629117,,0
2021-12-10,2021-12-10,2,5e398de03f6e0fa6ef3c866dc26b2c89fa44f412288419ee6517b41138133919,v11_0bd1fdc78b82addc8fb0,False,False,False,512890,512890,512890,False,False,False,19.389375237180325,19.315464022807337,19.315464022807337,0.0,2,2,1587,1.569292123629117,,0
2021-12-13,2021-12-13,2,5e398de03f6e0fa6ef3c866dc26b2c89fa44f412288419ee6517b41138133919,v11_0bd1fdc78b82addc8fb0,False,False,False,512890,512890,512890,False,False,False,19.315464022807337,19.192278665519027,19.192278665519027,0.0,3,3,1587,1.569292123629117,,0
2021-12-14,2021-12-14,2,5e398de03f6e0fa6ef3c866dc26b2c89fa44f412288419ee6517b41138133919,v11_0bd1fdc78b82addc8fb0,False,False,False,512890,512890,512890,False,False,False,19.192278665519027,18.945907950942402,18.945907950942402,0.0,4,4,1587,1.569292123629117,,0
2021-12-15,2021-12-15,2,5e398de03f6e0fa6ef3c866dc26b2c89fa44f412288419ee6517b41138133919,v11_0bd1fdc78b82addc8fb0,False,False,False,512890,512890,512890,False,False,False,18.945907950942402,19.11836745114604,19.11836745114604,0.0,5,5,1587,1.569292123629117,,0
2021-12-16,2021-12-16,2,5e398de03f6e0fa6ef3c866dc26b2c89fa44f412288419ee6517b41138133919,v11_0bd1fdc78b82addc8fb0,False,False,False,512890,512890,512890,False,False,False,19.11836745114604,19.389375237180325,19.389375237180325,0.0,6,6,1587,1.569292123629117,,0
2021-12-17,2021-12-17,2,5e398de03f6e0fa6ef3c866dc26b2c89fa44f412288419ee6517b41138133919,v11_0bd1fdc78b82addc8fb0,False,False,False,512890,513100,513100,False,False,True,19.389375237180325,19.41401230863799,19.41012950617626,0.003882802461727598,7,0,1587,5.2066198595787405,,0
2021-12-20,2021-12-20,2,5e398de03f6e0fa6ef3c866dc26b2c89fa44f412288419ee6517b41138133919,v11_0bd1fdc78b82addc8fb0,False,False,False,513100,513100,513100,False,False,False,19.41012950617626,19.118472773084036,19.118472773084036,0.0,1,1,1587,5.2066198595787405,,0
2021-12-21,2021-12-21,2,5e398de03f6e0fa6ef3c866dc26b2c89fa44f412288419ee6517b41138133919,v11_0bd1fdc78b82addc8fb0,False,False,False,513100,518880,518880,False,False,True,19.118472773084036,19.368998428432487,19.365124628746802,0.0038737996856864974,2,0,1587,1.3705255140898716,,0
2021-12-22,2021-12-22,2,5e398de03f6e0fa6ef3c866dc26b2c89fa44f412288419ee6517b41138133919,v11_0bd1fdc78b82addc8fb0,False,False,False,518880,518880,518880,False,False,False,19.365124628746802,19.32207906135865,19.32207906135865,0.0,1,1,1587,1.3705255140898716,,0
2021-12-23,2021-12-23,2,5e398de03f6e0fa6ef3c866dc26b2c89fa44f412288419ee6517b41138133919,v11_0bd1fdc78b82addc8fb0,False,False,False,518880,518880,518880,False,False,False,19.32207906135865,19.51578411460535,19.51578411460535,0.0,2,2,1587,1.381188118811882,,0
2021-12-24,2021-12-24,2,5e398de03f6e0fa6ef3c866dc26b2c89fa44f412288419ee6517b41138133919,v11_0bd1fdc78b82addc8fb0,False,False,False,518880,518880,518880,False,False,False,19.51578411460535,19.548068290146468,19.548068290146468,0.0,3,3,1587,1.3834729626808844,,0
2021-12-27,2021-12-27,2,5e398de03f6e0fa6ef3c866dc26b2c89fa44f412288419ee6517b41138133919,v11_0bd1fdc78b82addc8fb0,False,False,False,518880,518880,518880,False,False,False,19.548068290146468,19.53192620237591,19.53192620237591,0.0,4,4,1587,1.3834729626808844,,0
2021-12-28,2021-12-28,2,5e398de03f6e0fa6ef3c866dc26b2c89fa44f412288419ee6517b41138133919,v11_0bd1fdc78b82addc8fb0,False,False,False,518880,518880,518880,False,False,False,19.53192620237591,19.596494553458143,19.596494553458143,0.0,5,5,1587,1.3869002284843877,,0
2021-12-29,2021-12-29,2,5e398de03f6e0fa6ef3c866dc26b2c89fa44f412288419ee6517b41138133919,v11_0bd1fdc78b82addc8fb0,False,False,False,518880,518880,518880,False,False,False,19.596494553458143,19.505022722758312,19.505022722758312,0.0,6,6,1587,1.3869002284843877,,0
2021-12-30,2021-12-30,2,5e398de03f6e0fa6ef3c866dc26b2c89fa44f412288419ee6517b41138133919,v11_0bd1fdc78b82addc8fb0,False,False,False,518880,518880,518880,False,False,False,19.505022722758312,19.402789500211437,19.402789500211437,0.0,7,7,1587,1.3869002284843877,,0
2021-12-31,2021-12-31,2,5e398de03f6e0fa6ef3c866dc26b2c89fa44f412288419ee6517b41138133919,v11_0bd1fdc78b82addc8fb0,False,False,False,518880,518880,518880,False,False,False,19.402789500211437,19.60187524938166,19.60187524938166,0.0,8,8,1587,1.387281035795888,,0
2022-01-04,2022-01-04,3,3ade0735c7209f0b9f88e94a54c00ad923d4f54747a16f590af8d68a6ad909cc,v11_eb861bbfca33954401fe,True,True,True,518880,518880,518880,False,False,False,19.60187524938166,19.478119243140714,19.478119243140714,0.0,9,9,1587,1.387281035795888,,0
2022-01-05,2022-01-05,3,3ade0735c7209f0b9f88e94a54c00ad923d4f54747a16f590af8d68a6ad909cc,v11_eb861bbfca33954401fe,False,False,False,518880,518880,518880,False,False,False,19.478119243140714,19.558829681993508,19.558829681993508,0.0,10,10,1587,1.387281035795888,,0
2022-01-06,2022-01-06,3,3ade0735c7209f0b9f88e94a54c00ad923d4f54747a16f590af8d68a6ad909cc,v11_eb861bbfca33954401fe,False,False,False,518880,518880,518880,False,False,False,19.558829681993508,19.4458350675996,19.4458350675996,0.0,11,11,1587,1.387281035795888,,0
2022-01-07,2022-01-07,3,3ade0735c7209f0b9f88e94a54c00ad923d4f54747a16f590af8d68a6ad909cc,v11_eb861bbfca33954401fe,False,False,False,518880,518880,518880,False,False,False,19.4458350675996,19.327459757282174,19.327459757282174,0.0,12,12,1587,1.387281035795888,,0
2022-01-10,2022-01-10,3,3ade0735c7209f0b9f88e94a54c00ad923d4f54747a16f590af8d68a6ad909cc,v11_eb861bbfca33954401fe,False,False,False,518880,518880,518880,False,False,False,19.327459757282174,19.36512462874681,19.36512462874681,0.0,13,13,1587,1.387281035795888,,0
2022-01-11,2022-01-11,3,3ade0735c7209f0b9f88e94a54c00ad923d4f54747a16f590af8d68a6ad909cc,v11_eb861bbfca33954401fe,False,False,False,518880,518880,518880,False,False,False,19.36512462874681,19.526545506452393,19.526545506452393,0.0,14,14,1587,1.387281035795888,,0
2022-01-12,2022-01-12,3,3ade0735c7209f0b9f88e94a54c00ad923d4f54747a16f590af8d68a6ad909cc,v11_eb861bbfca33954401fe,False,False,False,518880,518880,518880,False,False,False,19.526545506452393,19.618017337152224,19.618017337152224,0.0,15,15,1587,1.3884234577303893,,0
2022-01-13,2022-01-13,3,3ade0735c7209f0b9f88e94a54c00ad923d4f54747a16f590af8d68a6ad909cc,v11_eb861bbfca33954401fe,False,False,False,518880,518880,518880,False,False,False,19.618017337152224,19.661062904540383,19.661062904540383,0.0,16,16,1587,1.3914699162223925,,0
2022-01-14,2022-01-14,3,3ade0735c7209f0b9f88e94a54c00ad923d4f54747a16f590af8d68a6ad909cc,v11_eb861bbfca33954401fe,False,False,False,518880,518880,518880,False,False,False,19.661062904540383,19.639540120846306,19.639540120846306,0.0,17,17,1587,1.3914699162223925,,0
2022-01-17,2022-01-17,3,3ade0735c7209f0b9f88e94a54c00ad923d4f54747a16f590af8d68a6ad909cc,v11_eb861bbfca33954401fe,False,False,False,518880,518880,518880,False,False,False,19.639540120846306,19.558829681993515,19.558829681993515,0.0,18,18,1587,1.3914699162223925,,0
2022-01-18,2022-01-18,3,3ade0735c7209f0b9f88e94a54c00ad923d4f54747a16f590af8d68a6ad909cc,v11_eb861bbfca33954401fe,False,False,False,518880,518880,518880,False,False,False,19.558829681993515,19.526545506452397,19.526545506452397,0.0,19,19,1587,1.3914699162223925,,0
2022-01-19,2022-01-19,3,3ade0735c7209f0b9f88e94a54c00ad923d4f54747a16f590af8d68a6ad909cc,v11_eb861bbfca33954401fe,False,False,False,518880,518880,518880,False,False,False,19.526545506452397,19.50502272275832,19.50502272275832,0.0,20,20,1587,1.3914699162223925,,0
2022-01-20,2022-01-20,3,3ade0735c7209f0b9f88e94a54c00ad923d4f54747a16f590af8d68a6ad909cc,v11_eb861bbfca33954401fe,False,False,False,518880,518880,518880,False,False,False,19.50502272275832,19.768676823010775,19.768676823010775,0.0,21,21,1587,1.3990860624524004,,0
2022-01-21,2022-01-21,3,3ade0735c7209f0b9f88e94a54c00ad923d4f54747a16f590af8d68a6ad909cc,v11_eb861bbfca33954401fe,False,False,False,518880,518880,518880,False,False,False,19.768676823010775,19.757915431163735,19.757915431163735,0.0,22,22,1587,1.3990860624524004,,0
2022-01-24,2022-01-24,3,3ade0735c7209f0b9f88e94a54c00ad923d4f54747a16f590af8d68a6ad909cc,v11_eb861bbfca33954401fe,False,False,False,518880,518880,518880,False,False,False,19.757915431163735,19.70410847192854,19.70410847192854,0.0,23,23,1587,1.3990860624524004,,0
2022-01-25,2022-01-25,3,3ade0735c7209f0b9f88e94a54c00ad923d4f54747a16f590af8d68a6ad909cc,v11_eb861bbfca33954401fe,False,False,False,518880,518880,518880,False,False,False,19.70410847192854,19.752534735240214,19.752534735240214,0.0,24,24,1587,1.3990860624524004,,0
2022-01-26,2022-01-26,3,3ade0735c7209f0b9f88e94a54c00ad923d4f54747a16f590af8d68a6ad909cc,v11_eb861bbfca33954401fe,False,False,False,518880,518880,518880,False,False,False,19.752534735240214,19.768676823010775,19.768676823010775,0.0,25,25,1587,1.3990860624524006,,0
2022-01-27,2022-01-27,3,3ade0735c7209f0b9f88e94a54c00ad923d4f54747a16f590af8d68a6ad909cc,v11_eb861bbfca33954401fe,False,False,False,518880,518880,518880,False,False,False,19.768676823010775,19.402789500211448,19.402789500211448,0.0,26,26,1587,1.3990860624524006,,0
2022-01-28,2022-01-28,3,3ade0735c7209f0b9f88e94a54c00ad923d4f54747a16f590af8d68a6ad909cc,v11_eb861bbfca33954401fe,False,False,False,518880,518880,518880,False,False,False,19.402789500211448,19.338221149129215,19.338221149129215,0.0,27,27,1587,1.3990860624524006,,0
2022-02-07,2022-02-07,3,3ade0735c7209f0b9f88e94a54c00ad923d4f54747a16f590af8d68a6ad909cc,v11_eb861bbfca33954401fe,False,False,False,518880,518880,518880,False,False,False,19.338221149129215,19.478119243140725,19.478119243140725,0.0,28,28,1587,1.3990860624524006,,0
2022-02-08,2022-02-08,3,3ade0735c7209f0b9f88e94a54c00ad923d4f54747a16f590af8d68a6ad909cc,v11_eb861bbfca33954401fe,False,False,False,518880,518880,518880,False,False,False,19.478119243140725,19.591113857534634,19.591113857534634,0.0,29,29,1587,1.3990860624524006,,0
2022-02-09,2022-02-09,3,3ade0735c7209f0b9f88e94a54c00ad923d4f54747a16f590af8d68a6ad909cc,v11_eb861bbfca33954401fe,False,False,False,518880,518880,518880,False,False,False,19.591113857534634,19.682585688234465,19.682585688234465,0.0,30,30,1587,1.3990860624524006,,0
2022-02-10,2022-02-10,3,3ade0735c7209f0b9f88e94a54c00ad923d4f54747a16f590af8d68a6ad909cc,v11_eb861bbfca33954401fe,False,False,False,518880,518880,518880,False,False,False,19.682585688234465,19.7202505596991,19.7202505596991,0.0,31,31,1587,1.3990860624524006,,0
2022-02-11,2022-02-11,3,3ade0735c7209f0b9f88e94a54c00ad923d4f54747a16f590af8d68a6ad909cc,v11_eb861bbfca33954401fe,False,False,False,518880,518880,518880,False,False,False,19.7202505596991,19.612636641228708,19.612636641228708,0.0,32,32,1587,1.3990860624524006,,0
2022-02-14,2022-02-14,3,3ade0735c7209f0b9f88e94a54c00ad923d4f54747a16f590af8d68a6ad909cc,v11_eb861bbfca33954401fe,False,False,False,518880,518880,518880,False,False,False,19.612636641228708,19.93547839663988,19.93547839663988,0.0,33,33,1587,1.4108910891089121,,0
2022-02-15,2022-02-15,3,3ade0735c7209f0b9f88e94a54c00ad923d4f54747a16f590af8d68a6ad909cc,v11_eb861bbfca33954401fe,False,False,False,518880,518880,518880,False,False,False,19.93547839663988,20.1345641458101,20.1345641458101,0.0,34,34,1587,1.424980959634426,,0
2022-02-16,2022-02-16,3,3ade0735c7209f0b9f88e94a54c00ad923d4f54747a16f590af8d68a6ad909cc,v11_eb861bbfca33954401fe,False,False,False,518880,518880,518880,False,False,False,20.1345641458101,19.865529349634123,19.865529349634123,0.0,35,35,1587,1.424980959634426,,0
2022-02-17,2022-02-17,3,3ade0735c7209f0b9f88e94a54c00ad923d4f54747a16f590af8d68a6ad909cc,v11_eb861bbfca33954401fe,False,False,False,518880,518880,518880,False,False,False,19.865529349634123,20.04847301103379,20.04847301103379,0.0,36,36,1587,1.424980959634426,,0
2022-02-18,2022-02-18,3,3ade0735c7209f0b9f88e94a54c00ad923d4f54747a16f590af8d68a6ad909cc,v11_eb861bbfca33954401fe,False,False,False,518880,518880,518880,False,False,False,20.04847301103379,20.231416672433454,20.231416672433454,0.0,37,37,1587,1.4318354912414333,,0
2022-02-21,2022-02-21,3,3ade0735c7209f0b9f88e94a54c00ad923d4f54747a16f590af8d68a6ad909cc,v11_eb861bbfca33954401fe,False,False,False,518880,518880,518880,False,False,False,20.231416672433454,20.19913249689234,20.19913249689234,0.0,38,38,1587,1.4318354912414333,,0
2022-02-22,2022-02-22,3,3ade0735c7209f0b9f88e94a54c00ad923d4f54747a16f590af8d68a6ad909cc,v11_eb861bbfca33954401fe,False,False,False,518880,518880,518880,False,False,False,20.19913249689234,20.452025205297755,20.452025205297755,0.0,39,39,1587,1.4474485910129489,,0
2022-02-23,2022-02-23,3,3ade0735c7209f0b9f88e94a54c00ad923d4f54747a16f590af8d68a6ad909cc,v11_eb861bbfca33954401fe,False,False,False,518880,518880,518880,False,False,False,20.452025205297755,20.295985023515684,20.295985023515684,0.0,40,40,1587,1.4474485910129489,,0
2022-02-24,2022-02-24,3,3ade0735c7209f0b9f88e94a54c00ad923d4f54747a16f590af8d68a6ad909cc,v11_eb861bbfca33954401fe,False,False,False,518880,513100,513100,False,True,True,20.295985023515684,20.731821393320768,20.727675029042103,0.004146364278664154,41,0,2375,4.297893681043134,,0
2022-02-25,2022-02-25,3,3ade0735c7209f0b9f88e94a54c00ad923d4f54747a16f590af8d68a6ad909cc,v11_eb861bbfca33954401fe,False,False,False,513100,513100,513100,False,False,False,20.727675029042103,21.622568816760374,21.622568816760374,0.0,1,1,2375,4.483450351053164,,0
2022-02-28,2022-02-28,3,3ade0735c7209f0b9f88e94a54c00ad923d4f54747a16f590af8d68a6ad909cc,v11_eb861bbfca33954401fe,False,False,False,513100,513100,513100,False,False,False,21.622568816760374,21.670941453934336,21.670941453934336,0.0,2,2,2375,4.493480441323976,,0
2022-03-01,2022-03-01,3,3ade0735c7209f0b9f88e94a54c00ad923d4f54747a16f590af8d68a6ad909cc,v11_eb861bbfca33954401fe,False,False,False,513100,513100,513100,False,False,False,21.670941453934336,22.227226781434883,22.227226781434883,0.0,3,3,2375,4.608826479438319,,0
2022-03-02,2022-03-02,3,3ade0735c7209f0b9f88e94a54c00ad923d4f54747a16f590af8d68a6ad909cc,v11_eb861bbfca33954401fe,False,False,False,513100,513100,513100,False,False,False,22.227226781434883,21.88861832121716,21.88861832121716,0.0,4,4,2375,4.608826479438319,,0
2022-03-03,2022-03-03,3,3ade0735c7209f0b9f88e94a54c00ad923d4f54747a16f590af8d68a6ad909cc,v11_eb861bbfca33954401fe,False,False,False,513100,518880,518880,False,False,True,21.88861832121716,22.251413100021864,22.24696281740186,0.004450282620004373,5,0,2375,1.4573495811119586,,0
2022-03-04,2022-03-04,3,3ade0735c7209f0b9f88e94a54c00ad923d4f54747a16f590af8d68a6ad909cc,v11_eb861bbfca33954401fe,False,False,False,518880,518880,518880,False,False,False,22.24696281740186,22.328347055563253,22.328347055563253,0.0,1,1,2375,1.462680883472964,,0
2022-03-07,2022-03-07,3,3ade0735c7209f0b9f88e94a54c00ad923d4f54747a16f590af8d68a6ad909cc,v11_eb861bbfca33954401fe,False,False,False,518880,518880,518880,False,False,False,22.328347055563253,22.822465644400243,22.822465644400243,0.0,2,2,2375,1.4950495049504966,,0
2022-03-08,2022-03-08,3,3ade0735c7209f0b9f88e94a54c00ad923d4f54747a16f590af8d68a6ad909cc,v11_eb861bbfca33954401fe,False,False,False,518880,159915,159915,False,True,True,22.822465644400243,23.33983687271191,23.33516890533737,0.004667967374542382,3,0,2383,3.1455457967377485,,0
2022-03-09,2022-03-09,3,3ade0735c7209f0b9f88e94a54c00ad923d4f54747a16f590af8d68a6ad909cc,v11_eb861bbfca33954401fe,False,False,False,159915,159915,159915,False,False,False,23.33516890533737,23.111776781792056,23.111776781792056,0.0,1,1,2383,3.1455457967377485,,0
2022-03-10,2022-03-10,3,3ade0735c7209f0b9f88e94a54c00ad923d4f54747a16f590af8d68a6ad909cc,v11_eb861bbfca33954401fe,False,False,False,159915,159915,159915,False,False,False,23.111776781792056,23.70748911124622,23.70748911124622,0.0,2,2,2383,3.1957340025093917,,0
2022-03-11,2022-03-11,3,3ade0735c7209f0b9f88e94a54c00ad923d4f54747a16f590af8d68a6ad909cc,v11_eb861bbfca33954401fe,False,False,False,159915,159915,159915,False,False,False,23.70748911124622,24.04257729656419,24.04257729656419,0.0,3,3,2383,3.240903387703871,,0
2022-03-14,2022-03-14,3,3ade0735c7209f0b9f88e94a54c00ad923d4f54747a16f590af8d68a6ad909cc,v11_eb861bbfca33954401fe,False,False,False,159915,159915,159915,True,False,False,24.04257729656419,23.176932817826106,23.176932817826106,0.0,4,4,2383,3.240903387703871,,0
2022-03-15,2022-03-15,3,3ade0735c7209f0b9f88e94a54c00ad923d4f54747a16f590af8d68a6ad909cc,v11_eb861bbfca33954401fe,False,False,False,159915,510500,510500,False,True,True,23.176932817826106,22.53468046263333,22.530173526540803,0.004506936092526666,5,0,2388,1.931640374969079,,0
2022-03-16,2022-03-16,3,3ade0735c7209f0b9f88e94a54c00ad923d4f54747a16f590af8d68a6ad909cc,v11_eb861bbfca33954401fe,False,False,False,510500,510500,510500,False,False,False,22.530173526540803,23.322302607740248,23.322302607740248,0.0,1,1,2388,1.9995541224433058,,0
2022-03-17,2022-03-17,3,3ade0735c7209f0b9f88e94a54c00ad923d4f54747a16f590af8d68a6ad909cc,v11_eb861bbfca33954401fe,False,False,False,510500,510500,510500,False,False,False,23.322302607740248,23.703198719125517,23.703198719125517,0.0,2,2,2388,2.0322105201649556,,0
2022-03-18,2022-03-18,3,3ade0735c7209f0b9f88e94a54c00ad923d4f54747a16f590af8d68a6ad909cc,v11_eb861bbfca33954401fe,False,False,False,510500,510500,510500,False,False,False,23.703198719125517,23.945893586556835,23.945893586556835,0.0,3,3,2388,2.053018136412378,,0
2022-03-21,2022-03-21,3,3ade0735c7209f0b9f88e94a54c00ad923d4f54747a16f590af8d68a6ad909cc,v11_eb861bbfca33954401fe,False,False,False,510500,510500,510500,False,False,False,23.945893586556835,24.03690416184358,24.03690416184358,0.0,4,4,2388,2.0608209925051617,,0
2022-03-22,2022-03-22,3,3ade0735c7209f0b9f88e94a54c00ad923d4f54747a16f590af8d68a6ad909cc,v11_eb861bbfca33954401fe,False,False,False,510500,513100,513100,False,False,True,24.03690416184358,24.043645685938895,24.038836956801706,0.004808729137187779,5,0,2388,4.674022066198599,,0
2022-03-23,2022-03-23,3,3ade0735c7209f0b9f88e94a54c00ad923d4f54747a16f590af8d68a6ad909cc,v11_eb861bbfca33954401fe,False,False,False,513100,513100,513100,False,False,False,24.038836956801706,24.632070057666983,24.632070057666983,0.0,1,1,2388,4.789368104312943,,0
2022-03-24,2022-03-24,3,3ade0735c7209f0b9f88e94a54c00ad923d4f54747a16f590af8d68a6ad909cc,v11_eb861bbfca33954401fe,False,False,False,513100,513100,513100,False,False,False,24.632070057666983,24.399935366024046,24.399935366024046,0.0,2,2,2388,4.789368104312943,,0
2022-03-25,2022-03-25,3,3ade0735c7209f0b9f88e94a54c00ad923d4f54747a16f590af8d68a6ad909cc,v11_eb861bbfca33954401fe,False,False,False,513100,513100,513100,False,False,False,24.399935366024046,24.838412005794037,24.838412005794037,0.0,3,3,2388,4.829488465396193,,0
2022-03-28,2022-03-28,3,3ade0735c7209f0b9f88e94a54c00ad923d4f54747a16f590af8d68a6ad909cc,v11_eb861bbfca33954401fe,False,False,False,513100,513100,513100,False,False,False,24.838412005794037,24.70944828821463,24.70944828821463,0.0,4,4,2388,4.829488465396193,,0
2022-03-29,2022-03-29,3,3ade0735c7209f0b9f88e94a54c00ad923d4f54747a16f590af8d68a6ad909cc,v11_eb861bbfca33954401fe,False,False,False,513100,513100,513100,False,False,False,24.70944828821463,25.225303158532267,25.225303158532267,0.0,5,5,2388,4.904714142427287,,0
2022-03-30,2022-03-30,3,3ade0735c7209f0b9f88e94a54c00ad923d4f54747a16f590af8d68a6ad909cc,v11_eb861bbfca33954401fe,False,False,False,513100,513100,513100,False,False,False,25.225303158532267,25.534816080722845,25.534816080722845,0.0,6,6,2388,4.964894684052162,,0
2022-03-31,2022-03-31,3,3ade0735c7209f0b9f88e94a54c00ad923d4f54747a16f590af8d68a6ad909cc,v11_eb861bbfca33954401fe,False,False,False,513100,513100,513100,False,False,False,25.534816080722845,25.354266876111673,25.354266876111673,0.0,7,7,2388,4.964894684052162,,0
2022-04-01,2022-04-01,3,3ade0735c7209f0b9f88e94a54c00ad923d4f54747a16f590af8d68a6ad909cc,v11_eb861bbfca33954401fe,False,False,False,513100,513100,513100,False,False,False,25.354266876111673,25.096339440952853,25.096339440952853,0.0,8,8,2388,4.964894684052162,,0
2022-04-06,2022-04-06,3,3ade0735c7209f0b9f88e94a54c00ad923d4f54747a16f590af8d68a6ad909cc,v11_eb861bbfca33954401fe,False,False,False,513100,513100,513100,False,False,False,25.096339440952853,24.94158297985756,24.94158297985756,0.0,9,9,2388,4.964894684052162,,0
2022-04-07,2022-04-07,3,3ade0735c7209f0b9f88e94a54c00ad923d4f54747a16f590af8d68a6ad909cc,v11_eb861bbfca33954401fe,False,False,False,513100,513100,513100,False,False,False,24.94158297985756,24.425728109539925,24.425728109539925,0.0,10,10,2388,4.964894684052162,,0
2022-04-08,2022-04-08,3,3ade0735c7209f0b9f88e94a54c00ad923d4f54747a16f590af8d68a6ad909cc,v11_eb861bbfca33954401fe,False,False,False,513100,513100,513100,False,False,False,24.425728109539925,24.580484570635218,24.580484570635218,0.0,11,11,2388,4.964894684052162,,0
2022-04-11,2022-04-11,3,3ade0735c7209f0b9f88e94a54c00ad923d4f54747a16f590af8d68a6ad909cc,v11_eb861bbfca33954401fe,False,False,False,513100,588080,588080,False,True,True,24.580484570635218,23.961458726254058,23.956666434508808,0.004792291745250812,12,0,2405,0.7073844030365767,,0
2022-04-12,2022-04-12,3,3ade0735c7209f0b9f88e94a54c00ad923d4f54747a16f590af8d68a6ad909cc,v11_eb861bbfca33954401fe,False,False,False,588080,588080,588080,False,False,False,23.956666434508808,23.98003879200589,23.98003879200589,0.0,1,1,2405,0.7080745341614905,,0
2022-04-13,2022-04-13,3,3ade0735c7209f0b9f88e94a54c00ad923d4f54747a16f590af8d68a6ad909cc,v11_eb861bbfca33954401fe,False,False,False,588080,588080,588080,True,False,False,23.98003879200589,23.20875099460219,23.20875099460219,0.0,2,2,2405,0.7080745341614905,,0
2022-04-14,2022-04-14,3,3ade0735c7209f0b9f88e94a54c00ad923d4f54747a16f590af8d68a6ad909cc,v11_eb861bbfca33954401fe,False,False,False,588080,588080,588080,False,False,False,23.20875099460219,23.465846927070093,23.465846927070093,0.0,3,3,2405,0.7080745341614905,,0
2022-04-15,2022-04-15,3,3ade0735c7209f0b9f88e94a54c00ad923d4f54747a16f590af8d68a6ad909cc,v11_eb861bbfca33954401fe,False,False,False,588080,588080,588080,False,False,False,23.465846927070093,23.442474569573008,23.442474569573008,0.0,4,4,2405,0.7080745341614905,,0
2022-04-18,2022-04-18,3,3ade0735c7209f0b9f88e94a54c00ad923d4f54747a16f590af8d68a6ad909cc,v11_eb861bbfca33954401fe,False,False,False,588080,518880,518880,False,False,True,23.442474569573008,24.14364529448546,24.138816565426563,0.004828729058897092,5,0,2405,1.5106626047220115,,0
2022-04-19,2022-04-19,3,3ade0735c7209f0b9f88e94a54c00ad923d4f54747a16f590af8d68a6ad909cc,v11_eb861bbfca33954401fe,False,False,False,518880,518880,518880,False,False,False,24.138816565426563,23.95018452269195,23.95018452269195,0.0,1,1,2405,1.5106626047220115,,0
2022-04-20,2022-04-20,3,3ade0735c7209f0b9f88e94a54c00ad923d4f54747a16f590af8d68a6ad909cc,v11_eb861bbfca33954401fe,False,False,False,518880,518880,518880,False,False,False,23.95018452269195,23.645939292474825,23.645939292474825,0.0,2,2,2405,1.5106626047220115,,0
2022-04-21,2022-04-21,3,3ade0735c7209f0b9f88e94a54c00ad923d4f54747a16f590af8d68a6ad909cc,v11_eb861bbfca33954401fe,False,False,False,518880,510300,510300,False,True,True,23.645939292474825,23.95626942729629,23.951478173410834,0.0047912538854592585,3,0,2413,1.7856349920352999,,0
2022-04-22,2022-04-22,3,3ade0735c7209f0b9f88e94a54c00ad923d4f54747a16f590af8d68a6ad909cc,v11_eb861bbfca33954401fe,False,False,False,510300,510300,510300,False,False,False,23.951478173410834,24.01141680747843,24.01141680747843,0.0,1,1,2413,1.7901035480714242,,0
2022-04-25,2022-04-25,3,3ade0735c7209f0b9f88e94a54c00ad923d4f54747a16f590af8d68a6ad909cc,v11_eb861bbfca33954401fe,False,False,False,510300,510300,510300,True,False,False,24.01141680747843,22.85460116997385,22.85460116997385,0.0,2,2,2413,1.7901035480714242,,0
2022-04-26,2022-04-26,3,3ade0735c7209f0b9f88e94a54c00ad923d4f54747a16f590af8d68a6ad909cc,v11_eb861bbfca33954401fe,False,False,False,510300,510300,510300,False,False,False,22.85460116997385,22.674785267771064,22.674785267771064,0.0,3,3,2413,1.7901035480714242,,0
2022-04-27,2022-04-27,3,3ade0735c7209f0b9f88e94a54c00ad923d4f54747a16f590af8d68a6ad909cc,v11_eb861bbfca33954401fe,False,False,False,510300,510300,510300,False,False,False,22.674785267771064,23.310134788887567,23.310134788887567,0.0,4,4,2413,1.7901035480714242,,0
2022-04-28,2022-04-28,3,3ade0735c7209f0b9f88e94a54c00ad923d4f54747a16f590af8d68a6ad909cc,v11_eb861bbfca33954401fe,False,False,False,510300,518880,518880,False,False,True,23.310134788887567,23.46597523746331,23.46128204241582,0.004693195047492662,5,0,2413,1.4813404417364824,,0
2022-04-29,2022-04-29,3,3ade0735c7209f0b9f88e94a54c00ad923d4f54747a16f590af8d68a6ad909cc,v11_eb861bbfca33954401fe,False,False,False,518880,518880,518880,False,False,False,23.46128204241582,23.774903293368425,23.774903293368425,0.0,1,1,2413,1.5011424219345022,,0
2022-05-05,2022-05-05,3,3ade0735c7209f0b9f88e94a54c00ad923d4f54747a16f590af8d68a6ad909cc,v11_eb861bbfca33954401fe,False,False,False,518880,518880,518880,False,False,False,23.774903293368425,23.69649798063027,23.69649798063027,0.0,2,2,2413,1.5011424219345022,,0
2022-05-06,2022-05-06,3,3ade0735c7209f0b9f88e94a54c00ad923d4f54747a16f590af8d68a6ad909cc,v11_eb861bbfca33954401fe,False,False,False,518880,518880,518880,False,False,False,23.69649798063027,23.65427973530973,23.65427973530973,0.0,3,3,2413,1.5011424219345022,,0
2022-05-09,2022-05-09,3,3ade0735c7209f0b9f88e94a54c00ad923d4f54747a16f590af8d68a6ad909cc,v11_eb861bbfca33954401fe,False,False,False,518880,518880,518880,False,False,False,23.65427973530973,23.756809759659617,23.756809759659617,0.0,4,4,2413,1.5011424219345022,,0
2022-05-10,2022-05-10,3,3ade0735c7209f0b9f88e94a54c00ad923d4f54747a16f590af8d68a6ad909cc,v11_eb861bbfca33954401fe,False,False,False,518880,518880,518880,False,False,False,23.756809759659617,23.581905600474514,23.581905600474514,0.0,5,5,2413,1.5011424219345022,,0
2022-05-11,2022-05-11,3,3ade0735c7209f0b9f88e94a54c00ad923d4f54747a16f590af8d68a6ad909cc,v11_eb861bbfca33954401fe,False,False,False,518880,518880,518880,False,False,False,23.581905600474514,23.461282042415824,23.461282042415824,0.0,6,6,2413,1.5011424219345022,,0
2022-05-12,2022-05-12,3,3ade0735c7209f0b9f88e94a54c00ad923d4f54747a16f590af8d68a6ad909cc,v11_eb861bbfca33954401fe,False,False,False,518880,518880,518880,False,False,False,23.461282042415824,23.69046680272734,23.69046680272734,0.0,7,7,2413,1.5011424219345022,,0
2022-05-13,2022-05-13,3,3ade0735c7209f0b9f88e94a54c00ad923d4f54747a16f590af8d68a6ad909cc,v11_eb861bbfca33954401fe,False,False,False,518880,518880,518880,False,False,False,23.69046680272734,23.449219686609954,23.449219686609954,0.0,8,8,2413,1.5011424219345022,,0
2022-05-16,2022-05-16,3,3ade0735c7209f0b9f88e94a54c00ad923d4f54747a16f590af8d68a6ad909cc,v11_eb861bbfca33954401fe,False,False,False,518880,518880,518880,False,False,False,23.449219686609954,23.226066104201376,23.226066104201376,0.0,9,9,2413,1.5011424219345022,,0
2022-05-17,2022-05-17,3,3ade0735c7209f0b9f88e94a54c00ad923d4f54747a16f590af8d68a6ad909cc,v11_eb861bbfca33954401fe,False,False,False,518880,518880,518880,False,False,False,23.226066104201376,23.38287672967768,23.38287672967768,0.0,10,10,2413,1.5011424219345022,,0
2022-05-18,2022-05-18,3,3ade0735c7209f0b9f88e94a54c00ad923d4f54747a16f590af8d68a6ad909cc,v11_eb861bbfca33954401fe,False,False,False,518880,518880,518880,False,False,False,23.38287672967768,23.135598435657357,23.135598435657357,0.0,11,11,2413,1.5011424219345022,,0
2022-05-19,2022-05-19,3,3ade0735c7209f0b9f88e94a54c00ad923d4f54747a16f590af8d68a6ad909cc,v11_eb861bbfca33954401fe,False,False,False,518880,518880,518880,False,False,False,23.135598435657357,23.220034926298446,23.220034926298446,0.0,12,12,2413,1.5011424219345022,,0
2022-05-20,2022-05-20,3,3ade0735c7209f0b9f88e94a54c00ad923d4f54747a16f590af8d68a6ad909cc,v11_eb861bbfca33954401fe,False,False,False,518880,518880,518880,False,False,False,23.220034926298446,23.352720840163006,23.352720840163006,0.0,13,13,2413,1.5011424219345022,,0
2022-05-23,2022-05-23,3,3ade0735c7209f0b9f88e94a54c00ad923d4f54747a16f590af8d68a6ad909cc,v11_eb861bbfca33954401fe,False,False,False,518880,518880,518880,False,False,False,23.352720840163006,23.37081437387181,23.37081437387181,0.0,14,14,2413,1.5011424219345022,,0
2022-05-24,2022-05-24,3,3ade0735c7209f0b9f88e94a54c00ad923d4f54747a16f590af8d68a6ad909cc,v11_eb861bbfca33954401fe,False,False,False,518880,518880,518880,False,False,False,23.37081437387181,23.413032619192354,23.413032619192354,0.0,15,15,2413,1.5011424219345022,,0
2022-05-25,2022-05-25,3,3ade0735c7209f0b9f88e94a54c00ad923d4f54747a16f590af8d68a6ad909cc,v11_eb861bbfca33954401fe,False,False,False,518880,518880,518880,False,False,False,23.413032619192354,23.443188508707024,23.443188508707024,0.0,16,16,2413,1.5011424219345022,,0
2022-05-26,2022-05-26,3,3ade0735c7209f0b9f88e94a54c00ad923d4f54747a16f590af8d68a6ad909cc,v11_eb861bbfca33954401fe,False,False,False,518880,518880,518880,False,False,False,23.443188508707024,23.527624999348106,23.527624999348106,0.0,17,17,2413,1.5011424219345022,,0
2022-05-27,2022-05-27,3,3ade0735c7209f0b9f88e94a54c00ad923d4f54747a16f590af8d68a6ad909cc,v11_eb861bbfca33954401fe,False,False,False,518880,518880,518880,False,False,False,23.527624999348106,23.624123845795058,23.624123845795058,0.0,18,18,2413,1.5011424219345022,,0
2022-05-30,2022-05-30,3,3ade0735c7209f0b9f88e94a54c00ad923d4f54747a16f590af8d68a6ad909cc,v11_eb861bbfca33954401fe,False,False,False,518880,518880,518880,False,False,False,23.624123845795058,23.431126152901147,23.431126152901147,0.0,19,19,2413,1.5011424219345022,,0
2022-05-31,2022-05-31,3,3ade0735c7209f0b9f88e94a54c00ad923d4f54747a16f590af8d68a6ad909cc,v11_eb861bbfca33954401fe,False,False,False,518880,518880,518880,False,False,False,23.431126152901147,23.38287672967767,23.38287672967767,0.0,20,20,2413,1.5011424219345022,,0
2022-06-01,2022-06-01,3,3ade0735c7209f0b9f88e94a54c00ad923d4f54747a16f590af8d68a6ad909cc,v11_eb861bbfca33954401fe,False,False,False,518880,518880,518880,False,False,False,23.38287672967767,23.232097282104302,23.232097282104302,0.0,21,21,2413,1.5011424219345022,,0
2022-06-02,2022-06-02,3,3ade0735c7209f0b9f88e94a54c00ad923d4f54747a16f590af8d68a6ad909cc,v11_eb861bbfca33954401fe,False,False,False,518880,513100,513100,False,False,True,23.232097282104302,23.38287672967767,23.378200154331733,0.004676575345935534,22,0,2413,4.312938816449351,,0
2022-06-06,2022-06-06,3,3ade0735c7209f0b9f88e94a54c00ad923d4f54747a16f590af8d68a6ad909cc,v11_eb861bbfca33954401fe,False,False,False,513100,513100,513100,False,False,False,23.378200154331733,23.40538410799956,23.40538410799956,0.0,1,1,2413,4.317953861584757,,0
2022-06-07,2022-06-07,3,3ade0735c7209f0b9f88e94a54c00ad923d4f54747a16f590af8d68a6ad909cc,v11_eb861bbfca33954401fe,False,False,False,513100,513100,513100,False,False,False,23.40538410799956,23.215096432324763,23.215096432324763,0.0,2,2,2413,4.317953861584757,,0
2022-06-08,2022-06-08,3,3ade0735c7209f0b9f88e94a54c00ad923d4f54747a16f590af8d68a6ad909cc,v11_eb861bbfca33954401fe,False,False,False,513100,513100,513100,False,False,False,23.215096432324763,23.541303876338695,23.541303876338695,0.0,3,3,2413,4.343029087261788,,0
2022-06-09,2022-06-09,3,3ade0735c7209f0b9f88e94a54c00ad923d4f54747a16f590af8d68a6ad909cc,v11_eb861bbfca33954401fe,False,False,False,513100,513100,513100,False,False,False,23.541303876338695,23.40538410799956,23.40538410799956,0.0,4,4,2413,4.343029087261788,,0
2022-06-10,2022-06-10,3,3ade0735c7209f0b9f88e94a54c00ad923d4f54747a16f590af8d68a6ad909cc,v11_eb861bbfca33954401fe,False,False,False,513100,513100,513100,False,False,False,23.40538410799956,23.024808756649975,23.024808756649975,0.0,5,5,2413,4.343029087261788,,0
2022-06-13,2022-06-13,3,3ade0735c7209f0b9f88e94a54c00ad923d4f54747a16f590af8d68a6ad909cc,v11_eb861bbfca33954401fe,False,False,False,513100,518880,518880,True,False,True,23.024808756649975,21.855898748933388,21.851527569183602,0.004371179749786677,6,0,2413,1.495049504950496,,0
2022-06-14,2022-06-14,3,3ade0735c7209f0b9f88e94a54c00ad923d4f54747a16f590af8d68a6ad909cc,v11_eb861bbfca33954401fe,False,False,False,518880,518880,518880,False,False,False,21.851527569183602,21.45635221069862,21.45635221069862,0.0,1,1,2413,1.495049504950496,,0
2022-06-15,2022-06-15,3,3ade0735c7209f0b9f88e94a54c00ad923d4f54747a16f590af8d68a6ad909cc,v11_eb861bbfca33954401fe,False,False,False,518880,518880,518880,False,False,False,21.45635221069862,21.33946935818898,21.33946935818898,0.0,2,2,2413,1.495049504950496,,0
2022-06-16,2022-06-16,3,3ade0735c7209f0b9f88e94a54c00ad923d4f54747a16f590af8d68a6ad909cc,v11_eb861bbfca33954401fe,False,False,False,518880,518880,518880,False,False,False,21.33946935818898,21.40625955962306,21.40625955962306,0.0,3,3,2413,1.495049504950496,,0
2022-06-17,2022-06-17,3,3ade0735c7209f0b9f88e94a54c00ad923d4f54747a16f590af8d68a6ad909cc,v11_eb861bbfca33954401fe,False,False,False,518880,518880,518880,False,False,False,21.40625955962306,21.56210336296925,21.56210336296925,0.0,4,4,2413,1.495049504950496,,0
2022-06-20,2022-06-20,3,3ade0735c7209f0b9f88e94a54c00ad923d4f54747a16f590af8d68a6ad909cc,v11_eb861bbfca33954401fe,False,False,False,518880,518880,518880,False,False,False,21.56210336296925,21.473049761057144,21.473049761057144,0.0,5,5,2413,1.495049504950496,,0
2022-06-21,2022-06-21,3,3ade0735c7209f0b9f88e94a54c00ad923d4f54747a16f590af8d68a6ad909cc,v11_eb861bbfca33954401fe,False,False,False,518880,518880,518880,False,False,False,21.473049761057144,21.4396546603401,21.4396546603401,0.0,6,6,2413,1.495049504950496,,0
2022-06-22,2022-06-22,3,3ade0735c7209f0b9f88e94a54c00ad923d4f54747a16f590af8d68a6ad909cc,v11_eb861bbfca33954401fe,False,False,False,518880,518880,518880,False,False,False,21.4396546603401,21.42295710998158,21.42295710998158,0.0,7,7,2413,1.495049504950496,,0
2022-06-23,2022-06-23,3,3ade0735c7209f0b9f88e94a54c00ad923d4f54747a16f590af8d68a6ad909cc,v11_eb861bbfca33954401fe,False,False,False,518880,518880,518880,False,False,False,21.42295710998158,21.450786360579116,21.450786360579116,0.0,8,8,2413,1.495049504950496,,0
2022-06-24,2022-06-24,3,3ade0735c7209f0b9f88e94a54c00ad923d4f54747a16f590af8d68a6ad909cc,v11_eb861bbfca33954401fe,False,False,False,518880,518880,518880,False,False,False,21.450786360579116,21.300508407352435,21.300508407352435,0.0,9,9,2413,1.495049504950496,,0
2022-06-27,2022-06-27,3,3ade0735c7209f0b9f88e94a54c00ad923d4f54747a16f590af8d68a6ad909cc,v11_eb861bbfca33954401fe,False,False,False,518880,518880,518880,False,False,False,21.300508407352435,21.445220510459613,21.445220510459613,0.0,10,10,2413,1.495049504950496,,0
2022-06-28,2022-06-28,3,3ade0735c7209f0b9f88e94a54c00ad923d4f54747a16f590af8d68a6ad909cc,v11_eb861bbfca33954401fe,False,False,False,518880,518880,518880,False,False,False,21.445220510459613,21.32833765794997,21.32833765794997,0.0,11,11,2413,1.495049504950496,,0
2022-06-29,2022-06-29,3,3ade0735c7209f0b9f88e94a54c00ad923d4f54747a16f590af8d68a6ad909cc,v11_eb861bbfca33954401fe,False,False,False,518880,518880,518880,False,False,False,21.32833765794997,21.267113306635398,21.267113306635398,0.0,12,12,2413,1.495049504950496,,0
2022-06-30,2022-06-30,3,3ade0735c7209f0b9f88e94a54c00ad923d4f54747a16f590af8d68a6ad909cc,v11_eb861bbfca33954401fe,False,False,False,518880,513100,513100,False,False,True,21.267113306635398,21.25041575627688,21.246165673125624,0.004250083151255376,13,0,2413,4.017051153460382,,0
2022-07-01,2022-07-01,3,3ade0735c7209f0b9f88e94a54c00ad923d4f54747a16f590af8d68a6ad909cc,v11_eb861bbfca33954401fe,False,False,False,513100,513100,513100,False,False,False,21.246165673125624,21.193116570321315,21.193116570321315,0.0,1,1,2413,4.017051153460382,,0
2022-07-04,2022-07-04,3,3ade0735c7209f0b9f88e94a54c00ad923d4f54747a16f590af8d68a6ad909cc,v11_eb861bbfca33954401fe,False,False,False,513100,513100,513100,False,False,False,21.193116570321315,21.272690224527775,21.272690224527775,0.0,2,2,2413,4.0220661985957875,,0
2022-07-05,2022-07-05,3,3ade0735c7209f0b9f88e94a54c00ad923d4f54747a16f590af8d68a6ad909cc,v11_eb861bbfca33954401fe,False,False,False,513100,513100,513100,False,False,False,21.272690224527775,21.590984841353627,21.590984841353627,0.0,3,3,2413,4.082246740220662,,0
2022-07-06,2022-07-06,3,3ade0735c7209f0b9f88e94a54c00ad923d4f54747a16f590af8d68a6ad909cc,v11_eb861bbfca33954401fe,False,False,False,513100,513100,513100,False,False,False,21.590984841353627,21.7236075983644,21.7236075983644,0.0,4,4,2413,4.107321965897693,,0
2022-07-07,2022-07-07,3,3ade0735c7209f0b9f88e94a54c00ad923d4f54747a16f590af8d68a6ad909cc,v11_eb861bbfca33954401fe,False,False,False,513100,513100,513100,False,False,False,21.7236075983644,21.988853112385943,21.988853112385943,0.0,5,5,2413,4.157472417251755,,0
2022-07-08,2022-07-08,3,3ade0735c7209f0b9f88e94a54c00ad923d4f54747a16f590af8d68a6ad909cc,v11_eb861bbfca33954401fe,False,False,False,513100,513100,513100,False,False,False,21.988853112385943,22.148000420798873,22.148000420798873,0.0,6,6,2413,4.187562688064193,,0
2022-07-11,2022-07-11,3,3ade0735c7209f0b9f88e94a54c00ad923d4f54747a16f590af8d68a6ad909cc,v11_eb861bbfca33954401fe,False,False,False,513100,513100,513100,False,False,False,22.148000420798873,21.962328560983792,21.962328560983792,0.0,7,7,2413,4.187562688064193,,0
2022-07-12,2022-07-12,3,3ade0735c7209f0b9f88e94a54c00ad923d4f54747a16f590af8d68a6ad909cc,v11_eb861bbfca33954401fe,False,False,False,513100,513100,513100,False,False,False,21.962328560983792,21.64403394415794,21.64403394415794,0.0,8,8,2413,4.187562688064193,,0
2022-07-13,2022-07-13,3,3ade0735c7209f0b9f88e94a54c00ad923d4f54747a16f590af8d68a6ad909cc,v11_eb861bbfca33954401fe,False,False,False,513100,513100,513100,False,False,False,21.64403394415794,21.77665670116871,21.77665670116871,0.0,9,9,2413,4.187562688064193,,0
2022-07-14,2022-07-14,3,3ade0735c7209f0b9f88e94a54c00ad923d4f54747a16f590af8d68a6ad909cc,v11_eb861bbfca33954401fe,False,False,False,513100,513100,513100,False,False,False,21.77665670116871,21.537935738549326,21.537935738549326,0.0,10,10,2413,4.187562688064193,,0
2022-07-15,2022-07-15,3,3ade0735c7209f0b9f88e94a54c00ad923d4f54747a16f590af8d68a6ad909cc,v11_eb861bbfca33954401fe,False,False,False,513100,513100,513100,False,False,False,21.537935738549326,21.77665670116871,21.77665670116871,0.0,11,11,2413,4.187562688064193,,0
2022-07-18,2022-07-18,3,3ade0735c7209f0b9f88e94a54c00ad923d4f54747a16f590af8d68a6ad909cc,v11_eb861bbfca33954401fe,False,False,False,513100,513100,513100,False,False,False,21.77665670116871,22.307147729211795,22.307147729211795,0.0,12,12,2413,4.21765295887663,,0
2022-07-19,2022-07-19,3,3ade0735c7209f0b9f88e94a54c00ad923d4f54747a16f590af8d68a6ad909cc,v11_eb861bbfca33954401fe,False,False,False,513100,513100,513100,False,False,False,22.307147729211795,21.988853112385943,21.988853112385943,0.0,13,13,2413,4.21765295887663,,0
2022-07-20,2022-07-20,3,3ade0735c7209f0b9f88e94a54c00ad923d4f54747a16f590af8d68a6ad909cc,v11_eb861bbfca33954401fe,False,False,False,513100,513100,513100,False,False,False,21.988853112385943,22.70501600024411,22.70501600024411,0.0,14,14,2413,4.292878635907723,,0
2022-07-21,2022-07-21,3,3ade0735c7209f0b9f88e94a54c00ad923d4f54747a16f590af8d68a6ad909cc,v11_eb861bbfca33954401fe,False,False,False,513100,513100,513100,False,False,False,22.70501600024411,22.837638757254883,22.837638757254883,0.0,15,15,2413,4.317953861584754,,0
2022-07-22,2022-07-22,3,3ade0735c7209f0b9f88e94a54c00ad923d4f54747a16f590af8d68a6ad909cc,v11_eb861bbfca33954401fe,False,False,False,513100,513100,513100,False,False,False,22.837638757254883,22.99678606566781,22.99678606566781,0.0,16,16,2413,4.348044132397191,,0
2022-07-25,2022-07-25,3,3ade0735c7209f0b9f88e94a54c00ad923d4f54747a16f590af8d68a6ad909cc,v11_eb861bbfca33954401fe,False,False,False,513100,513100,513100,False,False,False,22.99678606566781,22.6519668974398,22.6519668974398,0.0,17,17,2413,4.348044132397191,,0
2022-07-26,2022-07-26,3,3ade0735c7209f0b9f88e94a54c00ad923d4f54747a16f590af8d68a6ad909cc,v11_eb861bbfca33954401fe,False,False,False,513100,513100,513100,False,False,False,22.6519668974398,22.519344140429027,22.519344140429027,0.0,18,18,2413,4.348044132397191,,0
2022-07-27,2022-07-27,3,3ade0735c7209f0b9f88e94a54c00ad923d4f54747a16f590af8d68a6ad909cc,v11_eb861bbfca33954401fe,False,False,False,513100,513100,513100,False,False,False,22.519344140429027,22.519344140429027,22.519344140429027,0.0,19,19,2413,4.348044132397191,,0
2022-07-28,2022-07-28,3,3ade0735c7209f0b9f88e94a54c00ad923d4f54747a16f590af8d68a6ad909cc,v11_eb861bbfca33954401fe,False,False,False,513100,513100,513100,False,False,False,22.519344140429027,22.917212411461346,22.917212411461346,0.0,20,20,2413,4.348044132397191,,0
2022-07-29,2022-07-29,3,3ade0735c7209f0b9f88e94a54c00ad923d4f54747a16f590af8d68a6ad909cc,v11_eb861bbfca33954401fe,False,False,False,513100,513100,513100,False,False,False,22.917212411461346,23.553801645113055,23.553801645113055,0.0,21,21,2413,4.4533600802407225,,0
2022-08-01,2022-08-01,3,3ade0735c7209f0b9f88e94a54c00ad923d4f54747a16f590af8d68a6ad909cc,v11_eb861bbfca33954401fe,False,False,False,513100,513100,513100,False,False,False,23.553801645113055,23.500752542308742,23.500752542308742,0.0,22,22,2413,4.4533600802407225,,0
2022-08-02,2022-08-02,3,3ade0735c7209f0b9f88e94a54c00ad923d4f54747a16f590af8d68a6ad909cc,v11_eb861bbfca33954401fe,False,False,False,513100,513100,513100,False,False,False,23.500752542308742,23.500752542308742,23.500752542308742,0.0,23,23,2413,4.4533600802407225,,0
2022-08-03,2022-08-03,3,3ade0735c7209f0b9f88e94a54c00ad923d4f54747a16f590af8d68a6ad909cc,v11_eb861bbfca33954401fe,False,False,False,513100,513100,513100,False,False,False,23.500752542308742,23.500752542308742,23.500752542308742,0.0,24,24,2413,4.4533600802407225,,0
2022-08-04,2022-08-04,3,3ade0735c7209f0b9f88e94a54c00ad923d4f54747a16f590af8d68a6ad909cc,v11_eb861bbfca33954401fe,False,False,False,513100,513100,513100,False,False,False,23.500752542308742,24.163866327362605,24.163866327362605,0.0,25,25,2413,4.568706118355066,,0
2022-08-05,2022-08-05,3,3ade0735c7209f0b9f88e94a54c00ad923d4f54747a16f590af8d68a6ad909cc,v11_eb861bbfca33954401fe,False,False,False,513100,513100,513100,False,False,False,24.163866327362605,24.269964532971226,24.269964532971226,0.0,26,26,2413,4.588766298896691,,0
2022-08-08,2022-08-08,3,3ade0735c7209f0b9f88e94a54c00ad923d4f54747a16f590af8d68a6ad909cc,v11_eb861bbfca33954401fe,False,False,False,513100,513100,513100,False,False,False,24.269964532971226,24.190390878764763,24.190390878764763,0.0,27,27,2413,4.588766298896691,,0
2022-08-09,2022-08-09,3,3ade0735c7209f0b9f88e94a54c00ad923d4f54747a16f590af8d68a6ad909cc,v11_eb861bbfca33954401fe,False,False,False,513100,513100,513100,False,False,False,24.190390878764763,24.004719018949682,24.004719018949682,0.0,28,28,2413,4.588766298896691,,0
2022-08-10,2022-08-10,3,3ade0735c7209f0b9f88e94a54c00ad923d4f54747a16f590af8d68a6ad909cc,v11_eb861bbfca33954401fe,False,False,False,513100,513100,513100,False,False,False,24.004719018949682,23.659899850721672,23.659899850721672,0.0,29,29,2413,4.588766298896691,,0
2022-08-11,2022-08-11,3,3ade0735c7209f0b9f88e94a54c00ad923d4f54747a16f590af8d68a6ad909cc,v11_eb861bbfca33954401fe,False,False,False,513100,513100,513100,False,False,False,23.659899850721672,24.482160944188458,24.482160944188458,0.0,30,30,2413,4.6288866599799405,,0
2022-08-12,2022-08-12,3,3ade0735c7209f0b9f88e94a54c00ad923d4f54747a16f590af8d68a6ad909cc,v11_eb861bbfca33954401fe,False,False,False,513100,513100,513100,False,False,False,24.482160944188458,24.243439981569068,24.243439981569068,0.0,31,31,2413,4.6288866599799405,,0
2022-08-15,2022-08-15,3,3ade0735c7209f0b9f88e94a54c00ad923d4f54747a16f590af8d68a6ad909cc,v11_eb861bbfca33954401fe,False,False,False,513100,513100,513100,False,False,False,24.243439981569068,24.69435735540569,24.69435735540569,0.0,32,32,2413,4.66900702106319,,0
2022-08-16,2022-08-16,3,3ade0735c7209f0b9f88e94a54c00ad923d4f54747a16f590af8d68a6ad909cc,v11_eb861bbfca33954401fe,False,False,False,513100,513100,513100,False,False,False,24.69435735540569,24.986127420829384,24.986127420829384,0.0,33,33,2413,4.724172517552658,,0
2022-08-17,2022-08-17,3,3ade0735c7209f0b9f88e94a54c00ad923d4f54747a16f590af8d68a6ad909cc,v11_eb861bbfca33954401fe,False,False,False,513100,513100,513100,False,False,False,24.986127420829384,24.90655376662292,24.90655376662292,0.0,34,34,2413,4.724172517552658,,0
2022-08-18,2022-08-18,3,3ade0735c7209f0b9f88e94a54c00ad923d4f54747a16f590af8d68a6ad909cc,v11_eb861bbfca33954401fe,False,False,False,513100,513100,513100,False,False,False,24.90655376662292,24.561734598394917,24.561734598394917,0.0,35,35,2413,4.724172517552658,,0
2022-08-19,2022-08-19,3,3ade0735c7209f0b9f88e94a54c00ad923d4f54747a16f590af8d68a6ad909cc,v11_eb861bbfca33954401fe,False,False,False,513100,513100,513100,False,False,False,24.561734598394917,24.614783701199222,24.614783701199222,0.0,36,36,2413,4.724172517552658,,0
2022-08-22,2022-08-22,3,3ade0735c7209f0b9f88e94a54c00ad923d4f54747a16f590af8d68a6ad909cc,v11_eb861bbfca33954401fe,False,False,False,513100,513100,513100,False,False,False,24.614783701199222,24.190390878764752,24.190390878764752,0.0,37,37,2413,4.724172517552658,,0
2022-08-23,2022-08-23,3,3ade0735c7209f0b9f88e94a54c00ad923d4f54747a16f590af8d68a6ad909cc,v11_eb861bbfca33954401fe,False,False,False,513100,513100,513100,False,False,False,24.190390878764752,23.739473504928128,23.739473504928128,0.0,38,38,2413,4.724172517552658,,0
2022-08-24,2022-08-24,3,3ade0735c7209f0b9f88e94a54c00ad923d4f54747a16f590af8d68a6ad909cc,v11_eb861bbfca33954401fe,False,False,False,513100,513100,513100,False,False,False,23.739473504928128,23.81904715913459,23.81904715913459,0.0,39,39,2413,4.724172517552658,,0
2022-08-25,2022-08-25,3,3ade0735c7209f0b9f88e94a54c00ad923d4f54747a16f590af8d68a6ad909cc,v11_eb861bbfca33954401fe,False,False,False,513100,513100,513100,False,False,False,23.81904715913459,24.137341775960444,24.137341775960444,0.0,40,40,2413,4.724172517552658,,0
2022-08-26,2022-08-26,3,3ade0735c7209f0b9f88e94a54c00ad923d4f54747a16f590af8d68a6ad909cc,v11_eb861bbfca33954401fe,False,False,False,513100,513100,513100,False,False,False,24.137341775960444,24.269964532971215,24.269964532971215,0.0,41,41,2413,4.724172517552658,,0
2022-08-29,2022-08-29,3,3ade0735c7209f0b9f88e94a54c00ad923d4f54747a16f590af8d68a6ad909cc,v11_eb861bbfca33954401fe,False,False,False,513100,518880,518880,True,False,True,24.269964532971215,23.31508068249366,23.310417666357164,0.004663016136498732,42,0,2413,1.4345011424219365,,0
2022-08-30,2022-08-30,3,3ade0735c7209f0b9f88e94a54c00ad923d4f54747a16f590af8d68a6ad909cc,v11_eb861bbfca33954401fe,False,False,False,518880,518880,518880,False,False,False,23.310417666357164,23.409426607865452,23.409426607865452,0.0,1,1,2413,1.4405940594059428,,0
2022-08-31,2022-08-31,3,3ade0735c7209f0b9f88e94a54c00ad923d4f54747a16f590af8d68a6ad909cc,v11_eb861bbfca33954401fe,False,False,False,518880,518880,518880,False,False,False,23.409426607865452,23.254725136758754,23.254725136758754,0.0,2,2,2413,1.4405940594059428,,0
2022-09-01,2022-09-01,3,3ade0735c7209f0b9f88e94a54c00ad923d4f54747a16f590af8d68a6ad909cc,v11_eb861bbfca33954401fe,False,False,False,518880,518880,518880,False,False,False,23.254725136758754,23.08145948911925,23.08145948911925,0.0,3,3,2413,1.4405940594059428,,0
2022-09-02,2022-09-02,3,3ade0735c7209f0b9f88e94a54c00ad923d4f54747a16f590af8d68a6ad909cc,v11_eb861bbfca33954401fe,False,False,False,518880,518880,518880,False,False,False,23.08145948911925,23.05670725374218,23.05670725374218,0.0,4,4,2413,1.4405940594059428,,0
2022-09-05,2022-09-05,3,3ade0735c7209f0b9f88e94a54c00ad923d4f54747a16f590af8d68a6ad909cc,v11_eb861bbfca33954401fe,False,False,False,518880,518880,518880,False,False,False,23.05670725374218,23.29804154866863,23.29804154866863,0.0,5,5,2413,1.4405940594059428,,0
2022-09-06,2022-09-06,3,3ade0735c7209f0b9f88e94a54c00ad923d4f54747a16f590af8d68a6ad909cc,v11_eb861bbfca33954401fe,False,False,False,518880,518880,518880,False,False,False,23.29804154866863,23.41561466670972,23.41561466670972,0.0,6,6,2413,1.440974866717443,,0
2022-09-07,2022-09-07,3,3ade0735c7209f0b9f88e94a54c00ad923d4f54747a16f590af8d68a6ad909cc,v11_eb861bbfca33954401fe,False,False,False,518880,518880,518880,False,False,False,23.41561466670972,23.26091319560302,23.26091319560302,0.0,7,7,2413,1.440974866717443,,0
2022-09-08,2022-09-08,3,3ade0735c7209f0b9f88e94a54c00ad923d4f54747a16f590af8d68a6ad909cc,v11_eb861bbfca33954401fe,False,False,False,518880,518880,518880,False,False,False,23.26091319560302,23.452743019775326,23.452743019775326,0.0,8,8,2413,1.443259710586445,,0
2022-09-09,2022-09-09,3,3ade0735c7209f0b9f88e94a54c00ad923d4f54747a16f590af8d68a6ad909cc,v11_eb861bbfca33954401fe,False,False,False,518880,518880,518880,False,False,False,23.452743019775326,23.421802725553988,23.421802725553988,0.0,9,9,2413,1.443259710586445,,0
2022-09-13,2022-09-13,3,3ade0735c7209f0b9f88e94a54c00ad923d4f54747a16f590af8d68a6ad909cc,v11_eb861bbfca33954401fe,False,False,False,518880,518880,518880,False,False,False,23.421802725553988,23.434178843242524,23.434178843242524,0.0,10,10,2413,1.443259710586445,,0
2022-09-14,2022-09-14,3,3ade0735c7209f0b9f88e94a54c00ad923d4f54747a16f590af8d68a6ad909cc,v11_eb861bbfca33954401fe,False,False,False,518880,518880,518880,False,False,False,23.434178843242524,23.26710125444729,23.26710125444729,0.0,11,11,2413,1.443259710586445,,0
2022-09-15,2022-09-15,3,3ade0735c7209f0b9f88e94a54c00ad923d4f54747a16f590af8d68a6ad909cc,v11_eb861bbfca33954401fe,False,False,False,518880,518880,518880,False,False,False,23.26710125444729,23.168092312939002,23.168092312939002,0.0,12,12,2413,1.443259710586445,,0
2022-09-16,2022-09-16,3,3ade0735c7209f0b9f88e94a54c00ad923d4f54747a16f590af8d68a6ad909cc,v11_eb861bbfca33954401fe,False,False,False,518880,518880,518880,False,False,False,23.168092312939002,23.069083371430718,23.069083371430718,0.0,13,13,2413,1.443259710586445,,0
2022-09-19,2022-09-19,3,3ade0735c7209f0b9f88e94a54c00ad923d4f54747a16f590af8d68a6ad909cc,v11_eb861bbfca33954401fe,False,False,False,518880,518880,518880,False,False,False,23.069083371430718,23.1495281364062,23.1495281364062,0.0,14,14,2413,1.443259710586445,,0
2022-09-20,2022-09-20,3,3ade0735c7209f0b9f88e94a54c00ad923d4f54747a16f590af8d68a6ad909cc,v11_eb861bbfca33954401fe,False,False,False,518880,518880,518880,False,False,False,23.1495281364062,23.229972901381682,23.229972901381682,0.0,15,15,2413,1.443259710586445,,0
2022-09-21,2022-09-21,3,3ade0735c7209f0b9f88e94a54c00ad923d4f54747a16f590af8d68a6ad909cc,v11_eb861bbfca33954401fe,False,False,False,518880,518880,518880,False,False,False,23.229972901381682,23.26091319560302,23.26091319560302,0.0,16,16,2413,1.443259710586445,,0
2022-09-22,2022-09-22,3,3ade0735c7209f0b9f88e94a54c00ad923d4f54747a16f590af8d68a6ad909cc,v11_eb861bbfca33954401fe,False,False,False,518880,518880,518880,False,False,False,23.26091319560302,23.223784842537416,23.223784842537416,0.0,17,17,2413,1.443259710586445,,0
2022-09-23,2022-09-23,3,3ade0735c7209f0b9f88e94a54c00ad923d4f54747a16f590af8d68a6ad909cc,v11_eb861bbfca33954401fe,False,False,False,518880,518880,518880,False,False,False,23.223784842537416,23.328981842889966,23.328981842889966,0.0,18,18,2413,1.443259710586445,,0
2022-09-26,2022-09-26,3,3ade0735c7209f0b9f88e94a54c00ad923d4f54747a16f590af8d68a6ad909cc,v11_eb861bbfca33954401fe,False,False,False,518880,518880,518880,False,False,False,23.328981842889966,23.11858784218486,23.11858784218486,0.0,19,19,2413,1.443259710586445,,0
2022-09-27,2022-09-27,3,3ade0735c7209f0b9f88e94a54c00ad923d4f54747a16f590af8d68a6ad909cc,v11_eb861bbfca33954401fe,False,False,False,518880,518880,518880,False,False,False,23.11858784218486,23.180468430627535,23.180468430627535,0.0,20,20,2413,1.443259710586445,,0
2022-09-28,2022-09-28,3,3ade0735c7209f0b9f88e94a54c00ad923d4f54747a16f590af8d68a6ad909cc,v11_eb861bbfca33954401fe,False,False,False,518880,518880,518880,False,False,False,23.180468430627535,23.211408724848873,23.211408724848873,0.0,21,21,2413,1.443259710586445,,0
2022-09-29,2022-09-29,3,3ade0735c7209f0b9f88e94a54c00ad923d4f54747a16f590af8d68a6ad909cc,v11_eb861bbfca33954401fe,False,False,False,518880,518880,518880,False,False,False,23.211408724848873,23.39086243133264,23.39086243133264,0.0,22,22,2413,1.443259710586445,,0
2022-09-30,2022-09-30,3,3ade0735c7209f0b9f88e94a54c00ad923d4f54747a16f590af8d68a6ad909cc,v11_eb861bbfca33954401fe,False,False,False,518880,518880,518880,False,False,False,23.39086243133264,23.40942660786544,23.40942660786544,0.0,23,23,2413,1.443259710586445,,0
2022-10-10,2022-10-10,3,3ade0735c7209f0b9f88e94a54c00ad923d4f54747a16f590af8d68a6ad909cc,v11_eb861bbfca33954401fe,False,False,False,518880,518880,518880,False,False,False,23.40942660786544,23.576504196660675,23.576504196660675,0.0,24,24,2413,1.4508758568164526,,0
2022-10-11,2022-10-11,3,3ade0735c7209f0b9f88e94a54c00ad923d4f54747a16f590af8d68a6ad909cc,v11_eb861bbfca33954401fe,False,False,False,518880,588080,588080,False,True,True,23.576504196660675,23.52699972590653,23.52229432596135,0.004705399945181306,25,0,2526,0.633540372670808,,0
2022-10-12,2022-10-12,3,3ade0735c7209f0b9f88e94a54c00ad923d4f54747a16f590af8d68a6ad909cc,v11_eb861bbfca33954401fe,False,False,False,588080,588080,588080,False,False,False,23.52229432596135,24.4191138264065,24.4191138264065,0.0,1,1,2526,0.6576949620427887,,0
2022-10-13,2022-10-13,3,3ade0735c7209f0b9f88e94a54c00ad923d4f54747a16f590af8d68a6ad909cc,v11_eb861bbfca33954401fe,False,False,False,588080,588080,588080,False,False,False,24.4191138264065,24.47036065500337,24.47036065500337,0.0,2,2,2526,0.6590752242926161,,0
2022-10-14,2022-10-14,3,3ade0735c7209f0b9f88e94a54c00ad923d4f54747a16f590af8d68a6ad909cc,v11_eb861bbfca33954401fe,False,False,False,588080,588080,588080,False,False,False,24.47036065500337,25.239063083956353,25.239063083956353,0.0,3,3,2526,0.6797791580400281,,0
2022-10-17,2022-10-17,3,3ade0735c7209f0b9f88e94a54c00ad923d4f54747a16f590af8d68a6ad909cc,v11_eb861bbfca33954401fe,False,False,False,588080,588080,588080,False,False,False,25.239063083956353,25.367180155448516,25.367180155448516,0.0,4,4,2526,0.6832298136645967,,0
2022-10-18,2022-10-18,3,3ade0735c7209f0b9f88e94a54c00ad923d4f54747a16f590af8d68a6ad909cc,v11_eb861bbfca33954401fe,False,False,False,588080,518880,518880,False,False,True,25.367180155448516,25.31593332685165,25.310870140186278,0.00506318666537033,5,0,2526,1.44782939832445,,0
2022-10-19,2022-10-19,3,3ade0735c7209f0b9f88e94a54c00ad923d4f54747a16f590af8d68a6ad909cc,v11_eb861bbfca33954401fe,False,False,False,518880,518880,518880,False,False,False,25.310870140186278,25.250954876834967,25.250954876834967,0.0,1,1,2526,1.44782939832445,,0
2022-10-20,2022-10-20,3,3ade0735c7209f0b9f88e94a54c00ad923d4f54747a16f590af8d68a6ad909cc,v11_eb861bbfca33954401fe,False,False,False,518880,518880,518880,False,False,False,25.250954876834967,25.13112435013235,25.13112435013235,0.0,2,2,2526,1.44782939832445,,0
2022-10-21,2022-10-21,3,3ade0735c7209f0b9f88e94a54c00ad923d4f54747a16f590af8d68a6ad909cc,v11_eb861bbfca33954401fe,False,False,False,518880,518880,518880,False,False,False,25.13112435013235,25.104495344198433,25.104495344198433,0.0,3,3,2526,1.44782939832445,,0
2022-10-24,2022-10-24,3,3ade0735c7209f0b9f88e94a54c00ad923d4f54747a16f590af8d68a6ad909cc,v11_eb861bbfca33954401fe,False,False,False,518880,518880,518880,False,False,False,25.104495344198433,25.430700666888896,25.430700666888896,0.0,4,4,2526,1.4546839299314567,,0
2022-10-25,2022-10-25,3,3ade0735c7209f0b9f88e94a54c00ad923d4f54747a16f590af8d68a6ad909cc,v11_eb861bbfca33954401fe,False,False,False,518880,518880,518880,False,False,False,25.430700666888896,25.477301427273247,25.477301427273247,0.0,5,5,2526,1.4573495811119592,,0
2022-10-26,2022-10-26,3,3ade0735c7209f0b9f88e94a54c00ad923d4f54747a16f590af8d68a6ad909cc,v11_eb861bbfca33954401fe,False,False,False,518880,518880,518880,False,False,False,25.477301427273247,25.457329672822812,25.457329672822812,0.0,6,6,2526,1.4573495811119592,,0
2022-10-27,2022-10-27,3,3ade0735c7209f0b9f88e94a54c00ad923d4f54747a16f590af8d68a6ad909cc,v11_eb861bbfca33954401fe,False,False,False,518880,518880,518880,False,False,False,25.457329672822812,25.410728912438465,25.410728912438465,0.0,7,7,2526,1.4573495811119592,,0
2022-10-28,2022-10-28,3,3ade0735c7209f0b9f88e94a54c00ad923d4f54747a16f590af8d68a6ad909cc,v11_eb861bbfca33954401fe,False,False,False,518880,518880,518880,False,False,False,25.410728912438465,25.4307006668889,25.4307006668889,0.0,8,8,2526,1.4573495811119592,,0
2022-10-31,2022-10-31,3,3ade0735c7209f0b9f88e94a54c00ad923d4f54747a16f590af8d68a6ad909cc,v11_eb861bbfca33954401fe,False,False,False,518880,513100,513100,False,False,True,25.4307006668889,25.344156397603676,25.339087566324157,0.005068831279520736,9,0,2526,4.257773319959876,,0
2022-11-01,2022-11-01,3,3ade0735c7209f0b9f88e94a54c00ad923d4f54747a16f590af8d68a6ad909cc,v11_eb861bbfca33954401fe,False,False,False,513100,513100,513100,False,False,False,25.339087566324157,25.398779174254248,25.398779174254248,0.0,1,1,2526,4.267803410230688,,0
2022-11-02,2022-11-02,3,3ade0735c7209f0b9f88e94a54c00ad923d4f54747a16f590af8d68a6ad909cc,v11_eb861bbfca33954401fe,False,False,False,513100,513100,513100,False,False,False,25.398779174254248,25.01078372270865,25.01078372270865,0.0,2,2,2526,4.267803410230688,,0
2022-11-03,2022-11-03,3,3ade0735c7209f0b9f88e94a54c00ad923d4f54747a16f590af8d68a6ad909cc,v11_eb861bbfca33954401fe,False,False,False,513100,513100,513100,False,False,False,25.01078372270865,24.2646386235825,24.2646386235825,0.0,3,3,2526,4.267803410230688,,0
2022-11-04,2022-11-04,3,3ade0735c7209f0b9f88e94a54c00ad923d4f54747a16f590af8d68a6ad909cc,v11_eb861bbfca33954401fe,False,False,False,513100,513100,513100,False,False,False,24.2646386235825,24.294484427547545,24.294484427547545,0.0,4,4,2526,4.267803410230688,,0
2022-11-07,2022-11-07,3,3ade0735c7209f0b9f88e94a54c00ad923d4f54747a16f590af8d68a6ad909cc,v11_eb861bbfca33954401fe,False,False,False,513100,513100,513100,False,False,False,24.294484427547545,24.32433023151259,24.32433023151259,0.0,5,5,2526,4.267803410230688,,0
2022-11-08,2022-11-08,3,3ade0735c7209f0b9f88e94a54c00ad923d4f54747a16f590af8d68a6ad909cc,v11_eb861bbfca33954401fe,False,False,False,513100,513100,513100,False,False,False,24.32433023151259,24.354176035477636,24.354176035477636,0.0,6,6,2526,4.267803410230688,,0
2022-11-09,2022-11-09,3,3ade0735c7209f0b9f88e94a54c00ad923d4f54747a16f590af8d68a6ad909cc,v11_eb861bbfca33954401fe,False,False,False,513100,513100,513100,False,False,False,24.354176035477636,24.413867643407727,24.413867643407727,0.0,7,7,2526,4.267803410230688,,0
2022-11-10,2022-11-10,3,3ade0735c7209f0b9f88e94a54c00ad923d4f54747a16f590af8d68a6ad909cc,v11_eb861bbfca33954401fe,False,False,False,513100,513100,513100,False,False,False,24.413867643407727,24.115409603757264,24.115409603757264,0.0,8,8,2526,4.267803410230688,,0
2022-11-11,2022-11-11,3,3ade0735c7209f0b9f88e94a54c00ad923d4f54747a16f590af8d68a6ad909cc,v11_eb861bbfca33954401fe,False,False,False,513100,513100,513100,False,False,False,24.115409603757264,25.48831658614938,25.48831658614938,0.0,9,9,2526,4.282848545636906,,0
2022-11-14,2022-11-14,3,3ade0735c7209f0b9f88e94a54c00ad923d4f54747a16f590af8d68a6ad909cc,v11_eb861bbfca33954401fe,False,False,False,513100,513100,513100,False,False,False,25.48831658614938,25.309241762359107,25.309241762359107,0.0,10,10,2526,4.282848545636906,,0
2022-11-15,2022-11-15,3,3ade0735c7209f0b9f88e94a54c00ad923d4f54747a16f590af8d68a6ad909cc,v11_eb861bbfca33954401fe,False,False,False,513100,513100,513100,False,False,False,25.309241762359107,25.51816239011443,25.51816239011443,0.0,11,11,2526,4.287863590772313,,0
2022-11-16,2022-11-16,3,3ade0735c7209f0b9f88e94a54c00ad923d4f54747a16f590af8d68a6ad909cc,v11_eb861bbfca33954401fe,False,False,False,513100,513100,513100,False,False,False,25.51816239011443,25.697237213904707,25.697237213904707,0.0,12,12,2526,4.31795386158475,,0
2022-11-17,2022-11-17,3,3ade0735c7209f0b9f88e94a54c00ad923d4f54747a16f590af8d68a6ad909cc,v11_eb861bbfca33954401fe,False,False,False,513100,513100,513100,False,False,False,25.697237213904707,25.54800819407948,25.54800819407948,0.0,13,13,2526,4.31795386158475,,0
2022-11-18,2022-11-18,3,3ade0735c7209f0b9f88e94a54c00ad923d4f54747a16f590af8d68a6ad909cc,v11_eb861bbfca33954401fe,False,False,False,513100,513100,513100,False,False,False,25.54800819407948,25.458470782184342,25.458470782184342,0.0,14,14,2526,4.31795386158475,,0
2022-11-21,2022-11-21,3,3ade0735c7209f0b9f88e94a54c00ad923d4f54747a16f590af8d68a6ad909cc,v11_eb861bbfca33954401fe,False,False,False,513100,513100,513100,False,False,False,25.458470782184342,25.368933370289206,25.368933370289206,0.0,15,15,2526,4.31795386158475,,0
2022-11-22,2022-11-22,3,3ade0735c7209f0b9f88e94a54c00ad923d4f54747a16f590af8d68a6ad909cc,v11_eb861bbfca33954401fe,False,False,False,513100,518880,518880,False,False,True,25.368933370289206,25.16001274253388,25.154980739985373,0.005032002548506776,16,0,2526,1.4973343488194994,,0
2022-11-23,2022-11-23,3,3ade0735c7209f0b9f88e94a54c00ad923d4f54747a16f590af8d68a6ad909cc,v11_eb861bbfca33954401fe,False,False,False,518880,518880,518880,False,False,False,25.154980739985373,25.154980739985373,25.154980739985373,0.0,1,1,2526,1.4973343488194994,,0
2022-11-24,2022-11-24,3,3ade0735c7209f0b9f88e94a54c00ad923d4f54747a16f590af8d68a6ad909cc,v11_eb861bbfca33954401fe,False,False,False,518880,518880,518880,False,False,False,25.154980739985373,25.250943280956832,25.250943280956832,0.0,2,2,2526,1.5030464584920051,,0
2022-11-25,2022-11-25,3,3ade0735c7209f0b9f88e94a54c00ad923d4f54747a16f590af8d68a6ad909cc,v11_eb861bbfca33954401fe,False,False,False,518880,518880,518880,False,False,False,25.250943280956832,25.327713313734,25.327713313734,0.0,3,3,2526,1.5076161462300097,,0
2022-11-28,2022-11-28,3,3ade0735c7209f0b9f88e94a54c00ad923d4f54747a16f590af8d68a6ad909cc,v11_eb861bbfca33954401fe,False,False,False,518880,518880,518880,False,False,False,25.327713313734,25.346905821928296,25.346905821928296,0.0,4,4,2526,1.5087585681645108,,0
2022-11-29,2022-11-29,3,3ade0735c7209f0b9f88e94a54c00ad923d4f54747a16f590af8d68a6ad909cc,v11_eb861bbfca33954401fe,False,False,False,518880,518880,518880,False,False,False,25.346905821928296,25.276533291882558,25.276533291882558,0.0,5,5,2526,1.5087585681645108,,0
2022-11-30,2022-11-30,3,3ade0735c7209f0b9f88e94a54c00ad923d4f54747a16f590af8d68a6ad909cc,v11_eb861bbfca33954401fe,False,False,False,518880,518880,518880,False,False,False,25.276533291882558,25.231750772762542,25.231750772762542,0.0,6,6,2526,1.5087585681645108,,0
2022-12-01,2022-12-01,3,3ade0735c7209f0b9f88e94a54c00ad923d4f54747a16f590af8d68a6ad909cc,v11_eb861bbfca33954401fe,False,False,False,518880,518880,518880,False,False,False,25.231750772762542,25.30852080553971,25.30852080553971,0.0,7,7,2526,1.5087585681645108,,0
2022-12-02,2022-12-02,3,3ade0735c7209f0b9f88e94a54c00ad923d4f54747a16f590af8d68a6ad909cc,v11_eb861bbfca33954401fe,False,False,False,518880,513100,513100,False,False,True,25.30852080553971,25.455663368362618,25.450572235688945,0.005091132673672524,8,0,2526,4.327983951855563,,0
2022-12-05,2022-12-05,3,3ade0735c7209f0b9f88e94a54c00ad923d4f54747a16f590af8d68a6ad909cc,v11_eb861bbfca33954401fe,False,False,False,513100,513100,513100,False,False,False,25.450572235688945,25.185154912257655,25.185154912257655,0.0,1,1,2526,4.327983951855563,,0
2022-12-06,2022-12-06,3,3ade0735c7209f0b9f88e94a54c00ad923d4f54747a16f590af8d68a6ad909cc,v11_eb861bbfca33954401fe,False,False,False,513100,513100,513100,False,False,False,25.185154912257655,24.89024677511178,24.89024677511178,0.0,2,2,2526,4.327983951855563,,0
2022-12-07,2022-12-07,3,3ade0735c7209f0b9f88e94a54c00ad923d4f54747a16f590af8d68a6ad909cc,v11_eb861bbfca33954401fe,False,False,False,513100,513100,513100,False,False,False,24.89024677511178,24.624829451680494,24.624829451680494,0.0,3,3,2526,4.327983951855563,,0
2022-12-08,2022-12-08,3,3ade0735c7209f0b9f88e94a54c00ad923d4f54747a16f590af8d68a6ad909cc,v11_eb861bbfca33954401fe,False,False,False,513100,513100,513100,False,False,False,24.624829451680494,24.536357010536733,24.536357010536733,0.0,4,4,2526,4.327983951855563,,0
2022-12-09,2022-12-09,3,3ade0735c7209f0b9f88e94a54c00ad923d4f54747a16f590af8d68a6ad909cc,v11_eb861bbfca33954401fe,False,False,False,513100,513100,513100,False,False,False,24.536357010536733,24.56584782425132,24.56584782425132,0.0,5,5,2526,4.327983951855563,,0
2022-12-12,2022-12-12,3,3ade0735c7209f0b9f88e94a54c00ad923d4f54747a16f590af8d68a6ad909cc,v11_eb861bbfca33954401fe,False,False,False,513100,518880,518880,False,False,True,24.56584782425132,24.329921314534623,24.325055330271717,0.004865984262906925,6,0,2526,1.493145468392995,,0
2022-12-13,2022-12-13,3,3ade0735c7209f0b9f88e94a54c00ad923d4f54747a16f590af8d68a6ad909cc,v11_eb861bbfca33954401fe,False,False,False,518880,518880,518880,False,False,False,24.325055330271717,24.34366669624744,24.34366669624744,0.0,1,1,2526,1.494287890327496,,0
2022-12-14,2022-12-14,3,3ade0735c7209f0b9f88e94a54c00ad923d4f54747a16f590af8d68a6ad909cc,v11_eb861bbfca33954401fe,False,False,False,518880,518880,518880,False,False,False,24.34366669624744,24.58561445393186,24.58561445393186,0.0,2,2,2526,1.5091393754760112,,0
2022-12-15,2022-12-15,3,3ade0735c7209f0b9f88e94a54c00ad923d4f54747a16f590af8d68a6ad909cc,v11_eb861bbfca33954401fe,False,False,False,518880,518880,518880,False,False,False,24.58561445393186,24.399500794174614,24.399500794174614,0.0,3,3,2526,1.5091393754760112,,0
2022-12-16,2022-12-16,3,3ade0735c7209f0b9f88e94a54c00ad923d4f54747a16f590af8d68a6ad909cc,v11_eb861bbfca33954401fe,False,False,False,518880,518880,518880,False,False,False,24.399500794174614,24.287832598320268,24.287832598320268,0.0,4,4,2526,1.5091393754760112,,0
2022-12-19,2022-12-19,3,3ade0735c7209f0b9f88e94a54c00ad923d4f54747a16f590af8d68a6ad909cc,v11_eb861bbfca33954401fe,False,False,False,518880,518880,518880,False,False,False,24.287832598320268,24.45533489210179,24.45533489210179,0.0,5,5,2526,1.5091393754760112,,0
2022-12-20,2022-12-20,3,3ade0735c7209f0b9f88e94a54c00ad923d4f54747a16f590af8d68a6ad909cc,v11_eb861bbfca33954401fe,False,False,False,518880,518880,518880,False,False,False,24.45533489210179,24.46153868076036,24.46153868076036,0.0,6,6,2526,1.5091393754760112,,0
2022-12-21,2022-12-21,3,3ade0735c7209f0b9f88e94a54c00ad923d4f54747a16f590af8d68a6ad909cc,v11_eb861bbfca33954401fe,False,False,False,518880,518880,518880,False,False,False,24.46153868076036,24.6972826497862,24.6972826497862,0.0,7,7,2526,1.5159939070830175,,0
2022-12-22,2022-12-22,3,3ade0735c7209f0b9f88e94a54c00ad923d4f54747a16f590af8d68a6ad909cc,v11_eb861bbfca33954401fe,False,False,False,518880,518880,518880,False,False,False,24.6972826497862,24.6972826497862,24.6972826497862,0.0,8,8,2526,1.5159939070830175,,0
2022-12-23,2022-12-23,3,3ade0735c7209f0b9f88e94a54c00ad923d4f54747a16f590af8d68a6ad909cc,v11_eb861bbfca33954401fe,False,False,False,518880,518880,518880,False,False,False,24.6972826497862,24.492557624053234,24.492557624053234,0.0,9,9,2526,1.5159939070830175,,0
2022-12-26,2022-12-26,3,3ade0735c7209f0b9f88e94a54c00ad923d4f54747a16f590af8d68a6ad909cc,v11_eb861bbfca33954401fe,False,False,False,518880,518880,518880,False,False,False,24.492557624053234,24.523576567346105,24.523576567346105,0.0,10,10,2526,1.5159939070830175,,0
2022-12-27,2022-12-27,3,3ade0735c7209f0b9f88e94a54c00ad923d4f54747a16f590af8d68a6ad909cc,v11_eb861bbfca33954401fe,False,False,False,518880,518880,518880,False,False,False,24.523576567346105,24.585614453931854,24.585614453931854,0.0,11,11,2526,1.5159939070830175,,0
2022-12-28,2022-12-28,3,3ade0735c7209f0b9f88e94a54c00ad923d4f54747a16f590af8d68a6ad909cc,v11_eb861bbfca33954401fe,False,False,False,518880,518880,518880,False,False,False,24.585614453931854,24.60422581990758,24.60422581990758,0.0,12,12,2526,1.5159939070830175,,0
2022-12-29,2022-12-29,3,3ade0735c7209f0b9f88e94a54c00ad923d4f54747a16f590af8d68a6ad909cc,v11_eb861bbfca33954401fe,False,False,False,518880,518880,518880,False,False,False,24.60422581990758,24.567003087956127,24.567003087956127,0.0,13,13,2526,1.5159939070830175,,0
2022-12-30,2022-12-30,3,3ade0735c7209f0b9f88e94a54c00ad923d4f54747a16f590af8d68a6ad909cc,v11_eb861bbfca33954401fe,False,False,False,518880,518880,518880,False,False,False,24.567003087956127,24.728301593079074,24.728301593079074,0.0,14,14,2526,1.5178979436405196,,0
2023-01-03,2023-01-03,3,3ade0735c7209f0b9f88e94a54c00ad923d4f54747a16f590af8d68a6ad909cc,v11_eb861bbfca33954401fe,False,False,False,518880,518880,518880,False,False,False,24.728301593079074,24.734505381737648,24.734505381737648,0.0,15,15,2526,1.51827875095202,,0
2023-01-04,2023-01-04,3,3ade0735c7209f0b9f88e94a54c00ad923d4f54747a16f590af8d68a6ad909cc,v11_eb861bbfca33954401fe,False,False,False,518880,518880,518880,False,False,False,24.734505381737648,24.827562211616268,24.827562211616268,0.0,16,16,2526,1.5239908606245256,,0
2023-01-05,2023-01-05,3,3ade0735c7209f0b9f88e94a54c00ad923d4f54747a16f590af8d68a6ad909cc,v11_eb861bbfca33954401fe,False,False,False,518880,518880,518880,False,False,False,24.827562211616268,24.821358422957697,24.821358422957697,0.0,17,17,2526,1.5239908606245256,,0
2023-01-06,2023-01-06,3,3ade0735c7209f0b9f88e94a54c00ad923d4f54747a16f590af8d68a6ad909cc,v11_eb861bbfca33954401fe,False,False,False,518880,518880,518880,False,False,False,24.821358422957697,24.641448551859025,24.641448551859025,0.0,18,18,2526,1.5239908606245256,,0
2023-01-09,2023-01-09,3,3ade0735c7209f0b9f88e94a54c00ad923d4f54747a16f590af8d68a6ad909cc,v11_eb861bbfca33954401fe,False,False,False,518880,518880,518880,False,False,False,24.641448551859025,24.908211464177736,24.908211464177736,0.0,19,19,2526,1.5289413556740303,,0
2023-01-10,2023-01-10,3,3ade0735c7209f0b9f88e94a54c00ad923d4f54747a16f590af8d68a6ad909cc,v11_eb861bbfca33954401fe,False,False,False,518880,518880,518880,False,False,False,24.908211464177736,24.895803886860588,24.895803886860588,0.0,20,20,2526,1.5289413556740303,,0
2023-01-11,2023-01-11,3,3ade0735c7209f0b9f88e94a54c00ad923d4f54747a16f590af8d68a6ad909cc,v11_eb861bbfca33954401fe,False,False,False,518880,518880,518880,False,False,False,24.895803886860588,24.970249350763485,24.970249350763485,0.0,21,21,2526,1.5327494287890342,,0
2023-01-12,2023-01-12,3,3ade0735c7209f0b9f88e94a54c00ad923d4f54747a16f590af8d68a6ad909cc,v11_eb861bbfca33954401fe,False,False,False,518880,518880,518880,False,False,False,24.970249350763485,24.933026618812036,24.933026618812036,0.0,22,22,2526,1.5327494287890342,,0
2023-01-13,2023-01-13,3,3ade0735c7209f0b9f88e94a54c00ad923d4f54747a16f590af8d68a6ad909cc,v11_eb861bbfca33954401fe,False,False,False,518880,518880,518880,False,False,False,24.933026618812036,24.982656928080633,24.982656928080633,0.0,23,23,2526,1.5335110434120347,,0
2023-01-16,2023-01-16,3,3ade0735c7209f0b9f88e94a54c00ad923d4f54747a16f590af8d68a6ad909cc,v11_eb861bbfca33954401fe,False,False,False,518880,510300,510300,False,False,True,24.982656928080633,25.12534406722785,25.120318998414405,0.00502506881344557,24,0,2526,1.8799215243975236,,0
2023-01-17,2023-01-17,3,3ade0735c7209f0b9f88e94a54c00ad923d4f54747a16f590af8d68a6ad909cc,v11_eb861bbfca33954401fe,False,False,False,510300,510300,510300,False,False,False,25.120318998414405,25.096065733631967,25.096065733631967,0.0,1,1,2526,1.8799215243975236,,0
2023-01-18,2023-01-18,3,3ade0735c7209f0b9f88e94a54c00ad923d4f54747a16f590af8d68a6ad909cc,v11_eb861bbfca33954401fe,False,False,False,510300,510300,510300,False,False,False,25.096065733631967,25.04149588787147,25.04149588787147,0.0,2,2,2526,1.8799215243975236,,0
2023-01-19,2023-01-19,3,3ade0735c7209f0b9f88e94a54c00ad923d4f54747a16f590af8d68a6ad909cc,v11_eb861bbfca33954401fe,False,False,False,510300,510300,510300,False,False,False,25.04149588787147,25.21126874134857,25.21126874134857,0.0,3,3,2526,1.8867279021107664,,0
2023-01-20,2023-01-20,3,3ade0735c7209f0b9f88e94a54c00ad923d4f54747a16f590af8d68a6ad909cc,v11_eb861bbfca33954401fe,False,False,False,510300,510300,510300,False,False,False,25.21126874134857,25.35072501384761,25.35072501384761,0.0,4,4,2526,1.8971643479377378,,0
2023-01-30,2023-01-30,3,3ade0735c7209f0b9f88e94a54c00ad923d4f54747a16f590af8d68a6ad909cc,v11_eb861bbfca33954401fe,False,False,False,510300,510300,510300,False,False,False,25.35072501384761,25.496244602542262,25.496244602542262,0.0,5,5,2526,1.9080545522789254,,0
2023-01-31,2023-01-31,3,3ade0735c7209f0b9f88e94a54c00ad923d4f54747a16f590af8d68a6ad909cc,v11_eb861bbfca33954401fe,False,False,False,510300,510300,510300,False,False,False,25.496244602542262,25.217332057544176,25.217332057544176,0.0,6,6,2526,1.9080545522789254,,0
2023-02-01,2023-02-01,3,3ade0735c7209f0b9f88e94a54c00ad923d4f54747a16f590af8d68a6ad909cc,v11_eb861bbfca33954401fe,False,False,False,510300,510300,510300,False,False,False,25.217332057544176,25.405294859608105,25.405294859608105,0.0,7,7,2526,1.9080545522789254,,0
2023-02-02,2023-02-02,3,3ade0735c7209f0b9f88e94a54c00ad923d4f54747a16f590af8d68a6ad909cc,v11_eb861bbfca33954401fe,False,False,False,510300,510300,510300,False,False,False,25.405294859608105,25.344661697651997,25.344661697651997,0.0,8,8,2526,1.9080545522789254,,0
2023-02-03,2023-02-03,3,3ade0735c7209f0b9f88e94a54c00ad923d4f54747a16f590af8d68a6ad909cc,v11_eb861bbfca33954401fe,False,False,False,510300,510300,510300,False,False,False,25.344661697651997,25.083939101240745,25.083939101240745,0.0,9,9,2526,1.9080545522789254,,0
2023-02-06,2023-02-06,3,3ade0735c7209f0b9f88e94a54c00ad923d4f54747a16f590af8d68a6ad909cc,v11_eb861bbfca33954401fe,False,False,False,510300,510500,510500,False,False,True,25.083939101240745,24.738330078090947,24.73338241207533,0.00494766601561819,10,0,2526,2.0946414376384173,,0
2023-02-07,2023-02-07,3,3ade0735c7209f0b9f88e94a54c00ad923d4f54747a16f590af8d68a6ad909cc,v11_eb861bbfca33954401fe,False,False,False,510500,510500,510500,False,False,False,24.73338241207533,24.74510809905956,24.74510809905956,0.0,1,1,2526,2.0956344724539853,,0
2023-02-08,2023-02-08,3,3ade0735c7209f0b9f88e94a54c00ad923d4f54747a16f590af8d68a6ad909cc,v11_eb861bbfca33954401fe,False,False,False,510500,510500,510500,False,False,False,24.74510809905956,24.56531423196799,24.56531423196799,0.0,2,2,2526,2.0956344724539853,,0
2023-02-09,2023-02-09,3,3ade0735c7209f0b9f88e94a54c00ad923d4f54747a16f590af8d68a6ad909cc,v11_eb861bbfca33954401fe,False,False,False,510500,510500,510500,False,False,False,24.56531423196799,24.92099340382305,24.92099340382305,0.0,3,3,2526,2.110529994687507,,0
2023-02-10,2023-02-10,3,3ade0735c7209f0b9f88e94a54c00ad923d4f54747a16f590af8d68a6ad909cc,v11_eb861bbfca33954401fe,False,False,False,510500,510500,510500,False,False,False,24.92099340382305,24.84282215726149,24.84282215726149,0.0,4,4,2526,2.110529994687507,,0
2023-02-13,2023-02-13,3,3ade0735c7209f0b9f88e94a54c00ad923d4f54747a16f590af8d68a6ad909cc,v11_eb861bbfca33954401fe,False,False,False,510500,510500,510500,False,False,False,24.84282215726149,24.991347525728443,24.991347525728443,0.0,5,5,2526,2.1164882035809156,,0
2023-02-14,2023-02-14,3,3ade0735c7209f0b9f88e94a54c00ad923d4f54747a16f590af8d68a6ad909cc,v11_eb861bbfca33954401fe,False,False,False,510500,510500,510500,False,False,False,24.991347525728443,25.05779308530576,25.05779308530576,0.0,6,6,2526,2.1221154008691347,,0
2023-02-15,2023-02-15,3,3ade0735c7209f0b9f88e94a54c00ad923d4f54747a16f590af8d68a6ad909cc,v11_eb861bbfca33954401fe,False,False,False,510500,510500,510500,False,False,False,25.05779308530576,25.01089033736883,25.01089033736883,0.0,7,7,2526,2.1221154008691347,,0
2023-02-16,2023-02-16,3,3ade0735c7209f0b9f88e94a54c00ad923d4f54747a16f590af8d68a6ad909cc,v11_eb861bbfca33954401fe,False,False,False,510500,513100,513100,False,False,True,25.01089033736883,24.678662539482232,24.673726806974337,0.004935732507896447,8,0,2526,4.4633901705115315,,0
2023-02-17,2023-02-17,3,3ade0735c7209f0b9f88e94a54c00ad923d4f54747a16f590af8d68a6ad909cc,v11_eb861bbfca33954401fe,False,False,False,513100,512890,512890,True,False,True,24.673726806974337,23.980644593295278,23.975848464376618,0.004796128918659056,1,0,2526,1.6929212362911292,,0
2023-02-20,2023-02-20,3,3ade0735c7209f0b9f88e94a54c00ad923d4f54747a16f590af8d68a6ad909cc,v11_eb861bbfca33954401fe,False,False,False,512890,512890,512890,False,False,False,23.975848464376618,24.484170339946438,24.484170339946438,0.0,1,1,2526,1.7288135593220364,,0
2023-02-21,2023-02-21,3,3ade0735c7209f0b9f88e94a54c00ad923d4f54747a16f590af8d68a6ad909cc,v11_eb861bbfca33954401fe,False,False,False,512890,512890,512890,False,False,False,24.484170339946438,24.738331277731348,24.738331277731348,0.0,2,2,2526,1.7467597208374899,,0
2023-02-22,2023-02-22,3,3ade0735c7209f0b9f88e94a54c00ad923d4f54747a16f590af8d68a6ad909cc,v11_eb861bbfca33954401fe,False,False,False,512890,512890,512890,False,False,False,24.738331277731348,24.794811486127998,24.794811486127998,0.0,3,3,2526,1.750747756729813,,0
2023-02-23,2023-02-23,3,3ade0735c7209f0b9f88e94a54c00ad923d4f54747a16f590af8d68a6ad909cc,v11_eb861bbfca33954401fe,False,False,False,512890,512890,512890,False,False,False,24.794811486127998,24.681851069334705,24.681851069334705,0.0,4,4,2526,1.750747756729813,,0
2023-02-24,2023-02-24,3,3ade0735c7209f0b9f88e94a54c00ad923d4f54747a16f590af8d68a6ad909cc,v11_eb861bbfca33954401fe,False,False,False,512890,512890,512890,False,False,False,24.681851069334705,24.71009117353303,24.71009117353303,0.0,5,5,2526,1.750747756729813,,0
2023-02-27,2023-02-27,3,3ade0735c7209f0b9f88e94a54c00ad923d4f54747a16f590af8d68a6ad909cc,v11_eb861bbfca33954401fe,False,False,False,512890,512890,512890,False,False,False,24.71009117353303,24.597130756739737,24.597130756739737,0.0,6,6,2526,1.750747756729813,,0
2023-02-28,2023-02-28,3,3ade0735c7209f0b9f88e94a54c00ad923d4f54747a16f590af8d68a6ad909cc,v11_eb861bbfca33954401fe,False,False,False,512890,512890,512890,False,False,False,24.597130756739737,24.71009117353303,24.71009117353303,0.0,7,7,2526,1.750747756729813,,0
2023-03-01,2023-03-01,3,3ade0735c7209f0b9f88e94a54c00ad923d4f54747a16f590af8d68a6ad909cc,v11_eb861bbfca33954401fe,False,False,False,512890,512890,512890,False,False,False,24.71009117353303,24.851291694524647,24.851291694524647,0.0,8,8,2526,1.7547357926221365,,0
2023-03-02,2023-03-02,3,3ade0735c7209f0b9f88e94a54c00ad923d4f54747a16f590af8d68a6ad909cc,v11_eb861bbfca33954401fe,False,False,False,512890,512890,512890,False,False,False,24.851291694524647,25.077212528111232,25.077212528111232,0.0,9,9,2526,1.7706879361914285,,0
2023-03-03,2023-03-03,3,3ade0735c7209f0b9f88e94a54c00ad923d4f54747a16f590af8d68a6ad909cc,v11_eb861bbfca33954401fe,False,False,False,512890,512890,512890,False,False,False,25.077212528111232,25.2748932574995,25.2748932574995,0.0,10,10,2526,1.7846460618145592,,0
2023-03-06,2023-03-06,3,3ade0735c7209f0b9f88e94a54c00ad923d4f54747a16f590af8d68a6ad909cc,v11_eb861bbfca33954401fe,False,False,False,512890,512890,512890,False,False,False,25.2748932574995,25.2748932574995,25.2748932574995,0.0,11,11,2526,1.7846460618145592,,0
2023-03-07,2023-03-07,3,3ade0735c7209f0b9f88e94a54c00ad923d4f54747a16f590af8d68a6ad909cc,v11_eb861bbfca33954401fe,False,False,False,512890,512890,512890,False,False,False,25.2748932574995,25.19017294490453,25.19017294490453,0.0,12,12,2526,1.7846460618145592,,0
2023-03-08,2023-03-08,3,3ade0735c7209f0b9f88e94a54c00ad923d4f54747a16f590af8d68a6ad909cc,v11_eb861bbfca33954401fe,False,False,False,512890,512890,512890,False,False,False,25.19017294490453,25.133692736507882,25.133692736507882,0.0,13,13,2526,1.7846460618145592,,0
2023-03-09,2023-03-09,3,3ade0735c7209f0b9f88e94a54c00ad923d4f54747a16f590af8d68a6ad909cc,v11_eb861bbfca33954401fe,False,False,False,512890,518880,518880,False,False,True,25.133692736507882,25.10545263230956,25.1004315417831,0.005021090526461912,14,0,2526,1.5357958872810369,,0
2023-03-10,2023-03-10,3,3ade0735c7209f0b9f88e94a54c00ad923d4f54747a16f590af8d68a6ad909cc,v11_eb861bbfca33954401fe,False,False,False,518880,518880,518880,False,False,False,25.1004315417831,25.274696873588187,25.274696873588187,0.0,1,1,2526,1.5464584920030475,,0
2023-03-13,2023-03-13,3,3ade0735c7209f0b9f88e94a54c00ad923d4f54747a16f590af8d68a6ad909cc,v11_eb861bbfca33954401fe,False,False,False,518880,518880,518880,False,False,False,25.274696873588187,25.44896220539328,25.44896220539328,0.0,2,2,2526,1.5571210967250584,,0
2023-03-14,2023-03-14,3,3ade0735c7209f0b9f88e94a54c00ad923d4f54747a16f590af8d68a6ad909cc,v11_eb861bbfca33954401fe,False,False,False,518880,518880,518880,False,False,False,25.44896220539328,25.778821583452913,25.778821583452913,0.0,3,3,2526,1.5773038842345786,,0
2023-03-15,2023-03-15,3,3ade0735c7209f0b9f88e94a54c00ad923d4f54747a16f590af8d68a6ad909cc,v11_eb861bbfca33954401fe,False,False,False,518880,518880,518880,False,False,False,25.778821583452913,25.760150297902367,25.760150297902367,0.0,4,4,2526,1.5773038842345786,,0
2023-03-16,2023-03-16,3,3ade0735c7209f0b9f88e94a54c00ad923d4f54747a16f590af8d68a6ad909cc,v11_eb861bbfca33954401fe,False,False,False,518880,518880,518880,False,False,False,25.760150297902367,25.977981962658728,25.977981962658728,0.0,5,5,2526,1.5894897182025907,,0
2023-03-17,2023-03-17,3,3ade0735c7209f0b9f88e94a54c00ad923d4f54747a16f590af8d68a6ad909cc,v11_eb861bbfca33954401fe,False,False,False,518880,518880,518880,False,False,False,25.977981962658728,26.12735224706309,26.12735224706309,0.0,6,6,2526,1.5986290936785998,,0
2023-03-20,2023-03-20,3,3ade0735c7209f0b9f88e94a54c00ad923d4f54747a16f590af8d68a6ad909cc,v11_eb861bbfca33954401fe,False,False,False,518880,518880,518880,False,False,False,26.12735224706309,26.930217525736538,26.930217525736538,0.0,7,7,2526,1.6477532368621488,,0
2023-03-21,2023-03-21,3,3ade0735c7209f0b9f88e94a54c00ad923d4f54747a16f590af8d68a6ad909cc,v11_eb861bbfca33954401fe,False,False,False,518880,518880,518880,False,False,False,26.930217525736538,26.67504328987908,26.67504328987908,0.0,8,8,2526,1.6477532368621488,,0
2023-03-22,2023-03-22,3,3ade0735c7209f0b9f88e94a54c00ad923d4f54747a16f590af8d68a6ad909cc,v11_eb861bbfca33954401fe,False,False,False,518880,518880,518880,False,False,False,26.67504328987908,26.282946293317632,26.282946293317632,0.0,9,9,2526,1.6477532368621488,,0
2023-03-23,2023-03-23,3,3ade0735c7209f0b9f88e94a54c00ad923d4f54747a16f590af8d68a6ad909cc,v11_eb861bbfca33954401fe,False,False,False,518880,518880,518880,False,False,False,26.282946293317632,26.469659148823084,26.469659148823084,0.0,10,10,2526,1.6477532368621488,,0
2023-03-24,2023-03-24,3,3ade0735c7209f0b9f88e94a54c00ad923d4f54747a16f590af8d68a6ad909cc,v11_eb861bbfca33954401fe,False,False,False,518880,518880,518880,False,False,False,26.469659148823084,26.606581909527083,26.606581909527083,0.0,11,11,2526,1.6477532368621488,,0
2023-03-27,2023-03-27,3,3ade0735c7209f0b9f88e94a54c00ad923d4f54747a16f590af8d68a6ad909cc,v11_eb861bbfca33954401fe,False,False,False,518880,518880,518880,False,False,False,26.606581909527083,26.42609281587181,26.42609281587181,0.0,12,12,2526,1.6477532368621488,,0
2023-03-28,2023-03-28,3,3ade0735c7209f0b9f88e94a54c00ad923d4f54747a16f590af8d68a6ad909cc,v11_eb861bbfca33954401fe,False,False,False,518880,518880,518880,False,False,False,26.42609281587181,26.295393817017988,26.295393817017988,0.0,13,13,2526,1.6477532368621488,,0
2023-03-29,2023-03-29,3,3ade0735c7209f0b9f88e94a54c00ad923d4f54747a16f590af8d68a6ad909cc,v11_eb861bbfca33954401fe,False,False,False,518880,588080,588080,False,False,True,26.295393817017988,26.38875024477072,26.383472494721765,0.005277750048954144,14,0,2526,0.7481021394064881,,0
2023-03-30,2023-03-30,3,3ade0735c7209f0b9f88e94a54c00ad923d4f54747a16f590af8d68a6ad909cc,v11_eb861bbfca33954401fe,False,False,False,588080,588080,588080,False,False,False,26.383472494721765,26.505167478553503,26.505167478553503,0.0,1,1,2526,0.7515527950310567,,0
2023-03-31,2023-03-31,3,3ade0735c7209f0b9f88e94a54c00ad923d4f54747a16f590af8d68a6ad909cc,v11_eb861bbfca33954401fe,False,False,False,588080,588080,588080,False,False,False,26.505167478553503,26.87025243004873,26.87025243004873,0.0,2,2,2526,0.7619047619047626,,0
2023-04-03,2023-04-03,3,3ade0735c7209f0b9f88e94a54c00ad923d4f54747a16f590af8d68a6ad909cc,v11_eb861bbfca33954401fe,False,False,False,588080,588080,588080,False,False,False,26.87025243004873,27.941168287768058,27.941168287768058,0.0,3,3,2526,0.7922705314009667,,0
2023-04-04,2023-04-04,3,3ade0735c7209f0b9f88e94a54c00ad923d4f54747a16f590af8d68a6ad909cc,v11_eb861bbfca33954401fe,False,False,False,588080,588080,588080,False,False,False,27.941168287768058,27.989846281300757,27.989846281300757,0.0,4,4,2526,0.7936507936507943,,0
2023-04-06,2023-04-06,3,3ade0735c7209f0b9f88e94a54c00ad923d4f54747a16f590af8d68a6ad909cc,v11_eb861bbfca33954401fe,False,False,False,588080,588080,588080,False,False,False,27.989846281300757,28.50096521339408,28.50096521339408,0.0,5,5,2526,0.8081435472739829,,0
2023-04-07,2023-04-07,3,3ade0735c7209f0b9f88e94a54c00ad923d4f54747a16f590af8d68a6ad909cc,v11_eb861bbfca33954401fe,False,False,False,588080,588080,588080,False,False,False,28.50096521339408,28.84171116812296,28.84171116812296,0.0,6,6,2526,0.8178053830227753,,0
2023-04-10,2023-04-10,3,3ade0735c7209f0b9f88e94a54c00ad923d4f54747a16f590af8d68a6ad909cc,v11_eb861bbfca33954401fe,False,False,False,588080,159915,159915,True,False,True,28.84171116812296,28.01418527806711,28.008582441011498,0.005602837055613422,7,0,2526,2.9711417816812875,,0
2023-04-11,2023-04-11,3,3ade0735c7209f0b9f88e94a54c00ad923d4f54747a16f590af8d68a6ad909cc,v11_eb861bbfca33954401fe,False,False,False,159915,159915,159915,False,False,False,28.008582441011498,27.937614749015694,27.937614749015694,0.0,1,1,2526,2.9711417816812875,,0
2023-04-12,2023-04-12,3,3ade0735c7209f0b9f88e94a54c00ad923d4f54747a16f590af8d68a6ad909cc,v11_eb861bbfca33954401fe,False,False,False,159915,159915,159915,False,False,False,27.937614749015694,27.831163211021988,27.831163211021988,0.0,2,2,2526,2.9711417816812875,,0
2023-04-13,2023-04-13,3,3ade0735c7209f0b9f88e94a54c00ad923d4f54747a16f590af8d68a6ad909cc,v11_eb861bbfca33954401fe,False,False,False,159915,588080,588080,False,False,True,27.831163211021988,27.582776289036662,27.577259733778856,0.005516555257807333,3,0,2526,0.7763975155279511,,0
2023-04-14,2023-04-14,3,3ade0735c7209f0b9f88e94a54c00ad923d4f54747a16f590af8d68a6ad909cc,v11_eb861bbfca33954401fe,False,False,False,588080,588080,588080,False,False,False,27.577259733778856,28.43521892549642,28.43521892549642,0.0,1,1,2526,0.8005521048999318,,0
2023-04-17,2023-04-17,3,3ade0735c7209f0b9f88e94a54c00ad923d4f54747a16f590af8d68a6ad909cc,v11_eb861bbfca33954401fe,False,False,False,588080,588080,588080,False,False,False,28.43521892549642,28.55778452431322,28.55778452431322,0.0,2,2,2526,0.8040027605245005,,0
2023-04-18,2023-04-18,3,3ade0735c7209f0b9f88e94a54c00ad923d4f54747a16f590af8d68a6ad909cc,v11_eb861bbfca33954401fe,False,False,False,588080,588080,588080,False,False,False,28.55778452431322,28.23911396738955,28.23911396738955,0.0,3,3,2526,0.8040027605245005,,0
2023-04-19,2023-04-19,3,3ade0735c7209f0b9f88e94a54c00ad923d4f54747a16f590af8d68a6ad909cc,v11_eb861bbfca33954401fe,False,False,False,588080,588080,588080,False,False,False,28.23911396738955,28.361679566206348,28.361679566206348,0.0,4,4,2526,0.8040027605245005,,0
2023-04-20,2023-04-20,3,3ade0735c7209f0b9f88e94a54c00ad923d4f54747a16f590af8d68a6ad909cc,v11_eb861bbfca33954401fe,False,False,False,588080,588080,588080,False,False,False,28.361679566206348,29.121586278870478,29.121586278870478,0.0,5,5,2526,0.8198757763975164,,0
2023-04-21,2023-04-21,3,3ade0735c7209f0b9f88e94a54c00ad923d4f54747a16f590af8d68a6ad909cc,v11_eb861bbfca33954401fe,False,False,False,588080,512890,512890,True,False,True,29.121586278870478,27.993982769755963,27.988383973202012,0.005598796553951193,6,0,2526,1.8504486540378893,,0
2023-04-24,2023-04-24,3,3ade0735c7209f0b9f88e94a54c00ad923d4f54747a16f590af8d68a6ad909cc,v11_eb861bbfca33954401fe,False,False,False,512890,512890,512890,False,False,False,27.988383973202012,28.04870376624771,28.04870376624771,0.0,1,1,2526,1.8544366899302125,,0
2023-04-25,2023-04-25,3,3ade0735c7209f0b9f88e94a54c00ad923d4f54747a16f590af8d68a6ad909cc,v11_eb861bbfca33954401fe,False,False,False,512890,518880,518880,False,False,True,28.04870376624771,28.229663145384787,28.22401721275571,0.005645932629076957,2,0,2526,1.6435643564356437,,0
2023-04-26,2023-04-26,3,3ade0735c7209f0b9f88e94a54c00ad923d4f54747a16f590af8d68a6ad909cc,v11_eb861bbfca33954401fe,False,False,False,518880,518880,518880,False,False,False,28.22401721275571,28.26979295893025,28.26979295893025,0.0,1,1,2526,1.6462300076161465,,0
2023-04-27,2023-04-27,3,3ade0735c7209f0b9f88e94a54c00ad923d4f54747a16f590af8d68a6ad909cc,v11_eb861bbfca33954401fe,False,False,False,518880,518880,518880,False,False,False,28.26979295893025,28.335186882036723,28.335186882036723,0.0,2,2,2526,1.65003808073115,,0
2023-04-28,2023-04-28,3,3ade0735c7209f0b9f88e94a54c00ad923d4f54747a16f590af8d68a6ad909cc,v11_eb861bbfca33954401fe,False,False,False,518880,512890,512890,False,False,True,28.335186882036723,28.10630815116405,28.10068688953382,0.00562126163023281,3,0,2526,1.9142572283150576,,0
2023-05-04,2023-05-04,3,3ade0735c7209f0b9f88e94a54c00ad923d4f54747a16f590af8d68a6ad909cc,v11_eb861bbfca33954401fe,False,False,False,512890,512890,512890,False,False,False,28.10068688953382,28.949561805988488,28.949561805988488,0.0,1,1,2526,1.9720837487537417,,0
2023-05-05,2023-05-05,3,3ade0735c7209f0b9f88e94a54c00ad923d4f54747a16f590af8d68a6ad909cc,v11_eb861bbfca33954401fe,False,False,False,512890,512890,512890,False,False,False,28.949561805988488,28.803204061772163,28.803204061772163,0.0,2,2,2526,1.9720837487537417,,0
2023-05-08,2023-05-08,3,3ade0735c7209f0b9f88e94a54c00ad923d4f54747a16f590af8d68a6ad909cc,v11_eb861bbfca33954401fe,False,False,False,512890,512890,512890,False,False,False,28.803204061772163,29.5935358805403,29.5935358805403,0.0,3,3,2526,2.0159521435692946,,0
2023-05-09,2023-05-09,3,3ade0735c7209f0b9f88e94a54c00ad923d4f54747a16f590af8d68a6ad909cc,v11_eb861bbfca33954401fe,False,False,False,512890,512890,512890,False,False,False,29.5935358805403,29.213005745577867,29.213005745577867,0.0,4,4,2526,2.0159521435692946,,0
2023-05-10,2023-05-10,3,3ade0735c7209f0b9f88e94a54c00ad923d4f54747a16f590af8d68a6ad909cc,v11_eb861bbfca33954401fe,False,False,False,512890,513100,513100,True,False,True,29.213005745577867,28.481217024496257,28.475520781091358,0.005696243404899251,5,0,2526,4.6639919759277815,,0
2023-05-11,2023-05-11,3,3ade0735c7209f0b9f88e94a54c00ad923d4f54747a16f590af8d68a6ad909cc,v11_eb861bbfca33954401fe,False,False,False,513100,513100,513100,False,False,False,28.475520781091358,28.84294685568608,28.84294685568608,0.0,1,1,2526,4.724172517552655,,0
2023-05-12,2023-05-12,3,3ade0735c7209f0b9f88e94a54c00ad923d4f54747a16f590af8d68a6ad909cc,v11_eb861bbfca33954401fe,False,False,False,513100,513100,513100,False,False,False,28.84294685568608,28.965422213884324,28.965422213884324,0.0,2,2,2526,4.74423269809428,,0
2023-05-15,2023-05-15,3,3ade0735c7209f0b9f88e94a54c00ad923d4f54747a16f590af8d68a6ad909cc,v11_eb861bbfca33954401fe,False,False,False,513100,513100,513100,False,False,False,28.965422213884324,28.904184534785202,28.904184534785202,0.0,3,3,2526,4.74423269809428,,0
2023-05-16,2023-05-16,3,3ade0735c7209f0b9f88e94a54c00ad923d4f54747a16f590af8d68a6ad909cc,v11_eb861bbfca33954401fe,False,False,False,513100,513100,513100,False,False,False,28.904184534785202,28.99604105343388,28.99604105343388,0.0,4,4,2526,4.749247743229686,,0
2023-05-17,2023-05-17,3,3ade0735c7209f0b9f88e94a54c00ad923d4f54747a16f590af8d68a6ad909cc,v11_eb861bbfca33954401fe,False,False,False,513100,513100,513100,False,False,False,28.99604105343388,29.179754090731247,29.179754090731247,0.0,5,5,2526,4.779338014042124,,0
2023-05-18,2023-05-18,3,3ade0735c7209f0b9f88e94a54c00ad923d4f54747a16f590af8d68a6ad909cc,v11_eb861bbfca33954401fe,False,False,False,513100,513100,513100,False,False,False,29.179754090731247,29.639036683974656,29.639036683974656,0.0,6,6,2526,4.854563691073217,,0
2023-05-19,2023-05-19,3,3ade0735c7209f0b9f88e94a54c00ad923d4f54747a16f590af8d68a6ad909cc,v11_eb861bbfca33954401fe,False,False,False,513100,513100,513100,False,False,False,29.639036683974656,30.312651154064987,30.312651154064987,0.0,7,7,2526,4.964894684052154,,0
2023-05-22,2023-05-22,3,3ade0735c7209f0b9f88e94a54c00ad923d4f54747a16f590af8d68a6ad909cc,v11_eb861bbfca33954401fe,False,False,False,513100,513100,513100,False,False,False,30.312651154064987,30.12893811676762,30.12893811676762,0.0,8,8,2526,4.964894684052154,,0
2023-05-23,2023-05-23,3,3ade0735c7209f0b9f88e94a54c00ad923d4f54747a16f590af8d68a6ad909cc,v11_eb861bbfca33954401fe,False,False,False,513100,513100,513100,False,False,False,30.12893811676762,30.373888833164102,30.373888833164102,0.0,9,9,2526,4.974924774322965,,0
2023-05-24,2023-05-24,3,3ade0735c7209f0b9f88e94a54c00ad923d4f54747a16f590af8d68a6ad909cc,v11_eb861bbfca33954401fe,False,False,False,513100,513100,513100,False,False,False,30.373888833164102,29.914606239920694,29.914606239920694,0.0,10,10,2526,4.974924774322965,,0
2023-05-25,2023-05-25,3,3ade0735c7209f0b9f88e94a54c00ad923d4f54747a16f590af8d68a6ad909cc,v11_eb861bbfca33954401fe,False,False,False,513100,513100,513100,False,False,False,29.914606239920694,30.404507672713663,30.404507672713663,0.0,11,11,2526,4.979939819458372,,0
2023-05-26,2023-05-26,3,3ade0735c7209f0b9f88e94a54c00ad923d4f54747a16f590af8d68a6ad909cc,v11_eb861bbfca33954401fe,False,False,False,513100,513100,513100,False,False,False,30.404507672713663,30.496364191362346,30.496364191362346,0.0,12,12,2526,4.9949849548645915,,0
2023-05-29,2023-05-29,3,3ade0735c7209f0b9f88e94a54c00ad923d4f54747a16f590af8d68a6ad909cc,v11_eb861bbfca33954401fe,False,False,False,513100,513100,513100,False,False,False,30.496364191362346,31.59864241514653,31.59864241514653,0.0,13,13,2526,5.175526579739215,,0
2023-05-30,2023-05-30,3,3ade0735c7209f0b9f88e94a54c00ad923d4f54747a16f590af8d68a6ad909cc,v11_eb861bbfca33954401fe,False,False,False,513100,513100,513100,False,False,False,31.59864241514653,31.69049893379521,31.69049893379521,0.0,14,14,2526,5.190571715145434,,0
2023-05-31,2023-05-31,3,3ade0735c7209f0b9f88e94a54c00ad923d4f54747a16f590af8d68a6ad909cc,v11_eb861bbfca33954401fe,False,False,False,513100,513100,513100,False,False,False,31.69049893379521,31.568023575596968,31.568023575596968,0.0,15,15,2526,5.190571715145434,,0
2023-06-01,2023-06-01,3,3ade0735c7209f0b9f88e94a54c00ad923d4f54747a16f590af8d68a6ad909cc,v11_eb861bbfca33954401fe,False,False,False,513100,513100,513100,False,False,False,31.568023575596968,31.53740473604741,31.53740473604741,0.0,16,16,2526,5.190571715145434,,0
2023-06-02,2023-06-02,3,3ade0735c7209f0b9f88e94a54c00ad923d4f54747a16f590af8d68a6ad909cc,v11_eb861bbfca33954401fe,False,False,False,513100,513100,513100,False,False,False,31.53740473604741,31.935449650191696,31.935449650191696,0.0,17,17,2526,5.230692076228683,,0
2023-06-05,2023-06-05,3,3ade0735c7209f0b9f88e94a54c00ad923d4f54747a16f590af8d68a6ad909cc,v11_eb861bbfca33954401fe,False,False,False,513100,513100,513100,False,False,False,31.935449650191696,32.088543847939505,32.088543847939505,0.0,18,18,2526,5.255767301905714,,0
2023-06-06,2023-06-06,3,3ade0735c7209f0b9f88e94a54c00ad923d4f54747a16f590af8d68a6ad909cc,v11_eb861bbfca33954401fe,False,False,False,513100,513100,513100,False,False,False,32.088543847939505,32.119162687489066,32.119162687489066,0.0,19,19,2526,5.26078234704112,,0
2023-06-07,2023-06-07,3,3ade0735c7209f0b9f88e94a54c00ad923d4f54747a16f590af8d68a6ad909cc,v11_eb861bbfca33954401fe,False,False,False,513100,513100,513100,False,False,False,32.119162687489066,32.21101920613775,32.21101920613775,0.0,20,20,2526,5.2758274824473395,,0
2023-06-08,2023-06-08,3,3ade0735c7209f0b9f88e94a54c00ad923d4f54747a16f590af8d68a6ad909cc,v11_eb861bbfca33954401fe,False,False,False,513100,518880,518880,True,False,True,32.21101920613775,31.537404736047414,31.531097255100203,0.0063074809472094834,21,0,2526,1.6519421172886526,,0
2023-06-09,2023-06-09,3,3ade0735c7209f0b9f88e94a54c00ad923d4f54747a16f590af8d68a6ad909cc,v11_eb861bbfca33954401fe,False,False,False,518880,518880,518880,False,False,False,31.531097255100203,31.800034691347022,31.800034691347022,0.0,1,1,2526,1.6660319878141667,,0
2023-06-12,2023-06-12,3,3ade0735c7209f0b9f88e94a54c00ad923d4f54747a16f590af8d68a6ad909cc,v11_eb861bbfca33954401fe,False,False,False,518880,513100,513100,False,False,True,31.800034691347022,31.821840429421094,31.81547606133521,0.0063643680858842195,2,0,2526,5.310932798395182,,0
2023-06-13,2023-06-13,3,3ade0735c7209f0b9f88e94a54c00ad923d4f54747a16f590af8d68a6ad909cc,v11_eb861bbfca33954401fe,False,False,False,513100,513100,513100,False,False,False,31.81547606133521,32.596592565201796,32.596592565201796,0.0,1,1,2526,5.441323971915743,,0
2023-06-14,2023-06-14,3,3ade0735c7209f0b9f88e94a54c00ad923d4f54747a16f590af8d68a6ad909cc,v11_eb861bbfca33954401fe,False,False,False,513100,513100,513100,False,False,False,32.596592565201796,32.6266355076582,32.6266355076582,0.0,2,2,2526,5.44633901705115,,0
2023-06-15,2023-06-15,3,3ade0735c7209f0b9f88e94a54c00ad923d4f54747a16f590af8d68a6ad909cc,v11_eb861bbfca33954401fe,False,False,False,513100,513100,513100,False,False,False,32.6266355076582,32.77685021994023,32.77685021994023,0.0,3,3,2526,5.47141424272818,,0
2023-06-16,2023-06-16,3,3ade0735c7209f0b9f88e94a54c00ad923d4f54747a16f590af8d68a6ad909cc,v11_eb861bbfca33954401fe,False,False,False,513100,513100,513100,False,False,False,32.77685021994023,33.0472367020479,33.0472367020479,0.0,4,4,2526,5.516549648946836,,0
2023-06-19,2023-06-19,3,3ade0735c7209f0b9f88e94a54c00ad923d4f54747a16f590af8d68a6ad909cc,v11_eb861bbfca33954401fe,False,False,False,513100,513100,513100,False,False,False,33.0472367020479,32.927064932222265,32.927064932222265,0.0,5,5,2526,5.516549648946836,,0
2023-06-20,2023-06-20,3,3ade0735c7209f0b9f88e94a54c00ad923d4f54747a16f590af8d68a6ad909cc,v11_eb861bbfca33954401fe,False,False,False,513100,513100,513100,False,False,False,32.927064932222265,32.897021989765854,32.897021989765854,0.0,6,6,2526,5.516549648946836,,0
2023-06-21,2023-06-21,3,3ade0735c7209f0b9f88e94a54c00ad923d4f54747a16f590af8d68a6ad909cc,v11_eb861bbfca33954401fe,False,False,False,513100,513100,513100,False,False,False,32.897021989765854,33.0472367020479,33.0472367020479,0.0,7,7,2526,5.516549648946836,,0
2023-06-26,2023-06-26,3,3ade0735c7209f0b9f88e94a54c00ad923d4f54747a16f590af8d68a6ad909cc,v11_eb861bbfca33954401fe,False,False,False,513100,513100,513100,False,False,False,33.0472367020479,32.77685021994023,32.77685021994023,0.0,8,8,2526,5.516549648946836,,0
2023-06-27,2023-06-27,3,3ade0735c7209f0b9f88e94a54c00ad923d4f54747a16f590af8d68a6ad909cc,v11_eb861bbfca33954401fe,False,False,False,513100,513100,513100,False,False,False,32.77685021994023,32.32620608309412,32.32620608309412,0.0,9,9,2526,5.516549648946836,,0
2023-06-28,2023-06-28,3,3ade0735c7209f0b9f88e94a54c00ad923d4f54747a16f590af8d68a6ad909cc,v11_eb861bbfca33954401fe,False,False,False,513100,513100,513100,False,False,False,32.32620608309412,32.746807277483825,32.746807277483825,0.0,10,10,2526,5.516549648946836,,0
2023-06-29,2023-06-29,3,3ade0735c7209f0b9f88e94a54c00ad923d4f54747a16f590af8d68a6ad909cc,v11_eb861bbfca33954401fe,False,False,False,513100,513100,513100,False,False,False,32.746807277483825,33.017193759591486,33.017193759591486,0.0,11,11,2526,5.516549648946836,,0
2023-06-30,2023-06-30,3,3ade0735c7209f0b9f88e94a54c00ad923d4f54747a16f590af8d68a6ad909cc,v11_eb861bbfca33954401fe,False,False,False,513100,513100,513100,False,False,False,33.017193759591486,33.0472367020479,33.0472367020479,0.0,12,12,2526,5.516549648946837,,0
2023-07-03,2023-07-03,3,3ade0735c7209f0b9f88e94a54c00ad923d4f54747a16f590af8d68a6ad909cc,v11_eb861bbfca33954401fe,False,False,False,513100,513100,513100,False,False,False,33.0472367020479,33.588009666263225,33.588009666263225,0.0,13,13,2526,5.606820461384149,,0
2023-07-04,2023-07-04,3,3ade0735c7209f0b9f88e94a54c00ad923d4f54747a16f590af8d68a6ad909cc,v11_eb861bbfca33954401fe,False,False,False,513100,513100,513100,False,False,False,33.588009666263225,33.40775201152478,33.40775201152478,0.0,14,14,2526,5.606820461384149,,0
2023-07-05,2023-07-05,3,3ade0735c7209f0b9f88e94a54c00ad923d4f54747a16f590af8d68a6ad909cc,v11_eb861bbfca33954401fe,False,False,False,513100,513100,513100,False,False,False,33.40775201152478,33.34766612661196,33.34766612661196,0.0,15,15,2526,5.606820461384149,,0
2023-07-06,2023-07-06,3,3ade0735c7209f0b9f88e94a54c00ad923d4f54747a16f590af8d68a6ad909cc,v11_eb861bbfca33954401fe,False,False,False,513100,513100,513100,False,False,False,33.34766612661196,33.377709069068366,33.377709069068366,0.0,16,16,2526,5.606820461384149,,0
2023-07-07,2023-07-07,3,3ade0735c7209f0b9f88e94a54c00ad923d4f54747a16f590af8d68a6ad909cc,v11_eb861bbfca33954401fe,False,False,False,513100,513100,513100,False,False,False,33.377709069068366,33.22749435678633,33.22749435678633,0.0,17,17,2526,5.606820461384149,,0
2023-07-10,2023-07-10,3,3ade0735c7209f0b9f88e94a54c00ad923d4f54747a16f590af8d68a6ad909cc,v11_eb861bbfca33954401fe,False,False,False,513100,513100,513100,False,False,False,33.22749435678633,32.89702198976585,32.89702198976585,0.0,18,18,2526,5.606820461384149,,0
2023-07-11,2023-07-11,3,3ade0735c7209f0b9f88e94a54c00ad923d4f54747a16f590af8d68a6ad909cc,v11_eb861bbfca33954401fe,False,False,False,513100,513100,513100,False,False,False,32.89702198976585,33.07727964450429,33.07727964450429,0.0,19,19,2526,5.606820461384149,,0
2023-07-12,2023-07-12,3,3ade0735c7209f0b9f88e94a54c00ad923d4f54747a16f590af8d68a6ad909cc,v11_eb861bbfca33954401fe,False,False,False,513100,513100,513100,False,False,False,33.07727964450429,33.1073225869607,33.1073225869607,0.0,20,20,2526,5.606820461384149,,0
2023-07-13,2023-07-13,3,3ade0735c7209f0b9f88e94a54c00ad923d4f54747a16f590af8d68a6ad909cc,v11_eb861bbfca33954401fe,False,False,False,513100,513100,513100,False,False,False,33.1073225869607,33.58800966626322,33.58800966626322,0.0,21,21,2526,5.606820461384149,,0
2023-07-14,2023-07-14,3,3ade0735c7209f0b9f88e94a54c00ad923d4f54747a16f590af8d68a6ad909cc,v11_eb861bbfca33954401fe,False,False,False,513100,513100,513100,False,False,False,33.58800966626322,33.82835320591447,33.82835320591447,0.0,22,22,2526,5.646940822467396,,0
2023-07-17,2023-07-17,3,3ade0735c7209f0b9f88e94a54c00ad923d4f54747a16f590af8d68a6ad909cc,v11_eb861bbfca33954401fe,False,False,False,513100,513100,513100,False,False,False,33.82835320591447,34.008610860652915,34.008610860652915,0.0,23,23,2526,5.677031093279834,,0
2023-07-18,2023-07-18,3,3ade0735c7209f0b9f88e94a54c00ad923d4f54747a16f590af8d68a6ad909cc,v11_eb861bbfca33954401fe,False,False,False,513100,513100,513100,False,False,False,34.008610860652915,34.30904028521699,34.30904028521699,0.0,24,24,2526,5.727181544633897,,0
2023-07-19,2023-07-19,3,3ade0735c7209f0b9f88e94a54c00ad923d4f54747a16f590af8d68a6ad909cc,v11_eb861bbfca33954401fe,False,False,False,513100,513100,513100,False,False,False,34.30904028521699,34.93994207680154,34.93994207680154,0.0,25,25,2526,5.832497492477428,,0
2023-07-20,2023-07-20,3,3ade0735c7209f0b9f88e94a54c00ad923d4f54747a16f590af8d68a6ad909cc,v11_eb861bbfca33954401fe,False,False,False,513100,513100,513100,False,False,False,34.93994207680154,34.45925499749903,34.45925499749903,0.0,26,26,2526,5.832497492477428,,0
2023-07-21,2023-07-21,3,3ade0735c7209f0b9f88e94a54c00ad923d4f54747a16f590af8d68a6ad909cc,v11_eb861bbfca33954401fe,False,False,False,513100,513100,513100,False,False,False,34.45925499749903,33.88843909082728,33.88843909082728,0.0,27,27,2526,5.832497492477428,,0
2023-07-24,2023-07-24,3,3ade0735c7209f0b9f88e94a54c00ad923d4f54747a16f590af8d68a6ad909cc,v11_eb861bbfca33954401fe,False,False,False,513100,513100,513100,False,False,False,33.88843909082728,34.00861086065291,34.00861086065291,0.0,28,28,2526,5.832497492477428,,0
2023-07-25,2023-07-25,3,3ade0735c7209f0b9f88e94a54c00ad923d4f54747a16f590af8d68a6ad909cc,v11_eb861bbfca33954401fe,False,False,False,513100,513100,513100,False,False,False,34.00861086065291,33.888439090827276,33.888439090827276,0.0,29,29,2526,5.832497492477428,,0
2023-07-26,2023-07-26,3,3ade0735c7209f0b9f88e94a54c00ad923d4f54747a16f590af8d68a6ad909cc,v11_eb861bbfca33954401fe,False,False,False,513100,513100,513100,False,False,False,33.888439090827276,33.978567918196504,33.978567918196504,0.0,30,30,2526,5.832497492477428,,0
2023-07-27,2023-07-27,3,3ade0735c7209f0b9f88e94a54c00ad923d4f54747a16f590af8d68a6ad909cc,v11_eb861bbfca33954401fe,False,False,False,513100,513100,513100,False,False,False,33.978567918196504,34.278997342760576,34.278997342760576,0.0,31,31,2526,5.832497492477428,,0
2023-07-28,2023-07-28,3,3ade0735c7209f0b9f88e94a54c00ad923d4f54747a16f590af8d68a6ad909cc,v11_eb861bbfca33954401fe,False,False,False,513100,512890,512890,False,False,True,34.278997342760576,34.068696745565724,34.06188300621661,0.006813739349113145,32,0,2526,1.9202392821535417,,0
2023-07-31,2023-07-31,3,3ade0735c7209f0b9f88e94a54c00ad923d4f54747a16f590af8d68a6ad909cc,v11_eb861bbfca33954401fe,False,False,False,512890,512890,512890,False,False,False,34.06188300621661,34.2741065763488,34.2741065763488,0.0,1,1,2526,1.9322033898305109,,0
2023-08-01,2023-08-01,3,3ade0735c7209f0b9f88e94a54c00ad923d4f54747a16f590af8d68a6ad909cc,v11_eb861bbfca33954401fe,False,False,False,512890,512890,512890,False,False,False,34.2741065763488,34.2741065763488,34.2741065763488,0.0,2,2,2526,1.9322033898305109,,0
2023-08-02,2023-08-02,3,3ade0735c7209f0b9f88e94a54c00ad923d4f54747a16f590af8d68a6ad909cc,v11_eb861bbfca33954401fe,False,False,False,512890,512890,512890,False,False,False,34.2741065763488,33.92040062612848,33.92040062612848,0.0,3,3,2526,1.9322033898305109,,0
2023-08-03,2023-08-03,3,3ade0735c7209f0b9f88e94a54c00ad923d4f54747a16f590af8d68a6ad909cc,v11_eb861bbfca33954401fe,False,False,False,512890,512890,512890,False,False,False,33.92040062612848,33.991141816172544,33.991141816172544,0.0,4,4,2526,1.9322033898305109,,0
2023-08-04,2023-08-04,3,3ade0735c7209f0b9f88e94a54c00ad923d4f54747a16f590af8d68a6ad909cc,v11_eb861bbfca33954401fe,False,False,False,512890,512890,512890,False,False,False,33.991141816172544,34.026512411194574,34.026512411194574,0.0,5,5,2526,1.9322033898305109,,0
2023-08-07,2023-08-07,3,3ade0735c7209f0b9f88e94a54c00ad923d4f54747a16f590af8d68a6ad909cc,v11_eb861bbfca33954401fe,False,False,False,512890,512890,512890,False,False,False,34.026512411194574,33.70817705599629,33.70817705599629,0.0,6,6,2526,1.9322033898305109,,0
2023-08-08,2023-08-08,3,3ade0735c7209f0b9f88e94a54c00ad923d4f54747a16f590af8d68a6ad909cc,v11_eb861bbfca33954401fe,False,False,False,512890,512890,512890,False,False,False,33.70817705599629,33.849659436084416,33.849659436084416,0.0,7,7,2526,1.9322033898305109,,0
2023-08-09,2023-08-09,3,3ade0735c7209f0b9f88e94a54c00ad923d4f54747a16f590af8d68a6ad909cc,v11_eb861bbfca33954401fe,False,False,False,512890,512890,512890,False,False,False,33.849659436084416,33.60206527093019,33.60206527093019,0.0,8,8,2526,1.9322033898305109,,0
2023-08-10,2023-08-10,3,3ade0735c7209f0b9f88e94a54c00ad923d4f54747a16f590af8d68a6ad909cc,v11_eb861bbfca33954401fe,False,False,False,512890,512890,512890,False,False,False,33.60206527093019,33.60206527093019,33.60206527093019,0.0,9,9,2526,1.9322033898305109,,0
2023-08-11,2023-08-11,3,3ade0735c7209f0b9f88e94a54c00ad923d4f54747a16f590af8d68a6ad909cc,v11_eb861bbfca33954401fe,False,False,False,512890,518880,518880,False,False,True,33.60206527093019,33.24835932070987,33.241709648845735,0.006649671864141975,10,0,2526,1.6812642802741813,,0
2023-08-14,2023-08-14,3,3ade0735c7209f0b9f88e94a54c00ad923d4f54747a16f590af8d68a6ad909cc,v11_eb861bbfca33954401fe,False,False,False,518880,518880,518880,False,False,False,33.241709648845735,33.28688524519751,33.28688524519751,0.0,1,1,2526,1.6835491241431837,,0
2023-08-15,2023-08-15,3,3ade0735c7209f0b9f88e94a54c00ad923d4f54747a16f590af8d68a6ad909cc,v11_eb861bbfca33954401fe,False,False,False,518880,518880,518880,False,False,False,33.28688524519751,33.362177905783795,33.362177905783795,0.0,2,2,2526,1.6873571972581873,,0
2023-08-16,2023-08-16,3,3ade0735c7209f0b9f88e94a54c00ad923d4f54747a16f590af8d68a6ad909cc,v11_eb861bbfca33954401fe,False,False,False,518880,518880,518880,False,False,False,33.362177905783795,33.377236437901054,33.377236437901054,0.0,3,3,2526,1.688118811881188,,0
2023-08-17,2023-08-17,3,3ade0735c7209f0b9f88e94a54c00ad923d4f54747a16f590af8d68a6ad909cc,v11_eb861bbfca33954401fe,False,False,False,518880,518880,518880,False,False,False,33.377236437901054,33.347119373666544,33.347119373666544,0.0,4,4,2526,1.688118811881188,,0
2023-08-18,2023-08-18,3,3ade0735c7209f0b9f88e94a54c00ad923d4f54747a16f590af8d68a6ad909cc,v11_eb861bbfca33954401fe,False,False,False,518880,518880,518880,False,False,False,33.347119373666544,33.28688524519751,33.28688524519751,0.0,5,5,2526,1.688118811881188,,0
2023-08-21,2023-08-21,3,3ade0735c7209f0b9f88e94a54c00ad923d4f54747a16f590af8d68a6ad909cc,v11_eb861bbfca33954401fe,False,False,False,518880,518880,518880,False,False,False,33.28688524519751,33.4148827681942,33.4148827681942,0.0,6,6,2526,1.6900228484386899,,0
2023-08-22,2023-08-22,3,3ade0735c7209f0b9f88e94a54c00ad923d4f54747a16f590af8d68a6ad909cc,v11_eb861bbfca33954401fe,False,False,False,518880,518880,518880,False,False,False,33.4148827681942,33.3621779057838,33.3621779057838,0.0,7,7,2526,1.6900228484386899,,0
2023-08-23,2023-08-23,3,3ade0735c7209f0b9f88e94a54c00ad923d4f54747a16f590af8d68a6ad909cc,v11_eb861bbfca33954401fe,False,False,False,518880,518880,518880,False,False,False,33.3621779057838,33.520292493015006,33.520292493015006,0.0,8,8,2526,1.6953541507996952,,0
2023-08-24,2023-08-24,3,3ade0735c7209f0b9f88e94a54c00ad923d4f54747a16f590af8d68a6ad909cc,v11_eb861bbfca33954401fe,False,False,False,518880,518880,518880,False,False,False,33.520292493015006,33.61064368571856,33.61064368571856,0.0,9,9,2526,1.6999238385377,,0
2023-08-25,2023-08-25,3,3ade0735c7209f0b9f88e94a54c00ad923d4f54747a16f590af8d68a6ad909cc,v11_eb861bbfca33954401fe,False,False,False,518880,518880,518880,False,False,False,33.61064368571856,33.4901754287805,33.4901754287805,0.0,10,10,2526,1.6999238385377,,0
2023-08-28,2023-08-28,3,3ade0735c7209f0b9f88e94a54c00ad923d4f54747a16f590af8d68a6ad909cc,v11_eb861bbfca33954401fe,False,False,False,518880,518880,518880,False,False,False,33.4901754287805,33.50523396089776,33.50523396089776,0.0,11,11,2526,1.6999238385377,,0
2023-08-29,2023-08-29,3,3ade0735c7209f0b9f88e94a54c00ad923d4f54747a16f590af8d68a6ad909cc,v11_eb861bbfca33954401fe,False,False,False,518880,518880,518880,False,False,False,33.50523396089776,33.595585153601306,33.595585153601306,0.0,12,12,2526,1.6999238385377,,0
2023-08-30,2023-08-30,3,3ade0735c7209f0b9f88e94a54c00ad923d4f54747a16f590af8d68a6ad909cc,v11_eb861bbfca33954401fe,False,False,False,518880,518880,518880,False,False,False,33.595585153601306,33.70852414448074,33.70852414448074,0.0,13,13,2526,1.7048743335872054,,0
2023-08-31,2023-08-31,3,3ade0735c7209f0b9f88e94a54c00ad923d4f54747a16f590af8d68a6ad909cc,v11_eb861bbfca33954401fe,False,False,False,518880,518880,518880,False,False,False,33.70852414448074,33.83652166747743,33.83652166747743,0.0,14,14,2526,1.7113480578827118,,0
2023-09-01,2023-09-01,3,3ade0735c7209f0b9f88e94a54c00ad923d4f54747a16f590af8d68a6ad909cc,v11_eb861bbfca33954401fe,False,False,False,518880,518880,518880,False,False,False,33.83652166747743,33.798875337184285,33.798875337184285,0.0,15,15,2526,1.7113480578827118,,0
2023-09-04,2023-09-04,3,3ade0735c7209f0b9f88e94a54c00ad923d4f54747a16f590af8d68a6ad909cc,v11_eb861bbfca33954401fe,False,False,False,518880,518880,518880,False,False,False,33.798875337184285,33.92687286018097,33.92687286018097,0.0,16,16,2526,1.7159177456207164,,0
2023-09-05,2023-09-05,3,3ade0735c7209f0b9f88e94a54c00ad923d4f54747a16f590af8d68a6ad909cc,v11_eb861bbfca33954401fe,False,False,False,518880,518880,518880,False,False,False,33.92687286018097,33.94193139229823,33.94193139229823,0.0,17,17,2526,1.7166793602437171,,0
2023-09-06,2023-09-06,3,3ade0735c7209f0b9f88e94a54c00ad923d4f54747a16f590af8d68a6ad909cc,v11_eb861bbfca33954401fe,False,False,False,518880,518880,518880,False,False,False,33.94193139229823,33.91934359412234,33.91934359412234,0.0,18,18,2526,1.7166793602437171,,0
2023-09-07,2023-09-07,3,3ade0735c7209f0b9f88e94a54c00ad923d4f54747a16f590af8d68a6ad909cc,v11_eb861bbfca33954401fe,False,False,False,518880,518880,518880,False,False,False,33.91934359412234,33.911814328063706,33.911814328063706,0.0,19,19,2526,1.7166793602437171,,0
2023-09-08,2023-09-08,3,3ade0735c7209f0b9f88e94a54c00ad923d4f54747a16f590af8d68a6ad909cc,v11_eb861bbfca33954401fe,False,False,False,518880,518880,518880,False,False,False,33.911814328063706,34.15275084193983,34.15275084193983,0.0,20,20,2526,1.7273419649657276,,0
2023-09-11,2023-09-11,3,3ade0735c7209f0b9f88e94a54c00ad923d4f54747a16f590af8d68a6ad909cc,v11_eb861bbfca33954401fe,False,False,False,518880,518880,518880,False,False,False,34.15275084193983,34.22051423646749,34.22051423646749,0.0,21,21,2526,1.730769230769231,,0
2023-09-12,2023-09-12,3,3ade0735c7209f0b9f88e94a54c00ad923d4f54747a16f590af8d68a6ad909cc,v11_eb861bbfca33954401fe,False,False,False,518880,518880,518880,False,False,False,34.22051423646749,34.22804350252612,34.22804350252612,0.0,22,22,2526,1.7311500380807316,,0
2023-09-13,2023-09-13,3,3ade0735c7209f0b9f88e94a54c00ad923d4f54747a16f590af8d68a6ad909cc,v11_eb861bbfca33954401fe,False,False,False,518880,518880,518880,False,False,False,34.22804350252612,34.31086542917104,34.31086542917104,0.0,23,23,2526,1.735338918507236,,0
2023-09-14,2023-09-14,3,3ade0735c7209f0b9f88e94a54c00ad923d4f54747a16f590af8d68a6ad909cc,v11_eb861bbfca33954401fe,False,False,False,518880,518880,518880,False,False,False,34.31086542917104,34.574389741223044,34.574389741223044,0.0,24,24,2526,1.7486671744097493,,0
2023-09-15,2023-09-15,3,3ade0735c7209f0b9f88e94a54c00ad923d4f54747a16f590af8d68a6ad909cc,v11_eb861bbfca33954401fe,False,False,False,518880,518880,518880,False,False,False,34.574389741223044,34.243102034643385,34.243102034643385,0.0,25,25,2526,1.7486671744097493,,0
2023-09-18,2023-09-18,3,3ade0735c7209f0b9f88e94a54c00ad923d4f54747a16f590af8d68a6ad909cc,v11_eb861bbfca33954401fe,False,False,False,518880,513120,513120,False,False,True,34.243102034643385,34.06239964923629,34.05558716930644,0.006812479929847259,26,0,2526,0.8769883351007437,,0
2023-09-19,2023-09-19,3,3ade0735c7209f0b9f88e94a54c00ad923d4f54747a16f590af8d68a6ad909cc,v11_eb861bbfca33954401fe,False,False,False,513120,513120,513120,False,False,False,34.05558716930644,33.84968881882696,33.84968881882696,0.0,1,1,2526,0.8769883351007437,,0
2023-09-20,2023-09-20,3,3ade0735c7209f0b9f88e94a54c00ad923d4f54747a16f590af8d68a6ad909cc,v11_eb861bbfca33954401fe,False,False,False,513120,513120,513120,False,False,False,33.84968881882696,33.14963442719672,33.14963442719672,0.0,2,2,2526,0.8769883351007437,,0
2023-09-21,2023-09-21,3,3ade0735c7209f0b9f88e94a54c00ad923d4f54747a16f590af8d68a6ad909cc,v11_eb861bbfca33954401fe,False,False,False,513120,518880,518880,False,False,True,33.14963442719672,32.32604102527879,32.31957581707373,0.006465208205055758,3,0,2526,1.7440974866717451,,0
2023-09-22,2023-09-22,3,3ade0735c7209f0b9f88e94a54c00ad923d4f54747a16f590af8d68a6ad909cc,v11_eb861bbfca33954401fe,False,False,False,518880,518880,518880,False,False,False,32.31957581707373,32.185498974164474,32.185498974164474,0.0,1,1,2526,1.7440974866717451,,0
2023-09-25,2023-09-25,3,3ade0735c7209f0b9f88e94a54c00ad923d4f54747a16f590af8d68a6ad909cc,v11_eb861bbfca33954401fe,False,False,False,518880,518880,518880,False,False,False,32.185498974164474,32.32663249301633,32.32663249301633,0.0,2,2,2526,1.7444782939832457,,0
2023-09-26,2023-09-26,3,3ade0735c7209f0b9f88e94a54c00ad923d4f54747a16f590af8d68a6ad909cc,v11_eb861bbfca33954401fe,False,False,False,518880,518880,518880,False,False,False,32.32663249301633,32.30546246518855,32.30546246518855,0.0,3,3,2526,1.7444782939832457,,0
2023-09-27,2023-09-27,3,3ade0735c7209f0b9f88e94a54c00ad923d4f54747a16f590af8d68a6ad909cc,v11_eb861bbfca33954401fe,False,False,False,518880,518880,518880,False,False,False,32.30546246518855,31.832665177034848,31.832665177034848,0.0,4,4,2526,1.7444782939832457,,0
2023-09-28,2023-09-28,3,3ade0735c7209f0b9f88e94a54c00ad923d4f54747a16f590af8d68a6ad909cc,v11_eb861bbfca33954401fe,False,False,False,518880,518880,518880,False,False,False,31.832665177034848,31.303414481340408,31.303414481340408,0.0,5,5,2526,1.7444782939832457,,0
2023-10-09,2023-10-09,3,3ade0735c7209f0b9f88e94a54c00ad923d4f54747a16f590af8d68a6ad909cc,v11_eb861bbfca33954401fe,False,False,False,518880,513120,513120,False,False,True,31.303414481340408,31.084657527120044,31.07844059561462,0.006216931505424009,6,0,2526,0.8525980911983044,,0
2023-10-10,2023-10-10,3,3ade0735c7209f0b9f88e94a54c00ad923d4f54747a16f590af8d68a6ad909cc,v11_eb861bbfca33954401fe,False,False,False,513120,513120,513120,False,False,False,31.07844059561462,30.69189282701245,30.69189282701245,0.0,1,1,2526,0.8525980911983044,,0
2023-10-11,2023-10-11,3,3ade0735c7209f0b9f88e94a54c00ad923d4f54747a16f590af8d68a6ad909cc,v11_eb861bbfca33954401fe,False,False,False,513120,513120,513120,False,False,False,30.69189282701245,31.89019090967918,31.89019090967918,0.0,2,2,2526,0.8748674443266183,,0
2023-10-12,2023-10-12,3,3ade0735c7209f0b9f88e94a54c00ad923d4f54747a16f590af8d68a6ad909cc,v11_eb861bbfca33954401fe,False,False,False,513120,513120,513120,False,False,False,31.89019090967918,32.85656033118461,32.85656033118461,0.0,3,3,2526,0.9013785790031825,,0
2023-10-13,2023-10-13,3,3ade0735c7209f0b9f88e94a54c00ad923d4f54747a16f590af8d68a6ad909cc,v11_eb861bbfca33954401fe,False,False,False,513120,513120,513120,False,False,False,32.85656033118461,32.54732211630287,32.54732211630287,0.0,4,4,2526,0.9013785790031825,,0
2023-10-16,2023-10-16,3,3ade0735c7209f0b9f88e94a54c00ad923d4f54747a16f590af8d68a6ad909cc,v11_eb861bbfca33954401fe,False,False,False,513120,513120,513120,False,False,False,32.54732211630287,32.08346479398026,32.08346479398026,0.0,5,5,2526,0.9013785790031825,,0
2023-10-17,2023-10-17,3,3ade0735c7209f0b9f88e94a54c00ad923d4f54747a16f590af8d68a6ad909cc,v11_eb861bbfca33954401fe,False,False,False,513120,513120,513120,False,False,False,32.08346479398026,32.43135778572222,32.43135778572222,0.0,6,6,2526,0.9013785790031825,,0
2023-10-18,2023-10-18,3,3ade0735c7209f0b9f88e94a54c00ad923d4f54747a16f590af8d68a6ad909cc,v11_eb861bbfca33954401fe,False,False,False,513120,513100,513100,True,False,True,32.43135778572222,31.310369256775925,31.30410718292457,0.006262073851355185,7,0,2526,5.586760280842521,,0
2023-10-19,2023-10-19,3,3ade0735c7209f0b9f88e94a54c00ad923d4f54747a16f590af8d68a6ad909cc,v11_eb861bbfca33954401fe,False,False,False,513100,513120,513120,False,False,True,31.30410718292457,30.910698295526956,30.90451615586785,0.0061821396591053915,1,0,2526,0.8483563096500542,,0
2023-10-20,2023-10-20,3,3ade0735c7209f0b9f88e94a54c00ad923d4f54747a16f590af8d68a6ad909cc,v11_eb861bbfca33954401fe,False,False,False,513120,513120,513120,False,False,False,30.90451615586785,30.74999357508851,30.74999357508851,0.0,1,1,2526,0.8483563096500542,,0
2023-10-23,2023-10-23,3,3ade0735c7209f0b9f88e94a54c00ad923d4f54747a16f590af8d68a6ad909cc,v11_eb861bbfca33954401fe,False,False,False,513120,513120,513120,False,False,False,30.74999357508851,30.518209703919503,30.518209703919503,0.0,2,2,2526,0.8483563096500542,,0
2023-10-24,2023-10-24,3,3ade0735c7209f0b9f88e94a54c00ad923d4f54747a16f590af8d68a6ad909cc,v11_eb861bbfca33954401fe,False,False,False,513120,510500,510500,False,True,True,30.518209703919503,31.522606478985207,31.51630195768941,0.006304521295797042,3,0,2778,1.800703132230242,,0
2023-10-25,2023-10-25,3,3ade0735c7209f0b9f88e94a54c00ad923d4f54747a16f590af8d68a6ad909cc,v11_eb861bbfca33954401fe,False,False,False,510500,510500,510500,False,False,False,31.51630195768941,31.67272477990588,31.67272477990588,0.0,1,1,2778,1.8096404455703552,,0
2023-10-26,2023-10-26,3,3ade0735c7209f0b9f88e94a54c00ad923d4f54747a16f590af8d68a6ad909cc,v11_eb861bbfca33954401fe,False,False,False,510500,510500,510500,False,False,False,31.67272477990588,31.811767288542743,31.811767288542743,0.0,2,2,2778,1.8175847240949001,,0
2023-10-27,2023-10-27,3,3ade0735c7209f0b9f88e94a54c00ad923d4f54747a16f590af8d68a6ad909cc,v11_eb861bbfca33954401fe,False,False,False,510500,510500,510500,False,False,False,31.811767288542743,32.41428482596916,32.41428482596916,0.0,3,3,2778,1.8520099310345959,,0
2023-10-30,2023-10-30,3,3ade0735c7209f0b9f88e94a54c00ad923d4f54747a16f590af8d68a6ad909cc,v11_eb861bbfca33954401fe,False,False,False,510500,510500,510500,False,False,False,32.41428482596916,32.674989529663286,32.674989529663286,0.0,4,4,2778,1.8669054532681182,,0
2023-10-31,2023-10-31,3,3ade0735c7209f0b9f88e94a54c00ad923d4f54747a16f590af8d68a6ad909cc,v11_eb861bbfca33954401fe,False,False,False,510500,513120,513120,False,False,True,32.674989529663286,32.59967483748498,32.59315490251748,0.006519934967496997,5,0,2778,0.9374337221633097,,0
2023-11-01,2023-11-01,3,3ade0735c7209f0b9f88e94a54c00ad923d4f54747a16f590af8d68a6ad909cc,v11_eb861bbfca33954401fe,False,False,False,513120,513120,513120,False,False,False,32.59315490251748,32.66689507198019,32.66689507198019,0.0,1,1,2778,0.9395546129374348,,0
2023-11-02,2023-11-02,3,3ade0735c7209f0b9f88e94a54c00ad923d4f54747a16f590af8d68a6ad909cc,v11_eb861bbfca33954401fe,False,False,False,513120,513120,513120,False,False,False,32.66689507198019,32.40880447886071,32.40880447886071,0.0,2,2,2778,0.9395546129374348,,0
2023-11-03,2023-11-03,3,3ade0735c7209f0b9f88e94a54c00ad923d4f54747a16f590af8d68a6ad909cc,v11_eb861bbfca33954401fe,False,False,False,513120,513120,513120,False,False,False,32.40880447886071,32.924985665099676,32.924985665099676,0.0,3,3,2778,0.9469777306468729,,0
2023-11-06,2023-11-06,3,3ade0735c7209f0b9f88e94a54c00ad923d4f54747a16f590af8d68a6ad909cc,v11_eb861bbfca33954401fe,False,False,False,513120,513120,513120,False,False,False,32.924985665099676,34.47352922381657,34.47352922381657,0.0,4,4,2778,0.9915164369035008,,0
2023-11-07,2023-11-07,3,3ade0735c7209f0b9f88e94a54c00ad923d4f54747a16f590af8d68a6ad909cc,v11_eb861bbfca33954401fe,False,False,False,513120,513120,513120,False,False,False,34.47352922381657,33.92047795284625,33.92047795284625,0.0,5,5,2778,0.9915164369035008,,0
2023-11-08,2023-11-08,3,3ade0735c7209f0b9f88e94a54c00ad923d4f54747a16f590af8d68a6ad909cc,v11_eb861bbfca33954401fe,False,False,False,513120,513120,513120,False,False,False,33.92047795284625,34.17856854596573,34.17856854596573,0.0,6,6,2778,0.9915164369035008,,0
2023-11-09,2023-11-09,3,3ade0735c7209f0b9f88e94a54c00ad923d4f54747a16f590af8d68a6ad909cc,v11_eb861bbfca33954401fe,False,False,False,513120,513120,513120,False,False,False,34.17856854596573,33.809867698652184,33.809867698652184,0.0,7,7,2778,0.9915164369035008,,0
2023-11-10,2023-11-10,3,3ade0735c7209f0b9f88e94a54c00ad923d4f54747a16f590af8d68a6ad909cc,v11_eb861bbfca33954401fe,False,False,False,513120,513120,513120,False,False,False,33.809867698652184,33.21994634295051,33.21994634295051,0.0,8,8,2778,0.9915164369035008,,0
2023-11-13,2023-11-13,3,3ade0735c7209f0b9f88e94a54c00ad923d4f54747a16f590af8d68a6ad909cc,v11_eb861bbfca33954401fe,False,False,False,513120,513120,513120,False,False,False,33.21994634295051,32.888115580368314,32.888115580368314,0.0,9,9,2778,0.9915164369035008,,0
2023-11-14,2023-11-14,3,3ade0735c7209f0b9f88e94a54c00ad923d4f54747a16f590af8d68a6ad909cc,v11_eb861bbfca33954401fe,False,False,False,513120,513120,513120,False,False,False,32.888115580368314,33.03559591929373,33.03559591929373,0.0,10,10,2778,0.9915164369035008,,0
2023-11-15,2023-11-15,3,3ade0735c7209f0b9f88e94a54c00ad923d4f54747a16f590af8d68a6ad909cc,v11_eb861bbfca33954401fe,False,False,False,513120,513120,513120,False,False,False,33.03559591929373,33.404296766607274,33.404296766607274,0.0,11,11,2778,0.9915164369035008,,0
2023-11-16,2023-11-16,3,3ade0735c7209f0b9f88e94a54c00ad923d4f54747a16f590af8d68a6ad909cc,v11_eb861bbfca33954401fe,False,False,False,513120,513120,513120,False,False,False,33.404296766607274,32.51941473305476,32.51941473305476,0.0,12,12,2778,0.9915164369035008,,0
2023-11-17,2023-11-17,3,3ade0735c7209f0b9f88e94a54c00ad923d4f54747a16f590af8d68a6ad909cc,v11_eb861bbfca33954401fe,False,False,False,513120,513120,513120,False,False,False,32.51941473305476,32.88811558036831,32.88811558036831,0.0,13,13,2778,0.9915164369035008,,0
2023-11-20,2023-11-20,3,3ade0735c7209f0b9f88e94a54c00ad923d4f54747a16f590af8d68a6ad909cc,v11_eb861bbfca33954401fe,False,False,False,513120,513120,513120,False,False,False,32.88811558036831,32.88811558036831,32.88811558036831,0.0,14,14,2778,0.9915164369035008,,0
2023-11-21,2023-11-21,3,3ade0735c7209f0b9f88e94a54c00ad923d4f54747a16f590af8d68a6ad909cc,v11_eb861bbfca33954401fe,False,False,False,513120,513120,513120,False,False,False,32.88811558036831,32.66689507198018,32.66689507198018,0.0,15,15,2778,0.9915164369035008,,0
2023-11-22,2023-11-22,3,3ade0735c7209f0b9f88e94a54c00ad923d4f54747a16f590af8d68a6ad909cc,v11_eb861bbfca33954401fe,False,False,False,513120,513120,513120,False,False,False,32.66689507198018,31.96636346208444,31.96636346208444,0.0,16,16,2778,0.9915164369035008,,0
2023-11-23,2023-11-23,3,3ade0735c7209f0b9f88e94a54c00ad923d4f54747a16f590af8d68a6ad909cc,v11_eb861bbfca33954401fe,False,False,False,513120,513120,513120,False,False,False,31.96636346208444,32.51941473305476,32.51941473305476,0.0,17,17,2778,0.9915164369035008,,0
2023-11-24,2023-11-24,3,3ade0735c7209f0b9f88e94a54c00ad923d4f54747a16f590af8d68a6ad909cc,v11_eb861bbfca33954401fe,False,False,False,513120,513100,513100,False,False,True,32.51941473305476,32.15071388574121,32.14428374296406,0.006430142777148242,18,0,2778,5.802407221664987,,0
2023-11-27,2023-11-27,3,3ade0735c7209f0b9f88e94a54c00ad923d4f54747a16f590af8d68a6ad909cc,v11_eb861bbfca33954401fe,False,False,False,513100,513100,513100,False,False,False,32.14428374296406,31.97758909952605,31.97758909952605,0.0,1,1,2778,5.802407221664987,,0
2023-11-28,2023-11-28,3,3ade0735c7209f0b9f88e94a54c00ad923d4f54747a16f590af8d68a6ad909cc,v11_eb861bbfca33954401fe,False,False,False,513100,513100,513100,False,False,False,31.97758909952605,32.06093642124506,32.06093642124506,0.0,2,2,2778,5.802407221664987,,0
2023-11-29,2023-11-29,3,3ade0735c7209f0b9f88e94a54c00ad923d4f54747a16f590af8d68a6ad909cc,v11_eb861bbfca33954401fe,False,False,False,513100,513100,513100,False,False,False,32.06093642124506,32.06093642124506,32.06093642124506,0.0,3,3,2778,5.802407221664987,,0
2023-11-30,2023-11-30,3,3ade0735c7209f0b9f88e94a54c00ad923d4f54747a16f590af8d68a6ad909cc,v11_eb861bbfca33954401fe,False,False,False,513100,513100,513100,False,False,False,32.06093642124506,32.033153980672054,32.033153980672054,0.0,4,4,2778,5.802407221664987,,0
2023-12-01,2023-12-01,3,3ade0735c7209f0b9f88e94a54c00ad923d4f54747a16f590af8d68a6ad909cc,v11_eb861bbfca33954401fe,False,False,False,513100,513100,513100,False,False,False,32.033153980672054,31.894241777807036,31.894241777807036,0.0,5,5,2778,5.802407221664987,,0
2023-12-04,2023-12-04,3,3ade0735c7209f0b9f88e94a54c00ad923d4f54747a16f590af8d68a6ad909cc,v11_eb861bbfca33954401fe,False,False,False,513100,513100,513100,False,False,False,31.894241777807036,31.949806658953044,31.949806658953044,0.0,6,6,2778,5.802407221664987,,0
2023-12-05,2023-12-05,3,3ade0735c7209f0b9f88e94a54c00ad923d4f54747a16f590af8d68a6ad909cc,v11_eb861bbfca33954401fe,False,False,False,513100,513100,513100,False,False,False,31.949806658953044,31.58863493150401,31.58863493150401,0.0,7,7,2778,5.802407221664987,,0
2023-12-06,2023-12-06,3,3ade0735c7209f0b9f88e94a54c00ad923d4f54747a16f590af8d68a6ad909cc,v11_eb861bbfca33954401fe,False,False,False,513100,513100,513100,False,False,False,31.58863493150401,32.033153980672054,32.033153980672054,0.0,8,8,2778,5.802407221664987,,0
2023-12-07,2023-12-07,3,3ade0735c7209f0b9f88e94a54c00ad923d4f54747a16f590af8d68a6ad909cc,v11_eb861bbfca33954401fe,False,False,False,513100,513100,513100,False,False,False,32.033153980672054,31.671982253223018,31.671982253223018,0.0,9,9,2778,5.802407221664987,,0
2023-12-08,2023-12-08,3,3ade0735c7209f0b9f88e94a54c00ad923d4f54747a16f590af8d68a6ad909cc,v11_eb861bbfca33954401fe,False,False,False,513100,513100,513100,False,False,False,31.671982253223018,32.14428374296407,32.14428374296407,0.0,10,10,2778,5.802407221664987,,0
2023-12-11,2023-12-11,3,3ade0735c7209f0b9f88e94a54c00ad923d4f54747a16f590af8d68a6ad909cc,v11_eb861bbfca33954401fe,False,False,False,513100,513100,513100,False,False,False,32.14428374296407,32.33876082697509,32.33876082697509,0.0,11,11,2778,5.837512537612831,,0
2023-12-12,2023-12-12,3,3ade0735c7209f0b9f88e94a54c00ad923d4f54747a16f590af8d68a6ad909cc,v11_eb861bbfca33954401fe,False,False,False,513100,513100,513100,False,False,False,32.33876082697509,32.72771499499713,32.72771499499713,0.0,12,12,2778,5.907723169508517,,0
2023-12-13,2023-12-13,3,3ade0735c7209f0b9f88e94a54c00ad923d4f54747a16f590af8d68a6ad909cc,v11_eb861bbfca33954401fe,False,False,False,513100,513100,513100,False,False,False,32.72771499499713,33.08888672244616,33.08888672244616,0.0,13,13,2778,5.972918756268799,,0
2023-12-14,2023-12-14,3,3ade0735c7209f0b9f88e94a54c00ad923d4f54747a16f590af8d68a6ad909cc,v11_eb861bbfca33954401fe,False,False,False,513100,513100,513100,False,False,False,33.08888672244616,33.45005844989519,33.45005844989519,0.0,14,14,2778,6.038114343029078,,0
2023-12-15,2023-12-15,3,3ade0735c7209f0b9f88e94a54c00ad923d4f54747a16f590af8d68a6ad909cc,v11_eb861bbfca33954401fe,False,False,False,513100,513100,513100,False,False,False,33.45005844989519,33.14445160359216,33.14445160359216,0.0,15,15,2778,6.038114343029078,,0
2023-12-18,2023-12-18,3,3ade0735c7209f0b9f88e94a54c00ad923d4f54747a16f590af8d68a6ad909cc,v11_eb861bbfca33954401fe,False,False,False,513100,513100,513100,False,False,False,33.14445160359216,33.39449356874918,33.39449356874918,0.0,16,16,2778,6.038114343029078,,0
2023-12-19,2023-12-19,3,3ade0735c7209f0b9f88e94a54c00ad923d4f54747a16f590af8d68a6ad909cc,v11_eb861bbfca33954401fe,False,False,False,513100,513100,513100,False,False,False,33.39449356874918,33.5889706527602,33.5889706527602,0.0,17,17,2778,6.063189568706109,,0
2023-12-20,2023-12-20,3,3ade0735c7209f0b9f88e94a54c00ad923d4f54747a16f590af8d68a6ad909cc,v11_eb861bbfca33954401fe,False,False,False,513100,513100,513100,False,False,False,33.5889706527602,33.78344773677122,33.78344773677122,0.0,18,18,2778,6.098294884653952,,0
2023-12-21,2023-12-21,3,3ade0735c7209f0b9f88e94a54c00ad923d4f54747a16f590af8d68a6ad909cc,v11_eb861bbfca33954401fe,False,False,False,513100,513100,513100,False,False,False,33.78344773677122,33.33892868760318,33.33892868760318,0.0,19,19,2778,6.098294884653952,,0
2023-12-22,2023-12-22,3,3ade0735c7209f0b9f88e94a54c00ad923d4f54747a16f590af8d68a6ad909cc,v11_eb861bbfca33954401fe,False,False,False,513100,513100,513100,False,False,False,33.33892868760318,33.5056233310412,33.5056233310412,0.0,20,20,2778,6.098294884653952,,0
2023-12-25,2023-12-25,3,3ade0735c7209f0b9f88e94a54c00ad923d4f54747a16f590af8d68a6ad909cc,v11_eb861bbfca33954401fe,False,False,False,513100,513100,513100,False,False,False,33.5056233310412,33.533405771614206,33.533405771614206,0.0,21,21,2778,6.098294884653952,,0
2023-12-26,2023-12-26,3,3ade0735c7209f0b9f88e94a54c00ad923d4f54747a16f590af8d68a6ad909cc,v11_eb861bbfca33954401fe,False,False,False,513100,513100,513100,False,False,False,33.533405771614206,33.755665296198224,33.755665296198224,0.0,22,22,2778,6.098294884653952,,0
2023-12-27,2023-12-27,3,3ade0735c7209f0b9f88e94a54c00ad923d4f54747a16f590af8d68a6ad909cc,v11_eb861bbfca33954401fe,False,False,False,513100,513100,513100,False,False,False,33.755665296198224,33.86679505849023,33.86679505849023,0.0,23,23,2778,6.113340020060172,,0
2023-12-28,2023-12-28,3,3ade0735c7209f0b9f88e94a54c00ad923d4f54747a16f590af8d68a6ad909cc,v11_eb861bbfca33954401fe,False,False,False,513100,513100,513100,False,False,False,33.86679505849023,33.78344773677122,33.78344773677122,0.0,24,24,2778,6.113340020060172,,0
2023-12-29,2023-12-29,3,3ade0735c7209f0b9f88e94a54c00ad923d4f54747a16f590af8d68a6ad909cc,v11_eb861bbfca33954401fe,False,False,False,513100,513100,513100,False,False,False,33.78344773677122,33.70010041505222,33.70010041505222,0.0,25,25,2778,6.113340020060172,,0
2024-01-02,2024-01-02,4,3d1bbd40f9e34418bf7fbd2599e79fe70347d3f8bd36a5a91079efb0cbb16495,v11_65c02832c443c86f72c7,True,True,True,513100,513100,513100,False,False,False,33.70010041505222,33.61675309333321,33.61675309333321,0.0,26,26,2778,6.113340020060172,,0
2024-01-03,2024-01-03,4,3d1bbd40f9e34418bf7fbd2599e79fe70347d3f8bd36a5a91079efb0cbb16495,v11_65c02832c443c86f72c7,False,False,False,513100,513100,513100,False,False,False,33.61675309333321,33.088886722446155,33.088886722446155,0.0,27,27,2778,6.113340020060172,,0
2024-01-04,2024-01-04,4,3d1bbd40f9e34418bf7fbd2599e79fe70347d3f8bd36a5a91079efb0cbb16495,v11_65c02832c443c86f72c7,False,False,False,513100,513100,513100,False,False,False,33.088886722446155,32.922192079008134,32.922192079008134,0.0,28,28,2778,6.113340020060172,,0
2024-01-05,2024-01-05,4,3d1bbd40f9e34418bf7fbd2599e79fe70347d3f8bd36a5a91079efb0cbb16495,v11_65c02832c443c86f72c7,False,False,False,513100,513100,513100,False,False,False,32.922192079008134,32.6721501138511,32.6721501138511,0.0,29,29,2778,6.113340020060172,,0
2024-01-08,2024-01-08,4,3d1bbd40f9e34418bf7fbd2599e79fe70347d3f8bd36a5a91079efb0cbb16495,v11_65c02832c443c86f72c7,False,False,False,513100,513100,513100,False,False,False,32.6721501138511,32.75549743557011,32.75549743557011,0.0,30,30,2778,6.113340020060172,,0
2024-01-09,2024-01-09,4,3d1bbd40f9e34418bf7fbd2599e79fe70347d3f8bd36a5a91079efb0cbb16495,v11_65c02832c443c86f72c7,False,False,False,513100,513100,513100,False,False,False,32.75549743557011,33.588970652760196,33.588970652760196,0.0,31,31,2778,6.113340020060172,,0
2024-01-10,2024-01-10,4,3d1bbd40f9e34418bf7fbd2599e79fe70347d3f8bd36a5a91079efb0cbb16495,v11_65c02832c443c86f72c7,False,False,False,513100,513100,513100,False,False,False,33.588970652760196,33.588970652760196,33.588970652760196,0.0,32,32,2778,6.113340020060172,,0
2024-01-11,2024-01-11,4,3d1bbd40f9e34418bf7fbd2599e79fe70347d3f8bd36a5a91079efb0cbb16495,v11_65c02832c443c86f72c7,False,False,False,513100,513100,513100,False,False,False,33.588970652760196,33.977924820782235,33.977924820782235,0.0,33,33,2778,6.133400200601796,,0
2024-01-12,2024-01-12,4,3d1bbd40f9e34418bf7fbd2599e79fe70347d3f8bd36a5a91079efb0cbb16495,v11_65c02832c443c86f72c7,False,False,False,513100,513100,513100,False,False,False,33.977924820782235,33.866795058490226,33.866795058490226,0.0,34,34,2778,6.133400200601796,,0
2024-01-15,2024-01-15,4,3d1bbd40f9e34418bf7fbd2599e79fe70347d3f8bd36a5a91079efb0cbb16495,v11_65c02832c443c86f72c7,False,False,False,513100,513100,513100,False,False,False,33.866795058490226,34.089054583074244,34.089054583074244,0.0,35,35,2778,6.15346038114342,,0
2024-01-16,2024-01-16,4,3d1bbd40f9e34418bf7fbd2599e79fe70347d3f8bd36a5a91079efb0cbb16495,v11_65c02832c443c86f72c7,False,False,False,513100,513100,513100,False,False,False,34.089054583074244,33.75566529619821,33.75566529619821,0.0,36,36,2778,6.15346038114342,,0
2024-01-17,2024-01-17,4,3d1bbd40f9e34418bf7fbd2599e79fe70347d3f8bd36a5a91079efb0cbb16495,v11_65c02832c443c86f72c7,False,False,False,513100,513100,513100,False,False,False,33.75566529619821,33.727882855625204,33.727882855625204,0.0,37,37,2778,6.15346038114342,,0
2024-01-18,2024-01-18,4,3d1bbd40f9e34418bf7fbd2599e79fe70347d3f8bd36a5a91079efb0cbb16495,v11_65c02832c443c86f72c7,False,False,False,513100,513100,513100,False,False,False,33.727882855625204,33.811230177344214,33.811230177344214,0.0,38,38,2778,6.15346038114342,,0
2024-01-19,2024-01-19,4,3d1bbd40f9e34418bf7fbd2599e79fe70347d3f8bd36a5a91079efb0cbb16495,v11_65c02832c443c86f72c7,False,False,False,513100,513100,513100,False,False,False,33.811230177344214,34.50579119166928,34.50579119166928,0.0,39,39,2778,6.228686058174513,,0
2024-01-22,2024-01-22,4,3d1bbd40f9e34418bf7fbd2599e79fe70347d3f8bd36a5a91079efb0cbb16495,v11_65c02832c443c86f72c7,False,False,False,513100,513120,513120,False,True,True,34.50579119166928,35.56152393344339,35.5544116286567,0.0071123047866886785,40,0,2841,0.7062566277836696,,0
2024-01-23,2024-01-23,4,3d1bbd40f9e34418bf7fbd2599e79fe70347d3f8bd36a5a91079efb0cbb16495,v11_65c02832c443c86f72c7,False,False,False,513120,513120,513120,False,False,False,35.5544116286567,36.46195667022902,36.46195667022902,0.0,1,1,2841,0.7242841993637332,,0
2024-01-24,2024-01-24,4,3d1bbd40f9e34418bf7fbd2599e79fe70347d3f8bd36a5a91079efb0cbb16495,v11_65c02832c443c86f72c7,False,False,False,513120,513120,513120,False,False,False,36.46195667022902,36.72888168245617,36.72888168245617,0.0,2,2,2841,0.7295864262990459,,0
2024-01-25,2024-01-25,4,3d1bbd40f9e34418bf7fbd2599e79fe70347d3f8bd36a5a91079efb0cbb16495,v11_65c02832c443c86f72c7,False,False,False,513120,513120,513120,False,False,False,36.72888168245617,37.68981172647392,37.68981172647392,0.0,3,3,2841,0.7486744432661722,,0
2024-01-26,2024-01-26,4,3d1bbd40f9e34418bf7fbd2599e79fe70347d3f8bd36a5a91079efb0cbb16495,v11_65c02832c443c86f72c7,False,False,False,513120,513120,513120,True,False,False,37.68981172647392,34.807021594420675,34.807021594420675,0.0,4,4,2841,0.7486744432661722,,0
2024-01-29,2024-01-29,4,3d1bbd40f9e34418bf7fbd2599e79fe70347d3f8bd36a5a91079efb0cbb16495,v11_65c02832c443c86f72c7,False,False,False,513120,513100,513100,False,False,True,34.807021594420675,34.807021594420675,34.80006019010179,0.006961404318884135,5,0,2841,6.379137412236701,,0
2024-01-30,2024-01-30,4,3d1bbd40f9e34418bf7fbd2599e79fe70347d3f8bd36a5a91079efb0cbb16495,v11_65c02832c443c86f72c7,False,False,False,513100,513100,513100,False,False,False,34.80006019010179,35.347230947807795,35.347230947807795,0.0,1,1,2841,6.479438314944826,,0
2024-01-31,2024-01-31,4,3d1bbd40f9e34418bf7fbd2599e79fe70347d3f8bd36a5a91079efb0cbb16495,v11_65c02832c443c86f72c7,False,False,False,513100,159915,159915,True,True,True,35.347230947807795,34.581191887019386,34.574275648641986,0.006916238377403878,2,0,2848,1.9234629861982306,,0
2024-02-01,2024-02-01,4,3d1bbd40f9e34418bf7fbd2599e79fe70347d3f8bd36a5a91079efb0cbb16495,v11_65c02832c443c86f72c7,False,False,False,159915,159915,159915,False,False,False,34.574275648641986,34.91257580175982,34.91257580175982,0.0,1,1,2848,1.9422835633625972,,0
2024-02-02,2024-02-02,4,3d1bbd40f9e34418bf7fbd2599e79fe70347d3f8bd36a5a91079efb0cbb16495,v11_65c02832c443c86f72c7,False,False,False,159915,159915,159915,True,False,False,34.91257580175982,34.01044206011228,34.01044206011228,0.0,2,2,2848,1.9422835633625972,,0
2024-02-05,2024-02-05,4,3d1bbd40f9e34418bf7fbd2599e79fe70347d3f8bd36a5a91079efb0cbb16495,v11_65c02832c443c86f72c7,False,False,False,159915,159915,159915,False,False,False,34.01044206011228,34.438955587394865,34.438955587394865,0.0,3,3,2848,1.9422835633625972,,0
2024-02-06,2024-02-06,4,3d1bbd40f9e34418bf7fbd2599e79fe70347d3f8bd36a5a91079efb0cbb16495,v11_65c02832c443c86f72c7,False,False,False,159915,159915,159915,False,False,False,34.438955587394865,36.60407656734897,36.60407656734897,0.0,4,4,2848,2.0363864491844286,,0
2024-02-07,2024-02-07,4,3d1bbd40f9e34418bf7fbd2599e79fe70347d3f8bd36a5a91079efb0cbb16495,v11_65c02832c443c86f72c7,False,False,False,159915,513100,513100,False,False,True,36.60407656734897,37.438550278372944,37.43106256831727,0.007487710055674589,5,0,2848,6.414242728184546,,0
2024-02-08,2024-02-08,4,3d1bbd40f9e34418bf7fbd2599e79fe70347d3f8bd36a5a91079efb0cbb16495,v11_65c02832c443c86f72c7,False,False,False,513100,513100,513100,False,False,False,37.43106256831727,38.27977313476075,38.27977313476075,0.0,1,1,2848,6.559679037111327,,0
2024-02-19,2024-02-19,4,3d1bbd40f9e34418bf7fbd2599e79fe70347d3f8bd36a5a91079efb0cbb16495,v11_65c02832c443c86f72c7,False,False,False,513100,513100,513100,False,False,False,38.27977313476075,38.07491196355026,38.07491196355026,0.0,2,2,2848,6.559679037111327,,0
2024-02-20,2024-02-20,4,3d1bbd40f9e34418bf7fbd2599e79fe70347d3f8bd36a5a91079efb0cbb16495,v11_65c02832c443c86f72c7,False,False,False,513100,513100,513100,False,False,False,38.07491196355026,38.01638020034726,38.01638020034726,0.0,3,3,2848,6.559679037111327,,0
2024-02-21,2024-02-21,4,3d1bbd40f9e34418bf7fbd2599e79fe70347d3f8bd36a5a91079efb0cbb16495,v11_65c02832c443c86f72c7,False,False,False,513100,513100,513100,False,False,False,38.01638020034726,37.518860213121776,37.518860213121776,0.0,4,4,2848,6.559679037111327,,0
2024-02-22,2024-02-22,4,3d1bbd40f9e34418bf7fbd2599e79fe70347d3f8bd36a5a91079efb0cbb16495,v11_65c02832c443c86f72c7,False,False,False,513100,513100,513100,False,False,False,37.518860213121776,38.16270960835476,38.16270960835476,0.0,5,5,2848,6.559679037111327,,0
2024-02-23,2024-02-23,4,3d1bbd40f9e34418bf7fbd2599e79fe70347d3f8bd36a5a91079efb0cbb16495,v11_65c02832c443c86f72c7,False,False,False,513100,513100,513100,False,False,False,38.16270960835476,38.66022959558024,38.66022959558024,0.0,6,6,2848,6.624874623871607,,0
2024-02-26,2024-02-26,4,3d1bbd40f9e34418bf7fbd2599e79fe70347d3f8bd36a5a91079efb0cbb16495,v11_65c02832c443c86f72c7,False,False,False,513100,513100,513100,False,False,False,38.66022959558024,38.27977313476075,38.27977313476075,0.0,7,7,2848,6.624874623871607,,0
2024-02-27,2024-02-27,4,3d1bbd40f9e34418bf7fbd2599e79fe70347d3f8bd36a5a91079efb0cbb16495,v11_65c02832c443c86f72c7,False,False,False,513100,513100,513100,False,False,False,38.27977313476075,38.22124137155776,38.22124137155776,0.0,8,8,2848,6.624874623871607,,0
2024-02-28,2024-02-28,4,3d1bbd40f9e34418bf7fbd2599e79fe70347d3f8bd36a5a91079efb0cbb16495,v11_65c02832c443c86f72c7,False,False,False,513100,513100,513100,False,False,False,38.22124137155776,38.30903901636225,38.30903901636225,0.0,9,9,2848,6.624874623871607,,0
2024-02-29,2024-02-29,4,3d1bbd40f9e34418bf7fbd2599e79fe70347d3f8bd36a5a91079efb0cbb16495,v11_65c02832c443c86f72c7,False,False,False,513100,513100,513100,False,False,False,38.30903901636225,38.04564608194876,38.04564608194876,0.0,10,10,2848,6.624874623871607,,0
2024-03-01,2024-03-01,4,3d1bbd40f9e34418bf7fbd2599e79fe70347d3f8bd36a5a91079efb0cbb16495,v11_65c02832c443c86f72c7,False,False,False,513100,513100,513100,False,False,False,38.04564608194876,38.66022959558024,38.66022959558024,0.0,11,11,2848,6.624874623871608,,0
2024-03-04,2024-03-04,4,3d1bbd40f9e34418bf7fbd2599e79fe70347d3f8bd36a5a91079efb0cbb16495,v11_65c02832c443c86f72c7,False,False,False,513100,513100,513100,False,False,False,38.66022959558024,39.187015464407224,39.187015464407224,0.0,12,12,2848,6.715145436308919,,0
2024-03-05,2024-03-05,4,3d1bbd40f9e34418bf7fbd2599e79fe70347d3f8bd36a5a91079efb0cbb16495,v11_65c02832c443c86f72c7,False,False,False,513100,513100,513100,False,False,False,39.187015464407224,38.894356648392225,38.894356648392225,0.0,13,13,2848,6.715145436308919,,0
2024-03-06,2024-03-06,4,3d1bbd40f9e34418bf7fbd2599e79fe70347d3f8bd36a5a91079efb0cbb16495,v11_65c02832c443c86f72c7,False,False,False,513100,513100,513100,False,False,False,38.894356648392225,38.74802724038473,38.74802724038473,0.0,14,14,2848,6.715145436308919,,0
2024-03-07,2024-03-07,4,3d1bbd40f9e34418bf7fbd2599e79fe70347d3f8bd36a5a91079efb0cbb16495,v11_65c02832c443c86f72c7,False,False,False,513100,513100,513100,False,False,False,38.74802724038473,38.484634305971234,38.484634305971234,0.0,15,15,2848,6.715145436308919,,0
2024-03-08,2024-03-08,4,3d1bbd40f9e34418bf7fbd2599e79fe70347d3f8bd36a5a91079efb0cbb16495,v11_65c02832c443c86f72c7,False,False,False,513100,513100,513100,False,False,False,38.484634305971234,39.12848370120421,39.12848370120421,0.0,16,16,2848,6.715145436308919,,0
2024-03-11,2024-03-11,4,3d1bbd40f9e34418bf7fbd2599e79fe70347d3f8bd36a5a91079efb0cbb16495,v11_65c02832c443c86f72c7,False,False,False,513100,513120,513120,False,False,True,39.12848370120421,38.543166069174234,38.5354574359604,0.007708633213834847,17,0,2848,0.705196182396607,,0
2024-03-12,2024-03-12,4,3d1bbd40f9e34418bf7fbd2599e79fe70347d3f8bd36a5a91079efb0cbb16495,v11_65c02832c443c86f72c7,False,False,False,513120,513120,513120,False,False,False,38.5354574359604,39.92621078703266,39.92621078703266,0.0,1,1,2848,0.7306468716861085,,0
2024-03-13,2024-03-13,4,3d1bbd40f9e34418bf7fbd2599e79fe70347d3f8bd36a5a91079efb0cbb16495,v11_65c02832c443c86f72c7,False,False,False,513120,513120,513120,False,False,False,39.92621078703266,39.57852244926461,39.57852244926461,0.0,2,2,2848,0.7306468716861085,,0
2024-03-14,2024-03-14,4,3d1bbd40f9e34418bf7fbd2599e79fe70347d3f8bd36a5a91079efb0cbb16495,v11_65c02832c443c86f72c7,False,False,False,513120,513120,513120,False,False,False,39.57852244926461,40.505691349979436,40.505691349979436,0.0,3,3,2848,0.7412513255567342,,0
2024-03-15,2024-03-15,4,3d1bbd40f9e34418bf7fbd2599e79fe70347d3f8bd36a5a91079efb0cbb16495,v11_65c02832c443c86f72c7,False,False,False,513120,513120,513120,False,False,False,40.505691349979436,40.38979523739008,40.38979523739008,0.0,4,4,2848,0.7412513255567342,,0
2024-03-18,2024-03-18,4,3d1bbd40f9e34418bf7fbd2599e79fe70347d3f8bd36a5a91079efb0cbb16495,v11_65c02832c443c86f72c7,False,False,False,513120,512400,512400,False,False,True,40.38979523739008,40.6215874625688,40.61346314507628,0.00812431749251376,5,0,2848,0.9990347490347563,,0
2024-03-19,2024-03-19,4,3d1bbd40f9e34418bf7fbd2599e79fe70347d3f8bd36a5a91079efb0cbb16495,v11_65c02832c443c86f72c7,False,False,False,512400,518880,518880,False,False,True,40.61346314507628,40.33878271800814,40.33071496146454,0.008067756543601628,1,0,2848,1.854531607006854,,0
2024-03-20,2024-03-20,4,3d1bbd40f9e34418bf7fbd2599e79fe70347d3f8bd36a5a91079efb0cbb16495,v11_65c02832c443c86f72c7,False,False,False,518880,518880,518880,False,False,False,40.33071496146454,40.41352957124167,40.41352957124167,0.0,1,1,2848,1.858339680121858,,0
2024-03-21,2024-03-21,4,3d1bbd40f9e34418bf7fbd2599e79fe70347d3f8bd36a5a91079efb0cbb16495,v11_65c02832c443c86f72c7,False,False,False,518880,518880,518880,False,False,False,40.41352957124167,41.22511274705759,41.22511274705759,0.0,2,2,2848,1.8956587966488951,,0
2024-03-22,2024-03-22,4,3d1bbd40f9e34418bf7fbd2599e79fe70347d3f8bd36a5a91079efb0cbb16495,v11_65c02832c443c86f72c7,False,False,False,518880,518880,518880,False,False,False,41.22511274705759,40.96010599577076,40.96010599577076,0.0,3,3,2848,1.8956587966488951,,0
2024-03-25,2024-03-25,4,3d1bbd40f9e34418bf7fbd2599e79fe70347d3f8bd36a5a91079efb0cbb16495,v11_65c02832c443c86f72c7,False,False,False,518880,518880,518880,False,False,False,40.96010599577076,41.042920605547906,41.042920605547906,0.0,4,4,2848,1.8956587966488951,,0
2024-03-26,2024-03-26,4,3d1bbd40f9e34418bf7fbd2599e79fe70347d3f8bd36a5a91079efb0cbb16495,v11_65c02832c443c86f72c7,False,False,False,518880,518880,518880,False,False,False,41.042920605547906,41.12573521532504,41.12573521532504,0.0,5,5,2848,1.8956587966488951,,0
2024-03-27,2024-03-27,4,3d1bbd40f9e34418bf7fbd2599e79fe70347d3f8bd36a5a91079efb0cbb16495,v11_65c02832c443c86f72c7,False,False,False,518880,518880,518880,False,False,False,41.12573521532504,41.32449027879016,41.32449027879016,0.0,6,6,2848,1.9002284843868997,,0
2024-03-28,2024-03-28,4,3d1bbd40f9e34418bf7fbd2599e79fe70347d3f8bd36a5a91079efb0cbb16495,v11_65c02832c443c86f72c7,False,False,False,518880,518880,518880,False,False,False,41.32449027879016,41.64746725692098,41.64746725692098,0.0,7,7,2848,1.9150799695354146,,0
2024-03-29,2024-03-29,4,3d1bbd40f9e34418bf7fbd2599e79fe70347d3f8bd36a5a91079efb0cbb16495,v11_65c02832c443c86f72c7,False,False,False,518880,518880,518880,False,False,False,41.64746725692098,42.450768971759196,42.450768971759196,0.0,8,8,2848,1.9520182787509517,,0
2024-04-01,2024-04-01,4,3d1bbd40f9e34418bf7fbd2599e79fe70347d3f8bd36a5a91079efb0cbb16495,v11_65c02832c443c86f72c7,False,False,False,518880,512400,512400,False,False,True,42.450768971759196,42.69093134011288,42.68239315384486,0.008538186268022578,9,0,2848,1.0299227799227872,,0
2024-04-02,2024-04-02,4,3d1bbd40f9e34418bf7fbd2599e79fe70347d3f8bd36a5a91079efb0cbb16495,v11_65c02832c443c86f72c7,False,False,False,512400,518880,518880,False,False,True,42.68239315384486,43.122417825533994,43.113793341968886,0.008624483565106799,1,0,2848,1.964584920030464,,0
2024-04-03,2024-04-03,4,3d1bbd40f9e34418bf7fbd2599e79fe70347d3f8bd36a5a91079efb0cbb16495,v11_65c02832c443c86f72c7,False,False,False,518880,518880,518880,False,False,False,43.113793341968886,43.71549776542726,43.71549776542726,0.0,1,1,2848,1.9920030464584912,,0
2024-04-08,2024-04-08,4,3d1bbd40f9e34418bf7fbd2599e79fe70347d3f8bd36a5a91079efb0cbb16495,v11_65c02832c443c86f72c7,False,False,False,518880,518880,518880,False,False,False,43.71549776542726,44.74340948883532,44.74340948883532,0.0,2,2,2848,2.038842345773038,,0
2024-04-09,2024-04-09,4,3d1bbd40f9e34418bf7fbd2599e79fe70347d3f8bd36a5a91079efb0cbb16495,v11_65c02832c443c86f72c7,False,False,False,518880,518880,518880,False,False,False,44.74340948883532,44.86876457705581,44.86876457705581,0.0,3,3,2848,2.0445544554455437,,0
2024-04-10,2024-04-10,4,3d1bbd40f9e34418bf7fbd2599e79fe70347d3f8bd36a5a91079efb0cbb16495,v11_65c02832c443c86f72c7,False,False,False,518880,518880,518880,False,False,False,44.86876457705581,45.027547688801775,45.027547688801775,0.0,4,4,2848,2.051789794364051,,0
2024-04-11,2024-04-11,4,3d1bbd40f9e34418bf7fbd2599e79fe70347d3f8bd36a5a91079efb0cbb16495,v11_65c02832c443c86f72c7,False,False,False,518880,518880,518880,False,False,False,45.027547688801775,44.693267453547115,44.693267453547115,0.0,5,5,2848,2.051789794364051,,0
2024-04-12,2024-04-12,4,3d1bbd40f9e34418bf7fbd2599e79fe70347d3f8bd36a5a91079efb0cbb16495,v11_65c02832c443c86f72c7,False,False,False,518880,518880,518880,False,False,False,44.693267453547115,45.99696037104026,45.99696037104026,0.0,6,6,2848,2.0959634424980944,,0
2024-04-15,2024-04-15,4,3d1bbd40f9e34418bf7fbd2599e79fe70347d3f8bd36a5a91079efb0cbb16495,v11_65c02832c443c86f72c7,False,False,False,518880,518880,518880,False,False,False,45.99696037104026,45.269900859361385,45.269900859361385,0.0,7,7,2848,2.0959634424980944,,0
2024-04-16,2024-04-16,4,3d1bbd40f9e34418bf7fbd2599e79fe70347d3f8bd36a5a91079efb0cbb16495,v11_65c02832c443c86f72c7,False,False,False,518880,518880,518880,False,False,False,45.269900859361385,45.56239606520921,45.56239606520921,0.0,8,8,2848,2.0959634424980944,,0
2024-04-17,2024-04-17,4,3d1bbd40f9e34418bf7fbd2599e79fe70347d3f8bd36a5a91079efb0cbb16495,v11_65c02832c443c86f72c7,False,False,False,518880,518880,518880,False,False,False,45.56239606520921,45.63760911814151,45.63760911814151,0.0,9,9,2848,2.0959634424980944,,0
2024-04-18,2024-04-18,4,3d1bbd40f9e34418bf7fbd2599e79fe70347d3f8bd36a5a91079efb0cbb16495,v11_65c02832c443c86f72c7,False,False,False,518880,518880,518880,False,False,False,45.63760911814151,45.503897024039645,45.503897024039645,0.0,10,10,2848,2.0959634424980944,,0
2024-04-19,2024-04-19,4,3d1bbd40f9e34418bf7fbd2599e79fe70347d3f8bd36a5a91079efb0cbb16495,v11_65c02832c443c86f72c7,False,False,False,518880,513120,513120,False,True,True,45.503897024039645,45.72117917695517,45.712034941119775,0.009144235835391035,11,0,2897,0.6118769883351012,,0
2024-04-22,2024-04-22,4,3d1bbd40f9e34418bf7fbd2599e79fe70347d3f8bd36a5a91079efb0cbb16495,v11_65c02832c443c86f72c7,False,False,False,513120,513120,513120,False,False,False,45.712034941119775,47.138060294568916,47.138060294568916,0.0,1,1,2897,0.6309650053022273,,0
2024-04-23,2024-04-23,4,3d1bbd40f9e34418bf7fbd2599e79fe70347d3f8bd36a5a91079efb0cbb16495,v11_65c02832c443c86f72c7,False,False,False,513120,513120,513120,False,False,False,47.138060294568916,48.32641475577654,48.32641475577654,0.0,2,2,2897,0.6468716861081659,,0
2024-04-24,2024-04-24,4,3d1bbd40f9e34418bf7fbd2599e79fe70347d3f8bd36a5a91079efb0cbb16495,v11_65c02832c443c86f72c7,False,False,False,513120,513120,513120,False,False,False,48.32641475577654,49.35632195548981,49.35632195548981,0.0,3,3,2897,0.6606574761399793,,0
2024-04-25,2024-04-25,4,3d1bbd40f9e34418bf7fbd2599e79fe70347d3f8bd36a5a91079efb0cbb16495,v11_65c02832c443c86f72c7,False,False,False,513120,513120,513120,False,False,False,49.35632195548981,50.069334632214385,50.069334632214385,0.0,4,4,2897,0.6702014846235423,,0
2024-04-26,2024-04-26,4,3d1bbd40f9e34418bf7fbd2599e79fe70347d3f8bd36a5a91079efb0cbb16495,v11_65c02832c443c86f72c7,False,False,False,513120,512890,512890,False,False,True,50.069334632214385,51.020018201180484,51.00981419754025,0.010204003640236096,5,0,2897,2.071784646061817,,0
2024-04-29,2024-04-29,4,3d1bbd40f9e34418bf7fbd2599e79fe70347d3f8bd36a5a91079efb0cbb16495,v11_65c02832c443c86f72c7,False,False,False,512890,512890,512890,False,False,False,51.00981419754025,50.862528882244185,50.862528882244185,0.0,1,1,2897,2.071784646061817,,0
2024-04-30,2024-04-30,4,3d1bbd40f9e34418bf7fbd2599e79fe70347d3f8bd36a5a91079efb0cbb16495,v11_65c02832c443c86f72c7,False,False,False,512890,512890,512890,False,False,False,50.862528882244185,51.05890930263895,51.05890930263895,0.0,2,2,2897,2.0737786640079787,,0
2024-05-06,2024-05-06,4,3d1bbd40f9e34418bf7fbd2599e79fe70347d3f8bd36a5a91079efb0cbb16495,v11_65c02832c443c86f72c7,False,False,False,512890,512890,512890,False,False,False,51.05890930263895,51.40257503832979,51.40257503832979,0.0,3,3,2897,2.0877367896311094,,0
2024-05-07,2024-05-07,4,3d1bbd40f9e34418bf7fbd2599e79fe70347d3f8bd36a5a91079efb0cbb16495,v11_65c02832c443c86f72c7,False,False,False,512890,512890,512890,False,False,False,51.40257503832979,51.451670143428494,51.451670143428494,0.0,4,4,2897,2.089730807577271,,0
2024-05-08,2024-05-08,4,3d1bbd40f9e34418bf7fbd2599e79fe70347d3f8bd36a5a91079efb0cbb16495,v11_65c02832c443c86f72c7,False,False,False,512890,513120,513120,False,False,True,51.451670143428494,51.69714566892195,51.68680623978816,0.01033942913378439,5,0,2897,0.7051961823966071,,0
2024-05-09,2024-05-09,4,3d1bbd40f9e34418bf7fbd2599e79fe70347d3f8bd36a5a91079efb0cbb16495,v11_65c02832c443c86f72c7,False,False,False,513120,513120,513120,False,False,False,51.68680623978816,53.552194735660215,53.552194735660215,0.0,1,1,2897,0.7306468716861086,,0
2024-05-10,2024-05-10,4,3d1bbd40f9e34418bf7fbd2599e79fe70347d3f8bd36a5a91079efb0cbb16495,v11_65c02832c443c86f72c7,False,False,False,513120,513120,513120,False,False,False,53.552194735660215,54.09626638028956,54.09626638028956,0.0,2,2,2897,0.7380699893955466,,0
2024-05-13,2024-05-13,4,3d1bbd40f9e34418bf7fbd2599e79fe70347d3f8bd36a5a91079efb0cbb16495,v11_65c02832c443c86f72c7,False,False,False,513120,513120,513120,False,False,False,54.09626638028956,53.55219473566021,53.55219473566021,0.0,3,3,2897,0.7380699893955466,,0
2024-05-14,2024-05-14,4,3d1bbd40f9e34418bf7fbd2599e79fe70347d3f8bd36a5a91079efb0cbb16495,v11_65c02832c443c86f72c7,False,False,False,513120,513120,513120,False,False,False,53.55219473566021,53.78536829764421,53.78536829764421,0.0,4,4,2897,0.7380699893955466,,0
2024-05-15,2024-05-15,4,3d1bbd40f9e34418bf7fbd2599e79fe70347d3f8bd36a5a91079efb0cbb16495,v11_65c02832c443c86f72c7,False,False,False,513120,513120,513120,False,False,False,53.78536829764421,52.774949529046864,52.774949529046864,0.0,5,5,2897,0.7380699893955466,,0
2024-05-16,2024-05-16,4,3d1bbd40f9e34418bf7fbd2599e79fe70347d3f8bd36a5a91079efb0cbb16495,v11_65c02832c443c86f72c7,False,False,False,513120,513120,513120,False,False,False,52.774949529046864,53.39674569433755,53.39674569433755,0.0,6,6,2897,0.7380699893955466,,0
2024-05-17,2024-05-17,4,3d1bbd40f9e34418bf7fbd2599e79fe70347d3f8bd36a5a91079efb0cbb16495,v11_65c02832c443c86f72c7,False,False,False,513120,513120,513120,False,False,False,53.39674569433755,53.39674569433755,53.39674569433755,0.0,7,7,2897,0.7380699893955466,,0
2024-05-20,2024-05-20,4,3d1bbd40f9e34418bf7fbd2599e79fe70347d3f8bd36a5a91079efb0cbb16495,v11_65c02832c443c86f72c7,False,False,False,513120,513120,513120,False,False,False,53.39674569433755,53.78536829764421,53.78536829764421,0.0,8,8,2897,0.7380699893955466,,0
2024-05-21,2024-05-21,4,3d1bbd40f9e34418bf7fbd2599e79fe70347d3f8bd36a5a91079efb0cbb16495,v11_65c02832c443c86f72c7,False,False,False,513120,513100,513100,True,False,True,53.78536829764421,51.91997980177216,51.909595805811804,0.010383995960354431,9,0,2897,6.840521564694082,,0
2024-05-22,2024-05-22,4,3d1bbd40f9e34418bf7fbd2599e79fe70347d3f8bd36a5a91079efb0cbb16495,v11_65c02832c443c86f72c7,False,False,False,513100,513100,513100,False,False,False,51.909595805811804,52.09988024791522,52.09988024791522,0.0,1,1,2897,6.865596790371113,,0
2024-05-23,2024-05-23,4,3d1bbd40f9e34418bf7fbd2599e79fe70347d3f8bd36a5a91079efb0cbb16495,v11_65c02832c443c86f72c7,False,False,False,513100,513100,513100,False,False,False,52.09988024791522,52.556562908963414,52.556562908963414,0.0,2,2,2897,6.925777331995986,,0
2024-05-24,2024-05-24,4,3d1bbd40f9e34418bf7fbd2599e79fe70347d3f8bd36a5a91079efb0cbb16495,v11_65c02832c443c86f72c7,False,False,False,513100,513120,513120,False,True,True,52.556562908963414,51.68125447528771,51.67091822439265,0.010336250895057542,3,0,2919,0.6648992576882293,,0
2024-05-27,2024-05-27,4,3d1bbd40f9e34418bf7fbd2599e79fe70347d3f8bd36a5a91079efb0cbb16495,v11_65c02832c443c86f72c7,False,False,False,513120,513120,513120,False,False,False,51.67091822439265,52.330196287861774,52.330196287861774,0.0,1,1,2919,0.6733828207847298,,0
2024-05-28,2024-05-28,4,3d1bbd40f9e34418bf7fbd2599e79fe70347d3f8bd36a5a91079efb0cbb16495,v11_65c02832c443c86f72c7,False,False,False,513120,513120,513120,False,False,False,52.330196287861774,52.412606045795414,52.412606045795414,0.0,2,2,2919,0.6744432661717924,,0
2024-05-29,2024-05-29,4,3d1bbd40f9e34418bf7fbd2599e79fe70347d3f8bd36a5a91079efb0cbb16495,v11_65c02832c443c86f72c7,False,False,False,513120,513120,513120,False,False,False,52.412606045795414,51.09404991885716,51.09404991885716,0.0,3,3,2919,0.6744432661717924,,0
2024-05-30,2024-05-30,4,3d1bbd40f9e34418bf7fbd2599e79fe70347d3f8bd36a5a91079efb0cbb16495,v11_65c02832c443c86f72c7,False,False,False,513120,513120,513120,False,False,False,51.09404991885716,50.846820645056226,50.846820645056226,0.0,4,4,2919,0.6744432661717924,,0
2024-05-31,2024-05-31,4,3d1bbd40f9e34418bf7fbd2599e79fe70347d3f8bd36a5a91079efb0cbb16495,v11_65c02832c443c86f72c7,False,False,False,513120,513100,513100,False,False,True,50.846820645056226,51.67091822439263,51.66058404074775,0.010334183644878526,5,0,2919,6.785356068204612,,0
2024-06-03,2024-06-03,4,3d1bbd40f9e34418bf7fbd2599e79fe70347d3f8bd36a5a91079efb0cbb16495,v11_65c02832c443c86f72c7,False,False,False,513100,513100,513100,False,False,False,51.66058404074775,51.8896775398198,51.8896775398198,0.0,1,1,2919,6.815446339017049,,0
2024-06-04,2024-06-04,4,3d1bbd40f9e34418bf7fbd2599e79fe70347d3f8bd36a5a91079efb0cbb16495,v11_65c02832c443c86f72c7,False,False,False,513100,513100,513100,False,False,False,51.8896775398198,51.736948540438426,51.736948540438426,0.0,2,2,2919,6.815446339017049,,0
2024-06-05,2024-06-05,4,3d1bbd40f9e34418bf7fbd2599e79fe70347d3f8bd36a5a91079efb0cbb16495,v11_65c02832c443c86f72c7,False,False,False,513100,513100,513100,False,False,False,51.736948540438426,52.15695328873719,52.15695328873719,0.0,3,3,2919,6.850551654964892,,0
2024-06-06,2024-06-06,4,3d1bbd40f9e34418bf7fbd2599e79fe70347d3f8bd36a5a91079efb0cbb16495,v11_65c02832c443c86f72c7,False,False,False,513100,513100,513100,False,False,False,52.15695328873719,53.187874034561425,53.187874034561425,0.0,4,4,2919,6.98595787362086,,0
2024-06-07,2024-06-07,4,3d1bbd40f9e34418bf7fbd2599e79fe70347d3f8bd36a5a91079efb0cbb16495,v11_65c02832c443c86f72c7,False,False,False,513100,513100,513100,False,False,False,53.187874034561425,53.22605628440676,53.22605628440676,0.0,5,5,2919,6.990972918756266,,0
2024-06-11,2024-06-11,4,3d1bbd40f9e34418bf7fbd2599e79fe70347d3f8bd36a5a91079efb0cbb16495,v11_65c02832c443c86f72c7,False,False,False,513100,513100,513100,False,False,False,53.22605628440676,53.2642385342521,53.2642385342521,0.0,6,6,2919,6.995987963891673,,0
2024-06-12,2024-06-12,4,3d1bbd40f9e34418bf7fbd2599e79fe70347d3f8bd36a5a91079efb0cbb16495,v11_65c02832c443c86f72c7,False,False,False,513100,513100,513100,False,False,False,53.2642385342521,53.76060778224154,53.76060778224154,0.0,7,7,2919,7.061183550651953,,0
2024-06-13,2024-06-13,4,3d1bbd40f9e34418bf7fbd2599e79fe70347d3f8bd36a5a91079efb0cbb16495,v11_65c02832c443c86f72c7,False,False,False,513100,513100,513100,False,False,False,53.76060778224154,54.829710777911124,54.829710777911124,0.0,8,8,2919,7.2016048144433285,,0
2024-06-14,2024-06-14,4,3d1bbd40f9e34418bf7fbd2599e79fe70347d3f8bd36a5a91079efb0cbb16495,v11_65c02832c443c86f72c7,False,False,False,513100,513100,513100,False,False,False,54.829710777911124,54.79152852806579,54.79152852806579,0.0,9,9,2919,7.2016048144433285,,0
2024-06-17,2024-06-17,4,3d1bbd40f9e34418bf7fbd2599e79fe70347d3f8bd36a5a91079efb0cbb16495,v11_65c02832c443c86f72c7,False,False,False,513100,513100,513100,False,False,False,54.79152852806579,55.02062202713785,55.02062202713785,0.0,10,10,2919,7.226680040120361,,0
2024-06-18,2024-06-18,4,3d1bbd40f9e34418bf7fbd2599e79fe70347d3f8bd36a5a91079efb0cbb16495,v11_65c02832c443c86f72c7,False,False,False,513100,513100,513100,False,False,False,55.02062202713785,55.746084774199346,55.746084774199346,0.0,11,11,2919,7.3219658976930795,,0
2024-06-19,2024-06-19,4,3d1bbd40f9e34418bf7fbd2599e79fe70347d3f8bd36a5a91079efb0cbb16495,v11_65c02832c443c86f72c7,False,False,False,513100,513100,513100,False,False,False,55.746084774199346,55.82244927389003,55.82244927389003,0.0,12,12,2919,7.331995987963892,,0
2024-06-20,2024-06-20,4,3d1bbd40f9e34418bf7fbd2599e79fe70347d3f8bd36a5a91079efb0cbb16495,v11_65c02832c443c86f72c7,False,False,False,513100,513100,513100,False,False,False,55.82244927389003,56.204271772343446,56.204271772343446,0.0,13,13,2919,7.382146439317954,,0
2024-06-21,2024-06-21,4,3d1bbd40f9e34418bf7fbd2599e79fe70347d3f8bd36a5a91079efb0cbb16495,v11_65c02832c443c86f72c7,False,False,False,513100,513100,513100,False,False,False,56.204271772343446,55.36426227574593,55.36426227574593,0.0,14,14,2919,7.382146439317954,,0
2024-06-24,2024-06-24,4,3d1bbd40f9e34418bf7fbd2599e79fe70347d3f8bd36a5a91079efb0cbb16495,v11_65c02832c443c86f72c7,False,False,False,513100,513100,513100,False,False,False,55.36426227574593,55.13516877667387,55.13516877667387,0.0,15,15,2919,7.382146439317954,,0
2024-06-25,2024-06-25,4,3d1bbd40f9e34418bf7fbd2599e79fe70347d3f8bd36a5a91079efb0cbb16495,v11_65c02832c443c86f72c7,False,False,False,513100,513100,513100,False,False,False,55.13516877667387,54.56243502899375,54.56243502899375,0.0,16,16,2919,7.382146439317954,,0
2024-06-26,2024-06-26,4,3d1bbd40f9e34418bf7fbd2599e79fe70347d3f8bd36a5a91079efb0cbb16495,v11_65c02832c443c86f72c7,False,False,False,513100,513100,513100,False,False,False,54.56243502899375,55.59335577481797,55.59335577481797,0.0,17,17,2919,7.382146439317954,,0
2024-06-27,2024-06-27,4,3d1bbd40f9e34418bf7fbd2599e79fe70347d3f8bd36a5a91079efb0cbb16495,v11_65c02832c443c86f72c7,False,False,False,513100,513100,513100,False,False,False,55.59335577481797,55.555173524972645,55.555173524972645,0.0,18,18,2919,7.382146439317954,,0
2024-06-28,2024-06-28,4,3d1bbd40f9e34418bf7fbd2599e79fe70347d3f8bd36a5a91079efb0cbb16495,v11_65c02832c443c86f72c7,False,False,False,513100,513100,513100,False,False,False,55.555173524972645,56.318818521879486,56.318818521879486,0.0,19,19,2919,7.3971915747241725,,0
2024-07-01,2024-07-01,4,3d1bbd40f9e34418bf7fbd2599e79fe70347d3f8bd36a5a91079efb0cbb16495,v11_65c02832c443c86f72c7,False,False,False,513100,513100,513100,False,False,False,56.318818521879486,56.2424540221888,56.2424540221888,0.0,20,20,2919,7.3971915747241725,,0
2024-07-02,2024-07-02,4,3d1bbd40f9e34418bf7fbd2599e79fe70347d3f8bd36a5a91079efb0cbb16495,v11_65c02832c443c86f72c7,False,False,False,513100,513100,513100,False,False,False,56.2424540221888,56.28063627203414,56.28063627203414,0.0,21,21,2919,7.3971915747241725,,0
2024-07-03,2024-07-03,4,3d1bbd40f9e34418bf7fbd2599e79fe70347d3f8bd36a5a91079efb0cbb16495,v11_65c02832c443c86f72c7,False,False,False,513100,513100,513100,False,False,False,56.28063627203414,57.31155701785836,57.31155701785836,0.0,22,22,2919,7.527582748244732,,0
2024-07-04,2024-07-04,4,3d1bbd40f9e34418bf7fbd2599e79fe70347d3f8bd36a5a91079efb0cbb16495,v11_65c02832c443c86f72c7,False,False,False,513100,513100,513100,False,False,False,57.31155701785836,57.655197266466445,57.655197266466445,0.0,23,23,2919,7.572718154463389,,0
2024-07-05,2024-07-05,4,3d1bbd40f9e34418bf7fbd2599e79fe70347d3f8bd36a5a91079efb0cbb16495,v11_65c02832c443c86f72c7,False,False,False,513100,513100,513100,False,False,False,57.655197266466445,58.380660013527944,58.380660013527944,0.0,24,24,2919,7.668004012036107,,0
2024-07-08,2024-07-08,4,3d1bbd40f9e34418bf7fbd2599e79fe70347d3f8bd36a5a91079efb0cbb16495,v11_65c02832c443c86f72c7,False,False,False,513100,513100,513100,False,False,False,58.380660013527944,59.25885175997081,59.25885175997081,0.0,25,25,2919,7.7833500501504504,,0
2024-07-09,2024-07-09,4,3d1bbd40f9e34418bf7fbd2599e79fe70347d3f8bd36a5a91079efb0cbb16495,v11_65c02832c443c86f72c7,False,False,False,513100,513100,513100,False,False,False,59.25885175997081,59.86976775749628,59.86976775749628,0.0,26,26,2919,7.863590772316949,,0
2024-07-10,2024-07-10,4,3d1bbd40f9e34418bf7fbd2599e79fe70347d3f8bd36a5a91079efb0cbb16495,v11_65c02832c443c86f72c7,False,False,False,513100,513100,513100,False,False,False,59.86976775749628,59.106122760589436,59.106122760589436,0.0,27,27,2919,7.863590772316949,,0
2024-07-11,2024-07-11,4,3d1bbd40f9e34418bf7fbd2599e79fe70347d3f8bd36a5a91079efb0cbb16495,v11_65c02832c443c86f72c7,False,False,False,513100,513100,513100,False,False,False,59.106122760589436,59.37339850950682,59.37339850950682,0.0,28,28,2919,7.863590772316949,,0
2024-07-12,2024-07-12,4,3d1bbd40f9e34418bf7fbd2599e79fe70347d3f8bd36a5a91079efb0cbb16495,v11_65c02832c443c86f72c7,False,False,False,513100,512400,512400,True,False,True,59.37339850950682,56.96791676925027,56.95652318589642,0.011393583353850056,29,0,2919,0.9951737451737523,,0
2024-07-15,2024-07-15,4,3d1bbd40f9e34418bf7fbd2599e79fe70347d3f8bd36a5a91079efb0cbb16495,v11_65c02832c443c86f72c7,False,False,False,512400,512400,512400,False,False,False,56.95652318589642,57.343230908788065,57.343230908788065,0.0,1,1,2919,1.0019305019305091,,0
2024-07-16,2024-07-16,4,3d1bbd40f9e34418bf7fbd2599e79fe70347d3f8bd36a5a91079efb0cbb16495,v11_65c02832c443c86f72c7,False,False,False,512400,512400,512400,False,False,False,57.343230908788065,57.84042655250588,57.84042655250588,0.0,2,2,2919,1.0106177606177678,,0
2024-07-17,2024-07-17,4,3d1bbd40f9e34418bf7fbd2599e79fe70347d3f8bd36a5a91079efb0cbb16495,v11_65c02832c443c86f72c7,False,False,False,512400,513100,513100,False,False,True,57.84042655250588,56.34883962135244,56.33756985342817,0.011269767924270488,3,0,2919,7.6328986960882625,,0
2024-07-18,2024-07-18,4,3d1bbd40f9e34418bf7fbd2599e79fe70347d3f8bd36a5a91079efb0cbb16495,v11_65c02832c443c86f72c7,False,False,False,513100,513100,513100,False,False,False,56.33756985342817,55.33815172856447,55.33815172856447,0.0,1,1,2919,7.6328986960882625,,0
2024-07-19,2024-07-19,4,3d1bbd40f9e34418bf7fbd2599e79fe70347d3f8bd36a5a91079efb0cbb16495,v11_65c02832c443c86f72c7,False,False,False,513100,513100,513100,False,False,False,55.33815172856447,54.44978006201895,54.44978006201895,0.0,2,2,2919,7.6328986960882625,,0
2024-07-22,2024-07-22,4,3d1bbd40f9e34418bf7fbd2599e79fe70347d3f8bd36a5a91079efb0cbb16495,v11_65c02832c443c86f72c7,False,False,False,513100,513100,513100,False,False,False,54.44978006201895,54.15365617317045,54.15365617317045,0.0,3,3,2919,7.6328986960882625,,0
2024-07-23,2024-07-23,4,3d1bbd40f9e34418bf7fbd2599e79fe70347d3f8bd36a5a91079efb0cbb16495,v11_65c02832c443c86f72c7,False,False,False,513100,513100,513100,False,False,False,54.15365617317045,54.67187297865534,54.67187297865534,0.0,4,4,2919,7.6328986960882625,,0
2024-07-24,2024-07-24,4,3d1bbd40f9e34418bf7fbd2599e79fe70347d3f8bd36a5a91079efb0cbb16495,v11_65c02832c443c86f72c7,False,False,False,513100,518880,518880,False,False,True,54.67187297865534,53.5984238815795,53.58770419680319,0.0107196847763159,5,0,2919,2.0811119573495787,,0
2024-07-25,2024-07-25,4,3d1bbd40f9e34418bf7fbd2599e79fe70347d3f8bd36a5a91079efb0cbb16495,v11_65c02832c443c86f72c7,False,False,False,518880,513120,513120,True,False,True,53.58770419680319,52.23452886667348,52.22408196090014,0.010446905773334696,1,0,2919,0.6500530222693531,,0
2024-07-26,2024-07-26,4,3d1bbd40f9e34418bf7fbd2599e79fe70347d3f8bd36a5a91079efb0cbb16495,v11_65c02832c443c86f72c7,False,False,False,513120,513120,513120,False,False,False,52.22408196090014,52.65005326563831,52.65005326563831,0.0,1,1,2919,0.6553552492046659,,0
2024-07-29,2024-07-29,4,3d1bbd40f9e34418bf7fbd2599e79fe70347d3f8bd36a5a91079efb0cbb16495,v11_65c02832c443c86f72c7,False,False,False,513120,513120,513120,False,False,False,52.65005326563831,52.564859004690675,52.564859004690675,0.0,2,2,2919,0.6553552492046659,,0
2024-07-30,2024-07-30,4,3d1bbd40f9e34418bf7fbd2599e79fe70347d3f8bd36a5a91079efb0cbb16495,v11_65c02832c443c86f72c7,False,False,False,513120,513120,513120,False,False,False,52.564859004690675,51.79811065616195,51.79811065616195,0.0,3,3,2919,0.6553552492046659,,0
2024-07-31,2024-07-31,4,3d1bbd40f9e34418bf7fbd2599e79fe70347d3f8bd36a5a91079efb0cbb16495,v11_65c02832c443c86f72c7,False,False,False,513120,588080,588080,False,False,True,51.79811065616195,53.58719013606229,53.576472698035076,0.010717438027212459,4,0,2919,0.5265700483091798,,0
2024-08-01,2024-08-01,4,3d1bbd40f9e34418bf7fbd2599e79fe70347d3f8bd36a5a91079efb0cbb16495,v11_65c02832c443c86f72c7,False,False,False,588080,513120,513120,False,False,True,53.576472698035076,53.22538178913576,53.214736712777935,0.010645076357827153,1,0,2919,0.6638388123011664,,0
2024-08-02,2024-08-02,4,3d1bbd40f9e34418bf7fbd2599e79fe70347d3f8bd36a5a91079efb0cbb16495,v11_65c02832c443c86f72c7,False,False,False,513120,513120,513120,False,False,False,53.214736712777935,53.044721579510274,53.044721579510274,0.0,1,1,2919,0.6638388123011664,,0
2024-08-05,2024-08-05,4,3d1bbd40f9e34418bf7fbd2599e79fe70347d3f8bd36a5a91079efb0cbb16495,v11_65c02832c443c86f72c7,False,False,False,513120,513120,513120,False,False,False,53.044721579510274,52.44966861307346,52.44966861307346,0.0,2,2,2919,0.6638388123011664,,0
2024-08-06,2024-08-06,4,3d1bbd40f9e34418bf7fbd2599e79fe70347d3f8bd36a5a91079efb0cbb16495,v11_65c02832c443c86f72c7,False,False,False,513120,513120,513120,False,False,False,52.44966861307346,54.2348275123839,54.2348275123839,0.0,3,3,2919,0.6765641569459171,,0
2024-08-07,2024-08-07,4,3d1bbd40f9e34418bf7fbd2599e79fe70347d3f8bd36a5a91079efb0cbb16495,v11_65c02832c443c86f72c7,False,False,False,513120,513120,513120,False,False,False,54.2348275123839,54.4898502122854,54.4898502122854,0.0,4,4,2919,0.6797454931071049,,0
2024-08-08,2024-08-08,4,3d1bbd40f9e34418bf7fbd2599e79fe70347d3f8bd36a5a91079efb0cbb16495,v11_65c02832c443c86f72c7,False,False,False,513120,513120,513120,False,False,False,54.4898502122854,54.829880478820726,54.829880478820726,0.0,5,5,2919,0.6839872746553551,,0
2024-08-09,2024-08-09,4,3d1bbd40f9e34418bf7fbd2599e79fe70347d3f8bd36a5a91079efb0cbb16495,v11_65c02832c443c86f72c7,False,False,False,513120,513120,513120,False,False,False,54.829880478820726,54.829880478820726,54.829880478820726,0.0,6,6,2919,0.6839872746553551,,0
2024-08-12,2024-08-12,4,3d1bbd40f9e34418bf7fbd2599e79fe70347d3f8bd36a5a91079efb0cbb16495,v11_65c02832c443c86f72c7,False,False,False,513120,513120,513120,False,False,False,54.829880478820726,55.594948578525205,55.594948578525205,0.0,7,7,2919,0.6935312831389183,,0
2024-08-13,2024-08-13,4,3d1bbd40f9e34418bf7fbd2599e79fe70347d3f8bd36a5a91079efb0cbb16495,v11_65c02832c443c86f72c7,False,False,False,513120,513120,513120,False,False,False,55.594948578525205,55.594948578525205,55.594948578525205,0.0,8,8,2919,0.6935312831389183,,0
2024-08-14,2024-08-14,4,3d1bbd40f9e34418bf7fbd2599e79fe70347d3f8bd36a5a91079efb0cbb16495,v11_65c02832c443c86f72c7,False,False,False,513120,513120,513120,False,False,False,55.594948578525205,54.40484264565158,54.40484264565158,0.0,9,9,2919,0.6935312831389183,,0
2024-08-15,2024-08-15,4,3d1bbd40f9e34418bf7fbd2599e79fe70347d3f8bd36a5a91079efb0cbb16495,v11_65c02832c443c86f72c7,False,False,False,513120,513120,513120,False,False,False,54.40484264565158,55.08490317872222,55.08490317872222,0.0,10,10,2919,0.6935312831389183,,0
2024-08-16,2024-08-16,4,3d1bbd40f9e34418bf7fbd2599e79fe70347d3f8bd36a5a91079efb0cbb16495,v11_65c02832c443c86f72c7,False,False,False,513120,513120,513120,False,False,False,55.08490317872222,56.104993978328196,56.104993978328196,0.0,11,11,2919,0.6998939554612936,,0
2024-08-19,2024-08-19,4,3d1bbd40f9e34418bf7fbd2599e79fe70347d3f8bd36a5a91079efb0cbb16495,v11_65c02832c443c86f72c7,False,False,False,513120,513120,513120,False,False,False,56.104993978328196,56.01998641169437,56.01998641169437,0.0,12,12,2919,0.6998939554612936,,0
2024-08-20,2024-08-20,4,3d1bbd40f9e34418bf7fbd2599e79fe70347d3f8bd36a5a91079efb0cbb16495,v11_65c02832c443c86f72c7,False,False,False,513120,513120,513120,False,False,False,56.01998641169437,55.509941011891385,55.509941011891385,0.0,13,13,2919,0.6998939554612936,,0
2024-08-21,2024-08-21,4,3d1bbd40f9e34418bf7fbd2599e79fe70347d3f8bd36a5a91079efb0cbb16495,v11_65c02832c443c86f72c7,False,False,False,513120,513120,513120,False,False,False,55.509941011891385,55.08490317872222,55.08490317872222,0.0,14,14,2919,0.6998939554612936,,0
2024-08-22,2024-08-22,4,3d1bbd40f9e34418bf7fbd2599e79fe70347d3f8bd36a5a91079efb0cbb16495,v11_65c02832c443c86f72c7,False,False,False,513120,513120,513120,False,False,False,55.08490317872222,54.23482751238391,54.23482751238391,0.0,15,15,2919,0.6998939554612936,,0
2024-08-23,2024-08-23,4,3d1bbd40f9e34418bf7fbd2599e79fe70347d3f8bd36a5a91079efb0cbb16495,v11_65c02832c443c86f72c7,False,False,False,513120,518880,518880,True,False,True,54.23482751238391,52.959714012876454,52.94912207007388,0.010591942802575291,16,0,2919,2.0959634424980935,,0
2024-08-26,2024-08-26,4,3d1bbd40f9e34418bf7fbd2599e79fe70347d3f8bd36a5a91079efb0cbb16495,v11_65c02832c443c86f72c7,False,False,False,518880,518880,518880,False,False,False,52.94912207007388,53.27620603634978,53.27620603634978,0.0,1,1,2919,2.108910891089107,,0
2024-08-27,2024-08-27,4,3d1bbd40f9e34418bf7fbd2599e79fe70347d3f8bd36a5a91079efb0cbb16495,v11_65c02832c443c86f72c7,False,False,False,518880,518880,518880,False,False,False,53.27620603634978,53.23772556972907,53.23772556972907,0.0,2,2,2919,2.108910891089107,,0
2024-08-28,2024-08-28,4,3d1bbd40f9e34418bf7fbd2599e79fe70347d3f8bd36a5a91079efb0cbb16495,v11_65c02832c443c86f72c7,False,False,False,518880,518880,518880,False,False,False,53.23772556972907,53.18000486979802,53.18000486979802,0.0,3,3,2919,2.108910891089107,,0
2024-08-29,2024-08-29,4,3d1bbd40f9e34418bf7fbd2599e79fe70347d3f8bd36a5a91079efb0cbb16495,v11_65c02832c443c86f72c7,False,False,False,518880,518880,518880,False,False,False,53.18000486979802,53.24734568638424,53.24734568638424,0.0,4,4,2919,2.108910891089107,,0
2024-08-30,2024-08-30,4,3d1bbd40f9e34418bf7fbd2599e79fe70347d3f8bd36a5a91079efb0cbb16495,v11_65c02832c443c86f72c7,False,False,False,518880,518880,518880,False,False,False,53.24734568638424,53.12228416986699,53.12228416986699,0.0,5,5,2919,2.108910891089107,,0
2024-09-02,2024-09-02,4,3d1bbd40f9e34418bf7fbd2599e79fe70347d3f8bd36a5a91079efb0cbb16495,v11_65c02832c443c86f72c7,False,False,False,518880,513100,513100,False,False,True,53.12228416986699,52.824060553556606,52.8134957414459,0.010564812110711322,6,0,2919,7.166499498495487,,0
2024-09-03,2024-09-03,4,3d1bbd40f9e34418bf7fbd2599e79fe70347d3f8bd36a5a91079efb0cbb16495,v11_65c02832c443c86f72c7,False,False,False,513100,513100,513100,False,False,False,52.8134957414459,52.88741246046822,52.88741246046822,0.0,1,1,2919,7.1765295887663,,0
2024-09-04,2024-09-04,4,3d1bbd40f9e34418bf7fbd2599e79fe70347d3f8bd36a5a91079efb0cbb16495,v11_65c02832c443c86f72c7,False,False,False,513100,518880,518880,True,False,True,52.88741246046822,50.11553549713132,50.10551239003189,0.010023107099426264,2,0,2919,2.080350342726578,,0
2024-09-05,2024-09-05,4,3d1bbd40f9e34418bf7fbd2599e79fe70347d3f8bd36a5a91079efb0cbb16495,v11_65c02832c443c86f72c7,False,False,False,518880,518880,518880,False,False,False,50.10551239003189,50.46321236865375,50.46321236865375,0.0,1,1,2919,2.095201827875093,,0
2024-09-06,2024-09-06,4,3d1bbd40f9e34418bf7fbd2599e79fe70347d3f8bd36a5a91079efb0cbb16495,v11_65c02832c443c86f72c7,False,False,False,518880,518880,518880,False,False,False,50.46321236865375,50.60078928350832,50.60078928350832,0.0,2,2,2919,2.100913937547599,,0
2024-09-09,2024-09-09,4,3d1bbd40f9e34418bf7fbd2599e79fe70347d3f8bd36a5a91079efb0cbb16495,v11_65c02832c443c86f72c7,False,False,False,518880,518880,518880,False,False,False,50.60078928350832,50.23391751056281,50.23391751056281,0.0,3,3,2919,2.100913937547599,,0
2024-09-10,2024-09-10,4,3d1bbd40f9e34418bf7fbd2599e79fe70347d3f8bd36a5a91079efb0cbb16495,v11_65c02832c443c86f72c7,False,False,False,518880,518880,518880,False,False,False,50.23391751056281,50.56410210621376,50.56410210621376,0.0,4,4,2919,2.100913937547599,,0
2024-09-11,2024-09-11,4,3d1bbd40f9e34418bf7fbd2599e79fe70347d3f8bd36a5a91079efb0cbb16495,v11_65c02832c443c86f72c7,False,False,False,518880,518880,518880,False,False,False,50.56410210621376,50.83008414159925,50.83008414159925,0.0,5,5,2919,2.1104341203351082,,0
2024-09-12,2024-09-12,4,3d1bbd40f9e34418bf7fbd2599e79fe70347d3f8bd36a5a91079efb0cbb16495,v11_65c02832c443c86f72c7,False,False,False,518880,518880,518880,False,False,False,50.83008414159925,50.729194404039234,50.729194404039234,0.0,6,6,2919,2.1104341203351082,,0
2024-09-13,2024-09-13,4,3d1bbd40f9e34418bf7fbd2599e79fe70347d3f8bd36a5a91079efb0cbb16495,v11_65c02832c443c86f72c7,False,False,False,518880,518880,518880,False,False,False,50.729194404039234,51.46293794993024,51.46293794993024,0.0,7,7,2919,2.1367098248286345,,0
2024-09-18,2024-09-18,4,3d1bbd40f9e34418bf7fbd2599e79fe70347d3f8bd36a5a91079efb0cbb16495,v11_65c02832c443c86f72c7,False,False,False,518880,518880,518880,False,False,False,51.46293794993024,51.44459436128297,51.44459436128297,0.0,8,8,2919,2.1367098248286345,,0
2024-09-19,2024-09-19,4,3d1bbd40f9e34418bf7fbd2599e79fe70347d3f8bd36a5a91079efb0cbb16495,v11_65c02832c443c86f72c7,False,False,False,518880,518880,518880,False,False,False,51.44459436128297,51.362048212370226,51.362048212370226,0.0,9,9,2919,2.1367098248286345,,0
2024-09-20,2024-09-20,4,3d1bbd40f9e34418bf7fbd2599e79fe70347d3f8bd36a5a91079efb0cbb16495,v11_65c02832c443c86f72c7,False,False,False,518880,513120,513120,False,False,True,51.362048212370226,51.9398712547594,51.92948328050845,0.01038797425095188,10,0,2919,0.7200424178154822,,0
2024-09-23,2024-09-23,4,3d1bbd40f9e34418bf7fbd2599e79fe70347d3f8bd36a5a91079efb0cbb16495,v11_65c02832c443c86f72c7,False,False,False,513120,513120,513120,False,False,False,51.92948328050845,51.85300392368885,51.85300392368885,0.0,1,1,2919,0.7200424178154822,,0
2024-09-24,2024-09-24,4,3d1bbd40f9e34418bf7fbd2599e79fe70347d3f8bd36a5a91079efb0cbb16495,v11_65c02832c443c86f72c7,False,False,False,513120,513120,513120,False,False,False,51.85300392368885,52.311880064606456,52.311880064606456,0.0,2,2,2919,0.7253446447507951,,0
2024-09-25,2024-09-25,4,3d1bbd40f9e34418bf7fbd2599e79fe70347d3f8bd36a5a91079efb0cbb16495,v11_65c02832c443c86f72c7,False,False,False,513120,513120,513120,False,False,False,52.311880064606456,52.541318135065254,52.541318135065254,0.0,3,3,2919,0.7285259809119827,,0
2024-09-26,2024-09-26,4,3d1bbd40f9e34418bf7fbd2599e79fe70347d3f8bd36a5a91079efb0cbb16495,v11_65c02832c443c86f72c7,False,False,False,513120,513120,513120,False,False,False,52.541318135065254,53.994425914637645,53.994425914637645,0.0,4,4,2919,0.7486744432661714,,0
2024-09-27,2024-09-27,4,3d1bbd40f9e34418bf7fbd2599e79fe70347d3f8bd36a5a91079efb0cbb16495,v11_65c02832c443c86f72c7,False,False,False,513120,513120,513120,False,False,False,53.994425914637645,57.89487311243725,57.89487311243725,0.0,5,5,2919,0.8027571580063623,,0
2024-09-30,2024-09-30,4,3d1bbd40f9e34418bf7fbd2599e79fe70347d3f8bd36a5a91079efb0cbb16495,v11_65c02832c443c86f72c7,False,False,False,513120,513120,513120,False,False,False,57.89487311243725,63.55434551708765,63.55434551708765,0.0,6,6,2919,0.881230116648992,,0
2024-10-08,2024-10-08,4,3d1bbd40f9e34418bf7fbd2599e79fe70347d3f8bd36a5a91079efb0cbb16495,v11_65c02832c443c86f72c7,False,False,False,513120,513120,513120,False,False,False,63.55434551708765,65.31337072393845,65.31337072393845,0.0,7,7,2919,0.905620360551431,,0
2024-10-09,2024-10-09,4,3d1bbd40f9e34418bf7fbd2599e79fe70347d3f8bd36a5a91079efb0cbb16495,v11_65c02832c443c86f72c7,False,False,False,513120,512400,512400,True,False,True,65.31337072393845,60.64812995794285,60.636000331951266,0.01212962599158857,8,0,2919,1.0047925832809619,,0
2024-10-10,2024-10-10,4,3d1bbd40f9e34418bf7fbd2599e79fe70347d3f8bd36a5a91079efb0cbb16495,v11_65c02832c443c86f72c7,False,False,False,512400,512400,512400,False,False,False,60.636000331951266,61.63776127038001,61.63776127038001,0.0,1,1,2919,1.0213926551135921,,0
2024-10-11,2024-10-11,4,3d1bbd40f9e34418bf7fbd2599e79fe70347d3f8bd36a5a91079efb0cbb16495,v11_65c02832c443c86f72c7,False,False,False,512400,510500,510500,False,False,True,61.63776127038001,60.282437647799945,60.27038116027039,0.012056487529559989,2,0,2919,1.868170562302778,,0
2024-10-14,2024-10-14,4,3d1bbd40f9e34418bf7fbd2599e79fe70347d3f8bd36a5a91079efb0cbb16495,v11_65c02832c443c86f72c7,False,False,False,510500,510500,510500,False,False,False,60.27038116027039,61.75652986778604,61.75652986778604,0.0,1,1,2919,1.9142359631370975,,0
2024-10-15,2024-10-15,4,3d1bbd40f9e34418bf7fbd2599e79fe70347d3f8bd36a5a91079efb0cbb16495,v11_65c02832c443c86f72c7,False,False,False,510500,510500,510500,False,False,False,61.75652986778604,60.21614215634645,60.21614215634645,0.0,2,2,2919,1.9142359631370975,,0
2024-10-16,2024-10-16,4,3d1bbd40f9e34418bf7fbd2599e79fe70347d3f8bd36a5a91079efb0cbb16495,v11_65c02832c443c86f72c7,False,False,False,510500,510500,510500,False,False,False,60.21614215634645,60.16190315242252,60.16190315242252,0.0,3,3,2919,1.9142359631370975,,0
2024-10-17,2024-10-17,4,3d1bbd40f9e34418bf7fbd2599e79fe70347d3f8bd36a5a91079efb0cbb16495,v11_65c02832c443c86f72c7,False,False,False,510500,510500,510500,False,False,False,60.16190315242252,59.68459991789193,59.68459991789193,0.0,4,4,2919,1.9142359631370975,,0
2024-10-18,2024-10-18,4,3d1bbd40f9e34418bf7fbd2599e79fe70347d3f8bd36a5a91079efb0cbb16495,v11_65c02832c443c86f72c7,False,False,False,510500,510500,510500,False,False,False,59.68459991789193,62.233833102316616,62.233833102316616,0.0,5,5,2919,1.9290306904123535,,0
2024-10-21,2024-10-21,4,3d1bbd40f9e34418bf7fbd2599e79fe70347d3f8bd36a5a91079efb0cbb16495,v11_65c02832c443c86f72c7,False,False,False,510500,588080,588080,False,False,True,62.233833102316616,62.84130994626462,62.82874168427537,0.012568261989252925,6,0,2919,0.7066942719116642,,0
2024-10-22,2024-10-22,4,3d1bbd40f9e34418bf7fbd2599e79fe70347d3f8bd36a5a91079efb0cbb16495,v11_65c02832c443c86f72c7,False,False,False,588080,588080,588080,False,False,False,62.82874168427537,61.96975498156067,61.96975498156067,0.0,1,1,2919,0.7066942719116642,,0
2024-10-23,2024-10-23,4,3d1bbd40f9e34418bf7fbd2599e79fe70347d3f8bd36a5a91079efb0cbb16495,v11_65c02832c443c86f72c7,False,False,False,588080,588080,588080,False,False,False,61.96975498156067,61.601617823254365,61.601617823254365,0.0,2,2,2919,0.7066942719116642,,0
2024-10-24,2024-10-24,4,3d1bbd40f9e34418bf7fbd2599e79fe70347d3f8bd36a5a91079efb0cbb16495,v11_65c02832c443c86f72c7,False,False,False,588080,588080,588080,False,False,False,61.601617823254365,61.41754924410121,61.41754924410121,0.0,3,3,2919,0.7066942719116642,,0
2024-10-25,2024-10-25,4,3d1bbd40f9e34418bf7fbd2599e79fe70347d3f8bd36a5a91079efb0cbb16495,v11_65c02832c443c86f72c7,False,False,False,588080,588080,588080,False,False,False,61.41754924410121,62.460604525969075,62.460604525969075,0.0,4,4,2919,0.7066942719116642,,0
2024-10-28,2024-10-28,4,3d1bbd40f9e34418bf7fbd2599e79fe70347d3f8bd36a5a91079efb0cbb16495,v11_65c02832c443c86f72c7,False,False,False,588080,513100,513100,False,False,True,62.460604525969075,61.908398788509615,61.89601710875191,0.012381679757701923,5,0,2919,7.387161484453362,,0
2024-10-29,2024-10-29,4,3d1bbd40f9e34418bf7fbd2599e79fe70347d3f8bd36a5a91079efb0cbb16495,v11_65c02832c443c86f72c7,False,False,False,513100,513100,513100,False,False,False,61.89601710875191,61.769955974110864,61.769955974110864,0.0,1,1,2919,7.387161484453362,,0
2024-10-30,2024-10-30,4,3d1bbd40f9e34418bf7fbd2599e79fe70347d3f8bd36a5a91079efb0cbb16495,v11_65c02832c443c86f72c7,False,False,False,513100,513100,513100,False,False,False,61.769955974110864,62.35824126910239,62.35824126910239,0.0,2,2,2919,7.44232698094283,,0
2024-10-31,2024-10-31,4,3d1bbd40f9e34418bf7fbd2599e79fe70347d3f8bd36a5a91079efb0cbb16495,v11_65c02832c443c86f72c7,False,False,False,513100,563300,563300,False,False,True,62.35824126910239,61.30773181376037,61.29547026739762,0.012261546362752075,3,0,2919,1.042596348884381,,0
2024-11-01,2024-11-01,4,3d1bbd40f9e34418bf7fbd2599e79fe70347d3f8bd36a5a91079efb0cbb16495,v11_65c02832c443c86f72c7,False,False,False,563300,563300,563300,False,False,False,61.29547026739762,58.49305090692321,58.49305090692321,0.0,1,1,2919,1.042596348884381,,0
2024-11-04,2024-11-04,4,3d1bbd40f9e34418bf7fbd2599e79fe70347d3f8bd36a5a91079efb0cbb16495,v11_65c02832c443c86f72c7,False,False,False,563300,563300,563300,False,False,False,58.49305090692321,60.1029513906,60.1029513906,0.0,2,2,2919,1.042596348884381,,0
2024-11-05,2024-11-05,4,3d1bbd40f9e34418bf7fbd2599e79fe70347d3f8bd36a5a91079efb0cbb16495,v11_65c02832c443c86f72c7,False,False,False,563300,563300,563300,False,False,False,60.1029513906,61.83210376195654,61.83210376195654,0.0,3,3,2919,1.051724137931034,,0
2024-11-06,2024-11-06,4,3d1bbd40f9e34418bf7fbd2599e79fe70347d3f8bd36a5a91079efb0cbb16495,v11_65c02832c443c86f72c7,False,False,False,563300,563300,563300,False,False,False,61.83210376195654,62.607241031875,62.607241031875,0.0,4,4,2919,1.064908722109533,,0
2024-11-07,2024-11-07,4,3d1bbd40f9e34418bf7fbd2599e79fe70347d3f8bd36a5a91079efb0cbb16495,v11_65c02832c443c86f72c7,False,False,False,563300,563300,563300,False,False,False,62.607241031875,64.03826368403215,64.03826368403215,0.0,5,5,2919,1.089249492900608,,0
2024-11-08,2024-11-08,4,3d1bbd40f9e34418bf7fbd2599e79fe70347d3f8bd36a5a91079efb0cbb16495,v11_65c02832c443c86f72c7,False,False,False,563300,563300,563300,False,False,False,64.03826368403215,64.21714151555177,64.21714151555177,0.0,6,6,2919,1.0922920892494923,,0
2024-11-11,2024-11-11,4,3d1bbd40f9e34418bf7fbd2599e79fe70347d3f8bd36a5a91079efb0cbb16495,v11_65c02832c443c86f72c7,False,False,False,563300,563300,563300,False,False,False,64.21714151555177,65.76741605538868,65.76741605538868,0.0,7,7,2919,1.1186612576064903,,0
2024-11-12,2024-11-12,4,3d1bbd40f9e34418bf7fbd2599e79fe70347d3f8bd36a5a91079efb0cbb16495,v11_65c02832c443c86f72c7,False,False,False,563300,563300,563300,False,False,False,65.76741605538868,64.57489717859106,64.57489717859106,0.0,8,8,2919,1.1186612576064903,,0
2024-11-13,2024-11-13,4,3d1bbd40f9e34418bf7fbd2599e79fe70347d3f8bd36a5a91079efb0cbb16495,v11_65c02832c443c86f72c7,False,False,False,563300,563300,563300,False,False,False,64.57489717859106,64.81340095395058,64.81340095395058,0.0,9,9,2919,1.1186612576064903,,0
2024-11-14,2024-11-14,4,3d1bbd40f9e34418bf7fbd2599e79fe70347d3f8bd36a5a91079efb0cbb16495,v11_65c02832c443c86f72c7,False,False,False,563300,563300,563300,False,False,False,64.81340095395058,62.72649291955475,62.72649291955475,0.0,10,10,2919,1.1186612576064903,,0
2024-11-15,2024-11-15,4,3d1bbd40f9e34418bf7fbd2599e79fe70347d3f8bd36a5a91079efb0cbb16495,v11_65c02832c443c86f72c7,False,False,False,563300,563300,563300,False,False,False,62.72649291955475,61.77247781811665,61.77247781811665,0.0,11,11,2919,1.1186612576064903,,0
2024-11-18,2024-11-18,4,3d1bbd40f9e34418bf7fbd2599e79fe70347d3f8bd36a5a91079efb0cbb16495,v11_65c02832c443c86f72c7,False,False,False,563300,563300,563300,False,False,False,61.77247781811665,59.74519572756069,59.74519572756069,0.0,12,12,2919,1.1186612576064903,,0
2024-11-19,2024-11-19,4,3d1bbd40f9e34418bf7fbd2599e79fe70347d3f8bd36a5a91079efb0cbb16495,v11_65c02832c443c86f72c7,False,False,False,563300,563300,563300,False,False,False,59.74519572756069,61.59359998659699,61.59359998659699,0.0,13,13,2919,1.1186612576064903,,0
2024-11-20,2024-11-20,4,3d1bbd40f9e34418bf7fbd2599e79fe70347d3f8bd36a5a91079efb0cbb16495,v11_65c02832c443c86f72c7,False,False,False,563300,563300,563300,False,False,False,61.59359998659699,63.263126414113664,63.263126414113664,0.0,14,14,2919,1.1186612576064903,,0
2024-11-21,2024-11-21,4,3d1bbd40f9e34418bf7fbd2599e79fe70347d3f8bd36a5a91079efb0cbb16495,v11_65c02832c443c86f72c7,False,False,False,563300,563300,563300,False,False,False,63.263126414113664,63.263126414113664,63.263126414113664,0.0,15,15,2919,1.1186612576064903,,0
2024-11-22,2024-11-22,4,3d1bbd40f9e34418bf7fbd2599e79fe70347d3f8bd36a5a91079efb0cbb16495,v11_65c02832c443c86f72c7,False,False,False,563300,563300,563300,False,False,False,63.263126414113664,61.35509621123747,61.35509621123747,0.0,16,16,2919,1.1186612576064903,,0
2024-11-25,2024-11-25,4,3d1bbd40f9e34418bf7fbd2599e79fe70347d3f8bd36a5a91079efb0cbb16495,v11_65c02832c443c86f72c7,False,False,False,563300,513100,513100,False,False,True,61.35509621123747,62.24948536883569,62.23703547176193,0.01244989707376714,17,0,2919,7.7031093279839515,,0
2024-11-26,2024-11-26,4,3d1bbd40f9e34418bf7fbd2599e79fe70347d3f8bd36a5a91079efb0cbb16495,v11_65c02832c443c86f72c7,False,False,False,513100,513100,513100,False,False,False,62.23703547176193,62.23703547176193,62.23703547176193,0.0,1,1,2919,7.7031093279839515,,0
2024-11-27,2024-11-27,4,3d1bbd40f9e34418bf7fbd2599e79fe70347d3f8bd36a5a91079efb0cbb16495,v11_65c02832c443c86f72c7,False,False,False,513100,513100,513100,False,False,False,62.23703547176193,62.39911108496965,62.39911108496965,0.0,2,2,2919,7.723169508525577,,0
2024-11-28,2024-11-28,4,3d1bbd40f9e34418bf7fbd2599e79fe70347d3f8bd36a5a91079efb0cbb16495,v11_65c02832c443c86f72c7,False,False,False,513100,513100,513100,False,False,False,62.39911108496965,62.03444095525229,62.03444095525229,0.0,3,3,2919,7.723169508525577,,0
2024-11-29,2024-11-29,4,3d1bbd40f9e34418bf7fbd2599e79fe70347d3f8bd36a5a91079efb0cbb16495,v11_65c02832c443c86f72c7,False,False,False,513100,513100,513100,False,False,False,62.03444095525229,62.074959858554216,62.074959858554216,0.0,4,4,2919,7.723169508525577,,0
2024-12-02,2024-12-02,4,3d1bbd40f9e34418bf7fbd2599e79fe70347d3f8bd36a5a91079efb0cbb16495,v11_65c02832c443c86f72c7,False,False,False,513100,513100,513100,False,False,False,62.074959858554216,62.39911108496965,62.39911108496965,0.0,5,5,2919,7.723169508525577,,0
2024-12-03,2024-12-03,4,3d1bbd40f9e34418bf7fbd2599e79fe70347d3f8bd36a5a91079efb0cbb16495,v11_65c02832c443c86f72c7,False,False,False,513100,513100,513100,False,False,False,62.39911108496965,63.533640377423644,63.533640377423644,0.0,6,6,2919,7.863590772316952,,0
2024-12-04,2024-12-04,4,3d1bbd40f9e34418bf7fbd2599e79fe70347d3f8bd36a5a91079efb0cbb16495,v11_65c02832c443c86f72c7,False,False,False,513100,513100,513100,False,False,False,63.533640377423644,63.81727270053713,63.81727270053713,0.0,7,7,2919,7.898696088264795,,0
2024-12-05,2024-12-05,4,3d1bbd40f9e34418bf7fbd2599e79fe70347d3f8bd36a5a91079efb0cbb16495,v11_65c02832c443c86f72c7,False,False,False,513100,513100,513100,False,False,False,63.81727270053713,64.38453734676413,64.38453734676413,0.0,8,8,2919,7.968906720160482,,0
2024-12-06,2024-12-06,4,3d1bbd40f9e34418bf7fbd2599e79fe70347d3f8bd36a5a91079efb0cbb16495,v11_65c02832c443c86f72c7,False,False,False,513100,513100,513100,False,False,False,64.38453734676413,64.1819428302545,64.1819428302545,0.0,9,9,2919,7.968906720160482,,0
2024-12-09,2024-12-09,4,3d1bbd40f9e34418bf7fbd2599e79fe70347d3f8bd36a5a91079efb0cbb16495,v11_65c02832c443c86f72c7,False,False,False,513100,513100,513100,False,False,False,64.1819428302545,65.23543431610464,65.23543431610464,0.0,10,10,2919,8.074222668004014,,0
2024-12-10,2024-12-10,4,3d1bbd40f9e34418bf7fbd2599e79fe70347d3f8bd36a5a91079efb0cbb16495,v11_65c02832c443c86f72c7,False,False,False,513100,513100,513100,False,False,False,65.23543431610464,64.70868857317959,64.70868857317959,0.0,11,11,2919,8.074222668004014,,0
2024-12-11,2024-12-11,4,3d1bbd40f9e34418bf7fbd2599e79fe70347d3f8bd36a5a91079efb0cbb16495,v11_65c02832c443c86f72c7,False,False,False,513100,513100,513100,False,False,False,64.70868857317959,64.54661295997187,64.54661295997187,0.0,12,12,2919,8.074222668004014,,0
2024-12-12,2024-12-12,4,3d1bbd40f9e34418bf7fbd2599e79fe70347d3f8bd36a5a91079efb0cbb16495,v11_65c02832c443c86f72c7,False,False,False,513100,513100,513100,False,False,False,64.54661295997187,65.51906663921814,65.51906663921814,0.0,13,13,2919,8.109327983951857,,0
2024-12-13,2024-12-13,4,3d1bbd40f9e34418bf7fbd2599e79fe70347d3f8bd36a5a91079efb0cbb16495,v11_65c02832c443c86f72c7,False,False,False,513100,513100,513100,False,False,False,65.51906663921814,66.00529347884127,66.00529347884127,0.0,14,14,2919,8.169508525576731,,0
2024-12-16,2024-12-16,4,3d1bbd40f9e34418bf7fbd2599e79fe70347d3f8bd36a5a91079efb0cbb16495,v11_65c02832c443c86f72c7,False,False,False,513100,513100,513100,False,False,False,66.00529347884127,66.81567154487983,66.81567154487983,0.0,15,15,2919,8.269809428284855,,0
2024-12-17,2024-12-17,4,3d1bbd40f9e34418bf7fbd2599e79fe70347d3f8bd36a5a91079efb0cbb16495,v11_65c02832c443c86f72c7,False,False,False,513100,513100,513100,False,False,False,66.81567154487983,67.38293619110682,67.38293619110682,0.0,16,16,2919,8.340020060180542,,0
2024-12-18,2024-12-18,4,3d1bbd40f9e34418bf7fbd2599e79fe70347d3f8bd36a5a91079efb0cbb16495,v11_65c02832c443c86f72c7,False,False,False,513100,513100,513100,False,False,False,67.38293619110682,67.82864412742802,67.82864412742802,0.0,17,17,2919,8.39518555667001,,0
2024-12-19,2024-12-19,4,3d1bbd40f9e34418bf7fbd2599e79fe70347d3f8bd36a5a91079efb0cbb16495,v11_65c02832c443c86f72c7,False,False,False,513100,512890,512890,True,False,True,67.82864412742802,66.04581238214318,66.03260321966675,0.013209162476428638,18,0,2919,2.2093718843469645,,0
2024-12-20,2024-12-20,4,3d1bbd40f9e34418bf7fbd2599e79fe70347d3f8bd36a5a91079efb0cbb16495,v11_65c02832c443c86f72c7,False,False,False,512890,512890,512890,False,False,False,66.03260321966675,65.61542973362192,65.61542973362192,0.0,1,1,2919,2.2093718843469645,,0
2024-12-23,2024-12-23,4,3d1bbd40f9e34418bf7fbd2599e79fe70347d3f8bd36a5a91079efb0cbb16495,v11_65c02832c443c86f72c7,False,False,False,512890,513100,513100,False,False,True,65.61542973362192,65.91341079508253,65.90022811292351,0.013182682159016506,2,0,2919,8.284854563691072,,0
2024-12-24,2024-12-24,4,3d1bbd40f9e34418bf7fbd2599e79fe70347d3f8bd36a5a91079efb0cbb16495,v11_65c02832c443c86f72c7,False,False,False,513100,513100,513100,False,False,False,65.90022811292351,65.74066339594307,65.74066339594307,0.0,1,1,2919,8.284854563691072,,0
2024-12-25,2024-12-25,4,3d1bbd40f9e34418bf7fbd2599e79fe70347d3f8bd36a5a91079efb0cbb16495,v11_65c02832c443c86f72c7,False,False,False,513100,513100,513100,False,False,False,65.74066339594307,66.49859580160019,66.49859580160019,0.0,2,2,2919,8.360080240722166,,0
2024-12-26,2024-12-26,4,3d1bbd40f9e34418bf7fbd2599e79fe70347d3f8bd36a5a91079efb0cbb16495,v11_65c02832c443c86f72c7,False,False,False,513100,513100,513100,False,False,False,66.49859580160019,66.77783405631595,66.77783405631595,0.0,3,3,2919,8.395185556670008,,0
2024-12-27,2024-12-27,4,3d1bbd40f9e34418bf7fbd2599e79fe70347d3f8bd36a5a91079efb0cbb16495,v11_65c02832c443c86f72c7,False,False,False,513100,513100,513100,False,False,False,66.77783405631595,66.29913990537463,66.29913990537463,0.0,4,4,2919,8.395185556670008,,0
2024-12-30,2024-12-30,4,3d1bbd40f9e34418bf7fbd2599e79fe70347d3f8bd36a5a91079efb0cbb16495,v11_65c02832c443c86f72c7,False,False,False,513100,513100,513100,False,False,False,66.29913990537463,65.38164278273707,65.38164278273707,0.0,5,5,2919,8.395185556670008,,0
2024-12-31,2024-12-31,4,3d1bbd40f9e34418bf7fbd2599e79fe70347d3f8bd36a5a91079efb0cbb16495,v11_65c02832c443c86f72c7,False,False,False,513100,513100,513100,False,False,False,65.38164278273707,64.98273099028596,64.98273099028596,0.0,6,6,2919,8.395185556670008,,0
2025-01-02,2025-01-02,4,3d1bbd40f9e34418bf7fbd2599e79fe70347d3f8bd36a5a91079efb0cbb16495,v11_65c02832c443c86f72c7,False,False,False,513100,513100,513100,False,False,False,64.98273099028596,65.54120749971752,65.54120749971752,0.0,7,7,2919,8.395185556670008,,0
2025-01-03,2025-01-03,4,3d1bbd40f9e34418bf7fbd2599e79fe70347d3f8bd36a5a91079efb0cbb16495,v11_65c02832c443c86f72c7,False,False,False,513100,513100,513100,False,False,False,65.54120749971752,65.14229570726641,65.14229570726641,0.0,8,8,2919,8.395185556670008,,0
2025-01-06,2025-01-06,4,3d1bbd40f9e34418bf7fbd2599e79fe70347d3f8bd36a5a91079efb0cbb16495,v11_65c02832c443c86f72c7,False,False,False,513100,513100,513100,False,False,False,65.14229570726641,66.57837816009041,66.57837816009041,0.0,9,9,2919,8.395185556670008,,0
2025-01-07,2025-01-07,4,3d1bbd40f9e34418bf7fbd2599e79fe70347d3f8bd36a5a91079efb0cbb16495,v11_65c02832c443c86f72c7,False,False,False,513100,513100,513100,False,False,False,66.57837816009041,66.1794663676393,66.1794663676393,0.0,10,10,2919,8.395185556670008,,0
2025-01-08,2025-01-08,4,3d1bbd40f9e34418bf7fbd2599e79fe70347d3f8bd36a5a91079efb0cbb16495,v11_65c02832c443c86f72c7,False,False,False,513100,513100,513100,False,False,False,66.1794663676393,65.50131632047241,65.50131632047241,0.0,11,11,2919,8.395185556670008,,0
2025-01-09,2025-01-09,4,3d1bbd40f9e34418bf7fbd2599e79fe70347d3f8bd36a5a91079efb0cbb16495,v11_65c02832c443c86f72c7,False,False,False,513100,513100,513100,False,False,False,65.50131632047241,65.26196924500175,65.26196924500175,0.0,12,12,2919,8.395185556670008,,0
2025-01-10,2025-01-10,4,3d1bbd40f9e34418bf7fbd2599e79fe70347d3f8bd36a5a91079efb0cbb16495,v11_65c02832c443c86f72c7,False,False,False,513100,513100,513100,False,False,False,65.26196924500175,65.02262216953109,65.02262216953109,0.0,13,13,2919,8.395185556670008,,0
2025-01-13,2025-01-13,4,3d1bbd40f9e34418bf7fbd2599e79fe70347d3f8bd36a5a91079efb0cbb16495,v11_65c02832c443c86f72c7,False,False,False,513100,518880,518880,True,False,True,65.02262216953109,63.50675735821687,63.49405600674523,0.012701351471643375,14,0,2919,2.330540746382331,,0
2025-01-14,2025-01-14,4,3d1bbd40f9e34418bf7fbd2599e79fe70347d3f8bd36a5a91079efb0cbb16495,v11_65c02832c443c86f72c7,False,False,False,518880,518880,518880,False,False,False,63.49405600674523,62.954564027602956,62.954564027602956,0.0,1,1,2919,2.330540746382331,,0
2025-01-15,2025-01-15,4,3d1bbd40f9e34418bf7fbd2599e79fe70347d3f8bd36a5a91079efb0cbb16495,v11_65c02832c443c86f72c7,False,False,False,518880,518880,518880,False,False,False,62.954564027602956,63.30730878319599,63.30730878319599,0.0,2,2,2919,2.330540746382331,,0
2025-01-16,2025-01-16,4,3d1bbd40f9e34418bf7fbd2599e79fe70347d3f8bd36a5a91079efb0cbb16495,v11_65c02832c443c86f72c7,False,False,False,518880,518880,518880,False,False,False,63.30730878319599,63.51480569825072,63.51480569825072,0.0,3,3,2919,2.3313023610053323,,0
2025-01-17,2025-01-17,4,3d1bbd40f9e34418bf7fbd2599e79fe70347d3f8bd36a5a91079efb0cbb16495,v11_65c02832c443c86f72c7,False,False,False,518880,518880,518880,False,False,False,63.51480569825072,63.69117807604723,63.69117807604723,0.0,4,4,2919,2.3377760853008387,,0
2025-01-20,2025-01-20,4,3d1bbd40f9e34418bf7fbd2599e79fe70347d3f8bd36a5a91079efb0cbb16495,v11_65c02832c443c86f72c7,False,False,False,518880,518880,518880,False,False,False,63.69117807604723,63.56667992701439,63.56667992701439,0.0,5,5,2919,2.3377760853008387,,0
2025-01-21,2025-01-21,4,3d1bbd40f9e34418bf7fbd2599e79fe70347d3f8bd36a5a91079efb0cbb16495,v11_65c02832c443c86f72c7,False,False,False,518880,518880,518880,False,False,False,63.56667992701439,63.56667992701439,63.56667992701439,0.0,6,6,2919,2.3377760853008387,,0
2025-01-22,2025-01-22,4,3d1bbd40f9e34418bf7fbd2599e79fe70347d3f8bd36a5a91079efb0cbb16495,v11_65c02832c443c86f72c7,False,False,False,518880,518880,518880,False,False,False,63.56667992701439,64.12692159766215,64.12692159766215,0.0,7,7,2919,2.3537699923838544,,0
2025-01-23,2025-01-23,4,3d1bbd40f9e34418bf7fbd2599e79fe70347d3f8bd36a5a91079efb0cbb16495,v11_65c02832c443c86f72c7,False,False,False,518880,518880,518880,False,False,False,64.12692159766215,64.18917067217856,64.18917067217856,0.0,8,8,2919,2.356054836252857,,0
2025-01-24,2025-01-24,4,3d1bbd40f9e34418bf7fbd2599e79fe70347d3f8bd36a5a91079efb0cbb16495,v11_65c02832c443c86f72c7,False,False,False,518880,518880,518880,False,False,False,64.18917067217856,64.51079089051338,64.51079089051338,0.0,9,9,2919,2.3678598629093686,,0
2025-01-27,2025-01-27,4,3d1bbd40f9e34418bf7fbd2599e79fe70347d3f8bd36a5a91079efb0cbb16495,v11_65c02832c443c86f72c7,False,False,False,518880,518880,518880,False,False,False,64.51079089051338,64.3447933584696,64.3447933584696,0.0,10,10,2919,2.3678598629093686,,0
2025-02-05,2025-02-05,4,3d1bbd40f9e34418bf7fbd2599e79fe70347d3f8bd36a5a91079efb0cbb16495,v11_65c02832c443c86f72c7,False,False,False,518880,518880,518880,False,False,False,64.3447933584696,66.80363180186808,66.80363180186808,0.0,11,11,2919,2.452018278750953,,0
2025-02-06,2025-02-06,4,3d1bbd40f9e34418bf7fbd2599e79fe70347d3f8bd36a5a91079efb0cbb16495,v11_65c02832c443c86f72c7,False,False,False,518880,518880,518880,False,False,False,66.80363180186808,66.41976250901683,66.41976250901683,0.0,12,12,2919,2.452018278750953,,0
2025-02-07,2025-02-07,4,3d1bbd40f9e34418bf7fbd2599e79fe70347d3f8bd36a5a91079efb0cbb16495,v11_65c02832c443c86f72c7,False,False,False,518880,518880,518880,False,False,False,66.41976250901683,66.6065097325661,66.6065097325661,0.0,13,13,2919,2.452018278750953,,0
2025-02-10,2025-02-10,4,3d1bbd40f9e34418bf7fbd2599e79fe70347d3f8bd36a5a91079efb0cbb16495,v11_65c02832c443c86f72c7,False,False,False,518880,518880,518880,False,False,False,66.6065097325661,67.62324461633425,67.62324461633425,0.0,14,14,2919,2.482102056359483,,0
2025-02-11,2025-02-11,4,3d1bbd40f9e34418bf7fbd2599e79fe70347d3f8bd36a5a91079efb0cbb16495,v11_65c02832c443c86f72c7,False,False,False,518880,518880,518880,False,False,False,67.62324461633425,68.30798443601483,68.30798443601483,0.0,15,15,2919,2.507235338918508,,0
2025-02-12,2025-02-12,4,3d1bbd40f9e34418bf7fbd2599e79fe70347d3f8bd36a5a91079efb0cbb16495,v11_65c02832c443c86f72c7,False,False,False,518880,518880,518880,False,False,False,68.30798443601483,67.83074153138898,67.83074153138898,0.0,16,16,2919,2.507235338918508,,0
2025-02-13,2025-02-13,4,3d1bbd40f9e34418bf7fbd2599e79fe70347d3f8bd36a5a91079efb0cbb16495,v11_65c02832c443c86f72c7,False,False,False,518880,518880,518880,False,False,False,67.83074153138898,68.16273659547655,68.16273659547655,0.0,17,17,2919,2.507235338918508,,0
2025-02-14,2025-02-14,4,3d1bbd40f9e34418bf7fbd2599e79fe70347d3f8bd36a5a91079efb0cbb16495,v11_65c02832c443c86f72c7,False,False,False,518880,513120,513120,False,False,True,68.16273659547655,68.5258561968223,68.51215102558294,0.013705171239364461,18,0,2919,0.8239660657476137,,0
2025-02-17,2025-02-17,4,3d1bbd40f9e34418bf7fbd2599e79fe70347d3f8bd36a5a91079efb0cbb16495,v11_65c02832c443c86f72c7,False,False,False,513120,513120,513120,False,False,False,68.51215102558294,70.54018123612143,70.54018123612143,0.0,1,1,2919,0.8483563096500527,,0
2025-02-18,2025-02-18,4,3d1bbd40f9e34418bf7fbd2599e79fe70347d3f8bd36a5a91079efb0cbb16495,v11_65c02832c443c86f72c7,False,False,False,513120,513120,513120,False,False,False,70.54018123612143,70.62835646266657,70.62835646266657,0.0,2,2,2919,0.8494167550371152,,0
2025-02-19,2025-02-19,4,3d1bbd40f9e34418bf7fbd2599e79fe70347d3f8bd36a5a91079efb0cbb16495,v11_65c02832c443c86f72c7,False,False,False,513120,513120,513120,False,False,False,70.62835646266657,72.3918609935696,72.3918609935696,0.0,3,3,2919,0.8706256627783664,,0
2025-02-20,2025-02-20,4,3d1bbd40f9e34418bf7fbd2599e79fe70347d3f8bd36a5a91079efb0cbb16495,v11_65c02832c443c86f72c7,False,False,False,513120,513120,513120,False,False,False,72.3918609935696,73.18543803247596,73.18543803247596,0.0,4,4,2919,0.8801696712619296,,0
2025-02-21,2025-02-21,4,3d1bbd40f9e34418bf7fbd2599e79fe70347d3f8bd36a5a91079efb0cbb16495,v11_65c02832c443c86f72c7,False,False,False,513120,513120,513120,False,False,False,73.18543803247596,76.27157096155628,76.27157096155628,0.0,5,5,2919,0.9172852598091195,,0
2025-02-24,2025-02-24,4,3d1bbd40f9e34418bf7fbd2599e79fe70347d3f8bd36a5a91079efb0cbb16495,v11_65c02832c443c86f72c7,False,False,False,513120,513120,513120,False,False,False,76.27157096155628,74.86076733683385,74.86076733683385,0.0,6,6,2919,0.9172852598091195,,0
2025-02-25,2025-02-25,4,3d1bbd40f9e34418bf7fbd2599e79fe70347d3f8bd36a5a91079efb0cbb16495,v11_65c02832c443c86f72c7,False,False,False,513120,513120,513120,False,False,False,74.86076733683385,74.94894256337899,74.94894256337899,0.0,7,7,2919,0.9172852598091195,,0
2025-02-26,2025-02-26,4,3d1bbd40f9e34418bf7fbd2599e79fe70347d3f8bd36a5a91079efb0cbb16495,v11_65c02832c443c86f72c7,False,False,False,513120,513120,513120,False,False,False,74.94894256337899,77.94690026591415,77.94690026591415,0.0,8,8,2919,0.9374337221633083,,0
2025-02-27,2025-02-27,4,3d1bbd40f9e34418bf7fbd2599e79fe70347d3f8bd36a5a91079efb0cbb16495,v11_65c02832c443c86f72c7,False,False,False,513120,513120,513120,False,False,False,77.94690026591415,77.77054981282384,77.77054981282384,0.0,9,9,2919,0.9374337221633083,,0
2025-02-28,2025-02-28,4,3d1bbd40f9e34418bf7fbd2599e79fe70347d3f8bd36a5a91079efb0cbb16495,v11_65c02832c443c86f72c7,False,False,False,513120,588080,588080,True,False,True,77.77054981282384,74.24354075101778,74.22869204286758,0.014848708150203557,10,0,2919,0.7619047619047636,,0
2025-03-03,2025-03-03,4,3d1bbd40f9e34418bf7fbd2599e79fe70347d3f8bd36a5a91079efb0cbb16495,v11_65c02832c443c86f72c7,False,False,False,588080,588080,588080,False,False,False,74.22869204286758,73.15291389731877,73.15291389731877,0.0,1,1,2919,0.7619047619047636,,0
2025-03-04,2025-03-04,4,3d1bbd40f9e34418bf7fbd2599e79fe70347d3f8bd36a5a91079efb0cbb16495,v11_65c02832c443c86f72c7,False,False,False,588080,513120,513120,False,False,True,73.15291389731877,74.43040044515797,74.41551436506894,0.014886080089031596,2,0,2919,0.8886532343584302,,0
2025-03-05,2025-03-05,4,3d1bbd40f9e34418bf7fbd2599e79fe70347d3f8bd36a5a91079efb0cbb16495,v11_65c02832c443c86f72c7,False,False,False,513120,513120,513120,False,False,False,74.41551436506894,75.2147263331902,75.2147263331902,0.0,1,1,2919,0.8981972428419933,,0
2025-03-06,2025-03-06,4,3d1bbd40f9e34418bf7fbd2599e79fe70347d3f8bd36a5a91079efb0cbb16495,v11_65c02832c443c86f72c7,False,False,False,513120,513120,513120,False,False,False,75.2147263331902,75.3923289927727,75.3923289927727,0.0,2,2,2919,0.9003181336161185,,0
2025-03-07,2025-03-07,4,3d1bbd40f9e34418bf7fbd2599e79fe70347d3f8bd36a5a91079efb0cbb16495,v11_65c02832c443c86f72c7,False,False,False,513120,513120,513120,False,False,False,75.3923289927727,75.65873298214646,75.65873298214646,0.0,3,3,2919,0.9034994697773062,,0
2025-03-10,2025-03-10,4,3d1bbd40f9e34418bf7fbd2599e79fe70347d3f8bd36a5a91079efb0cbb16495,v11_65c02832c443c86f72c7,False,False,False,513120,513120,513120,False,False,False,75.65873298214646,73.88270638632143,73.88270638632143,0.0,4,4,2919,0.9034994697773062,,0
2025-03-11,2025-03-11,4,3d1bbd40f9e34418bf7fbd2599e79fe70347d3f8bd36a5a91079efb0cbb16495,v11_65c02832c443c86f72c7,False,False,False,513120,513120,513120,False,False,False,73.88270638632143,74.06030904590394,74.06030904590394,0.0,5,5,2919,0.9034994697773062,,0
2025-03-12,2025-03-12,4,3d1bbd40f9e34418bf7fbd2599e79fe70347d3f8bd36a5a91079efb0cbb16495,v11_65c02832c443c86f72c7,False,False,False,513120,513120,513120,False,False,False,74.06030904590394,74.59311702465145,74.59311702465145,0.0,6,6,2919,0.9034994697773062,,0
2025-03-13,2025-03-13,4,3d1bbd40f9e34418bf7fbd2599e79fe70347d3f8bd36a5a91079efb0cbb16495,v11_65c02832c443c86f72c7,False,False,False,513120,513120,513120,False,False,False,74.59311702465145,73.97150771611268,73.97150771611268,0.0,7,7,2919,0.9034994697773062,,0
2025-03-14,2025-03-14,4,3d1bbd40f9e34418bf7fbd2599e79fe70347d3f8bd36a5a91079efb0cbb16495,v11_65c02832c443c86f72c7,False,False,False,513120,513120,513120,False,False,False,73.97150771611268,77.61236223755401,77.61236223755401,0.0,8,8,2919,0.9268292682926828,,0
2025-03-17,2025-03-17,4,3d1bbd40f9e34418bf7fbd2599e79fe70347d3f8bd36a5a91079efb0cbb16495,v11_65c02832c443c86f72c7,False,False,False,513120,513120,513120,False,False,False,77.61236223755401,77.0795542588065,77.0795542588065,0.0,9,9,2919,0.9268292682926828,,0
2025-03-18,2025-03-18,4,3d1bbd40f9e34418bf7fbd2599e79fe70347d3f8bd36a5a91079efb0cbb16495,v11_65c02832c443c86f72c7,False,False,False,513120,513120,513120,False,False,False,77.0795542588065,79.38838883337904,79.38838883337904,0.0,10,10,2919,0.948038176033934,,0
2025-03-19,2025-03-19,4,3d1bbd40f9e34418bf7fbd2599e79fe70347d3f8bd36a5a91079efb0cbb16495,v11_65c02832c443c86f72c7,False,False,False,513120,513120,513120,False,False,False,79.38838883337904,80.3652034610828,80.3652034610828,0.0,11,11,2919,0.9597030752916222,,0
2025-03-20,2025-03-20,4,3d1bbd40f9e34418bf7fbd2599e79fe70347d3f8bd36a5a91079efb0cbb16495,v11_65c02832c443c86f72c7,False,False,False,513120,513120,513120,False,False,False,80.3652034610828,81.43081941857783,81.43081941857783,0.0,12,12,2919,0.9724284199363731,,0
2025-03-21,2025-03-21,4,3d1bbd40f9e34418bf7fbd2599e79fe70347d3f8bd36a5a91079efb0cbb16495,v11_65c02832c443c86f72c7,False,False,False,513120,512400,512400,True,False,True,81.43081941857783,77.612362237554,77.59683976510648,0.0155224724475108,13,0,2919,1.055569273592536,,0
2025-03-24,2025-03-24,4,3d1bbd40f9e34418bf7fbd2599e79fe70347d3f8bd36a5a91079efb0cbb16495,v11_65c02832c443c86f72c7,False,False,False,512400,512400,512400,False,False,False,77.59683976510648,79.10427143491891,79.10427143491891,0.0,1,1,2919,1.0760752446799027,,0
2025-03-25,2025-03-25,4,3d1bbd40f9e34418bf7fbd2599e79fe70347d3f8bd36a5a91079efb0cbb16495,v11_65c02832c443c86f72c7,False,False,False,512400,512400,512400,False,False,False,79.10427143491891,79.24783635585342,79.24783635585342,0.0,2,2,2919,1.0780281943072707,,0
2025-03-26,2025-03-26,4,3d1bbd40f9e34418bf7fbd2599e79fe70347d3f8bd36a5a91079efb0cbb16495,v11_65c02832c443c86f72c7,False,False,False,512400,512400,512400,False,False,False,79.24783635585342,78.7453591325826,78.7453591325826,0.0,3,3,2919,1.0780281943072707,,0
2025-03-27,2025-03-27,4,3d1bbd40f9e34418bf7fbd2599e79fe70347d3f8bd36a5a91079efb0cbb16495,v11_65c02832c443c86f72c7,False,False,False,512400,512400,512400,False,False,False,78.7453591325826,77.95575206744277,77.95575206744277,0.0,4,4,2919,1.0780281943072707,,0
2025-03-28,2025-03-28,4,3d1bbd40f9e34418bf7fbd2599e79fe70347d3f8bd36a5a91079efb0cbb16495,v11_65c02832c443c86f72c7,False,False,False,512400,512400,512400,False,False,False,77.95575206744277,77.95575206744277,77.95575206744277,0.0,5,5,2919,1.0780281943072707,,0
2025-03-31,2025-03-31,4,3d1bbd40f9e34418bf7fbd2599e79fe70347d3f8bd36a5a91079efb0cbb16495,v11_65c02832c443c86f72c7,False,False,False,512400,512400,512400,False,False,False,77.95575206744277,77.30970992323743,77.30970992323743,0.0,6,6,2919,1.0780281943072707,,0
2025-04-01,2025-04-01,4,3d1bbd40f9e34418bf7fbd2599e79fe70347d3f8bd36a5a91079efb0cbb16495,v11_65c02832c443c86f72c7,False,False,False,512400,512400,512400,False,False,False,77.30970992323743,77.52505730463922,77.52505730463922,0.0,7,7,2919,1.0780281943072707,,0
2025-04-02,2025-04-02,4,3d1bbd40f9e34418bf7fbd2599e79fe70347d3f8bd36a5a91079efb0cbb16495,v11_65c02832c443c86f72c7,False,False,False,512400,512400,512400,False,False,False,77.52505730463922,76.73545023949937,76.73545023949937,0.0,8,8,2919,1.0780281943072707,,0
2025-04-03,2025-04-03,4,3d1bbd40f9e34418bf7fbd2599e79fe70347d3f8bd36a5a91079efb0cbb16495,v11_65c02832c443c86f72c7,False,False,False,512400,512890,512890,False,False,True,76.73545023949937,75.58693087202323,75.57181348584882,0.015117386174404647,9,0,2919,2.2432701894317133,,0
2025-04-07,2025-04-07,4,3d1bbd40f9e34418bf7fbd2599e79fe70347d3f8bd36a5a91079efb0cbb16495,v11_65c02832c443c86f72c7,False,False,False,512890,518880,518880,True,False,True,75.57181348584882,71.4741418212828,71.45984699291854,0.014294828364256561,1,0,2919,2.618811881188121,,0
2025-04-08,2025-04-08,4,3d1bbd40f9e34418bf7fbd2599e79fe70347d3f8bd36a5a91079efb0cbb16495,v11_65c02832c443c86f72c7,False,False,False,518880,518880,518880,False,False,False,71.45984699291854,71.95862155386955,71.95862155386955,0.0,1,1,2919,2.6370906321401395,,0
2025-04-09,2025-04-09,4,3d1bbd40f9e34418bf7fbd2599e79fe70347d3f8bd36a5a91079efb0cbb16495,v11_65c02832c443c86f72c7,False,False,False,518880,513100,513100,False,True,True,71.95862155386955,72.86265044559325,72.84807791550413,0.01457253008911865,2,0,3131,6.519558676028086,,0
2025-04-10,2025-04-10,4,3d1bbd40f9e34418bf7fbd2599e79fe70347d3f8bd36a5a91079efb0cbb16495,v11_65c02832c443c86f72c7,False,False,False,513100,513100,513100,False,False,False,72.84807791550413,80.07684872404262,80.07684872404262,0.0,1,1,3131,7.166499498495488,,0
2025-04-11,2025-04-11,4,3d1bbd40f9e34418bf7fbd2599e79fe70347d3f8bd36a5a91079efb0cbb16495,v11_65c02832c443c86f72c7,False,False,False,513100,513100,513100,False,False,False,80.07684872404262,79.1802569958518,79.1802569958518,0.0,2,2,3131,7.166499498495488,,0
2025-04-14,2025-04-14,4,3d1bbd40f9e34418bf7fbd2599e79fe70347d3f8bd36a5a91079efb0cbb16495,v11_65c02832c443c86f72c7,False,False,False,513100,513100,513100,False,False,False,79.1802569958518,80.2449596730784,80.2449596730784,0.0,3,3,3131,7.181544633901706,,0
2025-04-15,2025-04-15,4,3d1bbd40f9e34418bf7fbd2599e79fe70347d3f8bd36a5a91079efb0cbb16495,v11_65c02832c443c86f72c7,False,False,False,513100,513100,513100,False,False,False,80.2449596730784,79.34836794488758,79.34836794488758,0.0,4,4,3131,7.181544633901706,,0
2025-04-16,2025-04-16,4,3d1bbd40f9e34418bf7fbd2599e79fe70347d3f8bd36a5a91079efb0cbb16495,v11_65c02832c443c86f72c7,False,False,False,513100,512890,512890,False,False,True,79.34836794488758,77.83536940356558,77.81980232968486,0.015567073880713116,5,0,3131,2.22532402791626,,0
2025-04-17,2025-04-17,4,3d1bbd40f9e34418bf7fbd2599e79fe70347d3f8bd36a5a91079efb0cbb16495,v11_65c02832c443c86f72c7,False,False,False,512890,512890,512890,False,False,False,77.81980232968486,77.88953333535662,77.88953333535662,0.0,1,1,3131,2.2273180458624213,,0
2025-04-18,2025-04-18,4,3d1bbd40f9e34418bf7fbd2599e79fe70347d3f8bd36a5a91079efb0cbb16495,v11_65c02832c443c86f72c7,False,False,False,512890,512890,512890,False,False,False,77.88953333535662,78.0987263523719,78.0987263523719,0.0,2,2,3131,2.233300099700906,,0
2025-04-21,2025-04-21,4,3d1bbd40f9e34418bf7fbd2599e79fe70347d3f8bd36a5a91079efb0cbb16495,v11_65c02832c443c86f72c7,False,False,False,512890,512890,512890,False,False,False,78.0987263523719,77.68034031834134,77.68034031834134,0.0,3,3,3131,2.233300099700906,,0
2025-04-22,2025-04-22,4,3d1bbd40f9e34418bf7fbd2599e79fe70347d3f8bd36a5a91079efb0cbb16495,v11_65c02832c443c86f72c7,False,False,False,512890,512890,512890,False,False,False,77.68034031834134,78.16845735804365,78.16845735804365,0.0,4,4,3131,2.2352941176470673,,0
2025-04-23,2025-04-23,4,3d1bbd40f9e34418bf7fbd2599e79fe70347d3f8bd36a5a91079efb0cbb16495,v11_65c02832c443c86f72c7,False,False,False,512890,512890,512890,False,False,False,78.16845735804365,77.81980232968486,77.81980232968486,0.0,5,5,3131,2.2352941176470673,,0
2025-04-24,2025-04-24,4,3d1bbd40f9e34418bf7fbd2599e79fe70347d3f8bd36a5a91079efb0cbb16495,v11_65c02832c443c86f72c7,False,False,False,512890,512890,512890,False,False,False,77.81980232968486,78.51711238640246,78.51711238640246,0.0,6,6,3131,2.245264207377875,,0
2025-04-25,2025-04-25,4,3d1bbd40f9e34418bf7fbd2599e79fe70347d3f8bd36a5a91079efb0cbb16495,v11_65c02832c443c86f72c7,False,False,False,512890,512890,512890,False,False,False,78.51711238640246,78.4473813807307,78.4473813807307,0.0,7,7,3131,2.245264207377875,,0
2025-04-28,2025-04-28,4,3d1bbd40f9e34418bf7fbd2599e79fe70347d3f8bd36a5a91079efb0cbb16495,v11_65c02832c443c86f72c7,False,False,False,512890,512890,512890,False,False,False,78.4473813807307,78.7960364090895,78.7960364090895,0.0,8,8,3131,2.253240279162521,,0
2025-04-29,2025-04-29,4,3d1bbd40f9e34418bf7fbd2599e79fe70347d3f8bd36a5a91079efb0cbb16495,v11_65c02832c443c86f72c7,False,False,False,512890,512890,512890,False,False,False,78.7960364090895,78.58684339207423,78.58684339207423,0.0,9,9,3131,2.253240279162521,,0
2025-04-30,2025-04-30,4,3d1bbd40f9e34418bf7fbd2599e79fe70347d3f8bd36a5a91079efb0cbb16495,v11_65c02832c443c86f72c7,False,False,False,512890,513100,513100,False,False,True,78.58684339207423,77.33168528998254,77.31621895292454,0.01546633705799651,10,0,3131,7.251755265797392,,0
2025-05-06,2025-05-06,4,3d1bbd40f9e34418bf7fbd2599e79fe70347d3f8bd36a5a91079efb0cbb16495,v11_65c02832c443c86f72c7,False,False,False,513100,513100,513100,False,False,False,77.31621895292454,77.90437829489008,77.90437829489008,0.0,1,1,3131,7.30692076228686,,0
2025-05-07,2025-05-07,4,3d1bbd40f9e34418bf7fbd2599e79fe70347d3f8bd36a5a91079efb0cbb16495,v11_65c02832c443c86f72c7,False,False,False,513100,513100,513100,False,False,False,77.90437829489008,78.17172345032897,78.17172345032897,0.0,2,2,3131,7.331995987963891,,0
2025-05-08,2025-05-08,4,3d1bbd40f9e34418bf7fbd2599e79fe70347d3f8bd36a5a91079efb0cbb16495,v11_65c02832c443c86f72c7,False,False,False,513100,513100,513100,False,False,False,78.17172345032897,79.40151116534784,79.40151116534784,0.0,3,3,3131,7.4473420260782355,,0
2025-05-09,2025-05-09,4,3d1bbd40f9e34418bf7fbd2599e79fe70347d3f8bd36a5a91079efb0cbb16495,v11_65c02832c443c86f72c7,False,False,False,513100,513100,513100,False,False,False,79.40151116534784,79.45498019643561,79.45498019643561,0.0,4,4,3131,7.452357071213641,,0
2025-05-12,2025-05-12,4,3d1bbd40f9e34418bf7fbd2599e79fe70347d3f8bd36a5a91079efb0cbb16495,v11_65c02832c443c86f72c7,False,False,False,513100,513100,513100,False,False,False,79.45498019643561,81.0590511290689,81.0590511290689,0.0,5,5,3131,7.602808425275828,,0
2025-05-13,2025-05-13,4,3d1bbd40f9e34418bf7fbd2599e79fe70347d3f8bd36a5a91079efb0cbb16495,v11_65c02832c443c86f72c7,False,False,False,513100,513100,513100,False,False,False,81.0590511290689,81.37986531559557,81.37986531559557,0.0,6,6,3131,7.632898696088266,,0
2025-05-14,2025-05-14,4,3d1bbd40f9e34418bf7fbd2599e79fe70347d3f8bd36a5a91079efb0cbb16495,v11_65c02832c443c86f72c7,False,False,False,513100,513100,513100,False,False,False,81.37986531559557,83.73250268345774,83.73250268345774,0.0,7,7,3131,7.85356068204614,,0
2025-05-15,2025-05-15,4,3d1bbd40f9e34418bf7fbd2599e79fe70347d3f8bd36a5a91079efb0cbb16495,v11_65c02832c443c86f72c7,False,False,False,513100,513100,513100,False,False,False,83.73250268345774,83.35821946584329,83.35821946584329,0.0,8,8,3131,7.85356068204614,,0
2025-05-16,2025-05-16,4,3d1bbd40f9e34418bf7fbd2599e79fe70347d3f8bd36a5a91079efb0cbb16495,v11_65c02832c443c86f72c7,False,False,False,513100,513100,513100,False,False,False,83.35821946584329,83.46515752801885,83.46515752801885,0.0,9,9,3131,7.85356068204614,,0
2025-05-19,2025-05-19,4,3d1bbd40f9e34418bf7fbd2599e79fe70347d3f8bd36a5a91079efb0cbb16495,v11_65c02832c443c86f72c7,False,False,False,513100,513100,513100,False,False,False,83.46515752801885,82.71659109278998,82.71659109278998,0.0,10,10,3131,7.85356068204614,,0
2025-05-20,2025-05-20,4,3d1bbd40f9e34418bf7fbd2599e79fe70347d3f8bd36a5a91079efb0cbb16495,v11_65c02832c443c86f72c7,False,False,False,513100,513100,513100,False,False,False,82.71659109278998,83.6255646212822,83.6255646212822,0.0,11,11,3131,7.85356068204614,,0
2025-05-21,2025-05-21,4,3d1bbd40f9e34418bf7fbd2599e79fe70347d3f8bd36a5a91079efb0cbb16495,v11_65c02832c443c86f72c7,False,False,False,513100,513100,513100,False,False,False,83.6255646212822,82.82352915496554,82.82352915496554,0.0,12,12,3131,7.85356068204614,,0
2025-05-22,2025-05-22,4,3d1bbd40f9e34418bf7fbd2599e79fe70347d3f8bd36a5a91079efb0cbb16495,v11_65c02832c443c86f72c7,False,False,False,513100,513100,513100,False,False,False,82.82352915496554,82.28883884408778,82.28883884408778,0.0,13,13,3131,7.85356068204614,,0
2025-05-23,2025-05-23,4,3d1bbd40f9e34418bf7fbd2599e79fe70347d3f8bd36a5a91079efb0cbb16495,v11_65c02832c443c86f72c7,False,False,False,513100,513100,513100,False,False,False,82.28883884408778,82.0214936886489,82.0214936886489,0.0,14,14,3131,7.85356068204614,,0
2025-05-26,2025-05-26,4,3d1bbd40f9e34418bf7fbd2599e79fe70347d3f8bd36a5a91079efb0cbb16495,v11_65c02832c443c86f72c7,False,False,False,513100,513100,513100,False,False,False,82.0214936886489,82.5027149684389,82.5027149684389,0.0,15,15,3131,7.85356068204614,,0
2025-05-27,2025-05-27,4,3d1bbd40f9e34418bf7fbd2599e79fe70347d3f8bd36a5a91079efb0cbb16495,v11_65c02832c443c86f72c7,False,False,False,513100,513100,513100,False,False,False,82.5027149684389,82.87699818605333,82.87699818605333,0.0,16,16,3131,7.85356068204614,,0
2025-05-28,2025-05-28,4,3d1bbd40f9e34418bf7fbd2599e79fe70347d3f8bd36a5a91079efb0cbb16495,v11_65c02832c443c86f72c7,False,False,False,513100,513100,513100,False,False,False,82.87699818605333,83.83944074563331,83.83944074563331,0.0,17,17,3131,7.863590772316954,,0
2025-05-29,2025-05-29,4,3d1bbd40f9e34418bf7fbd2599e79fe70347d3f8bd36a5a91079efb0cbb16495,v11_65c02832c443c86f72c7,False,False,False,513100,513100,513100,False,False,False,83.83944074563331,84.9622903984766,84.9622903984766,0.0,18,18,3131,7.968906720160483,,0
2025-05-30,2025-05-30,4,3d1bbd40f9e34418bf7fbd2599e79fe70347d3f8bd36a5a91079efb0cbb16495,v11_65c02832c443c86f72c7,False,False,False,513100,513120,513120,True,False,True,84.9622903984766,83.19781237257999,83.18117281010548,0.016639562474516,19,0,3131,1.0816542948038177,,0
2025-06-03,2025-06-03,4,3d1bbd40f9e34418bf7fbd2599e79fe70347d3f8bd36a5a91079efb0cbb16495,v11_65c02832c443c86f72c7,False,False,False,513120,513120,513120,False,False,False,83.18117281010548,83.9966745043222,83.9966745043222,0.0,1,1,3131,1.0922587486744433,,0
2025-06-04,2025-06-04,4,3d1bbd40f9e34418bf7fbd2599e79fe70347d3f8bd36a5a91079efb0cbb16495,v11_65c02832c443c86f72c7,False,False,False,513120,513120,513120,False,False,False,83.9966745043222,87.09558094234575,87.09558094234575,0.0,2,2,3131,1.132555673382821,,0
2025-06-05,2025-06-05,4,3d1bbd40f9e34418bf7fbd2599e79fe70347d3f8bd36a5a91079efb0cbb16495,v11_65c02832c443c86f72c7,False,False,False,513120,513120,513120,False,False,False,87.09558094234575,86.11697890928568,86.11697890928568,0.0,3,3,3131,1.132555673382821,,0
2025-06-06,2025-06-06,4,3d1bbd40f9e34418bf7fbd2599e79fe70347d3f8bd36a5a91079efb0cbb16495,v11_65c02832c443c86f72c7,False,False,False,513120,513120,513120,False,False,False,86.11697890928568,88.0741829754058,88.0741829754058,0.0,4,4,3131,1.1452810180275719,,0
2025-06-09,2025-06-09,4,3d1bbd40f9e34418bf7fbd2599e79fe70347d3f8bd36a5a91079efb0cbb16495,v11_65c02832c443c86f72c7,False,False,False,513120,513120,513120,False,False,False,88.0741829754058,92.23324161591107,92.23324161591107,0.0,5,5,3131,1.1993637327677626,,0
2025-06-10,2025-06-10,4,3d1bbd40f9e34418bf7fbd2599e79fe70347d3f8bd36a5a91079efb0cbb16495,v11_65c02832c443c86f72c7,False,False,False,513120,513120,513120,False,False,False,92.23324161591107,95.41369822335626,95.41369822335626,0.0,6,6,3131,1.2407211028632026,,0
2025-06-11,2025-06-11,4,3d1bbd40f9e34418bf7fbd2599e79fe70347d3f8bd36a5a91079efb0cbb16495,v11_65c02832c443c86f72c7,False,False,False,513120,513120,513120,False,False,False,95.41369822335626,95.25059788451293,95.25059788451293,0.0,7,7,3131,1.2407211028632026,,0
2025-06-12,2025-06-12,4,3d1bbd40f9e34418bf7fbd2599e79fe70347d3f8bd36a5a91079efb0cbb16495,v11_65c02832c443c86f72c7,False,False,False,513120,513120,513120,False,False,False,95.25059788451293,99.98050771096992,99.98050771096992,0.0,8,8,3131,1.3001060445387065,,0
2025-06-13,2025-06-13,4,3d1bbd40f9e34418bf7fbd2599e79fe70347d3f8bd36a5a91079efb0cbb16495,v11_65c02832c443c86f72c7,False,False,False,513120,513120,513120,False,False,False,99.98050771096992,97.04470161178973,97.04470161178973,0.0,9,9,3131,1.3001060445387065,,0
2025-06-16,2025-06-16,4,3d1bbd40f9e34418bf7fbd2599e79fe70347d3f8bd36a5a91079efb0cbb16495,v11_65c02832c443c86f72c7,False,False,False,513120,513120,513120,False,False,False,97.04470161178973,96.22919991757301,96.22919991757301,0.0,10,10,3131,1.3001060445387065,,0
2025-06-17,2025-06-17,4,3d1bbd40f9e34418bf7fbd2599e79fe70347d3f8bd36a5a91079efb0cbb16495,v11_65c02832c443c86f72c7,False,False,False,513120,512400,512400,True,False,True,96.22919991757301,91.58084026053771,91.5625240924856,0.018316168052107545,11,0,3131,1.0858399928167437,,0
2025-06-18,2025-06-18,4,3d1bbd40f9e34418bf7fbd2599e79fe70347d3f8bd36a5a91079efb0cbb16495,v11_65c02832c443c86f72c7,False,False,False,512400,512400,512400,False,False,False,91.5625240924856,91.39784329375811,91.39784329375811,0.0,1,1,3131,1.0858399928167437,,0
2025-06-19,2025-06-19,4,3d1bbd40f9e34418bf7fbd2599e79fe70347d3f8bd36a5a91079efb0cbb16495,v11_65c02832c443c86f72c7,False,False,False,512400,513120,513120,False,False,True,91.39784329375811,89.83337570584692,89.81540903070575,0.017966675141169383,2,0,3131,1.160127253446448,,0
2025-06-20,2025-06-20,4,3d1bbd40f9e34418bf7fbd2599e79fe70347d3f8bd36a5a91079efb0cbb16495,v11_65c02832c443c86f72c7,False,False,False,513120,513120,513120,False,False,False,89.81540903070575,90.06170357100932,90.06170357100932,0.0,1,1,3131,1.1633085896076354,,0
2025-06-23,2025-06-23,4,3d1bbd40f9e34418bf7fbd2599e79fe70347d3f8bd36a5a91079efb0cbb16495,v11_65c02832c443c86f72c7,False,False,False,513120,513120,513120,False,False,False,90.06170357100932,93.18143441485468,93.18143441485468,0.0,2,2,3131,1.203605514316013,,0
2025-06-24,2025-06-24,4,3d1bbd40f9e34418bf7fbd2599e79fe70347d3f8bd36a5a91079efb0cbb16495,v11_65c02832c443c86f72c7,False,False,False,513120,513120,513120,False,False,False,93.18143441485468,95.15179073728333,95.15179073728333,0.0,3,3,3131,1.2290562036055146,,0
2025-06-25,2025-06-25,4,3d1bbd40f9e34418bf7fbd2599e79fe70347d3f8bd36a5a91079efb0cbb16495,v11_65c02832c443c86f72c7,False,False,False,513120,513120,513120,False,False,False,95.15179073728333,95.80857617809288,95.80857617809288,0.0,4,4,3131,1.2375397667020152,,0
2025-06-26,2025-06-26,4,3d1bbd40f9e34418bf7fbd2599e79fe70347d3f8bd36a5a91079efb0cbb16495,v11_65c02832c443c86f72c7,False,False,False,513120,513120,513120,False,False,False,95.80857617809288,92.7709435143487,92.7709435143487,0.0,5,5,3131,1.2375397667020152,,0
2025-06-27,2025-06-27,4,3d1bbd40f9e34418bf7fbd2599e79fe70347d3f8bd36a5a91079efb0cbb16495,v11_65c02832c443c86f72c7,False,False,False,513120,513120,513120,False,False,False,92.7709435143487,91.62156899293201,91.62156899293201,0.0,6,6,3131,1.2375397667020152,,0
2025-06-30,2025-06-30,4,3d1bbd40f9e34418bf7fbd2599e79fe70347d3f8bd36a5a91079efb0cbb16495,v11_65c02832c443c86f72c7,False,False,False,513120,513120,513120,False,False,False,91.62156899293201,93.26353259495586,93.26353259495586,0.0,7,7,3131,1.2375397667020152,,0
2025-07-01,2025-07-01,4,3d1bbd40f9e34418bf7fbd2599e79fe70347d3f8bd36a5a91079efb0cbb16495,v11_65c02832c443c86f72c7,False,False,False,513120,513120,513120,False,False,False,93.26353259495586,95.97277253829526,95.97277253829526,0.0,8,8,3131,1.2396606574761404,,0
2025-07-02,2025-07-02,4,3d1bbd40f9e34418bf7fbd2599e79fe70347d3f8bd36a5a91079efb0cbb16495,v11_65c02832c443c86f72c7,False,False,False,513120,513120,513120,False,False,False,95.97277253829526,93.59192531536063,93.59192531536063,0.0,9,9,3131,1.2396606574761404,,0
2025-07-03,2025-07-03,4,3d1bbd40f9e34418bf7fbd2599e79fe70347d3f8bd36a5a91079efb0cbb16495,v11_65c02832c443c86f72c7,False,False,False,513120,513120,513120,False,False,False,93.59192531536063,97.45053978011674,97.45053978011674,0.0,10,10,3131,1.2587486744432668,,0
2025-07-04,2025-07-04,4,3d1bbd40f9e34418bf7fbd2599e79fe70347d3f8bd36a5a91079efb0cbb16495,v11_65c02832c443c86f72c7,False,False,False,513120,513120,513120,False,False,False,97.45053978011674,98.35361976122987,98.35361976122987,0.0,11,11,3131,1.2704135737009548,,0
2025-07-07,2025-07-07,4,3d1bbd40f9e34418bf7fbd2599e79fe70347d3f8bd36a5a91079efb0cbb16495,v11_65c02832c443c86f72c7,False,False,False,513120,513120,513120,False,False,False,98.35361976122987,96.79375433930718,96.79375433930718,0.0,12,12,3131,1.2704135737009548,,0
2025-07-08,2025-07-08,4,3d1bbd40f9e34418bf7fbd2599e79fe70347d3f8bd36a5a91079efb0cbb16495,v11_65c02832c443c86f72c7,False,False,False,513120,513100,513100,False,False,True,96.79375433930718,96.4653616189024,96.44606854657863,0.019293072323780483,13,0,3131,8.204613841524584,,0
2025-07-09,2025-07-09,4,3d1bbd40f9e34418bf7fbd2599e79fe70347d3f8bd36a5a91079efb0cbb16495,v11_65c02832c443c86f72c7,False,False,False,513100,513100,513100,False,False,False,96.44606854657863,96.09235435875499,96.09235435875499,0.0,1,1,3131,8.204613841524584,,0
2025-07-10,2025-07-10,4,3d1bbd40f9e34418bf7fbd2599e79fe70347d3f8bd36a5a91079efb0cbb16495,v11_65c02832c443c86f72c7,False,False,False,513100,513100,513100,False,False,False,96.09235435875499,96.62292564049044,96.62292564049044,0.0,2,2,3131,8.219658976930802,,0
2025-07-11,2025-07-11,4,3d1bbd40f9e34418bf7fbd2599e79fe70347d3f8bd36a5a91079efb0cbb16495,v11_65c02832c443c86f72c7,False,False,False,513100,513100,513100,False,False,False,96.62292564049044,96.26921145266681,96.26921145266681,0.0,3,3,3131,8.219658976930802,,0
2025-07-14,2025-07-14,4,3d1bbd40f9e34418bf7fbd2599e79fe70347d3f8bd36a5a91079efb0cbb16495,v11_65c02832c443c86f72c7,False,False,False,513100,513100,513100,False,False,False,96.26921145266681,95.67968780629408,95.67968780629408,0.0,4,4,3131,8.219658976930802,,0
2025-07-15,2025-07-15,4,3d1bbd40f9e34418bf7fbd2599e79fe70347d3f8bd36a5a91079efb0cbb16495,v11_65c02832c443c86f72c7,False,False,False,513100,513100,513100,False,False,False,95.67968780629408,97.1534969222259,97.1534969222259,0.0,5,5,3131,8.264794383149457,,0
2025-07-16,2025-07-16,4,3d1bbd40f9e34418bf7fbd2599e79fe70347d3f8bd36a5a91079efb0cbb16495,v11_65c02832c443c86f72c7,False,False,False,513100,513100,513100,False,False,False,97.1534969222259,96.56397327585317,96.56397327585317,0.0,6,6,3131,8.264794383149457,,0
2025-07-17,2025-07-17,4,3d1bbd40f9e34418bf7fbd2599e79fe70347d3f8bd36a5a91079efb0cbb16495,v11_65c02832c443c86f72c7,False,False,False,513100,513100,513100,False,False,False,96.56397327585317,97.27140165150044,97.27140165150044,0.0,7,7,3131,8.274824473420269,,0
2025-07-18,2025-07-18,4,3d1bbd40f9e34418bf7fbd2599e79fe70347d3f8bd36a5a91079efb0cbb16495,v11_65c02832c443c86f72c7,False,False,False,513100,513120,513120,False,False,True,97.27140165150044,97.97883002714772,97.9592342611423,0.019595766005429546,8,0,3131,1.4475079533404032,,0
2025-07-21,2025-07-21,4,3d1bbd40f9e34418bf7fbd2599e79fe70347d3f8bd36a5a91079efb0cbb16495,v11_65c02832c443c86f72c7,False,False,False,513120,513120,513120,False,False,False,97.9592342611423,96.95452416615623,96.95452416615623,0.0,1,1,3131,1.4475079533404032,,0
2025-07-22,2025-07-22,4,3d1bbd40f9e34418bf7fbd2599e79fe70347d3f8bd36a5a91079efb0cbb16495,v11_65c02832c443c86f72c7,False,False,False,513120,513120,513120,False,False,False,96.95452416615623,96.81099415258679,96.81099415258679,0.0,2,2,3131,1.4475079533404032,,0
2025-07-23,2025-07-23,4,3d1bbd40f9e34418bf7fbd2599e79fe70347d3f8bd36a5a91079efb0cbb16495,v11_65c02832c443c86f72c7,False,False,False,513120,513120,513120,False,False,False,96.81099415258679,96.73922914580208,96.73922914580208,0.0,3,3,3131,1.4475079533404032,,0
2025-07-24,2025-07-24,4,3d1bbd40f9e34418bf7fbd2599e79fe70347d3f8bd36a5a91079efb0cbb16495,v11_65c02832c443c86f72c7,False,False,False,513120,513120,513120,False,False,False,96.73922914580208,98.31805929506592,98.31805929506592,0.0,4,4,3131,1.4528101802757163,,0
2025-07-25,2025-07-25,4,3d1bbd40f9e34418bf7fbd2599e79fe70347d3f8bd36a5a91079efb0cbb16495,v11_65c02832c443c86f72c7,False,False,False,513120,513120,513120,False,False,False,98.31805929506592,98.38982430185062,98.38982430185062,0.0,5,5,3131,1.4538706256627787,,0
2025-07-28,2025-07-28,4,3d1bbd40f9e34418bf7fbd2599e79fe70347d3f8bd36a5a91079efb0cbb16495,v11_65c02832c443c86f72c7,False,False,False,513120,513120,513120,False,False,False,98.38982430185062,102.3368996750102,102.3368996750102,0.0,6,6,3131,1.5121951219512197,,0
2025-07-29,2025-07-29,4,3d1bbd40f9e34418bf7fbd2599e79fe70347d3f8bd36a5a91079efb0cbb16495,v11_65c02832c443c86f72c7,False,False,False,513120,513120,513120,False,False,False,102.3368996750102,106.85809510244755,106.85809510244755,0.0,7,7,3131,1.5790031813361616,,0
2025-07-30,2025-07-30,4,3d1bbd40f9e34418bf7fbd2599e79fe70347d3f8bd36a5a91079efb0cbb16495,v11_65c02832c443c86f72c7,False,False,False,513120,510300,510300,True,False,True,106.85809510244755,103.48513978356573,103.46444275560901,0.020697027956713146,8,0,3131,2.0050505607243627,,0
2025-07-31,2025-07-31,4,3d1bbd40f9e34418bf7fbd2599e79fe70347d3f8bd36a5a91079efb0cbb16495,v11_65c02832c443c86f72c7,False,False,False,510300,510300,510300,False,False,False,103.46444275560901,101.5819375353392,101.5819375353392,0.0,1,1,3131,2.0050505607243627,,0
2025-08-01,2025-08-01,4,3d1bbd40f9e34418bf7fbd2599e79fe70347d3f8bd36a5a91079efb0cbb16495,v11_65c02832c443c86f72c7,False,False,False,510300,588080,588080,False,False,True,101.5819375353392,101.04407890097637,101.02387008519618,0.020208815780195274,2,0,3131,0.7342995169082153,,0
2025-08-04,2025-08-04,4,3d1bbd40f9e34418bf7fbd2599e79fe70347d3f8bd36a5a91079efb0cbb16495,v11_65c02832c443c86f72c7,False,False,False,588080,588080,588080,False,False,False,101.02387008519618,102.25818428736491,102.25818428736491,0.0,1,1,3131,0.7432712215320937,,0
2025-08-05,2025-08-05,4,3d1bbd40f9e34418bf7fbd2599e79fe70347d3f8bd36a5a91079efb0cbb16495,v11_65c02832c443c86f72c7,False,False,False,588080,588080,588080,False,False,False,102.25818428736491,102.73292051896827,102.73292051896827,0.0,2,2,3131,0.7467218771566624,,0
2025-08-06,2025-08-06,4,3d1bbd40f9e34418bf7fbd2599e79fe70347d3f8bd36a5a91079efb0cbb16495,v11_65c02832c443c86f72c7,False,False,False,588080,588080,588080,False,False,False,102.73292051896827,103.20765675057163,103.20765675057163,0.0,3,3,3131,0.750172532781231,,0
2025-08-07,2025-08-07,4,3d1bbd40f9e34418bf7fbd2599e79fe70347d3f8bd36a5a91079efb0cbb16495,v11_65c02832c443c86f72c7,False,False,False,588080,588080,588080,False,False,False,103.20765675057163,103.01776225793029,103.01776225793029,0.0,4,4,3131,0.750172532781231,,0
2025-08-08,2025-08-08,4,3d1bbd40f9e34418bf7fbd2599e79fe70347d3f8bd36a5a91079efb0cbb16495,v11_65c02832c443c86f72c7,False,False,False,588080,588080,588080,False,False,False,103.01776225793029,101.5935535631202,101.5935535631202,0.0,5,5,3131,0.750172532781231,,0
2025-08-11,2025-08-11,4,3d1bbd40f9e34418bf7fbd2599e79fe70347d3f8bd36a5a91079efb0cbb16495,v11_65c02832c443c86f72c7,False,False,False,588080,588080,588080,False,False,False,101.5935535631202,102.2581842873649,102.2581842873649,0.0,6,6,3131,0.750172532781231,,0
2025-08-12,2025-08-12,4,3d1bbd40f9e34418bf7fbd2599e79fe70347d3f8bd36a5a91079efb0cbb16495,v11_65c02832c443c86f72c7,False,False,False,588080,588080,588080,False,False,False,102.2581842873649,104.25207646009905,104.25207646009905,0.0,7,7,3131,0.7577639751552822,,0
2025-08-13,2025-08-13,4,3d1bbd40f9e34418bf7fbd2599e79fe70347d3f8bd36a5a91079efb0cbb16495,v11_65c02832c443c86f72c7,False,False,False,588080,588080,588080,False,False,False,104.25207646009905,105.1066016769851,105.1066016769851,0.0,8,8,3131,0.7639751552795057,,0
2025-08-14,2025-08-14,4,3d1bbd40f9e34418bf7fbd2599e79fe70347d3f8bd36a5a91079efb0cbb16495,v11_65c02832c443c86f72c7,False,False,False,588080,588080,588080,False,False,False,105.1066016769851,105.67628515490914,105.67628515490914,0.0,9,9,3131,0.7681159420289881,,0
2025-08-15,2025-08-15,4,3d1bbd40f9e34418bf7fbd2599e79fe70347d3f8bd36a5a91079efb0cbb16495,v11_65c02832c443c86f72c7,False,False,False,588080,588080,588080,False,False,False,105.67628515490914,107.38533558868126,107.38533558868126,0.0,10,10,3131,0.7805383022774355,,0
2025-08-18,2025-08-18,4,3d1bbd40f9e34418bf7fbd2599e79fe70347d3f8bd36a5a91079efb0cbb16495,v11_65c02832c443c86f72c7,False,False,False,588080,588080,588080,False,False,False,107.38533558868126,109.94891123933942,109.94891123933942,0.0,11,11,3131,0.7991718426501062,,0
2025-08-19,2025-08-19,4,3d1bbd40f9e34418bf7fbd2599e79fe70347d3f8bd36a5a91079efb0cbb16495,v11_65c02832c443c86f72c7,False,False,False,588080,588080,588080,False,False,False,109.94891123933942,108.52470254452933,108.52470254452933,0.0,12,12,3131,0.7991718426501062,,0
2025-08-20,2025-08-20,4,3d1bbd40f9e34418bf7fbd2599e79fe70347d3f8bd36a5a91079efb0cbb16495,v11_65c02832c443c86f72c7,False,False,False,588080,588080,588080,False,False,False,108.52470254452933,111.94280341207356,111.94280341207356,0.0,13,13,3131,0.8136645962732947,,0
2025-08-21,2025-08-21,4,3d1bbd40f9e34418bf7fbd2599e79fe70347d3f8bd36a5a91079efb0cbb16495,v11_65c02832c443c86f72c7,False,False,False,588080,588080,588080,False,False,False,111.94280341207356,112.03775065839422,112.03775065839422,0.0,14,14,3131,0.8143547273982082,,0
2025-08-22,2025-08-22,4,3d1bbd40f9e34418bf7fbd2599e79fe70347d3f8bd36a5a91079efb0cbb16495,v11_65c02832c443c86f72c7,False,False,False,588080,588080,588080,False,False,False,112.03775065839422,122.95668398527161,122.95668398527161,0.0,15,15,3131,0.8937198067632879,,0
2025-08-25,2025-08-25,4,3d1bbd40f9e34418bf7fbd2599e79fe70347d3f8bd36a5a91079efb0cbb16495,v11_65c02832c443c86f72c7,False,False,False,588080,588080,588080,False,False,False,122.95668398527161,125.80510137489179,125.80510137489179,0.0,16,16,3131,0.9144237405107,,0
2025-08-26,2025-08-26,4,3d1bbd40f9e34418bf7fbd2599e79fe70347d3f8bd36a5a91079efb0cbb16495,v11_65c02832c443c86f72c7,False,False,False,588080,588080,588080,False,False,False,125.80510137489179,123.90615644847833,123.90615644847833,0.0,17,17,3131,0.9144237405107,,0
2025-08-27,2025-08-27,4,3d1bbd40f9e34418bf7fbd2599e79fe70347d3f8bd36a5a91079efb0cbb16495,v11_65c02832c443c86f72c7,False,False,False,588080,588080,588080,False,False,False,123.90615644847833,123.90615644847833,123.90615644847833,0.0,18,18,3131,0.9144237405107,,0
2025-08-28,2025-08-28,4,3d1bbd40f9e34418bf7fbd2599e79fe70347d3f8bd36a5a91079efb0cbb16495,v11_65c02832c443c86f72c7,False,False,False,588080,588080,588080,False,False,False,123.90615644847833,133.2109865879043,133.2109865879043,0.0,19,19,3131,0.9682539682539715,,0
2025-08-29,2025-08-29,4,3d1bbd40f9e34418bf7fbd2599e79fe70347d3f8bd36a5a91079efb0cbb16495,v11_65c02832c443c86f72c7,False,False,False,588080,588080,588080,False,False,False,133.2109865879043,131.1221471688495,131.1221471688495,0.0,20,20,3131,0.9682539682539715,,0
2025-09-01,2025-09-01,4,3d1bbd40f9e34418bf7fbd2599e79fe70347d3f8bd36a5a91079efb0cbb16495,v11_65c02832c443c86f72c7,False,False,False,588080,588080,588080,False,False,False,131.1221471688495,132.73625035630093,132.73625035630093,0.0,21,21,3131,0.9682539682539715,,0
2025-09-02,2025-09-02,4,3d1bbd40f9e34418bf7fbd2599e79fe70347d3f8bd36a5a91079efb0cbb16495,v11_65c02832c443c86f72c7,False,False,False,588080,588080,588080,False,False,False,132.73625035630093,129.41309673507737,129.41309673507737,0.0,22,22,3131,0.9682539682539715,,0
2025-09-03,2025-09-03,4,3d1bbd40f9e34418bf7fbd2599e79fe70347d3f8bd36a5a91079efb0cbb16495,v11_65c02832c443c86f72c7,False,False,False,588080,588080,588080,False,False,False,129.41309673507737,126.75457383809852,126.75457383809852,0.0,23,23,3131,0.9682539682539715,,0
2025-09-04,2025-09-04,4,3d1bbd40f9e34418bf7fbd2599e79fe70347d3f8bd36a5a91079efb0cbb16495,v11_65c02832c443c86f72c7,False,False,False,588080,159915,159915,True,False,True,126.75457383809852,118.87395239348265,118.85017760300396,0.02377479047869653,24,0,3131,3.4516938519447784,,0
2025-09-05,2025-09-05,4,3d1bbd40f9e34418bf7fbd2599e79fe70347d3f8bd36a5a91079efb0cbb16495,v11_65c02832c443c86f72c7,False,False,False,159915,159915,159915,False,False,False,118.85017760300396,127.18826712586102,127.18826712586102,0.0,1,1,3131,3.693851944792958,,0
2025-09-08,2025-09-08,4,3d1bbd40f9e34418bf7fbd2599e79fe70347d3f8bd36a5a91079efb0cbb16495,v11_65c02832c443c86f72c7,False,False,False,159915,159915,159915,False,False,False,127.18826712586102,125.63297581589805,125.63297581589805,0.0,2,2,3131,3.693851944792958,,0
2025-09-09,2025-09-09,4,3d1bbd40f9e34418bf7fbd2599e79fe70347d3f8bd36a5a91079efb0cbb16495,v11_65c02832c443c86f72c7,False,False,False,159915,159915,159915,False,False,False,125.63297581589805,122.91121602346284,122.91121602346284,0.0,3,3,3131,3.693851944792958,,0
2025-09-10,2025-09-10,4,3d1bbd40f9e34418bf7fbd2599e79fe70347d3f8bd36a5a91079efb0cbb16495,v11_65c02832c443c86f72c7,False,False,False,159915,159915,159915,False,False,False,122.91121602346284,124.20729211509864,124.20729211509864,0.0,4,4,3131,3.693851944792958,,0
2025-09-11,2025-09-11,4,3d1bbd40f9e34418bf7fbd2599e79fe70347d3f8bd36a5a91079efb0cbb16495,v11_65c02832c443c86f72c7,False,False,False,159915,159915,159915,False,False,False,124.20729211509864,130.6876725732777,130.6876725732777,0.0,5,5,3131,3.7954830614805357,,0
2025-09-12,2025-09-12,4,3d1bbd40f9e34418bf7fbd2599e79fe70347d3f8bd36a5a91079efb0cbb16495,v11_65c02832c443c86f72c7,False,False,False,159915,159915,159915,False,False,False,130.6876725732777,129.3915964816419,129.3915964816419,0.0,6,6,3131,3.7954830614805357,,0
2025-09-15,2025-09-15,4,3d1bbd40f9e34418bf7fbd2599e79fe70347d3f8bd36a5a91079efb0cbb16495,v11_65c02832c443c86f72c7,False,False,False,159915,159915,159915,False,False,False,129.3915964816419,131.20610300993204,131.20610300993204,0.0,7,7,3131,3.810539523212029,,0
2025-09-16,2025-09-16,4,3d1bbd40f9e34418bf7fbd2599e79fe70347d3f8bd36a5a91079efb0cbb16495,v11_65c02832c443c86f72c7,False,False,False,159915,159915,159915,False,False,False,131.20610300993204,132.15655881046496,132.15655881046496,0.0,8,8,3131,3.838143036386433,,0
2025-09-17,2025-09-17,4,3d1bbd40f9e34418bf7fbd2599e79fe70347d3f8bd36a5a91079efb0cbb16495,v11_65c02832c443c86f72c7,False,False,False,159915,159915,159915,False,False,False,132.15655881046496,134.74871099373658,134.74871099373658,0.0,9,9,3131,3.9134253450438985,,0
2025-09-18,2025-09-18,4,3d1bbd40f9e34418bf7fbd2599e79fe70347d3f8bd36a5a91079efb0cbb16495,v11_65c02832c443c86f72c7,False,False,False,159915,159915,159915,False,False,False,134.74871099373658,132.50217910156783,132.50217910156783,0.0,10,10,3131,3.9134253450438985,,0
2025-09-19,2025-09-19,4,3d1bbd40f9e34418bf7fbd2599e79fe70347d3f8bd36a5a91079efb0cbb16495,v11_65c02832c443c86f72c7,False,False,False,159915,159915,159915,False,False,False,132.50217910156783,132.2861664196285,132.2861664196285,0.0,11,11,3131,3.9134253450438985,,0
2025-09-22,2025-09-22,4,3d1bbd40f9e34418bf7fbd2599e79fe70347d3f8bd36a5a91079efb0cbb16495,v11_65c02832c443c86f72c7,False,False,False,159915,159915,159915,False,False,False,132.2861664196285,133.15021714738572,133.15021714738572,0.0,12,12,3131,3.9134253450438985,,0
2025-09-23,2025-09-23,4,3d1bbd40f9e34418bf7fbd2599e79fe70347d3f8bd36a5a91079efb0cbb16495,v11_65c02832c443c86f72c7,False,False,False,159915,159915,159915,False,False,False,133.15021714738572,133.6254450476522,133.6254450476522,0.0,13,13,3131,3.9134253450438985,,0
2025-09-24,2025-09-24,4,3d1bbd40f9e34418bf7fbd2599e79fe70347d3f8bd36a5a91079efb0cbb16495,v11_65c02832c443c86f72c7,False,False,False,159915,159915,159915,False,False,False,133.6254450476522,136.52001498563882,136.52001498563882,0.0,14,14,3131,3.9648682559598325,,0
2025-09-25,2025-09-25,4,3d1bbd40f9e34418bf7fbd2599e79fe70347d3f8bd36a5a91079efb0cbb16495,v11_65c02832c443c86f72c7,False,False,False,159915,159915,159915,False,False,False,136.52001498563882,138.72334434141968,138.72334434141968,0.0,15,15,3131,4.028858218318677,,0
2025-09-26,2025-09-26,4,3d1bbd40f9e34418bf7fbd2599e79fe70347d3f8bd36a5a91079efb0cbb16495,v11_65c02832c443c86f72c7,False,False,False,159915,159915,159915,False,False,False,138.72334434141968,135.18073635761513,135.18073635761513,0.0,16,16,3131,4.028858218318677,,0
2025-09-29,2025-09-29,4,3d1bbd40f9e34418bf7fbd2599e79fe70347d3f8bd36a5a91079efb0cbb16495,v11_65c02832c443c86f72c7,False,False,False,159915,159915,159915,False,False,False,135.18073635761513,138.8097494141954,138.8097494141954,0.0,17,17,3131,4.03136762860726,,0
2025-09-30,2025-09-30,4,3d1bbd40f9e34418bf7fbd2599e79fe70347d3f8bd36a5a91079efb0cbb16495,v11_65c02832c443c86f72c7,False,False,False,159915,159915,159915,False,False,False,138.8097494141954,138.98255955974685,138.98255955974685,0.0,18,18,3131,4.036386449184424,,0
2025-10-09,2025-10-09,4,3d1bbd40f9e34418bf7fbd2599e79fe70347d3f8bd36a5a91079efb0cbb16495,v11_65c02832c443c86f72c7,False,False,False,159915,159915,159915,False,False,False,138.98255955974685,139.76020521472833,139.76020521472833,0.0,19,19,3131,4.058971141781663,,0
2025-10-10,2025-10-10,4,3d1bbd40f9e34418bf7fbd2599e79fe70347d3f8bd36a5a91079efb0cbb16495,v11_65c02832c443c86f72c7,False,False,False,159915,513100,513100,True,False,True,139.76020521472833,133.7118501204279,133.6851077504038,0.026742370024085582,20,0,3131,9.327983951855584,,0
2025-10-13,2025-10-13,4,3d1bbd40f9e34418bf7fbd2599e79fe70347d3f8bd36a5a91079efb0cbb16495,v11_65c02832c443c86f72c7,False,False,False,513100,513100,513100,False,False,False,133.6851077504038,131.4570226212304,131.4570226212304,0.0,1,1,3131,9.327983951855584,,0
2025-10-14,2025-10-14,4,3d1bbd40f9e34418bf7fbd2599e79fe70347d3f8bd36a5a91079efb0cbb16495,v11_65c02832c443c86f72c7,False,False,False,513100,513100,513100,False,False,False,131.4570226212304,130.09142205818867,130.09142205818867,0.0,2,2,3131,9.327983951855584,,0
2025-10-15,2025-10-15,4,3d1bbd40f9e34418bf7fbd2599e79fe70347d3f8bd36a5a91079efb0cbb16495,v11_65c02832c443c86f72c7,False,False,False,513100,513100,513100,False,False,False,130.09142205818867,131.16952776585322,131.16952776585322,0.0,3,3,3131,9.327983951855584,,0
2025-10-16,2025-10-16,4,3d1bbd40f9e34418bf7fbd2599e79fe70347d3f8bd36a5a91079efb0cbb16495,v11_65c02832c443c86f72c7,False,False,False,513100,513100,513100,False,False,False,131.16952776585322,132.10388604582917,132.10388604582917,0.0,4,4,3131,9.327983951855584,,0
2025-10-17,2025-10-17,4,3d1bbd40f9e34418bf7fbd2599e79fe70347d3f8bd36a5a91079efb0cbb16495,v11_65c02832c443c86f72c7,False,False,False,513100,512400,512400,False,False,True,132.10388604582917,129.87580091665578,129.84982575647246,0.025975160183331156,5,0,3131,1.647634261356716,,0
2025-10-20,2025-10-20,4,3d1bbd40f9e34418bf7fbd2599e79fe70347d3f8bd36a5a91079efb0cbb16495,v11_65c02832c443c86f72c7,False,False,False,512400,512400,512400,False,False,False,129.84982575647246,128.06254509076396,128.06254509076396,0.0,1,1,3131,1.647634261356716,,0
2025-10-21,2025-10-21,4,3d1bbd40f9e34418bf7fbd2599e79fe70347d3f8bd36a5a91079efb0cbb16495,v11_65c02832c443c86f72c7,False,False,False,512400,512400,512400,False,False,False,128.06254509076396,130.08294932156485,130.08294932156485,0.0,2,2,3131,1.650592312095238,,0
2025-10-22,2025-10-22,4,3d1bbd40f9e34418bf7fbd2599e79fe70347d3f8bd36a5a91079efb0cbb16495,v11_65c02832c443c86f72c7,False,False,False,512400,512400,512400,False,False,False,130.08294932156485,128.37337651088717,128.37337651088717,0.0,3,3,3131,1.650592312095238,,0
2025-10-23,2025-10-23,4,3d1bbd40f9e34418bf7fbd2599e79fe70347d3f8bd36a5a91079efb0cbb16495,v11_65c02832c443c86f72c7,False,False,False,512400,512400,512400,False,False,False,128.37337651088717,129.84982575647246,129.84982575647246,0.0,4,4,3131,1.650592312095238,,0
2025-10-24,2025-10-24,4,3d1bbd40f9e34418bf7fbd2599e79fe70347d3f8bd36a5a91079efb0cbb16495,v11_65c02832c443c86f72c7,False,False,False,512400,512400,512400,False,False,False,129.84982575647246,132.10335355236575,132.10335355236575,0.0,5,5,3131,1.6762287518290948,,0
2025-10-27,2025-10-27,4,3d1bbd40f9e34418bf7fbd2599e79fe70347d3f8bd36a5a91079efb0cbb16495,v11_65c02832c443c86f72c7,False,False,False,512400,512400,512400,False,False,False,132.10335355236575,135.2893756086287,135.2893756086287,0.0,6,6,3131,1.7166554452555614,,0
2025-10-28,2025-10-28,4,3d1bbd40f9e34418bf7fbd2599e79fe70347d3f8bd36a5a91079efb0cbb16495,v11_65c02832c443c86f72c7,False,False,False,512400,512400,512400,False,False,False,135.2893756086287,131.01544358193448,131.01544358193448,0.0,7,7,3131,1.7166554452555614,,0
2025-10-29,2025-10-29,4,3d1bbd40f9e34418bf7fbd2599e79fe70347d3f8bd36a5a91079efb0cbb16495,v11_65c02832c443c86f72c7,False,False,False,512400,512400,512400,False,False,False,131.01544358193448,137.07665627433713,137.07665627433713,0.0,8,8,3131,1.739333834250896,,0
2025-10-30,2025-10-30,4,3d1bbd40f9e34418bf7fbd2599e79fe70347d3f8bd36a5a91079efb0cbb16495,v11_65c02832c443c86f72c7,False,False,False,512400,512400,512400,False,False,False,137.07665627433713,138.6308133749532,138.6308133749532,0.0,9,9,3131,1.759054172507709,,0
2025-10-31,2025-10-31,4,3d1bbd40f9e34418bf7fbd2599e79fe70347d3f8bd36a5a91079efb0cbb16495,v11_65c02832c443c86f72c7,False,False,False,512400,512400,512400,False,False,False,138.6308133749532,135.52249917372106,135.52249917372106,0.0,10,10,3131,1.759054172507709,,0
2025-11-03,2025-11-03,4,3d1bbd40f9e34418bf7fbd2599e79fe70347d3f8bd36a5a91079efb0cbb16495,v11_65c02832c443c86f72c7,False,False,False,512400,512400,512400,False,False,False,135.52249917372106,133.579802797951,133.579802797951,0.0,11,11,3131,1.759054172507709,,0
2025-11-04,2025-11-04,4,3d1bbd40f9e34418bf7fbd2599e79fe70347d3f8bd36a5a91079efb0cbb16495,v11_65c02832c443c86f72c7,False,False,False,512400,513100,513100,False,False,True,133.579802797951,129.53899433634922,129.51308653748194,0.025907798867269845,12,0,3131,9.72918756268809,,0
2025-11-05,2025-11-05,4,3d1bbd40f9e34418bf7fbd2599e79fe70347d3f8bd36a5a91079efb0cbb16495,v11_65c02832c443c86f72c7,False,False,False,513100,513100,513100,False,False,False,129.51308653748194,127.64382549467292,127.64382549467292,0.0,1,1,3131,9.72918756268809,,0
2025-11-06,2025-11-06,4,3d1bbd40f9e34418bf7fbd2599e79fe70347d3f8bd36a5a91079efb0cbb16495,v11_65c02832c443c86f72c7,False,False,False,513100,513100,513100,False,False,False,127.64382549467292,130.11392044409914,130.11392044409914,0.0,2,2,3131,9.774322968906747,,0
2025-11-07,2025-11-07,4,3d1bbd40f9e34418bf7fbd2599e79fe70347d3f8bd36a5a91079efb0cbb16495,v11_65c02832c443c86f72c7,False,False,False,513100,513100,513100,False,False,False,130.11392044409914,128.4449373701625,128.4449373701625,0.0,3,3,3131,9.774322968906747,,0
2025-11-10,2025-11-10,4,3d1bbd40f9e34418bf7fbd2599e79fe70347d3f8bd36a5a91079efb0cbb16495,v11_65c02832c443c86f72c7,False,False,False,513100,513100,513100,False,False,False,128.4449373701625,130.24743909001407,130.24743909001407,0.0,4,4,3131,9.78435305917756,,0
2025-11-11,2025-11-11,4,3d1bbd40f9e34418bf7fbd2599e79fe70347d3f8bd36a5a91079efb0cbb16495,v11_65c02832c443c86f72c7,False,False,False,513100,513100,513100,False,False,False,130.24743909001407,130.7815136736738,130.7815136736738,0.0,5,5,3131,9.82447342026081,,0
2025-11-12,2025-11-12,4,3d1bbd40f9e34418bf7fbd2599e79fe70347d3f8bd36a5a91079efb0cbb16495,v11_65c02832c443c86f72c7,False,False,False,513100,513100,513100,False,False,False,130.7815136736738,131.78290351803577,131.78290351803577,0.0,6,6,3131,9.899699097291903,,0
2025-11-13,2025-11-13,4,3d1bbd40f9e34418bf7fbd2599e79fe70347d3f8bd36a5a91079efb0cbb16495,v11_65c02832c443c86f72c7,False,False,False,513100,513100,513100,False,False,False,131.78290351803577,131.84966284099323,131.84966284099323,0.0,7,7,3131,9.90471414242731,,0
2025-11-14,2025-11-14,4,3d1bbd40f9e34418bf7fbd2599e79fe70347d3f8bd36a5a91079efb0cbb16495,v11_65c02832c443c86f72c7,False,False,False,513100,512890,512890,True,False,True,131.84966284099323,128.37817804720504,128.3525024115956,0.02567563560944101,8,0,3131,2.462612163509484,,0
2025-11-17,2025-11-17,4,3d1bbd40f9e34418bf7fbd2599e79fe70347d3f8bd36a5a91079efb0cbb16495,v11_65c02832c443c86f72c7,False,False,False,512890,512890,512890,False,False,False,128.3525024115956,127.2092817423425,127.2092817423425,0.0,1,1,3131,2.462612163509484,,0
2025-11-18,2025-11-18,4,3d1bbd40f9e34418bf7fbd2599e79fe70347d3f8bd36a5a91079efb0cbb16495,v11_65c02832c443c86f72c7,False,False,False,512890,512890,512890,False,False,False,127.2092817423425,126.48177768009056,126.48177768009056,0.0,2,2,3131,2.462612163509484,,0
2025-11-19,2025-11-19,4,3d1bbd40f9e34418bf7fbd2599e79fe70347d3f8bd36a5a91079efb0cbb16495,v11_65c02832c443c86f72c7,False,False,False,512890,512890,512890,False,False,False,126.48177768009056,126.68963598359112,126.68963598359112,0.0,3,3,3131,2.462612163509484,,0
2025-11-20,2025-11-20,4,3d1bbd40f9e34418bf7fbd2599e79fe70347d3f8bd36a5a91079efb0cbb16495,v11_65c02832c443c86f72c7,False,False,False,512890,512890,512890,False,False,False,126.68963598359112,127.62499834934361,127.62499834934361,0.0,4,4,3131,2.462612163509484,,0
2025-11-21,2025-11-21,4,3d1bbd40f9e34418bf7fbd2599e79fe70347d3f8bd36a5a91079efb0cbb16495,v11_65c02832c443c86f72c7,False,False,False,512890,512890,512890,False,False,False,127.62499834934361,125.65034446608831,125.65034446608831,0.0,5,5,3131,2.462612163509484,,0
2025-11-24,2025-11-24,4,3d1bbd40f9e34418bf7fbd2599e79fe70347d3f8bd36a5a91079efb0cbb16495,v11_65c02832c443c86f72c7,False,False,False,512890,512890,512890,False,False,False,125.65034446608831,124.92284040383635,124.92284040383635,0.0,6,6,3131,2.462612163509484,,0
2025-11-25,2025-11-25,4,3d1bbd40f9e34418bf7fbd2599e79fe70347d3f8bd36a5a91079efb0cbb16495,v11_65c02832c443c86f72c7,False,False,False,512890,512890,512890,False,False,False,124.92284040383635,125.6503444660883,125.6503444660883,0.0,7,7,3131,2.462612163509484,,0
2025-11-26,2025-11-26,4,3d1bbd40f9e34418bf7fbd2599e79fe70347d3f8bd36a5a91079efb0cbb16495,v11_65c02832c443c86f72c7,False,False,False,512890,512890,512890,False,False,False,125.6503444660883,125.0267695555866,125.0267695555866,0.0,8,8,3131,2.462612163509484,,0
2025-11-27,2025-11-27,4,3d1bbd40f9e34418bf7fbd2599e79fe70347d3f8bd36a5a91079efb0cbb16495,v11_65c02832c443c86f72c7,False,False,False,512890,513120,513120,False,False,True,125.0267695555866,125.23462785908717,125.20958093351535,0.025046925571817435,9,0,3131,1.445387062566277,,0
2025-11-28,2025-11-28,4,3d1bbd40f9e34418bf7fbd2599e79fe70347d3f8bd36a5a91079efb0cbb16495,v11_65c02832c443c86f72c7,False,False,False,513120,512890,512890,False,False,True,125.20958093351535,124.29094864493489,124.2660904552059,0.024858189728986978,1,0,3131,2.4007976071784762,,0
2025-12-01,2025-12-01,4,3d1bbd40f9e34418bf7fbd2599e79fe70347d3f8bd36a5a91079efb0cbb16495,v11_65c02832c443c86f72c7,False,False,False,512890,512890,512890,False,False,False,124.2660904552059,124.9885677252943,124.9885677252943,0.0,1,1,3131,2.414755732801607,,0
2025-12-02,2025-12-02,4,3d1bbd40f9e34418bf7fbd2599e79fe70347d3f8bd36a5a91079efb0cbb16495,v11_65c02832c443c86f72c7,False,False,False,512890,512400,512400,False,False,True,124.9885677252943,124.67893460954213,124.65399882262022,0.024935786921908426,2,0,3131,1.7067952761271545,,0
2025-12-03,2025-12-03,4,3d1bbd40f9e34418bf7fbd2599e79fe70347d3f8bd36a5a91079efb0cbb16495,v11_65c02832c443c86f72c7,False,False,False,512400,512400,512400,False,False,False,124.65399882262022,125.44613861872004,125.44613861872004,0.0,1,1,3131,1.7176414621684013,,0
2025-12-04,2025-12-04,4,3d1bbd40f9e34418bf7fbd2599e79fe70347d3f8bd36a5a91079efb0cbb16495,v11_65c02832c443c86f72c7,False,False,False,512400,512400,512400,False,False,False,125.44613861872004,125.87821487113814,125.87821487113814,0.0,2,2,3131,1.7235575636454452,,0
2025-12-05,2025-12-05,4,3d1bbd40f9e34418bf7fbd2599e79fe70347d3f8bd36a5a91079efb0cbb16495,v11_65c02832c443c86f72c7,False,False,False,512400,512400,512400,False,False,False,125.87821487113814,129.11878676427386,129.11878676427386,0.0,3,3,3131,1.7679283247232742,,0
2025-12-08,2025-12-08,4,3d1bbd40f9e34418bf7fbd2599e79fe70347d3f8bd36a5a91079efb0cbb16495,v11_65c02832c443c86f72c7,False,False,False,512400,512400,512400,False,False,False,129.11878676427386,130.0549519778464,130.0549519778464,0.0,4,4,3131,1.7807465445902024,,0
2025-12-09,2025-12-09,4,3d1bbd40f9e34418bf7fbd2599e79fe70347d3f8bd36a5a91079efb0cbb16495,v11_65c02832c443c86f72c7,False,False,False,512400,512400,512400,False,False,False,130.0549519778464,125.73418945366545,125.73418945366545,0.0,5,5,3131,1.7807465445902024,,0
2025-12-10,2025-12-10,4,3d1bbd40f9e34418bf7fbd2599e79fe70347d3f8bd36a5a91079efb0cbb16495,v11_65c02832c443c86f72c7,False,False,False,512400,512400,512400,False,False,False,125.73418945366545,127.03041821091973,127.03041821091973,0.0,6,6,3131,1.7807465445902024,,0
2025-12-11,2025-12-11,4,3d1bbd40f9e34418bf7fbd2599e79fe70347d3f8bd36a5a91079efb0cbb16495,v11_65c02832c443c86f72c7,False,False,False,512400,513100,513100,False,False,True,127.03041821091973,126.0942529973472,126.06903414674773,0.02521885059946944,7,0,3131,9.61885656970915,,0
2025-12-12,2025-12-12,4,3d1bbd40f9e34418bf7fbd2599e79fe70347d3f8bd36a5a91079efb0cbb16495,v11_65c02832c443c86f72c7,False,False,False,513100,159915,159915,False,False,True,126.06903414674773,126.26622241705027,126.24096917256686,0.025253244483410056,1,0,3131,3.9824341279799067,,0
2025-12-15,2025-12-15,4,3d1bbd40f9e34418bf7fbd2599e79fe70347d3f8bd36a5a91079efb0cbb16495,v11_65c02832c443c86f72c7,False,False,False,159915,159915,159915,False,False,False,126.24096917256686,124.09320221121885,124.09320221121885,0.0,1,1,3131,3.9824341279799067,,0
2025-12-16,2025-12-16,4,3d1bbd40f9e34418bf7fbd2599e79fe70347d3f8bd36a5a91079efb0cbb16495,v11_65c02832c443c86f72c7,False,False,False,159915,159915,159915,False,False,False,124.09320221121885,121.70679447638771,121.70679447638771,0.0,2,2,3131,3.9824341279799067,,0
2025-12-17,2025-12-17,4,3d1bbd40f9e34418bf7fbd2599e79fe70347d3f8bd36a5a91079efb0cbb16495,v11_65c02832c443c86f72c7,False,False,False,159915,159915,159915,False,False,False,121.70679447638771,125.84323455009502,125.84323455009502,0.0,3,3,3131,3.9824341279799067,,0
2025-12-18,2025-12-18,4,3d1bbd40f9e34418bf7fbd2599e79fe70347d3f8bd36a5a91079efb0cbb16495,v11_65c02832c443c86f72c7,False,False,False,159915,159915,159915,False,False,False,125.84323455009502,122.97954526829766,122.97954526829766,0.0,4,4,3131,3.9824341279799067,,0
2025-12-19,2025-12-19,4,3d1bbd40f9e34418bf7fbd2599e79fe70347d3f8bd36a5a91079efb0cbb16495,v11_65c02832c443c86f72c7,False,False,False,159915,159915,159915,False,False,False,122.97954526829766,123.57614720200544,123.57614720200544,0.0,5,5,3131,3.9824341279799067,,0
2025-12-22,2025-12-22,4,3d1bbd40f9e34418bf7fbd2599e79fe70347d3f8bd36a5a91079efb0cbb16495,v11_65c02832c443c86f72c7,False,False,False,159915,159915,159915,False,False,False,123.57614720200544,126.28074263481403,126.28074263481403,0.0,6,6,3131,3.9836888331241975,,0
2025-12-23,2025-12-23,4,3d1bbd40f9e34418bf7fbd2599e79fe70347d3f8bd36a5a91079efb0cbb16495,v11_65c02832c443c86f72c7,False,False,False,159915,512400,512400,False,False,True,126.28074263481403,126.67847725728589,126.65314156183443,0.02533569545145718,7,0,3131,1.8330054409707564,,0
2025-12-24,2025-12-24,4,3d1bbd40f9e34418bf7fbd2599e79fe70347d3f8bd36a5a91079efb0cbb16495,v11_65c02832c443c86f72c7,False,False,False,512400,512400,512400,False,False,False,126.65314156183443,127.33443871924077,127.33443871924077,0.0,1,1,3131,1.842865610099163,,0
2025-12-25,2025-12-25,4,3d1bbd40f9e34418bf7fbd2599e79fe70347d3f8bd36a5a91079efb0cbb16495,v11_65c02832c443c86f72c7,False,False,False,512400,512400,512400,False,False,False,127.33443871924077,125.83558497294686,125.83558497294686,0.0,2,2,3131,1.842865610099163,,0
2025-12-26,2025-12-26,4,3d1bbd40f9e34418bf7fbd2599e79fe70347d3f8bd36a5a91079efb0cbb16495,v11_65c02832c443c86f72c7,False,False,False,512400,512400,512400,False,False,False,125.83558497294686,130.80905422201297,130.80905422201297,0.0,3,3,3131,1.8931524726540359,,0
2025-12-29,2025-12-29,4,3d1bbd40f9e34418bf7fbd2599e79fe70347d3f8bd36a5a91079efb0cbb16495,v11_65c02832c443c86f72c7,False,False,False,512400,512400,512400,False,False,False,130.80905422201297,127.94760616090645,127.94760616090645,0.0,4,4,3131,1.8931524726540359,,0
2025-12-30,2025-12-30,4,3d1bbd40f9e34418bf7fbd2599e79fe70347d3f8bd36a5a91079efb0cbb16495,v11_65c02832c443c86f72c7,False,False,False,512400,512400,512400,False,False,False,127.94760616090645,130.05962734886603,130.05962734886603,0.0,5,5,3131,1.8931524726540359,,0
2025-12-31,2025-12-31,4,3d1bbd40f9e34418bf7fbd2599e79fe70347d3f8bd36a5a91079efb0cbb16495,v11_65c02832c443c86f72c7,False,False,False,512400,512400,512400,False,False,False,130.05962734886603,131.2859622321974,131.2859622321974,0.0,6,6,3131,1.9000545910439204,,0
